t,mean_abs_delta_real,mean_abs_delta_planning,mean_action,price,v_true,total_demand,mean_k,xs_k_std,mean_belief,mean_correctness,mean_salience,regime_post,xs_action_std,xs_action_mean_abs,xs_belief_std,xs_sigma_mean,xs_rho_mean,xs_rho_max,mean_myopic_term,mean_hedging_term,ret,mispricing_true,mispricing_belief,vol_proxy
0.0,0.0,0.0,0.010881559303775414,0.5576348876370035,0.13239489431691154,2.176311860755083,1.0,0.0,0.0,-0.57,0.0,False,0.010309233042907477,0.012313046927126875,0.5154820377221591,0.39548192771084345,3.954819277108434e-05,3.954819277108435e-05,0.002176656123944092,0.0,0.0,0.425239993320092,0.5576348876370035,0.0
1.0,0.0,0.0,-0.04211538419205706,0.5692734357432266,0.16276579115270703,-8.423076838411413,1.0,0.0,0.1088371103380039,0.14,0.0,False,0.008965100512591213,0.04211538419205706,0.4482662189574264,0.24970892072370304,2.4970892072370302e-05,2.4970892072370302e-05,-0.00842391814437385,0.0,0.011638548106223112,0.4065076445905196,0.4604363254052227,0.011638548106223112
2.0,0.0,0.0,-0.043050383864370524,0.3602438635268793,0.19260232786710793,-8.610076772874105,1.0,0.0,0.13642846278077062,0.27,0.0,False,0.0075325445432239966,0.043050383864370524,0.3766342160717728,0.1855657283607953,1.8556572836079535e-05,1.8556572836079532e-05,-0.008610715855081968,0.0,-0.20902957221634733,0.16764153565977138,0.2238154007461087,0.20902957221634733
3.0,0.0,0.0,-0.01455280607380772,0.11286625016972804,0.21507905946562056,-2.910561214761544,1.0,0.0,0.13872965372033141,0.18,0.0,False,0.006944634171751201,0.014689871157803633,0.3472369286790111,0.15033452654348473,1.5033452654348474e-05,1.503345265434847e-05,-0.002910736235267259,0.0,-0.24737761335715128,-0.10221280929589252,-0.025863403550603375,0.24737761335715128
4.0,0.0,0.0,0.01432070823475392,0.4174803009421968,0.16792091102223344,2.864141646950784,1.0,0.0,0.21470486384274728,0.11,0.0,False,0.006214549041143076,0.014387582844444675,0.31073144833513905,0.12861039341098898,1.28610393410989e-05,1.2861039341098898e-05,0.0028642889884094164,0.0,0.3046140507724687,0.24955938991996335,0.2027754370994495,0.3046140507724687
5.0,0.0,0.0,-0.016725110113546764,0.8579158350291245,0.2595948540927903,-3.345022022709353,1.0,0.0,0.2560825414768671,0.01,0.0,False,0.006054482615163669,0.016740928238852423,0.3027275893053046,0.11424748706068398,1.1424748706068395e-05,1.1424748706068397e-05,-0.0033451748851070395,0.0,0.4404355340869277,0.5983209809363341,0.6018332935522575,0.4404355340869277
6.0,0.0,0.0,-0.057240183161755456,0.6881412389225691,0.2748027024694232,-11.44803663235109,1.0,0.0,0.2502196457977228,0.06,0.0,False,0.005968365675234996,0.057240183161755456,0.2984213965286112,0.10430885206491432,1.0430885206491433e-05,1.0430885206491434e-05,-0.011448514279992607,0.0,-0.16977459610655543,0.4133385364531459,0.43792159312484624,0.16977459610655543
7.0,0.0,0.0,-0.03928263734150117,0.943850928747028,0.38447242626645983,-7.856527468300234,1.0,0.0,0.2854841501225822,0.22,0.0,False,0.005432125633905166,0.03928263734150117,0.2716089220613124,0.09721299660661761,9.721299660661762e-06,9.721299660661762e-06,-0.007856832967961625,0.0,0.25570968982445896,0.5593785024805682,0.6583667786244458,0.25570968982445896
8.0,0.0,0.0,-0.059027734649764005,0.46109619150629916,0.41164864278147206,-11.8055469299528,1.0,0.0,0.2952957715931046,0.2,0.0,False,0.005079058557354911,0.059027734649764005,0.25395526506816807,0.09203282049648383,9.20328204964838e-06,9.203282049648383e-06,-0.011805981525065684,0.0,-0.48275473724072887,0.049447548724827095,0.16580041991319455,0.48275473724072887
9.0,0.0,0.0,-0.007435283417322046,0.7878752550347616,0.525020726298031,-1.4870566834644092,1.0,0.0,0.35354641980485146,0.15,0.0,False,0.005041301428575295,0.00781411903780536,0.25206729437584446,0.08818941343401722,8.818941343401728e-06,8.818941343401726e-06,-0.0014871091400644597,0.0,0.3267790635284625,0.26285452873673065,0.43432883522991017,0.3267790635284625
10.0,0.0,0.0,-0.03627044731242216,0.8311213583247895,0.6495325579141674,-7.2540894624844325,1.0,0.0,0.38674007876666233,0.13,0.0,False,0.00493908647945304,0.036270447312422155,0.2469564305775915,0.08530342395407306,8.530342395407304e-06,8.530342395407304e-06,-0.00725433697984055,0.0,0.04324610329002787,0.1815888004106221,0.4443812795581272,0.04324610329002787
11.0,0.0,0.0,-0.03705022425100317,0.3485618250306976,0.5961247261748643,-7.4100448502006335,1.0,0.0,0.4251553119438197,0.29,0.0,False,0.004435595780388033,0.03705022425100317,0.2217816323817392,0.08311678650488098,8.311678650488098e-06,8.311678650488098e-06,-0.0074102912077993075,0.0,-0.4825595332940919,-0.24756290114416674,-0.07659348691312212,0.4825595332940919
12.0,0.0,0.0,0.013767990898768057,0.08496334599970351,0.4732162610028055,2.7535981797536113,1.0,0.0,0.4606037183368628,0.01,0.0,False,0.004324309674077307,0.013767990898768057,0.2162172447513091,0.08144872021105272,8.144872021105273e-06,8.144872021105272e-06,0.0027536878898420207,0.0,-0.2635984790309941,-0.388252915003102,-0.3756403723371593,0.2635984790309941
13.0,0.0,0.0,0.045835034704264144,-1.0103520230094676,0.5985193394265947,9.16700694085283,1.0,0.0,0.4862473409445711,0.24,0.0,False,0.004024442929950249,0.045835034704264144,0.201223759687977,0.0801696280765907,8.016962807659075e-06,8.016962807659074e-06,0.009167300904710936,0.0,-1.095315369009171,-1.6088713624360622,-1.4965993639540387,1.095315369009171
14.0,0.0,0.0,0.15652748223555962,-1.1867145388192981,0.620373218234028,31.305496447111924,1.0,0.0,0.5433320659307703,-0.03,0.0,False,0.004136634831938003,0.1565274822355596,0.20683337939198518,0.07918490036140627,7.918490036140629e-06,7.918490036140629e-06,0.031306488008307015,0.0,-0.17636251580983053,-1.8070877570533261,-1.7300466047500684,0.17636251580983053
15.0,0.0,0.0,0.18081215054259,-0.6440243962881012,0.7699854640651138,36.162430108518,1.0,0.0,0.5549847724115511,0.31,0.0,False,0.004143518558075611,0.18081215054258998,0.20717755267004817,0.07842447161267904,7.842447161267904e-06,7.842447161267904e-06,0.03616356450741095,0.0,0.542690142531197,-1.414009860353215,-1.1990091686996522,0.542690142531197
16.0,0.0,0.0,0.13180080156035384,0.4307967574523601,0.8760237601820388,26.360160312070768,1.0,0.0,0.6214778670934397,0.27,0.0,False,0.004023591533129266,0.13180080156035384,0.20118114255507472,0.07783586373121831,7.78358637312183e-06,7.783586373121831e-06,0.026360981012021174,0.0,1.0748211537404613,-0.44522700272967863,-0.19068110964107954,1.0748211537404613
17.0,0.0,0.0,0.028558639823195852,1.4789778629138768,0.8219110141422283,5.71172796463917,1.0,0.0,0.6740349134615871,0.13,0.0,False,0.0041677663831344285,0.028558639823195852,0.20838993165345518,0.07737942031791788,7.73794203179179e-06,7.737942031791787e-06,0.005711904751350768,0.0,1.0481811054615167,0.6570668487716484,0.8049429494522897,1.0481811054615167
18.0,0.0,0.0,-0.07505210152360463,1.7842396684024404,0.8575487605506427,-15.010420304720926,1.0,0.0,0.7163942049392914,0.14,0.0,False,0.003986998267898316,0.07505210152360464,0.19935144888690337,0.07702496386752834,7.702496386752833e-06,7.702496386752835e-06,-0.015010882771991411,0.0,0.30526180548856363,0.9266909078517978,1.067845463463149,0.30526180548856363
19.0,0.0,0.0,-0.10451177126714241,2.8389209185358206,0.8701777391535135,-20.90235425342848,1.0,0.0,0.7284279432507905,0.03,0.0,False,0.004049183907872495,0.10451177126714241,0.20246074925587745,0.07674940373398333,7.674940373398337e-06,7.674940373398335e-06,-0.02090299594579377,0.0,1.0546812501333802,1.9687431793823071,2.1104929752850303,1.0546812501333802
20.0,0.0,0.0,-0.20831432254523116,3.1635431617728864,0.7477949332209338,-41.66286450904623,1.0,0.0,0.7390818496503762,-0.08,0.0,False,0.00414283135074834,0.20831432254523116,0.20714315289531454,0.07653499567330325,7.653499567330326e-06,7.653499567330328e-06,-0.0416641399661465,0.0,0.3246222432370658,2.4157482285519527,2.42446131212251,0.3246222432370658
21.0,0.0,0.0,-0.2376519396604481,2.80869146903403,0.8630816748765586,-47.53038793208962,1.0,0.0,0.7556979764046353,0.02,0.0,False,0.0043558517658952075,0.2376519396604481,0.2177942515344595,0.07636805789007794,7.636805789007794e-06,7.636805789007795e-06,-0.04753183984236851,0.0,-0.35485169273885653,1.9456097941574713,2.0529934926293945,0.35485169273885653
22.0,0.0,0.0,-0.198545016055114,3.0489600198735873,0.8354134343805613,-39.7090032110228,1.0,0.0,0.7869330200829772,0.07,0.0,False,0.0042751137278420615,0.19854501605511396,0.21375731602298453,0.07623801307922962,7.623801307922961e-06,7.623801307922962e-06,-0.039710214135993425,0.0,0.24026855083955745,2.213546585493026,2.26202699979061,0.24026855083955745
23.0,0.0,0.0,-0.22019031111493598,3.76353022450116,0.833727307162226,-44.03806222298719,1.0,0.0,0.8231656250952355,0.02,0.0,False,0.004027366955682227,0.22019031111493598,0.2013698809355971,0.07613666709092755,7.613666709092755e-06,7.613666709092754e-06,-0.044039403377289184,0.0,0.7145702046275728,2.929802917338934,2.9403645994059247,0.7145702046275728
24.0,0.0,0.0,-0.28942929809901313,3.547397342697639,0.8202078090742071,-57.88585961980262,1.0,0.0,0.8469730859421593,0.0,0.0,False,0.00393297212452941,0.28942929809901313,0.19665010188978763,0.07605766172517958,7.605766172517959e-06,7.605766172517959e-06,-0.05788762067166028,0.0,-0.2161328818035213,2.7271895336234317,2.7004242567554795,0.2161328818035213
25.0,0.0,0.0,-0.26581945898243753,3.255772947668341,0.8318971430361418,-53.163891796487505,1.0,0.0,0.8691271769327911,0.01,0.0,False,0.003945424257061846,0.26581945898243753,0.19727271203652882,0.07599605714348504,7.599605714348504e-06,7.599605714348505e-06,-0.053165507882669424,0.0,-0.2916243950292978,2.4238758046321993,2.3866457707355497,0.2916243950292978
26.0,0.0,0.0,-0.23451628270380556,3.8104055989062005,0.8443723585310932,-46.90325654076111,1.0,0.0,0.8891017467192924,-0.13,0.0,False,0.004011467137319369,0.23451628270380556,0.20057488018073344,0.07594801167850262,7.594801167850264e-06,7.594801167850261e-06,-0.04690468141356966,0.0,0.5546326512378594,2.9660332403751073,2.921303852186908,0.5546326512378594
27.0,0.0,0.0,-0.2887010865206228,3.767063650318232,1.0530793690970117,-57.74021730412456,1.0,0.0,0.9105210654033989,0.01,0.0,False,0.004002236679831151,0.2887010865206228,0.20011335305120342,0.07591053539720918,7.591053539720918e-06,7.59105353972092e-06,-0.05774197052713953,0.0,-0.04334194858796847,2.7139842812212205,2.856542584914833,0.04334194858796847
28.0,0.0,0.0,-0.2846718914935947,3.6185333792629892,1.0463084680904235,-56.93437829871893,1.0,0.0,0.923285156429736,0.16,0.0,False,0.003890172390437781,0.2846718914935946,0.19451009547857745,0.07588129986214319,7.588129986214318e-06,7.588129986214319e-06,-0.05693610638745879,0.0,-0.14853027105524275,2.5722249111725657,2.6952482228332535,0.14853027105524275
29.0,0.0,0.0,-0.26474249880256717,3.55361978517264,1.180041746322835,-52.948499760513435,1.0,0.0,0.9202367290164841,0.34,0.0,False,0.0036287497433752443,0.2647424988025671,0.18143886352615973,0.07585849092897277,7.585849092897274e-06,7.5858490928972765e-06,-0.05295010638564132,0.0,-0.06491359409034914,2.3735780388498053,2.633383056156156,0.06491359409034914
30.0,0.0,0.0,-0.2562565842662923,3.9006840127135667,1.1021962206616267,-51.25131685325846,1.0,0.0,0.9710079764050985,0.16,0.0,False,0.0035040841802545506,0.2562565842662923,0.1752055377736189,0.0758406946332553,7.58406946332553e-06,7.5840694633255315e-06,-0.051252871615655435,0.0,0.3470642275409266,2.79848779205194,2.929676036308468,0.3470642275409266
31.0,0.0,0.0,-0.2875309765798731,4.231899482285563,1.216239050226792,-57.50619531597462,1.0,0.0,0.9909567691229418,0.18,0.0,False,0.0035046758104323172,0.2875309765798731,0.17523511926352528,0.07582680859941437,7.582680859941435e-06,7.582680859941435e-06,-0.05750793950725517,0.0,0.3312154695719962,3.015660432058771,3.240942713162621,0.3312154695719962
32.0,0.0,0.0,-0.3169457334906116,5.2528002870168145,1.1980562388498517,-63.38914669812232,1.0,0.0,1.0252652341331987,0.1,0.0,False,0.003631148010003973,0.3169457334906116,0.1815587769952994,0.07581597318505708,7.58159731850571e-06,7.581597318505709e-06,-0.06339106904748633,0.0,1.0209008047312516,4.054744048166963,4.227535052883615,1.0209008047312516
33.0,0.0,0.0,-0.41286168470951395,4.259535902526957,1.3749872985815446,-82.57233694190279,1.0,0.0,1.0623219996332913,0.4,0.0,False,0.0037479569634603334,0.41286168470951395,0.18739926878959,0.07580751791624726,7.580751791624726e-06,7.580751791624725e-06,-0.08257484076448675,0.0,-0.9932643844898577,2.8845486039454125,3.1972139028936652,0.9932643844898577
34.0,0.0,0.0,-0.30920238557827656,4.014960191764048,1.3610368541045255,-61.84047711565531,1.0,0.0,1.124026949823873,0.29,0.0,False,0.0038738168360718485,0.30920238557827656,0.19369230999798878,0.07580091978879354,7.580091978879353e-06,7.580091978879353e-06,-0.06184235212746077,0.0,-0.24457571076290918,2.6539233376595224,2.8909332419401745,0.24457571076290918
35.0,0.0,0.0,-0.2827795100222238,3.3502047014364766,1.4275723475462292,-56.55590200444476,1.0,0.0,1.1673948576180526,0.15,0.0,False,0.003909480138688766,0.2827795100222238,0.1954754885447407,0.07579577078909383,7.579577078909383e-06,7.579577078909382e-06,-0.05655761667072233,0.0,-0.664755490327571,1.9226323538902474,2.182809843818424,0.664755490327571
36.0,0.0,0.0,-0.21230964719979448,3.8569389408907755,1.4643430620421432,-42.461929439958894,1.0,0.0,1.1870579240871837,0.36,0.0,False,0.0036560866367813783,0.21230964719979448,0.18280571734513795,0.0757917525852373,7.579175258523732e-06,7.579175258523731e-06,-0.0424632167358224,0.0,0.5067342394542989,2.392595878848632,2.6698810168035916,0.5067342394542989
37.0,0.0,0.0,-0.25840084835809224,3.5785638570618024,1.3527558066740666,-51.68016967161845,1.0,0.0,1.227027772837273,0.02,0.0,False,0.003911544420006785,0.25840084835809224,0.19557870325304497,0.07578861679880576,7.578861679880579e-06,7.578861679880576e-06,-0.051681736367174796,0.0,-0.27837508382897314,2.2258080503877355,2.3515360842245294,0.27837508382897314
38.0,0.0,0.0,-0.22601961233511933,3.0914202297397755,1.362655422265525,-45.203922467023865,1.0,0.0,1.2728325380954704,0.19,0.0,False,0.003904177973044316,0.22601961233511933,0.19521037806568636,0.07578616962277836,7.578616962277834e-06,7.5786169622778345e-06,-0.04520529278949301,0.0,-0.4871436273220269,1.7287648074742505,1.8185876916443051,0.4871436273220269
39.0,0.0,0.0,-0.1762063003916645,2.972734782745491,1.40579585622346,-35.2412600783329,1.0,0.0,1.318282087907216,-0.04,0.0,False,0.003990301049595871,0.1762063003916645,0.19951656448985117,0.07578425982564119,7.5784259825641195e-06,7.5784259825641195e-06,-0.035242328363361115,0.0,-0.1186854469942844,1.566938926522031,1.6544526948382752,0.1186854469942844
40.0,0.0,0.0,-0.16225986177459326,3.255369037174659,1.42005039168742,-32.45197235491865,1.0,0.0,1.3292904575028723,0.04,0.0,False,0.003996487902623668,0.16225986177459323,0.19982590945578896,0.07578276939476822,7.578276939476819e-06,7.5782769394768205e-06,-0.03245295606759876,0.0,0.2826342544291678,1.8353186454872388,1.9260785796717865,0.2826342544291678
41.0,0.0,0.0,-0.18556452610092788,2.840308647521747,1.4535913360567407,-37.112905220185574,1.0,0.0,1.3500746824911238,0.12,0.0,False,0.003953657795398191,0.1855645261009279,0.19768438784260076,0.07578160623748331,7.5781606237483355e-06,7.578160623748335e-06,-0.037114030201888165,0.0,-0.4150603896529117,1.3867173114650064,1.4902339650306233,0.4150603896529117
42.0,0.0,0.0,-0.14120780930162202,3.117157771610672,1.4580569489970883,-28.241561860324406,1.0,0.0,1.3996534642761373,-0.06,0.0,False,0.0040934431820265444,0.14120780930162202,0.204673710121245,0.07578069848672941,7.578069848672939e-06,7.578069848672941e-06,-0.028242417919950778,0.0,0.2768491240889248,1.6591008226135837,1.7175043073345346,0.2768491240889248
43.0,0.0,0.0,-0.16465900561395017,2.773640093023782,1.5340364191755385,-32.931801122790034,1.0,0.0,1.4281770503734237,0.08,0.0,False,0.004008504995272228,0.16465900561395017,0.20042676858595482,0.07577999005824664,7.5779990058246634e-06,7.577999005824663e-06,-0.03293279934385018,0.0,-0.3435176785868901,1.2396036738482434,1.3454630426503582,0.3435176785868901
44.0,0.0,0.0,-0.12748054200352146,2.2240058574115382,1.5434769179083325,-25.496108400704294,1.0,0.0,1.4705053261821284,0.01,0.0,False,0.004068339981093179,0.12748054200352146,0.2034185405372291,0.07577943718399627,7.577943718399631e-06,7.577943718399629e-06,-0.025496881227145832,0.0,-0.5496342356122437,0.6805289395032057,0.7535005312294099,0.5496342356122437
45.0,0.0,0.0,-0.06951012794100711,2.1822552371402693,1.490914279251518,-13.902025588201422,1.0,0.0,1.4987863709699436,0.0,0.0,False,0.004058059041590892,0.06951012794100711,0.20290448965794103,0.07577900570718792,7.5779005707187905e-06,7.577900570718793e-06,-0.013902446977678729,0.0,-0.04175062027126897,0.6913409578887513,0.6834688661703257,0.04175062027126897
46.0,0.0,0.0,-0.06487367754978275,1.6976442311812983,1.535164057848092,-12.97473550995655,1.0,0.0,1.5288782409595576,-0.11,0.0,False,0.004016529806314278,0.06487367754978275,0.2008280121521269,0.07577866897151055,7.577866897151055e-06,7.577866897151055e-06,-0.012975128790251202,0.0,-0.484611005958971,0.1624801733332062,0.16876599022174066,0.484611005958971
47.0,0.0,0.0,-0.015806292342551553,2.2075821864372775,1.5686012108440512,-3.1612584685103107,1.0,0.0,1.5334938814377619,0.15,0.0,False,0.003793749694374368,0.015806292342551553,0.18968892214024471,0.07577840617399134,7.577840617399135e-06,7.577840617399136e-06,-0.003161354289835489,0.0,0.5099379552559793,0.6389809755932263,0.6740883049995157,0.5099379552559793
48.0,0.0,0.0,-0.06499846557655585,1.7490910567925866,1.6518421409161819,-12.99969311531117,1.0,0.0,1.5395753188775765,-0.06,0.0,False,0.004057783055118862,0.06499846557655585,0.2028906902134445,0.07577820107961909,7.5778201079619125e-06,7.577820107961911e-06,-0.013000087149668781,0.0,-0.45849112964469096,0.09724891587640472,0.2095157379150101,0.45849112964469096
49.0,0.0,0.0,-0.015425235443101395,1.6799241415715127,1.614494439464148,-3.085047088620279,1.0,0.0,1.5575729033377481,0.13,0.0,False,0.004088524464728537,0.015425235443101393,0.2044277723382998,0.07577804101825933,7.577804101825934e-06,7.577804101825932e-06,-0.0030851405994415998,0.0,-0.06916691522107388,0.06542970210736465,0.12235123823376459,0.06916691522107388
50.0,0.0,0.0,-0.004810665477503798,2.222755680174071,1.54251386760232,-0.9621330955007596,1.0,0.0,1.5948328578909523,-0.09,0.0,False,0.003962053102456892,0.005190530373742508,0.19810415630348255,0.07577791610185457,7.577791610185456e-06,7.577791610185456e-06,-0.0009621622586561628,0.0,0.5428315386025584,0.6802418125717511,0.6279228222831188,0.5428315386025584
51.0,0.0,0.0,-0.0575983261603069,1.4993986177002494,1.4360986894241612,-11.51966523206138,1.0,0.0,1.63181566408545,-0.11,0.0,False,0.003994984494339464,0.057598326160306905,0.19975073837302512,0.07577781861352735,7.577781861352734e-06,7.577781861352734e-06,-0.011520014403456413,0.0,-0.7233570624738217,0.06329992827608821,-0.13241704638520058,0.7233570624738217
52.0,0.0,0.0,0.012059779090503753,1.674699948569814,1.300001682825283,2.4119558181007505,1.0,0.0,1.6467505951934411,0.15,0.0,False,0.004119820254018357,0.012068659096995006,0.20599257365431026,0.07577774253083158,7.577774253083158e-06,7.5777742530831585e-06,0.002412028926573542,0.0,0.17530133086956456,0.374698265744531,0.027949353376372832,0.17530133086956456
53.0,0.0,0.0,-0.004052757034274901,2.2543786003468007,1.4503599041137822,-0.8105514068549803,1.0,0.0,1.6200009779194613,-0.11,0.0,False,0.0042043340822247605,0.004728222052337234,0.21021829708471776,0.07577768315369257,7.5777683153692564e-06,7.5777683153692564e-06,-0.0008105759753518805,0.0,0.5796786517769867,0.8040186962330185,0.6343776224273394,0.5796786517769867
54.0,0.0,0.0,-0.06123134307503048,1.827222906856044,1.5752532217716637,-12.246268615006096,1.0,0.0,1.6341708426843728,0.01,0.0,False,0.00402800550222391,0.061231343075030475,0.2014018012748857,0.07577763681404524,7.5777636814045205e-06,7.577763681404523e-06,-0.012246639809511453,0.0,-0.42715569349075677,0.2519696850843802,0.1930520641716711,0.42715569349075677
55.0,0.0,0.0,-0.01720312216214493,1.514207265597883,1.6486058234945908,-3.440624432428986,1.0,0.0,1.6420419697641098,-0.06,0.0,False,0.003978754438025127,0.01720312216214493,0.19893922940358075,0.07577760064923067,7.577760064923067e-06,7.577760064923067e-06,-0.003440728720544404,0.0,-0.31301564125816084,-0.13439855789670774,-0.12783470416622666,0.31301564125816084
56.0,0.0,0.0,0.014043579243706495,1.724972777595141,1.693523687968352,2.808715848741299,1.0,0.0,1.6551851671779891,-0.02,0.0,False,0.003965429174985484,0.014043579243706495,0.1982729612022567,0.0757775724251497,7.577757242514966e-06,7.577757242514968e-06,0.0028088009831636314,0.0,0.2107655119972578,0.03144908962678894,0.06978761041715176,0.2107655119972578
57.0,0.0,0.0,-0.005814456726421927,2.1276456823386414,1.6308230540857453,-1.1628913452843854,1.0,0.0,1.6546483789766642,-0.05,0.0,False,0.004043694861901049,0.006099864286565557,0.20218627520150845,0.07577755039824796,7.577755039824795e-06,7.577755039824794e-06,-0.0011629265934402938,0.0,0.4026729047435005,0.496822628252896,0.4729973033619772,0.4026729047435005
58.0,0.0,0.0,-0.04197419881958159,1.709046526044189,1.7085367121731037,-8.394839763916318,1.0,0.0,1.6668260073044834,0.05,0.0,False,0.0038228878169772177,0.04197419881958158,0.19114583929390336,0.07577753320780568,7.577753320780569e-06,7.57775332078057e-06,-0.008395094218087713,0.0,-0.41859915629445243,0.0005098138710852851,0.04222051873970556,0.41859915629445243
59.0,0.0,0.0,-2.2297021259312175e-05,1.7134049370564812,1.7458783001482097,-0.004459404251862435,1.0,0.0,1.7078877906366012,-0.03,0.0,False,0.003945477721438098,0.003169129961936354,0.19727538096448555,0.07577751979187808,7.577751979187806e-06,7.577751979187805e-06,-4.459539419875779e-06,0.0,0.004358411012292285,-0.032473363091728435,0.0055171464198799924,0.004358411012292285
60.0,0.0,0.0,0.00260574665634179,1.478957587024694,1.6479552922858067,0.5211493312683579,1.0,0.0,1.708823547383531,-0.08,0.0,False,0.003937764431662384,0.003780898879953206,0.1968897135530238,0.07577750932169237,7.577750932169239e-06,7.577750932169238e-06,0.0005211651277079794,0.0,-0.23444735003178718,-0.16899770526111269,-0.22986596035883688,0.23444735003178718
61.0,0.0,0.0,0.02983060030343125,0.9406325884467436,1.7334254493676688,5.96612006068625,1.0,0.0,1.7394633909048567,-0.13,0.0,False,0.003930172016550316,0.02983060030343125,0.1965100899205883,0.07577750115045034,7.577750115045038e-06,7.577750115045036e-06,0.005966300898383807,0.0,-0.5383249985779505,-0.7927928609209253,-0.7988308024581131,0.5383249985779505
62.0,0.0,0.0,0.08349852814343768,0.497915843841458,1.7176766554086753,16.699705628687536,1.0,0.0,1.7772748925007502,0.07,0.0,False,0.003875844598603257,0.08349852814343768,0.1937936984391319,0.0757774947733717,7.577749477337168e-06,7.577749477337169e-06,0.016700211809594207,0.0,-0.4427167446052856,-1.2197608115672174,-1.2793590486592923,0.4427167446052856
63.0,0.0,0.0,0.12804295849230302,-0.5530012519695274,1.7140052022546262,25.608591698460604,1.0,0.0,1.7756495064275197,-0.06,0.0,False,0.003977253171755957,0.128042958492303,0.198864165519106,0.075777489796511,7.577748979651099e-06,7.5777489796511e-06,0.025609367914497083,0.0,-1.0509170958109855,-2.2670064542241537,-2.328650758397047,1.0509170958109855
64.0,0.0,0.0,0.23648174311740522,-1.0501798116162906,1.8005946601487857,47.296348623481045,1.0,0.0,1.778393942634391,0.09,0.0,False,0.003955430069586631,0.2364817431174052,0.19777300214206345,0.07577748591242173,7.577748591242176e-06,7.577748591242176e-06,0.04729778221197427,0.0,-0.49717855964676316,-2.8507744717650763,-2.828573754250682,0.49717855964676316
65.0,0.0,0.0,0.2870845611638109,-1.4374202934012374,1.885686673618206,57.416912232762186,1.0,0.0,1.8119057791643123,0.0,0.0,False,0.00404602868119282,0.2870845611638109,0.2023029670489867,0.07577748288116361,7.577748288116364e-06,7.577748288116362e-06,0.05741865258320777,0.0,-0.38724048178494686,-3.3231069670194433,-3.24932607256555,0.38724048178494686
66.0,0.0,0.0,0.32939503697194844,-1.4687380758825546,1.8594153959539006,65.87900739438969,1.0,0.0,1.820774572748914,0.12,0.0,False,0.003943381323173095,0.3293950369719485,0.19717056025616167,0.07577748051548007,7.577748051548008e-06,7.5777480515480085e-06,0.06588100423733778,0.0,-0.031317782481317114,-3.328153471836455,-3.2895126486314687,0.031317782481317114
67.0,0.0,0.0,0.33349381317152194,-1.0925569005980733,1.8475115759007614,66.69876263430439,1.0,0.0,1.8566548799482265,0.07,0.0,False,0.003657263501054091,0.33349381317152194,0.18286456074373925,0.07577747866923067,7.577747866923064e-06,7.577747866923065e-06,0.06670078432460963,0.0,0.37618117528448125,-2.9400684764988347,-2.9492117805462996,0.37618117528448125
68.0,0.0,0.0,0.2956991665310778,-1.244995723309772,1.809065687811494,59.139833306215564,1.0,0.0,1.8663264124342336,-0.08,0.0,False,0.0039340766861207304,0.2956991665310778,0.19670532487806897,0.07577747722836292,7.5777477228362955e-06,7.5777477228362955e-06,0.05914162587958055,0.0,-0.15243882271169862,-3.054061411121266,-3.1113221357440057,0.15243882271169862
69.0,0.0,0.0,0.3130783880833449,-1.3174256328686722,1.9482244338474466,62.61567761666899,1.0,0.0,1.8645468013969957,0.08,0.0,False,0.0038198275224362336,0.3130783880833449,0.1909928234062556,0.07577747610386716,7.577747610386715e-06,7.5777476103867154e-06,0.06261757554549263,0.0,-0.07242990955890027,-3.265650066716119,-3.181972434265668,0.07242990955890027
70.0,0.0,0.0,0.3222172040088816,-1.8088364186751935,1.9327745464324335,64.44344080177632,1.0,0.0,1.8859067789740325,-0.03,0.0,False,0.003985893592896046,0.3222172040088816,0.1992961898495673,0.07577747522627731,7.577747522627736e-06,7.577747522627733e-06,0.06444539413146998,0.0,-0.4914107858065213,-3.7416109651076273,-3.6947431976492258,0.4914107858065213
71.0,0.0,0.0,0.3767556417305039,-1.8266022636097554,2.0141370128321086,75.35112834610078,1.0,0.0,1.904868491251113,0.05,0.0,False,0.0040362094815268685,0.3767556417305039,0.20181200334514962,0.07577747454138026,7.577747454138024e-06,7.577747454138025e-06,0.07535341229607759,0.0,-0.017765844934561903,-3.840739276441864,-3.7314707548608683,0.017765844934561903
72.0,0.0,0.0,0.3804168414438208,-2.0862506663672225,2.0792293172067224,76.08336828876416,1.0,0.0,1.958862746585095,0.0,0.0,False,0.004088714449993075,0.3804168414438208,0.20443727166191858,0.0757774740068663,7.577747400686627e-06,7.577747400686627e-06,0.07608567443347389,0.0,-0.25964840275746703,-4.165479983573945,-4.045113412952317,0.25964840275746703
73.0,0.0,0.0,0.4102112318281222,-2.1934531505404364,2.1561682157867907,82.04224636562444,1.0,0.0,1.9777102859650222,0.17,0.0,False,0.004238150564490373,0.4102112318281222,0.211909134006231,0.07577747358971576,7.577747358971578e-06,7.577747358971577e-06,0.08204473312844321,0.0,-0.10720248417321399,-4.349621366327227,-4.171163436505458,0.10720248417321399
74.0,0.0,0.0,0.42520580053592494,-1.962340735087195,2.293659635391364,85.041160107185,1.0,0.0,2.0160170757679268,0.23,0.0,False,0.004198998925705577,0.42520580053592494,0.20995153723292306,0.07577747326415916,7.577747326415918e-06,7.5777473264159154e-06,0.0850437377693467,0.0,0.23111241545324135,-4.256000370478559,-3.9783578108551216,0.23111241545324135
75.0,0.0,0.0,0.4067060665459072,-2.393452091968814,2.125251738633988,81.34121330918144,1.0,0.0,2.0587659599247243,0.09,0.0,False,0.0041062588163094625,0.40670606654590713,0.2053144966250562,0.07577747301008513,7.577747301008512e-06,7.577747301008514e-06,0.08134367882313684,0.0,-0.4311113568816187,-4.518703830602802,-4.452218051893539,0.4311113568816187
76.0,0.0,0.0,0.4515601327592257,-3.0593633851540742,2.121195372552859,90.31202655184514,1.0,0.0,2.104874026161779,0.09,0.0,False,0.004080249797046736,0.4515601327592257,0.20401403580742722,0.07577747281179825,7.577747281179824e-06,7.577747281179825e-06,0.09031476397795624,0.0,-0.6659112931852604,-5.180558757706933,-5.164237411315853,0.6659112931852604
77.0,0.0,0.0,0.5219747327903973,-2.291801872233129,2.315721687475973,104.39494655807945,1.0,0.0,2.1223203260518577,0.12,0.0,False,0.004095699708425382,0.5219747327903973,0.20478653723013254,0.07577747265704927,7.577747265704929e-06,7.577747265704929e-06,0.10439811084818454,0.0,0.7675615129209454,-4.607523559709102,-4.4141221982849865,0.7675615129209454
78.0,0.0,0.0,0.44760179666463284,-2.0665380327025695,2.3428305681070225,89.52035933292657,1.0,0.0,2.160581712380103,0.1,0.0,False,0.004143850908194999,0.44760179666463284,0.207194115462492,0.07577747253627864,7.577747253627861e-06,7.577747253627862e-06,0.08952307276299325,0.0,0.22526383953055928,-4.409368600809592,-4.227119745082673,0.22526383953055928
79.0,0.0,0.0,0.4278269217826326,-1.2716180072136418,2.273567918663721,85.56538435652652,1.0,0.0,2.1843856850774714,0.12,0.0,False,0.0040591744447593964,0.4278269217826326,0.202960260207868,0.07577747244202561,7.577747244202561e-06,7.577747244202561e-06,0.08556797790829522,0.0,0.7949200254889277,-3.545185925877363,-3.4560036922911133,0.7949200254889277
80.0,0.0,0.0,0.34853146488373377,-0.7276656331748637,2.1174057212447823,69.70629297674675,1.0,0.0,2.211893283337631,-0.03,0.0,False,0.0042167800629913845,0.3485314648837337,0.21084060083424289,0.07577747236846775,7.577747236846778e-06,7.577747236846776e-06,0.06970840582741204,0.0,0.5439523740387782,-2.845071354419646,-2.9395589165124947,0.5439523740387782
81.0,0.0,0.0,0.29560782282912035,-0.7732548616507616,2.1940130450962014,59.121564565824066,1.0,0.0,2.213828695790942,0.17,0.0,False,0.003911122140638593,0.29560782282912035,0.19555758890667824,0.07577747231106102,7.577747231106104e-06,7.577747231106103e-06,0.059123356585333325,0.0,-0.04558922847589797,-2.967267906746963,-2.9870835574417036,0.04558922847589797
82.0,0.0,0.0,0.30288927275405164,-1.2361436641168808,2.3103444537935096,60.57785455081033,1.0,0.0,2.228524597184385,0.03,0.0,False,0.0038229754400062577,0.30288927275405164,0.19115022047738986,0.07577747226625915,7.577747226625914e-06,7.5777472266259145e-06,0.06057969071157362,0.0,-0.4628888024661192,-3.5464881179103904,-3.4646682613012656,0.4628888024661192
83.0,0.0,0.0,0.3493427919307526,-0.9053858655201918,2.35033728689517,69.86855838615053,1.0,0.0,2.255752626807083,-0.05,0.0,False,0.004027660641953657,0.34934279193075257,0.20138455812739503,0.07577747223129438,7.57774722312944e-06,7.577747223129441e-06,0.06987067615519973,0.0,0.33075779859668897,-3.255723152415362,-3.1611384923272747,0.33075779859668897
84.0,0.0,0.0,0.32080156545797583,-0.2589065196182273,2.30663617438159,64.16031309159517,1.0,0.0,2.2574166167592162,-0.03,0.0,False,0.004015984802243592,0.3208015654579758,0.2008007617180631,0.07577747220400688,7.5777472204006916e-06,7.577747220400691e-06,0.0641622578393951,0.0,0.6464793459019645,-2.5655426939998174,-2.5163231363774434,0.6464793459019645
85.0,0.0,0.0,0.2556105389903689,-0.23583931245331835,2.1041816460289984,51.12210779807378,1.0,0.0,2.3027513367181127,0.05,0.0,False,0.0039884210983122306,0.2556105389903689,0.19942256607795575,0.07577747218271093,7.577747218271092e-06,7.577747218271093e-06,0.05112365734797231,0.0,0.023067207164908954,-2.3400209584823166,-2.538590649171431,0.023067207164908954
86.0,0.0,0.0,0.25519270291856555,0.7860897363336357,2.241556419216095,51.03854058371311,1.0,0.0,2.297295717888001,-0.08,0.0,False,0.004067969049780107,0.25519270291856555,0.2033999937910625,0.07577747216609089,7.577747216609089e-06,7.577747216609091e-06,0.05104008760062559,0.0,1.0219290487869541,-1.4554666828824592,-1.5112059815543655,1.0219290487869541
87.0,0.0,0.0,0.15567380522897487,0.5745897684800922,2.3125057971738703,31.134761045794974,1.0,0.0,2.3161844060220487,0.05,0.0,False,0.0039694880267013115,0.15567380522897487,0.19847590532390763,0.07577747215312015,7.577747215312016e-06,7.577747215312016e-06,0.031135704764038957,0.0,-0.2114999678535434,-1.737916028693778,-1.7415946375419564,0.2114999678535434
88.0,0.0,0.0,0.17645349306634536,1.1376240891653517,2.134891470278877,35.29069861326907,1.0,0.0,2.342886771460587,-0.06,0.0,False,0.004081993360231968,0.17645349306634536,0.20410121462728917,0.07577747214299738,7.5777472142997385e-06,7.577747214299739e-06,0.0352917683011357,0.0,0.5630343206852595,-0.9972673811135251,-1.2052626822952353,0.5630343206852595
89.0,0.0,0.0,0.12091819072746542,0.9980099801925548,2.080286391683566,24.183638145493084,1.0,0.0,2.3391915551418236,-0.03,0.0,False,0.00406663705661476,0.12091819072746542,0.20333339362811922,0.07577747213509727,7.57774721350973e-06,7.577747213509728e-06,0.024184371169924678,0.0,-0.1396141089727969,-1.0822764114910113,-1.3411815749492688,0.1396141089727969
90.0,0.0,0.0,0.13731059739316662,1.141509590939427,2.2270106919651846,27.462119478633323,1.0,0.0,2.3468518108141474,-0.14,0.0,False,0.004198245514814841,0.13731059739316664,0.20991386640290446,0.07577747212893182,7.5777472128931844e-06,7.577747212893183e-06,0.027462951876322958,0.0,0.14349961074687223,-1.0855011010257576,-1.2053422198747203,0.14349961074687223
91.0,0.0,0.0,0.12673016392168138,1.5508323610140002,2.376883177902951,25.346032784336277,1.0,0.0,2.3711679793740545,-0.02,0.0,False,0.004108296355741561,0.12673016392168138,0.20541637436864094,0.07577747212412012,7.57774721241201e-06,7.577747212412012e-06,0.025346801041831707,0.0,0.4093227700745732,-0.8260508168889507,-0.8203356183600543,0.4093227700745732
92.0,0.0,0.0,0.08616403651003791,1.8683317521609428,2.440548697569352,17.232807302007583,1.0,0.0,2.4088592466135594,0.11,0.0,False,0.004085981919697619,0.0861640365100379,0.20430064411178595,0.0757774721203649,7.577747212036492e-06,7.577747212036491e-06,0.01723332964147936,0.0,0.3174993911469426,-0.5722169454084094,-0.5405274944526166,0.3174993911469426
93.0,0.0,0.0,0.05557511198078758,1.6815594533334386,2.3794503601456034,11.115022396157515,1.0,0.0,2.4125053725787504,0.0,0.0,False,0.004174510746765899,0.055575111980787566,0.20872711900765356,0.07577747211743423,7.57774721174342e-06,7.577747211743423e-06,0.011115359300924412,0.0,-0.18677229882750424,-0.6978909068121648,-0.7309459192453118,0.18677229882750424
94.0,0.0,0.0,0.07383570999127916,2.1462477838475857,2.4064193716128504,14.767141998255832,1.0,0.0,2.424103928676311,-0.06,0.0,False,0.004007029242792799,0.07383570999127916,0.2003529803523735,0.07577747211514707,7.577747211514706e-06,7.577747211514704e-06,0.0147675896015404,0.0,0.46468833051414715,-0.2601715877652646,-0.27785614482872534,0.46468833051414715
95.0,0.0,0.0,0.03357114111417987,1.8832166680315772,2.5849322218546664,6.714228222835974,1.0,0.0,2.419944528663505,0.31,0.0,False,0.003958191312772146,0.03357114111417987,0.19791106534726638,0.07577747211336205,7.577747211336206e-06,7.577747211336206e-06,0.006714431736190567,0.0,-0.2630311158160086,-0.7017155538230893,-0.5367278606319279,0.2630311158160086
96.0,0.0,0.0,0.06334136629116599,2.0551314879194114,2.5919110294629744,12.6682732582332,1.0,0.0,2.4819719146704324,0.03,0.0,False,0.003947535807136334,0.063341366291166,0.19737828602823937,0.07577747211196902,7.5777472111969e-06,7.5777472111969e-06,0.012668657243212875,0.0,0.1719148198878342,-0.536779541543563,-0.4268404267510211,0.1719148198878342
97.0,0.0,0.0,0.04882912603126157,1.7899842040551295,2.557996556272019,9.765825206252314,1.0,0.0,2.516654330186326,-0.02,0.0,False,0.004148471668489597,0.04882912603126157,0.2074251552279606,0.07577747211088182,7.577747211088183e-06,7.5777472110881835e-06,0.009766121215828108,0.0,-0.2651472838642819,-0.7680123522168893,-0.7266701261311963,0.2651472838642819
98.0,0.0,0.0,0.07640532552050104,2.3019586256543993,2.4808354826551557,15.281065104100207,1.0,0.0,2.5434412489707072,-0.02,0.0,False,0.004126108783967261,0.07640532552050104,0.2063070025288295,0.07577747211003336,7.5777472110033345e-06,7.5777472110033345e-06,0.015281528284784239,0.0,0.5119744215992699,-0.1788768570007564,-0.24148262331630788,0.5119744215992699
99.0,0.0,0.0,0.02594287359612563,1.9704762536146387,2.4815408145007734,5.188574719225126,1.0,0.0,2.5540664082722584,-0.17,0.0,False,0.004301889038964031,0.025942873596125633,0.21509608187958487,0.07577747210937115,7.577747210937115e-06,7.577747210937117e-06,0.005188731988863802,0.0,-0.3314823720397606,-0.5110645608861346,-0.5835901546576197,0.3314823720397606
100.0,0.0,0.0,0.05854426497305166,1.8809541479781948,2.375354263800024,11.708852994610332,1.0,0.0,2.5613971910425573,0.01,0.0,False,0.004384680437971702,0.05854426497305166,0.21923568319858305,0.0757774721088544,7.577747210885437e-06,7.5777472108854385e-06,0.011709207898833443,0.0,-0.08952210563644392,-0.49440011582182897,-0.6804430430643624,0.08952210563644392
101.0,0.0,0.0,0.06634956919458175,1.7108964955070298,2.273587347728367,13.26991383891635,1.0,0.0,2.5559410850271855,0.1,0.0,False,0.004344395992359768,0.06634956919458174,0.2172214456547191,0.0757774721084511,7.577747210845108e-06,7.577747210845109e-06,0.013270316060078738,0.0,-0.170057652471165,-0.5626908522213372,-0.8450445895201557,0.170057652471165
102.0,0.0,0.0,0.0821642850079213,1.3606383511163864,2.354531784986082,16.43285700158426,1.0,0.0,2.5444749789371572,0.18,0.0,False,0.004253599664236344,0.0821642850079213,0.21268159484696678,0.07577747210813633,7.577747210813634e-06,7.577747210813632e-06,0.016433355093955077,0.0,-0.3502581443906434,-0.9938934338696956,-1.1838366278207708,0.3502581443906434
103.0,0.0,0.0,0.11807730295415331,2.1050270090185816,2.38615679960809,23.61546059083066,1.0,0.0,2.5325704765953203,0.06,0.0,False,0.004067795949941532,0.11807730295415331,0.20339133873354728,0.07577747210789067,7.577747210789067e-06,7.577747210789068e-06,0.023616176393368982,0.0,0.7443886579021952,-0.2811297905895085,-0.42754346757673867,0.7443886579021952
104.0,0.0,0.0,0.044295254356255434,2.1948099283545326,2.5024552868452132,8.859050871251087,1.0,0.0,2.5414561186555753,-0.08,0.0,False,0.003967959639678868,0.044295254356255434,0.198399485393698,0.07577747210769896,7.577747210769899e-06,7.577747210769897e-06,0.008859319395808394,0.0,0.08978291933595095,-0.30764535849068064,-0.3466461903010427,0.08978291933595095
105.0,0.0,0.0,0.03765189488488567,1.9760349592343662,2.6409021262937977,7.530378976977134,1.0,0.0,2.5479963354931434,0.0,0.0,False,0.003847256202869594,0.03765189488488567,0.19236426782022772,0.07577747210754936,7.577747210754937e-06,7.577747210754936e-06,0.007530607228480656,0.0,-0.21877496912016636,-0.6648671670594315,-0.5719613762587772,0.21877496912016636
106.0,0.0,0.0,0.06306873539039289,1.9484440019406062,2.7706805631567875,12.613747078078577,1.0,0.0,2.5713431430304614,0.08,0.0,False,0.004030882485266087,0.06306873539039289,0.20154565151372986,0.07577747210743258,7.577747210743258e-06,7.577747210743259e-06,0.012614129410328311,0.0,-0.027590957293760043,-0.8222365612161813,-0.6228991410898552,0.027590957293760043
107.0,0.0,0.0,0.07225002321604485,1.4979488963938397,2.827668959643913,14.45000464320897,1.0,0.0,2.60674620908498,0.41,0.0,False,0.0038876385642383823,0.07225002321604486,0.19438340118903347,0.07577747210734144,7.577747210734148e-06,7.577747210734146e-06,0.01445044263381951,0.0,-0.4504951055467665,-1.3297200632500732,-1.1087973126911401,0.4504951055467665
108.0,0.0,0.0,0.12010198854474533,1.4265563334614317,2.826186443090914,24.020397708949066,1.0,0.0,2.6709716087216497,0.14,0.0,False,0.003930349948473209,0.12010198854474533,0.19651898658357847,0.07577747210727036,7.577747210727035e-06,7.577747210727035e-06,0.024021125785438847,0.0,-0.07139256293240792,-1.3996301096294823,-1.244415275260218,0.07139256293240792
109.0,0.0,0.0,0.12926013832953814,1.0242329106438377,2.860975719950991,25.852027665907627,1.0,0.0,2.6990142869667277,-0.07,0.0,False,0.004049537716126057,0.12926013832953814,0.20247842012495948,0.07577747210721485,7.577747210721488e-06,7.577747210721485e-06,0.025852811260491895,0.0,-0.40232342281759403,-1.8367428093071534,-1.67478137632289,0.40232342281759403
110.0,0.0,0.0,0.1726765518719638,1.4915873775903519,2.9124943142440642,34.53531037439276,1.0,0.0,2.7192066917894477,0.24,0.0,False,0.003911711865892708,0.1726765518719638,0.19558707539281944,0.07577747210717153,7.5777472107171526e-06,7.5777472107171526e-06,0.03453635716586785,0.0,0.46735446694651417,-1.4209069366537124,-1.2276193141990959,0.46735446694651417
111.0,0.0,0.0,0.12843934711199867,1.6560598671572668,2.958470769525637,25.687869422399736,1.0,0.0,2.7510638543264387,0.25,0.0,False,0.0038367390842283192,0.12843934711199867,0.1918384079033606,0.0757774721071377,7.5777472107137695e-06,7.577747210713772e-06,0.02568864804122299,0.0,0.16447248956691496,-1.3024109023683703,-1.095003987169172,0.16447248956691496
112.0,0.0,0.0,0.1162669435680154,2.010695452340032,3.030291079189876,23.25338871360308,1.0,0.0,2.776029512755554,0.34,0.0,False,0.0037550213644153983,0.1162669435680154,0.1877524909509034,0.07577747210711135,7.577747210711135e-06,7.5777472107111335e-06,0.023254093541467905,0.0,0.3546355851827654,-1.0195956268498438,-0.7653340604155217,0.3546355851827654
113.0,0.0,0.0,0.0857059208384851,1.7583070597206933,3.0332848290295957,17.14118416769702,1.0,0.0,2.818773354912786,0.25,0.0,False,0.0037250467133610973,0.0857059208384851,0.18625374704117195,0.07577747210709075,7.577747210709075e-06,7.577747210709075e-06,0.017141703730001952,0.0,-0.2523883926193389,-1.2749777693089024,-1.0604662951920927,0.2523883926193389
114.0,0.0,0.0,0.11304444459559498,2.380138578798991,2.9240825881066472,22.608888919118996,1.0,0.0,2.867787133615011,-0.05,0.0,False,0.003991937657672545,0.11304444459559498,0.19959839537834972,0.07577747210707467,7.577747210707468e-06,7.5777472107074684e-06,0.022609574211705778,0.0,0.6218315190782977,-0.5439440093076562,-0.4876485548160199,0.6218315190782977
115.0,0.0,0.0,0.05265876919564429,2.5745712128027995,2.8235210548231957,10.531753839128857,1.0,0.0,2.888794336787878,-0.08,0.0,False,0.003994264334426355,0.05265876919564429,0.19971473009758864,0.07577747210706212,7.5777472107062165e-06,7.577747210706214e-06,0.01053207306458295,0.0,0.1944326340038085,-0.24894984202039616,-0.31422312398507835,0.1944326340038085
116.0,0.0,0.0,0.03453117862760231,2.6175047897988897,2.923885802265635,6.906235725520463,1.0,0.0,2.906746222497503,-0.08,0.0,False,0.004018780501530307,0.03453117862760231,0.20094054774165213,0.07577747210705234,7.577747210705233e-06,7.577747210705234e-06,0.0069064450587682045,0.0,0.04293357699609013,-0.30638101246674543,-0.28924143269861347,0.04293357699609013
117.0,0.0,0.0,0.030939904889491575,2.4500029179192135,2.8816771622643333,6.187980977898315,1.0,0.0,2.919896082505949,0.11,0.0,False,0.0038271736841511785,0.030939904889491575,0.19136013427529439,0.07577747210704468,7.57774721070447e-06,7.577747210704469e-06,0.006188168540299389,0.0,-0.16750187187967613,-0.4316742443451198,-0.46989316458673525,0.16750187187967613
118.0,0.0,0.0,0.046988865965391306,2.675540894302959,2.8157383185488687,9.397773193078262,1.0,0.0,2.926915561432704,-0.07,0.0,False,0.003999672149433958,0.046988865965391306,0.19998512289692158,0.07577747210703875,7.577747210703874e-06,7.5777472107038745e-06,0.009398058046718108,0.0,0.2255379763837455,-0.14019742424590964,-0.251374667129745,0.2255379763837455
119.0,0.0,0.0,0.027719239762570447,2.7725105806289343,2.9312252384355886,5.543847952514089,1.0,0.0,2.9199093810605263,-0.2,0.0,False,0.004242297760950083,0.027719239762570447,0.21211649540050537,0.0757774721070341,7.577747210703411e-06,7.5777472107034094e-06,0.005544015990754167,0.0,0.09696968632597525,-0.15871465780665428,-0.14739880043159204,0.09696968632597525
120.0,0.0,0.0,0.018373406796253742,2.468928511673486,2.9127861522342204,3.6746813592507483,1.0,0.0,2.952743794398253,0.14,0.0,False,0.003941951979263014,0.01837340679625374,0.19709909251893148,0.07577747210703047,7.577747210703047e-06,7.577747210703047e-06,0.003674792741632399,0.0,-0.3035820689554485,-0.4438576405607346,-0.48381528272476704,0.3035820689554485
121.0,0.0,0.0,0.050334538760443436,2.810854220810499,2.950566462096896,10.066907752088687,1.0,0.0,2.9562516100430765,-0.07,0.0,False,0.004087583381930989,0.050334538760443436,0.204380717830228,0.07577747210702765,7.577747210702763e-06,7.577747210702764e-06,0.010067212887704992,0.0,0.34192570913701337,-0.13971224128639692,-0.14539738923257728,0.34192570913701337
122.0,0.0,0.0,0.02033412950449985,2.6786317401964315,3.1216103704824585,4.06682590089997,1.0,0.0,2.9722929703984544,0.11,0.0,False,0.004190268571481335,0.020334129504499854,0.20951501621386567,0.07577747210702544,7.577747210702544e-06,7.577747210702543e-06,0.004066949169480377,0.0,-0.13222248061406772,-0.442978630286027,-0.29366123020202295,0.13222248061406772
123.0,0.0,0.0,0.03573378026085973,2.9064063186224676,3.094343175587452,7.146756052171946,1.0,0.0,3.0142032202001543,0.18,0.0,False,0.004003793715291078,0.03573378026085972,0.20019120275138683,0.0757774721070237,7.577747210702369e-06,7.577747210702371e-06,0.0071469726757733805,0.0,0.2277745784260361,-0.1879368569649844,-0.10779690157768673,0.2277745784260361
124.0,0.0,0.0,0.01742022509853522,3.273446316113553,3.194779451093216,3.4840450197070436,1.0,0.0,3.0359830818827134,0.15,0.0,False,0.004059303725646516,0.01742022509853522,0.20296672430120002,0.07577747210702236,7.577747210702234e-06,7.577747210702236e-06,0.00348415062375652,0.0,0.3670399974910854,0.07866686502033682,0.2374632342308396,0.3670399974910854
125.0,0.0,0.0,-0.016986150732291143,2.6524629256949597,3.1686055905171835,-3.3972301464582286,1.0,0.0,3.0806151699109274,0.14,0.0,False,0.0038798869531182956,0.016986150732291143,0.1939958176960416,0.07577747210702132,7.577747210702129e-06,7.577747210702131e-06,-0.0033973331190829906,0.0,-0.6209833904185933,-0.5161426648222238,-0.42815224421596776,0.6209833904185933
126.0,0.0,0.0,0.04868873859454458,2.6434650799017243,3.1559816987272518,9.737747718908917,1.0,0.0,3.1035783729528252,0.15,0.0,False,0.0036156866954646437,0.04868873859454458,0.1807857047112207,0.07577747210702046,7.577747210702047e-06,7.577747210702049e-06,0.009738042877434733,0.0,-0.00899784579323537,-0.5125166188255275,-0.46011329305110094,0.00899784579323537
127.0,0.0,0.0,0.05195033872942111,3.817410843102902,3.1832065724101843,10.390067745884222,1.0,0.0,3.139368759188059,-0.12,0.0,False,0.003814343634715417,0.05195033872942111,0.19071862694236277,0.07577747210701986,7.577747210701988e-06,7.577747210701986e-06,0.010390382676725268,0.0,1.1739457632011776,0.6342042706927176,0.6780420839148431,1.1739457632011776
128.0,0.0,0.0,-0.06599245152492214,3.9065069417824643,3.0002760730661215,-13.198490304984428,1.0,0.0,3.1629881505226547,-0.01,0.0,False,0.003777629416978895,0.06599245152492214,0.18888290214498357,0.07577747210701936,7.577747210701936e-06,7.5777472107019365e-06,-0.013198890361245268,0.0,0.08909609867956236,0.9062308687163427,0.7435187912598096,0.08909609867956236
129.0,0.0,0.0,-0.07371594149324234,3.9488979850632124,3.048040504678234,-14.74318829864847,1.0,0.0,3.1574613241479073,0.04,0.0,False,0.0037873972585434857,0.07371594149324234,0.18937129792412488,0.07577747210701898,7.577747210701896e-06,7.577747210701897e-06,-0.01474363517587816,0.0,0.042391043280748164,0.9008574803849783,0.7914366609153052,0.042391043280748164
130.0,0.0,0.0,-0.07758990964198885,4.529059961038817,3.072210040684171,-15.51798192839777,1.0,0.0,3.1693195968115395,-0.03,0.0,False,0.003885551689634209,0.07758990964198885,0.19427905666813436,0.07577747210701867,7.577747210701865e-06,7.577747210701866e-06,-0.015518452290210568,0.0,0.5801619759756043,1.4568499203546459,1.3597403642272772,0.5801619759756043
131.0,0.0,0.0,-0.13383485271624213,4.256300211275336,3.2502474547918707,-26.766970543248423,1.0,0.0,3.1729694908072563,0.05,0.0,False,0.00402758059508634,0.13383485271624213,0.20138055575369807,0.07577747210701846,7.577747210701843e-06,7.577747210701844e-06,-0.02676778187044586,0.0,-0.2727597497634804,1.0060527564834656,1.08333072046808,0.2727597497634804
132.0,0.0,0.0,-0.10216316279929682,4.089671733360753,3.38903328235797,-20.432632559859364,1.0,0.0,3.190660725542304,0.08,0.0,False,0.004230184924955537,0.10216316279929682,0.2115108490113776,0.07577747210701824,7.5777472107018255e-06,7.5777472107018255e-06,-0.020433251888463778,0.0,-0.16662847791458368,0.7006384510027828,0.8990110078184488,0.16662847791458368
133.0,0.0,0.0,-0.08478604728966939,4.193375477591803,3.298625894349388,-16.957209457933878,1.0,0.0,3.2346298749512723,0.08,0.0,False,0.004064386206763911,0.08478604728966939,0.2032208502827576,0.07577747210701812,7.577747210701811e-06,7.57774721070181e-06,-0.016957723443825692,0.0,0.10370374423105044,0.8947495832424153,0.9587456026405308,0.10370374423105044
134.0,0.0,0.0,-0.09171704358882138,3.933982763921104,3.3640212938232503,-18.343408717764277,1.0,0.0,3.2417791361023918,0.06,0.0,False,0.004061711470288138,0.09171704358882138,0.20308711244554517,0.07577747210701802,7.577747210701799e-06,7.577747210701799e-06,-0.018343964720407994,0.0,-0.25939271367069905,0.5699614700978537,0.6922036278187123,0.25939271367069905
135.0,0.0,0.0,-0.06277583811311438,3.2730001134749704,3.417187132032806,-12.555167622622877,1.0,0.0,3.2761702912750286,0.09,0.0,False,0.004209287875361617,0.06277583811311438,0.21046598861405366,0.0757774721070179,7.577747210701789e-06,7.577747210701791e-06,-0.012555548179284831,0.0,-0.6609826504461336,-0.14418701855783578,-0.003170177800058127,0.6609826504461336
136.0,0.0,0.0,0.006211595610458793,2.7128322898339694,3.4630712101129015,1.2423191220917587,1.0,0.0,3.3062005978183526,0.18,0.0,False,0.0040255809785461364,0.006390899299489705,0.2012805741690584,0.07577747210701782,7.577747210701785e-06,7.577747210701784e-06,0.0012423567777274614,0.0,-0.560167823641001,-0.7502389202789321,-0.5933683079843832,0.560167823641001
137.0,0.0,0.0,0.06725801517122529,2.9089948209123486,3.478358130082377,13.451603034245057,1.0,0.0,3.335118423074624,0.17,0.0,False,0.004050594071847523,0.06725801517122529,0.20253123831127262,0.07577747210701778,7.577747210701776e-06,7.577747210701779e-06,0.013452010762544873,0.0,0.19616253107837922,-0.5693633091700283,-0.4261236021622752,0.19616253107837922
138.0,0.0,0.0,0.05184895860368684,3.5030356634359854,3.5763353772300155,10.369791720737368,1.0,0.0,3.385437924758065,0.19,0.0,False,0.004203588570389741,0.05184895860368684,0.21018102120606522,0.07577747210701771,7.577747210701773e-06,7.577747210701773e-06,0.0103701060369967,0.0,0.5940408425236368,-0.07329971379403011,0.11759773867792056,0.5940408425236368
139.0,0.0,0.0,-0.005901889873477872,4.515668820553853,3.582995326934088,-1.1803779746955745,1.0,0.0,3.4275040518642883,0.23,0.0,False,0.0038209172360455426,0.006038621323545502,0.19104730949952348,0.07577747210701768,7.577747210701771e-06,7.577747210701769e-06,-0.001180413752848077,0.0,1.0126331571178677,0.9326734936197649,1.0881647686895648,1.0126331571178677
140.0,0.0,0.0,-0.10577669234104203,3.7242587904506315,3.6263920844015938,-21.155338468208406,1.0,0.0,3.444014528549731,0.05,0.0,False,0.0038274541896762006,0.10577669234104203,0.1913741596578255,0.07577747210701767,7.577747210701768e-06,7.577747210701767e-06,-0.021155979702577547,0.0,-0.7914100301032216,0.09786670604903769,0.2802442619009007,0.7914100301032216
141.0,0.0,0.0,-0.02000699582481256,3.4806867831855706,3.7908849651126117,-4.001399164962512,1.0,0.0,3.4578618196916664,0.53,0.0,False,0.003934217006979955,0.020006995824812565,0.19671234097409526,0.07577747210701766,7.577747210701764e-06,7.5777472107017645e-06,-0.004001520450408883,0.0,-0.2435720072650609,-0.3101981819270412,0.02282496349390417,0.2435720072650609
142.0,0.0,0.0,0.00891857872816396,3.910219181562561,3.797040792406986,1.783715745632792,1.0,0.0,3.5241812518046656,0.26,0.0,False,0.0038566565574518746,0.008918806269895883,0.19283428911101727,0.07577747210701764,7.577747210701764e-06,7.577747210701764e-06,0.001783769811411158,0.0,0.42953239837699053,0.11317838915557488,0.3860379297578955,0.42953239837699053
143.0,0.0,0.0,-0.029798488667346704,3.8765016538536052,3.846710331498026,-5.959697733469341,1.0,0.0,3.569875949603964,0.23,0.0,False,0.00402458900483799,0.029798488667346704,0.20123097510780477,0.07577747210701764,7.577747210701764e-06,7.577747210701764e-06,-0.005959878376431974,0.0,-0.03371752770895586,0.02979132235557902,0.3066257042496412,0.03371752770895586
144.0,0.0,0.0,-0.025053203559181454,4.545418322365795,3.6935678786013084,-5.010640711836291,1.0,0.0,3.612223004618375,0.07,0.0,False,0.0039046231704769636,0.025053203559181458,0.1952326379362151,0.07577747210701764,7.577747210701764e-06,7.577747210701764e-06,-0.005010792588160118,0.0,0.6689166685121899,0.8518504437644867,0.9331953177474199,0.6689166685121899
145.0,0.0,0.0,-0.0880120828490199,4.553117939887849,3.789211353577672,-17.60241656980398,1.0,0.0,3.6259601259196215,0.17,0.0,False,0.0039071495241373875,0.08801208284901993,0.19535895657643979,0.07577747210701764,7.577747210701764e-06,7.577747210701764e-06,-0.017602950112413168,0.0,0.0076996175220536145,0.7639065863101768,0.9271578139682273,0.0076996175220536145
146.0,0.0,0.0,-0.08387535010013741,4.634730840698155,3.904513144936207,-16.77507002002748,1.0,0.0,3.665264147209831,0.29,0.0,False,0.00398877822020881,0.08387535010013739,0.19944042230809206,0.07577747210701764,7.577747210701764e-06,7.577747210701764e-06,-0.01677557848513466,0.0,0.08161290081030614,0.7302176957619477,0.9694666934883238,0.08161290081030614
147.0,0.0,0.0,-0.08832743906172193,4.316765366567129,4.036636123212002,-17.665487812344384,1.0,0.0,3.714332659576462,0.25,0.0,False,0.0037946302265258764,0.08832743906172193,0.18973294906372454,0.07577747210701764,7.577747210701764e-06,7.577747210701764e-06,-0.017666023266690815,0.0,-0.31796547413102605,0.2801292433551268,0.6024327069906668,0.31796547413102605
148.0,0.0,0.0,-0.051976998611962456,5.184573027048409,4.099567826945367,-10.395399722392492,1.0,0.0,3.7514229839306874,0.32,0.0,False,0.00391799217515447,0.05197699861196245,0.19590109323543733,0.07577747210701764,7.577747210701764e-06,7.577747210701764e-06,-0.010395714814849792,0.0,0.8678076604812803,1.0850052001030424,1.4331500431177218,0.8678076604812803
149.0,0.0,0.0,-0.13469392391738788,5.289213377438622,4.073599675330152,-26.938784783477576,1.0,0.0,3.796975687019692,0.36,0.0,False,0.003612123737575231,0.13469392391738788,0.1806075554667904,0.07577747210701764,7.577747210701764e-06,7.577747210701764e-06,-0.026939601318495064,0.0,0.10464035039021269,1.2156137021084694,1.4922376904189298,0.10464035039021269
150.0,0.0,0.0,-0.13931216158951526,4.655416670900695,4.192307498189858,-27.86243231790305,1.0,0.0,3.8375827540492184,0.46,0.0,False,0.003580199243748242,0.13931216158951526,0.17901131867965378,0.07577747210701764,7.577747210701764e-06,7.577747210701764e-06,-0.0278632768493785,0.0,-0.6337967065379271,0.46310917271083696,0.8178339168514763,0.6337967065379271
151.0,0.0,0.0,-0.07172557283027968,3.888238787115303,4.1787494424501315,-14.345114566055935,1.0,0.0,3.8960389779262754,0.29,0.0,False,0.003358138176334679,0.07172557283027968,0.1679081811728439,0.07577747210701764,7.577747210701764e-06,7.577747210701764e-06,-0.014345549377368594,0.0,-0.7671778837853918,-0.29051065533482845,-0.007800190810972385,0.7671778837853918
152.0,0.0,0.0,0.00822376972980679,4.010800262917415,4.162239911742934,1.644753945961358,1.0,0.0,3.938133766684926,0.19,0.0,False,0.003383727336587665,0.008249407514818986,0.16918764888090257,0.07577747210701764,7.577747210701764e-06,7.577747210701764e-06,0.0016448037997020828,0.0,0.12256147580211163,-0.1514396488255194,0.07266649623248878,0.12256147580211163
153.0,0.0,0.0,-0.002079103872969114,4.074224654534549,4.300247810713339,-0.41582077459382283,1.0,0.0,3.970479600295777,0.17,0.0,False,0.003437911796280886,0.00327002606402496,0.17189689239537054,0.07577747210701764,7.577747210701764e-06,7.577747210701764e-06,-0.00041583337843717304,0.0,0.06342439161713465,-0.22602315617878954,0.10374505423877212,0.06342439161713465
154.0,0.0,0.0,-0.006220995349228664,4.142011183739363,4.229074057947799,-1.2441990698457328,1.0,0.0,3.9900084364415447,0.06,0.0,False,0.0037314139569138228,0.006376368279025304,0.18657211163127632,0.07577747210701764,7.577747210701764e-06,7.577747210701764e-06,-0.0012442367824640791,0.0,0.0677865292048141,-0.08706287420843584,0.1520027472978187,0.0677865292048141
155.0,0.0,0.0,-0.006699514050045102,3.8536872115665233,4.284008191235696,-1.3399028100090205,1.0,0.0,4.012012343985755,0.31,0.0,False,0.003825403440625143,0.006817793359722993,0.19127162142826973,0.07577747210701764,7.577747210701764e-06,7.577747210701764e-06,-0.0013399434234803852,0.0,-0.2883239721728401,-0.4303209796691725,-0.15832513241923163,0.2883239721728401
156.0,0.0,0.0,0.023913905700578084,4.312599006748248,4.206360619098475,4.782781140115617,1.0,0.0,4.075013504877718,0.08,0.0,False,0.003751440620492899,0.023913905700578084,0.18757345239807982,0.07577747210701764,7.577747210701764e-06,7.577747210701764e-06,0.004782926109842845,0.0,0.45891179518172454,0.106238387649773,0.23758550187053018,0.45891179518172454
157.0,0.0,0.0,-0.016454885020261854,4.953891851046152,4.269940299698636,-3.2909770040523707,1.0,0.0,4.092835329248914,0.27,0.0,False,0.0038004195923672392,0.016454885020261854,0.19002241954931023,0.07577747210701764,7.577747210701764e-06,7.577747210701764e-06,-0.0032910767560637238,0.0,0.6412928442979045,0.6839515513475165,0.8610565217972379,0.6412928442979045
158.0,0.0,0.0,-0.07612249384436282,4.690114591516561,4.391688593911204,-15.224498768872563,1.0,0.0,4.148043921997676,0.33,0.0,False,0.0036726599836894697,0.07612249384436282,0.18363439070892085,0.07577747210701764,7.577747210701764e-06,7.577747210701764e-06,-0.015224960234987997,0.0,-0.26377725952959086,0.2984259976053574,0.5420706695188855,0.26377725952959086
159.0,0.0,0.0,-0.047440142656484365,4.400691752500933,4.329656009755651,-9.488028531296873,1.0,0.0,4.192638070751754,0.09,0.0,False,0.0035184474162151423,0.047440142656484365,0.17592370390601184,0.07577747210701764,7.577747210701764e-06,7.577747210701764e-06,-0.009488316120644536,0.0,-0.2894228390156286,0.07103574274528146,0.2080536817491785,0.2894228390156286
160.0,0.0,0.0,-0.01363738531475966,4.880851092868471,4.326148554945934,-2.727477062951932,1.0,0.0,4.215695190481283,0.12,0.0,False,0.0035589745839151718,0.01363738531475966,0.17795007764624488,0.07577747210701764,7.577747210701764e-06,7.577747210701764e-06,-0.002727559734852287,0.0,0.48015934036753816,0.5547025379225365,0.6651559023871876,0.48015934036753816
161.0,0.0,0.0,-0.05919854993694261,5.238662982175926,4.384099622428818,-11.839709987388522,1.0,0.0,4.26431273232041,0.07,0.0,False,0.0036263164607451366,0.0591985499369426,0.1813171970027291,0.07577747210701764,7.577747210701764e-06,7.577747210701764e-06,-0.01184006885798641,0.0,0.3578118893074551,0.8545633597471083,0.9743502498555161,0.3578118893074551
162.0,0.0,0.0,-0.08966798787227023,5.005028687813974,4.34656342084773,-17.933597574454048,1.0,0.0,4.288843163916712,-0.01,0.0,False,0.0036464849207845126,0.08966798787227023,0.18232562764627253,0.07577747210701764,7.577747210701764e-06,7.577747210701764e-06,-0.017934141155410904,0.0,-0.23363429436195204,0.6584652669662443,0.7161855238972619,0.23363429436195204
163.0,0.0,0.0,-0.06676431747767081,5.214246671153776,4.240194551577141,-13.352863495534162,1.0,0.0,4.341949129385975,0.07,0.0,False,0.003621236635382432,0.06676431747767081,0.18106320380991223,0.07577747210701764,7.577747210701764e-06,7.577747210701764e-06,-0.0133532682309636,0.0,0.20921798333980224,0.9740521195766352,0.8722975417678009,0.20921798333980224
164.0,0.0,0.0,-0.08434007270793054,5.5962781159787625,4.349670079234239,-16.868014541586106,1.0,0.0,4.3373602168812395,-0.05,0.0,False,0.0035872484549501972,0.08434007270793054,0.17936378191060853,0.07577747210701764,7.577747210701764e-06,7.577747210701764e-06,-0.016868525823912295,0.0,0.3820314448249862,1.2466080367445231,1.258917899097523,0.3820314448249862
165.0,0.0,0.0,-0.12071976705694377,5.551111560756546,4.303916800336024,-24.143953411388754,1.0,0.0,4.370813988686936,-0.06,0.0,False,0.0035983496277644626,0.12071976705694377,0.17991884475741587,0.07577747210701764,7.577747210701764e-06,7.577747210701764e-06,-0.024144685232945648,0.0,-0.04516655522221669,1.2471947604205216,1.1802975720696098,0.04516655522221669
166.0,0.0,0.0,-0.11315061603048988,5.784130374860926,4.417506607375895,-22.630123206097977,1.0,0.0,4.389034706215421,0.08,0.0,False,0.003533528966821906,0.11315061603048988,0.17667778715055887,0.07577747210701764,7.577747210701764e-06,7.577747210701764e-06,-0.022630809142312115,0.0,0.23301881410437986,1.3666237674850308,1.3950956686455047,0.23301881410437986
167.0,0.0,0.0,-0.13421224674133952,5.579333405519812,4.326043663070904,-26.842449348267905,1.0,0.0,4.4195625291133975,-0.11,0.0,False,0.0038805267718053454,0.13421224674133952,0.19402780887281326,0.07577747210701764,7.577747210701764e-06,7.577747210701764e-06,-0.026843262963285222,0.0,-0.20479696934111402,1.2532897424489073,1.159770876406414,0.20479696934111402
168.0,0.0,0.0,-0.11492285670456415,4.555478661581678,4.33363594410859,-22.98457134091283,1.0,0.0,4.441957056123612,-0.05,0.0,False,0.003902712394824937,0.11492285670456415,0.19513709842964508,0.07577747210701764,7.577747210701764e-06,7.577747210701764e-06,-0.022985268020719016,0.0,-1.0238547439381334,0.2218427174730886,0.11352160545806633,1.0238547439381334
169.0,0.0,0.0,-0.012102541871058066,4.669673102772856,4.374938034448153,-2.420508374211613,1.0,0.0,4.430061295656329,-0.14,0.0,False,0.0039020114292205948,0.012102541871058066,0.19510204988384092,0.07577747210701764,7.577747210701764e-06,7.577747210701764e-06,-0.0024205817416579757,0.0,0.11419444119117816,0.2947350683247034,0.2396118071165274,0.11419444119117816
170.0,0.0,0.0,-0.021631604024293156,4.858205245980406,4.300017518808473,-4.326320804858631,1.0,0.0,4.434448657370953,-0.05,0.0,False,0.0038648931229820008,0.021631604024293156,0.19324612050825415,0.07577747210701764,7.577747210701764e-06,7.577747210701764e-06,-0.004326451938926573,0.0,0.1885321432075493,0.5581877271719327,0.42375658860945276,0.1885321432075493
171.0,0.0,0.0,-0.039654844266097826,5.040066092390128,4.529460842430925,-7.930968853219565,1.0,0.0,4.4533488665885725,0.08,0.0,False,0.004005643217833378,0.03965484426609783,0.2002836785792549,0.07577747210701764,7.577747210701764e-06,7.577747210701764e-06,-0.007931209246906337,0.0,0.18186084640972222,0.5106052499592026,0.5867172258015554,0.18186084640972222
172.0,0.0,0.0,-0.05629430681098998,4.463660894856368,4.443411742453874,-11.258861362197996,1.0,0.0,4.461641778600152,-0.1,0.0,False,0.004076528466464143,0.05629430681098998,0.20382796786831794,0.07577747210701764,7.577747210701764e-06,7.577747210701764e-06,-0.0112592026268331,0.0,-0.5764051975337603,0.02024915240249392,0.0020191162562159803,0.5764051975337603
173.0,0.0,0.0,0.003229891951658021,4.7144838730512415,4.525580562629253,0.6459783903316042,1.0,0.0,4.4771016950789075,-0.01,0.0,False,0.003899182118599182,0.004048353842007216,0.19496058328078023,0.07577747210701764,7.577747210701764e-06,7.577747210701764e-06,0.0006459979704270126,0.0,0.25082297819487387,0.18890331042198838,0.23738217797233396,0.25082297819487387
174.0,0.0,0.0,-0.02062592741424614,3.6050963091793267,4.417182377981521,-4.125185482849228,1.0,0.0,4.4959610381381845,-0.09,0.0,False,0.003921288739984369,0.02062592741424614,0.19606592272595905,0.07577747210701764,7.577747210701764e-06,7.577747210701764e-06,-0.004125310520352868,0.0,-1.1093875638719148,-0.8120860688021945,-0.8908647289588578,1.1093875638719148
175.0,0.0,0.0,0.0920760667842599,3.456173860854156,4.590186412163566,18.415213356851982,1.0,0.0,4.508216784005584,0.01,0.0,False,0.004011586550429542,0.09207606678425989,0.20058084746091673,0.07577747210701764,7.577747210701764e-06,7.577747210701764e-06,0.01841577153594882,0.0,-0.14892244832517054,-1.1340125513094095,-1.0520429231514279,0.14892244832517054
176.0,0.0,0.0,0.10891584088374563,2.9577226614131904,4.617374789525097,21.783168176749125,1.0,0.0,4.5258918634798375,0.0,0.0,False,0.004150222876055377,0.10891584088374563,0.20751271626975998,0.07577747210701764,7.577747210701764e-06,7.577747210701764e-06,0.021783828441113356,0.0,-0.4984511994409657,-1.6596521281119063,-1.5681692020666471,0.4984511994409657
177.0,0.0,0.0,0.16227392898849075,3.0706532078629394,4.752871540515175,32.45478579769815,1.0,0.0,4.545373536527084,0.28,0.0,False,0.004067568770063325,0.16227392898849075,0.20337997965356136,0.07577747210701764,7.577747210701764e-06,7.577747210701764e-06,0.03245576952689388,0.0,0.11293054644974898,-1.6822183326522353,-1.4747203286641444,0.11293054644974898
178.0,0.0,0.0,0.15533521686589383,2.183153984998733,4.795784686258984,31.067043373178766,1.0,0.0,4.580523434838735,0.23,0.0,False,0.004164005974967433,0.15533521686589383,0.2082018764376047,0.07577747210701764,7.577747210701764e-06,7.577747210701764e-06,0.031067985038848094,0.0,-0.8874992228642062,-2.612630701260251,-2.397369449840002,0.8874992228642062
179.0,0.0,0.0,0.24531976367573205,2.013576627474553,4.779138303881763,49.06395273514641,1.0,0.0,4.624064231072193,0.12,0.0,False,0.004031490289353504,0.24531976367573205,0.20157604194839002,0.07577747210701764,7.577747210701764e-06,7.577747210701764e-06,0.049065439900800936,0.0,-0.16957735752418035,-2.76556167640721,-2.6104876035976403,0.16957735752418035
180.0,0.0,0.0,0.26520285308565217,1.3385497431916433,4.820783483072899,53.040570617130435,1.0,0.0,4.636444570313797,0.18,0.0,False,0.004085494618932658,0.2652028530856522,0.2042762788889055,0.07577747210701764,7.577747210701764e-06,7.577747210701764e-06,0.05304217831709183,0.0,-0.6750268842829095,-3.4822337398812553,-3.2978948271221538,0.6750268842829095
181.0,0.0,0.0,0.3387625646340669,1.707922759798016,4.922316283283022,67.75251292681338,1.0,0.0,4.665705640340084,0.32,0.0,False,0.004212883185929885,0.33876256463406695,0.21064575550468478,0.07577747210701764,7.577747210701764e-06,7.577747210701764e-06,0.06775456655691482,0.0,0.3693730166063727,-3.2143935234850063,-2.957782880542068,0.3693730166063727
182.0,0.0,0.0,0.3069510593964263,1.6511021686690082,4.985085473811093,61.39021187928526,1.0,0.0,4.726303742386271,0.35,0.0,False,0.004147070450326533,0.3069510593964263,0.20735509378890354,0.07577747210701764,7.577747210701764e-06,7.577747210701764e-06,0.061392072663211984,0.0,-0.056820591129007836,-3.333983305142085,-3.075201573717263,0.056820591129007836
183.0,0.0,0.0,0.3182466994421151,2.1819565025065093,5.004387046112013,63.64933988842302,1.0,0.0,4.777549653638984,0.32,0.0,False,0.004234762931100705,0.3182466994421151,0.2117397510531846,0.07577747210701764,7.577747210701764e-06,7.577747210701764e-06,0.06365126914823473,0.0,0.5308543338375011,-2.822430543605504,-2.595593151132475,0.5308543338375011
184.0,0.0,0.0,0.26912790067516684,1.9313224112767815,5.027205645144144,53.82558013503337,1.0,0.0,4.833689742742107,0.23,0.0,False,0.004208392259469474,0.2691279006751668,0.21042120748010903,0.07577747210701764,7.577747210701764e-06,7.577747210701764e-06,0.053827211629229196,0.0,-0.2506340912297278,-3.0958832338673625,-2.9023673314653253,0.2506340912297278
185.0,0.0,0.0,0.2983980853368906,2.047725942742909,4.978275686579086,59.679617067378125,1.0,0.0,4.873337478418108,0.18,0.0,False,0.00412579922074146,0.2983980853368906,0.20629152425024977,0.07577747210701764,7.577747210701764e-06,7.577747210701764e-06,0.059681426001877494,0.0,0.11640353146612736,-2.930549743836177,-2.825611535675199,0.11640353146612736
186.0,0.0,0.0,0.2918219890030556,2.316829747592991,5.094624902620855,58.36439780061112,1.0,0.0,4.915416323908627,0.27,0.0,False,0.004345875610254503,0.2918219890030556,0.2172954271100643,0.07577747210701764,7.577747210701764e-06,7.577747210701764e-06,0.058366166869816064,0.0,0.269103804850082,-2.777795155027864,-2.5985865763156357,0.269103804850082
187.0,0.0,0.0,0.2677457469216028,1.2620623800720343,5.084633505655829,53.54914938432056,1.0,0.0,4.966056400436622,0.11,0.0,False,0.004279876676005107,0.2677457469216028,0.2139954553914326,0.07577747210701764,7.577747210701764e-06,7.577747210701764e-06,0.05355077249969048,0.0,-1.0547673675209566,-3.822571125583795,-3.703994020364587,1.0547673675209566
188.0,0.0,0.0,0.37656238821294946,1.1314905023197919,5.118854989170366,75.3124776425899,1.0,0.0,4.994388662288362,0.2,0.0,False,0.00423274609367841,0.37656238821294946,0.21163890841791574,0.07577747210701764,7.577747210701764e-06,7.577747210701764e-06,0.07531476042096107,0.0,-0.13057187775224244,-3.987364486850574,-3.86289815996857,0.13057187775224244
189.0,0.0,0.0,0.3948589006268792,0.8954625650758876,5.234193210916432,78.97178012537583,1.0,0.0,5.027828936930873,0.21,0.0,False,0.004095231274744857,0.3948589006268792,0.20476311536861136,0.07577747210701764,7.577747210701764e-06,7.577747210701764e-06,0.07897417381998323,0.0,-0.23602793724390425,-4.338730645840545,-4.132366371854985,0.23602793724390425
190.0,0.0,0.0,0.4212630628601142,1.5796518604982415,5.2993343082812805,84.25261257202284,1.0,0.0,5.080229115635222,0.05,0.0,False,0.004244566931865363,0.4212630628601142,0.21222995480602952,0.07577747210701764,7.577747210701764e-06,7.577747210701764e-06,0.08425516633267066,0.0,0.6841892954223538,-3.719682447783039,-3.5005772551369807,0.6841892954223538
191.0,0.0,0.0,0.35839171908793793,1.1069401287054155,5.4117950841908735,71.67834381758759,1.0,0.0,5.108252804927003,0.35,0.0,False,0.004348384856045369,0.358391719087938,0.21742089035032916,0.07577747210701764,7.577747210701764e-06,7.577747210701764e-06,0.07168051644260365,0.0,-0.472711731792826,-4.3048549554854585,-4.001312676221588,0.472711731792826
192.0,0.0,0.0,0.4102263898602846,1.3885356584766424,5.345017947871415,82.04527797205692,1.0,0.0,5.163704841470101,0.23,0.0,False,0.004335230470182635,0.4102263898602847,0.21676316607316176,0.07577747210701764,7.577747210701764e-06,7.577747210701764e-06,0.08204776482671731,0.0,0.2815955297712269,-3.9564822893947724,-3.7751691829934586,0.2815955297712269
193.0,0.0,0.0,0.3866178841628227,1.0738507411527283,5.419483821839778,77.32357683256454,1.0,0.0,5.209359456902335,0.33,0.0,False,0.003955473574287269,0.3866178841628226,0.19777517739330566,0.07577747210701764,7.577747210701764e-06,7.577747210701764e-06,0.07732592056887888,0.0,-0.3146849173239141,-4.345633080687049,-4.135508715749607,0.3146849173239141
194.0,0.0,0.0,0.424771248513121,0.41011847627399156,5.6011421293852655,84.9542497026242,1.0,0.0,5.254860984734531,0.43,0.0,False,0.003953350266408671,0.424771248513121,0.19766901119488128,0.07577747210701764,7.577747210701764e-06,7.577747210701764e-06,0.0849568247304261,0.0,-0.6637322648787367,-5.191023653111274,-4.8447425084605396,0.6637322648787367
195.0,0.0,0.0,0.4967954961239005,0.2303393953469537,5.694155333831443,99.3590992247801,1.0,0.0,5.321724166741115,0.38,0.0,False,0.0039683563441572315,0.4967954961239005,0.19841932076792232,0.07577747210701764,7.577747210701764e-06,7.577747210701764e-06,0.09936211087450651,0.0,-0.17977908092703787,-5.463815938484489,-5.091384771394161,0.17977908092703787
196.0,0.0,0.0,0.518943985839482,0.6368035675737211,5.7414850965124895,103.78879716789639,1.0,0.0,5.378261667047244,0.33,0.0,False,0.004003798461449475,0.518943985839482,0.20019144006110506,0.07577747210701764,7.577747210701764e-06,7.577747210701764e-06,0.10379194308513029,0.0,0.40646417222676745,-5.104681528938769,-4.741458099473523,0.40646417222676745
197.0,0.0,0.0,0.4859370832627777,0.5001659335212327,5.813206072305173,97.18741665255554,1.0,0.0,5.419975875058827,0.57,0.0,False,0.0038493444919788494,0.4859370832627778,0.19246868306691683,0.07577747210701764,7.577747210701764e-06,7.577747210701764e-06,0.09719036247693456,0.0,-0.1366376340524884,-5.31304013878394,-4.919809941537594,0.1366376340524884
198.0,0.0,0.0,0.504088151107435,0.6961281714875864,5.79736681940502,100.817630221487,1.0,0.0,5.496358515620357,0.33,0.0,False,0.003917828543590753,0.504088151107435,0.19589291159525352,0.07577747210701764,7.577747210701764e-06,7.577747210701764e-06,0.10082068608039517,0.0,0.1959622379663537,-5.101238647917433,-4.80023034413277,0.1959622379663537
199.0,0.0,0.0,0.4897700301902141,0.49240565754412197,5.787153838928201,97.95400603804282,1.0,0.0,5.541238437224628,0.25,0.0,False,0.0038858448769106373,0.4897700301902141,0.1942937161430406,0.07577747210701764,7.577747210701764e-06,7.577747210701764e-06,0.09795697509832807,0.0,-0.20372251394346447,-5.294748181384079,-5.048832779680506,0.20372251394346447
200.0,0.0,0.0,0.5168790435209254,1.2038552799437816,5.957777791013631,103.37580870418508,1.0,0.0,5.594014041063731,0.46,0.0,False,0.00408122606055399,0.5168790435209253,0.2040628493526693,0.07577747210701764,7.577747210701764e-06,7.577747210701764e-06,0.10337894210342512,0.0,0.7114496223996596,-4.753922511069849,-4.390158761119949,0.7114496223996596
201.0,0.0,0.0,0.44978370780634847,1.291505202248014,5.9035591252645805,89.9567415612697,1.0,0.0,5.661391931689886,0.31,0.0,False,0.004025503185936003,0.44978370780634847,0.20127668450907713,0.07577747210701764,7.577747210701764e-06,7.577747210701764e-06,0.0899594682183975,0.0,0.08764992230423241,-4.612053923016567,-4.369886729441872,0.08764992230423241
202.0,0.0,0.0,0.44637930866296116,0.3984097741656454,5.964474557331176,89.27586173259223,1.0,0.0,5.701862775369125,0.35,0.0,False,0.0040669658683636385,0.44637930866296116,0.2033498343401452,0.07577747210701764,7.577747210701764e-06,7.577747210701764e-06,0.08927856775173552,0.0,-0.8930954280823686,-5.5660647831655305,-5.303453001203479,0.8930954280823686
203.0,0.0,0.0,0.5391663767272828,0.25440290246567426,6.0508471667609625,107.83327534545657,1.0,0.0,5.755467416355677,0.19,0.0,False,0.003981389565412793,0.5391663767272828,0.19907098676882323,0.07577747210701764,7.577747210701764e-06,7.577747210701764e-06,0.10783654385389442,0.0,-0.14400687169997112,-5.796444264295288,-5.501064513890003,0.14400687169997112
204.0,0.0,0.0,0.5560384764480849,0.6895351270307319,6.037951679656892,111.20769528961698,1.0,0.0,5.7902778247638365,0.01,0.0,False,0.004159100845380641,0.5560384764480849,0.20795661809977367,0.07577747210701764,7.577747210701764e-06,7.577747210701764e-06,0.11121106607928503,0.0,0.4351322245650577,-5.34841655262616,-5.1007426977331045,0.4351322245650577
205.0,0.0,0.0,0.5194500572640566,0.44225515698835133,6.2070664532974655,103.89001145281132,1.0,0.0,5.814998342897215,0.55,0.0,False,0.004136344944018266,0.5194500572640566,0.20681881440973118,0.07577747210701764,7.577747210701764e-06,7.577747210701764e-06,0.10389316043792704,0.0,-0.24727997004238061,-5.764811296309114,-5.372743185908863,0.24727997004238061
206.0,0.0,0.0,0.5503332864973719,0.8748193255973788,6.2545674068377375,110.06665729947439,1.0,0.0,5.884232512732419,0.43,0.0,False,0.0041679352446641295,0.5503332864973719,0.20839834141119004,0.07577747210701764,7.577747210701764e-06,7.577747210701764e-06,0.11006999350341473,0.0,0.4325641686090275,-5.379748081240359,-5.00941318713504,0.4325641686090275
207.0,0.0,0.0,0.5099826301173976,0.5842958140487715,6.2432925782665,101.99652602347953,1.0,0.0,5.945796536288401,0.23,0.0,False,0.004146085708048223,0.5099826301173976,0.20730585630188153,0.07577747210701764,7.577747210701764e-06,7.577747210701764e-06,0.10199961761561444,0.0,-0.29052351154860734,-5.658996764217728,-5.361500722239629,0.29052351154860734
208.0,0.0,0.0,0.5460045779516483,0.6264169087939959,6.407022252858556,109.20091559032964,1.0,0.0,5.974838852743995,0.58,0.0,False,0.0039888879657342105,0.5460045779516483,0.19944590962594327,0.07577747210701764,7.577747210701764e-06,7.577747210701764e-06,0.10920422555298157,0.0,0.04212109474522441,-5.7806053440645595,-5.348421943949999,0.04212109474522441
209.0,0.0,0.0,0.5488920490216922,1.001795760887886,6.365748793768127,109.77840980433844,1.0,0.0,6.044548467798628,0.46,0.0,False,0.0038013996771378146,0.5488920490216923,0.1900714241591809,0.07577747210701764,7.577747210701764e-06,7.577747210701764e-06,0.10978173727127839,0.0,0.3753788520938901,-5.363953032880241,-5.042752706910742,0.3753788520938901
210.0,0.0,0.0,0.5161720637522836,0.7726943392789964,6.382597781883894,103.23441275045673,1.0,0.0,6.115545367270585,0.29,0.0,False,0.0036817101230532077,0.5161720637522836,0.18408690110609108,0.07577747210701764,7.577747210701764e-06,7.577747210701764e-06,0.10323754186387807,0.0,-0.22910142160888958,-5.609903442604898,-5.342851027991588,0.22910142160888958
211.0,0.0,0.0,0.545193337861401,0.43878187463791457,6.401486316720098,109.0386675722802,1.0,0.0,6.163711969481534,0.29,0.0,False,0.0036062338907429637,0.545193337861401,0.18031306089358842,0.07577747210701764,7.577747210701764e-06,7.577747210701764e-06,0.10904197261707152,0.0,-0.3339124646410819,-5.962704442082184,-5.72493009484362,0.3339124646410819
212.0,0.0,0.0,0.5787389796777797,0.3521556248022183,6.213946632366396,115.74779593555593,1.0,0.0,6.2248342847577645,-0.11,0.0,False,0.0038671709617008106,0.5787389796777797,0.1933600133072391,0.07577747210701764,7.577747210701764e-06,7.577747210701764e-06,0.1157513043391212,0.0,-0.08662624983569628,-5.861791007564177,-5.872678659955546,0.08662624983569628
213.0,0.0,0.0,0.5934913353808997,-0.0763804860305769,6.34047669299761,118.69826707617995,1.0,0.0,6.226390948300153,0.12,0.0,False,0.003841785225285644,0.5934913353808997,0.19209071686814583,0.07577747210701764,7.577747210701764e-06,7.577747210701764e-06,0.11870186491076536,0.0,-0.4285361108327952,-6.416857179028187,-6.30277143433073,0.4285361108327952
214.0,0.0,0.0,0.6367776978610853,-0.39371690568203865,6.234578288167047,127.35553957221707,1.0,0.0,6.287293844976773,0.1,0.0,False,0.0037104650255187525,0.6367776978610853,0.18552465712423763,0.07577747210701764,7.577747210701764e-06,7.577747210701764e-06,0.12735939981530406,0.0,-0.31733641965146175,-6.628295193849086,-6.681010750658812,0.31733641965146175
215.0,0.0,0.0,0.6701122227324526,-0.17196945298690874,6.273092611114007,134.02244454649053,1.0,0.0,6.291637759601461,-0.04,0.0,False,0.0036499666410126637,0.6701122227324526,0.18249971497685974,0.07577747210701764,7.577747210701764e-06,7.577747210701764e-06,0.1340265068685285,0.0,0.2217474526951299,-6.445062064100916,-6.463607212588371,0.2217474526951299
216.0,0.0,0.0,0.6469236842475955,-0.005812281604186334,6.164685829432884,129.3847368495191,1.0,0.0,6.307659218693815,0.06,0.0,False,0.0037865789790856234,0.6469236842475955,0.18933038364119595,0.07577747210701764,7.577747210701764e-06,7.577747210701764e-06,0.12938865859911602,0.0,0.1661571713827224,-6.17049811103707,-6.313471500298001,0.1661571713827224
217.0,0.0,0.0,0.6318765096281675,0.30214701933495003,6.23272182350114,126.37530192563351,1.0,0.0,6.297512500696231,-0.09,0.0,False,0.003943204885341131,0.6318765096281674,0.1971617382975476,0.07577747210701764,7.577747210701764e-06,7.577747210701764e-06,0.12637913245697327,0.0,0.30795930093913637,-5.93057480416619,-5.995365481361281,0.30795930093913637
218.0,0.0,0.0,0.6007958791172467,0.3434740302488879,6.2350042474516405,120.15917582344935,1.0,0.0,6.3131922247004,-0.02,0.0,False,0.004046242540172913,0.6007958791172467,0.20231366007880175,0.07577747210701764,7.577747210701764e-06,7.577747210701764e-06,0.12016281793928794,0.0,0.04132701091393787,-5.891530217202753,-5.969718194451513,0.04132701091393787
219.0,0.0,0.0,0.5994372433997144,1.1381597893003341,6.348344189780753,119.88744867994288,1.0,0.0,6.3103334444722705,0.06,0.0,False,0.003977031406962556,0.5994372433997144,0.1988530771950604,0.07577747210701764,7.577747210701764e-06,7.577747210701764e-06,0.11989108255952548,0.0,0.7946857590514462,-5.2101844004804185,-5.172173655171936,0.7946857590514462
220.0,0.0,0.0,0.5188790743970404,1.4883033495843079,6.206377968059415,103.77581487940809,1.0,0.0,6.338073583440985,0.01,0.0,False,0.0040594018786345686,0.5188790743970404,0.2029716319877916,0.07577747210701764,7.577747210701764e-06,7.577747210701764e-06,0.10377896040313896,0.0,0.35014356028397375,-4.718074618475107,-4.8497702338566775,0.35014356028397375
221.0,0.0,0.0,0.48416974904252746,1.645144042063436,6.1983117985383,96.8339498085055,1.0,0.0,6.327147129993668,0.07,0.0,False,0.003863794603377314,0.4841697490425275,0.19319119411180458,0.07577747210701764,7.577747210701764e-06,7.577747210701764e-06,0.09683688491903614,0.0,0.15684069247912813,-4.553167756474863,-4.682003087930232,0.15684069247912813
222.0,0.0,0.0,0.467380960270444,2.8442568645691058,6.236115325478237,93.4761920540888,1.0,0.0,6.330184285807843,-0.07,0.0,False,0.004078596233037147,0.4673809602704439,0.20393135698041884,0.07577747210701764,7.577747210701764e-06,7.577747210701764e-06,0.09347902538843283,0.0,1.1991128225056698,-3.3918584609091313,-3.4859274212387374,1.1991128225056698
223.0,0.0,0.0,0.34534128572138606,2.7267991059255614,6.128166326070539,69.06825714427721,1.0,0.0,6.3191307295062735,0.15,0.0,False,0.003992237487397797,0.345341285721386,0.19961338697821407,0.07577747210701764,7.577747210701764e-06,7.577747210701764e-06,0.06907035065558474,0.0,-0.11745775864354435,-3.4013672201449774,-3.592331623580712,0.11745775864354435
224.0,0.0,0.0,0.3589162948200773,2.5179550819401126,6.19704280067262,71.78325896401546,1.0,0.0,6.297800567231193,-0.08,0.0,False,0.004065733835431103,0.3589162948200773,0.20328823222671666,0.07577747210701764,7.577747210701764e-06,7.577747210701764e-06,0.07178543476908925,0.0,-0.20884402398544877,-3.6790877187325077,-3.7798454852910806,0.20884402398544877
225.0,0.0,0.0,0.3799813027562015,3.2232546801069253,6.2317748893723826,75.9962605512403,1.0,0.0,6.316098042973929,-0.01,0.0,False,0.004016773921057405,0.37998130275620157,0.2008402179577391,0.07577747210701764,7.577747210701764e-06,7.577747210701764e-06,0.07599856405559052,0.0,0.7052995981668126,-3.0085202092654573,-3.0928433628670033,0.7052995981668126
226.0,0.0,0.0,0.30826777890405405,3.707448963253619,6.267654436643849,61.65355578081081,1.0,0.0,6.3179120796149775,0.04,0.0,False,0.003988194102157075,0.30826777890405405,0.1994112161841903,0.07577747210701764,7.577747210701764e-06,7.577747210701764e-06,0.06165542454689111,0.0,0.48419428314669366,-2.5602054733902304,-2.6104631163613585,0.48419428314669366
227.0,0.0,0.0,0.2611874423845089,3.1690876546850215,6.216784316393197,52.23748847690178,1.0,0.0,6.306049267912551,-0.05,0.0,False,0.0038603456409497137,0.2611874423845089,0.19301874468365623,0.07577747210701764,7.577747210701764e-06,7.577747210701764e-06,0.052239071834833846,0.0,-0.5383613085685974,-3.047696661708175,-3.136961613227529,0.5383613085685974
228.0,0.0,0.0,0.32066706181511,4.276173354395067,6.500797089815674,64.133412363022,1.0,0.0,6.319422347719356,0.28,0.0,False,0.0038467940939443464,0.32066706181511,0.19234116219887804,0.07577747210701764,7.577747210701764e-06,7.577747210701764e-06,0.0641353562954379,0.0,1.1070856997100456,-2.2246237354206073,-2.0432489933242888,1.1070856997100456
229.0,0.0,0.0,0.21346220338700253,4.210241099317252,6.5645482122736665,42.692440677400505,1.0,0.0,6.37587976953278,0.26,0.0,False,0.003703942061928758,0.21346220338700253,0.1851985064732693,0.07577747210701764,7.577747210701764e-06,7.577747210701764e-06,0.0426937347176876,0.0,-0.06593225507781497,-2.3543071129564144,-2.165638670215528,0.06593225507781497
230.0,0.0,0.0,0.22427123351219966,4.093061069818492,6.534170018325531,44.85424670243993,1.0,0.0,6.410876266395905,0.15,0.0,False,0.0038151099305268636,0.22427123351219966,0.19075694202327487,0.07577747210701764,7.577747210701764e-06,7.577747210701764e-06,0.04485560626870879,0.0,-0.11718002949876016,-2.441108948507039,-2.3178151965774134,0.11718002949876016
231.0,0.0,0.0,0.23988405297690815,4.756364768782554,6.478650427776257,47.97681059538163,1.0,0.0,6.453038407974955,0.06,0.0,False,0.0035723434796640545,0.23988405297690815,0.17861852749899462,0.07577747210701764,7.577747210701764e-06,7.577747210701764e-06,0.047978264808932594,0.0,0.6633036989640617,-1.7222856589937034,-1.6966736391924018,0.6633036989640617
232.0,0.0,0.0,0.17585109660932674,4.5139290112768435,6.369328178859018,35.170219321865346,1.0,0.0,6.491992488623238,-0.14,0.0,False,0.0035184831108230714,0.17585109660932674,0.1759254886499325,0.07577747210701764,7.577747210701764e-06,7.577747210701764e-06,0.03517128535791263,0.0,-0.24243575750571011,-1.8553991675821742,-1.978063477346394,0.24243575750571011
233.0,0.0,0.0,0.19601018825666447,3.9239384679090454,6.191471099483325,39.202037651332894,1.0,0.0,6.514942362633661,0.23,0.0,False,0.003534144530429097,0.19601018825666447,0.1767085655641477,0.07577747210701764,7.577747210701764e-06,7.577747210701764e-06,0.03920322589485451,0.0,-0.5899905433677981,-2.267532631574279,-2.591003894724616,0.5899905433677981
234.0,0.0,0.0,0.2500671525041139,3.6811130944508395,5.988829273657406,50.01343050082278,1.0,0.0,6.474105159626353,0.35,0.0,False,0.003433310376774467,0.2500671525041139,0.17166681967662992,0.07577747210701764,7.577747210701764e-06,7.577747210701764e-06,0.05001494644586918,0.0,-0.24282537345820598,-2.3077161792065666,-2.7929920651755133,0.24282537345820598
235.0,0.0,0.0,0.2702620592148841,3.8786295946636353,5.946852097090979,54.052411842976824,1.0,0.0,6.42470474023355,0.34,0.0,False,0.003480523778277603,0.2702620592148841,0.17402750764034763,0.07577747210701764,7.577747210701764e-06,7.577747210701764e-06,0.05405405021261392,0.0,0.19751650021279588,-2.0682225024273433,-2.546075145569915,0.19751650021279588
236.0,0.0,0.0,0.251056884839619,3.2234441946051815,6.138446092508235,50.211376967923805,1.0,0.0,6.383836085477947,0.0,0.0,False,0.00382573315574675,0.2510568848396191,0.191288107309275,0.07577747210701764,7.577747210701764e-06,7.577747210701764e-06,0.050212898912877904,0.0,-0.6551854000584538,-2.9150018979030534,-3.1603918908727655,0.6551854000584538
237.0,0.0,0.0,0.3122784883294495,3.610064723468345,6.028048264412998,62.4556976658899,1.0,0.0,6.389293565340264,0.34,0.0,False,0.0038079193727675363,0.3122784883294495,0.19039741141089706,0.07577747210701764,7.577747210701764e-06,7.577747210701764e-06,0.06245759074549968,0.0,0.38662052886316367,-2.417983540944653,-2.7792288418719187,0.38662052886316367
238.0,0.0,0.0,0.27438992104753207,3.630742336511245,6.143240597619528,54.877984209506415,1.0,0.0,6.346347396271868,-0.03,0.0,False,0.004007196574416628,0.274389921047532,0.20036134699696462,0.07577747210701764,7.577747210701764e-06,7.577747210701764e-06,0.05487964760286868,0.0,0.020677613042899612,-2.512498261108283,-2.7156050597606236,0.020677613042899612
239.0,0.0,0.0,0.2734591456400762,4.360217746107839,6.249467165801877,54.691829128015236,1.0,0.0,6.3540678968166056,-0.06,0.0,False,0.003923255303762655,0.2734591456400762,0.19616425165997953,0.07577747210701764,7.577747210701764e-06,7.577747210701764e-06,0.05469348687887566,0.0,0.7294754095965943,-1.8892494196940381,-1.9938501507087665,0.7294754095965943
240.0,0.0,0.0,0.20157044102646968,3.853432636791964,6.292383877350626,40.314088205293935,1.0,0.0,6.365437403125909,-0.13,0.0,False,0.004050274759348721,0.20157044102646968,0.20251527256534899,0.07577747210701764,7.577747210701764e-06,7.577747210701764e-06,0.04031531015591206,0.0,-0.5067851093158753,-2.438951240558662,-2.512004766333945,0.5067851093158753
241.0,0.0,0.0,0.25403859724166666,3.802164517027993,6.246900744263154,50.80771944833333,1.0,0.0,6.375998528864895,-0.11,0.0,False,0.004065035059803083,0.25403859724166666,0.2032532931805586,0.07577747210701764,7.577747210701764e-06,7.577747210701764e-06,0.05080925946888073,0.0,-0.05126811976397061,-2.444736227235161,-2.573834011836902,0.05126811976397061
242.0,0.0,0.0,0.25877845139112093,3.403527562632579,6.183776501876132,51.755690278224186,1.0,0.0,6.3939148612222105,-0.02,0.0,False,0.004037200664350423,0.25877845139112093,0.20186156286182477,0.07577747210701764,7.577747210701764e-06,7.577747210701764e-06,0.05175725903248709,0.0,-0.398636954395414,-2.7802489392435525,-2.9903872985896314,0.398636954395414
243.0,0.0,0.0,0.29913293042389605,3.180707591043816,6.226858241103153,59.82658608477921,1.0,0.0,6.39004707882361,0.06,0.0,False,0.003841932475815244,0.29913293042389605,0.19209807945041726,0.07577747210701764,7.577747210701764e-06,7.577747210701764e-06,0.05982839947402107,0.0,-0.2228199715887631,-3.0461506500593365,-3.209339487779794,0.2228199715887631
244.0,0.0,0.0,0.325538876152177,3.1450917377701746,6.329892463279798,65.10777523043541,1.0,0.0,6.394970204557994,-0.12,0.0,False,0.0038141313299962336,0.325538876152177,0.19070801162596415,0.07577747210701764,7.577747210701764e-06,7.577747210701764e-06,0.06510974869652951,0.0,-0.03561585327364147,-3.184800725509623,-3.2498784667878198,0.03561585327364147
245.0,0.0,0.0,0.33236192342867277,3.506097699649862,6.380051138957466,66.47238468573455,1.0,0.0,6.43621969513112,-0.08,0.0,False,0.0038240465231435036,0.3323619234286728,0.19120377504006889,0.07577747210701764,7.577747210701764e-06,7.577747210701764e-06,0.0664743995141772,0.0,0.3610059618796875,-2.873953439307604,-2.930121995481258,0.3610059618796875
246.0,0.0,0.0,0.2972357682976317,3.6333039148430197,6.283190869183047,59.44715365952634,1.0,0.0,6.468836899788809,0.02,0.0,False,0.003718501439472942,0.29723576829763165,0.18592648086684266,0.07577747210701764,7.577747210701764e-06,7.577747210701764e-06,0.05944895554788334,0.0,0.12720621519315767,-2.649886954340027,-2.8355329849457895,0.12720621519315767
247.0,0.0,0.0,0.28547607878525155,3.5651757367266486,6.442333873697815,57.09521575705031,1.0,0.0,6.478568001501883,-0.13,0.0,False,0.003946617338270219,0.28547607878525155,0.1973323622369373,0.07577747210701764,7.577747210701764e-06,7.577747210701764e-06,0.057096946356384,0.0,-0.06812817811637117,-2.8771581369711665,-2.9133922647752346,0.06812817811637117
248.0,0.0,0.0,0.2931055759269166,3.535922700646231,6.522309286327868,58.621115185383324,1.0,0.0,6.488172865973519,0.03,0.0,False,0.0037697568175350613,0.2931055759269166,0.1884892691899635,0.07577747210701764,7.577747210701764e-06,7.577747210701764e-06,0.05862289203588708,0.0,-0.029253036080417516,-2.986386585681637,-2.952250165327288,0.029253036080417516
249.0,0.0,0.0,0.2967731100675724,3.152844865391346,6.431954841085695,59.35462201351448,1.0,0.0,6.496342549993833,-0.01,0.0,False,0.0038091154427955,0.29677311006757245,0.19045721536547114,0.07577747210701764,7.577747210701764e-06,7.577747210701764e-06,0.059356421097167045,0.0,-0.3830778352548849,-3.2791099756943485,-3.343497684602487,0.3830778352548849
250.0,0.0,0.0,0.3354857624017153,3.8075513090918554,6.371290913947217,67.09715248034306,1.0,0.0,6.5037662449023035,-0.09,0.0,False,0.003804699691939291,0.3354857624017153,0.19023642614958838,0.07577747210701764,7.577747210701764e-06,7.577747210701764e-06,0.06709918624597185,0.0,0.6547064437005092,-2.5637396048553613,-2.696214935810448,0.6547064437005092
251.0,0.0,0.0,0.2703572826453244,3.877212537421885,6.373790191089538,54.071456529064875,1.0,0.0,6.507829600723508,0.01,0.0,False,0.003948234287627305,0.2703572826453244,0.1974132103174332,0.07577747210701764,7.577747210701764e-06,7.577747210701764e-06,0.05407309547596086,0.0,0.06966122833002952,-2.4965776536676527,-2.6306170633016235,0.06966122833002952
252.0,0.0,0.0,0.25987906073989286,4.785779651793795,6.268257057892308,51.97581214797857,1.0,0.0,6.51122657050232,0.25,0.0,False,0.003771933177231002,0.25987906073989286,0.18859808799935582,0.07577747210701764,7.577747210701764e-06,7.577747210701764e-06,0.05197738757430245,0.0,0.9085671143719098,-1.4824774060985133,-1.725446918708525,0.9085671143719098
253.0,0.0,0.0,0.16826151453929378,4.500992891420792,6.214108293411979,33.652302907858754,1.0,0.0,6.476101609712192,0.05,0.0,False,0.003968470987294901,0.16826151453929378,0.19842505296824275,0.07577747210701764,7.577747210701764e-06,7.577747210701764e-06,0.03365332293470719,0.0,-0.2847867603730023,-1.7131154019911863,-1.9751087182913993,0.2847867603730023
254.0,0.0,0.0,0.19507019326016026,4.741090597873567,6.095077970034517,39.01403865203205,1.0,0.0,6.468458549347854,0.07,0.0,False,0.0038798931689800367,0.19507019326016029,0.19399612849148376,0.07577747210701764,7.577747210701764e-06,7.577747210701764e-06,0.03901522119716128,0.0,0.24009770645277495,-1.3539873721609492,-1.727367951474287,0.24009770645277495
255.0,0.0,0.0,0.16929971510146227,5.0217163000704605,6.145270226776213,33.859943020292455,1.0,0.0,6.4517687336530365,0.07,0.0,False,0.0038732508260431015,0.16929971510146227,0.19366400882793722,0.07577747210701764,7.577747210701764e-06,7.577747210701764e-06,0.03386096934087033,0.0,0.2806257021968932,-1.1235539267057524,-1.430052433582576,0.2806257021968932
256.0,0.0,0.0,0.1416275591595315,5.132216097493554,6.177417022151702,28.325511831906304,1.0,0.0,6.434151894410382,-0.02,0.0,False,0.003781425458254493,0.1416275591595315,0.18907270564703563,0.07577747210701764,7.577747210701764e-06,7.577747210701764e-06,0.02832637039967337,0.0,0.11049979742309368,-1.0452009246581477,-1.301935796916828,0.11049979742309368
257.0,0.0,0.0,0.12795254926586572,4.711297261070501,6.026883160066116,25.590509853173142,1.0,0.0,6.438045552557843,0.18,0.0,False,0.003749665622430161,0.12795254926586572,0.1874847018224186,0.07577747210701764,7.577747210701764e-06,7.577747210701764e-06,0.025591285520953945,0.0,-0.42091883642305294,-1.3155858989956144,-1.7267482914873415,0.42091883642305294
258.0,0.0,0.0,0.16749304562371958,3.783212671459439,6.033068110853057,33.498609124743915,1.0,0.0,6.411790069755876,0.16,0.0,False,0.003951372328728502,0.1674930456237196,0.19757011356145715,0.07577747210701764,7.577747210701764e-06,7.577747210701764e-06,0.03349962449301711,0.0,-0.9280845896110623,-2.2498554393936177,-2.6285773982964367,0.9280845896110623
259.0,0.0,0.0,0.2576434881084617,3.7306391578683065,5.956241231256012,51.528697621692345,1.0,0.0,6.38629117830566,0.29,0.0,False,0.0039466344005835,0.2576434881084617,0.197333215359066,0.07577747210701764,7.577747210701764e-06,7.577747210701764e-06,0.05153025949563551,0.0,-0.05257351359113249,-2.2256020733877055,-2.6556520204373535,0.05257351359113249
260.0,0.0,0.0,0.262130957471735,3.4860714652186893,6.038757790346679,52.426191494346995,1.0,0.0,6.359745170405222,0.05,0.0,False,0.003821772122479819,0.2621309574717349,0.191090054145143,0.07577747210701764,7.577747210701764e-06,7.577747210701764e-06,0.05242778057201077,0.0,-0.2445676926496172,-2.55268632512799,-2.8736737051865324,0.2445676926496172
261.0,0.0,0.0,0.28366529583369504,3.773016662592525,6.154031953392021,56.73305916673901,1.0,0.0,6.352048050692244,0.22,0.0,False,0.0037106535959239148,0.28366529583369504,0.18553408571594238,0.07577747210701764,7.577747210701764e-06,7.577747210701764e-06,0.05673477878883152,0.0,0.2869451973738357,-2.381015290799496,-2.579031388099719,0.2869451973738357
262.0,0.0,0.0,0.2552031264919672,4.101624408574393,6.120788820621971,51.040625298393444,1.0,0.0,6.3228319007508516,-0.13,0.0,False,0.003612879711159134,0.2552031264919672,0.18064535443241453,0.07577747210701764,7.577747210701764e-06,7.577747210701764e-06,0.05104217237849396,0.0,0.32860774598186815,-2.0191644120475782,-2.2212074921764584,0.32860774598186815
263.0,0.0,0.0,0.2212194761829381,4.701851710661182,6.076313963201793,44.24389523658762,1.0,0.0,6.325144620751192,0.05,0.0,False,0.003774658382487449,0.2212194761829381,0.18873434929472388,0.07577747210701764,7.577747210701764e-06,7.577747210701764e-06,0.04424523630264019,0.0,0.6002273020867888,-1.374462252540611,-1.6232929100900098,0.6002273020867888
264.0,0.0,0.0,0.16206756784427828,5.572496618500849,6.1889783941702765,32.413513568855656,1.0,0.0,6.313902987667202,-0.01,0.0,False,0.003829836248979441,0.16206756784427825,0.19149326352551962,0.07577747210701764,7.577747210701764e-06,7.577747210701764e-06,0.032414496047058795,0.0,0.870644907839667,-0.6164817756694276,-0.741406369166353,0.870644907839667
265.0,0.0,0.0,0.07806878120950544,5.359918200204723,6.201059935270901,15.613756241901088,1.0,0.0,6.322588794456972,-0.15,0.0,False,0.003817031977985422,0.07806878120950544,0.19085304512444234,0.07577747210701764,7.577747210701764e-06,7.577747210701764e-06,0.015614229506706037,0.0,-0.21257841829612545,-0.8411417350661772,-0.9626705942522484,0.21257841829612545
266.0,0.0,0.0,0.0997904696572115,5.625723618570887,6.189995056681557,19.9580939314423,1.0,0.0,6.353214009870356,-0.07,0.0,False,0.003801662150957044,0.0997904696572115,0.1900845479495902,0.07577747210701764,7.577747210701764e-06,7.577747210701764e-06,0.01995869887642064,0.0,0.26580541836616334,-0.5642714381106702,-0.7274903912994688,0.26580541836616334
267.0,0.0,0.0,0.07533924656325044,5.588397548174497,6.29415474784828,15.06784931265009,1.0,0.0,6.357860706124493,-0.06,0.0,False,0.0037659933650041237,0.07533924656325044,0.18830109513749205,0.07577747210701764,7.577747210701764e-06,7.577747210701764e-06,0.015068306030601584,0.0,-0.037326070396389355,-0.7057571996737826,-0.7694631579499953,0.037326070396389355
268.0,0.0,0.0,0.0796506141786863,5.055819675976091,6.124652642131743,15.930122835737258,1.0,0.0,6.379144629291666,-0.06,0.0,False,0.003850303441004056,0.0796506141786863,0.1925166308815108,0.07577747210701764,7.577747210701764e-06,7.577747210701764e-06,0.015930605689853834,0.0,-0.5325778721984067,-1.068832966155652,-1.3233249533155753,0.5325778721984067
269.0,0.0,0.0,0.13112076952453658,4.991764164773067,6.0559465289799554,26.22415390490732,1.0,0.0,6.384933868572331,0.13,0.0,False,0.004059584725769844,0.13112076952453658,0.20298077441383383,0.07577747210701764,7.577747210701764e-06,7.577747210701764e-06,0.02622494877892036,0.0,-0.06405551120302366,-1.0641823642068884,-1.3931697037992636,0.06405551120302366
270.0,0.0,0.0,0.13727389342985807,5.872729495440469,6.194360024451027,27.454778685971615,1.0,0.0,6.367077051223732,0.06,0.0,False,0.004180475375553414,0.13727389342985805,0.20902535270695158,0.07577747210701764,7.577747210701764e-06,7.577747210701764e-06,0.02745561086115601,0.0,0.8809653306674017,-0.3216305290105579,-0.4943475557832633,0.8809653306674017
271.0,0.0,0.0,0.04704837742615646,6.257458185740677,6.184481563066536,9.409675485231292,1.0,0.0,6.364555110414799,0.12,0.0,False,0.004148788194354192,0.04704837742615646,0.20744098164111796,0.07577747210701764,7.577747210701764e-06,7.577747210701764e-06,0.009409960699638648,0.0,0.38472869030020806,0.0729766226741404,-0.10709692467412246,0.38472869030020806
272.0,0.0,0.0,0.005383561081003268,6.307200335386504,6.110665244450663,1.0767122162006535,1.0,0.0,6.343231095737573,0.34,0.0,False,0.003957296549966104,0.005688375842268165,0.19786632686794986,0.07577747210701764,7.577747210701764e-06,7.577747210701764e-06,0.0010767448521653176,0.0,0.04974214964582746,0.19653509093584098,-0.03603076035106856,0.04974214964582746
273.0,0.0,0.0,0.0014056172924162133,7.058622734257858,6.254912902956177,0.28112345848324266,1.0,0.0,6.311295836313958,-0.04,0.0,False,0.003914451647526224,0.003399564503228045,0.19572406551256388,0.07577747210701764,7.577747210701764e-06,7.577747210701764e-06,0.00028113197954868544,0.0,0.7514223988713535,0.8037098313016804,0.7473268979438998,0.7514223988713535
274.0,0.0,0.0,-0.0692350800061105,7.915760040143655,6.401609530256749,-13.847016001222102,1.0,0.0,6.321257040881291,0.02,0.0,False,0.003962787909347737,0.06923508000611052,0.19814089691763812,0.07577747210701764,7.577747210701764e-06,7.577747210701764e-06,-0.013847435714789125,0.0,0.8571373058857974,1.514150509886906,1.5945029992623638,0.8571373058857974
275.0,0.0,0.0,-0.1524118344757774,7.905374006643887,6.380836680465898,-30.482366895155483,1.0,0.0,6.366245701900034,0.04,0.0,False,0.0038250788477043694,0.15241183447577744,0.19125539165924688,0.07577747210701764,7.577747210701764e-06,7.577747210701764e-06,-0.030483290838836906,0.0,-0.010386033499767855,1.524537326177989,1.539128304743853,0.010386033499767855
276.0,0.0,0.0,-0.14929162869466336,7.718022525526105,6.402321768779207,-29.85832573893267,1.0,0.0,6.391583948468203,0.08,0.0,False,0.003627280935923484,0.14929162869466336,0.18136542112707393,0.07577747210701764,7.577747210701764e-06,7.577747210701764e-06,-0.029859230767452904,0.0,-0.18735148111778255,1.3157007567468977,1.3264385770579015,0.18735148111778255
277.0,0.0,0.0,-0.12962395919018832,7.911414831597345,6.440576764286033,-25.924791838037667,1.0,0.0,6.41240115498611,-0.03,0.0,False,0.0038058636403891693,0.12962395919018835,0.1902946240130877,0.07577747210701764,7.577747210701764e-06,7.577747210701764e-06,-0.025925577638159204,0.0,0.19339230607124058,1.4708380673113126,1.4990136766112352,0.19339230607124058
278.0,0.0,0.0,-0.14785980790912034,8.78283988529007,6.416817896649259,-29.571961581824066,1.0,0.0,6.421733820744463,-0.06,0.0,False,0.003766970321930357,0.14785980790912034,0.18834994335396035,0.07577747210701764,7.577747210701764e-06,7.577747210701764e-06,-0.029572857930429308,0.0,0.8714250536927244,2.366021988640811,2.3611060645456066,0.8714250536927244
279.0,0.0,0.0,-0.23528970044723022,8.292107402546772,6.410046128753009,-47.05794008944604,1.0,0.0,6.432760730293795,0.15,0.0,False,0.0034945284828015104,0.23528970044723022,0.17472774817274866,0.07577747210701764,7.577747210701764e-06,7.577747210701764e-06,-0.047059366451334406,0.0,-0.4907324827432973,1.8820612737937639,1.8593466722529772,0.4907324827432973
280.0,0.0,0.0,-0.18303390842953465,8.53456422426517,6.372611999225751,-36.60678168590693,1.0,0.0,6.429853732524207,-0.12,0.0,False,0.0036991207644805004,0.18303390842953463,0.1849574397741277,0.07577747210701764,7.577747210701764e-06,7.577747210701764e-06,-0.036607891265250034,0.0,0.2424568217183971,2.1619522250394185,2.1047104917409625,0.2424568217183971
281.0,0.0,0.0,-0.2102415525844477,8.495128448462838,6.139019430899583,-42.04831051688954,1.0,0.0,6.461698969016975,0.15,0.0,False,0.003597788943407129,0.2102415525844477,0.179890810327113,0.07577747210701764,7.577747210701764e-06,7.577747210701764e-06,-0.04204958503310248,0.0,-0.03943577580233182,2.356109017563255,2.0334294794458625,0.03943577580233182
282.0,0.0,0.0,-0.20669660022338962,8.279222480010617,6.187315243310263,-41.339320044677926,1.0,0.0,6.432069040553761,0.01,0.0,False,0.003640413266218694,0.20669660022338962,0.1820220426175084,0.07577747210701764,7.577747210701764e-06,7.577747210701764e-06,-0.041340573070851414,0.0,-0.21590596845222088,2.0919072367003535,1.8471534394568563,0.21590596845222088
283.0,0.0,0.0,-0.18651863595995904,7.670378375130179,6.152656562367606,-37.30372719199181,1.0,0.0,6.428084131499653,0.11,0.0,False,0.00371132191692413,0.18651863595995904,0.18556750201917172,0.07577747210701764,7.577747210701764e-06,7.577747210701764e-06,-0.037304857896282295,0.0,-0.608844104880438,1.5177218127625727,1.2422942436305258,0.608844104880438
284.0,0.0,0.0,-0.1285096068975434,7.5079028615812184,6.174349039628184,-25.70192137950868,1.0,0.0,6.413965450857359,0.16,0.0,False,0.0037797532465499543,0.1285096068975434,0.18898909442822875,0.07577747210701764,7.577747210701764e-06,7.577747210701764e-06,-0.025702700424257426,0.0,-0.1624755135489604,1.3335538219530347,1.0939374107238597,0.1624755135489604
285.0,0.0,0.0,-0.11061894387807011,7.768306467704054,6.285198718909118,-22.123788775614024,1.0,0.0,6.385233615488985,-0.03,0.0,False,0.003714817768742213,0.11061894387807011,0.1857422959346099,0.07577747210701764,7.577747210701764e-06,7.577747210701764e-06,-0.02212445936444719,0.0,0.26040360612283564,1.4831077487949358,1.3830728522150695,0.26040360612283564
286.0,0.0,0.0,-0.1315668282918131,7.122069983175141,6.5426696827508435,-26.31336565836262,1.0,0.0,6.401671510680847,0.36,0.0,False,0.0035215219286426156,0.1315668282918131,0.17607743069227944,0.07577747210701764,7.577747210701764e-06,7.577747210701764e-06,-0.026314163236451638,0.0,-0.646236484528913,0.5794003004242976,0.7203984724942938,0.646236484528913
287.0,0.0,0.0,-0.06441708400851467,6.513909130053511,6.301558630936169,-12.883416801702936,1.0,0.0,6.4525883357776195,-0.17,0.0,False,0.0034831508729376804,0.06441708400851467,0.17415886336872458,0.07577747210701764,7.577747210701764e-06,7.577747210701764e-06,-0.0128838073078467,0.0,-0.60816085312163,0.21235049911734194,0.061320794275891544,0.60816085312163
288.0,0.0,0.0,-0.004262863312694709,6.718045846772566,6.360001605402063,-0.8525726625389418,1.0,0.0,6.477874736271061,-0.06,0.0,False,0.0035815877539029273,0.004743719374897444,0.17908074471347699,0.07577747210701764,7.577747210701764e-06,7.577747210701764e-06,-0.0008525985046635778,0.0,0.20413671671905487,0.3580442413705027,0.24017111050150497,0.20413671671905487
289.0,0.0,0.0,-0.025900512529682524,6.579901234952321,6.236585799461812,-5.180102505936505,1.0,0.0,6.471278881781535,-0.01,0.0,False,0.0036860579853895477,0.025900512529682524,0.18430429587025826,0.07577747210701764,7.577747210701764e-06,7.577747210701764e-06,-0.005180259518775958,0.0,-0.13814461182024473,0.343315435490509,0.10862235317078639,0.13814461182024473
290.0,0.0,0.0,-0.012463214503505455,7.053608130722643,6.449463055180243,-2.492642900701091,1.0,0.0,6.459030908098912,-0.07,0.0,False,0.003871590919816322,0.012463214503505455,0.19358101288768076,0.07577747210701764,7.577747210701764e-06,7.577747210701764e-06,-0.002492718454599713,0.0,0.4737068957703219,0.6041450755423998,0.5945772226237311,0.4737068957703219
291.0,0.0,0.0,-0.06060645465749467,7.877301774761564,6.429542330784636,-12.121290931498933,1.0,0.0,6.455264367762819,-0.07,0.0,False,0.003883168251527067,0.06060645465749467,0.19415988385972266,0.07577747210701764,7.577747210701764e-06,7.577747210701764e-06,-0.012121658337029,0.0,0.8236936440389213,1.4477594439769286,1.4220374069987454,0.8236936440389213
292.0,0.0,0.0,-0.14569227929042566,8.325215847472956,6.284352685786691,-29.138455858085134,1.0,0.0,6.44752062112806,0.05,0.0,False,0.0040500301112154306,0.14569227929042566,0.20250304006599049,0.07577747210701764,7.577747210701764e-06,7.577747210701764e-06,-0.029139339066802786,0.0,0.4479140727113915,2.040863161686265,1.8776952263448958,0.4479140727113915
293.0,0.0,0.0,-0.1895001432002891,8.234206540930805,6.285347938179039,-37.90002864005782,1.0,0.0,6.420323780894158,-0.1,0.0,False,0.004065120069738079,0.1895001432002891,0.20325754370951743,0.07577747210701764,7.577747210701764e-06,7.577747210701764e-06,-0.037901177418697876,0.0,-0.09100930654215134,1.9488586027517654,1.8138827600366465,0.09100930654215134
294.0,0.0,0.0,-0.1817987986114248,7.731721569444115,6.1972086612064405,-36.35975972228496,1.0,0.0,6.430142616260989,0.04,0.0,False,0.004000383925829387,0.1817987986114248,0.2000207119863761,0.07577747210701764,7.577747210701764e-06,7.577747210701764e-06,-0.03636086181420483,0.0,-0.5024849714866892,1.5345129082376747,1.3015789531831263,0.5024849714866892
295.0,0.0,0.0,-0.13374518070854693,7.578716474899199,6.183598409091769,-26.749036141709386,1.0,0.0,6.416149673549604,0.06,0.0,False,0.004217759721692695,0.13374518070854693,0.210889584140483,0.07577747210701764,7.577747210701764e-06,7.577747210701764e-06,-0.026749846925301496,0.0,-0.15300509454491618,1.3951180658074298,1.1625668013495947,0.15300509454491618
296.0,0.0,0.0,-0.11691150824155377,8.178486330310482,6.189303505608508,-23.382301648310754,1.0,0.0,6.394219088000145,-0.05,0.0,False,0.004181669951452628,0.11691150824155377,0.20908508195452197,0.07577747210701764,7.577747210701764e-06,7.577747210701764e-06,-0.023383010383624496,0.0,0.5997698554112834,1.9891828247019747,1.7842672423103378,0.5997698554112834
297.0,0.0,0.0,-0.17783831781635728,7.76540531805905,6.249643729844337,-35.56766356327146,1.0,0.0,6.409557096190889,-0.04,0.0,False,0.004205454888310395,0.17783831781635728,0.2102743378092222,0.07577747210701764,7.577747210701764e-06,7.577747210701764e-06,-0.03556874164615542,0.0,-0.4130810122514328,1.5157615882147129,1.3558482218681602,0.4130810122514328
298.0,0.0,0.0,-0.13434011076679486,6.908329493074419,6.313851225025652,-26.86802215335897,1.0,0.0,6.400035771456072,-0.1,0.0,False,0.00414986774810444,0.13434011076679486,0.2074949597376596,0.07577747210701764,7.577747210701764e-06,7.577747210701764e-06,-0.026868836543507423,0.0,-0.8570758249846309,0.5944782680487668,0.5082937216183465,0.8570758249846309
299.0,0.0,0.0,-0.04896492880698791,7.0571839119131115,6.339142762047365,-9.792985761397583,1.0,0.0,6.42195331062112,-0.03,0.0,False,0.004143128840648026,0.048964928806987926,0.2071580118115521,0.07577747210701764,7.577747210701764e-06,7.577747210701764e-06,-0.009793282594230401,0.0,0.14885441883869266,0.7180411498657469,0.6352306012919913,0.14885441883869266
300.0,0.0,0.0,-0.06107579805595802,7.6419242910830905,6.285496873239433,-12.215159611191604,1.0,0.0,6.418661652811905,-0.04,0.0,False,0.003938489309278538,0.06107579805595802,0.19692595770774582,0.07577747210701764,7.577747210701764e-06,7.577747210701764e-06,-0.012215529861952614,0.0,0.584740379169979,1.3564274178436575,1.2232626382711853,0.584740379169979
301.0,0.0,0.0,-0.11803713373853515,8.155232432881045,6.310982834186198,-23.60742674770703,1.0,0.0,6.446402790505614,-0.1,0.0,False,0.004089204211590909,0.11803713373853515,0.20446175992733578,0.07577747210701764,7.577747210701764e-06,7.577747210701764e-06,-0.02360814230673344,0.0,0.5133081417979541,1.8442495986948462,1.7088296423754308,0.5133081417979541
302.0,0.0,0.0,-0.16884425054657895,9.102765615084232,6.29633323654675,-33.76885010931579,1.0,0.0,6.461508230919693,-0.09,0.0,False,0.004264569989060936,0.16884425054657892,0.21323011524471377,0.07577747210701764,7.577747210701764e-06,7.577747210701764e-06,-0.033769873668798384,0.0,0.9475331822031876,2.8064323785374823,2.641257384164539,0.9475331822031876
303.0,0.0,0.0,-0.26453890628228727,9.49820887959879,6.292600227501681,-52.907781256457454,1.0,0.0,6.4667259544628255,0.0,0.0,False,0.004224813373135954,0.26453890628228727,0.2112422693851855,0.07577747210701764,7.577747210701764e-06,7.577747210701764e-06,-0.05290938493147253,0.0,0.395443264514558,3.2056086520971094,3.0314829251359647,0.395443264514558
304.0,0.0,0.0,-0.3026260040828224,10.103285843354156,6.396322822149299,-60.525200816564485,1.0,0.0,6.457276321813403,-0.03,0.0,False,0.004230215057733078,0.3026260040828225,0.2115123556616716,0.07577747210701764,7.577747210701764e-06,7.577747210701764e-06,-0.060527035381349216,0.0,0.6050769637553657,3.7069630212048565,3.646009521540753,0.6050769637553657
305.0,0.0,0.0,-0.36123639692185333,9.66772234625875,6.350636702306566,-72.24727938437067,1.0,0.0,6.471834177602654,-0.07,0.0,False,0.004130549117497468,0.36123639692185333,0.20652902088772607,0.07577747210701764,7.577747210701764e-06,7.577747210701764e-06,-0.07224946925425567,0.0,-0.43556349709540676,3.3170856439521827,3.1958881686560954,0.43556349709540676
306.0,0.0,0.0,-0.31891672245663577,9.20081432536643,6.237730448572962,-63.783344491327156,1.0,0.0,6.490785006230667,0.17,0.0,False,0.004006159047394245,0.3189167224566358,0.20030947025273962,0.07577747210701764,7.577747210701764e-06,7.577747210701764e-06,-0.06378527781292011,0.0,-0.4669080208923191,2.963083876793468,2.7100293191357627,0.4669080208923191
307.0,0.0,0.0,-0.27348611734142386,9.187976023772743,6.180766022446924,-54.69722346828477,1.0,0.0,6.478434288177192,0.12,0.0,False,0.004056625285532072,0.27348611734142386,0.2028328012806507,0.07577747210701764,7.577747210701764e-06,7.577747210701764e-06,-0.05469888138265175,0.0,-0.012838301593687262,3.007210001325819,2.7095417355955504,0.012838301593687262
308.0,0.0,0.0,-0.273067624100841,9.437373073031587,6.233530243164919,-54.6135248201682,1.0,0.0,6.465849531519052,-0.02,0.0,False,0.004190560610502994,0.27306762410084096,0.20952961827559866,0.07577747210701764,7.577747210701764e-06,7.577747210701764e-06,-0.05461518019756561,0.0,0.2493970492588442,3.2038428298666677,2.9715235415125347,0.2493970492588442
309.0,0.0,0.0,-0.29615245560736914,9.035296250931065,6.240663294074477,-59.230491121473825,1.0,0.0,6.457196320892993,-0.01,0.0,False,0.0038820271953111814,0.29615245560736914,0.1941028306165967,0.07577747210701764,7.577747210701764e-06,7.577747210701764e-06,-0.05923228644262482,0.0,-0.402076822100522,2.7946329568565877,2.5780999300380723,0.402076822100522
310.0,0.0,0.0,-0.2566680399826313,8.80700674853907,6.344026886292525,-51.33360799652627,1.0,0.0,6.4757363085356765,-0.02,0.0,False,0.004218349015059431,0.2566680399826313,0.2109190490320957,0.07577747210701764,7.577747210701764e-06,7.577747210701764e-06,-0.05133516395715479,0.0,-0.22828950239199486,2.462979862246545,2.3312704400033937,0.22828950239199486
311.0,0.0,0.0,-0.2308620498037094,8.906987253858098,6.51477292395283,-46.17240996074188,1.0,0.0,6.468518602828551,0.02,0.0,False,0.004356968174127221,0.2308620498037094,0.21785005950653247,0.07577747210701764,7.577747210701764e-06,7.577747210701764e-06,-0.04617380948153979,0.0,0.09998050531902791,2.3922143299052685,2.438468651029547,0.09998050531902791
312.0,0.0,0.0,-0.23885585392028677,8.680070588666812,6.468507996505278,-47.771170784057354,1.0,0.0,6.49829877978928,0.02,0.0,False,0.004261686650232364,0.23885585392028674,0.21308594721082455,0.07577747210701764,7.577747210701764e-06,7.577747210701764e-06,-0.04777261876450952,0.0,-0.22691666519128617,2.211562592161534,2.1817718088775315,0.22691666519128617
313.0,0.0,0.0,-0.21604733496710524,7.459486550809972,6.420808164550519,-43.209466993421046,1.0,0.0,6.518338215191193,-0.08,0.0,False,0.004315604375040784,0.21604733496710524,0.21578185387998994,0.07577747210701764,7.577747210701764e-06,7.577747210701764e-06,-0.043210776705168284,0.0,-1.22058403785684,1.0386783862594529,0.9411483356187791,1.22058403785684
314.0,0.0,0.0,-0.09471978340137051,7.476820293586273,6.46846115987224,-18.943956680274102,1.0,0.0,6.519515381391265,-0.08,0.0,False,0.0043090202819656784,0.09471978340137051,0.21545264673160502,0.07577747210701764,7.577747210701764e-06,7.577747210701764e-06,-0.018944530885982473,0.0,0.01733374277630073,1.0083591337140323,0.9573049121950072,0.01733374277630073
315.0,0.0,0.0,-0.09526576817739532,7.516892138775301,6.420257318722741,-19.053153635479063,1.0,0.0,6.5122528286675445,-0.08,0.0,False,0.004459814227235908,0.0952657681773953,0.22299240112903645,0.07577747210701764,7.577747210701764e-06,7.577747210701764e-06,-0.019053731151030043,0.0,0.04007184518902829,1.09663482005256,1.0046393101077564,0.04007184518902829
316.0,0.0,0.0,-0.09887628266766292,7.438142130301046,6.336370463531924,-19.775256533532584,1.0,0.0,6.5241265168168665,0.12,0.0,False,0.00418597660463158,0.09887628266766292,0.20930041624520598,0.07577747210701764,7.577747210701764e-06,7.577747210701764e-06,-0.019775855936570594,0.0,-0.07875000847425451,1.1017716667691229,0.9140156134841799,0.07875000847425451
317.0,0.0,0.0,-0.09499823114696593,6.744357141023121,6.209873304608215,-18.999646229393186,1.0,0.0,6.528091849124913,0.26,0.0,False,0.003937201236436766,0.09499823114696593,0.19686155357762267,0.07577747210701764,7.577747210701764e-06,7.577747210701764e-06,-0.019000222123094067,0.0,-0.6937849892779253,0.534483836414906,0.21626529189820776,0.6937849892779253
318.0,0.0,0.0,-0.02705036096772381,6.071517034209815,6.2684649505166945,-5.410072193544762,1.0,0.0,6.488123825202333,-0.05,0.0,False,0.003980140307225221,0.02705036096772381,0.19900852338611658,0.07577747210701764,7.577747210701764e-06,7.577747210701764e-06,-0.00541023617694003,0.0,-0.6728401068133065,-0.1969479163068799,-0.4166067909925184,0.6728401068133065
319.0,0.0,0.0,0.03962386120269075,5.889066251314852,6.369624267699644,7.924772240538149,1.0,0.0,6.473843282306015,0.04,0.0,False,0.003988762371697298,0.03962386120269075,0.1994396298765117,0.07577747210701764,7.577747210701764e-06,7.577747210701764e-06,0.007925012446400887,0.0,-0.18245078289496242,-0.48055801638479156,-0.5847770309911624,0.18245078289496242
320.0,0.0,0.0,0.05795102333822257,6.133558703865149,6.340844541061444,11.590204667644514,1.0,0.0,6.467770659216907,0.04,0.0,False,0.004063054020248863,0.05795102333822257,0.20315424045225658,0.07577747210701764,7.577747210701764e-06,7.577747210701764e-06,0.011590555975546748,0.0,0.24449245255029695,-0.20728583719629512,-0.3342119553517575,0.24449245255029695
321.0,0.0,0.0,0.035766960247670884,5.52904625018836,6.365802744889053,7.153392049534177,1.0,0.0,6.468598441607351,-0.06,0.0,False,0.003916649568378699,0.03576696024767088,0.19583396238795203,0.07577747210701764,7.577747210701764e-06,7.577747210701764e-06,0.007153608874277729,0.0,-0.6045124536767892,-0.8367564947006931,-0.9395521914189908,0.6045124536767892
322.0,0.0,0.0,0.09270501244478938,6.116219770008812,6.246084746050542,18.541002488957876,1.0,0.0,6.491241857991021,0.22,0.0,False,0.0037625366583306477,0.09270501244478938,0.18812825849411577,0.07577747210701764,7.577747210701764e-06,7.577747210701764e-06,0.018541564480818805,0.0,0.5871735198204524,-0.12986497604172964,-0.3750220879822086,0.5871735198204524
323.0,0.0,0.0,0.03300244423720905,5.9805034640047685,6.075034510437142,6.6004888474418095,1.0,0.0,6.456131499393726,0.01,0.0,False,0.004034908061328019,0.03300244423720905,0.20174693184206632,0.07577747210701764,7.577747210701764e-06,7.577747210701764e-06,0.006600688913269568,0.0,-0.13571630600404383,-0.09453104643237342,-0.4756280353889579,0.13571630600404383
324.0,0.0,0.0,0.045514697179248824,6.589458656800284,6.180964105207174,9.102939435849764,1.0,0.0,6.4462567165898905,0.06,0.0,False,0.003938237567659494,0.045514697179248824,0.19691337053141186,0.07577747210701764,7.577747210701764e-06,7.577747210701764e-06,0.009103215352854604,0.0,0.6089551927955155,0.40849455159311,0.14320194021039345,0.6089551927955155
325.0,0.0,0.0,-0.01609819495593789,7.53667648722207,6.304392065970178,-3.219638991187578,1.0,0.0,6.435667680740736,0.04,0.0,False,0.003940896851416356,0.01609819495593789,0.19704633572682395,0.07577747210701764,7.577747210701764e-06,7.577747210701764e-06,-0.0032197365808896046,0.0,0.9472178304217858,1.232284421251892,1.1010088064813335,0.9472178304217858
326.0,0.0,0.0,-0.11265468946569315,7.520385807782315,6.150865593361533,-22.53093789313863,1.0,0.0,6.428470607838309,0.12,0.0,False,0.0038409865016095068,0.11265468946569315,0.19205078038171275,0.07577747210701764,7.577747210701764e-06,7.577747210701764e-06,-0.02253162082297064,0.0,-0.016290679439754818,1.369520214420782,1.0919151999440055,0.016290679439754818
327.0,0.0,0.0,-0.11223828741820377,7.5774910696168405,6.103882588454814,-22.447657483640754,1.0,0.0,6.4100869091271955,0.06,0.0,False,0.003867183656232899,0.11223828741820377,0.19336064803865316,0.07577747210701764,7.577747210701764e-06,7.577747210701764e-06,-0.022448337889180325,0.0,0.05710526183452558,1.4736084811620263,1.167404160489645,0.05710526183452558
328.0,0.0,0.0,-0.1202379848982982,7.364806546497019,6.1775112908230145,-24.04759697965964,1.0,0.0,6.397960407931808,0.16,0.0,False,0.0036202174392957415,0.1202379848982982,0.18101224361941723,0.07577747210701764,7.577747210701764e-06,7.577747210701764e-06,-0.024048325880579938,0.0,-0.21268452311982156,1.1872952556740044,0.9668461385652112,0.21268452311982156
329.0,0.0,0.0,-0.09649740964628145,7.294632756264789,6.238935840371796,-19.29948192925629,1.0,0.0,6.375065663981125,-0.14,0.0,False,0.003596019793732754,0.09649740964628145,0.1798023521730858,0.07577747210701764,7.577747210701764e-06,7.577747210701764e-06,-0.019300066911204856,0.0,-0.07017379023223036,1.0556969158929927,0.9195670922836632,0.07017379023223036
330.0,0.0,0.0,-0.09111139155546491,7.9697937908229335,6.311040547720028,-18.222278311092982,1.0,0.0,6.399795888385366,-0.03,0.0,False,0.0036397899583391967,0.09111139155546491,0.18199087698737007,0.07577747210701764,7.577747210701764e-06,7.577747210701764e-06,-0.01822283064218212,0.0,0.6751610345581449,1.6587532431029057,1.5699979024375672,0.6751610345581449
331.0,0.0,0.0,-0.1597625117344179,7.895852259859515,6.303190700168607,-31.95250234688358,1.0,0.0,6.383484319755479,-0.01,0.0,False,0.0037801198838292335,0.1597625117344179,0.18900742643110696,0.07577747210701764,7.577747210701764e-06,7.577747210701764e-06,-0.03195347085148661,0.0,-0.0739415309634186,1.5926615596909075,1.5123679401040357,0.0739415309634186
332.0,0.0,0.0,-0.14975987976511318,7.9894075252193435,6.351949869810301,-29.951975953022636,1.0,0.0,6.372108141482372,0.02,0.0,False,0.0036444693222538647,0.1497598797651132,0.18222484695605531,0.07577747210701764,7.577747210701764e-06,7.577747210701764e-06,-0.029952883820151953,0.0,0.09355526535982861,1.637457655409042,1.6172993837369711,0.09355526535982861
333.0,0.0,0.0,-0.15931915056894985,8.41805435132868,6.390188053915886,-31.86383011378997,1.0,0.0,6.398196720082826,0.02,0.0,False,0.003543443486398658,0.15931915056894985,0.17717351688588268,0.07577747210701764,7.577747210701764e-06,7.577747210701764e-06,-0.03186479593067029,0.0,0.42864682610933613,2.0278662974127935,2.019857631245854,0.42864682610933613
334.0,0.0,0.0,-0.19800389621295855,8.42668843326518,6.508156243821069,-39.60077924259171,1.0,0.0,6.396155655517405,0.06,0.0,False,0.0037441903525749554,0.19800389621295855,0.1872109362551478,0.07577747210701764,7.577747210701764e-06,7.577747210701764e-06,-0.03960197957227367,0.0,0.008634081936500948,1.9185321894441119,2.0305327777477755,0.008634081936500948
335.0,0.0,0.0,-0.19404420191270155,8.707688393933594,6.598070205537644,-38.80884038254031,1.0,0.0,6.437940368025483,0.13,0.0,False,0.004028797933956403,0.19404420191270155,0.20144142315843547,0.07577747210701764,7.577747210701764e-06,7.577747210701764e-06,-0.03881001670795422,0.0,0.2809999606684137,2.1096181883959506,2.269748025908111,0.2809999606684137
336.0,0.0,0.0,-0.22067723829769303,8.525936446295676,6.58403842893313,-44.135447659538606,1.0,0.0,6.486172893242678,-0.01,0.0,False,0.003934238477239631,0.220677238297693,0.19671341449521387,0.07577747210701764,7.577747210701764e-06,7.577747210701764e-06,-0.04413678543846279,0.0,-0.18175194763791858,1.9418980173625453,2.039763553052998,0.18175194763791858
337.0,0.0,0.0,-0.19977456789261208,7.384271752477261,6.6040080456456165,-39.954913578522415,1.0,0.0,6.500832399140318,0.1,0.0,False,0.003935829681060347,0.19977456789261208,0.19679297528913672,0.07577747210701764,7.577747210701764e-06,7.577747210701764e-06,-0.039956124642284936,0.0,-1.1416646938184147,0.7802637068316445,0.8834393533369429,1.1416646938184147
338.0,0.0,0.0,-0.08297259157221781,7.610726392602046,6.595852342740367,-16.59451831444356,1.0,0.0,6.528115075310826,0.05,0.0,False,0.004015385809734109,0.08297259157221779,0.20077081186563642,0.07577747210701764,7.577747210701764e-06,7.577747210701764e-06,-0.016595021306891476,0.0,0.22645464012478467,1.014874049861679,1.08261131729122,0.22645464012478467
339.0,0.0,0.0,-0.10007732316793608,8.081389261042082,6.8945887268118495,-20.015464633587214,1.0,0.0,6.554514399488867,0.4,0.0,False,0.003940258366830911,0.10007732316793608,0.19701441125563793,0.07577747210701764,7.577747210701764e-06,7.577747210701764e-06,-0.02001607131751509,0.0,0.47066286844003624,1.1868005342302324,1.5268748615532148,0.47066286844003624
340.0,0.0,0.0,-0.14518481994183283,8.380823777261758,6.734534090298911,-29.036963988366566,1.0,0.0,6.609915242889862,0.06,0.0,False,0.0037640530320334556,0.14518481994183283,0.18820407775379097,0.07577747210701764,7.577747210701764e-06,7.577747210701764e-06,-0.029037844120788598,0.0,0.29943451621967654,1.6462896869628478,1.7709085343718964,0.29943451621967654
341.0,0.0,0.0,-0.1717979633445545,9.153113705957608,6.734418177277845,-34.3595926689109,1.0,0.0,6.629486052930538,0.06,0.0,False,0.00395516220316091,0.17179796334455447,0.19775960871901313,0.07577747210701764,7.577747210701764e-06,7.577747210701764e-06,-0.03436063413424893,0.0,0.7722899286958498,2.4186955286797636,2.52362765302707,0.7722899286958498
342.0,0.0,0.0,-0.24662678865597207,9.513616906196098,6.761281505160873,-49.325357731194416,1.0,0.0,6.662779051739339,0.17,0.0,False,0.0037213862492075063,0.24662678865597207,0.18607072244658887,0.07577747210701764,7.577747210701764e-06,7.577747210701764e-06,-0.049326852820232824,0.0,0.36050320023849025,2.752335401035226,2.85083785445676,0.36050320023849025
343.0,0.0,0.0,-0.278743856420399,8.265061609803606,6.889158821836445,-55.7487712840798,1.0,0.0,6.6867523756248985,0.03,0.0,False,0.004048252021490426,0.27874385642039906,0.20241413490604457,0.07577747210701764,7.577747210701764e-06,7.577747210701764e-06,-0.05575046107165936,0.0,-1.2485552963924924,1.3759027879671608,1.5783092341787075,1.2485552963924924
344.0,0.0,0.0,-0.15382731184165277,8.137525685645048,6.678542170061186,-30.765462368330553,1.0,0.0,6.726072729468086,-0.05,0.0,False,0.004025321051722475,0.15382731184165277,0.2012675777293924,0.07577747210701764,7.577747210701764e-06,7.577747210701764e-06,-0.030766394892850678,0.0,-0.12753592415855763,1.4589835155838626,1.4114529561769622,0.12753592415855763
345.0,0.0,0.0,-0.13995840879585242,7.82895906891581,6.672026536792002,-27.991681759170483,1.0,0.0,6.726730208162918,-0.05,0.0,False,0.004258947351296522,0.13995840879585242,0.2129489812261467,0.07577747210701764,7.577747210701764e-06,7.577747210701764e-06,-0.02799253020829462,0.0,-0.30856661672923824,1.1569325321238084,1.1022288607528923,0.30856661672923824
346.0,0.0,0.0,-0.1095639849506618,7.152776722306955,6.603198946121245,-21.91279699013236,1.0,0.0,6.737888569214432,-0.03,0.0,False,0.004331394493664187,0.10956398495066182,0.2165713657938365,0.07577747210701764,7.577747210701764e-06,7.577747210701764e-06,-0.02191346118364433,0.0,-0.6761823466088552,0.5495777761857097,0.414888153092523,0.6761823466088552
347.0,0.0,0.0,-0.04125268872679941,6.722665202777108,6.634597442045117,-8.250537745359882,1.0,0.0,6.733277707000126,-0.05,0.0,False,0.004396094808271517,0.04125268872679941,0.21980640603833437,0.07577747210701764,7.577747210701764e-06,7.577747210701764e-06,-0.008250787825422377,0.0,-0.43011151952984683,0.08806776073199085,-0.010612504223018071,0.43011151952984683
348.0,0.0,0.0,0.0010537014361714312,6.389119539450156,6.413630551499798,0.21074028723428626,1.0,0.0,6.740234204916614,0.08,0.0,False,0.004100440255303,0.0034045114869750742,0.20502356637013533,0.07577747210701764,7.577747210701764e-06,7.577747210701764e-06,0.00021074667493237677,0.0,-0.33354566332695246,-0.024511012049642567,-0.35111466546645875,0.33354566332695246
349.0,0.0,0.0,0.03205787118735862,6.361821720921573,6.406687137195388,6.411574237471725,1.0,0.0,6.733202616372978,0.16,0.0,False,0.004103539311392088,0.032057871187358616,0.20517852034878295,0.07577747210701764,7.577747210701764e-06,7.577747210701764e-06,0.0064117685771542384,0.0,-0.027297818528582596,-0.04486541627381513,-0.37138089545140485,0.027297818528582596
350.0,0.0,0.0,0.03089220755203405,5.322275175198343,6.435638799081081,6.1784415104068096,1.0,0.0,6.7097103976459405,0.24,0.0,False,0.003980105534426454,0.03089220755203405,0.1990067847330033,0.07577747210701764,7.577747210701764e-06,7.577747210701764e-06,0.006178628783659382,0.0,-1.0395465457232298,-1.113363623882738,-1.3874352224475972,1.0395465457232298
351.0,0.0,0.0,0.1369262500318958,5.549570778531607,6.50287855785238,27.38525000637916,1.0,0.0,6.670755501108894,-0.03,0.0,False,0.0038667594924806222,0.1369262500318958,0.19333943969032905,0.07577747210701764,7.577747210701764e-06,7.577747210701764e-06,0.02738608007409649,0.0,0.22729560333326404,-0.9533077793207729,-1.1211847225772864,0.22729560333326404
352.0,0.0,0.0,0.11608259766315886,6.268069441748835,6.653823291609037,23.21651953263177,1.0,0.0,6.691589555142762,0.03,0.0,False,0.003842597683011953,0.11608259766315886,0.1921313400622914,0.07577747210701764,7.577747210701764e-06,7.577747210701764e-06,0.02321722324296373,0.0,0.7184986632172281,-0.385753849860202,-0.42352011339392703,0.7184986632172281
353.0,0.0,0.0,0.04549351199382299,5.100302969436873,6.745576405549383,9.098702398764598,1.0,0.0,6.7104407373922275,0.03,0.0,False,0.003967093486459452,0.04549351199382299,0.1983561774045527,0.07577747210701764,7.577747210701764e-06,7.577747210701764e-06,0.009098978187341625,0.0,-1.1677664723119623,-1.64527343611251,-1.6101377679553543,1.1677664723119623
354.0,0.0,0.0,0.1629088565058195,5.3277928360010565,6.626380541610272,32.5817713011639,1.0,0.0,6.723021798603745,-0.11,0.0,False,0.004024025075303474,0.1629088565058195,0.2012027784174132,0.07577747210701764,7.577747210701764e-06,7.577747210701764e-06,0.032582758879386636,0.0,0.22748986656418335,-1.2985877056092159,-1.3952289626026886,0.22748986656418335
355.0,0.0,0.0,0.14059236331527836,6.033848824954658,6.704674130256894,28.11847266305567,1.0,0.0,6.7294532586017155,0.01,0.0,False,0.004254101759814768,0.14059236331527836,0.21270669981612558,0.07577747210701764,7.577747210701764e-06,7.577747210701764e-06,0.028119324955308354,0.0,0.7060559889536018,-0.6708253053022357,-0.6956044336470573,0.7060559889536018
356.0,0.0,0.0,0.07626815866636445,7.402798587932559,6.866533242222648,15.25363173327289,1.0,0.0,6.733769737823286,0.1,0.0,False,0.0042795698231335106,0.07626815866636445,0.21398011263159006,0.07577747210701764,7.577747210701764e-06,7.577747210701764e-06,0.015254094082430591,0.0,1.368949762977901,0.5362653457099116,0.6690288501092736,1.368949762977901
357.0,0.0,0.0,-0.05695728142174563,8.172762962060018,6.970915239006522,-11.391456284349125,1.0,0.0,6.796559308659632,0.16,0.0,False,0.004177110883616701,0.05695728142174563,0.2088571268353524,0.07577747210701764,7.577747210701764e-06,7.577747210701764e-06,-0.01139180156803698,0.0,0.7699643741274587,1.201847723053496,1.3762036534003856,0.7699643741274587
358.0,0.0,0.0,-0.1306125649334361,8.212045088744345,6.953202305276219,-26.122512986687216,1.0,0.0,6.833204193321083,0.14,0.0,False,0.004203508210640167,0.1306125649334361,0.2101770031881392,0.07577747210701764,7.577747210701764e-06,7.577747210701764e-06,-0.02612330477988687,0.0,0.03928212668432707,1.2588427834681264,1.378840895423262,0.03928212668432707
359.0,0.0,0.0,-0.13275827695181594,8.3607123823603,6.899768355658717,-26.551655390363187,1.0,0.0,6.866587825275678,0.1,0.0,False,0.004059725412499723,0.13275827695181594,0.20298780880363218,0.07577747210701764,7.577747210701764e-06,7.577747210701764e-06,-0.02655246019119488,0.0,0.14866729361595432,1.4609440267015827,1.4941245570846213,0.14866729361595432
360.0,0.0,0.0,-0.14538951261635552,8.170171598057689,6.929610428166797,-29.077902523271106,1.0,0.0,6.884412018793044,0.01,0.0,False,0.003932097237969948,0.14538951261635552,0.1966063517204413,0.07577747210701764,7.577747210701764e-06,7.577747210701764e-06,-0.02907878389657121,0.0,-0.1905407843026108,1.2405611698908912,1.2857595792646448,0.1905407843026108
361.0,0.0,0.0,-0.12282400261148094,8.363419382007141,6.923923539488138,-24.56480052229619,1.0,0.0,6.906762169948061,0.04,0.0,False,0.0038419001534230695,0.12282400261148094,0.19209646331856206,0.07577747210701764,7.577747210701764e-06,7.577747210701764e-06,-0.024565545100048502,0.0,0.1932477839494524,1.439495842519003,1.4566572120590804,0.1932477839494524
362.0,0.0,0.0,-0.13726512309560115,8.429793450341077,7.096875221017239,-27.45302461912023,1.0,0.0,6.941885035480721,0.34,0.0,False,0.0036252599389527637,0.13726512309560118,0.1812643705128077,0.07577747210701764,7.577747210701764e-06,7.577747210701764e-06,-0.02745385674113753,0.0,0.06637406833393555,1.3329182293238375,1.4879084148603559,0.06637406833393555
363.0,0.0,0.0,-0.1408764063638146,8.95596759983134,6.923993819772529,-28.17528127276292,1.0,0.0,6.990716143030948,-0.02,0.0,False,0.003820579526649929,0.1408764063638146,0.19103042390178912,0.07577747210701764,7.577747210701764e-06,7.577747210701764e-06,-0.02817613528692769,0.0,0.526174149490263,2.0319737800588102,1.9652514568003916,0.526174149490263
364.0,0.0,0.0,-0.19123227561335615,8.629180173458057,7.062814905512602,-38.24645512267123,1.0,0.0,7.020976010413164,-0.01,0.0,False,0.003938041610433029,0.19123227561335615,0.1969035725958429,0.07577747210701764,7.577747210701764e-06,7.577747210701764e-06,-0.03824761440176097,0.0,-0.32678742637328284,1.5663652679454545,1.6082041630448929,0.32678742637328284
365.0,0.0,0.0,-0.15695469897199466,7.732679179991088,7.0427952143181285,-31.39093979439893,1.0,0.0,7.043572388205623,-0.01,0.0,False,0.004102097105282855,0.15695469897199466,0.20510640949688766,0.07577747210701764,7.577747210701764e-06,7.577747210701764e-06,-0.03139189127761467,0.0,-0.8965009934669688,0.6898839656729594,0.6891067917854645,0.8965009934669688
366.0,0.0,0.0,-0.06079072333884712,6.817450498954985,7.138003507469733,-12.158144667769424,1.0,0.0,7.059573715586494,0.13,0.0,False,0.004025015394931731,0.06079072333884712,0.20125229477404566,0.07577747210701764,7.577747210701764e-06,7.577747210701764e-06,-0.012158513190364215,0.0,-0.915228681036103,-0.3205530085147483,-0.24212321663150949,0.915228681036103
367.0,0.0,0.0,0.03220351041004473,6.422406930275859,7.064512589442007,6.440702082008946,1.0,0.0,7.124748913765907,0.1,0.0,False,0.003571078038301855,0.03220351041004474,0.17855525495142494,0.07577747210701764,7.577747210701764e-06,7.577747210701764e-06,0.006440897304578541,0.0,-0.39504356867912627,-0.6421056591661483,-0.7023419834900482,0.39504356867912627
368.0,0.0,0.0,0.0697891111660115,6.0970426765137535,6.998824312057122,13.9578222332023,1.0,0.0,7.139497804558491,0.06,0.0,False,0.0036107372045782004,0.0697891111660115,0.18053822829159905,0.07577747210701764,7.577747210701764e-06,7.577747210701764e-06,0.013958245305390334,0.0,-0.3253642537621051,-0.9017816355433688,-1.0424551280447378,0.3253642537621051
369.0,0.0,0.0,0.10238543768070976,6.364862819665868,7.018376542789508,20.47708753614195,1.0,0.0,7.120324484148097,-0.03,0.0,False,0.0036185353635148697,0.10238543768070976,0.18092813919305634,0.07577747210701764,7.577747210701764e-06,7.577747210701764e-06,0.020477708212210448,0.0,0.26782014315211455,-0.6535137231236403,-0.7554616644822287,0.26782014315211455
370.0,0.0,0.0,0.07605871784050977,6.344137826444782,7.094942997704941,15.211743568101955,1.0,0.0,7.120935845869091,0.07,0.0,False,0.0037064811121160592,0.07605871784050977,0.18532545994464839,0.07577747210701764,7.577747210701764e-06,7.577747210701764e-06,0.015212204647597568,0.0,-0.02072499322108623,-0.7508051712601596,-0.7767980194243087,0.02072499322108623
371.0,0.0,0.0,0.07811519724972747,5.905963490866036,6.968770252845837,15.623039449945495,1.0,0.0,7.125478815757813,0.0,0.0,False,0.0037982341112777515,0.07811519724972747,0.18991314466678466,0.07577747210701764,7.577747210701764e-06,7.577747210701764e-06,0.015623512996131524,0.0,-0.4381743355787462,-1.0628067619798012,-1.219515324891777,0.4381743355787462
372.0,0.0,0.0,0.12350754118385812,6.433519966155343,6.983207133091668,24.701508236771623,1.0,0.0,7.125319395802959,-0.12,0.0,False,0.0038932923829100804,0.12350754118385812,0.19466609426477874,0.07577747210701764,7.577747210701764e-06,7.577747210701764e-06,0.024702256958238543,0.0,0.5275564752893072,-0.5496871669363248,-0.6917994296476158,0.5275564752893072
373.0,0.0,0.0,0.07074734986101612,6.6407308341339535,6.979256553433037,14.149469972203224,1.0,0.0,7.1410856981509,-0.07,0.0,False,0.004050573168357161,0.07074734986101612,0.20253019312883444,0.07577747210701764,7.577747210701764e-06,7.577747210701764e-06,0.014149898853379717,0.0,0.20721086797861066,-0.33852571929908315,-0.5003548640169466,0.20721086797861066
374.0,0.0,0.0,0.05272101863668089,6.808426987590698,7.090008836766304,10.544203727336178,1.0,0.0,7.141020270042158,-0.08,0.0,False,0.004201970057557708,0.05272101863668089,0.21010009495122953,0.07577747210701764,7.577747210701764e-06,7.577747210701764e-06,0.010544523330155835,0.0,0.1676961534567445,-0.28158184917560636,-0.3325932824514597,0.1676961534567445
375.0,0.0,0.0,0.037637036929890365,7.095666841885768,7.147885353186712,7.527407385978073,1.0,0.0,7.167960995828358,-0.02,0.0,False,0.004223283643884207,0.037637036929890365,0.21116578234300296,0.07577747210701764,7.577747210701764e-06,7.577747210701764e-06,0.007527635547410407,0.0,0.2872398542950698,-0.05221851130094457,-0.07229415394259053,0.2872398542950698
376.0,0.0,0.0,0.012728916565335813,6.888041679871993,7.180014656727934,2.5457833130671625,1.0,0.0,7.184811617087182,-0.12,0.0,False,0.004206297221703883,0.012728916565335813,0.21031645479804612,0.07577747210701764,7.577747210701764e-06,7.577747210701764e-06,0.0025458604776920244,0.0,-0.207625162013775,-0.29197297685594137,-0.2967699372151893,0.207625162013775
377.0,0.0,0.0,0.0333434158676608,7.145389725941926,7.263989757586448,6.66868317353216,1.0,0.0,7.222960830364726,0.06,0.0,False,0.004099515789093268,0.0333434158676608,0.2049773427093802,0.07577747210701764,7.577747210701764e-06,7.577747210701764e-06,0.006668885306381711,0.0,0.2573480460699331,-0.11860003164452237,-0.07757110442280002,0.2573480460699331
378.0,0.0,0.0,0.009683100045295432,7.922464360585747,7.27282084965836,1.9366200090590864,1.0,0.0,7.2214884719474295,0.0,0.0,False,0.004157012520692493,0.009695091313697198,0.2078522010741263,0.07577747210701764,7.577747210701764e-06,7.577747210701764e-06,0.001936678709481755,0.0,0.7770746346438209,0.6496435109273868,0.7009758886383173,0.7770746346438209
379.0,0.0,0.0,-0.06833639285572235,8.564353596932792,7.245421532080977,-13.66727857114447,1.0,0.0,7.2422243951990986,0.04,0.0,False,0.004176527047457238,0.06833639285572235,0.20882793480617112,0.07577747210701764,7.577747210701764e-06,7.577747210701764e-06,-0.013667692836733539,0.0,0.641889236347045,1.3189320648518148,1.3221292017336932,0.641889236347045
380.0,0.0,0.0,-0.13139135262278723,8.516955496134724,7.265511193237987,-26.278270524557445,1.0,0.0,7.239074540233006,-0.05,0.0,False,0.004231184956828675,0.13139135262278723,0.21156085098393396,0.07577747210701764,7.577747210701764e-06,7.577747210701764e-06,-0.026279067038886314,0.0,-0.047398100798067944,1.2514443028967364,1.2778809559017175,0.047398100798067944
381.0,0.0,0.0,-0.1273510540397531,8.180529783631501,7.085932948441262,-25.47021080795062,1.0,0.0,7.250390288182128,-0.09,0.0,False,0.004215758579535967,0.1273510540397531,0.21078952627443917,0.07577747210701764,7.577747210701764e-06,7.577747210701764e-06,-0.02547098282937604,0.0,-0.33642571250322284,1.0945968351902389,0.9301394954493727,0.33642571250322284
382.0,0.0,0.0,-0.09021599878415222,8.25094159340646,7.168563819979944,-18.043199756830443,1.0,0.0,7.243396704032467,-0.11,0.0,False,0.004187575607638063,0.09021599878415223,0.20938036700137216,0.07577747210701764,7.577747210701764e-06,7.577747210701764e-06,-0.01804374665991265,0.0,0.0704118097749582,1.082377773426515,1.0075448893739924,0.0704118097749582
383.0,0.0,0.0,-0.09599077452382339,8.469134288158113,7.235749233424762,-19.198154904764678,1.0,0.0,7.278335614088323,0.0,0.0,False,0.004315140029138952,0.09599077452382339,0.21575863640896356,0.07577747210701764,7.577747210701764e-06,7.577747210701764e-06,-0.019198736815414213,0.0,0.2181926947516537,1.2333850547333505,1.1907986740697902,0.2181926947516537
384.0,0.0,0.0,-0.11504800261435547,8.957272097069847,7.486031576311759,-23.009600522871093,1.0,0.0,7.290997478477031,0.1,0.0,False,0.004333651562629821,0.11504800261435545,0.2166842200972931,0.07577747210701764,7.577747210701764e-06,7.577747210701764e-06,-0.023010297961330785,0.0,0.4881378089117341,1.471240520758088,1.6662746185928157,0.4881378089117341
385.0,0.0,0.0,-0.16118670509187955,9.569356502358008,7.255438879474782,-32.23734101837591,1.0,0.0,7.3186106717805135,-0.14,0.0,False,0.004406350048107806,0.1611867050918795,0.22031917191572964,0.07577747210701764,7.577747210701764e-06,7.577747210701764e-06,-0.032238318156655295,0.0,0.6120844052881615,2.3139176228832268,2.250745830577495,0.6120844052881615
386.0,0.0,0.0,-0.22039134879999234,9.151699457392173,7.428142174904257,-44.07826975999847,1.0,0.0,7.345343974545808,0.12,0.0,False,0.004230738113126876,0.22039134879999234,0.21153850862954057,0.07577747210701764,7.577747210701764e-06,7.577747210701764e-06,-0.044079605805817115,0.0,-0.41765704496583567,1.7235572824879162,1.8063554828463646,0.41765704496583567
387.0,0.0,0.0,-0.17678913918865166,9.425433669168838,7.498723983805025,-35.35782783773033,1.0,0.0,7.365359510861656,0.13,0.0,False,0.003961204516469304,0.17678913918865166,0.19806172667378905,0.07577747210701764,7.577747210701764e-06,7.577747210701764e-06,-0.03535889956033415,0.0,0.2737342117766648,1.9267096853638126,2.0600741583071818,0.2737342117766648
388.0,0.0,0.0,-0.2023424722630589,8.99915992884863,7.530161523888597,-40.46849445261178,1.0,0.0,7.383741082335339,0.06,0.0,False,0.0038883977642186814,0.20234247226305885,0.1944213614756997,0.07577747210701764,7.577747210701764e-06,7.577747210701764e-06,-0.04046972108340048,0.0,-0.42627374032020704,1.4689984049600335,1.6154188465132915,0.42627374032020704
389.0,0.0,0.0,-0.15790254840619936,9.097326181574871,7.274130539181956,-31.58050968123987,1.0,0.0,7.401932281533011,-0.01,0.0,False,0.003727394583941473,0.15790254840619936,0.18637114145976919,0.07577747210701764,7.577747210701764e-06,7.577747210701764e-06,-0.0315814669104628,0.0,0.0981662527262408,1.823195642392915,1.6953939000418607,0.0981662527262408
390.0,0.0,0.0,-0.16664484743862487,9.550279463798882,7.429662305831313,-33.328969487724976,1.0,0.0,7.4200746175068515,0.06,0.0,False,0.0038211410644459396,0.16664484743862487,0.19105850100434907,0.07577747210701764,7.577747210701764e-06,7.577747210701764e-06,-0.03332997971409199,0.0,0.4529532822240103,2.120617157967569,2.13020484629203,0.4529532822240103
391.0,0.0,0.0,-0.21109203645902003,9.447476125785572,7.525943790800983,-42.218407291804006,1.0,0.0,7.430814567562232,0.03,0.0,False,0.0036697577046041186,0.21109203645902003,0.18348927565501646,0.07577747210701764,7.577747210701764e-06,7.577747210701764e-06,-0.04221968696377932,0.0,-0.10280333801330954,1.9215323349845894,2.0166615582233405,0.10280333801330954
392.0,0.0,0.0,-0.19492295629687306,10.115244263391132,7.641029440390376,-38.98459125937461,1.0,0.0,7.43927911910416,0.33,0.0,False,0.0034890174599721594,0.19492295629687306,0.1744521949432242,0.07577747210701764,7.577747210701764e-06,7.577747210701764e-06,-0.03898577291193101,0.0,0.6677681376055595,2.4742148230007555,2.6759651442869714,0.6677681376055595
393.0,0.0,0.0,-0.2590911119385228,10.29617517463256,7.552808919419492,-51.81822238770456,1.0,0.0,7.498172708972424,-0.05,0.0,False,0.003591328064975441,0.2590911119385228,0.17956776395758348,0.07577747210701764,7.577747210701764e-06,7.577747210701764e-06,-0.05181979303736317,0.0,0.18093091124142902,2.7433662552130684,2.7980024656601366,0.18093091124142902
394.0,0.0,0.0,-0.2777266424515917,9.975014997023171,7.526612221425437,-55.54532849031833,1.0,0.0,7.524234977658366,-0.04,0.0,False,0.0037190275553312837,0.2777266424515917,0.1859527868590985,0.07577747210701764,7.577747210701764e-06,7.577747210701764e-06,-0.055547012111392374,0.0,-0.3211601776093893,2.4484027755977342,2.4507800193648057,0.3211601776093893
395.0,0.0,0.0,-0.24501055794551127,9.365532812517026,7.615313127175105,-49.002111589102256,1.0,0.0,7.518803523002138,-0.01,0.0,False,0.003779535839713694,0.24501055794551124,0.18897822400404302,0.07577747210701764,7.577747210701764e-06,7.577747210701764e-06,-0.0490035968803047,0.0,-0.6094821845061453,1.7502196853419214,1.8467292895148884,0.6094821845061453
396.0,0.0,0.0,-0.18311174809186131,9.950735190076658,7.583117413716105,-36.62234961837226,1.0,0.0,7.524816586164458,0.0,0.0,False,0.003766528907750515,0.18311174809186134,0.18832787247772195,0.07577747210701764,7.577747210701764e-06,7.577747210701764e-06,-0.03662345966959122,0.0,0.5852023775596322,2.3676177763605537,2.4259186039122005,0.5852023775596322
397.0,0.0,0.0,-0.2395625332664647,10.017400827726643,7.492793974395885,-47.912506653292944,1.0,0.0,7.534345952871497,-0.15,0.0,False,0.003988692416016686,0.23956253326646476,0.19943613206597577,0.07577747210701764,7.577747210701764e-06,7.577747210701764e-06,-0.04791395891774261,0.0,0.06666563764998479,2.5246068533307584,2.4830548748551458,0.06666563764998479
398.0,0.0,0.0,-0.2456602245148303,9.504477511175356,7.466544689868889,-49.13204490296606,1.0,0.0,7.5550190901961,0.04,0.0,False,0.003826424361512658,0.2456602245148303,0.1913226678594596,0.07577747210701764,7.577747210701764e-06,7.577747210701764e-06,-0.049133534132545884,0.0,-0.5129233165512872,2.037932821306467,1.9494584209792558,0.5129233165512872
399.0,0.0,0.0,-0.1933340766573806,9.568433873336806,7.493441877839003,-38.666815331476116,1.0,0.0,7.560705505024288,0.0,0.0,False,0.0038202924441045395,0.1933340766573806,0.19101606966574766,0.07577747210701764,7.577747210701764e-06,7.577747210701764e-06,-0.03866798735200291,0.0,0.06395636216145029,2.074991995497803,2.0077283683125184,0.06395636216145029
