t,mean_abs_delta_real,mean_abs_delta_planning,mean_action,price,v_true,total_demand,mean_k,xs_k_std,mean_belief,mean_correctness,mean_salience,regime_post,xs_action_std,xs_action_mean_abs,xs_belief_std,xs_sigma_mean,xs_rho_mean,xs_rho_max,mean_myopic_term,mean_hedging_term,ret,mispricing_true,mispricing_belief,vol_proxy
0.0,0.0,0.0,-0.007992858198856631,-0.5001175671139548,0.046381493710093785,-1.5985716397713263,3.0,0.0,0.0,-0.95,0.0,False,0.013704246216496763,0.012975213906687733,0.6852248428024256,0.18289189189189195,1.8289189189189194e-05,1.8289189189189194e-05,-0.0015986885839491204,0.0,0.0,-0.5464990608240486,-0.5001175671139548,0.0
1.0,0.0,0.0,0.05062215659569773,-0.49546161703310665,0.05916653944653122,10.124431319139546,3.0,0.0,-0.07993589113335435,0.33,0.0,False,0.010055891136526256,0.05062215659569773,0.5027997607352842,0.10349970779853253,1.0349970779853254e-05,1.0349970779853254e-05,0.010124850465074657,0.0,0.004655950080848181,-0.5546281564796378,-0.4155257258997523,0.004655950080848181
2.0,0.0,0.0,0.05525184877689154,-0.5104863259702335,0.1255756845474901,11.05036975537831,3.0,0.0,0.0061301957351011785,0.25,0.0,False,0.008312291499266074,0.05525184877689154,0.4156177026581482,0.07525469588680311,7.525469588680311e-06,7.525469588680309e-06,0.011050702389761222,0.0,-0.015024708937126818,-0.6360620105177236,-0.5166165217053347,0.015024708937126818
3.0,0.0,0.0,0.06364389697384326,-0.25691083281967836,0.2344410280743083,12.728779394768653,3.0,0.0,0.057077660541192746,0.19,0.0,False,0.007027090871949977,0.06364389697384326,0.351356711493063,0.061701082387537146,6.170108238753715e-06,6.170108238753715e-06,0.012729093544616765,0.0,0.2535754931505551,-0.49135186089398664,-0.3139884933608711,0.2535754931505551
4.0,0.0,0.0,0.04273163794564127,-0.5502961513826148,0.21500854459446667,8.546327589128254,3.0,0.0,0.12597227825485244,0.3,0.0,False,0.005852690191961074,0.042731637945641276,0.2926360978965341,0.05427584335912398,5.427584335912399e-06,5.4275843359123984e-06,0.008546513131776215,0.0,-0.2933853185629364,-0.7653046959770815,-0.6762684296374672,0.2933853185629364
5.0,0.0,0.0,0.0752200074824631,-0.38672733393357417,0.20672498797197533,15.044001496492621,3.0,0.0,0.17041714311517248,0.01,0.0,False,0.005821074660452077,0.0752200074824631,0.29105518570865585,0.049911266793667725,4.991126679366772e-06,4.991126679366772e-06,0.0150443018410625,0.0,0.16356881744904062,-0.5934523219055495,-0.5571444770487466,0.16356881744904062
6.0,0.0,0.0,0.05956887794870355,-0.4656681454536717,0.1310402658174839,11.91377558974071,3.0,0.0,0.20192269507132474,-0.06,0.0,False,0.005882794618278174,0.059568877948703546,0.29414112039967505,0.04723896911451465,4.723896911451467e-06,4.723896911451466e-06,0.011914000706468121,0.0,-0.07894081152009752,-0.5967084112711556,-0.6675908405249964,0.07894081152009752
7.0,0.0,0.0,0.0636975565510228,-0.3336062440729938,-0.02825783520030803,12.739511310204561,3.0,0.0,0.20897551541538892,0.07,0.0,False,0.005863656716946715,0.0636975565510228,0.2931841716401306,0.04556176663690604,4.5561766636906065e-06,4.556176663690606e-06,0.012739743483003291,0.0,0.13206190138067792,-0.3053484088726858,-0.5425817594883827,0.13206190138067792
8.0,0.0,0.0,0.0454163878207438,-0.9049708694291316,-0.03139559989554952,9.08327756414876,3.0,0.0,0.17132193092259093,0.19,0.0,False,0.005862650726268293,0.04541638782074381,0.29313384053906055,0.044492694745204016,4.449269474520401e-06,4.449269474520402e-06,0.00908343921922789,0.0,-0.5713646253561379,-0.8735752695335821,-1.0762928003517225,0.5713646253561379
9.0,0.0,0.0,0.10372302348276616,0.17831173658426525,0.07764802404171701,20.744604696553232,3.0,0.0,0.12056773762184282,0.1,0.0,False,0.005231940001361737,0.10372302348276616,0.2615981459811283,0.04380451768299382,4.380451768299385e-06,4.380451768299384e-06,0.020744968177922304,0.0,1.0832826060133969,0.10066371254254823,0.057743998962422424,1.0832826060133969
10.0,0.0,0.0,-0.0029222360927442046,0.5266615421262103,0.18670556449720516,-0.584447218548841,3.0,0.0,0.13228208308361022,-0.05,0.0,False,0.005509997110285974,0.004991758666099799,0.27550105004638825,0.0433587192744284,4.335871927442841e-06,4.3358719274428405e-06,-0.0005844573548580432,0.0,0.34834980554194506,0.33995597762900515,0.3943794590426001,0.34834980554194506
11.0,0.0,0.0,-0.03815195866931711,0.28991916325287037,0.18591617632806412,-7.630391733863421,3.0,0.0,0.1490887421347512,0.09,0.0,False,0.00559604719669734,0.03815195866931711,0.279803564908635,0.04306874926707378,4.3068749267073785e-06,4.306874926707378e-06,-0.007630523185868635,0.0,-0.23674237887333993,0.10400298692480625,0.14083042111811916,0.23674237887333993
12.0,0.0,0.0,-0.012497819552986192,0.7392713014392802,0.23753037960949297,-2.4995639105972383,3.0,0.0,0.1451337396473292,0.0,0.0,False,0.005461118240263594,0.012548361986191274,0.273057082866989,0.042879635920764284,4.287963592076431e-06,4.28796359207643e-06,-0.0024996067825695813,0.0,0.44935213818640984,0.5017409218297872,0.594137561791951,0.44935213818640984
13.0,0.0,0.0,-0.050297436456473214,1.2050365168785993,0.36481828844057,-10.059487291294642,3.0,0.0,0.1649382882132474,0.19,0.0,False,0.005267557305092728,0.050297436456473214,0.2633789913552914,0.04275608559413131,4.2756085594131314e-06,4.275608559413132e-06,-0.010059659332278925,0.0,0.46576521543931904,0.8402182284380293,1.040098228665352,0.46576521543931904
14.0,0.0,0.0,-0.08772369470820973,0.9333902725870497,0.4948088010104229,-17.544738941641945,3.0,0.0,0.23628618426705666,0.24,0.0,False,0.005150642356145227,0.08772369470820973,0.2575332168327095,0.042675277071923805,4.26752770719238e-06,4.267527707192379e-06,-0.01754503843100206,0.0,-0.2716462442915496,0.43858147157662675,0.697104088319993,0.2716462442915496
15.0,0.0,0.0,-0.05879603124688162,0.9926516370413273,0.5212177307384086,-11.759206249376323,3.0,0.0,0.3277808516316149,0.05,0.0,False,0.005591531937715011,0.05879603124688162,0.27957778850788106,0.04262238484319971,4.2622384843199725e-06,4.262238484319972e-06,-0.011759406730687504,0.0,0.059261364454277654,0.4714339063029187,0.6648707854097125,0.059261364454277654
16.0,0.0,0.0,-0.059004564483474554,1.678660259604503,0.39639594258679023,-11.80091289669491,3.0,0.0,0.34541742998287844,0.03,0.0,False,0.005488722652769435,0.059004564483474554,0.2744373014001606,0.04258774810914817,4.2587748109148164e-06,4.258774810914817e-06,-0.011801113925561126,0.0,0.6860086225631757,1.2822643170177128,1.3332428296216245,0.6860086225631757
17.0,0.0,0.0,-0.13192317199906542,1.7596268405674487,0.259556385073084,-26.384634399813084,3.0,0.0,0.4025934278489347,0.06,0.0,False,0.005542941165775052,0.13192317199906545,0.2771482379668381,0.042565058879555154,4.256505887955516e-06,4.256505887955516e-06,-0.026385083623307663,0.0,0.08096658096294562,1.5000704554943647,1.357033412718514,0.08096658096294562
18.0,0.0,0.0,-0.14121173062766657,1.6153886913923587,0.2444713546446222,-28.242346125533313,3.0,0.0,0.35940046302593004,0.15,0.0,False,0.005247000780578617,0.14121173062766657,0.26235115533340836,0.042550192925283656,4.255019292528367e-06,4.2550192925283665e-06,-0.0282428268103985,0.0,-0.14423814917508992,1.3709173367477365,1.2559882283664288,0.14423814917508992
19.0,0.0,0.0,-0.12715615846387918,1.8777212614099876,0.1894282887053666,-25.431231692775835,3.0,0.0,0.347479491358876,0.03,0.0,False,0.004846515279721621,0.1271561584638792,0.24232679485082076,0.0425404514451206,4.254045144512061e-06,4.254045144512061e-06,-0.02543166443336574,0.0,0.2623325700176289,1.688292972704621,1.5302417700511115,0.2623325700176289
20.0,0.0,0.0,-0.1537585019060327,1.4272822253886666,0.07547374749291479,-30.751700381206543,3.0,0.0,0.34380006035164173,0.03,0.0,False,0.005021263198537552,0.15375850190603269,0.2510642278006141,0.04253406740151187,4.253406740151185e-06,4.253406740151186e-06,-0.030752223576939866,0.0,-0.45043903602132107,1.3518084778957518,1.0834821650370248,0.45043903602132107
21.0,0.0,0.0,-0.1117316226534583,1.2616712249352178,0.11599140258792814,-22.34632453069166,3.0,0.0,0.34010354247724256,0.04,0.0,False,0.005382005513950987,0.1117316226534583,0.26910142017788413,0.04252988339718566,4.252988339718564e-06,4.252988339718564e-06,-0.02234670468370552,0.0,-0.1656110004534488,1.1456798223472897,0.9215676824579753,0.1656110004534488
22.0,0.0,0.0,-0.09211765283667955,1.24078481808269,0.17465700859800487,-18.42353056733591,3.0,0.0,0.309942239189668,-0.12,0.0,False,0.005421368342911639,0.09211765283667955,0.27106956992206593,0.042527141159834476,4.252714115983449e-06,4.252714115983449e-06,-0.01842384396603715,0.0,-0.02088640685252785,1.066127809484685,0.9308425788930219,0.02088640685252785
23.0,0.0,0.0,-0.09095049575135994,1.4579092056435972,0.1484405039267957,-18.190099150271987,3.0,0.0,0.34047510906629525,0.03,0.0,False,0.0052750161431231865,0.09095049575135994,0.2637519287655352,0.04252534382553204,4.252534382553201e-06,4.252534382553203e-06,-0.018190408565044426,0.0,0.21712438756090724,1.3094687017168014,1.117434096577302,0.21712438756090724
24.0,0.0,0.0,-0.11476853223462338,1.0588535711755196,0.15844460056890688,-22.953706446924677,3.0,0.0,0.3312605220635757,-0.02,0.0,False,0.005149781518497749,0.11476853223462338,0.2574901708757027,0.04252416578609152,4.252416578609152e-06,4.252416578609151e-06,-0.022954096880151723,0.0,-0.39905563446807757,0.9004089706066127,0.7275930491119439,0.39905563446807757
25.0,0.0,0.0,-0.0735069486376449,1.1960250553311593,0.20945830776531568,-14.70138972752898,3.0,0.0,0.31019948111690515,-0.01,0.0,False,0.005345716158397019,0.0735069486376449,0.26728694450981355,0.042523393647102156,4.252339364710216e-06,4.252339364710216e-06,-0.014701639787658649,0.0,0.13717148415563973,0.9865667475658436,0.8858255742142542,0.13717148415563973
26.0,0.0,0.0,-0.08556816548341065,1.7038891026009584,0.20440730164687615,-17.11363309668213,3.0,0.0,0.32376845597450754,0.03,0.0,False,0.005196587973594111,0.08556816548341065,0.25983050354933573,0.042522887549586885,4.252288754958689e-06,4.252288754958688e-06,-0.017113924183882634,0.0,0.5078640472697991,1.4994818009540822,1.3801206466264508,0.5078640472697991
27.0,0.0,0.0,-0.13311995424031667,1.1464854749523845,0.31460978637205955,-26.623990848063332,3.0,0.0,0.34032520746965966,0.06,0.0,False,0.004872539332659573,0.13311995424031664,0.2436280025971076,0.04252255582707921,4.252255582707923e-06,4.252255582707922e-06,-0.026624443694192586,0.0,-0.5574036276485739,0.8318756885803249,0.8061602674827248,0.5574036276485739
28.0,0.0,0.0,-0.07381812116823806,1.0840803159102073,0.4662248566086852,-14.763624233647612,3.0,0.0,0.3726612571943624,0.12,0.0,False,0.004986099152253517,0.07381812116823805,0.24930601771565306,0.04252233839831703,4.252233839831701e-06,4.252233839831702e-06,-0.014763875346110084,0.0,-0.06240515904217725,0.6178554593015221,0.7114190587158449,0.06240515904217725
29.0,0.0,0.0,-0.0670047728003636,1.5494613824381043,0.4763315039901985,-13.40095456007272,3.0,0.0,0.40828856867436253,0.06,0.0,False,0.00501928071094191,0.0670047728003636,0.25096510270128336,0.04252219588353538,4.252219588353537e-06,4.252219588353538e-06,-0.013401182494309431,0.0,0.465381066527897,1.0731298784479057,1.1411728137637418,0.465381066527897
30.0,0.0,0.0,-0.1088198483390339,0.9195047445969535,0.715113723259472,-21.76396966780678,3.0,0.0,0.41401834195620024,0.19,0.0,False,0.005162708394709859,0.1088198483390339,0.25813651738156995,0.042522102471379226,4.2522102471379225e-06,4.2522102471379225e-06,-0.021764339846132064,0.0,-0.6299566378411507,0.20439102133748155,0.5054864026407533,0.6299566378411507
31.0,0.0,0.0,-0.038524922098178496,0.8218740630439556,0.6787014109133677,-7.704984419635699,3.0,0.0,0.4612397628040551,0.09,0.0,False,0.005515188212623281,0.038524922098178496,0.2757605832164673,0.042522041243776856,4.252204124377685e-06,4.252204124377686e-06,-0.007705115471744545,0.0,-0.09763068155299792,0.14317265213058794,0.3606343002399005,0.09763068155299792
32.0,0.0,0.0,-0.024304360366521414,0.9282965338926268,0.6631178138895767,-4.860872073304283,3.0,0.0,0.5342473328235369,-0.02,0.0,False,0.005676295173315303,0.02430436036652141,0.28381596550291355,0.04252200111172609,4.252200111172611e-06,4.25220011117261e-06,-0.0048609547505558065,0.0,0.10642247084867118,0.2651787200030501,0.3940492010690899,0.10642247084867118
33.0,0.0,0.0,-0.03313500200461145,1.240904435669238,0.5392310465694109,-6.62700040092229,3.0,0.0,0.5788252920285487,-0.03,0.0,False,0.005470222536703504,0.03313500200461145,0.2735122898584997,0.04252197480688926,4.2521974806889265e-06,4.252197480688927e-06,-0.006627113117700634,0.0,0.31260790177661124,0.7016733890998271,0.6620791436406893,0.31260790177661124
34.0,0.0,0.0,-0.06672626655184583,1.5137546121241428,0.3941613774316071,-13.345253310369166,3.0,0.0,0.5969394690179098,0.09,0.0,False,0.005268791450317346,0.06672626655184583,0.2634406927124997,0.042521957565193544,4.2521957565193565e-06,4.252195756519356e-06,-0.013345480295921959,0.0,0.2728501764549047,1.1195932346925357,0.9168151431062329,0.2728501764549047
35.0,0.0,0.0,-0.09551298099634828,1.4583358158610678,0.48079228119891326,-19.102596199269655,3.0,0.0,0.5736275834934058,0.04,0.0,False,0.005014512738890908,0.09551298099634828,0.2507267030787515,0.04252194626399751,4.252194626399752e-06,4.252194626399751e-06,-0.019102921109715704,0.0,-0.055418796263075,0.9775435346621545,0.8847082323676619,0.055418796263075
36.0,0.0,0.0,-0.0905241781784132,2.123800273812126,0.6209809231621639,-18.10483563568264,3.0,0.0,0.5586044951714331,-0.06,0.0,False,0.00526702196509032,0.09052417817841323,0.26335221807444575,0.04252193885654483,4.2521938856544815e-06,4.252193885654482e-06,-0.01810514357545878,0.0,0.6654644579510582,1.502819350649962,1.565195778640693,0.6654644579510582
37.0,0.0,0.0,-0.15421386580216137,1.7130195139252378,0.6013951223406765,-30.842773160432277,3.0,0.0,0.5530747877590884,0.01,0.0,False,0.005191312688540328,0.15421386580216137,0.2595667381502939,0.04252193400127473,4.2521934001274746e-06,4.252193400127474e-06,-0.03084329775594747,0.0,-0.4107807598868882,1.1116243915845612,1.1599447261661493,0.4107807598868882
38.0,0.0,0.0,-0.11225912562804105,1.5066320313909844,0.5155356133229693,-22.45182512560821,3.0,0.0,0.5816288284313949,-0.02,0.0,False,0.005159130647715154,0.11225912562804105,0.2579576292667401,0.042521930818851625,4.2521930818851625e-06,4.2521930818851625e-06,-0.022452207001966283,0.0,-0.20638748253425332,0.9910964180680152,0.9250032029595896,0.20638748253425332
39.0,0.0,0.0,-0.0906725248746082,1.2490337187615763,0.5403830321127044,-18.13450497492164,3.0,0.0,0.5904043902709593,0.01,0.0,False,0.004953580171882726,0.0906725248746082,0.24768006177305152,0.04252192873290852,4.252192873290852e-06,4.252192873290853e-06,-0.018134813419261334,0.0,-0.25759831262940813,0.7086506866488719,0.6586293284906171,0.25759831262940813
40.0,0.0,0.0,-0.06639053719612935,0.22733795778138655,0.3375978696852151,-13.27810743922587,3.0,0.0,0.5998875047916986,-0.02,0.0,False,0.005142014904060888,0.06639053719612935,0.2571018384449657,0.04252192736566145,4.2521927365661454e-06,4.252192736566145e-06,-0.013278333282553569,0.0,-1.0216957609801898,-0.11025991190382856,-0.37254954701031207,1.0216957609801898
41.0,0.0,0.0,0.033530975528855304,0.7941756709572014,0.34122004608343065,6.7061951057710605,3.0,0.0,0.585114231532281,0.12,0.0,False,0.004921715201918839,0.033530975528855304,0.24608680650000153,0.04252192646948904,4.252192646948904e-06,4.252192646948905e-06,0.006706309169420107,0.0,0.5668377131758149,0.4529556248737708,0.2090614394249204,0.5668377131758149
42.0,0.0,0.0,-0.027091437582847707,0.41617446196569624,0.2969612084341796,-5.418287516569541,3.0,0.0,0.5626548420783187,0.15,0.0,False,0.004922120164111986,0.027091437582847707,0.24610705469574326,0.04252192588208612,4.252192588208611e-06,4.252192588208612e-06,-0.005418379674585746,0.0,-0.3780012089915052,0.11921325353151663,-0.1464803801126225,0.3780012089915052
43.0,0.0,0.0,0.013257001742911216,-0.6964409221983158,0.3963694830860778,2.6514003485822433,3.0,0.0,0.5232555352282195,-0.03,0.0,False,0.004871132369218659,0.013270228608570047,0.24355765411057137,0.042521925497068444,4.252192549706844e-06,4.252192549706844e-06,0.002651445445449716,0.0,-1.112615384164012,-1.0928104052843937,-1.2196964574265352,1.112615384164012
44.0,0.0,0.0,0.12793648564153093,-1.172460293665352,0.5393464919934273,25.587297128306183,3.0,0.0,0.5487472979610105,0.02,0.0,False,0.004569695433962805,0.12793648564153093,0.2284857432593785,0.042521925244705674,4.2521925244705684e-06,4.252192524470569e-06,0.025587732334909873,0.0,-0.4760193714670363,-1.7118067856587795,-1.7212075916263627,0.4760193714670363
45.0,0.0,0.0,0.18019402664274053,-1.0078151775817663,0.5407388581463616,36.03880532854811,3.0,0.0,0.5829511347453856,-0.08,0.0,False,0.004988754023213557,0.18019402664274053,0.24943876181780192,0.04252192507929264,4.252192507929263e-06,4.2521925079292635e-06,0.036039418301693646,0.0,0.16464511608358579,-1.5485540357281278,-1.590766312327152,0.16464511608358579
46.0,0.0,0.0,0.1662485605468908,-1.3650321629114348,0.5216532036636408,33.24971210937816,3.0,0.0,0.6295182837465547,-0.04,0.0,False,0.004876407085526786,0.16624856054689074,0.24382139104742034,0.042521924970871386,4.252192497087138e-06,4.252192497087139e-06,0.033250277643678806,0.0,-0.3572169853296685,-1.8866853665750756,-1.9945504466579895,0.3572169853296685
47.0,0.0,0.0,0.19957192217884107,-0.9319329888708419,0.4886517201323154,39.91438443576821,3.0,0.0,0.6547057739312298,0.02,0.0,False,0.004925878549574381,0.19957192217884107,0.24629497476790774,0.04252192489980588,4.252192489980587e-06,4.252192489980588e-06,0.03991506332746439,0.0,0.43309917404059295,-1.4205847090031574,-1.5866387628020715,0.43309917404059295
48.0,0.0,0.0,0.15501767803819747,-0.5967077000906584,0.6073705178785951,31.003535607639492,3.0,0.0,0.6307294897884101,-0.03,0.0,False,0.005271375464587302,0.15501767803819747,0.2635698939745219,0.04252192485322546,4.252192485322546e-06,4.252192485322545e-06,0.031004062937401676,0.0,0.33522528878018343,-1.2040782179692535,-1.2274371898790686,0.33522528878018343
49.0,0.0,0.0,0.12195960606060362,-1.111272659044075,0.6171638961740413,24.391921212120725,3.0,0.0,0.6182767497614136,0.04,0.0,False,0.0052699049323541485,0.12195960606060362,0.26349636705021423,0.04252192482269396,4.252192482269395e-06,4.252192482269396e-06,0.024392336086932614,0.0,-0.5145649589534165,-1.7284365552181162,-1.7295494088054886,0.5145649589534165
50.0,0.0,0.0,0.17292988180091762,-0.6009028973168109,0.6071899636957082,34.58597636018352,3.0,0.0,0.6229142903013791,-0.11,0.0,False,0.005356961870392065,0.17292988180091762,0.26784923246125236,0.04252192480268187,4.252192480268186e-06,4.252192480268186e-06,0.03458656462259652,0.0,0.510369761727264,-1.2080928610125192,-1.22381718761819,0.510369761727264
51.0,0.0,0.0,0.12354152254380808,-0.35168511858110846,0.5324136407498211,24.708304508761618,3.0,0.0,0.6180629255222516,-0.05,0.0,False,0.005276995360828536,0.12354152254380807,0.2638508899814261,0.04252192478956478,4.252192478956478e-06,4.252192478956478e-06,0.024708724764840997,0.0,0.24921777873570244,-0.8840987593309295,-0.9697480441033601,0.24921777873570244
52.0,0.0,0.0,0.09652392126224525,-0.44339070082945387,0.49556678935070886,19.30478425244905,3.0,0.0,0.6345385942379196,0.03,0.0,False,0.005170918156427941,0.09652392126224525,0.2585470072083615,0.0425219247809671,4.252192478096709e-06,4.25219247809671e-06,0.019305112601686398,0.0,-0.09170558224834541,-0.9389574901801627,-1.0779292950673733,0.09170558224834541
53.0,0.0,0.0,0.10216005935598346,-0.13979445837961257,0.32690469073279255,20.432011871196693,3.0,0.0,0.6135746159559411,0.24,0.0,False,0.005134120843412471,0.10216005935598346,0.25670713373412496,0.04252192477533167,4.252192477533166e-06,4.252192477533167e-06,0.020432359393107665,0.0,0.3035962424498413,-0.4666991491124051,-0.7533690743355537,0.3035962424498413
54.0,0.0,0.0,0.07155641633478632,-0.3049638232723335,0.3144233195687818,14.311283266957263,3.0,0.0,0.578231612942175,0.05,0.0,False,0.005010471737061565,0.07155641633478631,0.2505246521275896,0.0425219247716379,4.25219247716379e-06,4.252192477163789e-06,0.014311526683246392,0.0,-0.16516936489272094,-0.6193871428411153,-0.8831954362145085,0.16516936489272094
55.0,0.0,0.0,0.08196102530709665,-0.08950162625464089,0.3477341093245956,16.39220506141933,3.0,0.0,0.575784918551012,0.11,0.0,False,0.005242540116790673,0.08196102530709665,0.2621281204540159,0.04252192476921678,4.252192476921676e-06,4.252192476921677e-06,0.016392483871477945,0.0,0.21546219701769262,-0.43723573557923645,-0.6652865448056529,0.21546219701769262
56.0,0.0,0.0,0.05875711938750685,0.08936250022397989,0.28548157821436415,11.75142387750137,3.0,0.0,0.5146638555013935,0.03,0.0,False,0.005310441823859429,0.05875711938750685,0.2655232202440101,0.04252192476762984,4.2521924767629835e-06,4.252192476762984e-06,0.011751623753916265,0.0,0.17886412647862077,-0.19611907799038425,-0.4253013552774136,0.17886412647862077
57.0,0.0,0.0,0.0342394396494376,0.5570536830737196,0.1588546737358464,6.847887929887519,3.0,0.0,0.49808205994947813,0.25,0.0,False,0.005725647589930409,0.0342394396494376,0.28628359682430066,0.042521924766589676,4.252192476658967e-06,4.252192476658967e-06,0.006848004403542396,0.0,0.4676911828497397,0.3981990093378732,0.05897162312424148,0.4676911828497397
58.0,0.0,0.0,-0.015872730431803764,0.149580865462572,0.2418984117599896,-3.1745460863607526,3.0,0.0,0.43176417635273984,0.15,0.0,False,0.0055594136870045635,0.01589881416517207,0.2779718663350808,0.04252192476590788,4.252192476590789e-06,4.2521924765907885e-06,-0.003174600081255096,0.0,-0.4074728176111476,-0.09231754629741762,-0.28218331089016785,0.4074728176111476
59.0,0.0,0.0,0.022001329295539645,-0.29013194344073984,0.2894970052787761,4.400265859107929,3.0,0.0,0.39832300406043575,0.14,0.0,False,0.005683765197661947,0.022001329295539645,0.2841894683062779,0.04252192476546101,4.252192476546101e-06,4.252192476546101e-06,0.004400340701899208,0.0,-0.4397128089033118,-0.5796289487195159,-0.6884549475011756,0.4397128089033118
60.0,0.0,0.0,0.06647227100103106,-0.03472231894884245,0.3558847757921783,13.294454200206212,3.0,0.0,0.3695988361123137,-0.08,0.0,False,0.005932945967346073,0.06647227100103106,0.2966485597687139,0.04252192476516809,4.252192476516809e-06,4.2521924765168095e-06,0.013294680321557223,0.0,0.2554096244918974,-0.39060709474102073,-0.4043211550611562,0.2554096244918974
61.0,0.0,0.0,0.04036780773622509,-0.09960487342399804,0.39612340330301155,8.073561547245019,3.0,0.0,0.37460489921410345,0.13,0.0,False,0.005637177799104237,0.04036780773622509,0.28186008847346317,0.042521924764976085,4.25219247649761e-06,4.25219247649761e-06,0.008073698868011788,0.0,-0.06488255447515559,-0.4957282767270096,-0.4742097726381015,0.06488255447515559
62.0,0.0,0.0,0.04948749562381544,-0.20091698972254948,0.5196032437970325,9.897499124763089,3.0,0.0,0.3689643409978261,0.11,0.0,False,0.005257684544385943,0.049487495623815436,0.26288534505363026,0.04252192476485026,4.252192476485025e-06,4.252192476485025e-06,0.009897667468332523,0.0,-0.10131211629855144,-0.7205202335195819,-0.5698813307203756,0.10131211629855144
63.0,0.0,0.0,0.06531995315757791,0.24092619901539403,0.5359177984412561,13.063990631515582,3.0,0.0,0.39528060433198525,0.15,0.0,False,0.005301558599200455,0.06531995315757791,0.2650790571224022,0.04252192476476777,4.252192476476778e-06,4.252192476476777e-06,0.01306421283298145,0.0,0.4418431887379435,-0.29499159942586206,-0.15435440531659123,0.4418431887379435
64.0,0.0,0.0,0.02579907113751907,0.013002034595431311,0.5628424273041243,5.159814227503814,3.0,0.0,0.45229642950389903,0.06,0.0,False,0.005203402914734614,0.02579907113751907,0.260171252030267,0.04252192476471372,4.252192476471372e-06,4.25219247647137e-06,0.00515990198922359,0.0,-0.22792416441996272,-0.549840392708693,-0.4392943949084677,0.22792416441996272
65.0,0.0,0.0,0.05063726112386504,-0.035910993184421314,0.6098133217671297,10.127452224773007,3.0,0.0,0.49892239552139445,0.09,0.0,False,0.0050856854424654405,0.050637261123865025,0.2542853533889408,0.04252192476467826,4.252192476467827e-06,4.252192476467827e-06,0.010127624479545176,0.0,-0.048913027779852625,-0.645724314951551,-0.5348333887058158,0.048913027779852625
66.0,0.0,0.0,0.061152384767237396,0.7007909237154117,0.6833082754532345,12.230476953447479,3.0,0.0,0.5193854118031209,0.04,0.0,False,0.005075678904385674,0.061152384767237396,0.2537850243574662,0.04252192476465504,4.252192476465504e-06,4.252192476465505e-06,0.012230684977931268,0.0,0.736701916899833,0.01748264826217727,0.18140551191229082,0.736701916899833
67.0,0.0,0.0,-0.007951579865582092,0.7680619857746288,0.7897896192591201,-1.5903159731164185,3.0,0.0,0.5756258560734743,0.18,0.0,False,0.0045931456261333265,0.008080082453972792,0.22965825785363003,0.042521924764639826,4.252192476463981e-06,4.252192476463982e-06,-0.0015903430223198653,0.0,0.06727106205921707,-0.02172763348449125,0.19243612970115453,0.06727106205921707
68.0,0.0,0.0,-0.014525423245698903,0.6956283665053723,0.6925965862947112,-2.9050846491397806,3.0,0.0,0.6212734344771867,-0.02,0.0,False,0.004978819942246536,0.014544556788865104,0.24894205565736177,0.042521924764629834,4.252192476462983e-06,4.252192476462984e-06,-0.002905134060846029,0.0,-0.07243361926925651,0.0030317802106610836,0.07435493202818555,0.07243361926925651
69.0,0.0,0.0,-0.007399470559352896,0.5449048944931787,0.5211938359479759,-1.479894111870579,3.0,0.0,0.6228046650728676,0.02,0.0,False,0.0051297748290819786,0.007559989848711042,0.2564898320935956,0.0425219247646233,4.252192476462331e-06,4.25219247646233e-06,-0.0014799192829419816,0.0,-0.1507234720121936,0.023711058545202834,-0.07789977057968889,0.1507234720121936
70.0,0.0,0.0,0.0044774824022707875,-0.4955521279691635,0.37737581383928087,0.8954964804541574,3.0,0.0,0.6216320877131912,0.22,0.0,False,0.0050101318855812335,0.005568313480733564,0.2505076594813172,0.04252192476461902,4.2521924764619006e-06,4.252192476461901e-06,0.0008955117116829795,0.0,-1.0404570224623422,-0.8729279418084444,-1.1171842156823546,1.0404570224623422
71.0,0.0,0.0,0.10790213919654976,-0.4201081707093132,0.5548605263970582,21.58042783930995,3.0,0.0,0.5896806704717359,0.07,0.0,False,0.005005621563688228,0.10790213919654976,0.2502821424277291,0.042521924764616206,4.25219247646162e-06,4.25219247646162e-06,0.021580794894280764,0.0,0.07544395725985026,-0.9749686971063714,-1.0097888411810492,0.07544395725985026
72.0,0.0,0.0,0.10370265163050137,0.2872256950224989,0.6621131283352857,20.740530326100274,3.0,0.0,0.5834922050295591,0.05,0.0,False,0.005169878330989029,0.10370265163050135,0.2584950157153386,0.04252192476461437,4.252192476461437e-06,4.252192476461436e-06,0.020740883095508252,0.0,0.7073338657318121,-0.3748874333127868,-0.2962665100070602,0.7073338657318121
73.0,0.0,0.0,0.03939958676616881,0.2570577994807941,0.6983835973831208,7.879917353233762,3.0,0.0,0.6169403937774519,-0.09,0.0,False,0.0052759735960452026,0.039399586766168816,0.26379980152502164,0.042521924764613146,4.252192476461316e-06,4.252192476461315e-06,0.007880051380364983,0.0,-0.030167895541704792,-0.44132579790232673,-0.3598825942966578,0.030167895541704792
74.0,0.0,0.0,0.047248839670570905,0.35032068980869396,0.7938009414748675,9.449767934114181,3.0,0.0,0.6812299394155077,-0.05,0.0,False,0.005621928693433012,0.047248839670570905,0.28109762994779525,0.042521924764612355,4.252192476461236e-06,4.2521924764612365e-06,0.009449928662359181,0.0,0.09326289032789986,-0.4434802516661735,-0.3309092496068137,0.09326289032789986
75.0,0.0,0.0,0.04304165250254045,0.3130798935867367,0.8484495338321643,8.60833050050809,3.0,0.0,0.7295562417445312,0.09,0.0,False,0.005733871494540767,0.04304165250254046,0.28669479380329976,0.04252192476461185,4.252192476461185e-06,4.252192476461184e-06,0.008608476916998248,0.0,-0.03724079622195725,-0.5353696402454275,-0.41647634815779444,0.03724079622195725
76.0,0.0,0.0,0.054302496271382415,0.9123712790467253,1.001682425542237,10.860499254276483,3.0,0.0,0.7807463659036453,0.27,0.0,False,0.0053849215415489185,0.054302496271382415,0.2692472219635891,0.04252192476461149,4.252192476461149e-06,4.25219247646115e-06,0.010860683977223874,0.0,0.5992913854599886,-0.08931114649551164,0.13162491314308,0.5992913854599886
77.0,0.0,0.0,-0.0023978488438137382,0.9639060019113593,0.9818196767874313,-0.47956976876274765,3.0,0.0,0.8561164015338654,0.08,0.0,False,0.0054828336591320175,0.004708728058405356,0.2741428486598026,0.04252192476461127,4.252192476461127e-06,4.252192476461128e-06,-0.0004795779256199134,0.0,0.05153472286463401,-0.017913674876071983,0.10778960037749397,0.05153472286463401
78.0,0.0,0.0,-0.005795835298732702,0.430397685335697,1.0664186250854693,-1.1591670597465404,3.0,0.0,0.8883922808028473,0.14,0.0,False,0.005412956550078013,0.0065509372070918954,0.2706489783505565,0.042521924764611134,4.252192476461113e-06,4.252192476461114e-06,-0.001159186775668505,0.0,-0.5335083165756623,-0.6360209397497723,-0.45799459546715027,0.5335083165756623
79.0,0.0,0.0,0.05767120706811253,0.7245839491342347,1.3537454138576768,11.534241413622507,3.0,0.0,0.9059464166736697,0.3,0.0,False,0.005361199803961514,0.057671207068112545,0.2680611300407492,0.042521924764611044,4.252192476461104e-06,4.2521924764611035e-06,0.011534437596046533,0.0,0.29418626379853774,-0.629161464723442,-0.18136246753943497,0.29418626379853774
80.0,0.0,0.0,0.037737936517462566,0.5305415129846709,1.4068318361824343,7.547587303492513,3.0,0.0,1.007122017470462,0.43,0.0,False,0.005236073173683766,0.037737936517462566,0.261804771923736,0.042521924764610974,4.252192476461099e-06,4.2521924764610976e-06,0.007547715678122422,0.0,-0.19404243614956385,-0.8762903231977635,-0.47658050448579115,0.19404243614956385
81.0,0.0,0.0,0.06506984371862044,0.10248273211513453,1.4746359356107068,13.013968743724089,3.0,0.0,1.1019713377573468,0.4,0.0,False,0.005015846662082138,0.06506984371862044,0.25079339952137886,0.042521924764610926,4.252192476461093e-06,4.252192476461093e-06,0.013014190094382776,0.0,-0.42805878086953636,-1.3721532034955723,-0.9994886056422123,0.42805878086953636
82.0,0.0,0.0,0.12079680572611216,1.2532576989232163,1.4928148796207728,24.159361145222434,3.0,0.0,1.18125378464587,0.34,0.0,False,0.005155045593774229,0.12079680572611216,0.25775337570101586,0.04252192476461091,4.252192476461092e-06,4.252192476461091e-06,0.024159772064489896,0.0,1.1507749668080818,-0.2395571806975565,0.07200391427734631,1.1507749668080818
83.0,0.0,0.0,0.015152539804033962,0.9238481111741069,1.690771289096298,3.0305079608067924,3.0,0.0,1.3104764719396795,0.31,0.0,False,0.005421064202210301,0.015157821254055369,0.2710543626809358,0.0425219247646109,4.25219247646109e-06,4.252192476461089e-06,0.0030305595058002133,0.0,-0.32940958774910933,-0.7669231779221911,-0.3866283607655726,0.32940958774910933
84.0,0.0,0.0,0.0536587714553508,0.5502694320910424,1.6452085134266654,10.73175429107016,3.0,0.0,1.4047863185393432,0.16,0.0,False,0.005460066709888315,0.053658771455350814,0.27300449635714497,0.04252192476461088,4.252192476461087e-06,4.252192476461088e-06,0.010731936824233408,0.0,-0.3735786790830645,-1.094939081335623,-0.8545168864483008,0.3735786790830645
85.0,0.0,0.0,0.09502984926402712,1.137458705389523,1.6257886178072078,19.005969852805425,3.0,0.0,1.4604472340988284,0.19,0.0,False,0.005340077327381307,0.09502984926402712,0.2670050017208971,0.04252192476461086,4.252192476461086e-06,4.2521924764610866e-06,0.01900629311959888,0.0,0.5871892732984807,-0.48832991241768475,-0.3229885287093053,0.5871892732984807
86.0,0.0,0.0,0.047689006682932196,1.2355080361010968,1.9290026131669389,9.537801336586439,3.0,0.0,1.5005881289918164,0.41,0.0,False,0.005000026281967637,0.047689006682932196,0.25000237715208873,0.04252192476461086,4.252192476461086e-06,4.2521924764610866e-06,0.009537963562164959,0.0,0.09804933071157373,-0.693494577065842,-0.26508009289071954,0.09804933071157373
87.0,0.0,0.0,0.0446072663200093,1.0662682310624219,1.8791831503119265,8.92145326400186,3.0,0.0,1.614358911360616,0.31,0.0,False,0.005102151290346537,0.0446072663200093,0.25510864928379334,0.04252192476461086,4.252192476461086e-06,4.2521924764610866e-06,0.008921605006302409,0.0,-0.16923980503867497,-0.8129149192495047,-0.5480906802981942,0.16923980503867497
88.0,0.0,0.0,0.06946303632602067,1.044462650059181,1.9482497038269881,13.892607265204134,3.0,0.0,1.6815901832353015,0.26,0.0,False,0.004784553946182858,0.06946303632602067,0.2392287145513575,0.04252192476461086,4.252192476461086e-06,4.2521924764610866e-06,0.013892843560359715,0.0,-0.021805581003240926,-0.9037870537678072,-0.6371275331761206,0.021805581003240926
89.0,0.0,0.0,0.07792791061527472,0.916286728812405,1.9312518905555305,15.585582123054945,3.0,0.0,1.7609133628326505,0.08,0.0,False,0.004935267870659439,0.07792791061527472,0.24676444281841733,0.04252192476461086,4.252192476461086e-06,4.2521924764610866e-06,0.015585847213507894,0.0,-0.1281759212467759,-1.0149651617431255,-0.8446266340202455,0.1281759212467759
90.0,0.0,0.0,0.09676716720838911,1.3700036714567665,2.0105926297076775,19.353433441677822,3.0,0.0,1.8237583244356883,0.11,0.0,False,0.0049223908886632485,0.09676716720838911,0.24612059098083755,0.04252192476461086,4.252192476461086e-06,4.2521924764610866e-06,0.019353762618374383,0.0,0.45371694264436147,-0.640588958250911,-0.4537546529789218,0.45371694264436147
91.0,0.0,0.0,0.049766205161447044,1.0453001737499388,1.972400924184272,9.953241032289409,3.0,0.0,1.8839789745273137,0.04,0.0,False,0.0049453701142097494,0.049766205161447044,0.24726955714376708,0.04252192476461086,4.252192476461086e-06,4.2521924764610866e-06,0.009953410323956075,0.0,-0.3247034977068277,-0.9271007504343332,-0.8386788007773749,0.3247034977068277
92.0,0.0,0.0,0.08529915666230371,1.2927770399703562,1.9014153200749424,17.059831332460742,3.0,0.0,1.8676763038453947,-0.12,0.0,False,0.004940476350015912,0.0852991566623037,0.2470248678936139,0.04252192476461086,4.252192476461086e-06,4.2521924764610866e-06,0.01706012149797265,0.0,0.24747686622041742,-0.6086382801045862,-0.5748992638750385,0.24747686622041742
93.0,0.0,0.0,0.06390889006592652,0.8179310115148777,2.034098963913842,12.781778013185304,3.0,0.0,1.8983098757945853,0.04,0.0,False,0.004967559229282196,0.06390889006592654,0.24837901761500877,0.04252192476461086,4.252192476461086e-06,4.2521924764610866e-06,0.012781995414582076,0.0,-0.4748460284554785,-1.2161679523989641,-1.0803788642797076,0.4748460284554785
94.0,0.0,0.0,0.11641685669385417,1.593607586280449,2.059569164559537,23.283371338770834,3.0,0.0,1.9318795282746968,0.04,0.0,False,0.005509294436681765,0.11641685669385417,0.2754658931631059,0.04252192476461086,4.252192476461086e-06,4.2521924764610866e-06,0.023283767358592593,0.0,0.7756765747655714,-0.4659615782790878,-0.3382719419942477,0.7756765747655714
95.0,0.0,0.0,0.04293813908666759,0.8098059462188748,2.0466582773065585,8.587627817333518,3.0,0.0,1.9821243297975264,-0.04,0.0,False,0.00540503908893913,0.04293813908666759,0.2702531036102839,0.04252192476461086,4.252192476461086e-06,4.2521924764610866e-06,0.008587773881698,0.0,-0.7838016400615743,-1.2368523310876838,-1.1723183835786517,0.7838016400615743
96.0,0.0,0.0,0.12438393644774039,1.8777152466273286,2.0092573099840076,24.876787289548076,3.0,0.0,2.0229981062087234,-0.04,0.0,False,0.005474341719160577,0.12438393644774039,0.2737182498557623,0.04252192476461086,4.252192476461086e-06,4.2521924764610866e-06,0.024877210411299866,0.0,1.0679093004084539,-0.13154206335667906,-0.14528285958139486,1.0679093004084539
97.0,0.0,0.0,0.018865135496389424,2.1655119272296393,1.980885408606269,3.773027099277885,3.0,0.0,2.053671755918215,0.08,0.0,False,0.005369584234287503,0.01886513549638942,0.2684803533396592,0.04252192476461086,4.252192476461086e-06,4.2521924764610866e-06,0.00377309127355478,0.0,0.2877966806023107,0.1846265186233702,0.1118401713114241,0.2877966806023107
98.0,0.0,0.0,-0.010331652639922922,1.5041541012984974,1.97872501498918,-2.0663305279845843,3.0,0.0,2.066370612500584,0.05,0.0,False,0.005266614419731321,0.01054574365150212,0.2633318407194766,0.04252192476461086,4.252192476461086e-06,4.2521924764610866e-06,-0.002066365673575637,0.0,-0.6613578259311419,-0.4745709136906826,-0.5622165112020867,0.6613578259311419
99.0,0.0,0.0,0.05406417779944722,1.6436062874191395,1.938021383053322,10.812835559889445,3.0,0.0,2.062193204221629,0.0,0.0,False,0.005305653606657517,0.054064177799447236,0.2652838083658932,0.04252192476461086,4.252192476461086e-06,4.2521924764610866e-06,0.010813019472139473,0.0,0.13945218612064214,-0.29441509563418244,-0.4185869168024896,0.13945218612064214
100.0,0.0,0.0,0.03781531841223012,1.4980408904922895,2.0708022613291766,7.563063682446024,3.0,0.0,2.044807373857473,-0.04,0.0,False,0.005206289045042898,0.03781531841223012,0.2603155591593002,0.04252192476461086,4.252192476461086e-06,4.2521924764610866e-06,0.007563192320308982,0.0,-0.14556539692685,-0.572761370836887,-0.5467664833651835,0.14556539692685
101.0,0.0,0.0,0.05795414032961579,1.2466747967460363,2.2615230930227743,11.590828065923157,3.0,0.0,2.0217675114420626,0.2,0.0,False,0.005125580732470254,0.05795414032961577,0.25628012637130404,0.04252192476461086,4.252192476461086e-06,4.2521924764610866e-06,0.01159102521081244,0.0,-0.2513660937462532,-1.014848296276738,-0.7750927146960263,0.2513660937462532
102.0,0.0,0.0,0.0892492572991161,1.925455828217912,2.241714634228371,17.84985145982322,3.0,0.0,2.077594615396421,0.18,0.0,False,0.005329218765618411,0.0892492572991161,0.26646207132411753,0.04252192476461086,4.252192476461086e-06,4.2521924764610866e-06,0.01785015506254856,0.0,0.6787810314718756,-0.3162588060104592,-0.15213878717850893,0.6787810314718756
103.0,0.0,0.0,0.03355278291192219,1.6105777904626528,2.40582324326437,6.710556582384438,3.0,0.0,2.139186344988217,0.43,0.0,False,0.005203920548666354,0.03355278291192219,0.2601971338369079,0.04252192476461086,4.252192476461086e-06,4.2521924764610866e-06,0.006710670720211945,0.0,-0.31487803775525913,-0.795245452801717,-0.5286085545255643,0.31487803775525913
104.0,0.0,0.0,0.07274018456302607,1.3582369138810935,2.518153896839905,14.548036912605214,3.0,0.0,2.2609907909816864,0.34,0.0,False,0.004919870176201719,0.07274018456302607,0.24599455482183336,0.04252192476461086,4.252192476461086e-06,4.2521924764610866e-06,0.014548284355765453,0.0,-0.25234087658155935,-1.1599169829588114,-0.902753877100593,0.25234087658155935
105.0,0.0,0.0,0.10474289917218237,1.2464881826472103,2.581697812688456,20.948579834436472,3.0,0.0,2.3379951013561895,0.21,0.0,False,0.004920528946787579,0.10474289917218237,0.2460274934911873,0.04252192476461086,4.252192476461086e-06,4.2521924764610866e-06,0.02094893614249562,0.0,-0.11174873123388318,-1.335209630041246,-1.0915069187089792,0.11174873123388318
106.0,0.0,0.0,0.1242492495748528,1.58391325361857,2.6826075299548444,24.84984991497056,3.0,0.0,2.405688174951307,0.36,0.0,False,0.00484066814263497,0.12424924957485281,0.24203443630438132,0.04252192476461086,4.252192476461086e-06,4.2521924764610866e-06,0.02485027257855269,0.0,0.33742507097135976,-1.0986942763362744,-0.8217749213327368,0.33742507097135976
107.0,0.0,0.0,0.09699542355189028,1.1676224212586401,2.78247126260076,19.399084710378055,3.0,0.0,2.4890070949819494,0.21,0.0,False,0.0048094171108085185,0.09699542355189028,0.24047187806878859,0.04252192476461086,4.252192476461086e-06,4.2521924764610866e-06,0.019399414663543238,0.0,-0.4162908323599299,-1.6148488413421198,-1.3213846737233093,0.4162908323599299
108.0,0.0,0.0,0.1457076223775198,1.592613537897214,2.9034931762686353,29.14152447550396,3.0,0.0,2.5538881112979857,0.3,0.0,False,0.005113150934712183,0.1457076223775198,0.2556586338407058,0.04252192476461086,4.252192476461086e-06,4.2521924764610866e-06,0.029142020134880806,0.0,0.4249911166385738,-1.3108796383714214,-0.9612745734007717,0.4249911166385738
109.0,0.0,0.0,0.1165478002714725,1.7300039181087339,3.023065110143963,23.3095600542945,3.0,0.0,2.6247296238766182,0.5,0.0,False,0.005307780474266231,0.1165478002714725,0.2653901521985215,0.04252192476461086,4.252192476461086e-06,4.2521924764610866e-06,0.023309956519552203,0.0,0.13739038021151995,-1.2930611920352293,-0.8947257057678843,0.13739038021151995
110.0,0.0,0.0,0.11274685735887094,0.6924502934657948,3.1056620289990886,22.549371471774187,3.0,0.0,2.758116319795911,0.32,0.0,False,0.005417547561629347,0.11274685735887094,0.2708785299042164,0.04252192476461086,4.252192476461086e-06,4.2521924764610866e-06,0.022549755007214185,0.0,-1.037553624642939,-2.413211735533294,-2.065666026330116,1.037553624642939
111.0,0.0,0.0,0.22651695219269904,1.0431529946545681,3.212873101881285,45.30339043853981,3.0,0.0,2.857496462764372,0.37,0.0,False,0.005186550885780639,0.22651695219269904,0.2593286469996646,0.04252192476461086,4.252192476461086e-06,4.2521924764610866e-06,0.045304160990207155,0.0,0.35070270118877334,-2.1697201072267167,-1.8143434681098038,0.35070270118877334
112.0,0.0,0.0,0.19955453295704953,0.026547191330718922,3.175443971567539,39.910906591409905,3.0,0.0,2.9576679750767783,0.19,0.0,False,0.005122160362642715,0.19955453295704956,0.2561091071527235,0.04252192476461086,4.252192476461086e-06,4.2521924764610866e-06,0.03991158542395029,0.0,-1.0166058033238492,-3.1488967802368197,-2.931120783746059,1.0166058033238492
113.0,0.0,0.0,0.31125124943567645,-0.4301692839012101,3.3803084533746226,62.25024988713529,3.0,0.0,3.0387407514392453,0.36,0.0,False,0.005020980401729961,0.3112512494356764,0.2510500875952525,0.04252192476461086,4.252192476461086e-06,4.2521924764610866e-06,0.06225130868280994,0.0,-0.45671647523192904,-3.810477737275833,-3.468910035340455,0.45671647523192904
114.0,0.0,0.0,0.35837318609011876,-0.6586426958272888,3.3140192514738667,71.67463721802375,3.0,0.0,3.1391258606985373,-0.07,0.0,False,0.0051927032186754075,0.35837318609011876,0.25963626495244835,0.04252192476461086,4.252192476461086e-06,4.2521924764610866e-06,0.0716758563102524,0.0,-0.22847341192607873,-3.9726619473011553,-3.797768556525826,0.22847341192607873
115.0,0.0,0.0,0.38639696349371766,-0.28106221643569557,3.3129370717835944,77.27939269874354,3.0,0.0,3.1536387705882567,0.12,0.0,False,0.005433486455893508,0.38639696349371777,0.27167547800618674,0.04252192476461086,4.252192476461086e-06,4.2521924764610866e-06,0.07728070712056317,0.0,0.3775804793915933,-3.59399928821929,-3.434700987023952,0.3775804793915933
116.0,0.0,0.0,0.35037138739410983,0.21310519864555227,3.349054695716304,70.07427747882197,3.0,0.0,3.2054090908229385,0.05,0.0,False,0.005277923266187991,0.35037138739410983,0.2638972854466797,0.04252192476461086,4.252192476461086e-06,4.2521924764610866e-06,0.07007546935101579,0.0,0.49416741508124784,-3.1359494970707518,-2.9923038921773863,0.49416741508124784
117.0,0.0,0.0,0.30624754164226564,0.5644401515428421,3.3868185159879123,61.24950832845313,3.0,0.0,3.222726149834271,0.1,0.0,False,0.005167153000668626,0.30624754164226564,0.258358748619887,0.04252192476461086,4.252192476461086e-06,4.2521924764610866e-06,0.061250550102817256,0.0,0.35133495289728983,-2.82237836444507,-2.658285998291429,0.35133495289728983
118.0,0.0,0.0,0.27687648739788595,0.28598945647971014,3.34436963252611,55.37529747957719,3.0,0.0,3.2756457262428302,-0.06,0.0,False,0.005217972692736485,0.27687648739788595,0.26089974402803545,0.04252192476461086,4.252192476461086e-06,4.2521924764610866e-06,0.05537623934126546,0.0,-0.27845069506313197,-3.0583801760464,-2.98965626976312,0.27845069506313197
119.0,0.0,0.0,0.30611634502265234,0.6139440831677181,3.4385121481492678,61.223269004530465,3.0,0.0,3.3332638921275293,0.06,0.0,False,0.005121772686489951,0.30611634502265234,0.25608972326266166,0.04252192476461086,4.252192476461086e-06,4.2521924764610866e-06,0.06122431033259787,0.0,0.32795462668800796,-2.8245680649815497,-2.719319808959811,0.32795462668800796
120.0,0.0,0.0,0.2804576563184798,-0.07667001643587223,3.6114848138123072,56.091531263695956,3.0,0.0,3.347217989987192,0.14,0.0,False,0.0050271276020648105,0.2804576563184798,0.251357448918949,0.04252192476461086,4.252192476461086e-06,4.2521924764610866e-06,0.05609248530758806,0.0,-0.6906140996035903,-3.6881548302481795,-3.423888006423064,0.6906140996035903
121.0,0.0,0.0,0.3554796365183778,0.3552238563816118,3.541130562549383,71.09592730367555,3.0,0.0,3.4185802743493205,-0.01,0.0,False,0.005047022484726565,0.3554796365183778,0.25235219728188013,0.04252192476461086,4.252192476461086e-06,4.2521924764610866e-06,0.07109713655280228,0.0,0.43189387281748404,-3.185906706167771,-3.0633564179677086,0.43189387281748404
122.0,0.0,0.0,0.3143195811184828,0.36457965182950436,3.7720363838852378,62.86391622369656,3.0,0.0,3.4782019271396987,0.09,0.0,False,0.004872731076189144,0.3143195811184828,0.24363758979897823,0.04252192476461086,4.252192476461086e-06,4.2521924764610866e-06,0.06286498545703635,0.0,0.009355795447892556,-3.407456732055733,-3.1136222753101945,0.009355795447892556
123.0,0.0,0.0,0.3199242475429403,0.8273464673240032,3.888165828588032,63.98484950858806,3.0,0.0,3.4984864949343386,0.23,0.0,False,0.004713277952429004,0.3199242475429403,0.23566489970970256,0.04252192476461086,4.252192476461086e-06,4.2521924764610866e-06,0.0639859378075431,0.0,0.46276681549449883,-3.060819361264029,-2.6711400276103356,0.46276681549449883
124.0,0.0,0.0,0.2855656620953834,-0.06428719073244482,4.019966318639446,57.113132419076685,3.0,0.0,3.5638901462328256,0.58,0.0,False,0.004726203635565108,0.2855656620953835,0.23631118661463243,0.04252192476461086,4.252192476461086e-06,4.2521924764610866e-06,0.057114103839073886,0.0,-0.891633658056448,-4.084253509371891,-3.6281773369652703,0.891633658056448
125.0,0.0,0.0,0.3825903958740015,-0.8506872850301745,4.137648775259489,76.5180791748003,3.0,0.0,3.683063802285829,0.37,0.0,False,0.004883043188924516,0.3825903958740015,0.2441531976282011,0.04252192476461086,4.252192476461086e-06,4.2521924764610866e-06,0.07651938064766844,0.0,-0.7864000942977297,-4.988336060289663,-4.533751087316004,0.7864000942977297
126.0,0.0,0.0,0.4699047489095165,-0.21615907897548214,4.093931608208038,93.9809497819033,3.0,0.0,3.7616981104077114,0.29,0.0,False,0.00505183051554472,0.4699047489095165,0.2525925998450215,0.04252192476461086,4.252192476461086e-06,4.2521924764610866e-06,0.09398254827545649,0.0,0.6345282060546924,-4.3100906871835205,-3.9778571893831938,0.6345282060546924
127.0,0.0,0.0,0.41015562756981394,-0.20609510619481375,4.1695464087875065,82.03112551396279,3.0,0.0,3.848460110336884,0.08,0.0,False,0.0049282617780386576,0.41015562756981394,0.24641413669781545,0.04252192476461086,4.252192476461086e-06,4.2521924764610866e-06,0.08203252075656886,0.0,0.010063972780668395,-4.37564151498232,-4.054555216531698,0.010063972780668395
128.0,0.0,0.0,0.41854331847899007,-0.9877761836501375,4.244216620455007,83.70866369579801,3.0,0.0,3.88548439975634,0.34,0.0,False,0.004802080434120276,0.41854331847899007,0.2401050426745284,0.04252192476461086,4.252192476461086e-06,4.2521924764610866e-06,0.0837100874711437,0.0,-0.7816810774553238,-5.231992804105145,-4.873260583406477,0.7816810774553238
129.0,0.0,0.0,0.5053054759849293,-1.1505664999607395,4.2070542480474735,101.06109519698585,3.0,0.0,3.9794270649325783,0.28,0.0,False,0.004907918182287404,0.5053054759849293,0.2453969525850086,0.04252192476461086,4.252192476461086e-06,4.2521924764610866e-06,0.10106281411459124,0.0,-0.16279031631060192,-5.3576207480082125,-5.129993564893318,0.16279031631060192
130.0,0.0,0.0,0.529458385079781,-1.2190186398029756,4.211253882560406,105.8916770159562,3.0,0.0,4.065386009006314,0.19,0.0,False,0.004993236179473127,0.529458385079781,0.24966287058372202,0.04252192476461086,4.252192476461086e-06,4.2521924764610866e-06,0.1058934780954669,0.0,-0.06845213984223619,-5.430272522363381,-5.284404648809289,0.06845213984223619
131.0,0.0,0.0,0.5347432186332329,-1.3771538567552386,4.154098356348328,106.94864372664658,3.0,0.0,4.144129918785147,-0.05,0.0,False,0.005010265702037299,0.5347432186332328,0.2505143503325712,0.04252192476461086,4.252192476461086e-06,4.2521924764610866e-06,0.1069504627837844,0.0,-0.15813521695226296,-5.531252213103567,-5.521283775540386,0.15813521695226296
132.0,0.0,0.0,0.5526417581946003,-1.9748342461377177,4.200595272082935,110.52835163892006,3.0,0.0,4.128527238083903,-0.02,0.0,False,0.00526309242221826,0.5526417581946003,0.26315574009501286,0.04252192476461086,4.252192476461086e-06,4.2521924764610866e-06,0.11053023158222718,0.0,-0.5976803893824791,-6.1754295182206524,-6.103361484221621,0.5976803893824791
133.0,0.0,0.0,0.6156434667718169,-1.0723391824012363,4.231288995742504,123.12869335436338,3.0,0.0,4.149381222147078,0.07,0.0,False,0.005463436589287342,0.6156434667718169,0.27317299104356524,0.04252192476461086,4.252192476461086e-06,4.2521924764610866e-06,0.12313078761307215,0.0,0.9024950637364815,-5.3036281781437395,-5.221720404548314,0.9024950637364815
134.0,0.0,0.0,0.5258576119593618,-0.521248086061455,4.284020506040369,105.17152239187236,3.0,0.0,4.181731313306324,0.06,0.0,False,0.005290936356771942,0.5258576119593618,0.2645479427425855,0.04252192476461086,4.252192476461086e-06,4.2521924764610866e-06,0.10517331122249082,0.0,0.5510910963397813,-4.805268592101823,-4.702979399367779,0.5510910963397813
135.0,0.0,0.0,0.47052072370072145,0.9095821789881167,4.279974687007914,94.10414474014429,3.0,0.0,4.186348739581439,-0.03,0.0,False,0.00516252577649472,0.4705207237007215,0.25812738642739935,0.04252192476461086,4.252192476461086e-06,4.2521924764610866e-06,0.09410574532908327,0.0,1.4308302650495717,-3.370392508019797,-3.2767665605933227,1.4308302650495717
136.0,0.0,0.0,0.3300959180118751,0.5935010855183981,4.291471709781076,66.01918360237502,3.0,0.0,4.1840591881798215,0.08,0.0,False,0.004925768322083598,0.3300959180118751,0.24628946336992977,0.04252192476461086,4.252192476461086e-06,4.2521924764610866e-06,0.06602030650270345,0.0,-0.3160810934697186,-3.697970624262678,-3.5905581026614235,0.3160810934697186
137.0,0.0,0.0,0.3696245787311665,-0.4992266233172782,4.34700238587103,73.9249157462333,3.0,0.0,4.210611540675819,0.23,0.0,False,0.005077099313156522,0.3696245787311665,0.25385604509800114,0.04252192476461086,4.252192476461086e-06,4.2521924764610866e-06,0.0739261731127689,0.0,-1.0927277088356764,-4.846229009188308,-4.709838163993097,1.0927277088356764
138.0,0.0,0.0,0.48575317323196154,-0.22526532162519172,4.465382341925949,97.1506346463923,3.0,0.0,4.2898254585726985,0.09,0.0,False,0.005269172209190493,0.4857531732319616,0.2634597307362459,0.04252192476461086,4.252192476461086e-06,4.2521924764610866e-06,0.09715228705215678,0.0,0.27396130169208643,-4.6906476635511405,-4.51509078019789,0.27396130169208643
139.0,0.0,0.0,0.46124103878004397,-0.06334995767920248,4.446409748550173,92.2482077560088,3.0,0.0,4.358408384801764,0.02,0.0,False,0.0052684719972963855,0.46124103878004397,0.2634247199926686,0.04252192476461086,4.252192476461086e-06,4.2521924764610866e-06,0.09224977677787688,0.0,0.16191536394598924,-4.509759706229375,-4.421758342480966,0.16191536394598924
140.0,0.0,0.0,0.4478988996964484,-0.054320285926798745,4.385856553761206,89.57977993928968,3.0,0.0,4.387243130458991,0.11,0.0,False,0.005029659888228151,0.4478988996964484,0.25148406376550425,0.04252192476461086,4.252192476461086e-06,4.2521924764610866e-06,0.08958130357467602,0.0,0.00902967175240374,-4.440176839688005,-4.441563416385789,0.00902967175240374
141.0,0.0,0.0,0.4472700562879118,-0.47630709258600745,4.328481018247993,89.45401125758235,3.0,0.0,4.415734266901851,-0.03,0.0,False,0.004975513053789324,0.4472700562879118,0.24877671053142475,0.04252192476461086,4.252192476461086e-06,4.2521924764610866e-06,0.08945553275380722,0.0,-0.42198680665920874,-4.804788110834001,-4.892041359487859,0.42198680665920874
142.0,0.0,0.0,0.4906770174810422,-0.07293842682456131,4.270151181571693,98.13540349620844,3.0,0.0,4.418475370870729,-0.07,0.0,False,0.005066016494921494,0.49067701748104214,0.253301901829936,0.04252192476461086,4.252192476461086e-06,4.2521924764610866e-06,0.09813707265160847,0.0,0.40336866576144614,-4.343089608396254,-4.49141379769529,0.40336866576144614
143.0,0.0,0.0,0.4439319165948286,0.47220618612777954,4.12294348455153,88.78638331896572,3.0,0.0,4.430567404880515,0.24,0.0,False,0.004981077208756801,0.4439319165948286,0.2490549194627916,0.04252192476461086,4.252192476461086e-06,4.2521924764610866e-06,0.08878789345970887,0.0,0.5451446129523408,-3.65073729842375,-3.958361218752735,0.5451446129523408
144.0,0.0,0.0,0.3844554418601277,0.6524505386801057,4.037833638690252,76.89108837202554,3.0,0.0,4.36647512332151,0.15,0.0,False,0.005124561310708637,0.3844554418601277,0.25622915506648436,0.04252192476461086,4.252192476461086e-06,4.2521924764610866e-06,0.0768923961892943,0.0,0.18024435255232618,-3.385383100010146,-3.714024584641404,0.18024435255232618
145.0,0.0,0.0,0.36876574506734583,1.0837939379463277,4.1741384215477195,73.75314901346917,3.0,0.0,4.316842343655924,0.03,0.0,False,0.0052049882457565365,0.36876574506734594,0.26025051891841977,0.04252192476461086,4.252192476461086e-06,4.2521924764610866e-06,0.07375440345847636,0.0,0.431343399266222,-3.090344483601392,-3.233048405709596,0.431343399266222
146.0,0.0,0.0,0.3242571364152686,1.6354556678073184,4.129528278186869,64.85142728305372,3.0,0.0,4.3401863924998985,0.0,0.0,False,0.005230497962903956,0.3242571364152686,0.261526010199402,0.04252192476461086,4.252192476461086e-06,4.2521924764610866e-06,0.06485253032136805,0.0,0.5516617298609907,-2.4940726103795505,-2.7047307246925802,0.5516617298609907
147.0,0.0,0.0,0.2600464908607645,1.9771350866850312,4.030116888987054,52.009298172152896,3.0,0.0,4.326434242286806,0.21,0.0,False,0.005248456954250848,0.2600464908607645,0.26242396358500103,0.04252192476461086,4.252192476461086e-06,4.2521924764610866e-06,0.052010182782576894,0.0,0.3416794188777128,-2.052981802302023,-2.3492991556017744,0.3416794188777128
148.0,0.0,0.0,0.2170324166715151,1.9589244734210878,3.887549070791919,43.40648333430302,3.0,0.0,4.235975864801559,0.31,0.0,False,0.005613989356292641,0.2170324166715151,0.28070066140279715,0.04252192476461086,4.252192476461086e-06,4.2521924764610866e-06,0.043407221622051094,0.0,-0.018210613263943465,-1.9286245973708311,-2.2770513913804713,0.018210613263943465
149.0,0.0,0.0,0.22119326778120588,1.8505198603882016,4.082293631156762,44.238653556241175,3.0,0.0,4.147505396580645,-0.06,0.0,False,0.005588341316145977,0.22119326778120588,0.27941825394244385,0.04252192476461086,4.252192476461086e-06,4.2521924764610866e-06,0.04423940599812089,0.0,-0.10840461303288618,-2.2317737707685605,-2.2969855361924436,0.10840461303288618
150.0,0.0,0.0,0.22684224882460807,1.2004312251191944,4.119651715467214,45.368449764921614,3.0,0.0,4.1709041790505985,0.06,0.0,False,0.005163856037685298,0.22684224882460807,0.2581938997697546,0.04252192476461086,4.252192476461086e-06,4.2521924764610866e-06,0.045369221423163374,0.0,-0.6500886352690072,-2.9192204903480192,-2.970472953931404,0.6500886352690072
151.0,0.0,0.0,0.29308987624056765,1.4308053896840884,4.048653106326799,58.61797524811353,3.0,0.0,4.11899057747947,-0.07,0.0,False,0.005056805471555906,0.2930898762405676,0.2528413487033043,0.04252192476461086,4.252192476461086e-06,4.2521924764610866e-06,0.05861897226352732,0.0,0.230374164564894,-2.6178477166427103,-2.6881851877953813,0.230374164564894
152.0,0.0,0.0,0.26803048311462807,1.999933833812849,4.145394654008119,53.60609662292562,3.0,0.0,4.131392301253202,0.04,0.0,False,0.0047973343917589615,0.26803048311462807,0.23986773954740837,0.04252192476461086,4.252192476461086e-06,4.2521924764610866e-06,0.05360700839281156,0.0,0.5691284441287605,-2.1454608201952703,-2.131458467440353,0.5691284441287605
153.0,0.0,0.0,0.21902347508210412,2.8210250627152855,4.311697210247238,43.80469501642082,3.0,0.0,4.111167206690555,0.13,0.0,False,0.005223567528522096,0.21902347508210412,0.261179487006832,0.04252192476461086,4.252192476461086e-06,4.2521924764610866e-06,0.04380544007723097,0.0,0.8210912289024366,-1.4906721475319524,-1.2901421439752698,0.8210912289024366
154.0,0.0,0.0,0.1431523489828429,2.604443428787109,4.443146112804064,28.630469796568583,3.0,0.0,4.190215151132533,0.13,0.0,False,0.0049781017265453096,0.1431523489828429,0.24890614471960085,0.04252192476461086,4.252192476461086e-06,4.2521924764610866e-06,0.02863095676357095,0.0,-0.2165816339281763,-1.8387026840169551,-1.5857717223454242,0.2165816339281763
155.0,0.0,0.0,0.17480150047971701,2.4337522876880024,4.624558481981318,34.9603000959434,3.0,0.0,4.2525789881107805,0.48,0.0,False,0.004855655064449585,0.17480150047971701,0.24278378558147587,0.04252192476461086,4.252192476461086e-06,4.2521924764610866e-06,0.034960894725115065,0.0,-0.17069114109910677,-2.190806194293316,-1.818826700422778,0.17069114109910677
156.0,0.0,0.0,0.1972841675844995,2.4900527483521837,4.502126048404149,39.4568335168999,3.0,0.0,4.352495598065538,0.01,0.0,False,0.004940510577923659,0.19728416758449946,0.24702657929627833,0.04252192476461086,4.252192476461086e-06,4.2521924764610866e-06,0.03945750462624868,0.0,0.05630046066418126,-2.012073300051965,-1.862442849713354,0.05630046066418126
157.0,0.0,0.0,0.1962163587729756,1.8786228937998728,4.504976426698028,39.24327175459512,3.0,0.0,4.4066359080456525,0.09,0.0,False,0.0053243134539360465,0.1962163587729756,0.266216804697083,0.04252192476461086,4.252192476461086e-06,4.2521924764610866e-06,0.039243939231536476,0.0,-0.6114298545523109,-2.6263535328981553,-2.5280130142457797,0.6114298545523109
158.0,0.0,0.0,0.2610436142867414,1.3437636260863997,4.548264728656718,52.20872285734828,3.0,0.0,4.452258053568165,0.18,0.0,False,0.0052298441618636605,0.26104361428674133,0.2614933200083829,0.04252192476461086,4.252192476461086e-06,4.2521924764610866e-06,0.05220961085972643,0.0,-0.5348592677134731,-3.204501102570318,-3.108494427481765,0.5348592677134731
159.0,0.0,0.0,0.32018318120991224,1.114393353922728,4.640550318447091,64.03663624198245,3.0,0.0,4.489114537051919,0.04,0.0,False,0.0053348354728709815,0.32018318120991224,0.2667429078809121,0.04252192476461086,4.252192476461086e-06,4.2521924764610866e-06,0.06403772542176238,0.0,-0.22937027216367167,-3.526156964524363,-3.374721183129191,0.22937027216367167
160.0,0.0,0.0,0.34797211715445475,2.3857678069740134,4.7747865884921,69.59442343089096,3.0,0.0,4.545663512211231,0.21,0.0,False,0.0049416899109634765,0.34797211715445475,0.2470855461990068,0.04252192476461086,4.252192476461086e-06,4.2521924764610866e-06,0.0695956071413924,0.0,1.2713744530512854,-2.3890187815180868,-2.1598957052372176,1.2713744530512854
161.0,0.0,0.0,0.22316011639350858,2.6042998112347995,4.6563347742553285,44.632023278701716,3.0,0.0,4.5941885076882025,0.05,0.0,False,0.0050423044454592355,0.22316011639350858,0.2521162943154131,0.04252192476461086,4.252192476461086e-06,4.2521924764610866e-06,0.044632782411288076,0.0,0.21853200426078612,-2.052034963020529,-1.989888696453403,0.21853200426078612
162.0,0.0,0.0,0.20538380613354196,2.50153238500913,4.627273500599337,41.07676122670839,3.0,0.0,4.617416416897496,0.1,0.0,False,0.00492115028507637,0.20538380613354193,0.24605856053772932,0.04252192476461086,4.252192476461086e-06,4.2521924764610866e-06,0.041077459888917686,0.0,-0.10276742622566948,-2.125741115590207,-2.1158840318883656,0.10276742622566948
163.0,0.0,0.0,0.2142912860386973,2.812064344548428,4.5166932493322225,42.858257207739456,3.0,0.0,4.658181539143978,-0.01,0.0,False,0.005252231872390876,0.2142912860386973,0.26261271029458644,0.04252192476461086,4.252192476461086e-06,4.2521924764610866e-06,0.04285898617087514,0.0,0.3105319595392979,-1.7046289047837946,-1.8461171945955503,0.3105319595392979
164.0,0.0,0.0,0.1780909801411562,2.9635455021880235,4.253275134263105,35.61819602823124,3.0,0.0,4.644490805785813,0.27,0.0,False,0.00507952267918277,0.1780909801411562,0.2539772139145445,0.04252192476461086,4.252192476461086e-06,4.2521924764610866e-06,0.03561880184735586,0.0,0.15148115763959558,-1.2897296320750815,-1.68094530359779,0.15148115763959558
165.0,0.0,0.0,0.15785218421378433,2.925055055173167,4.3320031586736265,31.570436842756866,3.0,0.0,4.593012009816283,0.14,0.0,False,0.005372114157703743,0.15785218421378433,0.2686068500483573,0.04252192476461086,4.252192476461086e-06,4.2521924764610866e-06,0.031570973814769615,0.0,-0.0384904470148566,-1.4069481035004596,-1.6679569546431159,0.0384904470148566
166.0,0.0,0.0,0.156680154462957,3.4641451728436676,4.38383580185286,31.3360308925914,3.0,0.0,4.54210090521937,0.29,0.0,False,0.004786590417603245,0.156680154462957,0.23933053855535033,0.04252192476461086,4.252192476461086e-06,4.2521924764610866e-06,0.03133656387766423,0.0,0.5390901176705007,-0.9196906290091924,-1.0779557323757025,0.5390901176705007
167.0,0.0,0.0,0.10180372765142556,2.860205313270699,4.456551676686788,20.36074553028511,3.0,0.0,4.491889911511437,-0.05,0.0,False,0.005030737528172398,0.10180372765142554,0.25153794599183327,0.04252192476461086,4.252192476461086e-06,4.2521924764610866e-06,0.02036109184004835,0.0,-0.6039398595729688,-1.5963463634160888,-1.6316845982407377,0.6039398595729688
168.0,0.0,0.0,0.16962800990944538,2.9923695765824654,4.511674400016499,33.92560198188907,3.0,0.0,4.482204093810162,0.05,0.0,False,0.005029389073322197,0.16962800990944538,0.25147052296262873,0.04252192476461086,4.252192476461086e-06,4.2521924764610866e-06,0.03392617901219342,0.0,0.13216426331176656,-1.5193048234340338,-1.4898345172276963,0.13216426331176656
169.0,0.0,0.0,0.15723375002598777,4.06668885193418,4.5462637609579515,31.446750005197554,3.0,0.0,4.556521476912527,0.11,0.0,False,0.004583419310499081,0.15723375002598777,0.22917194000400945,0.04252192476461086,4.252192476461086e-06,4.2521924764610866e-06,0.03144728487345829,0.0,1.0743192753517148,-0.4795749090237713,-0.4898326249783471,1.0743192753517148
170.0,0.0,0.0,0.05010594091120395,3.7590387314265326,4.421841878118512,10.02118818224079,3.0,0.0,4.564740506250787,-0.02,0.0,False,0.004669346748751748,0.05010594091120395,0.23346833018564306,0.04252192476461086,4.252192476461086e-06,4.2521924764610866e-06,0.01002135862959998,0.0,-0.3076501205076476,-0.6628031466919793,-0.8057017748242541,0.3076501205076476
171.0,0.0,0.0,0.07991759278582117,3.8981324101419204,4.511105106322537,15.983518557164233,3.0,0.0,4.567758914051468,-0.06,0.0,False,0.004820869631859954,0.07991759278582117,0.2410445065562766,0.04252192476461086,4.252192476461086e-06,4.2521924764610866e-06,0.015983790415997647,0.0,0.1390936787153878,-0.6129726961806168,-0.6696265039095475,0.1390936787153878
172.0,0.0,0.0,0.06431888656557479,4.740716429180035,4.459292920037189,12.863777313114957,3.0,0.0,4.558231650534082,-0.01,0.0,False,0.0049908003315108996,0.06431888656557479,0.24954107766772596,0.04252192476461086,4.252192476461086e-06,4.2521924764610866e-06,0.012863996109213021,0.0,0.8425840190381151,0.2814235091428463,0.18248477864595358,0.8425840190381151
173.0,0.0,0.0,-0.019131806836636164,5.816094583543077,4.4262219480072424,-3.826361367327233,3.0,0.0,4.541334950611945,0.12,0.0,False,0.00473694682504609,0.019131806836636164,0.23684834837278698,0.04252192476461086,4.252192476461086e-06,4.2521924764610866e-06,-0.0038264264487505644,0.0,1.0753781543630412,1.3898726355358342,1.274759632931132,1.0753781543630412
174.0,0.0,0.0,-0.12203170714299928,4.893998160824637,4.609299302342179,-24.406341428599855,3.0,0.0,4.54939429320742,0.03,0.0,False,0.004842452978761294,0.1220317071429993,0.2421236784901709,0.04252192476461086,4.252192476461086e-06,4.2521924764610866e-06,-0.024406756548680266,0.0,-0.9220964227184396,0.28469885848245813,0.3446038676172174,0.9220964227184396
175.0,0.0,0.0,-0.02685822462355642,4.801121480221992,4.691756455588416,-5.371644924711283,3.0,0.0,4.595751566997735,0.0,0.0,False,0.0048787629316113775,0.026858224623556422,0.24393918385252042,0.04252192476461086,4.252192476461086e-06,4.2521924764610866e-06,-0.005371736289395319,0.0,-0.09287668060264487,0.10936502463357645,0.20536991322425724,0.09287668060264487
176.0,0.0,0.0,-0.013154937654414183,4.547079907251368,4.6307199560607915,-2.6309875308828365,3.0,0.0,4.62541020427204,0.02,0.0,False,0.004769106375130379,0.013173452309416139,0.2384563327144313,0.04252192476461086,4.252192476461086e-06,4.2521924764610866e-06,-0.002631032280554088,0.0,-0.2540415729706238,-0.0836400488094231,-0.0783302970206714,0.2540415729706238
177.0,0.0,0.0,0.012244369452323194,4.623624474760744,4.641046682693324,2.4488738904646388,3.0,0.0,4.669569306811504,-0.05,0.0,False,0.0050378942192125095,0.012244369452323194,0.25189578206542024,0.04252192476461086,4.252192476461086e-06,4.2521924764610866e-06,0.0024489155426200547,0.0,0.07654456750937566,-0.017422207932580314,-0.045944832050760276,0.07654456750937566
178.0,0.0,0.0,0.004299655476396346,4.698592762309482,4.6932747653000675,0.8599310952792693,3.0,0.0,4.669526205045384,-0.07,0.0,False,0.0051450722781312295,0.0054487761281817905,0.257254707798443,0.04252192476461086,4.252192476461086e-06,4.2521924764610866e-06,0.0008599457215872091,0.0,0.07496828754873786,0.005317997009414377,0.029066557264098236,0.07496828754873786
179.0,0.0,0.0,-7.919768450835312e-05,5.0278253180559584,4.752888981087152,-0.015839536901670625,3.0,0.0,4.6666219436728404,0.08,0.0,False,0.005071096063740665,0.004139858961338909,0.2535558813508597,0.04252192476461086,4.252192476461086e-06,4.2521924764610866e-06,-1.5839806311563584e-05,0.0,0.3292325557464766,0.27493633696880604,0.361203374383118,0.3292325557464766
180.0,0.0,0.0,-0.03072607328743797,5.167501534672674,4.74603384531511,-6.145214657487593,3.0,0.0,4.697800768626208,0.0,0.0,False,0.005088300093635936,0.030726073287437972,0.2544160865033656,0.04252192476461086,4.252192476461086e-06,4.2521924764610866e-06,-0.006145319179585271,0.0,0.13967621661671537,0.42146768935756374,0.4697007660464658,0.13967621661671537
181.0,0.0,0.0,-0.043661069140518635,4.8359965916032905,4.750794253305026,-8.732213828103728,3.0,0.0,4.720558052522696,-0.17,0.0,False,0.005119295416722675,0.043661069140518635,0.25596585924760645,0.04252192476461086,4.252192476461086e-06,4.2521924764610866e-06,-0.00873236235168794,0.0,-0.3315049430693833,0.08520233829826473,0.11543853908059454,0.3315049430693833
182.0,0.0,0.0,-0.010665141631486274,4.600575820650254,4.670323780291377,-2.133028326297255,3.0,0.0,4.730881560504002,-0.03,0.0,False,0.005155516048407597,0.010719976533146505,0.25777689853270747,0.04252192476461086,4.252192476461086e-06,4.2521924764610866e-06,-0.002133064606330988,0.0,-0.23542077095303693,-0.06974795964112346,-0.13030573985374883,0.23542077095303693
183.0,0.0,0.0,0.01455350286680602,4.819457942446011,4.688714183823075,2.910700573361204,3.0,0.0,4.729342907776678,0.12,0.0,False,0.005067273940382298,0.01455350286680602,0.25336477437032107,0.04252192476461086,4.252192476461086e-06,4.2521924764610866e-06,0.0029107500805870042,0.0,0.21888212179575728,0.13074375862293586,0.09011503466933313,0.21888212179575728
184.0,0.0,0.0,-0.007792874039842322,4.631709963113776,4.702472821038294,-1.5585748079684645,3.0,0.0,4.746113943533084,-0.01,0.0,False,0.005034956513085376,0.008090167433336458,0.25174889613447893,0.04252192476461086,4.252192476461086e-06,4.2521924764610866e-06,-0.0015586013172960301,0.0,-0.18774797933223475,-0.07076285792451742,-0.11440398041930777,0.18774797933223475
185.0,0.0,0.0,0.012346597760751919,5.22684867956765,4.652172925271896,2.4693195521503837,3.0,0.0,4.741527545207569,-0.02,0.0,False,0.0051790172125722195,0.012385051196400794,0.2589519617375122,0.04252192476461086,4.252192476461086e-06,4.2521924764610866e-06,0.0024693615520598763,0.0,0.5951387164538735,0.5746757542957539,0.4853211343600803,0.5951387164538735
186.0,0.0,0.0,-0.048170222661675706,5.194084689889333,4.670748361759318,-9.63404453233514,3.0,0.0,4.7551785657268,0.01,0.0,False,0.0050060055402625404,0.04817022266167569,0.25030134133808174,0.04252192476461086,4.252192476461086e-06,4.2521924764610866e-06,-0.009634208394885069,0.0,-0.032763989678316285,0.5233363281300152,0.43890612416253294,0.032763989678316285
187.0,0.0,0.0,-0.04257589072255444,5.954593129482105,4.856909801954777,-8.515178144510887,3.0,0.0,4.745136211497973,-0.02,0.0,False,0.0053205303396396605,0.04257589072255444,0.26602764817793706,0.04252192476461086,4.252192476461086e-06,4.2521924764610866e-06,-0.008515322976600794,0.0,0.7605084395927717,1.097683327527328,1.2094569179841317,0.7605084395927717
188.0,0.0,0.0,-0.11768903503432054,5.759757282018068,4.75983048056684,-23.53780700686411,3.0,0.0,4.768316730619679,0.11,0.0,False,0.005226064076775238,0.11768903503432054,0.2613043149502792,0.04252192476461086,4.252192476461086e-06,4.2521924764610866e-06,-0.0235382073543052,0.0,-0.19483584746403704,0.9999268014512284,0.991440551398389,0.19483584746403704
189.0,0.0,0.0,-0.09460102366486212,5.584637491944929,4.898089977234942,-18.920204732972422,3.0,0.0,4.777677757317434,0.0,0.0,False,0.005343013186491326,0.09460102366486212,0.2671517953005899,0.04252192476461086,4.252192476461086e-06,4.2521924764610866e-06,-0.01892052654101289,0.0,-0.17511979007313894,0.6865475147099867,0.8069597346274948,0.17511979007313894
190.0,0.0,0.0,-0.07470152959143482,5.971511277817203,4.8027169774651055,-14.940305918286965,3.0,0.0,4.813726932281393,0.01,0.0,False,0.00536179977173968,0.07470152959143482,0.2680911285572164,0.04252192476461086,4.252192476461086e-06,4.2521924764610866e-06,-0.01494056003343209,0.0,0.3868737858722735,1.168794300352097,1.1577843455358092,0.3868737858722735
191.0,0.0,0.0,-0.11138529953163052,6.652249576478865,4.829989576360928,-22.277059906326105,3.0,0.0,4.837606313766476,0.09,0.0,False,0.005210091120071497,0.11138529953163051,0.2605056637190879,0.04252192476461086,4.252192476461086e-06,4.2521924764610866e-06,-0.02227743881010104,0.0,0.6807382986616624,1.8222600001179368,1.814643262712389,0.6807382986616624
192.0,0.0,0.0,-0.1802718541129776,5.845781812455307,4.791507612338874,-36.05437082259552,3.0,0.0,4.857634600914266,0.14,0.0,False,0.004588793240209037,0.1802718541129776,0.2294406376320565,0.04252192476461086,4.252192476461086e-06,4.2521924764610866e-06,-0.03605498406048531,0.0,-0.8064677640235578,1.0542742001164331,0.9881472115410412,0.8064677640235578
193.0,0.0,0.0,-0.09666689097810638,5.133205255192211,4.906389692550022,-19.333378195621275,3.0,0.0,4.849492707818002,-0.03,0.0,False,0.004693016371621466,0.09666689097810637,0.23465181636151858,0.04252192476461086,4.252192476461086e-06,4.2521924764610866e-06,-0.01933370703120422,0.0,-0.7125765572630964,0.22681556264218905,0.2837125473742086,0.7125765572630964
194.0,0.0,0.0,-0.021619835538183575,5.281566392774297,4.987633546753129,-4.323967107636715,3.0,0.0,4.879092350362917,0.01,0.0,False,0.004767046349541374,0.021619835538183575,0.23835333099699976,0.04252192476461086,4.252192476461086e-06,4.2521924764610866e-06,-0.004324040652685598,0.0,0.14836113758208658,0.29393284602116854,0.40247404241137996,0.14836113758208658
195.0,0.0,0.0,-0.03858067514427767,4.613669491630484,4.947114856854245,-7.7161350288555335,3.0,0.0,4.917002303225274,-0.03,0.0,False,0.005003756598112105,0.03858067514427767,0.2501888937524132,0.04252192476461086,4.252192476461086e-06,4.2521924764610866e-06,-0.007716266270262732,0.0,-0.6678969011438136,-0.33344536522376167,-0.30333281159479064,0.6678969011438136
196.0,0.0,0.0,0.030696108021417243,4.182180611270156,4.928113885699692,6.139221604283448,3.0,0.0,4.895751438708691,-0.03,0.0,False,0.005333798356681594,0.030696108021417243,0.26669105185094183,0.04252192476461086,4.252192476461086e-06,4.2521924764610866e-06,0.006139326024447097,0.0,-0.4314888803603276,-0.7459332744295359,-0.7135708274385353,0.4314888803603276
197.0,0.0,0.0,0.0753240765025588,4.475064651923157,5.038894151522393,15.06481530051176,3.0,0.0,4.9206370981326355,-0.01,0.0,False,0.005291931551239013,0.07532407650255879,0.26459770267752697,0.04252192476461086,4.252192476461086e-06,4.2521924764610866e-06,0.015065071533399315,0.0,0.2928840406530009,-0.5638294995992359,-0.44557244620947856,0.2928840406530009
198.0,0.0,0.0,0.049833552523084496,4.984899059396419,5.151968802362031,9.966710504616898,3.0,0.0,4.935437390919313,0.02,0.0,False,0.0053955981872062225,0.049833552523084496,0.26978105651641193,0.04252192476461086,4.252192476461086e-06,4.2521924764610866e-06,0.009966880025381746,0.0,0.5098344074732619,-0.16706974296561228,0.04946166847710565,0.5098344074732619
199.0,0.0,0.0,0.004128857154639532,5.252938915087842,5.134844804666889,0.8257714309279064,3.0,0.0,4.973410772246857,0.26,0.0,False,0.005218041009252993,0.005452530766407028,0.2609031598683857,0.04252192476461086,4.252192476461086e-06,4.2521924764610866e-06,0.0008257854762244457,0.0,0.2680398556914234,0.11809411042095341,0.27952814284098526,0.2680398556914234
200.0,0.0,0.0,-0.01838866768058252,5.020299824333387,4.902264808115274,-3.6777335361165036,3.0,0.0,5.02618850877758,-0.19,0.0,False,0.005451962811194564,0.01838866768058252,0.27259929969949054,0.04252192476461086,4.252192476461086e-06,4.2521924764610866e-06,-0.003677796089574002,0.0,-0.23263909075445532,0.11803501621811296,-0.005888684444193437,0.23263909075445532
201.0,0.0,0.0,0.003431297849245768,5.404968604500718,4.9408795498117,0.6862595698491536,3.0,0.0,5.069048328674299,0.01,0.0,False,0.005302327612037414,0.005032893948926812,0.26511750792774963,0.04252192476461086,4.252192476461086e-06,4.2521924764610866e-06,0.000686271242230639,0.0,0.3846687801673312,0.4640890546890182,0.33592027582641926,0.3846687801673312
202.0,0.0,0.0,-0.03620098469066934,5.316091347954962,4.9121412598512775,-7.2401969381338676,3.0,0.0,5.05461353235279,0.09,0.0,False,0.005006821937704557,0.03620098469066934,0.25034216138375653,0.04252192476461086,4.252192476461086e-06,4.2521924764610866e-06,-0.007240320084454014,0.0,-0.08887725654575629,0.4039500881036844,0.26147781560217176,0.08887725654575629
203.0,0.0,0.0,-0.029099281336666255,5.829165247317014,4.979611980266805,-5.819856267333251,3.0,0.0,5.0429510609162875,0.01,0.0,False,0.004909569100404046,0.029099281336666262,0.24547949884184184,0.04252192476461086,4.252192476461086e-06,4.2521924764610866e-06,-0.005819955255508466,0.0,0.5130738993620518,0.8495532670502088,0.7862141864007262,0.5130738993620518
204.0,0.0,0.0,-0.08161125456452893,5.996461441862851,5.0134560821053284,-16.322250912905787,3.0,0.0,5.025092347801041,0.02,0.0,False,0.004696297483203471,0.08161125456452893,0.2348158726382148,0.04252192476461086,4.252192476461086e-06,4.2521924764610866e-06,-0.0163225285331354,0.0,0.16729619454583755,0.9830053597575228,0.97136909406181,0.16729619454583755
205.0,0.0,0.0,-0.09946272015274996,6.64919948506895,5.071202004452128,-19.892544030549992,3.0,0.0,5.013035350333593,0.05,0.0,False,0.004618025515668047,0.09946272015274998,0.23090225762006997,0.04252192476461086,4.252192476461086e-06,4.2521924764610866e-06,-0.01989288237681552,0.0,0.6527380432060985,1.5779974806168218,1.636164134735357,0.6527380432060985
206.0,0.0,0.0,-0.16116950211434133,6.970284080839429,5.204003200161,-32.23390042286827,3.0,0.0,5.001813093603836,0.06,0.0,False,0.0047566028424991654,0.16116950211434136,0.23783115342449926,0.04252192476461086,4.252192476461086e-06,4.2521924764610866e-06,-0.03223444867953241,0.0,0.3210845957704791,1.766280880678429,1.9684709872355928,0.3210845957704791
207.0,0.0,0.0,-0.18987016431340342,7.191769599568302,5.176692582000939,-37.97403286268069,3.0,0.0,5.037470197738322,-0.07,0.0,False,0.005441210563297465,0.18987016431340348,0.2720616850186042,0.04252192476461086,4.252192476461086e-06,4.2521924764610866e-06,-0.03797467875152157,0.0,0.22148551872887356,2.0150770175673633,2.154299401829981,0.22148551872887356
208.0,0.0,0.0,-0.20759696094759036,7.658735258913641,5.126131415540911,-41.51939218951807,3.0,0.0,5.071542069481186,0.07,0.0,False,0.005609264178845725,0.20759696094759036,0.2804644015258332,0.04252192476461086,4.252192476461086e-06,4.2521924764610866e-06,-0.04152009838030356,0.0,0.4669656593453384,2.53260384337273,2.5871931894324547,0.4669656593453384
209.0,0.0,0.0,-0.2566228601091036,6.902052586184211,5.006133840984682,-51.32457202182072,3.0,0.0,5.1157558529806275,0.06,0.0,False,0.00557038570781059,0.2566228601091036,0.2785204697081394,0.04252192476461086,4.252192476461086e-06,4.2521924764610866e-06,-0.051325444985944706,0.0,-0.75668267272943,1.8959187451995287,1.7862967332035833,0.75668267272943
210.0,0.0,0.0,-0.1793179264281277,6.5555421216458125,4.98178241819106,-35.86358528562554,3.0,0.0,5.092452097332855,0.02,0.0,False,0.005310898398752699,0.17931792642812766,0.2655460490857456,0.04252192476461086,4.252192476461086e-06,4.2521924764610866e-06,-0.03586419527850182,0.0,-0.3465104645383983,1.5737597034547521,1.4630900243129572,0.3465104645383983
211.0,0.0,0.0,-0.14868130584215553,6.349951504861964,4.927090128393383,-29.736261168431106,3.0,0.0,5.108835197186053,0.22,0.0,False,0.004801389354175294,0.14868130584215553,0.24007048853034907,0.04252192476461086,4.252192476461086e-06,4.2521924764610866e-06,-0.029736766943504498,0.0,-0.20559061678384882,1.422861376468581,1.2411163076759104,0.20559061678384882
212.0,0.0,0.0,-0.1351561672895053,6.061265244348409,4.779083228391208,-27.03123345790106,3.0,0.0,5.068697452147754,0.15,0.0,False,0.005088467653088513,0.1351561672895053,0.2544244645116192,0.04252192476461086,4.252192476461086e-06,4.2521924764610866e-06,-0.02703169322397618,0.0,-0.28868626051355495,1.2821820159572006,0.9925677922006546,0.28868626051355495
213.0,0.0,0.0,-0.10815585324636082,6.452828714161993,4.732243957909554,-21.631170649272164,3.0,0.0,4.998361096465027,0.09,0.0,False,0.004870672726246142,0.10815585324636082,0.24353467186420308,0.04252192476461086,4.252192476461086e-06,4.2521924764610866e-06,-0.021631538567312054,0.0,0.39156346981358414,1.720584756252439,1.4544676176969658,0.39156346981358414
214.0,0.0,0.0,-0.14853115202627415,6.979264678093972,4.656617966046542,-29.70623040525483,3.0,0.0,4.979683716909529,-0.08,0.0,False,0.005363723835856289,0.14853115202627415,0.2681873321721215,0.04252192476461086,4.252192476461086e-06,4.2521924764610866e-06,-0.029706735669544054,0.0,0.5264359639319789,2.3226467120474297,1.999580961184443,0.5264359639319789
215.0,0.0,0.0,-0.20223584461471492,7.53033874071151,4.7528204575292134,-40.447168922942986,3.0,0.0,4.967485614746895,0.01,0.0,False,0.005389160320648636,0.20223584461471492,0.26945916181978025,0.04252192476461086,4.252192476461086e-06,4.2521924764610866e-06,-0.040447856876607194,0.0,0.5510740626175386,2.777518283182297,2.5628531259646152,0.5510740626175386
216.0,0.0,0.0,-0.26308135608978156,7.644454505047621,4.750208242249234,-52.61627121795632,3.0,0.0,4.956863234659978,0.21,0.0,False,0.005287740328717384,0.26308135608978156,0.2643881406603512,0.04252192476461086,4.252192476461086e-06,4.2521924764610866e-06,-0.05261716615220128,0.0,0.11411576433611081,2.8942462627983874,2.6875912703876432,0.11411576433611081
217.0,0.0,0.0,-0.2742931731305618,8.151699978245412,4.899388999979574,-54.858634626112355,3.0,0.0,4.899469246185544,0.04,0.0,False,0.005324283990761518,0.2742931731305618,0.2662153315320923,0.04252192476461086,4.252192476461086e-06,4.2521924764610866e-06,-0.05485956770003841,0.0,0.5072454731977913,3.2523109782658386,3.2522307320598687,0.5072454731977913
218.0,0.0,0.0,-0.32508778388939413,7.433740318096882,4.9096786899425275,-65.01755677787882,3.0,0.0,4.901464456373649,0.1,0.0,False,0.005116944005121616,0.325087783889394,0.2558482881676206,0.04252192476461086,4.252192476461086e-06,4.2521924764610866e-06,-0.06501866264183949,0.0,-0.7179596601485301,2.524061628154355,2.5322758617232335,0.7179596601485301
219.0,0.0,0.0,-0.255717849313521,7.343633670527808,4.898674570435815,-51.1435698627042,3.0,0.0,4.900753022560033,0.02,0.0,False,0.005155047355225072,0.25571784931352093,0.25775346377393255,0.04252192476461086,4.252192476461086e-06,4.2521924764610866e-06,-0.05114443974821719,0.0,-0.09010664756907438,2.4449591000919932,2.442880647967775,0.09010664756907438
220.0,0.0,0.0,-0.23939802473319183,7.416246082139069,4.9583009056612015,-47.879604946638366,3.0,0.0,4.876507456885928,0.0,0.0,False,0.005225309487089148,0.23939802473319183,0.2612665853055417,0.04252192476461086,4.252192476461086e-06,4.2521924764610866e-06,-0.04788041931635918,0.0,0.07261241161126097,2.4579451764778675,2.5397386252531406,0.07261241161126097
221.0,0.0,0.0,-0.2386121479592915,7.35751504765092,5.024747777695342,-47.7224295918583,3.0,0.0,4.94960252487191,-0.02,0.0,False,0.005506709502241021,0.2386121479592915,0.27533664589148676,0.04252192476461086,4.252192476461086e-06,4.2521924764610866e-06,-0.04772324128823104,0.0,-0.05873103448814909,2.3327672699555775,2.40791252277901,0.05873103448814909
222.0,0.0,0.0,-0.22624237963127336,6.960346706569098,5.0519837969254375,-45.24847592625467,3.0,0.0,5.030073871307139,0.06,0.0,False,0.005003459767829517,0.2262423796312733,0.2501740521751748,0.04252192476461086,4.252192476461086e-06,4.2521924764610866e-06,-0.045249245543897684,0.0,-0.3971683410818221,1.9083629096436603,1.9302728352619587,0.3971683410818221
223.0,0.0,0.0,-0.1826945792195738,6.713043742969351,5.196341272146382,-36.53891584391476,3.0,0.0,5.095043150030963,-0.01,0.0,False,0.005194633990870999,0.1826945792195738,0.2597328039727286,0.04252192476461086,4.252192476461086e-06,4.2521924764610866e-06,-0.03653953732328428,0.0,-0.24730296359974702,1.5167024708229686,1.6180005929383876,0.24730296359974702
224.0,0.0,0.0,-0.1548820956509617,6.557502235647989,5.057135013231635,-30.97641913019234,3.0,0.0,5.133362071747599,-0.18,0.0,False,0.005600726617535117,0.15488209565096167,0.2800375216451352,0.04252192476461086,4.252192476461086e-06,4.2521924764610866e-06,-0.030976945998737456,0.0,-0.15554150732136218,1.5003672224163536,1.4241401639003897,0.15554150732136218
225.0,0.0,0.0,-0.13793553887832807,6.083293412086091,5.028720805529663,-27.587107775665615,3.0,0.0,5.164189857035642,-0.03,0.0,False,0.005414710002838505,0.13793553887832807,0.27073665136138203,0.04252192476461086,4.252192476461086e-06,4.2521924764610866e-06,-0.0275875769964389,0.0,-0.47420882356189775,1.0545726065564276,0.9191035550504489,0.47420882356189775
226.0,0.0,0.0,-0.08865662974330801,6.415203492508363,5.173157403344662,-17.731325948661603,3.0,0.0,5.178117520441677,-0.07,0.0,False,0.006079930900517837,0.08865662974330801,0.30399783767771343,0.04252192476461086,4.252192476461086e-06,4.2521924764610866e-06,-0.01773162753542237,0.0,0.3319100804222721,1.2420460891637006,1.2370859720666862,0.3319100804222721
227.0,0.0,0.0,-0.12415643128616068,7.021333289891182,5.078030315599921,-24.831286257232136,3.0,0.0,5.1967082654003125,0.19,0.0,False,0.005666258731272067,0.12415643128616068,0.2833141412647407,0.04252192476461086,4.252192476461086e-06,4.2521924764610866e-06,-0.024831708605070623,0.0,0.6061297973828195,1.943302974291261,1.82462502449087,0.6061297973828195
228.0,0.0,0.0,-0.1848470196488937,7.554462280450757,5.134448523236882,-36.969403929778736,3.0,0.0,5.173612782794606,0.0,0.0,False,0.005606915128435712,0.1848470196488937,0.2803469485059018,0.04252192476461086,4.252192476461086e-06,4.2521924764610866e-06,-0.03697003273118992,0.0,0.5331289905595744,2.4200137572138747,2.3808494976561505,0.5331289905595744
229.0,0.0,0.0,-0.2385128299356471,7.37220896675243,5.200625404152133,-47.70256598712942,3.0,0.0,5.172823793146935,-0.02,0.0,False,0.005357064225035904,0.23851282993564712,0.2678543502152049,0.04252192476461086,4.252192476461086e-06,4.2521924764610866e-06,-0.04770337734564812,0.0,-0.1822533136983271,2.171583562600297,2.199385173605495,0.1822533136983271
230.0,0.0,0.0,-0.2186883468187162,7.627871531827501,5.1717044944879005,-43.737669363743244,3.0,0.0,5.169283270971238,0.09,0.0,False,0.0049992633180795595,0.21868834681871618,0.24996422879547137,0.04252192476461086,4.252192476461086e-06,4.2521924764610866e-06,-0.04373841328453434,0.0,0.25566256507507124,2.4561670373396005,2.4585882608562626,0.25566256507507124
231.0,0.0,0.0,-0.24483445359455552,7.9360230414978385,5.189929758900544,-48.9668907189111,3.0,0.0,5.185279003318118,-0.08,0.0,False,0.004982769047166263,0.24483445359455552,0.24913951174296584,0.04252192476461086,4.252192476461086e-06,4.2521924764610866e-06,-0.04896772358194681,0.0,0.30815150967033755,2.746093282597294,2.750744038179721,0.30815150967033755
232.0,0.0,0.0,-0.2628487837363478,8.596631966241786,5.444732472463252,-52.56975674726956,3.0,0.0,5.179474941720871,0.37,0.0,False,0.005021462274911457,0.2628487837363478,0.25107418135677806,0.04252192476461086,4.252192476461086e-06,4.2521924764610866e-06,-0.05257065089036397,0.0,0.6606089247439471,3.151899493778534,3.4171570245209146,0.6606089247439471
233.0,0.0,0.0,-0.3220654452137602,8.748848858916839,5.535220055861521,-64.41308904275203,3.0,0.0,5.30747931995333,0.13,0.0,False,0.005534149535068958,0.3220654452137602,0.2767086533668987,0.04252192476461086,4.252192476461086e-06,4.2521924764610866e-06,-0.0644141846255038,0.0,0.15221689267505312,3.2136288030553173,3.4413695389635084,0.15221689267505312
234.0,0.0,0.0,-0.3310903774912856,8.892228070137879,5.6668454631995715,-66.21807549825712,3.0,0.0,5.375909039891034,0.25,0.0,False,0.005331133371124554,0.3310903774912856,0.2665578020064882,0.04252192476461086,4.252192476461086e-06,4.2521924764610866e-06,-0.06621920178147764,0.0,0.14337921122104014,3.2253826069383074,3.5163190302468452,0.14337921122104014
235.0,0.0,0.0,-0.33457774791028094,9.09165035441577,5.910501463380065,-66.91554958205619,3.0,0.0,5.437874691003376,0.45,0.0,False,0.004882359570238629,0.33457774791028094,0.2441190165485629,0.04252192476461086,4.252192476461086e-06,4.2521924764610866e-06,-0.06691668772840248,0.0,0.19942228427789033,3.181148891035704,3.653775663412393,0.19942228427789033
236.0,0.0,0.0,-0.3498475763874257,8.556074267349905,5.787102504909668,-69.96951527748514,3.0,0.0,5.546379456585949,0.17,0.0,False,0.004747014188865745,0.3498475763874257,0.2373517187041882,0.04252192476461086,4.252192476461086e-06,4.2521924764610866e-06,-0.06997070536781036,0.0,-0.5355760870658646,2.768971762440237,3.009694810763955,0.5355760870658646
237.0,0.0,0.0,-0.29037760535741286,8.405361086285371,5.892663847588187,-58.07552107148257,3.0,0.0,5.593100209579905,0.26,0.0,False,0.005101752739867003,0.29037760535741286,0.255088721675081,0.04252192476461086,4.252192476461086e-06,4.2521924764610866e-06,-0.058076508860457315,0.0,-0.15071318106453369,2.512697238697184,2.8122608767054658,0.15071318106453369
238.0,0.0,0.0,-0.26825347392977594,8.938774716456237,5.847766152607585,-53.65069478595519,3.0,0.0,5.652236476702337,0.06,0.0,False,0.005489404810860135,0.2682534739297759,0.2744714076432985,0.04252192476461086,4.252192476461086e-06,4.2521924764610866e-06,-0.053651607314397796,0.0,0.5334136301708661,3.0910085638486517,3.2865382397538996,0.5334136301708661
239.0,0.0,0.0,-0.3162098260992524,9.267721524726566,5.786616361338912,-63.24196521985048,3.0,0.0,5.722769313717433,0.01,0.0,False,0.0054745348766749476,0.3162098260992524,0.27372790777254813,0.04252192476461086,4.252192476461086e-06,4.2521924764610866e-06,-0.06324304088331131,0.0,0.32894680827032907,3.481105163387654,3.544952211009133,0.32894680827032907
240.0,0.0,0.0,-0.34605888975012905,9.586479756825645,5.786989219528677,-69.2117779500258,3.0,0.0,5.77660922621154,-0.07,0.0,False,0.005666992533224613,0.34605888975012905,0.2833508315183813,0.04252192476461086,4.252192476461086e-06,4.2521924764610866e-06,-0.06921295515222597,0.0,0.3187582320990785,3.7994905372969674,3.8098705306141047,0.3187582320990785
241.0,0.0,0.0,-0.37607288433490316,9.132550209102163,5.805837678063489,-75.21457686698064,3.0,0.0,5.80705905177491,-0.03,0.0,False,0.006060445979109123,0.37607288433490316,0.3030235874645959,0.04252192476461086,4.252192476461086e-06,4.2521924764610866e-06,-0.07521585616897224,0.0,-0.45392954772348126,3.326712531038674,3.325491157327253,0.45392954772348126
242.0,0.0,0.0,-0.33074460328446315,8.443023700031572,5.716321754341373,-66.14892065689263,3.0,0.0,5.825670956762147,0.03,0.0,False,0.005678609527855127,0.33074460328446315,0.2839316837197917,0.04252192476461086,4.252192476461086e-06,4.2521924764610866e-06,-0.06615004576387937,0.0,-0.6895265090705909,2.7267019456901993,2.617352743269425,0.6895265090705909
243.0,0.0,0.0,-0.2625919741309983,8.194065625676604,5.7431738043472915,-52.51839482619965,3.0,0.0,5.825033856771849,-0.05,0.0,False,0.005824670693396698,0.2625919741309983,0.2912347730508798,0.04252192476461086,4.252192476461086e-06,4.2521924764610866e-06,-0.05251928809569468,0.0,-0.24895807435496842,2.4508918213293125,2.3690317689047546,0.24895807435496842
244.0,0.0,0.0,-0.23599914850719153,8.243600185573463,5.868988855496159,-47.199829701438304,3.0,0.0,5.817048129140753,0.08,0.0,False,0.005455551007854534,0.23599914850719153,0.2727787102953742,0.04252192476461086,4.252192476461086e-06,4.2521924764610866e-06,-0.04720063250906756,0.0,0.049534559896859065,2.374611330077304,2.42655205643271,0.049534559896859065
245.0,0.0,0.0,-0.2355627364527387,7.094890220496998,6.009846998337994,-47.11254729054774,3.0,0.0,5.834023964914504,0.07,0.0,False,0.00529446482023828,0.2355627364527387,0.2647243666660877,0.04252192476461086,4.252192476461086e-06,4.2521924764610866e-06,-0.04711334861361686,0.0,-1.1487099650764652,1.0850432221590038,1.2608662555824939,1.1487099650764652
246.0,0.0,0.0,-0.11597297317222338,6.729875301694935,5.969546227413409,-23.194594634444677,3.0,0.0,5.887922738141295,-0.01,0.0,False,0.00527287613331185,0.11597297317222338,0.26364492772980364,0.04252192476461086,4.252192476461086e-06,4.2521924764610866e-06,-0.023194989144290322,0.0,-0.36501491880206327,0.7603290742815254,0.8419525635536393,0.36501491880206327
247.0,0.0,0.0,-0.08189034291287316,7.083809521540039,5.770790349286527,-16.37806858257463,3.0,0.0,5.9351358318045655,0.14,0.0,False,0.005136144724049053,0.08189034291287316,0.25680832819625027,0.04252192476461086,4.252192476461086e-06,4.2521924764610866e-06,-0.01637834715219011,0.0,0.35393421984510454,1.3130191722535125,1.1486736897354737,0.35393421984510454
248.0,0.0,0.0,-0.12189363696953386,6.9867688259602705,5.769157632774043,-24.37872739390677,3.0,0.0,5.910954461891203,-0.04,0.0,False,0.00529048684875986,0.12189363696953386,0.2645254672464117,0.04252192476461086,4.252192476461086e-06,4.2521924764610866e-06,-0.024379142044308418,0.0,-0.09704069557976869,1.2176111931862277,1.0758143640690676,0.09704069557976869
249.0,0.0,0.0,-0.1093952024479475,7.53972838387817,5.882372613334053,-21.8790404895895,3.0,0.0,5.864847236084399,0.08,0.0,False,0.005046564776621256,0.1093952024479475,0.25232931177930146,0.04252192476461086,4.252192476461086e-06,4.2521924764610866e-06,-0.02187941262357254,0.0,0.5529595579178999,1.6573557705441173,1.674881147793771,0.5529595579178999
250.0,0.0,0.0,-0.1637609901902238,7.398933858112655,5.8425216355132825,-32.75219803804476,3.0,0.0,5.892793543007956,-0.01,0.0,False,0.0051318568205088195,0.16376099019022378,0.2565939321075891,0.04252192476461086,4.252192476461086e-06,4.2521924764610866e-06,-0.03275275511027629,0.0,-0.1407945257655152,1.5564122225993726,1.506140315104699,0.1407945257655152
251.0,0.0,0.0,-0.15101997929555644,7.15275721950071,5.744572381143762,-30.203995859111288,3.0,0.0,5.9020836648134125,0.01,0.0,False,0.004892872327906404,0.15101997929555644,0.24464465666706528,0.04252192476461086,4.252192476461086e-06,4.2521924764610866e-06,-0.030204509589742582,0.0,-0.24617663861194483,1.4081848383569486,1.2506735546872978,0.24617663861194483
252.0,0.0,0.0,-0.12769014922337224,6.91125524929729,5.858089535406174,-25.538029844674448,3.0,0.0,5.888701956856105,-0.02,0.0,False,0.005225032826398012,0.12769014922337224,0.2612527522121642,0.04252192476461086,4.252192476461086e-06,4.2521924764610866e-06,-0.02553846421330088,0.0,-0.24150197020342024,1.053165713891116,1.0225532924411853,0.24150197020342024
253.0,0.0,0.0,-0.10158220353995434,6.582133890776702,5.760591275673242,-20.316440707990868,3.0,0.0,5.8758285791123965,-0.1,0.0,False,0.00526751557406104,0.10158220353995434,0.26337689862755664,0.04252192476461086,4.252192476461086e-06,4.2521924764610866e-06,-0.020316786264186787,0.0,-0.3291213585205881,0.8215426151034597,0.7063053116643054,0.3291213585205881
254.0,0.0,0.0,-0.0723414991059035,6.775441522438378,5.681348955018545,-14.468299821180699,3.0,0.0,5.895411616543666,0.04,0.0,False,0.005337789116567832,0.0723414991059035,0.26689059069372767,0.04252192476461086,4.252192476461086e-06,4.2521924764610866e-06,-0.014468545908116864,0.0,0.19330763166167575,1.0940925674198327,0.8800299058947116,0.19330763166167575
255.0,0.0,0.0,-0.09218189184562572,7.536009742875757,5.70280972894375,-18.436378369125144,3.0,0.0,5.858703519218755,0.01,0.0,False,0.0052051336208940036,0.09218189184562572,0.2602577877062012,0.04252192476461086,4.252192476461086e-06,4.2521924764610866e-06,-0.018436691947909308,0.0,0.7605682204373796,1.8332000139320073,1.677306223657002,0.7605682204373796
256.0,0.0,0.0,-0.16718207866835616,7.387638707602717,5.706285141636533,-33.43641573367123,3.0,0.0,5.853603005224772,0.02,0.0,False,0.005131640343999124,0.16718207866835613,0.2565831082360792,0.04252192476461086,4.252192476461086e-06,4.2521924764610866e-06,-0.033436984443554627,0.0,-0.14837103527304052,1.6813535659661838,1.5340357023779445,0.14837103527304052
257.0,0.0,0.0,-0.1526167449352542,7.762745155993475,5.68315594480864,-30.52334898705084,3.0,0.0,5.864153411673342,0.02,0.0,False,0.0052043801913895455,0.15261674493525423,0.26022011607079193,0.04252192476461086,4.252192476461086e-06,4.2521924764610866e-06,-0.03052386814946291,0.0,0.375106448390758,2.0795892111848344,1.8985917443201332,0.375106448390758
258.0,0.0,0.0,-0.19097903152738763,7.101183571293437,5.788001220214118,-38.195806305477525,3.0,0.0,5.861438810461447,0.04,0.0,False,0.0052774174245097775,0.19097903152738765,0.26387199325522215,0.04252192476461086,4.252192476461086e-06,4.2521924764610866e-06,-0.03819645596639583,0.0,-0.6615615847000376,1.3131823510793197,1.2397447608319903,0.6615615847000376
259.0,0.0,0.0,-0.12271842820429651,7.107776084327367,5.78642074472017,-24.5436856408593,3.0,0.0,5.852914236739549,-0.11,0.0,False,0.005254504350566954,0.12271842820429651,0.26272633468654105,0.04252192476461086,4.252192476461086e-06,4.2521924764610866e-06,-0.024544103096985882,0.0,0.006592513033929492,1.321355339607197,1.2548618475878177,0.006592513033929492
260.0,0.0,0.0,-0.11929258586767146,6.915958295821122,5.848880099435628,-23.858517173534292,3.0,0.0,5.873973198131616,0.08,0.0,False,0.005054627001459219,0.11929258586767146,0.2527324247353062,0.04252192476461086,4.252192476461086e-06,4.2521924764610866e-06,-0.023858922975837624,0.0,-0.19181778850624465,1.067078196385494,1.0419850976895058,0.19181778850624465
261.0,0.0,0.0,-0.09943791879240721,7.067279131998551,5.966377442068391,-19.88758375848144,3.0,0.0,5.914824862898847,-0.15,0.0,False,0.00532772360673188,0.09943791879240721,0.2663873130619059,0.04252192476461086,4.252192476461086e-06,4.2521924764610866e-06,-0.0198879220203792,0.0,0.15132083617742875,1.1009016899301596,1.152454269099704,0.15132083617742875
262.0,0.0,0.0,-0.10961638585054148,7.986439754535102,6.0147385754818075,-21.923277170108296,3.0,0.0,5.9215579664385425,0.15,0.0,False,0.004931851984758402,0.10961638585054147,0.2465936477971153,0.04252192476461086,4.252192476461086e-06,4.2521924764610866e-06,-0.02192365005649966,0.0,0.919160622536551,1.9717011790532943,2.0648817880965593,0.919160622536551
263.0,0.0,0.0,-0.1988542495715299,7.875872307573011,6.063368054302229,-39.77084991430598,3.0,0.0,5.971091967994576,-0.03,0.0,False,0.005400255465181371,0.1988542495715299,0.2700139214053516,0.04252192476461086,4.252192476461086e-06,4.2521924764610866e-06,-0.0397715263646647,0.0,-0.11056744696209098,1.8125042532707818,1.9047803395784344,0.11056744696209098
264.0,0.0,0.0,-0.1836467680914006,8.477281371124494,6.068905804289346,-36.72935361828012,3.0,0.0,5.997854980492608,0.06,0.0,False,0.0052267461945146275,0.1836467680914006,0.26133842098227356,0.04252192476461086,4.252192476461086e-06,4.2521924764610866e-06,-0.036729978336748154,0.0,0.6014090635514835,2.408375566835148,2.479426390631886,0.6014090635514835
265.0,0.0,0.0,-0.24588219425739136,8.544974325440963,5.941740940999599,-49.176438851478274,3.0,0.0,6.039365581588727,-0.03,0.0,False,0.005446258314268359,0.24588219425739136,0.27231407364034943,0.04252192476461086,4.252192476461086e-06,4.2521924764610866e-06,-0.04917727527865479,0.0,0.0676929543164686,2.6032333844413635,2.5056087438522363,0.0676929543164686
266.0,0.0,0.0,-0.24555454786814906,8.783008696445334,6.132989946041389,-49.11090957362981,3.0,0.0,6.018407151629757,0.11,0.0,False,0.005449745002994392,0.24555454786814906,0.2724884088179546,0.04252192476461086,4.252192476461086e-06,4.2521924764610866e-06,-0.04911174488623866,0.0,0.23803437100437108,2.6500187504039454,2.7646015448155774,0.23803437100437108
267.0,0.0,0.0,-0.2624170682842695,8.074200296190947,6.245607171256913,-52.4834136568539,3.0,0.0,6.089376639499425,0.19,0.0,False,0.005531838467477621,0.2624170682842695,0.27659309949597666,0.04252192476461086,4.252192476461086e-06,4.2521924764610866e-06,-0.05248430633136479,0.0,-0.7088084002543873,1.8285931249340335,1.984823656691522,0.7088084002543873
268.0,0.0,0.0,-0.18524883089858357,7.912382539835394,6.342077643927958,-37.04976617971671,3.0,0.0,6.158782221208469,0.23,0.0,False,0.0052462054221295695,0.18524883089858357,0.2623113865002397,0.04252192476461086,4.252192476461086e-06,4.2521924764610866e-06,-0.0370503963479851,0.0,-0.1618177563555525,1.5703048959074364,1.7536003186269253,0.1618177563555525
269.0,0.0,0.0,-0.1692053481572521,8.435771919255606,6.19875782923343,-33.841069631450424,3.0,0.0,6.221672601520862,0.01,0.0,False,0.005149719396607173,0.1692053481572521,0.2574870647102623,0.04252192476461086,4.252192476461086e-06,4.2521924764610866e-06,-0.033841645223969596,0.0,0.5233893794202116,2.2370140900221758,2.2140993177347434,0.5233893794202116
270.0,0.0,0.0,-0.22037237459382897,9.273399718791326,6.018978277088621,-44.074474918765794,3.0,0.0,6.220293083577454,-0.02,0.0,False,0.004938428514148683,0.22037237459382897,0.24692247566486278,0.04252192476461086,4.252192476461086e-06,4.2521924764610866e-06,-0.044075224568180714,0.0,0.8376277995357206,3.2544214417027053,3.0531066352138723,0.8376277995357206
271.0,0.0,0.0,-0.30953586283178347,8.483537222190007,5.899859254435655,-61.90717256635669,3.0,0.0,6.232001320029655,0.16,0.0,False,0.004942279507943077,0.30953586283178347,0.24711502617334086,0.04252192476461086,4.252192476461086e-06,4.2521924764610866e-06,-0.061908225526732946,0.0,-0.7898624966013195,2.583677967754352,2.2515359021603523,0.7898624966013195
272.0,0.0,0.0,-0.23624889464663618,8.049298035365696,5.905489940382214,-47.249778929327235,3.0,0.0,6.177975280170139,0.14,0.0,False,0.005101311197377339,0.23624889464663618,0.2550666444567216,0.04252192476461086,4.252192476461086e-06,4.2521924764610866e-06,-0.04725058258652779,0.0,-0.4342391868243105,2.1438080949834823,1.8713227551955578,0.4342391868243105
273.0,0.0,0.0,-0.19712176411734714,8.129855395465112,5.83678765302748,-39.42435282346943,3.0,0.0,6.1209980469350285,0.09,0.0,False,0.005363353813213982,0.19712176411734716,0.26816883096133576,0.04252192476461086,4.252192476461086e-06,4.2521924764610866e-06,-0.03942502338036392,0.0,0.08055736009941583,2.293067742437632,2.008857348530084,0.08055736009941583
274.0,0.0,0.0,-0.20624961154628035,9.35739104460794,5.821129274478483,-41.24992230925607,3.0,0.0,6.07803848420811,0.06,0.0,False,0.0054208341906653796,0.20624961154628033,0.271042862054787,0.04252192476461086,4.252192476461086e-06,4.2521924764610866e-06,-0.041250623916709854,0.0,1.227535649142828,3.5362617701294576,3.27935256039983,1.227535649142828
275.0,0.0,0.0,-0.3410023786632588,9.46381853658385,5.608382906107213,-68.20047573265175,3.0,0.0,6.0673154293499865,0.48,0.0,False,0.004960081021017119,0.3410023786632588,0.24800510561181607,0.04252192476461086,4.252192476461086e-06,4.2521924764610866e-06,-0.06820163573391835,0.0,0.10642749197590895,3.855435630476636,3.3965031072338627,0.10642749197590895
276.0,0.0,0.0,-0.3577669441640886,9.98607513070139,5.661842151466949,-71.55338883281772,3.0,0.0,5.9472947575879065,0.25,0.0,False,0.004570227642674838,0.3577669441640886,0.22851235380812174,0.04252192476461086,4.252192476461086e-06,4.2521924764610866e-06,-0.07155460586276924,0.0,0.5222565941175414,4.324232979234441,4.038780373113484,0.5222565941175414
277.0,0.0,0.0,-0.41070387422839977,10.191588212781365,5.680310926709893,-82.14077484567996,3.0,0.0,5.8860730302475535,0.03,0.0,False,0.004431295455364917,0.41070387422839977,0.2215657149043055,0.04252192476461086,4.252192476461086e-06,4.2521924764610866e-06,-0.08214217195327836,0.0,0.20551308207997465,4.511277286071472,4.305515182533812,0.20551308207997465
278.0,0.0,0.0,-0.4399304990462436,9.813862099377818,5.5192036298217735,-87.98609980924871,3.0,0.0,5.8789490688211945,0.34,0.0,False,0.004841198302589049,0.4399304990462436,0.2420609444148023,0.04252192476461086,4.252192476461086e-06,4.2521924764610866e-06,-0.08798759633821168,0.0,-0.377726113403547,4.294658469556045,3.934913030556624,0.377726113403547
279.0,0.0,0.0,-0.40415853317808653,9.781344571701062,5.6243296917221315,-80.83170663561731,3.0,0.0,5.792189688861023,0.06,0.0,False,0.004834059293527143,0.40415853317808653,0.241703992443885,0.04252192476461086,4.252192476461086e-06,4.2521924764610866e-06,-0.0808330814776704,0.0,-0.032517527676755975,4.157014879978931,3.9891548828400394,0.032517527676755975
280.0,0.0,0.0,-0.39674383894417886,10.397059448243102,5.826214517760469,-79.34876778883577,3.0,0.0,5.772190839603254,-0.08,0.0,False,0.00510196943414289,0.39674383894417886,0.25509955643494653,0.04252192476461086,4.252192476461086e-06,4.2521924764610866e-06,-0.0793501174080305,0.0,0.6157148765420395,4.570844930482632,4.624868608639848,0.6157148765420395
281.0,0.0,0.0,-0.45402566000233757,9.43361583847172,5.926446193183208,-90.80513200046751,3.0,0.0,5.813821830700926,-0.06,0.0,False,0.0051433907295012765,0.45402566000233757,0.2571706300094319,0.04252192476461086,4.252192476461086e-06,4.2521924764610866e-06,-0.09080667647749648,0.0,-0.9634436097713817,3.5071696452885117,3.6197940077707944,0.9634436097713817
282.0,0.0,0.0,-0.35176106322796663,9.592022959391631,6.065341428567734,-70.35221264559333,3.0,0.0,5.856706317994952,0.1,0.0,False,0.00513821395212029,0.35176106322796663,0.25691179003975,0.04252192476461086,4.252192476461086e-06,4.2521924764610866e-06,-0.07035340924510235,0.0,0.15840712091991094,3.526681530823897,3.735316641396679,0.15840712091991094
283.0,0.0,0.0,-0.36272083391987286,10.053510819695997,6.090331364373261,-72.54416678397457,3.0,0.0,5.915930418404729,0.13,0.0,False,0.005148961755475948,0.36272083391987286,0.2574491824926192,0.04252192476461086,4.252192476461086e-06,4.2521924764610866e-06,-0.07254540066576864,0.0,0.4614878603043664,3.963179455322736,4.1375804012912685,0.4614878603043664
284.0,0.0,0.0,-0.4058216324696,9.232955889744034,6.073151166289288,-81.16432649392,3.0,0.0,5.964737502252854,0.12,0.0,False,0.004938448795242841,0.4058216324696,0.24692348972388267,0.04252192476461086,4.252192476461086e-06,4.2521924764610866e-06,-0.08116570699340368,0.0,-0.8205549299519639,3.1598047234547453,3.2682183874911797,0.8205549299519639
285.0,0.0,0.0,-0.3196520371300882,9.822458569224779,6.141097997122532,-63.930407426017645,3.0,0.0,5.995208213415383,0.0,0.0,False,0.005383706096059677,0.3196520371300883,0.2691864494307117,0.04252192476461086,4.252192476461086e-06,4.2521924764610866e-06,-0.06393149479898376,0.0,0.589502679480745,3.681360572102246,3.8272503558093955,0.589502679480745
286.0,0.0,0.0,-0.37337896198497217,9.540016436476275,6.093000755525213,-74.67579239699444,3.0,0.0,6.0363675573437865,-0.03,0.0,False,0.0054625914882907075,0.37337896198497217,0.2731307358140569,0.04252192476461086,4.252192476461086e-06,4.2521924764610866e-06,-0.07467706253496392,0.0,-0.2824421327485034,3.447015680951062,3.5036488791324887,0.2824421327485034
287.0,0.0,0.0,-0.34806959109854724,9.810218861198278,6.00609277575833,-69.61391821970945,3.0,0.0,6.08858956541441,0.05,0.0,False,0.0054306702634976875,0.3480695910985473,0.2715346677876461,0.04252192476461086,4.252192476461086e-06,4.2521924764610866e-06,-0.06961510226179185,0.0,0.27020242472200273,3.8041260854399477,3.7216292957838677,0.27020242472200273
288.0,0.0,0.0,-0.3749577843857365,8.910057186473757,6.0292302350438405,-74.9915568771473,3.0,0.0,6.059246522545979,0.03,0.0,False,0.005324753464487167,0.3749577843857365,0.26623880531818944,0.04252192476461086,4.252192476461086e-06,4.2521924764610866e-06,-0.07499283238585934,0.0,-0.9001616747245205,2.880826951429917,2.8508106639277786,0.9001616747245205
289.0,0.0,0.0,-0.2840126176926232,9.106236962649046,6.037020653917978,-56.80252353852464,3.0,0.0,6.060561297707429,-0.03,0.0,False,0.0052927859483613265,0.2840126176926232,0.2646404227152958,0.04252192476461086,4.252192476461086e-06,4.2521924764610866e-06,-0.056803489675469325,0.0,0.19617977617528837,3.069216308731068,3.0456756649416166,0.19617977617528837
290.0,0.0,0.0,-0.30192103376891144,8.13074810611736,6.133169184992488,-60.38420675378229,3.0,0.0,6.0698706257317205,0.11,0.0,False,0.005053606013251465,0.30192103376891144,0.2526813751078467,0.04252192476461086,4.252192476461086e-06,4.2521924764610866e-06,-0.06038523381049361,0.0,-0.975488856531685,1.9975789211248731,2.0608774803856402,0.975488856531685
291.0,0.0,0.0,-0.19939575529919068,7.785325631240908,6.25242483887268,-39.87915105983814,3.0,0.0,6.086962433642521,0.24,0.0,False,0.004922669594931279,0.19939575529919068,0.2461345263534947,0.04252192476461086,4.252192476461086e-06,4.2521924764610866e-06,-0.03987982935225829,0.0,-0.34542247487645295,1.5329007923682276,1.698363197598387,0.34542247487645295
292.0,0.0,0.0,-0.160899652136378,7.661182211155852,6.166164079935972,-32.1799304272756,3.0,0.0,6.1367481596689295,-0.1,0.0,False,0.0050641470100895114,0.160899652136378,0.2532084271908664,0.04252192476461086,4.252192476461086e-06,4.2521924764610866e-06,-0.0321804777659804,0.0,-0.12414342008505574,1.4950181312198803,1.5244340514869226,0.12414342008505574
293.0,0.0,0.0,-0.14300489517025777,7.495523754390241,6.359748957056386,-28.600979034051555,3.0,0.0,6.176294901062616,0.07,0.0,False,0.005208449670727651,0.14300489517025777,0.2604235909029076,0.04252192476461086,4.252192476461086e-06,4.2521924764610866e-06,-0.028601465499454456,0.0,-0.16565845676561075,1.1357747973338554,1.3192288533276253,0.16565845676561075
294.0,0.0,0.0,-0.12213308549173998,7.404040844749289,6.374327377431706,-24.426617098347997,3.0,0.0,6.231102855236308,0.16,0.0,False,0.005222238554068406,0.12213308549173998,0.26111303800159474,0.04252192476461086,4.252192476461086e-06,4.2521924764610866e-06,-0.02442703256329114,0.0,-0.09148290964095196,1.029713467317583,1.172937989512981,0.09148290964095196
295.0,0.0,0.0,-0.10972063823557274,7.215868161316431,6.394507248274506,-21.94412764711455,3.0,0.0,6.27416693280348,0.13,0.0,False,0.005026978531270413,0.10972063823557274,0.2513499953475351,0.04252192476461086,4.252192476461086e-06,4.2521924764610866e-06,-0.02194450088814537,0.0,-0.18817268343285853,0.821360913041925,0.9417012285129509,0.18817268343285853
296.0,0.0,0.0,-0.08468411878127827,7.633016864436431,6.562927059150923,-16.936823756255652,3.0,0.0,6.306811134729942,0.25,0.0,False,0.0048856305537958436,0.08468411878127827,0.24428256642186633,0.04252192476461086,4.252192476461086e-06,4.2521924764610866e-06,-0.0169371118295689,0.0,0.4171487031200005,1.0700898052855088,1.3262057297064898,0.4171487031200005
297.0,0.0,0.0,-0.11713611425469123,7.767450261426427,6.615799805238295,-23.427222850938247,3.0,0.0,6.369008968845011,0.17,0.0,False,0.0051243690274474325,0.11713611425469121,0.25621954086254284,0.04252192476461086,4.252192476461086e-06,4.2521924764610866e-06,-0.023427621317486876,0.0,0.134433396989996,1.1516504561881327,1.398441292581416,0.134433396989996
298.0,0.0,0.0,-0.120382593405585,7.580253085808118,6.647224256408388,-24.076518681117,3.0,0.0,6.461630817624332,0.25,0.0,False,0.0051582867102152674,0.120382593405585,0.25791543221216034,0.04252192476461086,4.252192476461086e-06,4.2521924764610866e-06,-0.024076928191342044,0.0,-0.1871971756183095,0.9330288293997295,1.1186222681837856,0.1871971756183095
299.0,0.0,0.0,-0.098649585975157,6.646974544021852,6.544895251299917,-19.729917195031398,3.0,0.0,6.56359873287268,-0.09,0.0,False,0.005409511532492359,0.098649585975157,0.27047672673882994,0.04252192476461086,4.252192476461086e-06,4.2521924764610866e-06,-0.019730252775226262,0.0,-0.9332785417862661,0.1020792927219345,0.08337581114917203,0.9332785417862661
300.0,0.0,0.0,-0.0018614919843344163,7.008220669542358,6.596372623064394,-0.37229839686688326,3.0,0.0,6.593736252205185,-0.11,0.0,False,0.005572421728983862,0.00478202663808094,0.27862227119968064,0.04252192476461086,4.252192476461086e-06,4.2521924764610866e-06,-0.00037230472917772537,0.0,0.3612461255205064,0.4118480464779637,0.41448441733717356,0.3612461255205064
301.0,0.0,0.0,-0.034829673232761496,6.791794304080915,6.7805739035585155,-6.965934646552299,3.0,0.0,6.6283592284073976,0.07,0.0,False,0.005426846790112293,0.034829673232761496,0.27134349330546925,0.04252192476461086,4.252192476461086e-06,4.2521924764610866e-06,-0.006966053128028069,0.0,-0.21642636546144356,0.011220400522399032,0.163435075673517,0.21642636546144356
302.0,0.0,0.0,-0.00839255246652418,6.424872583924176,6.8058904345104345,-1.678510493304836,3.0,0.0,6.65991653209102,0.02,0.0,False,0.005554539256786729,0.008818926508556374,0.2777281437878383,0.04252192476461086,4.252192476461086e-06,4.2521924764610866e-06,-0.0016785390425822027,0.0,-0.3669217201567383,-0.38101785058625826,-0.23504394816684382,0.3669217201567383
303.0,0.0,0.0,0.02838318801785388,6.771399676791866,6.843497966809747,5.676637603570776,3.0,0.0,6.70786699507825,0.02,0.0,False,0.005131835574762736,0.028383188017853875,0.25659286981576784,0.04252192476461086,4.252192476461086e-06,4.2521924764610866e-06,0.00567673415578305,0.0,0.34652709286768957,-0.07209829001788126,0.0635326817136157,0.34652709286768957
304.0,0.0,0.0,-0.005177406436939465,6.376736330324919,6.8249459412889735,-1.0354812873878931,3.0,0.0,6.708710498641642,-0.06,0.0,False,0.005308052548693782,0.006082313461703246,0.2654037559777446,0.04252192476461086,4.252192476461086e-06,4.2521924764610866e-06,-0.0010354988995759607,0.0,-0.3946633464669471,-0.44820961096405476,-0.331974168316723,0.3946633464669471
305.0,0.0,0.0,0.038275663637853695,6.092370689992659,6.859743059980426,7.655132727570739,3.0,0.0,6.719624511656036,0.04,0.0,False,0.005522363604030458,0.0382756636378537,0.27611935430917134,0.04252192476461086,4.252192476461086e-06,4.2521924764610866e-06,0.007655262931408242,0.0,-0.2843656403322594,-0.7673723699877666,-0.627253821663377,0.2843656403322594
306.0,0.0,0.0,0.0711324208009298,6.4122680960152065,6.894905392676196,14.22648416018596,3.0,0.0,6.759501104477903,0.19,0.0,False,0.005071055116034047,0.0711324208009298,0.2535538339568229,0.04252192476461086,4.252192476461086e-06,4.2521924764610866e-06,0.014226726134152677,0.0,0.31989740602254724,-0.48263729666098953,-0.34723300846269645,0.31989740602254724
307.0,0.0,0.0,0.044475761800425,5.5010429287521365,6.913904458212285,8.895152360085,3.0,0.0,6.803710021439184,-0.05,0.0,False,0.005450843762659252,0.044475761800425,0.2725433470348045,0.04252192476461086,4.252192476461086e-06,4.2521924764610866e-06,0.008895303655041426,0.0,-0.91122516726307,-1.412861529460148,-1.3026670926870478,0.91122516726307
308.0,0.0,0.0,0.14056062664226968,5.46382867896039,7.148414822902122,28.112125328453935,3.0,0.0,6.857035169994442,0.16,0.0,False,0.005396327352919048,0.14056062664226968,0.26981751495708095,0.04252192476461086,4.252192476461086e-06,4.2521924764610866e-06,0.028112603479092,0.0,-0.03721424979174692,-1.6845861439417327,-1.3932064910340527,0.03721424979174692
309.0,0.0,0.0,0.15061265598437243,6.313909322432158,7.114946489325084,30.122531196874487,3.0,0.0,6.9066790797167865,0.22,0.0,False,0.0053936146592109425,0.15061265598437243,0.2696818796949308,0.04252192476461086,4.252192476461086e-06,4.2521924764610866e-06,0.030123043541897977,0.0,0.8500806434717685,-0.8010371668929261,-0.5927697572846284,0.8500806434717685
310.0,0.0,0.0,0.06728192501706988,6.082541932702603,7.110360353687031,13.456385003413976,3.0,0.0,6.9699872605042446,0.05,0.0,False,0.005239807126022698,0.06728192501706988,0.26199147033455683,0.04252192476461086,4.252192476461086e-06,4.2521924764610866e-06,0.013456613878997027,0.0,-0.23136738972955495,-1.0278184209844277,-0.8874453278016414,0.23136738972955495
311.0,0.0,0.0,0.09747923691470227,6.641877767885196,7.3259570163498475,19.495847382940454,3.0,0.0,6.9867428773876235,0.24,0.0,False,0.005135639893492375,0.09747923691470227,0.2567830865610845,0.04252192476461086,4.252192476461086e-06,4.2521924764610866e-06,0.01949617898191267,0.0,0.5593358351825932,-0.6840792484646512,-0.3448651095024271,0.5593358351825932
312.0,0.0,0.0,0.04898289286773863,6.414122478450454,7.438732665169513,9.796578573547727,3.0,0.0,7.057355026873515,0.26,0.0,False,0.004920523070623016,0.04898289286773863,0.24602719968170977,0.04252192476461086,4.252192476461086e-06,4.2521924764610866e-06,0.00979674520059001,0.0,-0.2277552894347421,-1.024610186719059,-0.643232548423061,0.2277552894347421
313.0,0.0,0.0,0.0782336890080526,5.429466745522765,7.375261578456292,15.646737801610518,3.0,0.0,7.131717110797009,0.15,0.0,False,0.005269649289996217,0.0782336890080526,0.263483584877964,0.04252192476461086,4.252192476461086e-06,4.2521924764610866e-06,0.015647003932241912,0.0,-0.9846557329276893,-1.9457948329335268,-1.702250365274244,0.9846557329276893
314.0,0.0,0.0,0.18396266308348547,7.027191741569162,7.4999116617267205,36.792532616697095,3.0,0.0,7.196476001766169,0.26,0.0,False,0.005253413731156421,0.18396266308348547,0.2626718034841382,0.04252192476461086,4.252192476461086e-06,4.2521924764610866e-06,0.0367931584097576,0.0,1.5977249960463968,-0.4727199201575587,-0.16928426019700726,1.5977249960463968
315.0,0.0,0.0,0.02788679319763476,6.9966744023101,7.468668238531004,5.577358639526952,3.0,0.0,7.2691324885902135,0.12,0.0,False,0.005434271788137256,0.02788679319763476,0.27171474478534335,0.04252192476461086,4.252192476461086e-06,4.2521924764610866e-06,0.0055774535031333505,0.0,-0.030517339259061416,-0.4719938362209035,-0.27245808628011314,0.030517339259061416
316.0,0.0,0.0,0.04234835941023844,6.837992741076608,7.6232629841129045,8.469671882047688,3.0,0.0,7.306065602546121,0.39,0.0,False,0.005373098967187301,0.04234835941023844,0.2686560907319152,0.04252192476461086,4.252192476461086e-06,4.2521924764610866e-06,0.008469815940135338,0.0,-0.15868166123349248,-0.7852702430362966,-0.4680728614695129,0.15868166123349248
317.0,0.0,0.0,0.062304955395641425,6.807603541268241,7.600302018205362,12.460991079128284,3.0,0.0,7.420167000081247,0.17,0.0,False,0.005359589252552679,0.062304955395641425,0.2679806021278887,0.04252192476461086,4.252192476461086e-06,4.2521924764610866e-06,0.012461203024357104,0.0,-0.03038919980836674,-0.7926984769371206,-0.612563458813006,0.03038919980836674
318.0,0.0,0.0,0.07263879017803165,7.464661656693971,7.548147767329365,14.52775803560633,3.0,0.0,7.46105554166615,0.07,0.0,False,0.005102994251738645,0.07263879017803167,0.2551507975326204,0.04252192476461086,4.252192476461086e-06,4.2521924764610866e-06,0.014528005133849284,0.0,0.6570581154257296,-0.0834861106353939,0.0036061150278206,0.6570581154257296
319.0,0.0,0.0,0.005648376060358851,7.334789410747973,7.5785718295309925,1.1296752120717701,3.0,0.0,7.534006886754412,-0.2,0.0,False,0.005381980636976146,0.006455051184505201,0.2691001761096859,0.04252192476461086,4.252192476461086e-06,4.2521924764610866e-06,0.0011296944263758165,0.0,-0.12987224594599756,-0.24378241878301932,-0.1992174760064387,0.12987224594599756
320.0,0.0,0.0,0.02131671276917653,6.997822327608053,7.493200776267234,4.263342553835306,3.0,0.0,7.521146618196668,0.11,0.0,False,0.005065373737988589,0.02131671276917653,0.2532697638466344,0.04252192476461086,4.252192476461086e-06,4.2521924764610866e-06,0.004263415067739487,0.0,-0.3369670831399203,-0.49537844865918146,-0.5233242905886151,0.3369670831399203
321.0,0.0,0.0,0.05548958074907751,6.565966659149265,7.520283971543155,11.097916149815502,3.0,0.0,7.547961070578022,0.01,0.0,False,0.00505616762414488,0.05548958074907752,0.2528094561971405,0.04252192476461086,4.252192476461086e-06,4.2521924764610866e-06,0.01109810491091507,0.0,-0.43185566845878753,-0.95431731239389,-0.9819944114287562,0.43185566845878753
322.0,0.0,0.0,0.09638167437693451,6.608022677950426,7.478450987019398,19.2763348753869,3.0,0.0,7.552729932717716,0.05,0.0,False,0.004901816752130376,0.09638167437693451,0.24509187977993444,0.04252192476461086,4.252192476461086e-06,4.2521924764610866e-06,0.019276662740737263,0.0,0.04205601880116028,-0.8704283090689726,-0.9447072547672901,0.04205601880116028
323.0,0.0,0.0,0.08914802617284062,7.544216724647461,7.324877699845059,17.829605234568124,3.0,0.0,7.529803894590142,0.15,0.0,False,0.004984693692550872,0.08914802617284062,0.24923574442139437,0.04252192476461086,4.252192476461086e-06,4.2521924764610866e-06,0.01782990849293154,0.0,0.9361940466970351,0.21933902480240164,0.01441283005731897,0.9361940466970351
324.0,0.0,0.0,-0.00870536816772449,7.481498488779314,7.381258764847965,-1.7410736335448982,3.0,0.0,7.49952189340714,0.1,0.0,False,0.0048983465179367,0.008778650058680422,0.24491836733244549,0.04252192476461086,4.252192476461086e-06,4.2521924764610866e-06,-0.0017411032469397969,0.0,-0.06271823586814662,0.10023972393134883,-0.018023404627825812,0.06271823586814662
325.0,0.0,0.0,0.0016057377843629347,7.362531156173741,7.442538899162837,0.32114755687258695,3.0,0.0,7.457161192125165,-0.03,0.0,False,0.0053247010720036195,0.0044130159000235255,0.26623618568287283,0.04252192476461086,4.252192476461086e-06,4.2521924764610866e-06,0.00032115301917426056,0.0,-0.1189673326055729,-0.08000774298909619,-0.09463003595142361,0.1189673326055729
326.0,0.0,0.0,0.020593572304405488,7.112409132696907,7.640018233390139,4.1187144608810975,3.0,0.0,7.49755620801825,0.17,0.0,False,0.005432601998059244,0.020593572304405488,0.27163125492642937,0.04252192476461086,4.252192476461086e-06,4.2521924764610866e-06,0.004118784514849784,0.0,-0.250122023476834,-0.5276091006932315,-0.38514707532134285,0.250122023476834
327.0,0.0,0.0,0.048255813784518604,8.558563603142826,7.608485129631863,9.651162756903721,3.0,0.0,7.568471257609457,0.0,0.0,False,0.005259146159176441,0.048255813784518604,0.2629584261039085,0.04252192476461086,4.252192476461086e-06,4.2521924764610866e-06,0.009651326910612356,0.0,1.4461544704459186,0.9500784735109624,0.9900923455333688,1.4461544704459186
328.0,0.0,0.0,-0.09397339339053676,8.139135477000071,7.625048513889557,-18.794678678107353,3.0,0.0,7.5949775301925095,-0.08,0.0,False,0.005455036340872698,0.09397339339053676,0.27275297683685923,0.04252192476461086,4.252192476461086e-06,4.2521924764610866e-06,-0.018794998351113118,0.0,-0.4194281261427548,0.5140869631105138,0.5441579468075615,0.4194281261427548
329.0,0.0,0.0,-0.049457188696796356,8.77437794179532,7.5803339834461845,-9.89143773935927,3.0,0.0,7.618809689589641,-0.05,0.0,False,0.0051163745151501135,0.04945718869679636,0.2558198135479667,0.04252192476461086,4.252192476461086e-06,4.2521924764610866e-06,-0.009891605979832418,0.0,0.6352424647952493,1.1940439583491358,1.1555682522056792,0.6352424647952493
330.0,0.0,0.0,-0.11339847911960602,8.014783490137747,7.601339676140604,-22.679695823921204,3.0,0.0,7.644553074957823,-0.02,0.0,False,0.005089156288999559,0.11339847911960602,0.25445889645358216,0.04252192476461086,4.252192476461086e-06,4.2521924764610866e-06,-0.022680081576008693,0.0,-0.7595944516575734,0.4134438139971426,0.3702304151799236,0.7595944516575734
331.0,0.0,0.0,-0.03573384131255713,7.871804399964954,7.5425951787613705,-7.146768262511426,3.0,0.0,7.640369040991273,-0.02,0.0,False,0.005554221101607337,0.03573384131255713,0.27771223596122585,0.04252192476461086,4.252192476461086e-06,4.2521924764610866e-06,-0.0071468898197314815,0.0,-0.1429790901727932,0.3292092212035831,0.2314353589736804,0.1429790901727932
332.0,0.0,0.0,-0.020165950876289637,7.987376240216986,7.613956316914351,-4.033190175257928,3.0,0.0,7.657437479653616,0.05,0.0,False,0.005310661569066111,0.020165950876289637,0.2655342075510639,0.04252192476461086,4.252192476461086e-06,4.2521924764610866e-06,-0.0040332587745699035,0.0,0.11557184025203249,0.3734199233026354,0.3299387605633699,0.11557184025203249
333.0,0.0,0.0,-0.030602830627620224,8.29376537025711,7.6604913986958785,-6.120566125524045,3.0,0.0,7.670140603726827,0.09,0.0,False,0.004886029680262309,0.030602830627620224,0.24430252283004777,0.04252192476461086,4.252192476461086e-06,4.2521924764610866e-06,-0.0061206702283822965,0.0,0.3063891300401247,0.6332739715612323,0.6236247665302841,0.3063891300401247
334.0,0.0,0.0,-0.06188662290528904,6.685225705212462,7.672131966629943,-12.377324581057808,3.0,0.0,7.681341427484476,0.02,0.0,False,0.004895397152407644,0.06188662290528904,0.24477089842892916,0.04252192476461086,4.252192476461086e-06,4.2521924764610866e-06,-0.012377535103228466,0.0,-1.608539665044649,-0.9869062614174808,-0.9961157222720143,1.608539665044649
335.0,0.0,0.0,0.10114998981065733,6.879801673044922,7.561555461544241,20.229997962131467,3.0,0.0,7.674885983512605,0.0,0.0,False,0.0048308686606448195,0.10114998981065736,0.24154446012140962,0.04252192476461086,4.252192476461086e-06,4.2521924764610866e-06,0.020230342048048865,0.0,0.1945759678324599,-0.6817537884993197,-0.7950843104676837,0.1945759678324599
336.0,0.0,0.0,0.07878623137862101,6.752844704636415,7.400211611056245,15.757246275724201,3.0,0.0,7.696747108780317,0.16,0.0,False,0.004864622766570901,0.078786231378621,0.24323217259416147,0.04252192476461086,4.252192476461086e-06,4.2521924764610866e-06,0.01575751428596081,0.0,-0.126956968408507,-0.6473669064198306,-0.9439024041439028,0.126956968408507
337.0,0.0,0.0,0.09012121425526702,6.319625871372473,7.48967995771587,18.024242851053405,3.0,0.0,7.667680737542147,0.06,0.0,False,0.005004784899029649,0.09012121425526703,0.25024030901691713,0.04252192476461086,4.252192476461086e-06,4.2521924764610866e-06,0.01802454941994918,0.0,-0.4332188332639415,-1.1700540863433968,-1.348054866169674,0.4332188332639415
338.0,0.0,0.0,0.13254873813213802,5.90926042986117,7.411980550265296,26.509747626427604,3.0,0.0,7.6540760078265455,0.04,0.0,False,0.005005679127934749,0.13254873813213802,0.2502850206522938,0.04252192476461086,4.252192476461086e-06,4.2521924764610866e-06,0.02651019852270792,0.0,-0.4103654415113027,-1.5027201204041258,-1.7448155779653751,0.4103654415113027
339.0,0.0,0.0,0.16832406453936002,5.467746212334815,7.486500259693972,33.664812907872005,3.0,0.0,7.6451414338312045,0.03,0.0,False,0.005500693953133376,0.16832406453936002,0.2750358671571408,0.04252192476461086,4.252192476461086e-06,4.2521924764610866e-06,0.033665385502493865,0.0,-0.4415142175263558,-2.018754047359157,-2.17739522149639,0.4415142175263558
340.0,0.0,0.0,0.2145508007917509,6.18695853004882,7.605757135405706,42.91016015835018,3.0,0.0,7.592536862570811,0.08,0.0,False,0.0055010428024069745,0.2145508007917509,0.2750533096949896,0.04252192476461086,4.252192476461086e-06,4.2521924764610866e-06,0.04291089000428745,0.0,0.7192123177140051,-1.4187986053568862,-1.4055783325219915,0.7192123177140051
341.0,0.0,0.0,0.14404264691067017,6.232549646285487,7.6860163147088665,28.808529382134033,3.0,0.0,7.613299835817369,0.02,0.0,False,0.005317139093112712,0.14404264691067017,0.26585808513057796,0.04252192476461086,4.252192476461086e-06,4.2521924764610866e-06,0.028809019377698038,0.0,0.04559111623666734,-1.4534666684233795,-1.3807501895318817,0.04559111623666734
342.0,0.0,0.0,0.14367415798447097,6.4617518820290085,7.748292124968053,28.734831596894196,3.0,0.0,7.627415624008494,0.13,0.0,False,0.005378957278053374,0.14367415798447097,0.2689490075207522,0.04252192476461086,4.252192476461086e-06,4.2521924764610866e-06,0.02873532033895486,0.0,0.2292022357435215,-1.2865402429390445,-1.1656637419794853,0.2292022357435215
343.0,0.0,0.0,0.12308212796234569,5.778401197144093,7.591823367850652,24.616425592469138,3.0,0.0,7.669321772638877,0.02,0.0,False,0.005172533459088205,0.12308212796234569,0.25862777268480314,0.04252192476461086,4.252192476461086e-06,4.2521924764610866e-06,0.024616844285807557,0.0,-0.6833506848849158,-1.8134221707065592,-1.8909205754947847,0.6833506848849158
344.0,0.0,0.0,0.19000784057642575,5.477709652363342,7.52501687958545,38.00156811528515,3.0,0.0,7.692599330097389,0.04,0.0,False,0.005163065606905155,0.19000784057642575,0.25815437806269415,0.04252192476461086,4.252192476461086e-06,4.2521924764610866e-06,0.038002214472464824,0.0,-0.3006915447807508,-2.047307227222108,-2.214889677734047,0.3006915447807508
345.0,0.0,0.0,0.22033630178225141,5.714262626115137,7.54764175739268,44.067260356450284,3.0,0.0,7.678520000403856,-0.04,0.0,False,0.005112971976341838,0.22033630178225141,0.25564968588414033,0.04252192476461086,4.252192476461086e-06,4.2521924764610866e-06,0.044068009883154895,0.0,0.2365529737517953,-1.8333791312775425,-1.964257374288719,0.2365529737517953
346.0,0.0,0.0,0.19244415842378193,5.467589485809108,7.567406627675334,38.488831684756384,3.0,0.0,7.68111951580409,0.01,0.0,False,0.005543064823836057,0.19244415842378196,0.27715441970072974,0.04252192476461086,4.252192476461086e-06,4.2521924764610866e-06,0.038489486329654744,0.0,-0.24667314030602938,-2.099817141866226,-2.213530029994982,0.24667314030602938
347.0,0.0,0.0,0.22023533273647736,5.679489231381009,7.5782351959460605,44.04706654729547,3.0,0.0,7.638745125833084,0.0,0.0,False,0.0054409651847377805,0.22023533273647736,0.27204941603845006,0.04252192476461086,4.252192476461086e-06,4.2521924764610866e-06,0.044047815730529696,0.0,0.21189974557190094,-1.8987459645650517,-1.9592558944520748,0.21189974557190094
348.0,0.0,0.0,0.19916709878479322,5.760391823850486,7.6568574652436405,39.83341975695864,3.0,0.0,7.669989637325125,-0.05,0.0,False,0.00570603665125962,0.19916709878479322,0.2853030457212869,0.04252192476461086,4.252192476461086e-06,4.2521924764610866e-06,0.03983409727154889,0.0,0.08090259246947706,-1.8964656413931547,-1.9095978134746394,0.08090259246947706
349.0,0.0,0.0,0.1903293275718023,5.298835357591219,7.721181807668986,38.06586551436046,3.0,0.0,7.67120256407089,0.06,0.0,False,0.005378703086272358,0.19032932757180226,0.2689362978776577,0.04252192476461086,4.252192476461086e-06,4.2521924764610866e-06,0.03806651296515514,0.0,-0.4615564662592666,-2.422346450077767,-2.3723672064796704,0.4615564662592666
350.0,0.0,0.0,0.23969776433942003,4.384976508926813,7.717610057874624,47.939552867884004,3.0,0.0,7.663725565415245,0.18,0.0,False,0.004962000855961293,0.23969776433942003,0.24810109776720005,0.04252192476461086,4.252192476461086e-06,4.2521924764610866e-06,0.047940368257240885,0.0,-0.9138588486644066,-3.332633548947811,-3.278749056488432,0.9138588486644066
351.0,0.0,0.0,0.3312011631261278,4.178878940218401,7.766002988429544,66.24023262522556,3.0,0.0,7.695863963036924,0.01,0.0,False,0.004771721674423876,0.3312011631261278,0.23858709823514393,0.04252192476461086,4.252192476461086e-06,4.2521924764610866e-06,0.06624135928530996,0.0,-0.20609756870841167,-3.587124048211143,-3.516985022818523,0.20609756870841167
352.0,0.0,0.0,0.3490043796113382,5.154973165534246,7.75225853454593,69.80087592226764,3.0,0.0,7.697058556742788,-0.12,0.0,False,0.0048443438958079505,0.3490043796113382,0.24221822474453084,0.04252192476461086,4.252192476461086e-06,4.2521924764610866e-06,0.06980206314425706,0.0,0.9760942253158449,-2.5972853690116837,-2.542085391208542,0.9760942253158449
353.0,0.0,0.0,0.2512611041825204,5.228065382163861,7.80331959677047,50.25222083650408,3.0,0.0,7.668996938021641,-0.11,0.0,False,0.0050895348514208025,0.2512611041825204,0.25447782465513025,0.04252192476461086,4.252192476461086e-06,4.2521924764610866e-06,0.05025307556133105,0.0,0.07309221662961551,-2.575254214606608,-2.4409315558577793,0.07309221662961551
354.0,0.0,0.0,0.24294651436831682,6.271055850832134,7.713244803349628,48.589302873663364,3.0,0.0,7.667637627888289,0.02,0.0,False,0.004937081901895735,0.24294651436831682,0.24685514476591264,0.04252192476461086,4.252192476461086e-06,4.2521924764610866e-06,0.048590129314421596,0.0,1.0429904686682727,-1.442188952517494,-1.3965817770561548,1.0429904686682727
355.0,0.0,0.0,0.1417018309965097,6.894578594669151,7.724501823040779,28.340366199301943,3.0,0.0,7.657582178614056,0.02,0.0,False,0.00500598065860274,0.1417018309965097,0.2503000972498017,0.04252192476461086,4.252192476461086e-06,4.2521924764610866e-06,0.028340848232019954,0.0,0.6235227438370172,-0.8299232283716274,-0.7630035839449043,0.6235227438370172
356.0,0.0,0.0,0.07522248534038668,6.493232507697446,7.519155422836706,15.044497068077336,3.0,0.0,7.688104287970212,0.15,0.0,False,0.005020141204647902,0.07522248534038668,0.2510081275627281,0.04252192476461086,4.252192476461086e-06,4.2521924764610866e-06,0.01504475295537822,0.0,-0.4013460869717056,-1.02592291513926,-1.1948717802727664,0.4013460869717056
357.0,0.0,0.0,0.10996938458040592,6.089279783185807,7.449783115604797,21.993876916081184,3.0,0.0,7.646819441097328,0.1,0.0,False,0.005092547464265482,0.10996938458040592,0.2546284559378747,0.04252192476461086,4.252192476461086e-06,4.2521924764610866e-06,0.021994251003282277,0.0,-0.40395272451163855,-1.3605033324189897,-1.557539657911521,0.40395272451163855
358.0,0.0,0.0,0.14897525081744045,5.798879697113749,7.470220040081674,29.79505016348809,3.0,0.0,7.592949734050992,0.06,0.0,False,0.005178948700717524,0.14897525081744045,0.2589485361302112,0.04252192476461086,4.252192476461086e-06,4.2521924764610866e-06,0.02979555693848572,0.0,-0.2904000860720579,-1.671340342967925,-1.794070036937243,0.2904000860720579
359.0,0.0,0.0,0.17083460245348264,5.541943898603519,7.329908503481284,34.166920490696526,3.0,0.0,7.579063964932245,0.19,0.0,False,0.005246186815853162,0.17083460245348264,0.2623104561824635,0.04252192476461086,4.252192476461086e-06,4.2521924764610866e-06,0.034167501625514414,0.0,-0.25693579851022985,-1.7879646048777644,-2.0371200663287254,0.25693579851022985
360.0,0.0,0.0,0.19651712614443326,3.594572495496337,7.525088551252694,39.30342522888665,3.0,0.0,7.507262042729137,0.05,0.0,False,0.005153361068680012,0.19651712614443326,0.25766914908815874,0.04252192476461086,4.252192476461086e-06,4.2521924764610866e-06,0.03930409372896026,0.0,-1.9473714031071823,-3.930516055756357,-3.9126895472328003,1.9473714031071823
361.0,0.0,0.0,0.39675653981775616,4.482307561422723,7.678297280891694,79.35130796355124,3.0,0.0,7.507156941480115,0.1,0.0,False,0.005255791562683166,0.3967565398177561,0.2627906955660253,0.04252192476461086,4.252192476461086e-06,4.2521924764610866e-06,0.07935265762595102,0.0,0.8877350659263858,-3.1959897194689706,-3.0248493800573923,0.8877350659263858
362.0,0.0,0.0,0.31478303320341394,4.240532869060257,7.771649290770002,62.956606640682786,3.0,0.0,7.562222247932575,0.19,0.0,False,0.005216534126294413,0.31478303320341394,0.26082781540007893,0.04252192476461086,4.252192476461086e-06,4.2521924764610866e-06,0.06295767745056585,0.0,-0.2417746923624664,-3.5311164217097453,-3.3216893788723185,0.2417746923624664
363.0,0.0,0.0,0.3427912217310522,4.407291989186102,7.828524229559797,68.55824434621044,3.0,0.0,7.630204819359135,-0.02,0.0,False,0.005308044496440014,0.3427912217310522,0.26540335336334414,0.04252192476461086,4.252192476461086e-06,4.2521924764610866e-06,0.06855941043265519,0.0,0.16675912012584515,-3.421232240373695,-3.2229128301730334,0.16675912012584515
364.0,0.0,0.0,0.32864842575252523,5.100672676085501,7.861442544164384,65.72968515050505,3.0,0.0,7.668517967083477,0.17,0.0,False,0.005231897014196104,0.32864842575252523,0.26159596306146127,0.04252192476461086,4.252192476461086e-06,4.2521924764610866e-06,0.06573080312684185,0.0,0.693380686899399,-2.7607698680788832,-2.567845290997976,0.693380686899399
365.0,0.0,0.0,0.26200242543283053,5.024228248781514,7.755585815068363,52.40048508656611,3.0,0.0,7.693846120529519,0.14,0.0,False,0.005005247969240803,0.26200242543283053,0.250263462625928,0.04252192476461086,4.252192476461086e-06,4.2521924764610866e-06,0.05240137635057003,0.0,-0.07644442730398637,-2.7313575662868486,-2.669617871748005,0.07644442730398637
366.0,0.0,0.0,0.27124455299532524,5.4280639371764945,7.704561744083091,54.24891059906505,3.0,0.0,7.720752634650916,-0.13,0.0,False,0.005185897805350084,0.2712445529953252,0.25929599283928567,0.04252192476461086,4.252192476461086e-06,4.2521924764610866e-06,0.054249833302379515,0.0,0.4038356883949801,-2.2764978069065966,-2.2926886974744214,0.4038356883949801
367.0,0.0,0.0,0.23105364260950856,4.804753964988404,7.622790084509347,46.210728521901714,3.0,0.0,7.7367314479371405,0.05,0.0,False,0.0050866159225743815,0.23105364260950856,0.25433187759221687,0.04252192476461086,4.252192476461086e-06,4.2521924764610866e-06,0.046211514506208126,0.0,-0.6233099721880908,-2.8180361195209436,-2.931977482948737,0.6233099721880908
368.0,0.0,0.0,0.2902239642383042,4.851485624828432,7.599779579328246,58.04479284766084,3.0,0.0,7.738649487499616,0.13,0.0,False,0.004890441580152267,0.2902239642383042,0.24452311876255803,0.04252192476461086,4.252192476461086e-06,4.2521924764610866e-06,0.05804578011398852,0.0,0.04673165984002825,-2.7482939544998137,-2.8871638626711844,0.04673165984002825
369.0,0.0,0.0,0.2846388381510898,5.571462999561099,7.687238500774785,56.927767630217964,3.0,0.0,7.707055311779303,-0.01,0.0,False,0.0048555968682007285,0.28463883815108987,0.24278087575665994,0.04252192476461086,4.252192476461086e-06,4.2521924764610866e-06,0.05692873589740153,0.0,0.7199773747326672,-2.115775501213686,-2.135592312218204,0.7199773747326672
370.0,0.0,0.0,0.21455354399380863,4.938029727564763,7.638384745617471,42.910708798761725,3.0,0.0,7.697934523295633,-0.03,0.0,False,0.005022073384692243,0.21455354399380863,0.2511047369757452,0.04252192476461086,4.252192476461086e-06,4.2521924764610866e-06,0.04291143865403066,0.0,-0.6334332719963358,-2.700355018052708,-2.7599047957308693,0.6334332719963358
371.0,0.0,0.0,0.27729530285002263,4.552168981435443,7.737516569498063,55.459060570004524,3.0,0.0,7.717044055647461,0.05,0.0,False,0.005014012003545944,0.27729530285002263,0.250701666204503,0.04252192476461086,4.252192476461086e-06,4.2521924764610866e-06,0.05546000385639387,0.0,-0.3858607461293202,-3.18534758806262,-3.164875074212018,0.3858607461293202
372.0,0.0,0.0,0.32011456506118074,3.8286728142247664,7.838027810979991,64.02291301223615,3.0,0.0,7.711041711715013,0.0,0.0,False,0.005328685223718442,0.32011456506118074,0.2664353941156829,0.04252192476461086,4.252192476461086e-06,4.2521924764610866e-06,0.0640240019586018,0.0,-0.7234961672106768,-4.009354996755224,-3.8823688974902466,0.7234961672106768
373.0,0.0,0.0,0.39314125659980625,4.133260209264287,7.86406140662524,78.62825131996125,3.0,0.0,7.753382691484505,-0.01,0.0,False,0.005307421290744225,0.3931412565998063,0.2653721929460554,0.04252192476461086,4.252192476461086e-06,4.2521924764610866e-06,0.07862958868410926,0.0,0.30458739503952037,-3.730801197360953,-3.6201224822202187,0.30458739503952037
374.0,0.0,0.0,0.3674436091809682,4.011123557624361,7.986571616169003,73.48872183619363,3.0,0.0,7.760168965837501,0.09,0.0,False,0.005145655697013801,0.3674436091809682,0.257283878866612,0.04252192476461086,4.252192476461086e-06,4.2521924764610866e-06,0.07348997178363893,0.0,-0.12213665163992538,-3.9754480585446412,-3.7490454082131395,0.12213665163992538
375.0,0.0,0.0,0.38529393246019417,4.185994830157701,7.965113271048263,77.05878649203883,3.0,0.0,7.807774423121489,0.16,0.0,False,0.005007555884315824,0.38529393246019417,0.250378858870364,0.04252192476461086,4.252192476461086e-06,4.2521924764610866e-06,0.07706009716163421,0.0,0.17487127253333945,-3.779118440890562,-3.6217795929637884,0.17487127253333945
376.0,0.0,0.0,0.36677618018609054,4.632341338279832,7.776910998452193,73.3552360372181,3.0,0.0,7.8641447994243405,0.0,0.0,False,0.004899215782318886,0.36677618018609054,0.2449618307363688,0.04252192476461086,4.252192476461086e-06,4.2521924764610866e-06,0.07335648371424383,0.0,0.44634650812213117,-3.144569660172361,-3.2318034611445086,0.44634650812213117
377.0,0.0,0.0,0.31823384058318305,5.4836492877366165,7.633032288292651,63.64676811663661,3.0,0.0,7.853834612164299,0.08,0.0,False,0.005025030264627316,0.318233840583183,0.2512525816011601,0.04252192476461086,4.252192476461086e-06,4.2521924764610866e-06,0.0636478506652675,0.0,0.8513079494567846,-2.1493830005560346,-2.3701853244276823,0.8513079494567846
378.0,0.0,0.0,0.23348217082132464,6.345720657167248,7.583038634815134,46.69643416426493,3.0,0.0,7.814747403688793,-0.12,0.0,False,0.005040917106917601,0.23348217082132464,0.25204692709336984,0.04252192476461086,4.252192476461086e-06,4.2521924764610866e-06,0.04669722840979173,0.0,0.8620713694306312,-1.2373179776478862,-1.4690267465215454,0.8620713694306312
379.0,0.0,0.0,0.14555976503385373,7.023726191426643,7.622421386878981,29.111953006770747,3.0,0.0,7.818520636506369,0.07,0.0,False,0.005069835564554659,0.14555976503385373,0.25349285612356515,0.04252192476461086,4.252192476461086e-06,4.2521924764610866e-06,0.029112448163175424,0.0,0.6780055342593956,-0.5986951954523381,-0.7947944450797255,0.6780055342593956
380.0,0.0,0.0,0.07495489890291913,7.320869355300675,7.583715885193856,14.990979780583828,3.0,0.0,7.8013492549126715,0.11,0.0,False,0.004951300291701458,0.07495489890291913,0.2475660672791653,0.04252192476461086,4.252192476461086e-06,4.2521924764610866e-06,0.014991234757625354,0.0,0.29714316387403183,-0.2628465298931806,-0.48047989961199633,0.29714316387403183
381.0,0.0,0.0,0.041573606734756276,7.38235020785097,7.614240369709185,8.314721346951256,3.0,0.0,7.773291116588694,0.05,0.0,False,0.0051671171289922446,0.041573606734756276,0.25835695502844125,0.04252192476461086,4.252192476461086e-06,4.2521924764610866e-06,0.008314862769532113,0.0,0.061480852550294784,-0.23189016185821476,-0.3909409087377238,0.061480852550294784
382.0,0.0,0.0,0.03810315063010893,7.008004336256402,7.696145343813563,7.620630126021786,3.0,0.0,7.7366142615971265,-0.04,0.0,False,0.0050495840989793735,0.03810315063010893,0.2524802785391444,0.04252192476461086,4.252192476461086e-06,4.2521924764610866e-06,0.007620759743014975,0.0,-0.374345871594568,-0.688141007557161,-0.7286099253407246,0.374345871594568
383.0,0.0,0.0,0.07754366210158264,6.908589836258114,7.672566478775551,15.50873242031653,3.0,0.0,7.763389815248582,0.03,0.0,False,0.00492973533356783,0.07754366210158266,0.2464878147875663,0.04252192476461086,4.252192476461086e-06,4.2521924764610866e-06,0.015508996203656129,0.0,-0.09941449999828755,-0.763976642517437,-0.8547999789904672,0.09941449999828755
384.0,0.0,0.0,0.09007070982308166,7.020128573880239,7.873962875082924,18.014141964616332,3.0,0.0,7.783457443801057,-0.01,0.0,False,0.005229092281880138,0.09007070982308166,0.2614557258493498,0.04252192476461086,4.252192476461086e-06,4.2521924764610866e-06,0.018014448361709182,0.0,0.11153873762212463,-0.853834301202685,-0.7633288699208176,0.11153873762212463
385.0,0.0,0.0,0.08767589839695532,6.66822177483596,7.9912263116295925,17.535179679391064,3.0,0.0,7.809316084388663,0.32,0.0,False,0.0049834021094646574,0.08767589839695532,0.2491711649924807,0.04252192476461086,4.252192476461086e-06,4.2521924764610866e-06,0.017535477929959253,0.0,-0.35190679904427924,-1.3230045367936327,-1.1410943095527033,0.35190679904427924
386.0,0.0,0.0,0.12473527538826235,6.425539164184991,7.973259807173107,24.947055077652468,3.0,0.0,7.896906198589567,0.07,0.0,False,0.005073323697961059,0.12473527538826236,0.2536672635354959,0.04252192476461086,4.252192476461086e-06,4.2521924764610866e-06,0.024947479394567814,0.0,-0.2426826106509692,-1.547720642988116,-1.4713670344045768,0.2426826106509692
387.0,0.0,0.0,0.15511831189685601,6.599918141554505,8.05274883651318,31.023662379371203,3.0,0.0,7.9156010486385595,0.24,0.0,False,0.0048034917923914676,0.155118311896856,0.2401756108881564,0.04252192476461086,4.252192476461086e-06,4.2521924764610866e-06,0.03102419005146246,0.0,0.17437897736951413,-1.4528306949586751,-1.3156829070840548,0.17437897736951413
388.0,0.0,0.0,0.1409783031753023,6.731410308720471,7.911337747824693,28.19566063506046,3.0,0.0,7.9767552627994895,-0.09,0.0,False,0.004980726067607446,0.1409783031753023,0.24903736233066787,0.04252192476461086,4.252192476461086e-06,4.2521924764610866e-06,0.028196140206525288,0.0,0.13149216716596612,-1.1799274391042225,-1.2453449540790187,0.13149216716596612
389.0,0.0,0.0,0.12859944881311802,7.604122791518364,7.933198020337996,25.719889762623602,3.0,0.0,8.009731146651532,-0.05,0.0,False,0.005132409441831321,0.12859944881311802,0.2566215632912068,0.04252192476461086,4.252192476461086e-06,4.2521924764610866e-06,0.02572032722445038,0.0,0.8727124827978932,-0.32907522881963214,-0.4056083551331682,0.8727124827978932
390.0,0.0,0.0,0.040654116942693504,7.927323317583833,7.82196780898636,8.130823388538701,3.0,0.0,8.017432138332085,0.04,0.0,False,0.005181784125870937,0.040654116942693504,0.2590903079907206,0.04252192476461086,4.252192476461086e-06,4.2521924764610866e-06,0.008130961683254799,0.0,0.32320052606546934,0.10535550859747378,-0.09010882074825144,0.32320052606546934
391.0,0.0,0.0,0.006171144168912064,7.328271326649672,7.779846239396315,1.2342288337824128,3.0,0.0,8.01067260440181,0.09,0.0,False,0.005140010002250166,0.006645710388135149,0.25700159292810126,0.04252192476461086,4.252192476461086e-06,4.2521924764610866e-06,0.001234249826407392,0.0,-0.5990519909341616,-0.4515749127466435,-0.6824012777521382,0.5990519909341616
392.0,0.0,0.0,0.06354003486652395,7.554537449283664,7.797351173122635,12.708006973304789,3.0,0.0,7.989036071317594,0.01,0.0,False,0.005517522964572266,0.06354003486652395,0.2758773213070952,0.04252192476461086,4.252192476461086e-06,4.2521924764610866e-06,0.01270822311995225,0.0,0.2262661226339926,-0.24281372383897093,-0.43449862203392975,0.2262661226339926
393.0,0.0,0.0,0.04045596628831824,6.989851319535642,7.738245377241945,8.091193257663647,3.0,0.0,7.963685184537821,0.0,0.0,False,0.005512161020551844,0.04045596628831824,0.2756092229660732,0.04252192476461086,4.252192476461086e-06,4.2521924764610866e-06,0.008091330878322834,0.0,-0.5646861297480221,-0.7483940577063031,-0.9738338650021792,0.5646861297480221
394.0,0.0,0.0,0.09524238040439124,7.852632515210563,7.823327024448384,19.04847608087825,3.0,0.0,7.95910571349462,0.15,0.0,False,0.005185224687928399,0.09524238040439124,0.25926233682509026,0.04252192476461086,4.252192476461086e-06,4.2521924764610866e-06,0.01904880007064728,0.0,0.8627811956749207,0.029305490762179254,-0.10647319828405699,0.8627811956749207
395.0,0.0,0.0,0.005638747630943277,8.595917190786231,7.70299638597374,1.1277495261886554,3.0,0.0,7.942295373026224,0.13,0.0,False,0.0051958756364980435,0.006370649295744268,0.25979488651806665,0.04252192476461086,4.252192476461086e-06,4.2521924764610866e-06,0.0011277687077392933,0.0,0.7432846755756684,0.8929208048124915,0.6536218177600075,0.7432846755756684
396.0,0.0,0.0,-0.0749015008486845,7.946057046465826,7.739740310584157,-14.980300169736898,3.0,0.0,7.909021190372008,0.1,0.0,False,0.005297287055402264,0.0749015008486845,0.2648654790243213,0.04252192476461086,4.252192476461086e-06,4.2521924764610866e-06,-0.014980554965132155,0.0,-0.6498601443204057,0.20631673588166866,0.03703585609381754,0.6498601443204057
397.0,0.0,0.0,-0.011475259015484896,7.577133587573506,7.717698386991519,-2.295051803096979,3.0,0.0,7.846886257519468,-0.01,0.0,False,0.005238991401682964,0.011505399884287764,0.2619506839441393,0.04252192476461086,4.252192476461086e-06,4.2521924764610866e-06,-0.0022950908389390303,0.0,-0.36892345889231937,-0.14056479941801303,-0.26975266994596225,0.36892345889231937
398.0,0.0,0.0,0.027360843210726647,8.176622317090265,7.785601741723345,5.47216864214533,3.0,0.0,7.831302016560475,0.04,0.0,False,0.004886252398438697,0.027360843210726647,0.24431365878621913,0.04252192476461086,4.252192476461086e-06,4.2521924764610866e-06,0.0054722617166068745,0.0,0.599488729516759,0.3910205753669205,0.34532030052979046,0.599488729516759
399.0,0.0,0.0,-0.027387559458910887,7.9449058753579,7.789710009481003,-5.477511891782178,3.0,0.0,7.850747836859354,-0.15,0.0,False,0.005321735435446481,0.027387559458910884,0.26608790322449305,0.04252192476461086,4.252192476461086e-06,4.2521924764610866e-06,-0.00547760505712544,0.0,-0.23171644173236494,0.15519586587689727,0.09415803849854587,0.23171644173236494
