t,mean_abs_delta_real,mean_abs_delta_planning,mean_action,price,v_true,total_demand,mean_k,xs_k_std,mean_belief,mean_correctness,mean_salience,regime_post,xs_action_std,xs_action_mean_abs,xs_belief_std,xs_sigma_mean,xs_rho_mean,xs_rho_max,mean_myopic_term,mean_hedging_term,ret,mispricing_true,mispricing_belief,vol_proxy
0.0,0.0,0.0,-0.009729664909970898,1.1490304943474021,0.04232230553871037,-1.9459329819941795,1.0,0.0,0.0,-0.87,0.0,False,0.00931233254649834,0.011164352857602587,0.4656350416210518,0.39548192771084345,3.954819277108434e-05,3.954819277108435e-05,-0.0019462408023512064,0.0,0.0,1.1067081888086918,1.1490304943474021,0.0
1.0,0.0,0.0,-0.11681873642116863,1.653567161765098,0.0845717685507496,-23.363747284233728,1.0,0.0,-0.09731588863288185,0.09,0.0,False,0.008290612776189608,0.11681873642116863,0.41454099000932276,0.24970892072370304,2.4970892072370302e-05,2.4970892072370302e-05,-0.023366080880409115,0.0,0.5045366674176959,1.5689953932143483,1.7508830503979798,0.5045366674176959
2.0,0.0,0.0,-0.16325942387160886,2.243319267993362,0.21024887866811898,-32.65188477432177,1.0,0.0,-0.019302723267244432,0.18,0.0,False,0.007352797864110037,0.16325942387160886,0.3676467153419576,0.1855657283607953,1.8556572836079535e-05,1.8556572836079532e-05,-0.032654308357660554,0.0,0.5897521062282638,2.0330703893252426,2.2626219912606063,0.5897521062282638
3.0,0.0,0.0,-0.20939843369469868,2.753332326996264,0.2581637743567611,-41.87968673893974,1.0,0.0,0.020821446279497738,0.31,0.0,False,0.0065740112779908415,0.20939843369469868,0.3287055054039068,0.15033452654348473,1.5033452654348474e-05,1.503345265434847e-05,-0.04188220508623133,0.0,0.5100130590029024,2.495168552639503,2.7325108807167666,0.5100130590029024
4.0,0.0,0.0,-0.26175206658865324,3.1073851733522053,0.1346026209806645,-52.35041331773065,1.0,0.0,0.14917753197443412,-0.03,0.0,False,0.006201132212120531,0.26175206658865324,0.31006059825629345,0.12861039341098898,1.28610393410989e-05,1.2861039341098898e-05,-0.052353106405995484,0.0,0.35405284635594114,2.972782552371541,2.958207641377771,0.35405284635594114
5.0,0.0,0.0,-0.29110983221172015,2.8887569168256646,0.39783085593862466,-58.22196644234403,1.0,0.0,0.13564334092843425,0.16,0.0,False,0.005932498167164317,0.29110983221172015,0.2966282972232538,0.11424748706068398,1.1424748706068395e-05,1.1424748706068397e-05,-0.058224627097289795,0.0,-0.21862825652654072,2.49092606088704,2.7531135758972303,0.21862825652654072
6.0,0.0,0.0,-0.26141048313135234,2.2171439065200884,0.5278399342420143,-52.282096626270466,1.0,0.0,0.19612055840106127,0.36,0.0,False,0.005426187018402581,0.26141048313135234,0.271312180916824,0.10430885206491432,1.0430885206491433e-05,1.0430885206491434e-05,-0.05228427799770988,0.0,-0.6716130103055762,1.6893039722780743,2.021023348119027,0.6716130103055762
7.0,0.0,0.0,-0.1859139460389165,1.5378919028512241,0.5373218836017053,-37.1827892077833,1.0,0.0,0.2745157483750758,0.28,0.0,False,0.00524244216461562,0.1859139460389165,0.2621246563983428,0.09721299660661761,9.721299660661762e-06,9.721299660661762e-06,-0.03718423505387222,0.0,-0.6792520036688643,1.0005700192495188,1.2633761544761484,0.6792520036688643
8.0,0.0,0.0,-0.11677665467883827,1.2202619482014039,0.4981475055831929,-23.355330935767654,1.0,0.0,0.35791407987189716,0.16,0.0,False,0.005078879868464994,0.11677665467883827,0.253946330541446,0.09203282049648383,9.20328204964838e-06,9.203282049648383e-06,-0.02335619071064676,0.0,-0.31762995464982025,0.722114442618211,0.8623478683295067,0.31762995464982025
9.0,0.0,0.0,-0.0822730017193259,0.5798458553314093,0.5914429784031153,-16.45460034386518,1.0,0.0,0.3700716196383504,0.08,0.0,False,0.005022314318338616,0.0822730017193259,0.2511179304916999,0.08818941343401722,8.818941343401728e-06,8.818941343401726e-06,-0.016455180787367317,0.0,-0.6404160928699946,-0.011597123071706017,0.20977423569305892,0.6404160928699946
10.0,0.0,0.0,-0.012368359098072238,1.2221893846822796,0.7027356303603405,-2.473671819614448,1.0,0.0,0.3974956529693299,0.38,0.0,False,0.004962742455262257,0.012442269351096547,0.24813923945773098,0.08530342395407306,8.530342395407304e-06,8.530342395407304e-06,-0.00247375622396483,0.0,0.6423435293508702,0.5194537543219391,0.8246937317129497,0.6423435293508702
11.0,0.0,0.0,-0.06966338683431487,-0.09581344553231386,0.7827249794933656,-13.932677366862974,1.0,0.0,0.45615698903378815,0.37,0.0,False,0.004943466531029574,0.06966338683431487,0.24717538097674002,0.08311678650488098,8.311678650488098e-06,8.311678650488098e-06,-0.013933140578760956,0.0,-1.3180028302145934,-0.8785384250256795,-0.5519704345661021,1.3180028302145934
12.0,0.0,0.0,0.06690553226135279,-0.8268070728161876,0.764002665236011,13.381106452270558,1.0,0.0,0.5255265653548775,0.21,0.0,False,0.0047147626711286725,0.06690553226135279,0.2357400536133619,0.08144872021105272,8.144872021105273e-06,8.144872021105272e-06,0.013381542398318052,0.0,-0.7309936272838737,-1.5908097380521986,-1.3523336381710651,0.7309936272838737
13.0,0.0,0.0,0.1441230278150994,-1.2059378051872625,0.6993359032454315,28.82460556301988,1.0,0.0,0.5732691239311026,0.2,0.0,False,0.004539635936221931,0.1441230278150994,0.22698361651571958,0.0801696280765907,8.016962807659075e-06,8.016962807659074e-06,0.028825529898772476,0.0,-0.37913073237107486,-1.905273708432694,-1.7792069291183652,0.37913073237107486
14.0,0.0,0.0,0.1836869479432168,-1.4661951460643414,0.7656481511492143,36.73738958864336,1.0,0.0,0.6144809767824918,0.11,0.0,False,0.004373418715413884,0.1836869479432168,0.21867266731432022,0.07918490036140627,7.918490036140629e-06,7.918490036140629e-06,0.036738553198042964,0.0,-0.26025734087707897,-2.2318432972135556,-2.080676122846833,0.26025734087707897
15.0,0.0,0.0,0.21372930214281055,-1.941228895262232,0.6966991472696435,42.74586042856211,1.0,0.0,0.6310044004082578,0.08,0.0,False,0.0042097857169202425,0.21372930214281055,0.21049093659711438,0.07842447161267904,7.842447161267904e-06,7.842447161267904e-06,0.04274720134665315,0.0,-0.47503374919789065,-2.6379280425318754,-2.5722332956704896,0.47503374919789065
16.0,0.0,0.0,0.2671760013210973,-1.6392864706369592,0.8601430794106572,53.43520026421946,1.0,0.0,0.6711816834017084,0.29,0.0,False,0.004026227311920894,0.2671760013210973,0.20131293252044669,0.07783586373121831,7.78358637312183e-06,7.783586373121831e-06,0.05343686392125674,0.0,0.3019424246252729,-2.4994295500476165,-2.3104681540386673,0.3019424246252729
17.0,0.0,0.0,0.23988276914265924,-1.599168817497808,0.7949459701769352,47.97655382853185,1.0,0.0,0.7306350973228973,0.11,0.0,False,0.00391203678040949,0.23988276914265924,0.19560335257616615,0.07737942031791788,7.73794203179179e-06,7.737942031791787e-06,0.04797803877621102,0.0,0.040117653139151166,-2.3941147876747433,-2.3298039148207055,0.040117653139151166
18.0,0.0,0.0,0.23855777095214437,-2.616853788150384,0.9127896248461819,47.71155419042887,1.0,0.0,0.7596340307377345,0.14,0.0,False,0.0039809149392303535,0.23855777095214437,0.1990472801106645,0.07702496386752834,7.702496386752833e-06,7.702496386752835e-06,0.04771302417140136,0.0,-1.017684970652576,-3.529643412996566,-3.376487818888118,1.017684970652576
19.0,0.0,0.0,0.34164038785325895,-2.749712570702228,0.820839802826656,68.32807757065179,1.0,0.0,0.786500766542074,0.03,0.0,False,0.003851814657993343,0.34164038785325884,0.19259221102205862,0.07674940373398333,7.674940373398337e-06,7.674940373398335e-06,0.06833017521023727,0.0,-0.1328587825518439,-3.570552373528884,-3.536213337244302,0.1328587825518439
20.0,0.0,0.0,0.3588385128916542,-2.8372074212861573,0.8473217707486281,71.76770257833084,1.0,0.0,0.7996811938625022,0.01,0.0,False,0.0038446681523603434,0.35883851289165414,0.1922348788763192,0.07653499567330325,7.653499567330326e-06,7.653499567330328e-06,0.07176989965783802,0.0,-0.08749485058392947,-3.6845291920347853,-3.6368886151486595,0.08749485058392947
21.0,0.0,0.0,0.37139046740165327,-3.216158247103704,0.8267555990339631,74.27809348033065,1.0,0.0,0.8388098767344728,-0.05,0.0,False,0.003605201123177788,0.37139046740165327,0.18026143276992984,0.07636805789007794,7.636805789007794e-06,7.636805789007795e-06,0.07428036245250011,0.0,-0.37895082581754647,-4.042913846137667,-4.054968123838177,0.37895082581754647
22.0,0.0,0.0,0.40839787638778213,-3.8371030325778808,0.8504176192363508,81.67957527755642,1.0,0.0,0.8768390645739479,-0.1,0.0,False,0.003659989874146651,0.40839787638778213,0.18300088885911217,0.07623801307922962,7.623801307922961e-06,7.623801307922962e-06,0.08168206609397828,0.0,-0.620944785474177,-4.687520651814232,-4.713942097151829,0.620944785474177
23.0,0.0,0.0,0.47041920196673404,-4.309549907269781,0.7141160834272364,94.0838403933468,1.0,0.0,0.8679761939873266,-0.12,0.0,False,0.0037260975387329006,0.47041920196673404,0.18630629539988436,0.07613666709092755,7.613666709092755e-06,7.613666709092754e-06,0.09408670566354539,0.0,-0.47244687469189994,-5.023665990697017,-5.177526101257107,0.47244687469189994
24.0,0.0,0.0,0.5180367300234308,-4.741624203911754,0.6694492488385926,103.60734600468615,1.0,0.0,0.8672680678403221,-0.06,0.0,False,0.0038411824266594095,0.5180367300234308,0.19206058208973859,0.07605766172517958,7.605766172517959e-06,7.605766172517959e-06,0.10361049803370231,0.0,-0.4320742966419733,-5.411073452750347,-5.608892271752076,0.4320742966419733
25.0,0.0,0.0,0.5595900780603986,-4.373723381548905,0.6921182806831345,111.91801561207973,1.0,0.0,0.8710143962763874,0.1,0.0,False,0.003718127674772487,0.5595900780603986,0.1859077965538405,0.07599605714348504,7.599605714348504e-06,7.599605714348505e-06,0.11192141771738891,0.0,0.3679008223628486,-5.06584166223204,-5.244737777825293,0.3679008223628486
26.0,0.0,0.0,0.5197299903054414,-3.981075787576208,0.48340252698543945,103.94599806108828,1.0,0.0,0.8544892098899727,0.14,0.0,False,0.0039101737855690745,0.5197299903054414,0.19551017412807536,0.07594801167850262,7.594801167850264e-06,7.594801167850261e-06,0.10394915583385542,0.0,0.39264759397269744,-4.464478314561648,-4.8355649974661805,0.39264759397269744
27.0,0.0,0.0,0.4767186745356644,-3.755206781497013,0.4457410317533939,95.34373490713288,1.0,0.0,0.8237738838023709,0.26,0.0,False,0.0039083802582715295,0.4767186745356644,0.1954204963497662,0.07591053539720918,7.591053539720918e-06,7.59105353972092e-06,0.09534662992274205,0.0,0.2258690060791948,-4.200947813250407,-4.578980665299384,0.2258690060791948
28.0,0.0,0.0,0.4548628001465482,-3.0854151610792266,0.6451239649273944,90.97256002930963,1.0,0.0,0.7862918976295229,-0.02,0.0,False,0.0038586458490218736,0.4548628001465482,0.19293375644640728,0.07588129986214319,7.588129986214318e-06,7.588129986214319e-06,0.09097532125479976,0.0,0.6697916204177865,-3.730539126006621,-3.8717070587087496,0.6697916204177865
29.0,0.0,0.0,0.3873023385320407,-2.3632033705881743,0.597446142496241,77.46046770640814,1.0,0.0,0.7935937978711354,-0.01,0.0,False,0.0038823927693849777,0.3873023385320407,0.19412111103153235,0.07585849092897277,7.585849092897274e-06,7.5858490928972765e-06,0.07746281810225313,0.0,0.7222117904910523,-2.960649513084415,-3.1567971684593097,0.7222117904910523
30.0,0.0,0.0,0.3123197024977201,-2.3428560257413125,0.4537266474707937,62.46394049954402,1.0,0.0,0.7877551250958512,0.22,0.0,False,0.004143138761588035,0.31231970249772006,0.20715850917200998,0.0758406946332553,7.58406946332553e-06,7.5840694633255315e-06,0.0624658354086277,0.0,0.020347344846861848,-2.7965826732121064,-3.1306111508371637,0.020347344846861848
31.0,0.0,0.0,0.3117999222262885,-1.9176165989793619,0.6493388950142078,62.3599844452577,1.0,0.0,0.7601120871049519,-0.15,0.0,False,0.004246357831457905,0.3117999222262885,0.2123195015117079,0.07582680859941437,7.582680859941435e-06,7.582680859941435e-06,0.06236187585435766,0.0,0.4252394267619506,-2.5669554939935697,-2.677728686084314,0.4252394267619506
32.0,0.0,0.0,0.27003399762557173,-1.5981066048338757,0.6634589819317958,54.006799525114346,1.0,0.0,0.7752614104866917,-0.03,0.0,False,0.004317314492290167,0.27003399762557173,0.21586736122150724,0.07581597318505708,7.58159731850571e-06,7.581597318505709e-06,0.05400843734392289,0.0,0.3195099941454862,-2.2615655867656717,-2.373368015320567,0.3195099941454862
33.0,0.0,0.0,0.23789167266274153,-1.3290926094478348,0.6478640909947243,47.578334532548304,1.0,0.0,0.78282574172797,0.05,0.0,False,0.004088856481969711,0.23789167266274153,0.2044443739287906,0.07580751791624726,7.580751791624726e-06,7.580751791624725e-06,0.04757977723979048,0.0,0.26901399538604087,-1.976956700442559,-2.111918351175805,0.26901399538604087
34.0,0.0,0.0,0.20846131988370473,-1.6372613221258474,0.6036092377884007,41.692263976740946,1.0,0.0,0.7809002916797264,0.18,0.0,False,0.0042186370970616225,0.20846131988370473,0.2109334537359421,0.07580091978879354,7.580091978879353e-06,7.580091978879353e-06,0.041693528091941844,0.0,-0.3081687126780126,-2.240870559914248,-2.418161613805574,0.3081687126780126
35.0,0.0,0.0,0.2412307088961035,-0.6609353826235849,0.5210121799039915,48.2461417792207,1.0,0.0,0.7555995971881505,-0.09,0.0,False,0.004275406091893969,0.2412307088961035,0.2137719248831993,0.07579577078909383,7.579577078909383e-06,7.579577078909382e-06,0.0482476045095353,0.0,0.9763259395022625,-1.1819475625275764,-1.4165349798117353,0.9763259395022625
36.0,0.0,0.0,0.1432496218477311,-1.8223198195948873,0.5844580491753087,28.64992436954622,1.0,0.0,0.7751371881727799,0.07,0.0,False,0.004002959478663368,0.1432496218477311,0.20014949088974046,0.0757917525852373,7.579175258523732e-06,7.579175258523731e-06,0.028650792934154967,0.0,-1.1613844369713024,-2.406777868770196,-2.5974570077676673,1.1613844369713024
37.0,0.0,0.0,0.25834380745209556,-2.4439357386289284,0.5033520741569634,51.668761490419115,1.0,0.0,0.7716151215532103,0.19,0.0,False,0.003948688699151619,0.25834380745209556,0.19743593128585432,0.07578861679880576,7.578861679880579e-06,7.578861679880576e-06,0.05167032784013397,0.0,-0.6216159190340411,-2.9472878127858917,-3.2155508601821388,0.6216159190340411
38.0,0.0,0.0,0.31982769368277,-2.431655077846302,0.5426542088878303,63.965538736553995,1.0,0.0,0.7612161525251939,-0.05,0.0,False,0.00388900287316769,0.31982769368277,0.19445161732154154,0.07578616962277836,7.578616962277834e-06,7.5786169622778345e-06,0.06396747780312605,0.0,0.012280660782626462,-2.9743092867341323,-3.192871230371496,0.012280660782626462
39.0,0.0,0.0,0.3170456523311808,-2.9294667398119976,0.5508361176064642,63.409130466236164,1.0,0.0,0.75446239077799,0.07,0.0,False,0.003905702718427492,0.3170456523311808,0.19528661587532264,0.07578425982564119,7.5784259825641195e-06,7.5784259825641195e-06,0.0634110526172767,0.0,-0.4978116619656956,-3.4803028574184616,-3.6839291305899877,0.4978116619656956
40.0,0.0,0.0,0.36813621773956917,-2.625245438906773,0.5757343724946269,73.62724354791384,1.0,0.0,0.7389215808159695,-0.06,0.0,False,0.003997945054708264,0.36813621773956917,0.1998987676121539,0.07578276939476822,7.578276939476819e-06,7.5782769394768205e-06,0.07362947540156782,0.0,0.30422130090522437,-3.2009798114014,-3.3641670197227427,0.30422130090522437
41.0,0.0,0.0,0.33910307894261393,-2.420250371085074,0.6240661485803995,67.82061578852279,1.0,0.0,0.7520349294941688,-0.01,0.0,False,0.0038549734815539133,0.33910307894261393,0.19275013475810776,0.07578160623748331,7.5781606237483355e-06,7.578160623748335e-06,0.06782267159502373,0.0,0.20499506782169918,-3.0443165196654736,-3.172285300579243,0.20499506782169918
42.0,0.0,0.0,0.31839684898350673,-2.3448966741474617,0.6700667410755224,63.67936979670135,1.0,0.0,0.7659138393993769,0.05,0.0,False,0.003797318519713591,0.31839684898350673,0.18986736480292854,0.07578069848672941,7.578069848672939e-06,7.578069848672941e-06,0.06368130004892271,0.0,0.07535369693761229,-3.0149634152229843,-3.1108105135468387,0.07535369693761229
43.0,0.0,0.0,0.31359994676825104,-1.4373630014582153,0.7236663952678946,62.719989353650206,1.0,0.0,0.7638387604280529,-0.01,0.0,False,0.003910198324646091,0.31359994676825104,0.1955113978062554,0.07577999005824664,7.5779990058246634e-06,7.577999005824663e-06,0.06272189050731113,0.0,0.9075336726892465,-2.16102939672611,-2.201201761886268,0.9075336726892465
44.0,0.0,0.0,0.22441223340994476,-1.2170320425088588,0.8267392699110274,44.88244668198895,1.0,0.0,0.7912216165392902,-0.03,0.0,False,0.004001079245775594,0.22441223340994476,0.20005547828644643,0.07577943718399627,7.577943718399631e-06,7.577943718399629e-06,0.04488380713829906,0.0,0.2203309589493565,-2.043771312419886,-2.0082536590481492,0.2203309589493565
45.0,0.0,0.0,0.2036829829140467,-1.332862884802576,0.8281013102820421,40.73659658280934,1.0,0.0,0.8068443618049553,0.04,0.0,False,0.003926944432360488,0.2036829829140467,0.19634870951774708,0.07577900570718792,7.5779005707187905e-06,7.577900570718793e-06,0.040737831364966254,0.0,-0.11583084229371732,-2.160964195084618,-2.1397072466075313,0.11583084229371732
46.0,0.0,0.0,0.2191945474588486,-1.2300113901183913,1.0874482232478573,43.83890949176972,1.0,0.0,0.8198749611012315,0.22,0.0,False,0.004129200528064702,0.21919454745884856,0.20646159092983465,0.07577866897151055,7.577866897151055e-06,7.577866897151055e-06,0.04384023830338433,0.0,0.10285149468418475,-2.317459613366249,-2.049886351219623,0.10285149468418475
47.0,0.0,0.0,0.2144328584760343,-1.319963869857663,1.2163846869456856,42.88657169520686,1.0,0.0,0.8591656411411703,0.37,0.0,False,0.003907195854642947,0.2144328584760343,0.19536127313751972,0.07577840617399134,7.577840617399135e-06,7.577840617399136e-06,0.042887871635775815,0.0,-0.08995247973927167,-2.5363485568033486,-2.179129510998833,0.08995247973927167
48.0,0.0,0.0,0.22831488054869756,-0.988097362106841,1.1553188014818558,45.66297610973951,1.0,0.0,0.9143984415431832,0.3,0.0,False,0.003894423192721766,0.22831488054869753,0.19472263519800723,0.07577820107961909,7.5778201079619125e-06,7.577820107961911e-06,0.04566436020252527,0.0,0.33186650775082205,-2.1434161635886966,-1.9024958036500241,0.33186650775082205
49.0,0.0,0.0,0.1998022778510114,-0.7523549714142093,1.1562425117468627,39.96045557020228,1.0,0.0,0.9632714420839483,0.19,0.0,False,0.003921005170394463,0.1998022778510114,0.19605174415017632,0.07577804101825933,7.577804101825934e-06,7.577804101825932e-06,0.03996166681104023,0.0,0.2357423906926317,-1.908597483161072,-1.7156264134981576,0.2357423906926317
50.0,0.0,0.0,0.17666913944544688,-0.4652812597630547,1.0359410590887859,35.33382788908938,1.0,0.0,1.0100011195293042,-0.08,0.0,False,0.004001644433385743,0.17666913944544688,0.20008373785066788,0.07577791610185457,7.577791610185456e-06,7.577791610185456e-06,0.03533489889051167,0.0,0.2870737116511546,-1.5012223188518405,-1.4752823792923588,0.2870737116511546
51.0,0.0,0.0,0.15300859926630225,-0.3329033517764588,0.968507980383656,30.60171985326045,1.0,0.0,1.014403361136392,-0.18,0.0,False,0.0038462323058339157,0.15300859926630225,0.19231307258716587,0.07577781861352735,7.577781861352734e-06,7.577781861352734e-06,0.03060264741886208,0.0,0.13237790798659588,-1.3014113321601148,-1.3473067129128509,0.13237790798659588
52.0,0.0,0.0,0.14136250486506993,0.12825291840710024,1.0145614060545762,28.272500973013987,1.0,0.0,1.0648627061893756,-0.01,0.0,False,0.003890550119260196,0.1413625048650699,0.19452898004853597,0.07577774253083158,7.577774253083158e-06,7.5777742530831585e-06,0.028273357937039872,0.0,0.46115627018355904,-0.886308487647476,-0.9366097877822754,0.46115627018355904
53.0,0.0,0.0,0.09547311347266284,0.755477025870956,0.9223800831818347,19.094622694532568,1.0,0.0,1.0807752575317258,0.0,0.0,False,0.003783172943513576,0.09547311347266284,0.1891600805760819,0.07577768315369257,7.5777683153692564e-06,7.5777683153692564e-06,0.01909520146865413,0.0,0.6272241074638558,-0.16690305731087873,-0.32529823166076977,0.6272241074638558
54.0,0.0,0.0,0.03306906505721678,1.1940605568712772,1.053906031085925,6.613813011443356,1.0,0.0,1.0830202267904399,0.03,0.0,False,0.003841147161138089,0.033069065057216775,0.1920588134221771,0.07577763681404524,7.5777636814045205e-06,7.577763681404523e-06,0.0066140134815723785,0.0,0.4385835310003212,0.14015452578535226,0.11104033008083736,0.4385835310003212
55.0,0.0,0.0,-0.00824424545774152,1.1711373417354014,1.1184744980164694,-1.648849091548304,1.0,0.0,1.0861802059211323,0.12,0.0,False,0.003658511970556946,0.008253257872782936,0.1829269846941427,0.07577760064923067,7.577760064923067e-06,7.577760064923067e-06,-0.0016488990695007787,0.0,-0.022923215135875807,0.05266284371893204,0.08495713581426911,0.022923215135875807
56.0,0.0,0.0,-0.0055038403825410235,1.7321250915951159,1.0140405504302175,-1.1007680765082046,1.0,0.0,1.1116149786481622,-0.04,0.0,False,0.0037244967235490057,0.005734059137883813,0.18622624734405135,0.0757775724251497,7.577757242514966e-06,7.577757242514968e-06,-0.0011008014416684282,0.0,0.5609877498597144,0.7180845411648984,0.6205101129469537,0.5609877498597144
57.0,0.0,0.0,-0.0580033169725159,1.5216367629586007,1.1336359744217852,-11.60066339450318,1.0,0.0,1.1160968525716752,0.04,0.0,False,0.0038002293119665325,0.0580033169725159,0.19001290545866767,0.07577755039824796,7.577755039824795e-06,7.577755039824794e-06,-0.011601015019780662,0.0,-0.21048832863651512,0.3880007885368155,0.4055399103869255,0.21048832863651512
58.0,0.0,0.0,-0.03606743954045399,1.6238598122471057,1.2130956623077536,-7.213487908090797,1.0,0.0,1.152069945123581,-0.07,0.0,False,0.003950550775545084,0.03606743954045398,0.19752903559221707,0.07577753320780568,7.577753320780569e-06,7.57775332078057e-06,-0.007213706554561741,0.0,0.10222304928850501,0.4107641499393522,0.4717898671235248,0.10222304928850501
59.0,0.0,0.0,-0.04202877068039958,2.1120579230486354,1.1700460120233187,-8.405754136079915,1.0,0.0,1.1609487020460738,-0.12,0.0,False,0.0039825202280624646,0.04202877068039958,0.1991275203306503,0.07577751979187808,7.577751979187806e-06,7.577751979187805e-06,-0.008406008921029384,0.0,0.48819811080152964,0.9420119110253167,0.9511092210025616,0.48819811080152964
60.0,0.0,0.0,-0.0921129315199142,2.733685935100758,1.1983780690459391,-18.42258630398284,1.0,0.0,1.2035561812630997,0.06,0.0,False,0.003984178876283447,0.0921129315199142,0.19921045336993207,0.07577750932169237,7.577750932169239e-06,7.577750932169238e-06,-0.01842314470683354,0.0,0.6216280120521227,1.535307866054819,1.5301297538376584,0.6216280120521227
61.0,0.0,0.0,-0.15332936530527125,2.39952492001553,1.1147619516401575,-30.66587306105425,1.0,0.0,1.1908937074068597,0.0,0.0,False,0.003970724432572841,0.15332936530527125,0.1985377260865183,0.07577750115045034,7.577750115045038e-06,7.577750115045036e-06,-0.030666802567303128,0.0,-0.3341610150852281,1.2847629683753725,1.2086312126086702,0.3341610150852281
62.0,0.0,0.0,-0.12097610814008465,2.5590282375892173,1.092252819681795,-24.19522162801693,1.0,0.0,1.2003341874672675,0.07,0.0,False,0.0039220593032152865,0.12097610814008465,0.19610445117990613,0.0757774947733717,7.577749477337168e-06,7.577749477337169e-06,-0.024195955003771762,0.0,0.1595033175736873,1.4667754179074222,1.3586940501219498,0.1595033175736873
63.0,0.0,0.0,-0.13611158264540568,1.9388347739691656,1.127259563652835,-27.222316529081134,1.0,0.0,1.1897180022826728,-0.01,0.0,False,0.004007247906495651,0.13611158264540568,0.20036391362071923,0.075777489796511,7.577748979651099e-06,7.5777489796511e-06,-0.027223141658353715,0.0,-0.6201934636200517,0.8115752103163305,0.7491167716864928,0.6201934636200517
64.0,0.0,0.0,-0.0726152190657866,2.3553962298114186,1.174719018330744,-14.523043813157319,1.0,0.0,1.1978608401648352,0.02,0.0,False,0.0038326899410668545,0.0726152190657866,0.19163594921138283,0.07577748591242173,7.577748591242176e-06,7.577748591242176e-06,-0.01452348401772074,0.0,0.416561455842253,1.1806772114806745,1.1575353896465834,0.416561455842253
65.0,0.0,0.0,-0.11193108589532134,2.1445350281244195,1.2395549771970602,-22.386217179064268,1.0,0.0,1.212655070317601,-0.14,0.0,False,0.0038162083341640165,0.11193108589532134,0.1908118626215094,0.07577748288116361,7.577748288116364e-06,7.577748288116362e-06,-0.022386895722398062,0.0,-0.21086120168699907,0.9049800509273593,0.9318799578068186,0.21086120168699907
66.0,0.0,0.0,-0.09275636145965063,1.4669761856538264,1.1581147707273147,-18.551272291930125,1.0,0.0,1.2360429615784787,-0.01,0.0,False,0.003993672296070348,0.09275636145965063,0.1996851279556404,0.07577748051548007,7.577748051548008e-06,7.5777480515480085e-06,-0.018551834595138983,0.0,-0.6775588424705932,0.30886141492651165,0.23093322407534767,0.6775588424705932
67.0,0.0,0.0,-0.020451070826994572,1.318997130844855,1.2971692764750502,-4.090214165398915,1.0,0.0,1.2169362693110477,0.21,0.0,False,0.0038018411280036782,0.02045107082699458,0.19009349686985882,0.07577747866923067,7.577747866923064e-06,7.577747866923065e-06,-0.004090338142906113,0.0,-0.14797905480897144,0.021827854369804722,0.10206086153380722,0.14797905480897144
68.0,0.0,0.0,-0.0010005163554097224,1.2014542938002022,1.27661259260296,-0.20010327108194448,1.0,0.0,1.262457728730964,-0.07,0.0,False,0.0039054178024675507,0.003216904906022623,0.19527236983692048,0.07577747722836292,7.5777477228362955e-06,7.5777477228362955e-06,-0.0002001093363644104,0.0,-0.11754283704465274,-0.0751582988027577,-0.06100343493076177,0.11754283704465274
69.0,0.0,0.0,0.014238888808695558,1.0721985965466527,1.2338057231741284,2.8477777617391116,1.0,0.0,1.308991588207731,-0.08,0.0,False,0.003832040297472519,0.014238888808695558,0.19160346678533627,0.07577747610386716,7.577747610386715e-06,7.5777476103867154e-06,0.0028478640800495263,0.0,-0.12925569725354946,-0.16160712662747567,-0.23679299166107826,0.12925569725354946
70.0,0.0,0.0,0.027669564605804366,0.09846903966440823,1.185464371161141,5.533912921160873,1.0,0.0,1.34384857682244,0.02,0.0,False,0.003760621505499211,0.027669564605804366,0.18803250012697537,0.07577747522627731,7.577747522627736e-06,7.577747522627733e-06,0.005534080658269515,0.0,-0.9737295568822445,-1.0869953314967327,-1.2453795371580316,0.9737295568822445
71.0,0.0,0.0,0.1291830195640299,0.8426848328897998,1.49145666879813,25.83660391280598,1.0,0.0,1.3489047262534282,0.23,0.0,False,0.0036731294167124135,0.12918301956402992,0.183657862537975,0.07577747454138026,7.577747454138024e-06,7.577747454138025e-06,0.025837387039909752,0.0,0.7442157932253916,-0.6487718359083303,-0.5062198933636284,0.7442157932253916
72.0,0.0,0.0,0.05967132568484491,0.8976827349699048,1.4325976896956467,11.934265136968982,1.0,0.0,1.390348181119589,0.04,0.0,False,0.003621333164909651,0.05967132568484491,0.18106803032288138,0.0757774740068663,7.577747400686627e-06,7.577747400686627e-06,0.011934626873614311,0.0,0.05499790208010502,-0.5349149547257419,-0.4926654461496842,0.05499790208010502
73.0,0.0,0.0,0.05751714501961744,1.5910823375408871,1.5206319852400003,11.503429003923488,1.0,0.0,1.4394206984499038,0.08,0.0,False,0.0037752192143866914,0.057517145019617445,0.18876239110220613,0.07577747358971576,7.577747358971578e-06,7.577747358971577e-06,0.011503777681596305,0.0,0.6933996025709823,0.07045035230088681,0.1516616390909833,0.6933996025709823
74.0,0.0,0.0,-0.009714733241947597,0.9529985766468153,1.6411561486105086,-1.9429466483895195,1.0,0.0,1.4728759776857674,0.09,0.0,False,0.003913508111667764,0.009714733241947597,0.19567688836216976,0.07577747326415916,7.577747326415918e-06,7.5777473264159154e-06,-0.0019430055405783308,0.0,-0.6380837608940718,-0.6881575719636933,-0.5198774010389521,0.6380837608940718
75.0,0.0,0.0,0.05962514474951264,1.6462836987950706,1.815500786887484,11.925028949902527,1.0,0.0,1.4939313243317185,0.4,0.0,False,0.00398831362057658,0.05962514474951264,0.19941719215046771,0.07577747301008513,7.577747301008512e-06,7.577747301008514e-06,0.011925390406587254,0.0,0.6932851221482553,-0.16921708809241331,0.15235237446335215,0.6932851221482553
76.0,0.0,0.0,-0.004974571283453001,1.5496633484304472,1.8201934501416168,-0.9949142566906003,1.0,0.0,1.5492726153559264,0.28,0.0,False,0.0039762995456110485,0.005275348194271825,0.19881648385020598,0.07577747281179825,7.577747281179824e-06,7.577747281179825e-06,-0.0009949444132972955,0.0,-0.09662035036462346,-0.27053010171116965,0.0003907330745207549,0.09662035036462346
77.0,0.0,0.0,0.00734547163701493,2.1181267891814386,1.7946294100712181,1.469094327402986,1.0,0.0,1.5965361011583397,0.12,0.0,False,0.004003477698451446,0.007462676992450418,0.20017540178968143,0.07577747265704927,7.577747265704929e-06,7.577747265704929e-06,0.001469138856767643,0.0,0.5684634407509914,0.3234973791102205,0.5215906880230989,0.5684634407509914
78.0,0.0,0.0,-0.049049711642355304,2.4089393424033334,1.66329454122951,-9.809942328471061,1.0,0.0,1.623120847906977,0.0,0.0,False,0.004094443011578136,0.049049711642355304,0.2047237019116211,0.07577747253627864,7.577747253627861e-06,7.577747253627862e-06,-0.009810239675271998,0.0,0.2908125532218948,0.7456448011738235,0.7858184944963564,0.2908125532218948
79.0,0.0,0.0,-0.07859224946374027,2.6454319785348033,1.4499520579898424,-15.718449892748055,1.0,0.0,1.627611088442001,0.01,0.0,False,0.004063501650998378,0.07859224946374027,0.20317662215934082,0.07577747244202561,7.577747244202561e-06,7.577747244202561e-06,-0.01571892633089915,0.0,0.23649263613146987,1.1954799205449609,1.0178208900928023,0.23649263613146987
80.0,0.0,0.0,-0.09990736974796946,3.1093666772488517,1.670964634614872,-19.98147394959389,1.0,0.0,1.6229870701558418,-0.06,0.0,False,0.00431145535642688,0.09990736974796947,0.21557440137728967,0.07577747236846775,7.577747236846778e-06,7.577747236846776e-06,-0.01998207960324043,0.0,0.46393469871404847,1.4384020426339796,1.48637960709301,0.46393469871404847
81.0,0.0,0.0,-0.14485296448977,3.105766274486588,1.7321717562717986,-28.970592897954003,1.0,0.0,1.646320427415357,0.09,0.0,False,0.004130942235899411,0.14485296448977,0.206548676956775,0.07577747231106102,7.577747231106104e-06,7.577747231106103e-06,-0.028971471018620278,0.0,-0.003600402762263588,1.3735945182147895,1.4594458470712313,0.003600402762263588
82.0,0.0,0.0,-0.1429551507752831,3.1401940819821523,1.7680865983954386,-28.591030155056618,1.0,0.0,1.6607821493936237,0.17,0.0,False,0.003961560187936033,0.1429551507752831,0.19807951038188806,0.07577747226625915,7.577747226625914e-06,7.5777472266259145e-06,-0.028591896770887474,0.0,0.03442780749556418,1.3721074835867137,1.4794119325885287,0.03442780749556418
83.0,0.0,0.0,-0.1434273578223585,3.272003867879046,1.7888004012628522,-28.685471564471698,1.0,0.0,1.6761606028338916,0.1,0.0,False,0.004220446244247149,0.1434273578223585,0.21102391128609777,0.07577747223129438,7.57774722312944e-06,7.577747223129441e-06,-0.028686341042892957,0.0,0.13180978589689385,1.483203466616194,1.5958432650451546,0.13180978589689385
84.0,0.0,0.0,-0.15381426857927596,3.3650339064722012,1.818186669063826,-30.762853715855194,1.0,0.0,1.7058661609454457,0.03,0.0,False,0.004128707504943029,0.15381426857927596,0.20643693956224243,0.07577747220400688,7.5777472204006916e-06,7.577747220400691e-06,-0.030763786161306293,0.0,0.09303003859315506,1.5468472374083753,1.6591677455267555,0.09303003859315506
85.0,0.0,0.0,-0.15828887263575686,4.039364710474767,1.844571732069494,-31.65777452715137,1.0,0.0,1.7338029038039782,0.03,0.0,False,0.004419343129012113,0.15828887263575686,0.22096883088386074,0.07577747218271093,7.577747218271092e-06,7.577747218271093e-06,-0.03165873409833142,0.0,0.6743308040025657,2.194792978405273,2.305561806670789,0.6743308040025657
86.0,0.0,0.0,-0.22304132097949053,4.101974793633988,1.9583154860606424,-44.60826419589811,1.0,0.0,1.7820852064614179,0.14,0.0,False,0.004130015497036216,0.22304132097949053,0.20650233966248258,0.07577747216609089,7.577747216609089e-06,7.577747216609091e-06,-0.04460961630625154,0.0,0.06261008315922112,2.143659307573346,2.31988958717257,0.06261008315922112
87.0,0.0,0.0,-0.22573546856939025,4.3554524151646,1.9019930217327121,-45.14709371387805,1.0,0.0,1.8088669931424002,0.08,0.0,False,0.004238968342150187,0.22573546856939025,0.21195002319903689,0.07577747215312015,7.577747215312016e-06,7.577747215312016e-06,-0.04514846215656299,0.0,0.25347762153061204,2.453459393431888,2.5465854220221997,0.25347762153061204
88.0,0.0,0.0,-0.24935716915197964,4.307089244787297,1.8112787675906419,-49.87143383039593,1.0,0.0,1.8445345796241697,0.16,0.0,False,0.0040259959053302735,0.24935716915197964,0.2013013206654765,0.07577747214299738,7.5777472142997385e-06,7.577747214299739e-06,-0.049872945471416255,0.0,-0.04836317037730353,2.4958104771966547,2.462554665163127,0.04836317037730353
89.0,0.0,0.0,-0.2435847290604911,4.8246113211816315,1.7005147567452419,-48.716945812098224,1.0,0.0,1.8617862453651068,-0.18,0.0,False,0.004140086251940775,0.24358472906049117,0.2070058812233917,0.07577747213509727,7.57774721350973e-06,7.577747213509728e-06,-0.04871842245971005,0.0,0.5175220763943349,3.12409656443639,2.9628250758165247,0.5175220763943349
90.0,0.0,0.0,-0.29515594663455474,4.900591883273995,1.7380308122510633,-59.03118932691095,1.0,0.0,1.8711496630072921,0.0,0.0,False,0.003977748453235895,0.29515594663455474,0.1988889297804074,0.07577747212893182,7.5777472128931844e-06,7.577747212893183e-06,-0.05903297860707377,0.0,0.07598056209236326,3.1625610710229317,3.0294422202667026,0.07598056209236326
91.0,0.0,0.0,-0.3045298859526517,4.794545217845571,1.7486993727078433,-60.905977190530336,1.0,0.0,1.8729400239784877,0.04,0.0,False,0.004088100934676303,0.3045298859526517,0.2044065956635883,0.07577747212412012,7.57774721241201e-06,7.577747212412012e-06,-0.060907823296936475,0.0,-0.10604666542842356,3.0458458451377277,2.9216051938670837,0.10604666542842356
92.0,0.0,0.0,-0.29621704062691717,5.061998162860071,1.7189316955487437,-59.24340812538344,1.0,0.0,1.855177641222761,0.16,0.0,False,0.0038721913362247083,0.29621704062691717,0.19361103393559062,0.0757774721203649,7.577747212036492e-06,7.577747212036491e-06,-0.059245203838058924,0.0,0.2674529450145,3.3430664673113277,3.2068205216373102,0.2674529450145
93.0,0.0,0.0,-0.3216458667760714,5.112400280385164,1.7993444806758385,-64.32917335521428,1.0,0.0,1.8322625786837152,-0.06,0.0,False,0.003856276056249061,0.3216458667760713,0.1928152639067097,0.07577747211743423,7.57774721174342e-06,7.577747211743423e-06,-0.06433112322129475,0.0,0.05040211752509283,3.3130557997093257,3.280137701701449,0.05040211752509283
94.0,0.0,0.0,-0.3266168832742347,4.580941612095649,1.703418333789953,-65.32337665484694,1.0,0.0,1.8454176275458531,0.0,0.0,False,0.0038740028533830575,0.3266168832742347,0.1937016104798688,0.07577747211514707,7.577747211514706e-06,7.577747211514704e-06,-0.06532535665598414,0.0,-0.531458668289515,2.877523278305696,2.735523984549796,0.531458668289515
95.0,0.0,0.0,-0.27112414704082527,3.3720036660200527,1.7034029944319244,-54.22482940816505,1.0,0.0,1.8461076966339944,0.04,0.0,False,0.0037170972820316974,0.27112414704082527,0.18585627246276304,0.07577747211336205,7.577747211336206e-06,7.577747211336206e-06,-0.05422647300390961,0.0,-1.2089379460755962,1.6686006715881283,1.5258959693860583,1.2089379460755962
96.0,0.0,0.0,-0.15461372136452536,2.6781286548330008,1.5452941293936273,-30.922744272905074,1.0,0.0,1.8695974161749394,0.31,0.0,False,0.0037177458404049966,0.1546137213645254,0.18588870062715848,0.07577747211196902,7.5777472111969e-06,7.5777472111969e-06,-0.03092368156475923,0.0,-0.693875011187052,1.1328345254393735,0.8085312386580614,0.693875011187052
97.0,0.0,0.0,-0.08546729584819289,2.6378031698518645,1.5563269453863644,-17.093459169638578,1.0,0.0,1.8258078711900043,-0.02,0.0,False,0.0038612784480970574,0.08546729584819289,0.1930653853944524,0.07577747211088182,7.577747211088183e-06,7.5777472110881835e-06,-0.017093977285362626,0.0,-0.040325484981136306,1.0814762244655,0.8119952986618602,0.040325484981136306
98.0,0.0,0.0,-0.08087772597489482,2.707399665773212,1.5978078151664472,-16.175545194978962,1.0,0.0,1.8234233138729345,-0.02,0.0,False,0.003881706570781925,0.08087772597489479,0.19408679926865327,0.07577747211003336,7.5777472110033345e-06,7.5777472110033345e-06,-0.016176035488033598,0.0,0.06959649592134731,1.1095918506067646,0.8839763519002772,0.06959649592134731
99.0,0.0,0.0,-0.08950380454063964,1.9266473963805653,1.5325645765373694,-17.90076090812793,1.0,0.0,1.8289952665547944,0.15,0.0,False,0.003943179597169885,0.08950380454063964,0.197160473879404,0.07577747210937115,7.577747210937115e-06,7.577747210937117e-06,-0.01790130349378052,0.0,-0.7807522693926465,0.3940828198431958,0.09765212982577087,0.7807522693926465
100.0,0.0,0.0,-0.012521798957030256,1.3856544749284614,1.5902770460619198,-2.5043597914060514,1.0,0.0,1.8123277085065548,0.04,0.0,False,0.0038197309278659216,0.01252179895703026,0.19098799364106528,0.0757774721088544,7.577747210885437e-06,7.5777472108854385e-06,-0.002504435700452528,0.0,-0.5409929214521039,-0.2046225711334584,-0.4266732335780934,0.5409929214521039
101.0,0.0,0.0,0.04094420914474606,1.9172423073731748,1.550595503019477,8.188841828949212,1.0,0.0,1.8014246624589065,0.04,0.0,False,0.003468067112251288,0.04094420914474606,0.17340466961935877,0.0757774721084511,7.577747210845108e-06,7.577747210845109e-06,0.008189090038961651,0.0,0.5315878324447134,0.3666468043536979,0.11581764491426827,0.5315878324447134
102.0,0.0,0.0,-0.014144070998858515,1.2323949024895646,1.423670795754953,-2.828814199771703,1.0,0.0,1.7951120796192541,0.12,0.0,False,0.0038163021696679166,0.014144070998858515,0.1908165544320519,0.07577747210813633,7.577747210813634e-06,7.577747210813632e-06,-0.0028288999432776085,0.0,-0.6848474048836102,-0.1912758932653884,-0.5627171771296895,0.6848474048836102
103.0,0.0,0.0,0.05150974960007919,2.3478736207805984,1.4134416699591568,10.301949920015838,1.0,0.0,1.7757962383748618,0.23,0.0,False,0.003922026237116995,0.05150974960007918,0.1961027978620187,0.07577747210789067,7.577747210789067e-06,7.577747210789068e-06,0.010302262179938697,0.0,1.1154787182910337,0.9344319508214416,0.5720773824057366,1.1154787182910337
104.0,0.0,0.0,-0.06437048214144735,2.6744345440562163,1.3712353238338026,-12.87409642828947,1.0,0.0,1.7475119148834244,0.31,0.0,False,0.00382053752874303,0.06437048214144735,0.1910283239905316,0.07577747210769896,7.577747210769899e-06,7.577747210769897e-06,-0.012874486651925653,0.0,0.3265609232756179,1.3031992202224136,0.9269226291727919,0.3265609232756179
105.0,0.0,0.0,-0.0982677617698307,2.542262676034634,1.4686223394443347,-19.653552353966138,1.0,0.0,1.7041444102040497,0.13,0.0,False,0.004040558266373275,0.0982677617698307,0.20202944423512037,0.07577747210754936,7.577747210754937e-06,7.577747210754936e-06,-0.019654148068058094,0.0,-0.1321718680215822,1.0736403365902993,0.8381182658305844,0.1321718680215822
106.0,0.0,0.0,-0.08490354249663769,3.1879323726643674,1.4403773277120129,-16.980708499327537,1.0,0.0,1.6917196939450263,-0.05,0.0,False,0.0041412451271610985,0.08490354249663769,0.20706382542349047,0.07577747210743258,7.577747210743258e-06,7.577747210743259e-06,-0.016981223197493154,0.0,0.6456696966297333,1.7475550449523545,1.496212678719341,0.6456696966297333
107.0,0.0,0.0,-0.14766525696069363,2.9799713035213777,1.582941674632801,-29.533051392138724,1.0,0.0,1.6931950821891402,-0.13,0.0,False,0.004245321681954661,0.14766525696069363,0.21226769259645983,0.07577747210734144,7.577747210734148e-06,7.577747210734146e-06,-0.029533946561346607,0.0,-0.20796106914298962,1.3970296288885766,1.2867762213322376,0.20796106914298962
108.0,0.0,0.0,-0.12586393550005948,3.7251197593241394,1.648825717328882,-25.172787100011895,1.0,0.0,1.7112238545579779,-0.03,0.0,False,0.00423477473241244,0.12586393550005948,0.2117403411232429,0.07577747210727036,7.577747210727035e-06,7.577747210727035e-06,-0.025173550106298962,0.0,0.7451484558027617,2.0762940419952574,2.0138959047661613,0.7451484558027617
109.0,0.0,0.0,-0.19895842985399517,2.7722011328781817,1.6469258631927812,-39.79168597079904,1.0,0.0,1.7212842602664742,-0.09,0.0,False,0.0042778639004417965,0.19895842985399517,0.21389481585065181,0.07577747210721485,7.577747210721488e-06,7.577747210721485e-06,-0.039792892087008896,0.0,-0.9529186264459577,1.1252752696854005,1.0509168726117075,0.9529186264459577
110.0,0.0,0.0,-0.100504780883464,2.2229357859047076,1.7935459523096786,-20.1009561766928,1.0,0.0,1.7354600779498432,0.16,0.0,False,0.0042277850553993366,0.100504780883464,0.21139085462428733,0.07577747210717153,7.5777472107171526e-06,7.5777472107171526e-06,-0.02010156545193425,0.0,-0.5492653469734741,0.429389833595029,0.4874757079548644,0.5492653469734741
111.0,0.0,0.0,-0.041301467119593864,1.9056283718913485,1.8630736188374588,-8.260293423918773,1.0,0.0,1.7671152440523925,0.09,0.0,False,0.004048928867130263,0.04130146711959387,0.20244797744448456,0.0757774721071377,7.5777472107137695e-06,7.577747210713772e-06,-0.00826054379968329,0.0,-0.31730741401335916,0.04255475305388967,0.13851312783895597,0.31730741401335916
112.0,0.0,0.0,-0.007093517155014361,2.2006757929240908,1.9260039685797654,-1.4187034310028723,1.0,0.0,1.8099054661049063,0.1,0.0,False,0.004047627852344145,0.007218935835766561,0.20238292621224066,0.07577747210711135,7.577747210711135e-06,7.5777472107111335e-06,-0.0014187464329808814,0.0,0.2950474210327423,0.27467182434432535,0.39077032681918444,0.2950474210327423
113.0,0.0,0.0,-0.03314161778079365,1.2515971869832976,1.9565497833294478,-6.628323556158731,1.0,0.0,1.8346905126972133,-0.06,0.0,False,0.004222925042823911,0.03314161778079365,0.21114785215411874,0.07577747210709075,7.577747210709075e-06,7.577747210709075e-06,-0.00662852446567764,0.0,-0.9490786059407932,-0.7049525963461503,-0.5830933257139157,0.9490786059407932
114.0,0.0,0.0,0.06883255391469292,0.6409884803735328,2.1649819732725533,13.766510782938585,1.0,0.0,1.8692470581760696,0.4,0.0,False,0.004140530814591941,0.06883255391469292,0.20702810952438858,0.07577747210707467,7.577747210707468e-06,7.5777472107074684e-06,0.013766928056331324,0.0,-0.6106087066097647,-1.5239934928990204,-1.2282585778025368,0.6106087066097647
115.0,0.0,0.0,0.13383490461701653,0.3167905565954627,2.050803690415307,26.766980923403306,1.0,0.0,1.9399488059148977,0.03,0.0,False,0.004143789061629322,0.13383490461701653,0.20719102311076623,0.07577747210706212,7.5777472107062165e-06,7.577747210706214e-06,0.02676779225091537,0.0,-0.32419792377807016,-1.7340131338198441,-1.623158249319435,0.32419792377807016
116.0,0.0,0.0,0.1677571715403662,0.8912631765365651,2.100178249713008,33.55143430807324,1.0,0.0,1.9793882348974545,0.09,0.0,False,0.004159755061139883,0.16775717154036618,0.20798932913560975,0.07577747210705234,7.577747210705233e-06,7.577747210705234e-06,0.033552451277517846,0.0,0.5744726199411023,-1.208915073176443,-1.0881250583608895,0.5744726199411023
117.0,0.0,0.0,0.11255226942165895,0.8027707970016595,2.138662345196881,22.510453884331792,1.0,0.0,1.9944258330710587,0.11,0.0,False,0.004215674895150408,0.11255226942165895,0.2107853420234543,0.07577747210704468,7.57774721070447e-06,7.577747210704469e-06,0.02251113619327794,0.0,-0.08849237953490552,-1.3358915481952214,-1.1916550360693992,0.08849237953490552
118.0,0.0,0.0,0.12267720718890608,1.3295212799806504,2.026651571406316,24.535441437781216,1.0,0.0,2.016828515385437,0.01,0.0,False,0.00437559295857578,0.12267720718890608,0.21878130578565583,0.07577747210703875,7.577747210703874e-06,7.5777472107038745e-06,0.024536185125637388,0.0,0.5267504829789909,-0.6971302914256654,-0.6873072354047864,0.5267504829789909
119.0,0.0,0.0,0.07052259515816428,1.1007427161308454,2.107249023842845,14.104519031632856,1.0,0.0,2.0295893497339486,0.07,0.0,False,0.004353882548132133,0.07052259515816428,0.21769577703767343,0.0757774721070341,7.577747210703411e-06,7.5777472107034094e-06,0.014104946550312216,0.0,-0.228778563849805,-1.0065063077119996,-0.9288466336031032,0.228778563849805
120.0,0.0,0.0,0.0935322116042768,1.2516314272459317,2.103817128934713,18.70644232085536,1.0,0.0,2.0347739516822303,0.09,0.0,False,0.004083022710716593,0.0935322116042768,0.2041526825415275,0.07577747210703047,7.577747210703047e-06,7.577747210703047e-06,0.018707009327323186,0.0,0.15088871111508628,-0.8521857016887813,-0.7831425244362986,0.15088871111508628
121.0,0.0,0.0,0.0838044779542466,1.0762985975888055,2.269604018432664,16.76089559084932,1.0,0.0,2.036100270346392,0.22,0.0,False,0.004110984117770771,0.08380447795424657,0.20555076348846016,0.07577747210702765,7.577747210702763e-06,7.577747210702764e-06,0.01676140362631879,0.0,-0.17533282965712615,-1.1933054208438585,-0.9598016727575867,0.17533282965712615
122.0,0.0,0.0,0.10491065290418344,1.0203221094952042,2.3371700594815987,20.98213058083669,1.0,0.0,2.08970795924585,0.23,0.0,False,0.0040085990422926866,0.10491065290418344,0.2004314709221449,0.07577747210702544,7.577747210702544e-06,7.577747210702543e-06,0.020982766565143276,0.0,-0.05597648809360134,-1.3168479499863945,-1.0693858497506459,0.05597648809360134
123.0,0.0,0.0,0.11880297380864872,1.0173021095136743,2.60890529133337,23.760594761729745,1.0,0.0,2.12544487595101,0.62,0.0,False,0.0038612594362089545,0.11880297380864872,0.1930644347928438,0.0757774721070237,7.577747210702369e-06,7.577747210702371e-06,0.02376131496339494,0.0,-0.0030199999815299083,-1.5916031818196956,-1.1081427664373356,0.0030199999815299083
124.0,0.0,0.0,0.126724700534541,1.07329407531808,2.653470523279401,25.344940106908197,1.0,0.0,2.2083968605268605,0.6,0.0,False,0.0038941877483303017,0.126724700534541,0.19471086287503245,0.07577747210702236,7.577747210702234e-06,7.577747210702236e-06,0.025345708331283565,0.0,0.055991965804405686,-1.5801764479613212,-1.1351027852087805,0.055991965804405686
125.0,0.0,0.0,0.1304888758817355,1.5818035541981836,2.656683847485295,26.0977751763471,1.0,0.0,2.284597129246383,0.61,0.0,False,0.00422075939359784,0.1304888758817355,0.2110395688722781,0.07577747210702132,7.577747210702129e-06,7.577747210702131e-06,0.02609856621972494,0.0,0.5085094788801037,-1.0748802932871113,-0.7027935750481995,0.5085094788801037
126.0,0.0,0.0,0.08429391131634978,1.0565637764437303,2.7592611182009747,16.858782263269955,1.0,0.0,2.3782322747211957,0.3,0.0,False,0.004069889929059384,0.08429391131634978,0.2034960384828221,0.07577747210702046,7.577747210702047e-06,7.577747210702049e-06,0.016859293265758777,0.0,-0.5252397777544533,-1.7026973417572444,-1.3216684982774654,0.5252397777544533
127.0,0.0,0.0,0.14426545396322996,1.5534977500770881,2.6794471873525048,28.853090792645993,1.0,0.0,2.4247746052592483,0.35,0.0,False,0.0040494142225019425,0.14426545396322996,0.20247224539696368,0.07577747210701986,7.577747210701988e-06,7.577747210701986e-06,0.028853965351731875,0.0,0.4969339736333578,-1.1259494372754166,-0.8712768551821601,0.4969339736333578
128.0,0.0,0.0,0.098436006995771,0.9274951279634769,2.7631561045286475,19.6872013991542,1.0,0.0,2.499272976433097,0.19,0.0,False,0.004245969705935471,0.09843600699577103,0.2123000940410284,0.07577747210701936,7.577747210701936e-06,7.5777472107019365e-06,0.019687798133174242,0.0,-0.6260026221136112,-1.8356609765651706,-1.57177784846962,0.6260026221136112
129.0,0.0,0.0,0.1635386676634489,2.0441620031219543,2.664735591332297,32.70773353268978,1.0,0.0,2.5378951161936696,0.08,0.0,False,0.004278497536549265,0.16353866766344893,0.213926497896102,0.07577747210701898,7.577747210701896e-06,7.577747210701897e-06,0.032708724928923384,0.0,1.1166668751584774,-0.6205735882103429,-0.4937331130717153,1.1166668751584774
130.0,0.0,0.0,0.05404382985700812,2.25657618267952,2.7321065715289565,10.808765971401623,1.0,0.0,2.5629437673321007,0.22,0.0,False,0.003952448269767206,0.05404382985700812,0.19762391102105287,0.07577747210701867,7.577747210701865e-06,7.577747210701866e-06,0.01080909359330374,0.0,0.21241417955756559,-0.47553038884943666,-0.30636758465258085,0.21241417955756559
131.0,0.0,0.0,0.0358917923888251,2.0807005654210506,2.7968622844116324,7.178358477765021,1.0,0.0,2.584620778216083,0.27,0.0,False,0.0037142975680597655,0.03589179238882511,0.18571628570339008,0.07577747210701846,7.577747210701843e-06,7.577747210701844e-06,0.007178576059259966,0.0,-0.17587561725846923,-0.7161617189905818,-0.5039202127950322,0.17587561725846923
132.0,0.0,0.0,0.0574701607055741,2.1290694406820516,2.7888408097678754,11.49403214111482,1.0,0.0,2.6155077055142537,0.17,0.0,False,0.0036851244718898632,0.05747016070557411,0.18425761984157754,0.07577747210701824,7.5777472107018255e-06,7.5777472107018255e-06,0.011494380533954766,0.0,0.048368875261000976,-0.6597713690858238,-0.4864382648322021,0.048368875261000976
133.0,0.0,0.0,0.05527903542187386,1.760425557065041,2.677892675142148,11.055807084374772,1.0,0.0,2.655423947194291,-0.01,0.0,False,0.003819920989137036,0.05527903542187385,0.19099749677663283,0.07577747210701812,7.577747210701811e-06,7.57774721070181e-06,0.011056142194280565,0.0,-0.3686438836170107,-0.917467118077107,-0.89499839012925,0.3686438836170107
134.0,0.0,0.0,0.09529571907364401,1.2599367431755408,2.6594389921596546,19.059143814728802,1.0,0.0,2.6818807394286135,-0.02,0.0,False,0.003844496280859388,0.095295719073644,0.19222627067401787,0.07577747210701802,7.577747210701799e-06,7.577747210701799e-06,0.019059721511846664,0.0,-0.5004888138895001,-1.3995022489841138,-1.4219439962530727,0.5004888138895001
135.0,0.0,0.0,0.14904460409065598,1.139552373558305,2.725943532696915,29.808920818131195,1.0,0.0,2.71341885414495,-0.11,0.0,False,0.0039071909935353335,0.14904460409065598,0.19536103006204936,0.0757774721070179,7.577747210701789e-06,7.577747210701791e-06,0.029809824349150773,0.0,-0.12038436961723575,-1.58639115913861,-1.5738664805866451,0.12038436961723575
136.0,0.0,0.0,0.1602366028776939,1.4665115068654497,2.6187020289668514,32.04732057553878,1.0,0.0,2.750439255198745,-0.03,0.0,False,0.0040674977991130715,0.1602366028776939,0.20337643107915865,0.07577747210701782,7.577747210701785e-06,7.577747210701784e-06,0.03204829195415429,0.0,0.32695913330714466,-1.1521905221014017,-1.2839277483332951,0.32695913330714466
137.0,0.0,0.0,0.12770449890305827,2.801245539822541,2.5452668963500313,25.540899780611653,1.0,0.0,2.7419791139587675,0.06,0.0,False,0.004091153376500662,0.12770449890305827,0.20455921891133746,0.07577747210701778,7.577747210701776e-06,7.577747210701779e-06,0.025541673944673497,0.0,1.3347340329570914,0.25597864347250976,0.05926642586377362,1.3347340329570914
138.0,0.0,0.0,-0.004088169140926996,3.2777000926222284,2.719170015703596,-0.8176338281853992,1.0,0.0,2.743604881516549,-0.06,0.0,False,0.004251986492080617,0.004850352581499938,0.21260093562796983,0.07577747210701771,7.577747210701773e-06,7.577747210701773e-06,-0.0008176586112874419,0.0,0.4764545527996873,0.5585300769186325,0.5340952111056794,0.4764545527996873
139.0,0.0,0.0,-0.04739238593368858,3.8428563205913333,2.7688041228396556,-9.478477186737717,1.0,0.0,2.7603622994576558,-0.04,0.0,False,0.004027116980071467,0.04739238593368858,0.20135737482729651,0.07577747210701768,7.577747210701771e-06,7.577747210701769e-06,-0.009478764486576877,0.0,0.5651562279691049,1.0740521977516777,1.0824940211336775,0.5651562279691049
140.0,0.0,0.0,-0.10028512517572978,3.492100330643285,2.8717933272149674,-20.057025035145955,1.0,0.0,2.803758276909327,-0.01,0.0,False,0.004187395993270363,0.10028512517572978,0.20937138621493356,0.07577747210701767,7.577747210701768e-06,7.577747210701767e-06,-0.020057632978801154,0.0,-0.35075598994804835,0.6203070034283176,0.6883420537339577,0.35075598994804835
141.0,0.0,0.0,-0.06681241885334448,3.428549464374063,2.7889409243819223,-13.362483770668895,1.0,0.0,2.8399670720676577,0.11,0.0,False,0.004026444484664041,0.06681241885334448,0.20132374980212514,0.07577747210701766,7.577747210701764e-06,7.5777472107017645e-06,-0.013362888797696175,0.0,-0.0635508662692219,0.6396085399921407,0.5885823923064053,0.0635508662692219
142.0,0.0,0.0,-0.05506368376583521,3.423921933445439,2.893759333713492,-11.012736753167042,1.0,0.0,2.8239508277288103,0.02,0.0,False,0.004083054437304647,0.05506368376583521,0.204154268882951,0.07577747210701764,7.577747210701764e-06,7.577747210701764e-06,-0.0110130705575784,0.0,-0.004627530928623891,0.530162599731947,0.5999711057166288,0.004627530928623891
143.0,0.0,0.0,-0.050010800798931346,4.652107577767587,3.125608819969215,-10.00216015978627,1.0,0.0,2.877891763781908,0.34,0.0,False,0.0038766691216730637,0.05001080079893134,0.19383492490458437,0.07577747210701764,7.577747210701764e-06,7.577747210701764e-06,-0.010002463332853899,0.0,1.2281856443221475,1.5264987577983717,1.7742158139856787,1.2281856443221475
144.0,0.0,0.0,-0.1677369616426568,5.319294408222648,3.1736555239958646,-33.54739232853136,1.0,0.0,2.923794976995813,0.27,0.0,False,0.0038902136245679893,0.1677369616426568,0.19451215518117154,0.07577747210701764,7.577747210701764e-06,7.577747210701764e-06,-0.033548409175460495,0.0,0.6671868304550612,2.1456388842267833,2.3954994312268347,0.6671868304550612
145.0,0.0,0.0,-0.23001471956161684,5.50143405898188,3.169642715379807,-46.00294391232337,1.0,0.0,2.9746744079263596,0.31,0.0,False,0.00389122152402023,0.2300147195616168,0.19456255053566401,0.07577747210701764,7.577747210701764e-06,7.577747210701764e-06,-0.046004338296476696,0.0,0.18213965075923255,2.3317913436020734,2.526759651055521,0.18213965075923255
146.0,0.0,0.0,-0.24407129117143803,7.035008981581177,3.2119272762613975,-48.81425823428761,1.0,0.0,3.019060062936503,0.19,0.0,False,0.003969558675142929,0.24407129117143803,0.1984794377727553,0.07577747210701764,7.577747210701764e-06,7.577747210701764e-06,-0.04881573783151225,0.0,1.5335749225992963,3.823081705319779,4.015948918644673,1.5335749225992963
147.0,0.0,0.0,-0.3937164290394012,7.583312619317444,3.2066312815874642,-78.74328580788024,1.0,0.0,3.0606286717402087,0.23,0.0,False,0.00394479413834102,0.3937164290394012,0.1972412015496898,0.07577747210701764,7.577747210701764e-06,7.577747210701764e-06,-0.07874567257665141,0.0,0.5483036377362671,4.37668133772998,4.522683947577235,0.5483036377362671
148.0,0.0,0.0,-0.44576817194278545,7.837582618976895,3.1905037817368727,-89.1536343885571,1.0,0.0,3.0976955170085705,0.05,0.0,False,0.00407869478832228,0.44576817194278545,0.20393628478201667,0.07577747210701764,7.577747210701764e-06,7.577747210701764e-06,-0.0891563367028968,0.0,0.2542699996594511,4.647078837240022,4.739887101968325,0.2542699996594511
149.0,0.0,0.0,-0.46941184337760355,8.482897716649596,3.293735134413988,-93.88236867552071,1.0,0.0,3.1254620039635164,0.09,0.0,False,0.003954659510227711,0.4694118433776035,0.19773447388188917,0.07577747210701764,7.577747210701764e-06,7.577747210701764e-06,-0.0938852143213865,0.0,0.6453150976727011,5.189162582235609,5.35743571268608,0.6453150976727011
150.0,0.0,0.0,-0.5301875165073671,8.175812586696882,3.4120636765594594,-106.03750330147341,1.0,0.0,3.1432863309865233,0.28,0.0,False,0.003921329255800454,0.5301875165073671,0.19606794853211407,0.07577747210701764,7.577747210701764e-06,7.577747210701764e-06,-0.10604071737869733,0.0,-0.3070851299527142,4.763748910137423,5.0325262557103585,0.3070851299527142
151.0,0.0,0.0,-0.49517583434378404,7.623085549742737,3.388728177698081,-99.0351668687568,1.0,0.0,3.180821670227213,0.28,0.0,False,0.0039207785368148545,0.4951758343437841,0.19604041237417383,0.07577747210701764,7.577747210701764e-06,7.577747210701764e-06,-0.0990381686998476,0.0,-0.5527270369541446,4.234357372044656,4.442263879515524,0.5527270369541446
152.0,0.0,0.0,-0.43531803206855124,7.701846519867394,3.448580012522837,-87.06360641371025,1.0,0.0,3.223866627394171,0.26,0.0,False,0.0038350834725178907,0.43531803206855124,0.19175562669054882,0.07577747210701764,7.577747210701764e-06,7.577747210701764e-06,-0.08706624537771539,0.0,0.07876097012465699,4.2532665073445575,4.477979892473224,0.07876097012465699
153.0,0.0,0.0,-0.43919370171327077,7.962528342692783,3.552431558044929,-87.83874034265415,1.0,0.0,3.2697402925570644,0.21,0.0,False,0.0040162330095607135,0.43919370171327066,0.2008131721779599,0.07577747210701764,7.577747210701764e-06,7.577747210701764e-06,-0.08784140280155711,0.0,0.2606818228253891,4.4100967846478545,4.692788050135719,0.2606818228253891
154.0,0.0,0.0,-0.462742708714964,7.171072702829936,3.451707227861928,-92.5485417429928,1.0,0.0,3.309743097792286,0.09,0.0,False,0.00409359847005587,0.462742708714964,0.20468147451551283,0.07577747210701764,7.577747210701764e-06,7.577747210701764e-06,-0.09255134695955167,0.0,-0.7914556398628472,3.7193654749680083,3.86132960503765,0.7914556398628472
155.0,0.0,0.0,-0.3806689321391676,7.168487204103977,3.4846083303695483,-76.13378642783351,1.0,0.0,3.334925928179637,0.13,0.0,False,0.004178493623963357,0.3806689321391676,0.208926264376588,0.07577747210701764,7.577747210701764e-06,7.577747210701764e-06,-0.07613609410069745,0.0,-0.0025854987259590345,3.683878873734429,3.8335612759243403,0.0025854987259590345
156.0,0.0,0.0,-0.3787921348930982,6.931755077045245,3.4322501485014887,-75.75842697861964,1.0,0.0,3.3642391507913283,0.04,0.0,False,0.0042424444851232165,0.3787921348930982,0.21212383166475401,0.07577747210701764,7.577747210701764e-06,7.577747210701764e-06,-0.07576072327405373,0.0,-0.23673212705873237,3.499504928543756,3.5675159262539164,0.23673212705873237
157.0,0.0,0.0,-0.35463055359002327,7.032467305934964,3.293918748208779,-70.92611071800465,1.0,0.0,3.3804223356208176,0.09,0.0,False,0.004220047028691716,0.35463055359002327,0.21100395035706576,0.07577747210701764,7.577747210701764e-06,7.577747210701764e-06,-0.07092826054226439,0.0,0.10071222888971931,3.738548557726185,3.6520449703141464,0.10071222888971931
158.0,0.0,0.0,-0.36382959784552404,7.034095292870317,3.336455475839963,-72.76591956910481,1.0,0.0,3.385315176110601,-0.02,0.0,False,0.004183623641326392,0.36382959784552404,0.20918276718843862,0.07577747210701764,7.577747210701764e-06,7.577747210701764e-06,-0.07276812515936754,0.0,0.001627986935353043,3.697639817030354,3.648780116759716,0.001627986935353043
159.0,0.0,0.0,-0.3610410742060464,6.694790202543638,3.592703835406653,-72.20821484120928,1.0,0.0,3.3940334770437146,0.18,0.0,False,0.004161535382758211,0.3610410742060465,0.20807834589106752,0.07577747210701764,7.577747210701764e-06,7.577747210701764e-06,-0.07221040352701832,0.0,-0.339305090326679,3.102086367136985,3.3007567254999235,0.339305090326679
160.0,0.0,0.0,-0.3234079040918113,6.984156164540818,3.632223600546816,-64.68158081836226,1.0,0.0,3.4235477569102057,0.28,0.0,False,0.004162382390395501,0.3234079040918114,0.20812069659385232,0.07577747210701764,7.577747210701764e-06,7.577747210701764e-06,-0.0646835413661802,0.0,0.2893659619971798,3.351932563994002,3.560608407630612,0.2893659619971798
161.0,0.0,0.0,-0.34644114264129267,6.322390190220867,3.6448932757842125,-69.28822852825853,1.0,0.0,3.4605886264583705,0.34,0.0,False,0.003965550127228192,0.34644114264129255,0.1982790088582303,0.07577747210701764,7.577747210701764e-06,7.577747210701764e-06,-0.0692903287070657,0.0,-0.6617659743199509,2.6774969144366545,2.8618015637624965,0.6617659743199509
162.0,0.0,0.0,-0.27345480559942137,6.544285890071329,3.6291928905646715,-54.69096111988427,1.0,0.0,3.5196134759577786,0.23,0.0,False,0.003889598813566034,0.27345480559942137,0.1944814143981297,0.07577747210701764,7.577747210701764e-06,7.577747210701764e-06,-0.05469261884443471,0.0,0.22189569985046198,2.9150929995066575,3.0246724141135504,0.22189569985046198
163.0,0.0,0.0,-0.29103236122333537,6.069021975299379,3.725685733134443,-58.20647224466707,1.0,0.0,3.587738525657137,0.18,0.0,False,0.003860432069290359,0.29103236122333537,0.1930230661334353,0.07577747210701764,7.577747210701764e-06,7.577747210701764e-06,-0.058208236527028515,0.0,-0.47526391477194974,2.3433362421649364,2.4812834496422425,0.47526391477194974
164.0,0.0,0.0,-0.2409633416567743,6.147770971898173,3.62337795204022,-48.19266833135486,1.0,0.0,3.6338520093548046,-0.03,0.0,False,0.003764564277286625,0.2409633416567743,0.18822964021015387,0.07577747210701764,7.577747210701764e-06,7.577747210701764e-06,-0.04819412908771767,0.0,0.07874899659879375,2.524393019857953,2.5139189625433684,0.07874899659879375
165.0,0.0,0.0,-0.24830379209548023,4.913974985344154,3.562526368757831,-49.66075841909605,1.0,0.0,3.659297260767133,-0.09,0.0,False,0.003924694863893172,0.24830379209548023,0.19623623021193642,0.07577747210701764,7.577747210701764e-06,7.577747210701764e-06,-0.04966226367438392,0.0,-1.2337959865540187,1.3514486165863233,1.2546777245770215,1.2337959865540187
166.0,0.0,0.0,-0.12371875335482799,4.402546512671667,3.5201128663275574,-24.743750670965596,1.0,0.0,3.664638971774975,-0.15,0.0,False,0.0039755946915781114,0.12371875335482799,0.1987812408814848,0.07577747210701764,7.577747210701764e-06,7.577747210701764e-06,-0.024744500672832764,0.0,-0.5114284726724874,0.8824336463441096,0.7379075408966917,0.5114284726724874
167.0,0.0,0.0,-0.07448896007788398,4.123439767357819,3.459363080088792,-14.897792015576798,1.0,0.0,3.6767405763239687,0.07,0.0,False,0.003933930901509308,0.07448896007788398,0.1966980355921612,0.07577747210701764,7.577747210701764e-06,7.577747210701764e-06,-0.014898243578962515,0.0,-0.2791067453138476,0.6640766872690276,0.4466991910338507,0.2791067453138476
168.0,0.0,0.0,-0.04912820682878008,4.0776227517790185,3.427400780676391,-9.825641365756017,1.0,0.0,3.657628688967355,0.1,0.0,False,0.0040718765496244105,0.04912820682878008,0.2035953702637788,0.07577747210701764,7.577747210701764e-06,7.577747210701764e-06,-0.009825939188404994,0.0,-0.04581701557880091,0.6502219711026274,0.4199940628116634,0.04581701557880091
169.0,0.0,0.0,-0.04364055127734171,4.267362001284377,3.544229378787782,-8.728110255468343,1.0,0.0,3.632139085013406,-0.06,0.0,False,0.003909085528836961,0.04364055127734171,0.19545575754494615,0.07577747210701764,7.577747210701764e-06,7.577747210701764e-06,-0.008728374811116171,0.0,0.18973924950535892,0.7231326224965953,0.6352229162709713,0.18973924950535892
170.0,0.0,0.0,-0.06516749823364712,4.066705230415421,3.4511065117866955,-13.033499646729425,1.0,0.0,3.6412007041523156,0.16,0.0,False,0.0037740113485298645,0.06516749823364712,0.18870199735169169,0.07577747210701764,7.577747210701764e-06,7.577747210701764e-06,-0.013033894701998158,0.0,-0.2006567708689566,0.6155987186287253,0.4255045262631052,0.2006567708689566
171.0,0.0,0.0,-0.04484938994560027,3.0471617004872984,3.553591727637539,-8.969877989120054,1.0,0.0,3.615662327806508,-0.09,0.0,False,0.0039991498305871785,0.04484938994560027,0.19995900675668263,0.07577747210701764,7.577747210701764e-06,7.577747210701764e-06,-0.008970149872931429,0.0,-1.0195435299281224,-0.5064300271502407,-0.5685006273192097,1.0195435299281224
172.0,0.0,0.0,0.05586956969394861,2.9520423340107795,3.406867569213777,11.173913938789722,1.0,0.0,3.6181943380924406,0.08,0.0,False,0.0039428094851257965,0.05586956969394862,0.19714196813696871,0.07577747210701764,7.577747210701764e-06,7.577747210701764e-06,0.011174252628603935,0.0,-0.09511936647651886,-0.45482523520299756,-0.6661520040816611,0.09511936647651886
173.0,0.0,0.0,0.06521257553105822,3.53425040506756,3.4224000965588757,13.042515106211644,1.0,0.0,3.60587856570058,-0.01,0.0,False,0.003909361656998541,0.06521257553105822,0.19546956405764662,0.07577747210701764,7.577747210701764e-06,7.577747210701764e-06,0.0130429104347458,0.0,0.5822080710567805,0.11185030850868438,-0.0716281606330198,0.5822080710567805
174.0,0.0,0.0,0.006119067992955538,3.397343512547263,3.3570459661054417,1.2238135985911076,1.0,0.0,3.6041927975419776,0.07,0.0,False,0.003891400640591577,0.0063721258230710785,0.19457150643209634,0.07577747210701764,7.577747210701764e-06,7.577747210701764e-06,0.0012238506933103445,0.0,-0.13690689252029697,0.040297546441821375,-0.20684928499471456,0.13690689252029697
175.0,0.0,0.0,0.020045595813314495,2.990945888414746,3.406644671358136,4.009119162662899,1.0,0.0,3.595443403434636,-0.09,0.0,False,0.0037126512371279284,0.020045595813314495,0.18563396853302422,0.07577747210701764,7.577747210701764e-06,7.577747210701764e-06,0.004009240682108261,0.0,-0.4063976241325169,-0.41569878294339,-0.6044975150198897,0.4063976241325169
176.0,0.0,0.0,0.06172657504518948,2.7927396715778103,3.489571283033638,12.345315009037897,1.0,0.0,3.5978070657032957,-0.05,0.0,False,0.0037241979565068887,0.06172657504518948,0.18621130887687826,0.07577747210701764,7.577747210701764e-06,7.577747210701764e-06,0.012345689204907823,0.0,-0.19820621683693584,-0.6968316114558277,-0.8050673941254853,0.19820621683693584
177.0,0.0,0.0,0.07990154631989221,2.8099296095945747,3.4360052950931492,15.980309263978443,1.0,0.0,3.608235026285734,0.2,0.0,False,0.0037019288474893545,0.07990154631989223,0.1850978449885176,0.07577747210701764,7.577747210701764e-06,7.577747210701764e-06,0.015980793639283758,0.0,0.017189938016764383,-0.6260756854985745,-0.7983054166911594,0.017189938016764383
178.0,0.0,0.0,0.07754102835821927,3.084466024960571,3.5182534474683287,15.508205671643854,1.0,0.0,3.591785408462719,-0.04,0.0,False,0.003818629038254672,0.07754102835821927,0.19093289874301075,0.07577747210701764,7.577747210701764e-06,7.577747210701764e-06,0.015508675737130889,0.0,0.27453641536599616,-0.4337874225077578,-0.5073193835021481,0.27453641536599616
179.0,0.0,0.0,0.049685170744403304,2.9301743479033906,3.4968636440654692,9.937034148880661,1.0,0.0,3.5853692724923345,-0.02,0.0,False,0.003944740407314156,0.04968517074440332,0.19723851497798872,0.07577747210701764,7.577747210701764e-06,7.577747210701764e-06,0.00993733534792946,0.0,-0.15429167705718028,-0.5666892961620786,-0.6551949245889439,0.15429167705718028
180.0,0.0,0.0,0.0670043900967463,3.04990995297617,3.5635235529923883,13.40087801934926,1.0,0.0,3.5813365574878047,-0.01,0.0,False,0.004022977088206971,0.0670043900967463,0.201150378665519,0.07577747210701764,7.577747210701764e-06,7.577747210701764e-06,0.013401284210135365,0.0,0.11973560507277936,-0.5136136000162184,-0.5314266045116347,0.11973560507277936
181.0,0.0,0.0,0.05556546335896331,2.403352735356693,3.7319412132423095,11.113092671792662,1.0,0.0,3.600243635987361,0.04,0.0,False,0.003945364684976764,0.055565463358963306,0.19726972909765003,0.07577747210701764,7.577747210701764e-06,7.577747210701764e-06,0.011113429518068098,0.0,-0.6465572176194772,-1.3285884778856167,-1.196890900630668,0.6465572176194772
182.0,0.0,0.0,0.12515674749807687,1.7589790535392709,3.5931656050932395,25.031349499615374,1.0,0.0,3.605585639617552,-0.07,0.0,False,0.003981100633338356,0.12515674749807687,0.1990565400556288,0.07577747210701764,7.577747210701764e-06,7.577747210701764e-06,0.02503210821882137,0.0,-0.6443736818174219,-1.8341865515539686,-1.846606586078281,0.6443736818174219
183.0,0.0,0.0,0.19129165115847152,2.096198683108874,3.8536613302770726,38.2583302316943,1.0,0.0,3.654967630647173,0.18,0.0,False,0.0035961639510532595,0.19129165115847152,0.17980956009373045,0.07577747210701764,7.577747210701764e-06,7.577747210701764e-06,0.03825948987072761,0.0,0.3372196295696033,-1.7574626471681984,-1.5587689475382986,0.3372196295696033
184.0,0.0,0.0,0.16141773487213368,1.7798446244042434,3.830697979450158,32.283546974426734,1.0,0.0,3.671968043112784,0.13,0.0,False,0.0036363392827913964,0.16141773487213368,0.18181834190256269,0.07577747210701764,7.577747210701764e-06,7.577747210701764e-06,0.032284525513243734,0.0,-0.31635405870463074,-2.0508533550459145,-1.8921234187085407,0.31635405870463074
185.0,0.0,0.0,0.19592657695383958,1.084650750423196,3.8997114356878537,39.18531539076792,1.0,0.0,3.710437190969719,0.23,0.0,False,0.003623452513180163,0.19592657695383964,0.1811739985393669,0.07577747210701764,7.577747210701764e-06,7.577747210701764e-06,0.03918650312742513,0.0,-0.6951938739810475,-2.815060685264658,-2.625786440546523,0.6951938739810475
186.0,0.0,0.0,0.26843577272698843,1.8466140340881847,3.8687069378378727,53.68715454539768,1.0,0.0,3.739184628046238,0.08,0.0,False,0.003700418896197061,0.26843577272698843,0.18502234685180152,0.07577747210701764,7.577747210701764e-06,7.577747210701764e-06,0.053688781843808805,0.0,0.7619632836649888,-2.022092903749688,-1.8925705939580533,0.7619632836649888
187.0,0.0,0.0,0.19889267439587488,1.64723349524466,4.156337691022628,39.77853487917498,1.0,0.0,3.7691101846144797,0.51,0.0,False,0.0038762386239236117,0.19889267439587485,0.1938133998540015,0.07577747210701764,7.577747210701764e-06,7.577747210701764e-06,0.03977974059676522,0.0,-0.1993805388435248,-2.5091041957779683,-2.1218766893698198,0.1993805388435248
188.0,0.0,0.0,0.22393822735593605,2.013667085869413,4.187731874853727,44.78764547118721,1.0,0.0,3.835616135967363,0.4,0.0,False,0.0039461658198026136,0.22393822735593605,0.19730978614248237,0.07577747210701764,7.577747210701764e-06,7.577747210701764e-06,0.04478900301872219,0.0,0.3664335906247529,-2.174064788984314,-1.8219490500979503,0.3664335906247529
189.0,0.0,0.0,0.19230874948993992,2.738315148181131,4.245423216406728,38.461749897987985,1.0,0.0,3.886700616167904,0.34,0.0,False,0.0036866821745028806,0.19230874948993992,0.18433550556242226,0.07577747210701764,7.577747210701764e-06,7.577747210701764e-06,0.038462915702825805,0.0,0.7246480623117182,-1.5071080682255968,-1.148385467986773,0.7246480623117182
190.0,0.0,0.0,0.12680328460769855,2.909084793896839,4.417061967067532,25.36065692153971,1.0,0.0,3.936827444123312,0.53,0.0,False,0.0034327684207532036,0.12680328460769855,0.17163972167022645,0.07577747210701764,7.577747210701764e-06,7.577747210701764e-06,0.02536142562230366,0.0,0.17076964571570796,-1.5079771731706932,-1.027742650226473,0.17076964571570796
191.0,0.0,0.0,0.1184536894677929,2.974528852008121,4.55262604954361,23.69073789355858,1.0,0.0,4.006396038419927,0.62,0.0,False,0.0036565108409127058,0.11845368946779289,0.18282692745137658,0.07577747210701764,7.577747210701764e-06,7.577747210701764e-06,0.023691455977809067,0.0,0.06544405811128184,-1.5780971975354894,-1.0318671864118065,0.06544405811128184
192.0,0.0,0.0,0.12094615187047904,3.0454922138826372,4.6290260708172095,24.189230374095807,1.0,0.0,4.093666569180515,0.69,0.0,False,0.0035102269851878705,0.12094615187047904,0.17551267924003083,0.07577747210701764,7.577747210701764e-06,7.577747210701764e-06,0.02418996356803181,0.0,0.07096336187451646,-1.5835338569345723,-1.0481743552978777,0.07096336187451646
193.0,0.0,0.0,0.12270866558792687,3.375050060148498,4.630964945398276,24.541733117585373,1.0,0.0,4.184036195681159,0.68,0.0,False,0.003638937180429532,0.12270866558792687,0.18194823776878002,0.07577747210701764,7.577747210701764e-06,7.577747210701764e-06,0.024542476996147134,0.0,0.3295578462658608,-1.2559148852497777,-0.8089861355326611,0.3295578462658608
194.0,0.0,0.0,0.09345395245812961,3.309530320400952,4.584130338717216,18.690790491625922,1.0,0.0,4.272625362524324,0.3,0.0,False,0.0036388605386968044,0.09345395245812962,0.1819444056531051,0.07577747210701764,7.577747210701764e-06,7.577747210701764e-06,0.018691357023674922,0.0,-0.06551973974754599,-1.274600018316264,-0.9630950421233719,0.06551973974754599
195.0,0.0,0.0,0.10394254358072726,2.951327696514617,4.571462687763105,20.78850871614545,1.0,0.0,4.309624993251171,0.27,0.0,False,0.003776852004464491,0.10394254358072726,0.1888440312247116,0.07577747210701764,7.577747210701764e-06,7.577747210701764e-06,0.02078913883162633,0.0,-0.35820262388633495,-1.6201349912484875,-1.3582972967365543,0.35820262388633495
196.0,0.0,0.0,0.14512237758067353,2.733939318216205,4.503969679233675,29.024475516134707,1.0,0.0,4.3489951387242085,0.16,0.0,False,0.004005504484294059,0.14512237758067353,0.20027674184972455,0.07577747210701764,7.577747210701764e-06,7.577747210701764e-06,0.029025355270021667,0.0,-0.2173883782984123,-1.7700303610174704,-1.6150558205080037,0.2173883782984123
197.0,0.0,0.0,0.1667057568900124,2.7699564965713424,4.368334766990195,33.34115137800248,1.0,0.0,4.402606457355947,0.04,0.0,False,0.0041261606931919945,0.1667057568900124,0.20630959800973395,0.07577747210701764,7.577747210701764e-06,7.577747210701764e-06,0.03334216197361184,0.0,0.036017178355137514,-1.5983782704188525,-1.632649960784605,0.036017178355137514
198.0,0.0,0.0,0.16620610060901733,3.2820328561989363,4.273638996562265,33.241220121803465,1.0,0.0,4.401060049820541,-0.14,0.0,False,0.004137482378646776,0.16620610060901733,0.20687568657211652,0.07577747210701764,7.577747210701764e-06,7.577747210701764e-06,0.033242227688420584,0.0,0.5120763596275939,-0.9916061403633285,-1.1190271936216045,0.5120763596275939
199.0,0.0,0.0,0.11237510474752586,3.164711484573424,4.139839778880051,22.475020949505172,1.0,0.0,4.4320804760522785,0.17,0.0,False,0.004441314507722099,0.11237510474752586,0.2220674081440361,0.07577747210701764,7.577747210701764e-06,7.577747210701764e-06,0.022475702184452166,0.0,-0.11732137162551215,-0.9751282943066273,-1.2673689914788544,0.11732137162551215
200.0,0.0,0.0,0.12065582533604312,2.3047637745572187,4.017640018431525,24.131165067208624,1.0,0.0,4.4058264811810215,0.29,0.0,False,0.004551491275867152,0.12065582533604312,0.22757628829587362,0.07577747210701764,7.577747210701764e-06,7.577747210701764e-06,0.024131896501141094,0.0,-0.8599477100162054,-1.7128762438743061,-2.101062706623803,0.8599477100162054
201.0,0.0,0.0,0.20555100954874192,2.741393378460782,4.000684336879655,41.11020190974838,1.0,0.0,4.371315452901049,0.1,0.0,False,0.00438017551407059,0.20555100954874192,0.21901043529666872,0.07577747210701764,7.577747210701764e-06,7.577747210701764e-06,0.04111144799117727,0.0,0.4366296039035631,-1.2592909584188736,-1.6299220744402674,0.4366296039035631
202.0,0.0,0.0,0.1573164537181592,3.0621842288500303,3.9324431026300233,31.463290743631838,1.0,0.0,4.360351750724099,0.34,0.0,False,0.004353859044143725,0.1573164537181592,0.2176946018293477,0.07577747210701764,7.577747210701764e-06,7.577747210701764e-06,0.03146424441985978,0.0,0.3207908503892485,-0.870258873779993,-1.2981675218740691,0.3207908503892485
203.0,0.0,0.0,0.12130420213629264,3.691127674008785,3.83974745077431,24.26084042725853,1.0,0.0,4.31461752085829,0.34,0.0,False,0.0043709687789836825,0.12130420213629264,0.21855009505400774,0.07577747210701764,7.577747210701764e-06,7.577747210701764e-06,0.024261575791749607,0.0,0.6289434451587548,-0.14861977676552485,-0.6234898468495049,0.6289434451587548
204.0,0.0,0.0,0.05428050365803145,3.7303922711095354,3.782010313505302,10.85610073160629,1.0,0.0,4.2752722108419245,0.33,0.0,False,0.004012054180056789,0.05428050365803145,0.20060422911945802,0.07577747210701764,7.577747210701764e-06,7.577747210701764e-06,0.010856429788260924,0.0,0.039264597100750365,-0.051618042395766395,-0.5448799397323891,0.039264597100750365
205.0,0.0,0.0,0.04801733972334244,3.055314556703659,3.8141923234976867,9.603467944668488,1.0,0.0,4.233953276785859,0.2,0.0,False,0.0037938191869602116,0.04801733972334244,0.18969239677814867,0.07577747210701764,7.577747210701764e-06,7.577747210701764e-06,0.009603759033072408,0.0,-0.6750777144058766,-0.7588777667940279,-1.1786387200822,0.6750777144058766
206.0,0.0,0.0,0.11377735100277488,3.3319562904099285,3.820365273262816,22.755470200554974,1.0,0.0,4.210583861506067,0.17,0.0,False,0.0039036115948414963,0.11377735100277488,0.19518205877116857,0.07577747210701764,7.577747210701764e-06,7.577747210701764e-06,0.022756159936131674,0.0,0.27664173370626965,-0.4884089828528877,-0.8786275710961386,0.27664173370626965
207.0,0.0,0.0,0.08352562613420618,2.888358196386771,3.8210446810001715,16.705125226841236,1.0,0.0,4.193131175531616,0.16,0.0,False,0.003943572138662984,0.08352562613420618,0.1971801011027879,0.07577747210701764,7.577747210701764e-06,7.577747210701764e-06,0.016705631571868634,0.0,-0.4435980940231574,-0.9326864846134004,-1.304772979144845,0.4435980940231574
208.0,0.0,0.0,0.12272364646400932,3.0063465181730065,3.791674068715373,24.544729292801865,1.0,0.0,4.167244198556013,0.39,0.0,False,0.003844365287810803,0.12272364646400931,0.19221972097195697,0.07577747210701764,7.577747210701764e-06,7.577747210701764e-06,0.024545473262179974,0.0,0.11798832178623542,-0.7853275505423665,-1.1608976803830062,0.11798832178623542
209.0,0.0,0.0,0.11094824968338174,2.9957720927068783,3.8463337707726253,22.189649936676346,1.0,0.0,4.115641159465347,-0.02,0.0,False,0.0035593253577754524,0.11094824968338174,0.1779676164721627,0.07577747210701764,7.577747210701764e-06,7.577747210701764e-06,0.0221903225218113,0.0,-0.01057442546612819,-0.850561678065747,-1.1198690667584685,0.01057442546612819
210.0,0.0,0.0,0.11264802318352433,3.3745273438825287,4.000021937672776,22.529604636704867,1.0,0.0,4.115871051896301,-0.16,0.0,False,0.0037688208934424324,0.11264802318352433,0.1884424726307223,0.07577747210701764,7.577747210701764e-06,7.577747210701764e-06,0.02253028752612486,0.0,0.37875525117565045,-0.6254945937902474,-0.7413437080137721,0.37875525117565045
211.0,0.0,0.0,0.07931902342059337,3.6074426154573644,4.2012766500696745,15.863804684118675,1.0,0.0,4.122295005454294,0.09,0.0,False,0.003630812871434158,0.07931902342059337,0.18154201924081337,0.07577747210701764,7.577747210701764e-06,7.577747210701764e-06,0.01586428552808173,0.0,0.2329152715748357,-0.5938340346123101,-0.5148523899969297,0.2329152715748357
212.0,0.0,0.0,0.058417305947133534,3.8486590391487594,4.196170430015546,11.683461189426707,1.0,0.0,4.167747631063886,0.01,0.0,False,0.0035358449842855266,0.058417305947133534,0.1767935889012497,0.07577747210701764,7.577747210701764e-06,7.577747210701764e-06,0.011683815324004912,0.0,0.24121642369139495,-0.34751139086678684,-0.3190885919151265,0.24121642369139495
213.0,0.0,0.0,0.03632203891106295,4.247340411737155,4.14681119428121,7.264407782212589,1.0,0.0,4.19163780850756,-0.13,0.0,False,0.0036037292798136,0.03632203891106295,0.18018782939815492,0.07577747210701764,7.577747210701764e-06,7.577747210701764e-06,0.007264627971927277,0.0,0.39868137258839553,0.10052921745594467,0.055702603229595304,0.39868137258839553
214.0,0.0,0.0,-0.001959963907206907,5.0269884461934025,4.091686992530001,-0.39199278144138144,1.0,0.0,4.211893190220841,-0.16,0.0,False,0.003853462112291584,0.0034020318642167756,0.19267456564266783,0.07577747210701764,7.577747210701764e-06,7.577747210701764e-06,-0.0003920046630401701,0.0,0.7796480344562475,0.9353014536634019,0.8150952559725617,0.7796480344562475
215.0,0.0,0.0,-0.08124123827128972,5.884606478376586,4.0293853103564725,-16.248247654257945,1.0,0.0,4.227740030059534,0.12,0.0,False,0.0037820659391213404,0.08124123827128972,0.18910472993304805,0.07577747210701764,7.577747210701764e-06,7.577747210701764e-06,-0.01624874015097928,0.0,0.8576180321831837,1.8552211680201136,1.6568664483170519,0.8576180321831837
216.0,0.0,0.0,-0.16842570411344226,5.9299323152259875,4.084623077314868,-33.68514082268845,1.0,0.0,4.21454528220217,0.04,0.0,False,0.0038220030455758842,0.16842570411344226,0.19110160038744012,0.07577747210701764,7.577747210701764e-06,7.577747210701764e-06,-0.03368616184487902,0.0,0.04532583684940139,1.8453092379111196,1.7153870330238172,0.04532583684940139
217.0,0.0,0.0,-0.17305948549128908,6.051454316481863,3.97860667006949,-34.61189709825781,1.0,0.0,4.200285622871687,-0.07,0.0,False,0.003814527014246865,0.17305948549128908,0.19072779598841533,0.07577747210701764,7.577747210701764e-06,7.577747210701764e-06,-0.03461294621113464,0.0,0.12152200125587509,2.0728476464123724,1.8511686936101759,0.12152200125587509
218.0,0.0,0.0,-0.18629889335722766,6.124732815489165,4.0447466769839195,-37.25977867144553,1.0,0.0,4.199271890261425,0.0,0.0,False,0.003804672914153459,0.18629889335722766,0.19023508725015104,0.07577747210701764,7.577747210701764e-06,7.577747210701764e-06,-0.037260908043622996,0.0,0.07327849900730232,2.0799861385052454,1.92546092522774,0.07327849900730232
219.0,0.0,0.0,-0.1980914100641267,6.445465684566431,3.843679680436226,-39.61828201282534,1.0,0.0,4.188394796613613,0.3,0.0,False,0.003859192047918135,0.19809141006412667,0.1929610645949955,0.07577747210701764,7.577747210701764e-06,7.577747210701764e-06,-0.03961948287302955,0.0,0.3207328690772657,2.6017860041302048,2.2570708879528176,0.3207328690772657
220.0,0.0,0.0,-0.23229389580720203,6.078171729481535,3.763774611610426,-46.458779161440404,1.0,0.0,4.143743660516396,0.25,0.0,False,0.004019882714080993,0.23229389580720197,0.2009956587868008,0.07577747210701764,7.577747210701764e-06,7.577747210701764e-06,-0.04646018736230618,0.0,-0.3672939550848957,2.314397117871109,1.934428068965139,0.3672939550848957
221.0,0.0,0.0,-0.19559097068846604,6.567254856239572,3.842604455692453,-39.11819413769321,1.0,0.0,4.122438713273363,-0.05,0.0,False,0.004203436394908775,0.19559097068846604,0.21017341237435958,0.07577747210701764,7.577747210701764e-06,7.577747210701764e-06,-0.03911937983985428,0.0,0.4890831267580369,2.724650400547119,2.444816142966209,0.4890831267580369
222.0,0.0,0.0,-0.24369951110661464,6.267339842396139,3.888149276029552,-48.73990222132293,1.0,0.0,4.1221879156502474,0.02,0.0,False,0.0040779719548625255,0.24369951110661464,0.20390014283515656,0.07577747210701764,7.577747210701764e-06,7.577747210701764e-06,-0.04874137956476038,0.0,-0.29991501384343255,2.3791905663665873,2.145151926745892,0.29991501384343255
223.0,0.0,0.0,-0.21256096791413193,6.121920322534264,3.9625909039168934,-42.512193582826384,1.0,0.0,4.130167410508901,-0.09,0.0,False,0.0041237666526913455,0.21256096791413195,0.20618989507762978,0.07577747210701764,7.577747210701764e-06,7.577747210701764e-06,-0.042513482159687206,0.0,-0.14541951986187485,2.159329418617371,1.9917529120253636,0.14541951986187485
224.0,0.0,0.0,-0.19866921589506614,6.420934756958212,3.949012474611387,-39.73384317901323,1.0,0.0,4.141649626590737,-0.03,0.0,False,0.004168421084275028,0.19866921589506614,0.20842263357581364,0.07577747210701764,7.577747210701764e-06,7.577747210701764e-06,-0.039735047541964115,0.0,0.29901443442394715,2.4719222823468248,2.279285130367475,0.29901443442394715
225.0,0.0,0.0,-0.22984319874834858,6.464842746917522,3.87762049692214,-45.96863974966971,1.0,0.0,4.135152890328775,0.11,0.0,False,0.004184880675510982,0.22984319874834852,0.20924561937394237,0.07577747210701764,7.577747210701764e-06,7.577747210701764e-06,-0.04597003309403783,0.0,0.04390798995931,2.5872222499953814,2.3296898565887467,0.04390798995931
226.0,0.0,0.0,-0.23696685421280936,6.041380092978157,3.7769174400131904,-47.39337084256187,1.0,0.0,4.122415684791817,0.21,0.0,False,0.003950747992293638,0.23696685421280936,0.19753889650316078,0.07577747210701764,7.577747210701764e-06,7.577747210701764e-06,-0.047394807371611,0.0,-0.42346265393936466,2.2644626529649665,1.9189644081863397,0.42346265393936466
227.0,0.0,0.0,-0.19304176424738517,5.815183530365833,3.8305585946491036,-38.608352849477036,1.0,0.0,4.095084421043503,-0.11,0.0,False,0.0040374093552766836,0.19304176424738514,0.20187199748720816,0.07577747210701764,7.577747210701764e-06,7.577747210701764e-06,-0.03860952309796161,0.0,-0.22619656261232368,1.9846249357167296,1.7200991093223301,0.22619656261232368
228.0,0.0,0.0,-0.16968905345808966,5.890898402340214,3.892323367450516,-33.93781069161793,1.0,0.0,4.110889309419778,0.02,0.0,False,0.003704870798116543,0.16968905345808963,0.18524494363454497,0.07577747210701764,7.577747210701764e-06,7.577747210701764e-06,-0.03393883937242404,0.0,0.07571487197438032,1.9985750348896976,1.7800090929204355,0.07571487197438032
229.0,0.0,0.0,-0.17825540421338798,4.885647564180344,3.874492965625078,-35.651080842677594,1.0,0.0,4.118228702747362,0.01,0.0,False,0.0038502894951114737,0.17825540421338798,0.1925159335815978,0.07577747210701764,7.577747210701764e-06,7.577747210701764e-06,-0.03565216145400262,0.0,-1.0052508381598697,1.0111545985552657,0.767418861432982,1.0052508381598697
230.0,0.0,0.0,-0.08005401110824406,4.069674732301288,3.879862411233004,-16.010802221648813,1.0,0.0,4.108276821486732,0.2,0.0,False,0.0037663709096744605,0.08005401110824409,0.18831997251405577,0.07577747210701764,7.577747210701764e-06,7.577747210701764e-06,-0.016011287521218828,0.0,-0.8159728318790558,0.18981232106828427,-0.038602089185443944,0.8159728318790558
231.0,0.0,0.0,0.0022774247818345226,4.724580105786306,3.939146667200726,0.4554849563669045,1.0,0.0,4.085077121644934,-0.11,0.0,False,0.003900669759347902,0.003620258098499636,0.19503496588186453,0.07577747210701764,7.577747210701764e-06,7.577747210701764e-06,0.0004554987624617155,0.0,0.6549053734850183,0.7854334385855806,0.6395029841413722,0.6549053734850183
232.0,0.0,0.0,-0.06192212834097452,4.591243424733128,3.8911046325535144,-12.384425668194904,1.0,0.0,4.092449843007097,-0.04,0.0,False,0.003903379378299663,0.06192212834097452,0.19517044785609292,0.07577747210701764,7.577747210701764e-06,7.577747210701764e-06,-0.012384801049538601,0.0,-0.1333366810531782,0.7001387921796138,0.49879358172603094,0.1333366810531782
233.0,0.0,0.0,-0.050993445971022185,4.312417776496473,3.806819217655801,-10.198689194204437,1.0,0.0,4.105335360864796,0.14,0.0,False,0.004027337642656518,0.050993445971022185,0.20136840804015527,0.07577747210701764,7.577747210701764e-06,7.577747210701764e-06,-0.010198998324216295,0.0,-0.2788256482366549,0.5055985588406724,0.20708241563167729,0.2788256482366549
234.0,0.0,0.0,-0.026863164524294946,3.6200012575948377,3.7002948444285346,-5.372632904858989,1.0,0.0,4.0812896442507585,0.3,0.0,False,0.004169289006608707,0.026863164524294946,0.20846603002134237,0.07577747210701764,7.577747210701764e-06,7.577747210701764e-06,-0.005372795753440994,0.0,-0.6924165189016356,-0.08029358683369692,-0.46128838665592076,0.6924165189016356
235.0,0.0,0.0,0.039708926960997246,3.467497741397143,3.7138926065826974,7.941785392199449,1.0,0.0,4.043775953140022,0.19,0.0,False,0.004076276030528519,0.039708926960997246,0.20381534597589196,0.07577747210701764,7.577747210701764e-06,7.577747210701764e-06,0.00794202611374373,0.0,-0.15250351619769464,-0.2463948651855543,-0.5762782117428791,0.15250351619769464
236.0,0.0,0.0,0.0549986495076714,4.1975672488113425,3.7270821558861846,10.99972990153428,1.0,0.0,4.0171055724153355,0.0,0.0,False,0.004113972529262394,0.05499864950767141,0.2057001851953126,0.07577747210701764,7.577747210701764e-06,7.577747210701764e-06,0.011000063311698092,0.0,0.7300695074141994,0.47048509292515783,0.18046167639600696,0.7300695074141994
237.0,0.0,0.0,-0.02097568916517329,4.569186390773908,3.5550213886816766,-4.195137833034658,1.0,0.0,4.017505074767001,0.25,0.0,False,0.004273653987905609,0.020975689165173287,0.21368431862875978,0.07577747210701764,7.577747210701764e-06,7.577747210701764e-06,-0.004195264990847135,0.0,0.3716191419625652,1.014165002092231,0.5516813160069063,0.3716191419625652
238.0,0.0,0.0,-0.06014550381963443,4.570654747667417,3.636683156829763,-12.029100763926886,1.0,0.0,3.9878024097361067,0.19,0.0,False,0.0041331129975140735,0.06014550381963443,0.2066572158599781,0.07577747210701764,7.577747210701764e-06,7.577747210701764e-06,-0.012029465375102986,0.0,0.001468356893509437,0.933971590837654,0.5828523379313104,0.001468356893509437
239.0,0.0,0.0,-0.060917914360290835,4.858968669875405,3.831853389205309,-12.183582872058167,1.0,0.0,3.9677085642063736,0.06,0.0,False,0.004126028970157693,0.060917914360290835,0.20630301180811067,0.07577747210701764,7.577747210701764e-06,7.577747210701764e-06,-0.012183952165704243,0.0,0.2883139222079878,1.0271152806700958,0.8912601056690312,0.2883139222079878
240.0,0.0,0.0,-0.09315519135323508,4.351447946454431,3.584143922416331,-18.631038270647014,1.0,0.0,3.961452523036728,0.27,0.0,False,0.004092872994194301,0.09315519135323508,0.2046452004475608,0.07577747210701764,7.577747210701764e-06,7.577747210701764e-06,-0.018631602991560837,0.0,-0.5075207234209742,0.7673040240380997,0.38999542341770255,0.5075207234209742
241.0,0.0,0.0,-0.045449108560528806,4.150054577132159,3.7287323051580747,-9.089821712105762,1.0,0.0,3.927381461018483,0.22,0.0,False,0.0040417472600053714,0.045449108560528806,0.20208889436721986,0.07577747210701764,7.577747210701764e-06,7.577747210701764e-06,-0.009090097231502435,0.0,-0.2013933693222718,0.4213222719740841,0.2226731161136759,0.2013933693222718
242.0,0.0,0.0,-0.025000006842527657,3.7947502200207017,3.711103133652677,-5.000001368505531,1.0,0.0,3.896939640756362,0.01,0.0,False,0.004179421826476757,0.025000006842527657,0.20897267485394222,0.07577747210701764,7.577747210701764e-06,7.577747210701764e-06,-0.0050001529223427845,0.0,-0.35530435711145714,0.08364708636802476,-0.10218942073566017,0.35530435711145714
243.0,0.0,0.0,0.01097601384323437,3.668947878095464,3.7490379799966713,2.195202768646874,1.0,0.0,3.9000450365202766,-0.11,0.0,False,0.00424483005705949,0.010989242073029036,0.2122431111654307,0.07577747210701764,7.577747210701764e-06,7.577747210701764e-06,0.0021952693069092898,0.0,-0.12580234192523765,-0.08009010190120724,-0.2310971584248125,0.12580234192523765
244.0,0.0,0.0,0.025335811926593014,3.059056086478919,3.8438465212574493,5.0671623853186025,1.0,0.0,3.904514517125959,-0.1,0.0,False,0.0044072644232716045,0.025335811926593017,0.22036489102036474,0.07577747210701764,7.577747210701764e-06,7.577747210701764e-06,0.005067315974857262,0.0,-0.6098917916165449,-0.7847904347785302,-0.8454584306470401,0.6098917916165449
245.0,0.0,0.0,0.08717464247255988,4.045180995071676,3.9122844502357697,17.434928494511976,1.0,0.0,3.922315596780302,-0.06,0.0,False,0.004405054339384153,0.08717464247255988,0.22025438598861938,0.07577747210701764,7.577747210701764e-06,7.577747210701764e-06,0.01743545696043045,0.0,0.9861249085927568,0.1328965448359063,0.1228653982913741,0.9861249085927568
246.0,0.0,0.0,-0.009704345436333483,4.505308508710373,3.9011548919752856,-1.9408690872666965,1.0,0.0,3.930835540574709,0.04,0.0,False,0.004216597713651259,0.009729383698338005,0.21083148329814108,0.07577747210701764,7.577747210701764e-06,7.577747210701764e-06,-0.0019409279164821513,0.0,0.46012751363869686,0.6041536167350872,0.5744729681356637,0.46012751363869686
247.0,0.0,0.0,-0.052140240443740896,4.649482208631604,4.093526808034689,-10.428048088748179,1.0,0.0,3.9481338638545136,0.24,0.0,False,0.004114332366611564,0.052140240443740896,0.20571817719910893,0.07577747210701764,7.577747210701764e-06,7.577747210701764e-06,-0.01042836417080225,0.0,0.14417369992123152,0.5559554005969156,0.7013483447770907,0.14417369992123152
248.0,0.0,0.0,-0.06426376132051964,5.276556763378759,4.084702157418708,-12.852752264103927,1.0,0.0,3.983886348994885,0.0,0.0,False,0.004146964799362134,0.06426376132051964,0.20734981120065377,0.07577747210701764,7.577747210701764e-06,7.577747210701764e-06,-0.012853141840782279,0.0,0.6270745547471543,1.1918546059600503,1.2926704143838736,0.6270745547471543
249.0,0.0,0.0,-0.1238900379540123,5.544941639237698,4.075958403897129,-24.77800759080246,1.0,0.0,4.006820246699504,0.14,0.0,False,0.004120253047389235,0.1238900379540123,0.2060142134812636,0.07577747210701764,7.577747210701764e-06,7.577747210701764e-06,-0.024778758631022874,0.0,0.26838487585893933,1.468983235340569,1.5381213925381942,0.26838487585893933
250.0,0.0,0.0,-0.1480988947392403,6.614154738599035,4.2354615383054846,-29.619778947848058,1.0,0.0,4.03760944346916,0.13,0.0,False,0.004185100810440178,0.1480988947392403,0.20925662620380853,0.07577747210701764,7.577747210701764e-06,7.577747210701764e-06,-0.02962067674583396,0.0,1.0692130993613373,2.378693200293551,2.5765452951298755,1.0692130993613373
251.0,0.0,0.0,-0.2503444817719392,6.309771591248398,4.302016293990105,-50.06889635438784,1.0,0.0,4.063896579045971,0.26,0.0,False,0.004359518540725776,0.25034448177193913,0.21797757880276195,0.07577747210701764,7.577747210701764e-06,7.577747210701764e-06,-0.05007041398064637,0.0,-0.3043831473506371,2.007755297258293,2.2458750122024274,0.3043831473506371
252.0,0.0,0.0,-0.21645013561615972,5.9252803151231355,4.260343553559187,-43.290027123231944,1.0,0.0,4.110615068519723,0.15,0.0,False,0.004290519501615626,0.2164501356161597,0.21452760070439056,0.07577747210701764,7.577747210701764e-06,7.577747210701764e-06,-0.04329133927681787,0.0,-0.3844912761252628,1.6649367615639488,1.814665246603412,0.3844912761252628
253.0,0.0,0.0,-0.1737354073542659,6.443172983978204,4.295514776996438,-34.74708147085318,1.0,0.0,4.145188224866232,0.31,0.0,False,0.004166055929272222,0.17373540735426588,0.20830437492954595,0.07577747210701764,7.577747210701764e-06,7.577747210701764e-06,-0.03474813468127097,0.0,0.5178926688550689,2.1476582069817667,2.297984759111972,0.5178926688550689
254.0,0.0,0.0,-0.2216283997540592,6.125566281052419,4.277991677975192,-44.32567995081184,1.0,0.0,4.1878604154305545,0.24,0.0,False,0.0038131614528489443,0.22162839975405915,0.19065951740112547,0.07577747210701764,7.577747210701764e-06,7.577747210701764e-06,-0.04432702349582119,0.0,-0.31760670292578563,1.847574603077227,1.9377058656218642,0.31760670292578563
255.0,0.0,0.0,-0.1866945643180487,5.553161294525008,4.327200896299203,-37.33891286360974,1.0,0.0,4.226805014238212,0.07,0.0,False,0.0038854279606457954,0.1866945643180487,0.1942728701718343,0.07577747210701764,7.577747210701764e-06,7.577747210701764e-06,-0.03734004463440465,0.0,-0.5724049865274106,1.225960398225805,1.326356280286796,0.5724049865274106
256.0,0.0,0.0,-0.1263080035277999,4.029099774257748,4.354609535009497,-25.261600705559978,1.0,0.0,4.258549901661232,0.14,0.0,False,0.003888305474259753,0.1263080035277999,0.19441674694278574,0.07577747210701764,7.577747210701764e-06,7.577747210701764e-06,-0.025262366403854822,0.0,-1.52406152026726,-0.325509760751749,-0.22945012740348414,1.52406152026726
257.0,0.0,0.0,0.028282335261191137,4.445438452490395,4.372013803930989,5.656467052238227,1.0,0.0,4.2900334027409395,0.15,0.0,False,0.004014110980052851,0.028282335261191137,0.20070706989855666,0.07577747210701764,7.577747210701764e-06,7.577747210701764e-06,0.005656638504048714,0.0,0.4163386782326466,0.07342464855940545,0.15540504974945524,0.4163386782326466
258.0,0.0,0.0,-0.012166904904120151,4.256103780666044,4.214162336639822,-2.43338098082403,1.0,0.0,4.311933842689016,-0.02,0.0,False,0.004031840013594979,0.012166904904120151,0.2015935282929698,0.07577747210701764,7.577747210701764e-06,7.577747210701764e-06,-0.0024334547384488713,0.0,-0.1893346718243505,0.04194144402622246,-0.055830062022971916,0.1893346718243505
259.0,0.0,0.0,0.005815366190465573,4.313093444083666,4.121400516265899,1.1630732380931146,1.0,0.0,4.323764793562708,0.06,0.0,False,0.00405520054862045,0.00605312077275271,0.20276156389525482,0.07577747210701764,7.577747210701764e-06,7.577747210701764e-06,0.0011631084917259136,0.0,0.056989663417621905,0.19169292781776726,-0.01067134947904158,0.056989663417621905
260.0,0.0,0.0,-0.00013773164621677206,3.5772074786690067,4.168905177905312,-0.02754632924335441,1.0,0.0,4.314259645939447,-0.08,0.0,False,0.0041336230276858765,0.0033104594943199673,0.20668271756181222,0.07577747210701764,7.577747210701764e-06,7.577747210701764e-06,-2.7547164193505715e-05,0.0,-0.7358859654146594,-0.5916976992363057,-0.73705216727044,0.7358859654146594
261.0,0.0,0.0,0.07639238928787796,3.0150113410009167,4.344127164709263,15.278477857575592,1.0,0.0,4.311716075436718,0.09,0.0,False,0.004003291566985098,0.07639238928787796,0.20016609514583014,0.07577747210701764,7.577747210701764e-06,7.577747210701764e-06,0.015278940959838182,0.0,-0.56219613766809,-1.3291158237083467,-1.2967047344358011,0.56219613766809
262.0,0.0,0.0,0.13465542189278976,3.715153780469616,4.462508278143736,26.93108437855795,1.0,0.0,4.341160315658528,0.0,0.0,False,0.004168014749387705,0.13465542189278976,0.2084023166774923,0.07577747210701764,7.577747210701764e-06,7.577747210701764e-06,0.026931900680170325,0.0,0.7001424394686993,-0.7473544976741202,-0.6260065351889121,0.7001424394686993
263.0,0.0,0.0,0.07121418035099597,3.930726410726434,4.640714233182771,14.242836070199195,1.0,0.0,4.361616579166196,0.41,0.0,False,0.003930869885002895,0.07121418035099597,0.19654498360706008,0.07577747210701764,7.577747210701764e-06,7.577747210701764e-06,0.014243267781372996,0.0,0.21557263025681817,-0.7099878224563367,-0.43089016843976147,0.21557263025681817
264.0,0.0,0.0,0.05264417069516296,4.854082360637158,4.660758381396336,10.528834139032591,1.0,0.0,4.427322566132401,0.16,0.0,False,0.0037796076444905815,0.05264417069516296,0.1889818142700934,0.07577747210701764,7.577747210701764e-06,7.577747210701764e-06,0.010529153275988358,0.0,0.9233559499107242,0.19332397924082212,0.42675979450475765,0.9233559499107242
265.0,0.0,0.0,-0.03854515283285712,5.303452943910849,4.704288533500164,-7.709030566571425,1.0,0.0,4.457188063888946,0.07,0.0,False,0.0038060268232335747,0.038545152832857116,0.1903027832171359,0.07577747210701764,7.577747210701764e-06,7.577747210701764e-06,-0.007709264233140243,0.0,0.4493705832736907,0.599164410410685,0.846264880021903,0.4493705832736907
266.0,0.0,0.0,-0.07912249670123628,5.607383789296694,4.689440888390507,-15.824499340247256,1.0,0.0,4.468616228037369,0.18,0.0,False,0.0037311927799448213,0.07912249670123628,0.18656105269902515,0.07577747210701764,7.577747210701764e-06,7.577747210701764e-06,-0.0158249789928355,0.0,0.30393084538584514,0.917942900906187,1.1387675612593249,0.30393084538584514
267.0,0.0,0.0,-0.1056540986190612,5.598372096541581,4.754404610877583,-21.13081972381224,1.0,0.0,4.512197998384553,0.18,0.0,False,0.003655991970552913,0.10565409861906122,0.18280098373679352,0.07577747210701764,7.577747210701764e-06,7.577747210701764e-06,-0.02113146021499963,0.0,-0.009011692755112932,0.843967485663998,1.086174098157028,0.009011692755112932
268.0,0.0,0.0,-0.10225403681462546,4.327027418048416,4.678645028988327,-20.45080736292509,1.0,0.0,4.550802772103527,0.01,0.0,False,0.003832994040828759,0.10225403681462546,0.191651154314433,0.07577747210701764,7.577747210701764e-06,7.577747210701764e-06,-0.020451427242421584,0.0,-1.2713446784931657,-0.3516176109399112,-0.2237753540551113,1.2713446784931657
269.0,0.0,0.0,0.027696690382546345,4.354475293420434,4.854186329584627,5.539338076509269,1.0,0.0,4.575792985633215,0.11,0.0,False,0.003835030424718935,0.027696690382546345,0.19175297428050195,0.07577747210701764,7.577747210701764e-06,7.577747210701764e-06,0.005539505978051582,0.0,0.027447875372017982,-0.499711036164193,-0.2213176922127813,0.027447875372017982
270.0,0.0,0.0,0.030371893500169445,4.729767224390879,4.904761589398197,6.074378700033889,1.0,0.0,4.604004815799794,0.32,0.0,False,0.0038929552174337178,0.030371893500169445,0.1946492358632129,0.07577747210701764,7.577747210701764e-06,7.577747210701764e-06,0.006074562819063679,0.0,0.37529193097044544,-0.17499436500731758,0.12576240859108534,0.37529193097044544
271.0,0.0,0.0,-0.00041006775481694665,4.916682347302398,5.141215400212457,-0.08201355096338933,1.0,0.0,4.65820573594869,0.48,0.0,False,0.003852229508319608,0.003068630614933786,0.19261293497705098,0.07577747210701764,7.577747210701764e-06,7.577747210701764e-06,-8.201603685637999e-05,0.0,0.18691512291151913,-0.22453305291005865,0.25847661135370803,0.18691512291151913
272.0,0.0,0.0,-0.01502082254943665,4.572295534122076,5.024041399365622,-3.00416450988733,1.0,0.0,4.72566639147322,0.29,0.0,False,0.003993553115827061,0.01502082254943665,0.19967916889815224,0.07577747210701764,7.577747210701764e-06,7.577747210701764e-06,-0.0030042555683942496,0.0,-0.34438681318032227,-0.451745865243546,-0.15337085735114453,0.34438681318032227
273.0,0.0,0.0,0.022992040570617166,5.400252185079619,4.951956003388218,4.598408114123433,1.0,0.0,4.766468430608223,0.22,0.0,False,0.004010831457003841,0.022992040570617166,0.20054309250353636,0.07577747210701764,7.577747210701764e-06,7.577747210701764e-06,0.004598547495364275,0.0,0.8279566509575433,0.4482961816914015,0.6337837544713967,0.8279566509575433
274.0,0.0,0.0,-0.05826714426609527,5.481265861842649,4.940591004511351,-11.653428853219054,1.0,0.0,4.802224651221812,0.08,0.0,False,0.00395334063597789,0.05826714426609527,0.19766852966969337,0.07577747210701764,7.577747210701764e-06,7.577747210701764e-06,-0.011653782077494351,0.0,0.08101367676303006,0.5406748573312985,0.679041210620837,0.08101367676303006
275.0,0.0,0.0,-0.061990656972007126,4.684017093394656,4.989978161764261,-12.398131394401425,1.0,0.0,4.81755866573417,0.2,0.0,False,0.003923898512973754,0.061990656972007126,0.1961964123642383,0.07577747210701764,7.577747210701764e-06,7.577747210701764e-06,-0.012398507191176087,0.0,-0.797248768447993,-0.305961068369605,-0.1335415723395137,0.797248768447993
276.0,0.0,0.0,0.02335886963671185,5.594570472737255,5.045628344239934,4.67177392734237,1.0,0.0,4.861335804646181,0.27,0.0,False,0.0036822120324649195,0.02335886963671185,0.18411199676684387,0.07577747210701764,7.577747210701764e-06,7.577747210701764e-06,0.004671915532356706,0.0,0.9105533793425984,0.5489421284973206,0.7332346680910735,0.9105533793425984
277.0,0.0,0.0,-0.06289191745517142,6.055549974249535,5.303410087517303,-12.578383491034284,1.0,0.0,4.9176146401422365,0.37,0.0,False,0.003692453710501506,0.06289191745517142,0.18462408454911555,0.07577747210701764,7.577747210701764e-06,7.577747210701764e-06,-0.012578764751386836,0.0,0.4609795015122806,0.7521398867322322,1.1379353341072989,0.4609795015122806
278.0,0.0,0.0,-0.10091205025320313,6.501169926386021,5.374670580960186,-20.182410050640627,1.0,0.0,4.965627469232937,0.6,0.0,False,0.0037041017553661668,0.10091205025320313,0.18520649120564556,0.07577747210701764,7.577747210701764e-06,7.577747210701764e-06,-0.02018302179481083,0.0,0.44561995213648586,1.1264993454258354,1.5355424571530838,0.44561995213648586
279.0,0.0,0.0,-0.1433166444609712,6.719292216004229,5.179192760690578,-28.66332889219424,1.0,0.0,5.046391237417138,0.01,0.0,False,0.0037922959828622905,0.14331664446097117,0.18961623599612976,0.07577747210701764,7.577747210701764e-06,7.577747210701764e-06,-0.028664197699452863,0.0,0.2181222896182078,1.5400994553136513,1.6729009785870907,0.2181222896182078
280.0,0.0,0.0,-0.16017005975428425,6.220308675051079,5.356857825136022,-32.03401195085685,1.0,0.0,5.06794918091117,0.33,0.0,False,0.004037756541840473,0.16017005975428425,0.20188935694694227,0.07577747210701764,7.577747210701764e-06,7.577747210701764e-06,-0.03203498292607785,0.0,-0.4989835409531498,0.8634508499150568,1.1523594941399091,0.4989835409531498
281.0,0.0,0.0,-0.10420839080651069,6.456756348297222,5.424952464945792,-20.841678161302138,1.0,0.0,5.117530932050212,0.43,0.0,False,0.0038739514190785063,0.10420839080651068,0.19369903874515332,0.07577747210701764,7.577747210701764e-06,7.577747210701764e-06,-0.02084230988838926,0.0,0.23644767324614246,1.0318038833514294,1.33922541624701,0.23644767324614246
282.0,0.0,0.0,-0.12371785210749059,6.056830798448214,5.419180739870903,-24.743570421498116,1.0,0.0,5.178185283743835,0.18,0.0,False,0.0040319124345229475,0.12371785210749059,0.20159714936680762,0.07577747210701764,7.577747210701764e-06,7.577747210701764e-06,-0.024744320417901786,0.0,-0.39992554984900774,0.6376500585773108,0.8786455147043792,0.39992554984900774
283.0,0.0,0.0,-0.07822331432354841,6.358842929587828,5.507410812141787,-15.644662864709684,1.0,0.0,5.219530952091881,0.32,0.0,False,0.0037726193409405046,0.07822331432354841,0.1886323964448096,0.07577747210701764,7.577747210701764e-06,7.577747210701764e-06,-0.01564513706631783,0.0,0.3020121311396142,0.8514321174460413,1.1393119774959475,0.3020121311396142
284.0,0.0,0.0,-0.10178591859423113,6.067453008196126,5.553475426593481,-20.357183718846226,1.0,0.0,5.274568017387634,0.38,0.0,False,0.003931944882807962,0.10178591859423115,0.19659873390461652,0.07577747210701764,7.577747210701764e-06,7.577747210701764e-06,-0.020357800760538995,0.0,-0.29138992139170217,0.5139775816026448,0.7928849908084921,0.29138992139170217
285.0,0.0,0.0,-0.06707038356308032,6.136499110670967,5.588450544282913,-13.414076712616064,1.0,0.0,5.340945178247482,0.38,0.0,False,0.0039023718277402834,0.06707038356308032,0.1951200699463758,0.07577747210701764,7.577747210701764e-06,7.577747210701764e-06,-0.013414483303464581,0.0,0.06904610247484122,0.5480485663880543,0.795553932423485,0.06904610247484122
286.0,0.0,0.0,-0.06908136610019655,5.980933259380586,5.663384422063753,-13.81627322003931,1.0,0.0,5.396723760444726,0.31,0.0,False,0.003869979809391447,0.06908136610019655,0.19350045675600763,0.07577747210701764,7.577747210701764e-06,7.577747210701764e-06,-0.013816692001769297,0.0,-0.15556585129038147,0.31754883731683314,0.5842094989358602,0.15556585129038147
287.0,0.0,0.0,-0.049648864280949445,5.4741871589201025,5.647404833800406,-9.929772856189889,1.0,0.0,5.445659275612538,0.21,0.0,False,0.003759738841917659,0.049648864280949445,0.1879883666134091,0.07577747210701764,7.577747210701764e-06,7.577747210701764e-06,-0.009930073835143391,0.0,-0.5067461004604832,-0.17321767488030382,0.028527883307564394,0.5067461004604832
288.0,0.0,0.0,0.002659407721443195,5.934455694644042,5.680727474671298,0.531881544288639,1.0,0.0,5.484425805243951,0.0,0.0,False,0.003935837432444151,0.00384336031840031,0.19679336286126384,0.07577747210701764,7.577747210701764e-06,7.577747210701764e-06,0.0005318976660220267,0.0,0.4602685357239391,0.25372821997274375,0.45002988940009025,0.4602685357239391
289.0,0.0,0.0,-0.040166195292822844,7.317757925245654,5.820501825665778,-8.033239058564568,1.0,0.0,5.500782243750507,0.11,0.0,False,0.004068266032092386,0.040166195292822844,0.20341484301919813,0.07577747210701764,7.577747210701764e-06,7.577747210701764e-06,-0.008033482552138904,0.0,1.383302230601612,1.497256099579876,1.8169756814951468,1.383302230601612
290.0,0.0,0.0,-0.17540491267294678,7.7389026369506775,5.822130466884265,-35.08098253458935,1.0,0.0,5.532778523252096,0.19,0.0,False,0.003980848767189271,0.17540491267294678,0.19904394665274566,0.07577747210701764,7.577747210701764e-06,7.577747210701764e-06,-0.03508204586580187,0.0,0.42114471170502377,1.9167721700664124,2.206124113698581,0.42114471170502377
291.0,0.0,0.0,-0.21123220597933692,6.94637121641492,5.877833312182844,-42.246441195867384,1.0,0.0,5.563642339811801,0.43,0.0,False,0.004004776177671066,0.2112322059793369,0.20024032624262883,0.07577747210701764,7.577747210701764e-06,7.577747210701764e-06,-0.04224772171757161,0.0,-0.7925314205357576,1.068537904232076,1.3827288766031192,0.7925314205357576
292.0,0.0,0.0,-0.12418796896980881,7.0830285983001575,5.882305639422835,-24.837593793961762,1.0,0.0,5.626500543944327,0.39,0.0,False,0.004023892860614564,0.1241879689698088,0.20119616763287324,0.07577747210701764,7.577747210701764e-06,7.577747210701764e-06,-0.02483834664028523,0.0,0.13665738188523768,1.2007229588773223,1.4565280543558305,0.13665738188523768
293.0,0.0,0.0,-0.13539345321049395,6.330804871480325,5.719014249519845,-27.07869064209879,1.0,0.0,5.70444447346506,0.05,0.0,False,0.004055376016373953,0.13539345321049395,0.20277033734941244,0.07577747210701764,7.577747210701764e-06,7.577747210701764e-06,-0.027079511417769063,0.0,-0.7522237268198326,0.6117906219604796,0.6263603980152652,0.7522237268198326
294.0,0.0,0.0,-0.05956708197044966,6.151154085161169,5.8482857618137185,-11.913416394089932,1.0,0.0,5.729042767327099,0.0,0.0,False,0.003963869992906354,0.05956708197044966,0.19819500150555683,0.07577747210701764,7.577747210701764e-06,7.577747210701764e-06,-0.011913777498784962,0.0,-0.1796507863191561,0.3028683233474503,0.4221113178340694,0.1796507863191561
295.0,0.0,0.0,-0.04021154656577894,6.503654290846306,5.81915839086855,-8.042309313155787,1.0,0.0,5.735111482561366,0.05,0.0,False,0.0037842922229060737,0.04021154656577894,0.18921604496579553,0.07577747210701764,7.577747210701764e-06,7.577747210701764e-06,-0.008042553081656426,0.0,0.3525002056851374,0.6844958999777564,0.7685428082849404,0.3525002056851374
296.0,0.0,0.0,-0.07370848034842692,5.845029397031324,5.808852407921615,-14.741696069685384,1.0,0.0,5.749023383856638,0.0,0.0,False,0.0038098064451976715,0.07370848034842692,0.1904917657473917,0.07577747210701764,7.577747210701764e-06,7.577747210701764e-06,-0.014742142901684484,0.0,-0.6586248938149826,0.03617698910970901,0.09600601317468538,0.6586248938149826
297.0,0.0,0.0,-0.005619665648933289,5.675853007938025,5.918099546906416,-1.123933129786658,1.0,0.0,5.766541560150469,0.08,0.0,False,0.0038570045599591843,0.005814703436264892,0.19285168936823652,0.07577747210701764,7.577747210701764e-06,7.577747210701764e-06,-0.0011239671970530607,0.0,-0.16917638909329824,-0.24224653896839055,-0.09068855221244387,0.16917638909329824
298.0,0.0,0.0,0.018139352276506565,6.053305782804004,6.126158123977864,3.627870455301313,1.0,0.0,5.788830611321706,0.51,0.0,False,0.00391187482697622,0.018139352276506565,0.19559522350873892,0.07577747210701764,7.577747210701764e-06,7.577747210701764e-06,0.0036279804188089275,0.0,0.3774527748659784,-0.07285234117385997,0.2644751714822977,0.3774527748659784
299.0,0.0,0.0,-0.014793507380926451,5.868355129578468,6.117503533467749,-2.9587014761852903,1.0,0.0,5.857253403474397,0.23,0.0,False,0.003964363165205954,0.01479350738092645,0.19821966030739357,0.07577747210701764,7.577747210701764e-06,7.577747210701764e-06,-0.002958791156673145,0.0,-0.1849506532255356,-0.24914840388928106,0.011101726104071119,0.1849506532255356
300.0,0.0,0.0,0.010184907423743316,6.310369576739945,6.277245791609524,2.0369814847486634,1.0,0.0,5.905365103921774,0.41,0.0,False,0.004007970613981202,0.010188538632162642,0.20040004926846713,0.07577747210701764,7.577747210701764e-06,7.577747210701764e-06,0.00203704322720385,0.0,0.4420144471614771,0.03312378513042091,0.4050044728181712,0.4420144471614771
301.0,0.0,0.0,-0.026722317775164633,5.664330054524539,6.460666814773325,-5.3444635550329265,1.0,0.0,5.970208062748592,0.52,0.0,False,0.0038141446012659812,0.026722317775164636,0.19070867519447973,0.07577747210701764,7.577747210701764e-06,7.577747210701764e-06,-0.005344625549780554,0.0,-0.6460395222154061,-0.7963367602487859,-0.3058780082240524,0.6460395222154061
302.0,0.0,0.0,0.04718631152951667,5.116880618730222,6.575230696247851,9.437262305903333,1.0,0.0,6.043136274239849,0.65,0.0,False,0.003751049056368264,0.04718631152951666,0.18755387404348942,0.07577747210701764,7.577747210701764e-06,7.577747210701764e-06,0.009437548356488166,0.0,-0.5474494357943174,-1.458350077517629,-0.9262556555096273,0.5474494357943174
303.0,0.0,0.0,0.10887130149167708,5.228841906223678,6.6152025248581054,21.774260298335417,1.0,0.0,6.136211048116734,0.61,0.0,False,0.003828783551276181,0.1088713014916771,0.19144062824150282,0.07577747210701764,7.577747210701764e-06,7.577747210701764e-06,0.02177492029269509,0.0,0.11196128749345657,-1.386360618634427,-0.9073691418930556,0.11196128749345657
304.0,0.0,0.0,0.1082208236669178,4.737462716912994,6.75276688133529,21.644164733383562,1.0,0.0,6.205634883607051,0.72,0.0,False,0.00376714825702465,0.1082208236669178,0.18835884017609236,0.07577747210701764,7.577747210701764e-06,7.577747210701764e-06,0.021644820784447898,0.0,-0.4913791893106847,-2.0153041644222967,-1.4681721666940577,0.4913791893106847
305.0,0.0,0.0,0.1653488583671732,4.837482901347888,6.8201659174849985,33.06977167343464,1.0,0.0,6.311091146395089,0.54,0.0,False,0.0038011317253967294,0.16534885836717314,0.190058026470603,0.07577747210701764,7.577747210701764e-06,7.577747210701764e-06,0.03307077404331912,0.0,0.10002018443489469,-1.98268301613711,-1.4736082450472008,0.10002018443489469
306.0,0.0,0.0,0.16003722475870863,4.493907384648525,6.693847729209288,32.007444951741725,1.0,0.0,6.391013949177238,0.22,0.0,False,0.003940327421723345,0.16003722475870863,0.19701786402642363,0.07577747210701764,7.577747210701764e-06,7.577747210701764e-06,0.03200841512169681,0.0,-0.3435755166993637,-2.1999403445607637,-1.8971065645287135,0.3435755166993637
307.0,0.0,0.0,0.20242932215430584,4.4333390827561265,6.789914055694145,40.48586443086117,1.0,0.0,6.437915785016649,0.56,0.0,False,0.003916490923459033,0.20242932215430584,0.1958260300818602,0.07577747210701764,7.577747210701764e-06,7.577747210701764e-06,0.040487091588147096,0.0,-0.060568301892398146,-2.3565749729380183,-2.0045767022605228,0.060568301892398146
308.0,0.0,0.0,0.21227399192353993,3.623646811887042,6.788546444717394,42.454798384707985,1.0,0.0,6.5182773041031465,0.2,0.0,False,0.004062485667428639,0.21227399192353993,0.20312582259590364,0.07577747210701764,7.577747210701764e-06,7.577747210701764e-06,0.04245608522187678,0.0,-0.8096922708690846,-3.164899632830352,-2.8946304922161046,0.8096922708690846
309.0,0.0,0.0,0.29438754381029897,3.9249721063597627,6.564806109635554,58.87750876205979,1.0,0.0,6.556159429924033,0.08,0.0,False,0.0038437011966402923,0.29438754381029897,0.19218651616181565,0.07577747210701764,7.577747210701764e-06,7.577747210701764e-06,0.0588792933840475,0.0,0.3013252944727207,-2.639834003275791,-2.6311873235642707,0.3013252944727207
310.0,0.0,0.0,0.265961889356144,4.630948459933549,6.4773297798972,53.19237787122881,1.0,0.0,6.567633789709478,-0.1,0.0,False,0.0038842827150373494,0.265961889356144,0.19421560745749294,0.07577747210701764,7.577747210701764e-06,7.577747210701764e-06,0.05319399017258331,0.0,0.7059763535737864,-1.8463813199636512,-1.936685329775929,0.7059763535737864
311.0,0.0,0.0,0.19778956679023696,4.1099645751653515,6.537559564900056,39.557913358047394,1.0,0.0,6.584691769519461,-0.05,0.0,False,0.004127057993158907,0.19778956679023701,0.20635446334805507,0.07577747210701764,7.577747210701764e-06,7.577747210701764e-06,0.03955911238843185,0.0,-0.5209838847681976,-2.427594989734705,-2.4747271943541094,0.5209838847681976
312.0,0.0,0.0,0.2551360600150794,3.704740878031766,6.652713258813684,51.027212003015876,1.0,0.0,6.60891906780282,0.12,0.0,False,0.0040200514986728905,0.2551360600150794,0.20100409808034597,0.07577747210701764,7.577747210701764e-06,7.577747210701764e-06,0.051028758676549234,0.0,-0.4052236971335854,-2.9479723807819176,-2.9041781897710535,0.4052236971335854
313.0,0.0,0.0,0.2960567036090718,3.5396218827852133,6.770387027880344,59.211340721814366,1.0,0.0,6.6614218431445,0.0,0.0,False,0.004121737153281989,0.2960567036090718,0.20608841933821032,0.07577747210701764,7.577747210701764e-06,7.577747210701764e-06,0.0592131354625022,0.0,-0.16511899524655282,-3.2307651450951305,-3.1217999603592865,0.16511899524655282
314.0,0.0,0.0,0.3134396512650476,3.885521229673185,6.925319524499968,62.68793025300951,1.0,0.0,6.665420086265481,0.0,0.0,False,0.0038550143355496214,0.3134396512650476,0.19275217739368736,0.07577747210701764,7.577747210701764e-06,7.577747210701764e-06,0.0626898303717653,0.0,0.34589934688797186,-3.0397982948267828,-2.779898856592296,0.34589934688797186
315.0,0.0,0.0,0.2806478545497931,4.426618661590807,6.79492193714048,56.129570909958616,1.0,0.0,6.67413715375784,0.08,0.0,False,0.003941974254181408,0.2806478545497931,0.19710020627329075,0.07577747210701764,7.577747210701764e-06,7.577747210701764e-06,0.056131272239863916,0.0,0.5410974319176223,-2.368303275549673,-2.247518492167033,0.5410974319176223
316.0,0.0,0.0,0.22879281159257037,3.831987621263137,6.717162460914044,45.75856231851407,1.0,0.0,6.692106109095963,0.01,0.0,False,0.003835162537589981,0.2287928115925704,0.1917595799741101,0.07577747210701764,7.577747210701764e-06,7.577747210701764e-06,0.04575994929527577,0.0,-0.5946310403276702,-2.8851748396509067,-2.860118487832826,0.5946310403276702
317.0,0.0,0.0,0.29137020176670014,3.9264543543147736,6.704865628846867,58.274040353340034,1.0,0.0,6.714633464221002,-0.06,0.0,False,0.003969033616829582,0.29137020176670014,0.1984531846581501,0.07577747210701764,7.577747210701764e-06,7.577747210701764e-06,0.058275806683742146,0.0,0.09446673305163644,-2.7784112745320932,-2.7881791099062285,0.09446673305163644
318.0,0.0,0.0,0.2852211182933403,4.349703341195163,6.76864875623763,57.04422365866806,1.0,0.0,6.745800035416822,-0.03,0.0,False,0.003923517534291818,0.28522111829334024,0.19617736328579335,0.07577747210701764,7.577747210701764e-06,7.577747210701764e-06,0.05704595271239254,0.0,0.42324898688038903,-2.418945415042467,-2.3960966942216597,0.42324898688038903
319.0,0.0,0.0,0.24336533884404968,4.311580010970493,6.694781593828401,48.673067768809936,1.0,0.0,6.7787736039248525,0.06,0.0,False,0.004084598782836758,0.24336533884404965,0.20423148674468955,0.07577747210701764,7.577747210701764e-06,7.577747210701764e-06,0.048674543086444394,0.0,-0.038123330224669516,-2.3832015828579083,-2.4671935929543594,0.038123330224669516
320.0,0.0,0.0,0.2481217216054831,3.1917636636019386,6.604735823395487,49.62434432109662,1.0,0.0,6.783448937686537,-0.02,0.0,False,0.004187636820624658,0.24812172160548307,0.2093834276738948,0.07577747210701764,7.577747210701764e-06,7.577747210701764e-06,0.04962584847264554,0.0,-1.1198163473685545,-3.412972159793548,-3.5916852740845986,1.1198163473685545
321.0,0.0,0.0,0.3570836978907408,3.187522786944201,6.602186983624836,71.41673957814815,1.0,0.0,6.7928912372095125,0.06,0.0,False,0.004247862316245507,0.35708369789074085,0.21239472527361625,0.07577747210701764,7.577747210701764e-06,7.577747210701764e-06,0.07141890427374112,0.0,-0.004240876657737758,-3.4146641966806355,-3.6053684502653116,0.004240876657737758
322.0,0.0,0.0,0.36076357014314875,3.280464692715012,6.728919135915171,72.15271402862975,1.0,0.0,6.7627359370091265,-0.1,0.0,False,0.004216330769717112,0.36076357014314875,0.21081813600029203,0.07577747210701764,7.577747210701764e-06,7.577747210701764e-06,0.07215490103216701,0.0,0.09294190577081096,-3.448454443200159,-3.4822712442941146,0.09294190577081096
323.0,0.0,0.0,0.3506403253143754,3.3289523136319876,6.605826849279264,70.12806506287508,1.0,0.0,6.795295177132553,0.12,0.0,False,0.0041041708873939785,0.3506403253143754,0.2052100993881736,0.07577747210701764,7.577747210701764e-06,7.577747210701764e-06,0.07013019069776517,0.0,0.04848762091697578,-3.2768745356472766,-3.4663428635005658,0.04848762091697578
324.0,0.0,0.0,0.34423711904100557,3.357190300440466,6.592911078939598,68.84742380820111,1.0,0.0,6.787000799046117,0.09,0.0,False,0.003913557362400086,0.34423711904100557,0.1956793509174236,0.07577747210701764,7.577747210701764e-06,7.577747210701764e-06,0.06884951062588258,0.0,0.028237986808478333,-3.235720778499132,-3.4298104986056512,0.028237986808478333
325.0,0.0,0.0,0.34237762587199155,3.1660330327850588,6.576451925472724,68.47552517439831,1.0,0.0,6.771453931135471,-0.09,0.0,False,0.004073994938953159,0.34237762587199155,0.20370129053284725,0.07577747210701764,7.577747210701764e-06,7.577747210701764e-06,0.06847760071954986,0.0,-0.1911572676554072,-3.410418892687665,-3.6054208983504124,0.1911572676554072
326.0,0.0,0.0,0.36443756115985937,2.858006021321874,6.590348847812051,72.88751223197187,1.0,0.0,6.78109628171535,-0.27,0.0,False,0.004042454802726569,0.36443756115985937,0.20212427177135883,0.07577747210701764,7.577747210701764e-06,7.577747210701764e-06,0.07288972150780051,0.0,-0.3080270114631847,-3.7323428264901772,-3.9230902603934763,0.3080270114631847
327.0,0.0,0.0,0.39349801305464055,1.9619440530248113,6.643368372008758,78.69960261092811,1.0,0.0,6.810546725169277,0.07,0.0,False,0.003914872555227397,0.39349801305464055,0.195745111057099,0.07577747210701764,7.577747210701764e-06,7.577747210701764e-06,0.07870198805562842,0.0,-0.8960619682970627,-4.681424318983947,-4.848602672144466,0.8960619682970627
328.0,0.0,0.0,0.48299363412581525,1.5180831523236527,6.821484700777633,96.59872682516306,1.0,0.0,6.793135243291817,-0.04,0.0,False,0.004015569200378934,0.48299363412581525,0.20077998146736203,0.07577747210701764,7.577747210701764e-06,7.577747210701764e-06,0.09660165480590649,0.0,-0.4438609007011587,-5.30340154845398,-5.275052090968165,0.4438609007011587
329.0,0.0,0.0,0.5300351485563538,1.26065481124087,6.990114548958515,106.00702971127076,1.0,0.0,6.792063394466148,0.05,0.0,False,0.0038731489177290584,0.5300351485563538,0.19365891337362334,0.07577747210701764,7.577747210701764e-06,7.577747210701764e-06,0.10601024286481703,0.0,-0.2574283410827827,-5.7294597377176455,-5.531408583225279,0.2574283410827827
330.0,0.0,0.0,0.5588071448528689,1.1730188083772692,6.964627455091762,111.76142897057377,1.0,0.0,6.818635461505613,0.17,0.0,False,0.0037091870343504323,0.5588071448528689,0.18546075708160695,0.07577747210701764,7.577747210701764e-06,7.577747210701764e-06,0.11176481654433007,0.0,-0.08763600286360074,-5.791608646714493,-5.645616653128344,0.08763600286360074
331.0,0.0,0.0,0.5719953063800362,0.8477574998986923,7.037598081375527,114.39906127600723,1.0,0.0,6.8489379847337135,0.24,0.0,False,0.003746825699345512,0.5719953063800362,0.18734270459217517,0.07577747210701764,7.577747210701764e-06,7.577747210701764e-06,0.11440252879840107,0.0,-0.3252613084785769,-6.189840581476835,-6.001180484835022,0.3252613084785769
332.0,0.0,0.0,0.6089304261365455,0.8676645542825797,7.049464302490559,121.78608522730909,1.0,0.0,6.893188593969497,0.15,0.0,False,0.003603703846159876,0.6089304261365455,0.18018655770583225,0.07577747210701764,7.577747210701764e-06,7.577747210701764e-06,0.1217897766560068,0.0,0.0199070543838874,-6.18179974820798,-6.025524039686918,0.0199070543838874
333.0,0.0,0.0,0.610194232613283,1.4277760759194205,7.025612807301138,122.0388465226566,1.0,0.0,6.937292477306049,0.18,0.0,False,0.0036247345043873935,0.610194232613283,0.18123809858545872,0.07577747210701764,7.577747210701764e-06,7.577747210701764e-06,0.12204254561274105,0.0,0.5601115216368407,-5.597836731381717,-5.5095164013866285,0.5601115216368407
334.0,0.0,0.0,0.558272220140156,1.0905469078714307,6.97190571037096,111.6544440280312,1.0,0.0,6.969838075297612,0.01,0.0,False,0.0036255979384668346,0.5582722201401559,0.1812812706165749,0.07577747210701764,7.577747210701764e-06,7.577747210701764e-06,0.11165782835899267,0.0,-0.33722916804798975,-5.881358802499529,-5.879291167426182,0.33722916804798975
335.0,0.0,0.0,0.5937862557307523,2.666322547649096,7.004687722619453,118.75725114615045,1.0,0.0,7.010709799608923,0.01,0.0,False,0.00383652643495172,0.5937862557307523,0.1918277753589606,0.07577747210701764,7.577747210701764e-06,7.577747210701764e-06,0.1187608507685878,0.0,1.5757756397776652,-4.338365174970357,-4.3443872519598274,1.5757756397776652
336.0,0.0,0.0,0.43988536640513265,3.418321718060438,6.969732332018166,87.97707328102653,1.0,0.0,7.028634443286103,-0.21,0.0,False,0.004113773983939648,0.4398853664051326,0.20569025785394884,0.07577747210701764,7.577747210701764e-06,7.577747210701764e-06,0.08797973993290588,0.0,0.751999170411342,-3.5514106139577284,-3.6103127252256653,0.751999170411342
337.0,0.0,0.0,0.36510724083189494,3.9196969570246893,6.928539628638309,73.02144816637899,1.0,0.0,7.065342878705834,-0.09,0.0,False,0.004124291850214319,0.36510724083189494,0.20621615515276914,0.07577747210701764,7.577747210701764e-06,7.577747210701764e-06,0.07302366150190748,0.0,0.5013752389642514,-3.00884267161362,-3.1456459216811443,0.5013752389642514
338.0,0.0,0.0,0.3156021674863226,4.284678518686191,6.8926403982542395,63.12043349726452,1.0,0.0,7.069532460898174,-0.01,0.0,False,0.004044503836642595,0.3156021674863226,0.20222672424351304,0.07577747210701764,7.577747210701764e-06,7.577747210701764e-06,0.06312234672552199,0.0,0.364981561661502,-2.607961879568048,-2.784853942211983,0.364981561661502
339.0,0.0,0.0,0.27749462871293296,3.905413385358689,6.863776548339864,55.49892574258659,1.0,0.0,7.07583820956013,0.16,0.0,False,0.003974645779335335,0.27749462871293296,0.19873379490981502,0.07577747210701764,7.577747210701764e-06,7.577747210701764e-06,0.05550060795715811,0.0,-0.3792651333275021,-2.9583631629811746,-3.170424824201441,0.3792651333275021
340.0,0.0,0.0,0.31608452040433194,4.146927075315021,6.872340124607944,63.21690408086639,1.0,0.0,7.059729945022954,-0.09,0.0,False,0.004110339424090304,0.316084520404332,0.20551852856017042,0.07577747210701764,7.577747210701764e-06,7.577747210701764e-06,0.0632188202332205,0.0,0.2415136899563315,-2.725413049292923,-2.9128028697079333,0.2415136899563315
341.0,0.0,0.0,0.2920710455365446,4.35804590621479,6.827672794821021,58.41420910730892,1.0,0.0,7.066378349831648,0.09,0.0,False,0.004043663416815203,0.2920710455365446,0.202184702933719,0.07577747210701764,7.577747210701764e-06,7.577747210701764e-06,0.05841597968633238,0.0,0.21111883089976935,-2.469626888606231,-2.7083324436168583,0.21111883089976935
342.0,0.0,0.0,0.2711327137875753,4.57849513177563,7.004663031700923,54.22654275751506,1.0,0.0,7.067748192707995,-0.04,0.0,False,0.004031747086387221,0.2711327137875753,0.20158888189737292,0.07577747210701764,7.577747210701764e-06,7.577747210701764e-06,0.05422818640519237,0.0,0.22044922556083968,-2.426167899925293,-2.4892530609323655,0.22044922556083968
343.0,0.0,0.0,0.24870954466853729,5.043637655877263,6.8891422490375875,49.74190893370746,1.0,0.0,7.069475772848822,0.11,0.0,False,0.003957248139681048,0.24870954466853729,0.19786390633535497,0.07577747210701764,7.577747210701764e-06,7.577747210701764e-06,0.04974341664872904,0.0,0.46514252410163337,-1.8455045931603244,-2.025838116971559,0.46514252410163337
344.0,0.0,0.0,0.19985468332910464,5.1553492568226895,6.778026256749857,39.97093666582093,1.0,0.0,7.065684811363919,0.06,0.0,False,0.00403347852843823,0.19985468332910464,0.20167545465594489,0.07577747210701764,7.577747210701764e-06,7.577747210701764e-06,0.03997214821525539,0.0,0.11171160094542643,-1.622676999927167,-1.9103355545412297,0.11171160094542643
345.0,0.0,0.0,0.19156211349579158,4.213589145057345,7.046251377971033,38.31242269915832,1.0,0.0,7.042260211581765,-0.05,0.0,False,0.0041983945767650405,0.19156211349579158,0.20992131955689175,0.07577747210701764,7.577747210701764e-06,7.577747210701764e-06,0.03831358397777538,0.0,-0.9417601117653449,-2.8326622329136883,-2.8286710665244206,0.9417601117653449
346.0,0.0,0.0,0.28898223716312976,4.049208666273017,7.117346782231519,57.79644743262595,1.0,0.0,7.071042972244165,0.09,0.0,False,0.004179763008886028,0.28898223716312976,0.20898973410367544,0.07577747210701764,7.577747210701764e-06,7.577747210701764e-06,0.05779819928682408,0.0,-0.16438047878432727,-3.0681381159585017,-3.021834305971147,0.16438047878432727
347.0,0.0,0.0,0.3049598024809048,3.909255222725035,7.073306726419339,60.991960496180965,1.0,0.0,7.10352100840572,0.07,0.0,False,0.004115487105172044,0.3049598024809048,0.20577591456464878,0.07577747210701764,7.577747210701764e-06,7.577747210701764e-06,0.060993809208805934,0.0,-0.13995344354798256,-3.1640515036943047,-3.1942657856806855,0.13995344354798256
348.0,0.0,0.0,0.3200787873862721,3.4208480088559985,7.178386638054239,64.01575747725443,1.0,0.0,7.098922236496694,0.18,0.0,False,0.0037739661431860664,0.3200787873862721,0.188699737067374,0.07577747210701764,7.577747210701764e-06,7.577747210701764e-06,0.06401769784346141,0.0,-0.4884072138690363,-3.757538629198241,-3.6780742276406957,0.4884072138690363
349.0,0.0,0.0,0.3695442970660638,3.0323316284069874,7.238341464366103,73.90885941321275,1.0,0.0,7.110164370394668,-0.01,0.0,False,0.0038296621460193747,0.3695442970660638,0.19148455831155103,0.07577747210701764,7.577747210701764e-06,7.577747210701764e-06,0.07391109964684982,0.0,-0.38851638044901105,-4.206009835959115,-4.077832741987681,0.38851638044901105
350.0,0.0,0.0,0.41278068196116907,3.079354727148128,7.127644744385224,82.55613639223381,1.0,0.0,7.1164309951799485,-0.11,0.0,False,0.003900533740370955,0.41278068196116907,0.19502816488148134,0.07577747210701764,7.577747210701764e-06,7.577747210701764e-06,0.08255863873140074,0.0,0.04702309874114041,-4.048290017237096,-4.037076268031821,0.04702309874114041
351.0,0.0,0.0,0.4100705042994943,3.083015246529949,7.189589179473977,82.01410085989886,1.0,0.0,7.160294845401743,0.09,0.0,False,0.0038213473317553017,0.4100705042994943,0.1910688144479693,0.07577747210701764,7.577747210701764e-06,7.577747210701764e-06,0.08201658676955731,0.0,0.0036605193818211035,-4.106573932944028,-4.077279598871794,0.0036605193818211035
352.0,0.0,0.0,0.41333689256925693,3.5182074677160773,7.283638961925497,82.66737851385139,1.0,0.0,7.180215140674075,0.05,0.0,False,0.00399204214471872,0.41333689256925693,0.1996036197702473,0.07577747210701764,7.577747210701764e-06,7.577747210701764e-06,0.08266988422485147,0.0,0.4351922211861283,-3.76543149420942,-3.6620076729579973,0.4351922211861283
353.0,0.0,0.0,0.37211245984015007,4.3943174586549345,7.229874964628933,74.42249196803002,1.0,0.0,7.216540780346752,0.04,0.0,False,0.003807605087315096,0.37211245984015007,0.19038169701919622,0.07577747210701764,7.577747210701764e-06,7.577747210701764e-06,0.07442474777025974,0.0,0.8761099909388572,-2.8355575059739984,-2.8222233216918173,0.8761099909388572
354.0,0.0,0.0,0.28635781175696845,4.648501614845601,7.319738815185592,57.27156235139369,1.0,0.0,7.2394730548253055,-0.01,0.0,False,0.0037450861511313482,0.28635781175696845,0.18725572652237418,0.07577747210701764,7.577747210701764e-06,7.577747210701764e-06,0.057273298295926534,0.0,0.25418415619066614,-2.6712372003399913,-2.590971439979705,0.25418415619066614
355.0,0.0,0.0,0.25770389081201645,4.875803822706699,7.198781344692903,51.540778162403285,1.0,0.0,7.258004073580082,0.13,0.0,False,0.0036981849841799283,0.25770389081201645,0.1849106504045439,0.07577747210701764,7.577747210701764e-06,7.577747210701764e-06,0.05154234040251681,0.0,0.227302207861098,-2.3229775219862043,-2.3822002508733835,0.227302207861098
356.0,0.0,0.0,0.2351980614397183,5.544171716855104,7.048528001833827,47.03961228794366,1.0,0.0,7.225638163712752,0.08,0.0,False,0.0035864856263624918,0.2351980614397183,0.17932564019219713,0.07577747210701764,7.577747210701764e-06,7.577747210701764e-06,0.04704103809430245,0.0,0.668367894148405,-1.5043562849787238,-1.6814664468576481,0.668367894148405
357.0,0.0,0.0,0.16914360890198446,6.140082343585194,7.068662062418075,33.82872178039689,1.0,0.0,7.227873550676581,-0.07,0.0,False,0.0037708702855664147,0.16914360890198446,0.1885449430134101,0.07577747210701764,7.577747210701764e-06,7.577747210701764e-06,0.033829747154635284,0.0,0.59591062673009,-0.9285797188328813,-1.0877912070913878,0.59591062673009
358.0,0.0,0.0,0.10753597188564253,6.474080134977475,6.989212085065914,21.507194377128506,1.0,0.0,7.235671892250475,0.08,0.0,False,0.003718246681277097,0.10753597188564253,0.1859137428605257,0.07577747210701764,7.577747210701764e-06,7.577747210701764e-06,0.02150784627651736,0.0,0.3339977913922816,-0.5151319500884384,-0.761591757273,0.3339977913922816
359.0,0.0,0.0,0.07272042103870219,6.584769587684357,6.969069059762335,14.544084207740436,1.0,0.0,7.215482806462168,0.08,0.0,False,0.0036476809941377738,0.07272042103870219,0.18238543176711264,0.07577747210701764,7.577747210701764e-06,7.577747210701764e-06,0.014544525049973982,0.0,0.11068945270688157,-0.384299472077978,-0.6307132187778111,0.11068945270688157
360.0,0.0,0.0,0.05869635102197231,6.561858305925134,7.009268174834008,11.739270204394462,1.0,0.0,7.201311898212881,0.23,0.0,False,0.003530221978585159,0.05869635102197231,0.17651243648574555,0.07577747210701764,7.577747210701764e-06,7.577747210701764e-06,0.01173962603058628,0.0,-0.022911281759222746,-0.44740986890887413,-0.6394535922877473,0.022911281759222746
361.0,0.0,0.0,0.06169213927123671,7.076245569594198,6.983163127534042,12.33842785424734,1.0,0.0,7.171755337209592,-0.02,0.0,False,0.0034850564337367885,0.06169213927123671,0.17425414213067292,0.07577747210701764,7.577747210701764e-06,7.577747210701764e-06,0.012338801841362377,0.0,0.5143872636690636,0.09308244206015548,-0.0955097676153942,0.5143872636690636
362.0,0.0,0.0,0.010602771048522204,6.528894987214502,7.062991225724571,2.1205542097044408,1.0,0.0,7.178803073009314,0.0,0.0,False,0.0035375899306296934,0.010602771048522204,0.17688083687959613,0.07577747210701764,7.577747210701764e-06,7.577747210701764e-06,0.0021206184853123653,0.0,-0.5473505823796954,-0.5340962385100685,-0.6499080857948121,0.5473505823796954
363.0,0.0,0.0,0.06315444137990552,6.318820689527619,6.89878940735096,12.630888275981103,1.0,0.0,7.182277297335356,0.13,0.0,False,0.003546463529947181,0.06315444137990552,0.17732452020756514,0.07577747210701764,7.577747210701764e-06,7.577747210701764e-06,0.012631271127793546,0.0,-0.21007429768688368,-0.5799687178233413,-0.8634566078077377,0.21007429768688368
364.0,0.0,0.0,0.08620416015766223,5.94545862264743,6.986316848872568,17.240832031532445,1.0,0.0,7.160463329433157,-0.12,0.0,False,0.003688888695235293,0.0862041601576622,0.18444583243506568,0.07577747210701764,7.577747210701764e-06,7.577747210701764e-06,0.017241354614239777,0.0,-0.3733620668801887,-1.0408582262251382,-1.2150047067857273,0.3733620668801887
365.0,0.0,0.0,0.12252868270250855,5.90530782983061,6.815057985570843,24.50573654050171,1.0,0.0,7.180894952770949,0.1,0.0,False,0.003719116982218646,0.12252868270250854,0.1859572582373492,0.07577747210701764,7.577747210701764e-06,7.577747210701764e-06,0.024506479327979894,0.0,-0.04015079281681988,-0.909750155740233,-1.2755871229403386,0.04015079281681988
366.0,0.0,0.0,0.12503241113623098,6.209367270921779,6.936150384355351,25.006482227246195,1.0,0.0,7.170791874241693,0.21,0.0,False,0.003644457927633858,0.12503241113623098,0.18222427722073767,0.07577747210701764,7.577747210701764e-06,7.577747210701764e-06,0.025007240192706292,0.0,0.30405944109116856,-0.726783113433572,-0.9614246033199141,0.30405944109116856
367.0,0.0,0.0,0.09415098353693427,6.765545303179636,6.811730040345301,18.830196707386854,1.0,0.0,7.155679314393155,0.0,0.0,False,0.0037292652664521774,0.09415098353693427,0.18646467629408242,0.07577747210701764,7.577747210701764e-06,7.577747210701764e-06,0.018830767464944085,0.0,0.5561780322578578,-0.046184737165664735,-0.39013401121351876,0.5561780322578578
368.0,0.0,0.0,0.03437180616994309,7.0852372543301065,6.6967119348820505,6.874361233988618,1.0,0.0,7.150912778908764,0.42,0.0,False,0.0036386703272335737,0.03437180616994309,0.1819348950078748,0.07577747210701764,7.577747210701764e-06,7.577747210701764e-06,0.006874569601096323,0.0,0.3196919511504701,0.388525319448056,-0.06567552457865755,0.3196919511504701
369.0,0.0,0.0,-0.002584538207858067,7.6692315599659056,6.651284628185744,-0.5169076415716134,1.0,0.0,7.109276387921983,0.34,0.0,False,0.003806744191472957,0.0038069815839234557,0.1903386519009068,0.07577747210701764,7.577747210701764e-06,7.577747210701764e-06,-0.0005169233094346423,0.0,0.583994305635799,1.0179469317801617,0.5599551720439226,0.583994305635799
370.0,0.0,0.0,-0.06222943309635911,7.9738047283790365,6.668678230519999,-12.445886619271821,1.0,0.0,7.059390893002666,0.17,0.0,False,0.0036965556708608064,0.06222943309635911,0.1848291841212615,0.07577747210701764,7.577747210701764e-06,7.577747210701764e-06,-0.012446263863543604,0.0,0.304573168413131,1.3051264978590371,0.9144138353763704,0.304573168413131
371.0,0.0,0.0,-0.09586180040327255,8.14470356841473,6.626514672226858,-19.17236008065451,1.0,0.0,7.046913651056661,0.31,0.0,False,0.0038494977786751585,0.09586180040327254,0.19247634745981065,0.07577747210701764,7.577747210701764e-06,7.577747210701764e-06,-0.01917294120944334,0.0,0.17089884003569367,1.5181888961878718,1.0977899173580692,0.17089884003569367
372.0,0.0,0.0,-0.10874378449837378,8.65613047838951,7.023565317679697,-21.748756899674756,1.0,0.0,7.015150403521781,0.02,0.0,False,0.003872938211418293,0.10874378449837377,0.19364837797825107,0.07577747210701764,7.577747210701764e-06,7.577747210701764e-06,-0.021749416121007052,0.0,0.5114269099747801,1.632565160709813,1.6409800748677297,0.5114269099747801
373.0,0.0,0.0,-0.15604754358360315,8.549772065348785,7.205433739915402,-31.209508716720627,1.0,0.0,7.0572245217855105,0.18,0.0,False,0.003856915972589387,0.15604754358360312,0.19284725996618193,0.07577747210701764,7.577747210701764e-06,7.577747210701764e-06,-0.031210454700622673,0.0,-0.10635841304072535,1.344338325433383,1.4925475435632745,0.10635841304072535
374.0,0.0,0.0,-0.14343102598396812,8.761121910581565,7.239581653352564,-28.686205196793622,1.0,0.0,7.095595918111574,0.17,0.0,False,0.0037285795602241636,0.14343102598396812,0.18643039072287623,0.07577747210701764,7.577747210701764e-06,7.577747210701764e-06,-0.028687074697450403,0.0,0.21134984523278,1.5215402572290007,1.6655259924699912,0.21134984523278
375.0,0.0,0.0,-0.1635829471146661,8.851181852668896,7.330482578777016,-32.71658942293322,1.0,0.0,7.115407461306251,0.02,0.0,False,0.003887031338757465,0.16358294711466612,0.19435303968491754,0.07577747210701764,7.577747210701764e-06,7.577747210701764e-06,-0.03271758108759558,0.0,0.09005994208733092,1.5206992738918803,1.7357743913626447,0.09005994208733092
376.0,0.0,0.0,-0.16725539623718053,8.607249653524546,7.327272131473832,-33.451079247436105,1.0,0.0,7.125230459923845,0.26,0.0,False,0.003891095300624774,0.1672553962371805,0.19455623931806676,0.07577747210701764,7.577747210701764e-06,7.577747210701764e-06,-0.033452093175042635,0.0,-0.24393219914434994,1.2799775220507144,1.482019193600701,0.24393219914434994
377.0,0.0,0.0,-0.14010116480601092,8.231667464696988,7.333234829576247,-28.020232961202186,1.0,0.0,7.178564519341477,0.15,0.0,False,0.003874068533554478,0.14010116480601092,0.19370489451332507,0.07577747210701764,7.577747210701764e-06,7.577747210701764e-06,-0.02802108227573493,0.0,-0.3755821888275577,0.8984326351207415,1.0531029453555112,0.3755821888275577
378.0,0.0,0.0,-0.09903357650087229,8.037960427875037,7.310913248481557,-19.806715300174456,1.0,0.0,7.206184922903897,0.09,0.0,False,0.003914008492471408,0.0990335765008723,0.19570190759191722,0.07577747210701764,7.577747210701764e-06,7.577747210701764e-06,-0.019807315656751565,0.0,-0.19370703682195156,0.7270471793934794,0.83177550497114,0.19370703682195156
379.0,0.0,0.0,-0.07620927247897061,8.364080730399658,7.368959255012584,-15.241854495794122,1.0,0.0,7.241294177117862,0.08,0.0,False,0.003840569563367898,0.07620927247897061,0.1920299333116597,0.07577747210701764,7.577747210701764e-06,7.577747210701764e-06,-0.015242316487974814,0.0,0.32612030252462176,0.9951214753870747,1.1227865532817969,0.32612030252462176
380.0,0.0,0.0,-0.10553655822340748,8.638691709916705,7.456410193534426,-21.107311644681495,1.0,0.0,7.2758388283552335,0.11,0.0,False,0.003965294728053317,0.10553655822340748,0.1982662388027191,0.07577747210701764,7.577747210701764e-06,7.577747210701764e-06,-0.02110795142332116,0.0,0.27461097951704616,1.1822815163822789,1.362852881561471,0.27461097951704616
381.0,0.0,0.0,-0.12969959761913005,8.231491769120014,7.43081620103463,-25.93991952382601,1.0,0.0,7.308675161697599,-0.03,0.0,False,0.0043694887712781676,0.12969959761913005,0.21847609410797583,0.07577747210701764,7.577747210701764e-06,7.577747210701764e-06,-0.025940705782479187,0.0,-0.40719994079669064,0.8006755680853841,0.9228166074224147,0.40719994079669064
382.0,0.0,0.0,-0.08453237642522586,8.397226391647306,7.580492184665375,-16.906475285045172,1.0,0.0,7.3416465921872005,0.28,0.0,False,0.0044548008638216315,0.08453237642522586,0.22274173105882256,0.07577747210701764,7.577747210701764e-06,7.577747210701764e-06,-0.016906987733145692,0.0,0.16573462252729243,0.8167342069819314,1.055579799460106,0.16573462252729243
383.0,0.0,0.0,-0.09746727662894042,8.44362141557306,7.488405400667961,-19.493455325788084,1.0,0.0,7.386135976618773,0.19,0.0,False,0.004282810448460673,0.09746727662894042,0.21414214512578014,0.07577747210701764,7.577747210701764e-06,7.577747210701764e-06,-0.01949404618721755,0.0,0.04639502392575423,0.9552160149050994,1.0574854389542878,0.04639502392575423
384.0,0.0,0.0,-0.10194933194764316,8.84431838116641,7.454132104005963,-20.38986638952863,1.0,0.0,7.4225166962387235,-0.02,0.0,False,0.004187661436355786,0.10194933194764316,0.2093846584697777,0.07577747210701764,7.577747210701764e-06,7.577747210701764e-06,-0.02039048442185796,0.0,0.4006969655933492,1.3901862771604465,1.4218016849276864,0.4006969655933492
385.0,0.0,0.0,-0.13917681517015532,8.363050938411734,7.517007665339692,-27.83536303403106,1.0,0.0,7.4240894687833405,0.18,0.0,False,0.004037894751762856,0.13917681517015532,0.20189626749542738,0.07577747210701764,7.577747210701764e-06,7.577747210701764e-06,-0.027836206745015968,0.0,-0.48126744275467637,0.8460432730720413,0.938961469628393,0.48126744275467637
386.0,0.0,0.0,-0.08818041164201128,8.189276987499847,7.4795310650310896,-17.636082328402257,1.0,0.0,7.452497497128711,0.05,0.0,False,0.004014104383340306,0.08818041164201126,0.20070674006043,0.07577747210701764,7.577747210701764e-06,7.577747210701764e-06,-0.017636616891446143,0.0,-0.17377395091188674,0.7097459224687572,0.736779490371136,0.17377395091188674
387.0,0.0,0.0,-0.06871614941960424,8.08658857577339,7.598192417111812,-13.743229883920849,1.0,0.0,7.481213411548204,0.14,0.0,False,0.003823223687681982,0.06871614941960424,0.19116263295523087,0.07577747210701764,7.577747210701764e-06,7.577747210701764e-06,-0.013743646451651867,0.0,-0.10268841172645615,0.4883961586615788,0.6053751642251868,0.10268841172645615
388.0,0.0,0.0,-0.05323828667774221,7.282766104163159,7.663549454659983,-10.647657335548443,1.0,0.0,7.502089457623325,0.13,0.0,False,0.0041133226053247166,0.05323828667774221,0.2056676887521808,0.07577747210701764,7.577747210701764e-06,7.577747210701764e-06,-0.010647980074125502,0.0,-0.803822471610232,-0.38078335049682455,-0.21932335346016618,0.803822471610232
389.0,0.0,0.0,0.02960297024796342,7.4811760651116765,7.719413524364562,5.920594049592684,1.0,0.0,7.55418553768205,0.09,0.0,False,0.004090664648365582,0.029602970247963423,0.20453478231941052,0.07577747210701764,7.577747210701764e-06,7.577747210701764e-06,0.005920773507292973,0.0,0.19840996094851793,-0.2382374592528853,-0.07300947257037382,0.19840996094851793
390.0,0.0,0.0,0.016026352241019396,7.236914442962839,7.839687667357652,3.205270448203879,1.0,0.0,7.578807022834054,0.39,0.0,False,0.004089395809947357,0.016026352241019396,0.20447133991775243,0.07577747210701764,7.577747210701764e-06,7.577747210701764e-06,0.00320536760238446,0.0,-0.24426162214883718,-0.602773224394813,-0.3418925798712147,0.24426162214883718
391.0,0.0,0.0,0.044899547089105256,7.432810148568767,7.942661027064837,8.979909417821052,1.0,0.0,7.6414456597041704,0.31,0.0,False,0.004059405851505399,0.044899547089105256,0.20297183063283836,0.07577747210701764,7.577747210701764e-06,7.577747210701764e-06,0.008980181605692646,0.0,0.19589570560592762,-0.5098508784960698,-0.20863551113540346,0.19589570560592762
392.0,0.0,0.0,0.029902888858524476,6.970371580740381,7.920061760245973,5.980577771704895,1.0,0.0,7.685926925724777,0.19,0.0,False,0.004080498744161751,0.02990288885852447,0.2040264832574864,0.07577747210701764,7.577747210701764e-06,7.577747210701764e-06,0.005980759047557338,0.0,-0.46243856782838577,-0.9496901795055921,-0.7155553449843959,0.46243856782838577
393.0,0.0,0.0,0.08101484348483576,6.9568142256627175,8.07060986234391,16.20296869696715,1.0,0.0,7.731850366980643,0.37,0.0,False,0.0038927417790121112,0.08101484348483576,0.1946385638612634,0.07577747210701764,7.577747210701764e-06,7.577747210701764e-06,0.016203459821248913,0.0,-0.013557355077663757,-1.1137956366811919,-0.7750361413179254,0.013557355077663757
394.0,0.0,0.0,0.0898036590584476,7.179461650378096,8.20500997723153,17.96073181168952,1.0,0.0,7.78055071108895,0.63,0.0,False,0.0038558470489187054,0.0898036590584476,0.1927938133776463,0.07577747210701764,7.577747210701764e-06,7.577747210701764e-06,0.017961276215105706,0.0,0.22264742471537868,-1.0255483268534338,-0.6010890607108541,0.22264742471537868
395.0,0.0,0.0,0.07398895655034274,7.2884063462843445,8.239853420651711,14.797791310068549,1.0,0.0,7.85488484171854,0.54,0.0,False,0.003812921633155868,0.07398895655034274,0.1906475263256069,0.07577747210701764,7.577747210701764e-06,7.577747210701764e-06,0.014798239842356968,0.0,0.10894469590624833,-0.9514470743673664,-0.5664784954341959,0.10894469590624833
396.0,0.0,0.0,0.06888136625356787,7.094442303078858,8.223961638423688,13.776273250713574,1.0,0.0,7.919379249361978,0.43,0.0,False,0.003775105818993676,0.06888136625356787,0.18875672128956333,0.07577747210701764,7.577747210701764e-06,7.577747210701764e-06,0.013776690820014125,0.0,-0.19396404320548655,-1.1295193353448303,-0.8249369462831204,0.19396404320548655
397.0,0.0,0.0,0.09109106535868512,6.432198787606565,8.233002550519835,18.218213071737026,1.0,0.0,7.977246107099072,0.22,0.0,False,0.0036835613853904163,0.09109106535868512,0.18417946492437148,0.07577747210701764,7.577747210701764e-06,7.577747210701764e-06,0.01821876527960567,0.0,-0.6622435154722925,-1.8008037629132696,-1.5450473194925065,0.6622435154722925
398.0,0.0,0.0,0.1613780496150792,6.32081877293675,8.036176567560732,32.27560992301584,1.0,0.0,8.00538746991903,0.03,0.0,False,0.00376192155128912,0.1613780496150792,0.18809750290898314,0.07577747210701764,7.577747210701764e-06,7.577747210701764e-06,0.03227658822125479,0.0,-0.11138001466981517,-1.7153577946239817,-1.6845686969822804,0.11138001466981517
399.0,0.0,0.0,0.17264024389493632,5.761145247848591,8.035397052336693,34.52804877898726,1.0,0.0,8.046040427860623,-0.01,0.0,False,0.003846570434180883,0.17264024389493632,0.1923299791259631,0.07577747210701764,7.577747210701764e-06,7.577747210701764e-06,0.034529095350357884,0.0,-0.5596735250881588,-2.2742518044881015,-2.2848951800120316,0.5596735250881588
