t,mean_abs_delta_real,mean_abs_delta_planning,mean_action,price,v_true,total_demand,mean_k,xs_k_std,mean_belief,mean_correctness,mean_salience,regime_post,xs_action_std,xs_action_mean_abs,xs_belief_std,xs_sigma_mean,xs_rho_mean,xs_rho_max,mean_myopic_term,mean_hedging_term,ret,mispricing_true,mispricing_belief,vol_proxy
0.0,0.0,0.0,0.008203058670505367,0.31015440124412635,0.05620540839111354,1.6406117341010735,1.0,0.0,0.0,-0.88,0.0,False,0.009693087424252648,0.009973865140945577,0.4846735384171325,0.39548192771084345,3.954819277108434e-05,3.954819277108435e-05,0.0016408712567539119,0.0,0.0,0.2539489928530128,0.31015440124412635,0.0
1.0,0.0,0.0,-0.024124719727585998,-0.11776082466156318,-0.019911939654558217,-4.8249439455172,1.0,0.0,0.08204680751233433,0.16,0.0,False,0.008080917967902654,0.024124719727585998,0.4040559877816537,0.24970892072370304,2.4970892072370302e-05,2.4970892072370302e-05,-0.004825425866101288,0.0,-0.42791522590568953,-0.09784888500700496,-0.19980763217389752,0.42791522590568953
2.0,0.0,0.0,0.01163000975503702,0.8760293977492178,-0.2741709290895956,2.3260019510074037,1.0,0.0,0.06887708317963669,0.19,0.0,False,0.007168814450596308,0.011849138742233136,0.3584473739611905,0.1855657283607953,1.8556572836079535e-05,1.8556572836079532e-05,0.002326174598302144,0.0,0.9937902224107811,1.1502003268388135,0.8071523145695811,0.9937902224107811
3.0,0.0,0.0,-0.09518237803113175,1.538208176131226,-0.3886722891246548,-19.03647560622635,1.0,0.0,-0.0014499364550378416,0.31,0.0,False,0.006407299796961829,0.09518237803113175,0.3203698060399984,0.15033452654348473,1.5033452654348474e-05,1.503345265434847e-05,-0.019037620324836194,0.0,0.6621787783820082,1.9268804652558809,1.5396581125862638,0.6621787783820082
4.0,0.0,0.0,-0.165719372600904,1.405927327004567,-0.4495240553538483,-33.1438745201808,1.0,0.0,-0.07586592855078195,0.24,0.0,False,0.005925932132661345,0.165719372600904,0.2963004173153817,0.12861039341098898,1.28610393410989e-05,1.2861039341098898e-05,-0.033145579556948704,0.0,-0.13228084912665916,1.8554513823584151,1.4817932555553488,0.13228084912665916
5.0,0.0,0.0,-0.15792468186901004,1.676613077963867,-0.46343246082641093,-31.58493637380201,1.0,0.0,-0.11909211604634211,0.25,0.0,False,0.005660607965740587,0.15792468186901007,0.2830336318382058,0.11424748706068398,1.1424748706068395e-05,1.1424748706068397e-05,-0.03158637975715557,0.0,0.27068575095930014,2.140045538790278,1.7957051940102091,0.27068575095930014
6.0,0.0,0.0,-0.18823018875839168,2.1077531384476162,-0.31075471117760084,-37.646037751678335,1.0,0.0,-0.1734097041757744,0.09,0.0,False,0.005219550257948304,0.18823018875839168,0.2609802351238937,0.10430885206491432,1.0430885206491433e-05,1.0430885206491434e-05,-0.03764760846128751,0.0,0.4311400604837492,2.4185078496252173,2.2811628426233908,0.4311400604837492
7.0,0.0,0.0,-0.23207778718880587,1.6766810184606329,-0.4067245054620645,-46.41555743776117,1.0,0.0,-0.20578697999461606,0.04,0.0,False,0.004998677050786499,0.2320777871888059,0.24993628222120082,0.09721299660661761,9.721299660661762e-06,9.721299660661762e-06,-0.046417362298386645,0.0,-0.43107211998698336,2.083405523922697,1.882467998455249,0.43107211998698336
8.0,0.0,0.0,-0.18859892337961834,1.6558036491962485,-0.4586397555142395,-37.71978467592367,1.0,0.0,-0.21313753832613366,0.02,0.0,False,0.004937965234864157,0.18859892337961834,0.24690053401754827,0.09203282049648383,9.20328204964838e-06,9.203282049648383e-06,-0.03772117324641316,0.0,-0.020877369264384438,2.114443404710488,1.868941187522382,0.020877369264384438
9.0,0.0,0.0,-0.18587185652848595,2.5570731147143957,-0.2387506979755357,-37.17437130569719,1.0,0.0,-0.2093950017898565,0.02,0.0,False,0.004725570542159885,0.18587185652848595,0.23628061083446553,0.08818941343401722,8.818941343401728e-06,8.818941343401726e-06,-0.037175682648532604,0.0,0.9012694655181472,2.7958238126899313,2.766468116504252,0.9012694655181472
10.0,0.0,0.0,-0.27151148692913857,2.926906980815529,0.08631868783228461,-54.302297385827714,1.0,0.0,-0.20299687573861594,0.3,0.0,False,0.004647115421723938,0.27151148692913857,0.2323577531604818,0.08530342395407306,8.530342395407304e-06,8.530342395407304e-06,-0.05430415023878046,0.0,0.36983386610113334,2.8405882929832442,3.129903856554145,0.36983386610113334
11.0,0.0,0.0,-0.3028880620114536,2.1484113453508242,0.14489832408473885,-60.57761240229072,1.0,0.0,-0.1581575588743784,0.31,0.0,False,0.00445908085556997,0.3028880620114536,0.22295589590085585,0.08311678650488098,8.311678650488098e-06,8.311678650488098e-06,-0.06057962639214185,0.0,-0.7784956354647048,2.003513021266085,2.3065689042252027,0.7784956354647048
12.0,0.0,0.0,-0.22016385614048603,1.6489116155332926,0.07733888424978556,-44.032771228097204,1.0,0.0,-0.10209951471093079,0.13,0.0,False,0.004708283965159408,0.22016385614048603,0.23541611567648715,0.08144872021105272,8.144872021105273e-06,8.144872021105272e-06,-0.044034205781558505,0.0,-0.49949972981753166,1.571572731283507,1.7510111302442233,0.49949972981753166
13.0,0.0,0.0,-0.16578771152604727,1.4403075444727622,0.2138007232314199,-33.157542305209454,1.0,0.0,-0.05331687637563307,0.28,0.0,False,0.004607144731624746,0.16578771152604724,0.23035908334663543,0.0801696280765907,8.016962807659075e-06,8.016962807659074e-06,-0.033158605587818954,0.0,-0.20860407106053036,1.2265068212413424,1.4936244208483953,0.20860407106053036
14.0,0.0,0.0,-0.14395064471901833,0.9418551946677094,0.15501596023654157,-28.790128943803666,1.0,0.0,-0.009031955423042849,0.11,0.0,False,0.0045775442082070855,0.14395064471901833,0.2288790227722644,0.07918490036140627,7.918490036140629e-06,7.918490036140629e-06,-0.028791040833979584,0.0,-0.4984523498050528,0.7868392344311679,0.9508871500907522,0.4984523498050528
15.0,0.0,0.0,-0.08974445661904663,0.028618284024017893,0.2806663531559753,-17.948891323809328,1.0,0.0,0.000744103695284553,0.25,0.0,False,0.004534089517839132,0.08974445661904663,0.22670625380983,0.07842447161267904,7.842447161267904e-06,7.842447161267904e-06,-0.017949454372320896,0.0,-0.9132369106436915,-0.25204806913195743,0.02787418032873334,0.9132369106436915
16.0,0.0,0.0,0.006996759537290901,0.04552207984721058,0.341460324649102,1.3993519074581802,1.0,0.0,0.044375437669290196,0.35,0.0,False,0.004489206360694229,0.007160099015317942,0.2244620651409842,0.07783586373121831,7.78358637312183e-06,7.783586373121831e-06,0.0013993954750248206,0.0,0.016903795823192687,-0.2959382448018914,0.001146642177920383,0.016903795823192687
17.0,0.0,0.0,0.008386224995119854,0.29663070597958724,0.3541735658141889,1.6772449990239708,1.0,0.0,0.09858860239103642,0.25,0.0,False,0.0043605569683426255,0.008460529732074357,0.21802953550398363,0.07737942031791788,7.73794203179179e-06,7.737942031791787e-06,0.0016772969123205698,0.0,0.25110862613237667,-0.05754285983460167,0.19804210358855082,0.25110862613237667
18.0,0.0,0.0,-0.012116457921283042,-0.22082738241035954,0.4750310208073847,-2.4232915842566083,1.0,0.0,0.12938757440455295,0.33,0.0,False,0.004180375258085237,0.012116457921283044,0.20902037287052783,0.07702496386752834,7.702496386752833e-06,7.702496386752835e-06,-0.0024233662452602185,0.0,-0.5174580883899468,-0.6958584032177442,-0.3502149568149125,0.5174580883899468
19.0,0.0,0.0,0.045974146468476806,-0.8543042912819098,0.5819906480440512,9.194829293695362,1.0,0.0,0.17546146041808894,0.49,0.0,False,0.004225387097743826,0.045974146468476806,0.21127097636689282,0.07674940373398333,7.674940373398337e-06,7.674940373398335e-06,0.009195111570595195,0.0,-0.6334769088715502,-1.436294939325961,-1.0297657516999987,0.6334769088715502
20.0,0.0,0.0,0.11391000569767389,-0.8947252754589333,0.41149322866891325,22.782001139534778,1.0,0.0,0.23893172471605179,0.16,0.0,False,0.004172818792156581,0.11391000569767389,0.20864253644117012,0.07653499567330325,7.653499567330326e-06,7.653499567330328e-06,0.022782698582340357,0.0,-0.040420984177023556,-1.3062185041278465,-1.133657000174985,0.040420984177023556
21.0,0.0,0.0,0.12005047699758639,-0.2867209191480692,0.43271027533243034,24.01009539951728,1.0,0.0,0.28483935620379547,-0.03,0.0,False,0.004140062746073097,0.12005047699758638,0.20700471814641216,0.07636805789007794,7.636805789007794e-06,7.636805789007795e-06,0.024010828835658336,0.0,0.6080043563108641,-0.7194311944804995,-0.5715602753518647,0.6080043563108641
22.0,0.0,0.0,0.062006578913728704,-0.22524584693060298,0.3569980382902879,12.40131578274574,1.0,0.0,0.30582533462581624,0.02,0.0,False,0.004368457829923827,0.062006578913728704,0.21842455670891725,0.07623801307922962,7.623801307922961e-06,7.623801307922962e-06,0.012401693960532529,0.0,0.0614750722174662,-0.5822438852208909,-0.5310711815564192,0.0614750722174662
23.0,0.0,0.0,0.06014431250428172,-0.8090029803082947,0.6119121593083217,12.028862500856343,1.0,0.0,0.33336850628108905,0.24,0.0,False,0.004290271568696176,0.060144312504281705,0.21451521166969953,0.07613666709092755,7.613666709092755e-06,7.613666709092754e-06,0.012029228833067089,0.0,-0.5837571333776916,-1.4209151396166164,-1.1423714865893837,0.5837571333776916
24.0,0.0,0.0,0.12268359179030128,-0.060336581365684205,0.7661082578874967,24.536718358060256,1.0,0.0,0.37622017404970653,0.34,0.0,False,0.004184303117301875,0.12268359179030128,0.20921674710664903,0.07605766172517958,7.605766172517959e-06,7.605766172517959e-06,0.024537464834552596,0.0,0.7486663989426104,-0.8264448392531809,-0.43655675541539074,0.7486663989426104
25.0,0.0,0.0,0.05284874258189451,-0.616208268561948,0.619961815631269,10.569748516378901,1.0,0.0,0.4178795927303349,0.28,0.0,False,0.004185863517438255,0.05284874258189451,0.2092947664175281,0.07599605714348504,7.599605714348504e-06,7.599605714348505e-06,0.010570069817622027,0.0,-0.5558716871962638,-1.2361700841932168,-1.0340878612922828,0.5558716871962638
26.0,0.0,0.0,0.10908449847795032,-0.2201718018957231,0.5643243154857661,21.816899695590063,1.0,0.0,0.46817092593356646,0.1,0.0,False,0.004246731389930416,0.10908449847795032,0.21233818215054678,0.07594801167850262,7.594801167850264e-06,7.594801167850261e-06,0.02181756247061755,0.0,0.3960364666662249,-0.7844961173814893,-0.6883427278292895,0.3960364666662249
27.0,0.0,0.0,0.07124606153641935,0.9880577505178425,0.5498030127442971,14.249212307283871,1.0,0.0,0.47467813997137603,0.02,0.0,False,0.004080967635467386,0.07124606153641935,0.20404993071556005,0.07591053539720918,7.591053539720918e-06,7.59105353972092e-06,0.014249644970133592,0.0,1.2082295524135656,0.4382547377735454,0.5133796105464665,1.2082295524135656
28.0,0.0,0.0,-0.047496363972946494,0.37027699715170315,0.47570392831425323,-9.499272794589299,1.0,0.0,0.49231585510185105,-0.01,0.0,False,0.00392332484660633,0.047496363972946494,0.19616773086526218,0.07588129986214319,7.588129986214318e-06,7.588129986214319e-06,-0.009499561119268406,0.0,-0.6177807533661394,-0.10542693116255009,-0.1220388579501479,0.6177807533661394
29.0,0.0,0.0,0.012259162566983475,0.9193193620692339,0.37881253142220106,2.451832513396695,1.0,0.0,0.513076090359193,0.04,0.0,False,0.004049960447884572,0.012259162566983476,0.2024995585136681,0.07585849092897277,7.585849092897274e-06,7.5858490928972765e-06,0.002451906909758126,0.0,0.5490423649175308,0.5405068306470329,0.40624327171004093,0.5490423649175308
30.0,0.0,0.0,-0.040484316091076875,1.5309839496187674,0.29539161256427854,-8.096863218215375,1.0,0.0,0.49287327262939984,-0.17,0.0,False,0.00407740286905571,0.04048431609107689,0.20387168961811497,0.0758406946332553,7.58406946332553e-06,7.5840694633255315e-06,-0.008097108845044852,0.0,0.6116645875495335,1.2355923370544888,1.0381106769893675,0.6116645875495335
31.0,0.0,0.0,-0.097825828300806,1.2829897834636672,0.5342851600373664,-19.5651656601612,1.0,0.0,0.5144608493651947,0.01,0.0,False,0.0038863353021854467,0.09782582830080601,0.19431823855128788,0.07582680859941437,7.582680859941435e-06,7.582680859941435e-06,-0.019565759081290168,0.0,-0.24799416615510017,0.7487046234263008,0.7685289340984726,0.24799416615510017
32.0,0.0,0.0,-0.068482300232299,1.6422580009146655,0.7628615465279576,-13.6964600464598,1.0,0.0,0.5526885775089144,0.2,0.0,False,0.003976239718423383,0.068482300232299,0.19881349323358852,0.07581597318505708,7.58159731850571e-06,7.581597318505709e-06,-0.013696875407489739,0.0,0.35926821745099824,0.8793964543867079,1.089569423405751,0.35926821745099824
33.0,0.0,0.0,-0.09969222484619511,2.039237707448193,0.9246924847525184,-19.938444969239022,1.0,0.0,0.5981408208794872,0.38,0.0,False,0.003917309375080345,0.09969222484619511,0.1958669535615205,0.07580751791624726,7.580751791624726e-06,7.580751791624725e-06,-0.019939049558265465,0.0,0.39697970653352743,1.1145452226956745,1.4410968865687057,0.39697970653352743
34.0,0.0,0.0,-0.1335655179779878,1.7165792353501375,1.0265831512778245,-26.71310359559756,1.0,0.0,0.645297965352109,0.43,0.0,False,0.003904519171651061,0.1335655179779878,0.19522743841327575,0.07580091978879354,7.580091978879353e-06,7.580091978879353e-06,-0.02671391354058729,0.0,-0.3226584720980554,0.6899960840723129,1.0712812699980283,0.3226584720980554
35.0,0.0,0.0,-0.09445060323207613,1.1357697853319522,0.9704140433441398,-18.890120646415227,1.0,0.0,0.7035319057227407,0.41,0.0,False,0.003923546839582165,0.09445060323207613,0.19617882892039287,0.07579577078909383,7.579577078909383e-06,7.579577078909382e-06,-0.01889069335857618,0.0,-0.5808094500181853,0.16535574198781233,0.43223787960921145,0.5808094500181853
36.0,0.0,0.0,-0.028833909302530096,1.1940942709857556,1.1522064738298128,-5.766781860506019,1.0,0.0,0.7720374082480093,0.56,0.0,False,0.0037144141369350714,0.028833909302530093,0.18572211445653988,0.0757917525852373,7.579175258523732e-06,7.579175258523731e-06,-0.005766956688982555,0.0,0.05832448565380344,0.04188779715594282,0.42205686273774634,0.05832448565380344
37.0,0.0,0.0,-0.029992641546022866,1.2963584123102998,1.162456494644235,-5.998528309204573,1.0,0.0,0.8474197654440517,0.27,0.0,False,0.003916687047229643,0.029992641546022866,0.1958358365629509,0.07578861679880576,7.578861679880579e-06,7.578861679880576e-06,-0.0059987101558917335,0.0,0.1022641413245442,0.13390191766606474,0.44893864686624807,0.1022641413245442
38.0,0.0,0.0,-0.03443228767599375,2.02567522628555,1.2057332547982558,-6.88645753519875,1.0,0.0,0.8941564900214425,0.42,0.0,False,0.00433464108116736,0.03443228767599375,0.21673369658758918,0.07578616962277836,7.578616962277834e-06,7.5786169622778345e-06,-0.006886666292912203,0.0,0.7293168139752502,0.8199419714872942,1.1315187362641075,0.7293168139752502
39.0,0.0,0.0,-0.09951782640121173,2.652822720180442,1.359642423205234,-19.903565280242347,1.0,0.0,0.9520224880943907,0.45,0.0,False,0.004257103308620517,0.09951782640121175,0.21285677853814206,0.07578425982564119,7.5784259825641195e-06,7.5784259825641195e-06,-0.019904168626454992,0.0,0.627147493894892,1.293180296975208,1.7008002320860514,0.627147493894892
40.0,0.0,0.0,-0.15415900240622804,3.149139165130001,1.5183417864573316,-30.831800481245608,1.0,0.0,1.0304592528493663,0.59,0.0,False,0.004174528367656851,0.15415900240622804,0.20872800016944573,0.07578276939476822,7.578276939476819e-06,7.5782769394768205e-06,-0.030832735081853305,0.0,0.4963164449495592,1.6307973786726695,2.118679912280635,0.4963164449495592
41.0,0.0,0.0,-0.1980535741651302,3.0168041481743515,1.5457338612334761,-39.61071483302604,1.0,0.0,1.111174283137514,0.4,0.0,False,0.004074367390631368,0.1980535741651302,0.2037199133420947,0.07578160623748331,7.5781606237483355e-06,7.578160623748335e-06,-0.03961191552936466,0.0,-0.13233501695564964,1.4710702869408754,1.9056298650368375,0.13233501695564964
42.0,0.0,0.0,-0.17884682366499752,3.1877710228233553,1.602412853908068,-35.769364732999506,1.0,0.0,1.1685283793888432,0.49,0.0,False,0.003972875245853795,0.17884682366499752,0.1986452676289954,0.07578069848672941,7.578069848672939e-06,7.578069848672941e-06,-0.035770448975760594,0.0,0.17096687464900384,1.5853581689152874,2.019242643434512,0.17096687464900384
43.0,0.0,0.0,-0.1891067940214805,2.705412287327327,1.6286852289751532,-37.8213588042961,1.0,0.0,1.228268145838279,0.52,0.0,False,0.004003273521986641,0.18910679402148048,0.2001651929394706,0.07577999005824664,7.5779990058246634e-06,7.577999005824663e-06,-0.03782250523648611,0.0,-0.48235873549602815,1.076727058352174,1.4771441414890483,0.48235873549602815
44.0,0.0,0.0,-0.1361640881995229,2.8320916071803426,1.6739956718801785,-27.232817639904578,1.0,0.0,1.2966314300536956,0.45,0.0,False,0.0039469971733934045,0.1361640881995229,0.19735135417579197,0.07577943718399627,7.577943718399631e-06,7.577943718399629e-06,-0.027233643108686673,0.0,0.1266793198530154,1.158095935300164,1.535460177126647,0.1266793198530154
45.0,0.0,0.0,-0.1419635795391279,2.3955264128979357,1.8174795156211503,-28.39271590782558,1.0,0.0,1.3437198131422576,0.5,0.0,False,0.003920728521525546,0.1419635795391279,0.19603791162082237,0.07577900570718792,7.5779005707187905e-06,7.577900570718793e-06,-0.028393576530016194,0.0,-0.4365651942824069,0.5780468972767854,1.051806599755678,0.4365651942824069
46.0,0.0,0.0,-0.08941033178887768,1.9455802758619973,2.016757031304659,-17.882066357775535,1.0,0.0,1.412402022494543,0.72,0.0,False,0.003817858957305913,0.08941033178887768,0.1908943944266462,0.07577866897151055,7.577866897151055e-06,7.577866897151055e-06,-0.01788260838534294,0.0,-0.44994613703593833,-0.07117675544266167,0.5331782533674543,0.44994613703593833
47.0,0.0,0.0,-0.0348863319467072,2.083598768640619,2.037200254929077,-6.97726638934144,1.0,0.0,1.501389218029483,0.71,0.0,False,0.003651256074104326,0.0348863319467072,0.18256418713704545,0.07577840617399134,7.577840617399135e-06,7.577840617399136e-06,-0.006977477878189381,0.0,0.13801849277862166,0.04639851371154213,0.582209550611136,0.13801849277862166
48.0,0.0,0.0,-0.04141283407634937,1.661698424709158,2.201319310776521,-8.282566815269874,1.0,0.0,1.5967037382417646,0.61,0.0,False,0.0037354955109505763,0.04141283407634937,0.18677619089317857,0.07577820107961909,7.5778201079619125e-06,7.577820107961911e-06,-0.008282817868572863,0.0,-0.42190034393146103,-0.5396208860673632,0.06499468646739337,0.42190034393146103
49.0,0.0,0.0,0.007580030156974632,2.202421325569128,2.222568337731735,1.5160060313949264,1.0,0.0,1.669454736926786,0.56,0.0,False,0.003640940665313396,0.007610333648803584,0.1820484127824252,0.07577804101825933,7.577804101825934e-06,7.577804101825932e-06,0.0015160519830336053,0.0,0.5407229008599699,-0.02014701216260706,0.5329665886423418,0.5407229008599699
50.0,0.0,0.0,-0.039299087171416704,1.5627253319004688,2.2337847897421845,-7.8598174342833405,1.0,0.0,1.7375015982780848,0.55,0.0,False,0.003707495634976285,0.039299087171416704,0.18537618648028012,0.07577791610185457,7.577791610185456e-06,7.577791610185456e-06,-0.00786005567271246,0.0,-0.639695993668659,-0.6710594578417157,-0.174776266377616,0.639695993668659
51.0,0.0,0.0,0.03302471309341562,2.5699746654075133,2.36273388553232,6.604942618683124,1.0,0.0,1.8094155638403082,0.61,0.0,False,0.0036255102365249595,0.03302471309341562,0.1812768854925334,0.07577781861352735,7.577781861352734e-06,7.577781861352734e-06,0.006605142820423522,0.0,1.0072493335070445,0.2072407798751934,0.7605591015672051,1.0072493335070445
52.0,0.0,0.0,-0.062225259636303626,2.539426368394189,2.1948800923177165,-12.445051927260725,1.0,0.0,1.8929849755382175,0.34,0.0,False,0.0037516187854064694,0.062225259636303626,0.18758236071633544,0.07577774253083158,7.577774253083158e-06,7.5777742530831585e-06,-0.01244542914757852,0.0,-0.030548297013324177,0.3445462760764726,0.6464413928559716,0.030548297013324177
53.0,0.0,0.0,-0.05404653031476729,2.4770114931135296,2.276530422473038,-10.809306062953459,1.0,0.0,1.9476984925959593,0.33,0.0,False,0.00392113575069472,0.054046530314767284,0.19605827320764857,0.07577768315369257,7.5777683153692564e-06,7.5777683153692564e-06,-0.010809633702138655,0.0,-0.062414875280659476,0.2004810706404916,0.5293130005175704,0.062414875280659476
54.0,0.0,0.0,-0.044656656785083806,2.100548703762382,2.185649228482691,-8.931331357016761,1.0,0.0,1.998940587642268,0.07,0.0,False,0.003811141801783328,0.044656656785083806,0.19055853408576293,0.07577763681404524,7.5777636814045205e-06,7.577763681404523e-06,-0.008931602073038879,0.0,-0.37646278935114763,-0.08510052472030916,0.10160811612011411,0.37646278935114763
55.0,0.0,0.0,-0.0009248132914071603,2.1065476487322923,2.352035436907568,-0.18496265828143205,1.0,0.0,2.0304280053830954,0.42,0.0,False,0.003848829382528579,0.003154112731392735,0.19244292740170854,0.07577760064923067,7.577760064923067e-06,7.577760064923067e-06,-0.00018496826464952997,0.0,0.005998944969910269,-0.2454877881752755,0.07611964334919685,0.005998944969910269
56.0,0.0,0.0,0.004627821440448887,2.0768393373419234,2.410032899660653,0.9255642880897774,1.0,0.0,2.091300220447649,0.49,0.0,False,0.0037722471219955285,0.005167845692200242,0.18861378535842388,0.0757775724251497,7.577757242514966e-06,7.577757242514968e-06,0.0009255923426831368,0.0,-0.02970831139036889,-0.33319356231872943,-0.014460883105725575,0.02970831139036889
57.0,0.0,0.0,0.008921997357324088,1.4752780596082866,2.3566816791469734,1.7843994714648175,1.0,0.0,2.152827616562153,0.05,0.0,False,0.003613155310669229,0.008929075592623393,0.1806591345137547,0.07577755039824796,7.577755039824795e-06,7.577755039824794e-06,0.0017844535580233151,0.0,-0.6015612777336368,-0.8814036195386867,-0.6775495569538665,0.6015612777336368
58.0,0.0,0.0,0.07105116079008279,0.3650395957141719,2.2415070138728908,14.21023215801656,1.0,0.0,2.166062691350686,0.01,0.0,False,0.003635503368704256,0.07105116079008279,0.18177654588259903,0.07577753320780568,7.577753320780569e-06,7.57775332078057e-06,0.01421066288128833,0.0,-1.1102384638941147,-1.8764674181587189,-1.8010230956365143,1.1102384638941147
59.0,0.0,0.0,0.18249074287301056,1.2518234263598105,2.1508226930938834,36.49814857460211,1.0,0.0,2.185816587917595,-0.03,0.0,False,0.003692825025219177,0.18249074287301056,0.184642650426566,0.07577751979187808,7.577751979187806e-06,7.577751979187805e-06,0.03649925486188934,0.0,0.8867838306456386,-0.8989992667340729,-0.9339931615577846,0.8867838306456386
60.0,0.0,0.0,0.09689912476308683,1.4803490153922458,2.148419655050368,19.379824952617366,1.0,0.0,2.1900161679236776,-0.06,0.0,False,0.0038549462121150783,0.09689912476308685,0.19274877119686648,0.07577750932169237,7.577750932169239e-06,7.577750932169238e-06,0.01938041237011245,0.0,0.22852558903243536,-0.668070639658122,-0.7096671525314318,0.22852558903243536
61.0,0.0,0.0,0.07500629090180379,1.2081355109215797,2.175420126814949,15.001258180360757,1.0,0.0,2.220851387862328,0.02,0.0,False,0.003977680915796146,0.07500629090180377,0.19888555288340815,0.07577750115045034,7.577750115045038e-06,7.577750115045036e-06,0.015001712880058754,0.0,-0.27221350447066617,-0.9672846158933694,-1.0127158769407485,0.27221350447066617
62.0,0.0,0.0,0.10298953136235037,1.2634211218618652,2.288426901802071,20.597906272470073,1.0,0.0,2.230440343356759,-0.06,0.0,False,0.004039966006652948,0.10298953136235035,0.20199983102516217,0.0757774947733717,7.577749477337168e-06,7.577749477337169e-06,0.02059853061083294,0.0,0.0552856109402855,-1.025005779940206,-0.9670192214948936,0.0552856109402855
63.0,0.0,0.0,0.103116623350987,0.6911829471201225,2.406027627359745,20.6233246701974,1.0,0.0,2.238069845988455,0.32,0.0,False,0.004051121433765148,0.103116623350987,0.20255760660732303,0.075777489796511,7.577748979651099e-06,7.5777489796511e-06,0.020623949778970387,0.0,-0.5722381747417427,-1.7148446802396224,-1.5468868988683326,0.5722381747417427
64.0,0.0,0.0,0.16558258597555414,1.3308155525734473,2.466760863725857,33.11651719511083,1.0,0.0,2.294626424966104,0.23,0.0,False,0.003970741367476066,0.16558258597555414,0.19853857283779347,0.07577748591242173,7.577748591242176e-06,7.577748591242176e-06,0.033117520982070464,0.0,0.6396326054533248,-1.1359453111524096,-0.9638108723926568,0.6396326054533248
65.0,0.0,0.0,0.10347101261200763,0.3903723264529452,2.4169419615210748,20.694202522401525,1.0,0.0,2.3470715440360443,0.04,0.0,False,0.003921113427069226,0.10347101261200763,0.19605715701398932,0.07577748288116361,7.577748288116364e-06,7.577748288116362e-06,0.020694829779479278,0.0,-0.9404432261205021,-2.0265696350681295,-1.956699217583099,0.9404432261205021
66.0,0.0,0.0,0.1979088436494724,1.0853979778648875,2.2630949220846444,39.58176872989448,1.0,0.0,2.365564882557958,0.04,0.0,False,0.003928799104107566,0.1979088436494724,0.19644144377786601,0.07577748051548007,7.577748051548008e-06,7.5777480515480085e-06,0.03958296848348652,0.0,0.6950256514119423,-1.177696944219757,-1.2801669046930704,0.6950256514119423
67.0,0.0,0.0,0.12920123032607717,0.5042573426192479,2.1510204901692935,25.84024606521543,1.0,0.0,2.369535748115386,-0.09,0.0,False,0.0037964119678253524,0.12920123032607717,0.1898220368039022,0.07577747866923067,7.577747866923064e-06,7.577747866923065e-06,0.025841029302758257,0.0,-0.5811406352456395,-1.6467631475500455,-1.865278405496138,0.5811406352456395
68.0,0.0,0.0,0.18779236340492111,0.34898626241822434,2.1514441014611037,37.558472680984224,1.0,0.0,2.3774592338430343,0.03,0.0,False,0.003801627479916541,0.18779236340492111,0.19008281438452598,0.07577747722836292,7.5777477228362955e-06,7.5777477228362955e-06,0.03755961110688085,0.0,-0.1552710802010236,-1.8024578390428794,-2.0284729714248098,0.1552710802010236
69.0,0.0,0.0,0.2012794372620509,-0.010660275973253253,2.2704450350520498,40.25588745241018,1.0,0.0,2.3822521288261673,0.05,0.0,False,0.0037516571249994785,0.2012794372620509,0.1875842777055147,0.07577747610386716,7.577747610386715e-06,7.5777476103867154e-06,0.04025710763898366,0.0,-0.3596465383914776,-2.281105311025303,-2.3929124047994206,0.3596465383914776
70.0,0.0,0.0,0.237005152498059,-0.7850585993842095,2.2109202315952428,47.4010304996118,1.0,0.0,2.361856897277468,-0.06,0.0,False,0.0037784781580740092,0.23700515249805904,0.18892533952137555,0.07577747522627731,7.577747522627736e-06,7.577747522627733e-06,0.047402467260890105,0.0,-0.7743983234109563,-2.9959788309794524,-3.1469154966616775,0.7743983234109563
71.0,0.0,0.0,0.31131702440534953,-0.3132270160496923,2.0333710920922727,62.2634048810699,1.0,0.0,2.359481047267694,0.16,0.0,False,0.003966544015900734,0.3113170244053495,0.19832870366847763,0.07577747454138026,7.577747454138024e-06,7.577747454138025e-06,0.06226529213220012,0.0,0.47183158333451725,-2.346598108141965,-2.672708063317386,0.47183158333451725
72.0,0.0,0.0,0.26415523687905046,0.006988567387298361,2.0185903524036757,52.831047375810094,1.0,0.0,2.328229598758743,-0.09,0.0,False,0.004220522112817982,0.26415523687905046,0.21102770474342258,0.0757774740068663,7.577747400686627e-06,7.577747400686627e-06,0.052832648725003165,0.0,0.32021558343699064,-2.0116017850163774,-2.3212410313714447,0.32021558343699064
73.0,0.0,0.0,0.22996555455964285,1.029418983050904,2.077531766298573,45.99311091192857,1.0,0.0,2.328425437823793,0.17,0.0,False,0.003951353711031306,0.22996555455964285,0.19756918266957268,0.07577747358971576,7.577747358971578e-06,7.577747358971577e-06,0.045994504998063485,0.0,1.0224304156636057,-1.048112783247669,-1.299006454772889,1.0224304156636057
74.0,0.0,0.0,0.127080855940229,1.1357709875074575,2.1243995361812464,25.4161711880458,1.0,0.0,2.3067312440274113,0.09,0.0,False,0.004139742347335428,0.127080855940229,0.2069886858628466,0.07577747326415916,7.577747326415918e-06,7.5777473264159154e-06,0.02541694157150111,0.0,0.10635200445655357,-0.9886285486737889,-1.1709602565199537,0.10635200445655357
75.0,0.0,0.0,0.12021602248155419,0.9956697338012501,2.322380321521421,24.04320449631084,1.0,0.0,2.3002756917840115,0.06,0.0,False,0.004111858273793984,0.12021602248155419,0.20559447162084601,0.07577747301008513,7.577747301008512e-06,7.577747301008514e-06,0.024043933264100335,0.0,-0.1401012537062074,-1.3267105877201708,-1.3046059579827614,0.1401012537062074
76.0,0.0,0.0,0.13995874339594933,0.14148777399623758,2.476779690983535,27.991748679189865,1.0,0.0,2.3379767606549944,0.22,0.0,False,0.003996564592647646,0.1399587433959493,0.1998297438802061,0.07577747281179825,7.577747281179824e-06,7.577747281179825e-06,0.027992597130350304,0.0,-0.8541819598050125,-2.3352919169872974,-2.196488986658757,0.8541819598050125
77.0,0.0,0.0,0.227543258428758,0.3315751175680932,2.496050454365696,45.5086516857516,1.0,0.0,2.3953101963601053,0.01,0.0,False,0.004063362453948677,0.227543258428758,0.20316966225412006,0.07577747265704927,7.577747265704929e-06,7.577747265704929e-06,0.04551003108754233,0.0,0.19008734357185564,-2.1644753367976026,-2.0637350787920123,0.19008734357185564
78.0,0.0,0.0,0.20990096883338383,0.6092798835420834,2.4169880211489283,41.98019376667676,1.0,0.0,2.4170065715490354,-0.02,0.0,False,0.0041288854279393885,0.20990096883338383,0.20644583577948003,0.07577747253627864,7.577747253627861e-06,7.577747253627862e-06,0.04198146621822655,0.0,0.2777047659739902,-1.807708137606845,-1.807726688006952,0.2777047659739902
79.0,0.0,0.0,0.1858873626426586,0.5432279213724687,2.4379831737856015,37.177472528531716,1.0,0.0,2.430664334726438,0.04,0.0,False,0.003984350950453801,0.1858873626426586,0.19921905714291177,0.07577747244202561,7.577747244202561e-06,7.577747244202561e-06,0.0371785994059525,0.0,-0.06605196216961473,-1.8947552524131328,-1.8874364133539692,0.06605196216961473
80.0,0.0,0.0,0.19661543944967363,1.1907670028721415,2.505450826418795,39.323087889934726,1.0,0.0,2.468223940341168,-0.04,0.0,False,0.004033554593426206,0.19661543944967363,0.20167925793416902,0.07577747236846775,7.577747236846778e-06,7.577747236846776e-06,0.0393242798025851,0.0,0.6475390814996729,-1.3146838235466534,-1.2774569374690266,0.6475390814996729
81.0,0.0,0.0,0.13639670655173752,1.5021076010982073,2.7795443122834147,27.279341310347505,1.0,0.0,2.5094568109743545,0.39,0.0,False,0.003938849655372976,0.13639670655173752,0.19694397514900225,0.07577747231106102,7.577747231106104e-06,7.577747231106103e-06,0.027280168167894102,0.0,0.31134059822606575,-1.2774367111852074,-1.0073492098761472,0.31134059822606575
82.0,0.0,0.0,0.11040653209719126,1.4592387708658547,2.9312104437802198,22.081306419438253,1.0,0.0,2.5547857473777866,0.36,0.0,False,0.003848659507289475,0.11040653209719128,0.19243443357291917,0.07577747226625915,7.577747226625914e-06,7.5777472266259145e-06,0.022081975720600375,0.0,-0.04286883023235255,-1.471971672914365,-1.095546976511932,0.04286883023235255
83.0,0.0,0.0,0.12038815888365714,1.9927459804560657,2.9598179903982853,24.07763177673143,1.0,0.0,2.60621475370974,0.41,0.0,False,0.003895352846839511,0.12038815888365714,0.19476911824193643,0.07577747223129438,7.57774722312944e-06,7.577747223129441e-06,0.024078361588030433,0.0,0.5335072095902109,-0.9670720099422196,-0.6134687732536743,0.5335072095902109
84.0,0.0,0.0,0.07263707810566217,1.8560455305134247,2.9965579160711564,14.527415621132434,1.0,0.0,2.663165973254259,0.39,0.0,False,0.003945868136313273,0.07263707810566217,0.19729490185522874,0.07577747220400688,7.5777472204006916e-06,7.577747220400691e-06,0.014527855958129037,0.0,-0.13670044994264097,-1.1405123855577317,-0.8071204427408345,0.13670044994264097
85.0,0.0,0.0,0.09290750980738338,1.4564322769911966,3.0957678851224006,18.581501961476675,1.0,0.0,2.719144282783523,0.57,0.0,False,0.003940434617724046,0.09290750980738338,0.19702322386707546,0.07577747218271093,7.577747218271092e-06,7.577747218271093e-06,0.01858206518090794,0.0,-0.3996132535222281,-1.639335608131204,-1.2627120057923262,0.3996132535222281
86.0,0.0,0.0,0.14220387504760723,1.4878004553522277,3.363237645763467,28.440775009521445,1.0,0.0,2.785155830068458,0.67,0.0,False,0.0037788478839607524,0.14220387504760723,0.18894382595573933,0.07577747216609089,7.577747216609089e-06,7.577747216609091e-06,0.028441637071003625,0.0,0.03136817836103112,-1.8754371904112392,-1.2973553747162303,0.03136817836103112
87.0,0.0,0.0,0.14754982790803028,1.5232954742319682,3.4899424906720293,29.509965581606057,1.0,0.0,2.8785249067181855,0.62,0.0,False,0.004039272857294373,0.14754982790803028,0.20196517329415095,0.07577747215312015,7.577747215312016e-06,7.577747215312016e-06,0.029510860051066016,0.0,0.03549501887974049,-1.9666470164400611,-1.3552294324862173,0.03549501887974049
88.0,0.0,0.0,0.1519889876898021,1.225028160457506,3.4859663393214846,30.39779753796042,1.0,0.0,2.963354639197407,0.58,0.0,False,0.003925335804486626,0.1519889876898021,0.19626827748445422,0.07577747214299738,7.5777472142997385e-06,7.577747214299739e-06,0.03039871891828091,0.0,-0.29826731377446225,-2.2609381788639786,-1.7383264787399009,0.29826731377446225
89.0,0.0,0.0,0.18933072225839773,0.5789369315607827,3.537040237919792,37.866144451679546,1.0,0.0,3.043242937836394,0.61,0.0,False,0.003788632878186109,0.18933072225839773,0.18943307937441722,0.07577747213509727,7.57774721350973e-06,7.577747213509728e-06,0.037867292203264576,0.0,-0.6460912288967232,-2.958103306359009,-2.4643060062756112,0.6460912288967232
90.0,0.0,0.0,0.26183534479989595,1.303049662017831,3.7225009850190474,52.36706895997919,1.0,0.0,3.1184071180591335,0.62,0.0,False,0.003986479156724473,0.26183534479989595,0.1993254682627897,0.07577747212893182,7.5777472128931844e-06,7.577747212893183e-06,0.05236865624559454,0.0,0.7241127304570482,-2.4194513230012165,-1.8153574560413026,0.7241127304570482
91.0,0.0,0.0,0.19795900090491497,1.0040593785694876,3.7176402540280984,39.59180018098299,1.0,0.0,3.197389585662455,0.59,0.0,False,0.003997305588759584,0.197959000904915,0.1998667939665433,0.07577747212412012,7.57774721241201e-06,7.577747212412012e-06,0.03959300023850306,0.0,-0.29899028344834333,-2.713580875458611,-2.193330207092967,0.29899028344834333
92.0,0.0,0.0,0.23709439982201108,1.3112810238439752,3.903559493330676,47.418879964402215,1.0,0.0,3.2827146752303435,0.73,0.0,False,0.004022316301741706,0.2370943998220111,0.20111733909189225,0.0757774721203649,7.577747212036492e-06,7.577747212036491e-06,0.04742031726665244,0.0,0.3072216452744876,-2.5922784694867005,-1.9714336513863684,0.3072216452744876
93.0,0.0,0.0,0.21698090558679708,2.3045196285658767,4.033380664910784,43.39618111735942,1.0,0.0,3.3750932088609575,0.7,0.0,False,0.003842773514207934,0.21698090558679708,0.19214013168871077,0.07577747211743423,7.57774721174342e-06,7.577747211743423e-06,0.04339749648855369,0.0,0.9932386047219015,-1.7288610363449077,-1.0705735802950809,0.9932386047219015
94.0,0.0,0.0,0.12800078406584414,1.9019990891758982,4.009475433804413,25.600156813168827,1.0,0.0,3.48117229103456,0.67,0.0,False,0.003748948323529343,0.12800078406584414,0.1874488366056024,0.07577747211514707,7.577747211514706e-06,7.577747211514704e-06,0.02560093277335641,0.0,-0.40252053938997845,-2.1074763446285147,-1.5791732018586617,0.40252053938997845
95.0,0.0,0.0,0.1773753271326552,2.5431896589624152,4.019570819275377,35.47506542653104,1.0,0.0,3.584575967103544,0.62,0.0,False,0.003861340979268615,0.1773753271326552,0.19306851197672253,0.07577747211336205,7.577747211336206e-06,7.577747211336206e-06,0.035476140702695294,0.0,0.641190569786517,-1.476381160312962,-1.0413863081411288,0.641190569786517
96.0,0.0,0.0,0.11664149822240752,1.8184642102748971,3.947915600065354,23.328299644481504,1.0,0.0,3.6758195657719765,0.19,0.0,False,0.003913005962957181,0.11664149822240752,0.19565178073636016,0.07577747211196902,7.5777472111969e-06,7.5777472111969e-06,0.02332900674295359,0.0,-0.7247254486875181,-2.129451389790457,-1.8573553554970794,0.7247254486875181
97.0,0.0,0.0,0.19522988701418786,1.5206695327238766,4.173423635922361,39.04597740283757,1.0,0.0,3.709648835175884,0.5,0.0,False,0.0038739393371317004,0.1952298870141879,0.19369843464323538,0.07577747211088182,7.577747211088183e-06,7.5777472110881835e-06,0.039047160916054674,0.0,-0.2977946775510205,-2.6527541031984843,-2.1889793024520072,0.2977946775510205
98.0,0.0,0.0,0.23023346037758727,2.0408026349932697,4.004439219685838,46.046692075517456,1.0,0.0,3.7708370505533675,0.3,0.0,False,0.004003737056382898,0.23023346037758727,0.20018836978451043,0.07577747211003336,7.5777472110033345e-06,7.5777472110033345e-06,0.04604808778571092,0.0,0.5201331022693931,-1.9636365846925683,-1.7300344155600977,0.5201331022693931
99.0,0.0,0.0,0.18320940640546723,2.50636713287286,4.082667978413262,36.64188128109345,1.0,0.0,3.8230913690478623,0.27,0.0,False,0.004300736057827464,0.18320940640546723,0.21503843238590653,0.07577747210937115,7.577747210937115e-06,7.577747210937117e-06,0.03664299192433198,0.0,0.4655644978795901,-1.5763008455404024,-1.3167242361750024,0.4655644978795901
100.0,0.0,0.0,0.13968292102265825,2.3286077877194487,3.9787747371982154,27.93658420453165,1.0,0.0,3.8729661147763608,0.15,0.0,False,0.004063176567801894,0.13968292102265825,0.20316036787633987,0.0757774721088544,7.577747210885437e-06,7.5777472108854385e-06,0.027937430983607108,0.0,-0.17775934515341119,-1.6501669494787667,-1.5443583270569121,0.17775934515341119
101.0,0.0,0.0,0.15971338849166788,3.1123437471397657,4.035095856981906,31.942677698333576,1.0,0.0,3.9032492671927006,0.09,0.0,False,0.004014245442059912,0.15971338849166788,0.20071379304985568,0.0757774721084511,7.577747210845108e-06,7.577747210845109e-06,0.03194364590514408,0.0,0.783735959420317,-0.9227521098421403,-0.7909055200529349,0.783735959420317
102.0,0.0,0.0,0.08400851736197794,2.6393133705117204,3.8789952910384042,16.801703472395587,1.0,0.0,3.9258021860203356,-0.13,0.0,False,0.004002614487281858,0.08400851736197795,0.2001322409041313,0.07577747210813633,7.577747210813634e-06,7.577747210813632e-06,0.016802212744782944,0.0,-0.47303037662804526,-1.2396819205266838,-1.2864888155086152,0.47303037662804526
103.0,0.0,0.0,0.1330636781824441,3.3941326371806726,4.033103484101678,26.61273563648882,1.0,0.0,3.952460750524951,-0.02,0.0,False,0.0040911963120869674,0.1330636781824441,0.20456136570692054,0.07577747210789067,7.577747210789067e-06,7.577747210789068e-06,0.02661354228870917,0.0,0.7548192666689522,-0.6389708469210058,-0.5583281133442783,0.7548192666689522
104.0,0.0,0.0,0.06057671777774036,3.8984750767104,4.111821349004818,12.115343555548073,1.0,0.0,3.970000568481971,0.14,0.0,False,0.00413829817270881,0.060576717777740374,0.20691647658431228,0.07577747210769896,7.577747210769899e-06,7.577747210769897e-06,0.012115710780808675,0.0,0.5043424395297276,-0.21334627229441772,-0.07152549177157086,0.5043424395297276
105.0,0.0,0.0,0.01259320048341389,2.924212501781324,4.097544528585993,2.5186400966827778,1.0,0.0,3.9999227667107853,0.12,0.0,False,0.00408946964454377,0.01259320048341389,0.20447503167554812,0.07577747210754936,7.577747210754937e-06,7.577747210754936e-06,0.0025187164385761483,0.0,-0.9742625749290763,-1.173332026804669,-1.0757102649294614,0.9742625749290763
106.0,0.0,0.0,0.11443169052665382,2.6940530850937034,4.140820148274048,22.886338105330765,1.0,0.0,4.024411852949031,0.22,0.0,False,0.003976924150116604,0.11443169052665382,0.19884771431212447,0.07577747210743258,7.577747210743258e-06,7.577747210743259e-06,0.02288703180761303,0.0,-0.2301594166876204,-1.4467670631803444,-1.3303587678553277,0.2301594166876204
107.0,0.0,0.0,0.14075864782569872,4.023480824626505,4.162811610366775,28.151729565139743,1.0,0.0,4.068572763769048,0.1,0.0,False,0.004185320393081907,0.1407586478256987,0.2092676054190921,0.07577747210734144,7.577747210734148e-06,7.577747210734146e-06,0.028152582865434407,0.0,1.3294277395328016,-0.13933078574027036,-0.045091939142542614,1.3294277395328016
108.0,0.0,0.0,0.010806302603207243,3.081082836971871,4.273275193048836,2.1612605206414486,1.0,0.0,4.101692895023238,0.26,0.0,False,0.004129365723682513,0.010824571634454907,0.20646985074860538,0.07577747210727036,7.577747210727035e-06,7.577747210727035e-06,0.002161326030088562,0.0,-0.9423979876546342,-1.1921923560769656,-1.0206100580513668,0.9423979876546342
109.0,0.0,0.0,0.1082086544033011,2.5884122159967666,4.382645916229752,21.64173088066022,1.0,0.0,4.131547945030047,0.12,0.0,False,0.004042638272066716,0.10820865440330112,0.20213344530788033,0.07577747210721485,7.577747210721488e-06,7.577747210721485e-06,0.021642386857952656,0.0,-0.49267062097510417,-1.7942337002329851,-1.5431357290332808,0.49267062097510417
110.0,0.0,0.0,0.16365129628919256,2.404299249330359,4.500910807047931,32.73025925783851,1.0,0.0,4.163210379896336,0.41,0.0,False,0.004155470236474858,0.16365129628919256,0.20777508627889255,0.07577747210717153,7.5777472107171526e-06,7.5777472107171526e-06,0.032731251336843944,0.0,-0.18411296666640764,-2.096611557717572,-1.758911130565977,0.18411296666640764
111.0,0.0,0.0,0.18619166687585118,2.3290566674152497,4.483542204428615,37.238333375170235,1.0,0.0,4.22498718429639,0.27,0.0,False,0.004025220732539312,0.18619166687585118,0.20126256173222445,0.0757774721071377,7.5777472107137695e-06,7.577747210713772e-06,0.03723946209732449,0.0,-0.07524258191510924,-2.1544855370133655,-1.8959305168811404,0.07524258191510924
112.0,0.0,0.0,0.19462617663528184,2.326803266994153,4.417254692242248,38.92523532705637,1.0,0.0,4.266286463758085,0.06,0.0,False,0.004030479652153372,0.19462617663528184,0.2015255097054657,0.07577747210711135,7.577747210711135e-06,7.5777472107111335e-06,0.03892641518048941,0.0,-0.002253400421096785,-2.0904514252480952,-1.9394831967639323,0.002253400421096785
113.0,0.0,0.0,0.19813155608601785,3.1602491475591235,4.376728434507189,39.62631121720357,1.0,0.0,4.275392175166423,0.14,0.0,False,0.003945661808911528,0.1981315560860179,0.19728458540696472,0.07577747210709075,7.577747210709075e-06,7.577747210709075e-06,0.03962751232077906,0.0,0.8334458805649705,-1.2164792869480658,-1.1151430276072993,0.8334458805649705
114.0,0.0,0.0,0.1191936457563076,3.2995191393000787,4.426906205668132,23.83872915126152,1.0,0.0,4.308193897396653,0.16,0.0,False,0.00418257943839347,0.11919364575630763,0.2091305566461571,0.07577747210707467,7.577747210707468e-06,7.5777472107074684e-06,0.02383945172123938,0.0,0.13926999174095522,-1.1273870663680534,-1.0086747580965745,0.13926999174095522
115.0,0.0,0.0,0.10882110977699519,3.5696211214369518,4.456934911913985,21.764221955399037,1.0,0.0,4.352230766088032,0.12,0.0,False,0.003997033157161425,0.10882110977699519,0.19985317228341415,0.07577747210706212,7.5777472107062165e-06,7.577747210706214e-06,0.021764881645488912,0.0,0.2701019821368731,-0.887313790477033,-0.78260964465108,0.2701019821368731
116.0,0.0,0.0,0.08274473728102588,3.991357463961777,4.414986972251365,16.548947456205177,1.0,0.0,4.387771468013083,0.05,0.0,False,0.003946362916754315,0.08274473728102588,0.19731964106474498,0.07577747210705234,7.577747210705233e-06,7.577747210705234e-06,0.016549449067365784,0.0,0.42173634252482506,-0.4236295082895878,-0.39641400405130645,0.42173634252482506
117.0,0.0,0.0,0.04397984501707586,4.094829513801305,4.514338546090044,8.795969003415172,1.0,0.0,4.397099845182316,0.15,0.0,False,0.0038975035716433044,0.04397984501707586,0.19487665529700615,0.07577747210704468,7.57774721070447e-06,7.577747210704469e-06,0.008796235615913165,0.0,0.10347204983952851,-0.4195090322887385,-0.30227033138101067,0.10347204983952851
118.0,0.0,0.0,0.03479320705470731,3.571569276173955,4.61798201251364,6.958641410941461,1.0,0.0,4.431172577539931,0.09,0.0,False,0.0039204204752128794,0.03479320705470731,0.19602250915841002,0.07577747210703875,7.577747210703874e-06,7.5777472107038745e-06,0.006958852332645311,0.0,-0.5232602376273503,-1.0464127363396853,-0.8596033013659756,0.5232602376273503
119.0,0.0,0.0,0.0900585684956212,3.6472564999570527,4.567792025428113,18.01171369912424,1.0,0.0,4.442774767054764,0.2,0.0,False,0.004055000193641009,0.0900585684956212,0.2027515460703708,0.0757774721070341,7.577747210703411e-06,7.5777472107034094e-06,0.018012259647840135,0.0,0.07568722378309767,-0.9205355254710601,-0.795518267097711,0.07568722378309767
120.0,0.0,0.0,0.08557597722204394,3.464739507390961,4.568307781047666,17.115195444408787,1.0,0.0,4.472189083183477,-0.03,0.0,False,0.004350860724153297,0.08557597722204394,0.2175446846938007,0.07577747210703047,7.577747210703047e-06,7.577747210703047e-06,0.017115714218975786,0.0,-0.18251699256609166,-1.1035682736567054,-1.0074495757925161,0.18251699256609166
121.0,0.0,0.0,0.10708777532514528,3.7565632923093317,4.6016590227660314,21.417555065029056,1.0,0.0,4.503048695833626,0.1,0.0,False,0.0043135865848087296,0.10708777532514528,0.21568096360387207,0.07577747210702765,7.577747210702763e-06,7.577747210702764e-06,0.021418204247382312,0.0,0.2918237849183707,-0.8450957304566997,-0.7464854035242943,0.2918237849183707
122.0,0.0,0.0,0.08226662766579446,4.212565951067501,4.713048584969726,16.453325533158893,1.0,0.0,4.535657834846951,0.17,0.0,False,0.004357965135006089,0.08226662766579448,0.21789990792821176,0.07577747210702544,7.577747210702544e-06,7.577747210702543e-06,0.016453824245946422,0.0,0.45600265875816914,-0.5004826339022248,-0.3230918837794503,0.45600265875816914
123.0,0.0,0.0,0.041359536097235014,3.5077181273392397,4.720214763951269,8.271907219447003,1.0,0.0,4.579260738752692,0.27,0.0,False,0.004131810546234958,0.041359536097235014,0.20659209280253998,0.0757774721070237,7.577747210702369e-06,7.577747210702371e-06,0.00827215794723448,0.0,-0.7048478237282612,-1.212496636612029,-1.0715426114134519,0.7048478237282612
124.0,0.0,0.0,0.11273383123973268,3.925905382772123,4.5965002184140795,22.546766247946536,1.0,0.0,4.626176982645315,-0.1,0.0,False,0.004121254027241619,0.11273383123973268,0.20606426285314144,0.07577747210702236,7.577747210702234e-06,7.577747210702236e-06,0.022547449657547992,0.0,0.4181872554328834,-0.6705948356419564,-0.7002715998731923,0.4181872554328834
125.0,0.0,0.0,0.07440709600337223,4.366941651225482,4.720078594155155,14.881419200674445,1.0,0.0,4.6350991531603265,0.0,0.0,False,0.004149373971443094,0.07440709600337223,0.20747027071750662,0.07577747210702132,7.577747210702129e-06,7.577747210702131e-06,0.014881870267787714,0.0,0.4410362684533591,-0.3531369429296731,-0.26815750193484433,0.4410362684533591
126.0,0.0,0.0,0.03480744860123494,4.639206780586215,4.896433841738475,6.9614897202469885,1.0,0.0,4.670004534714054,0.33,0.0,False,0.004100355929636318,0.03480744860123494,0.20501935005485128,0.07577747210702046,7.577747210702047e-06,7.577747210702049e-06,0.006961700728285255,0.0,0.27226512936073277,-0.25722706115226046,-0.030797754127839028,0.27226512936073277
127.0,0.0,0.0,0.012741398150518207,4.855416824893027,4.906760614209889,2.5482796301036412,1.0,0.0,4.715029325340159,0.35,0.0,False,0.004070319411826164,0.012741398150518207,0.20351751278388666,0.07577747210701986,7.577747210701988e-06,7.577747210701986e-06,0.0025483568703937682,0.0,0.2162100443068118,-0.051343789316862676,0.140387499552868,0.2162100443068118
128.0,0.0,0.0,-0.00534326134725564,5.445726361560255,4.837872739556699,-1.068652269451128,1.0,0.0,4.766625589646112,0.13,0.0,False,0.003777693107309266,0.005598729647892981,0.18888608668563364,0.07577747210701936,7.577747210701936e-06,7.5777472107019365e-06,-0.0010686846611126875,0.0,0.5903095366672284,0.6078536220035557,0.6791007719141433,0.5903095366672284
129.0,0.0,0.0,-0.06171264304449246,5.8837138787249295,4.919734699622631,-12.342528608898492,1.0,0.0,4.801982186926282,0.05,0.0,False,0.00377231399804708,0.06171264304449247,0.18861712918444784,0.07577747210701898,7.577747210701896e-06,7.577747210701897e-06,-0.012342902720310515,0.0,0.4379875171646743,0.9639791791022985,1.0817316917986473,0.4379875171646743
130.0,0.0,0.0,-0.1034764753155119,5.974861400113751,4.903524267360464,-20.69529506310238,1.0,0.0,4.828576548974897,0.13,0.0,False,0.003787823613286176,0.10347647531551192,0.18939261582279981,0.07577747210701867,7.577747210701865e-06,7.577747210701866e-06,-0.020695922353206674,0.0,0.09114752138882132,1.0713371327532863,1.1462848511388541,0.09114752138882132
131.0,0.0,0.0,-0.11134190059355106,6.79865759632708,4.870872323858829,-22.268380118710212,1.0,0.0,4.848909919641201,0.04,0.0,False,0.0037048419753513487,0.11134190059355106,0.18524350248536467,0.07577747210701846,7.577747210701843e-06,7.577747210701844e-06,-0.02226905509021675,0.0,0.8237961962133289,1.9277852724682507,1.9497476766858783,0.8237961962133289
132.0,0.0,0.0,-0.1910772923236794,6.56862759214975,4.929963436341414,-38.21545846473588,1.0,0.0,4.8614002081394085,0.05,0.0,False,0.0037687488228891814,0.19107729232367945,0.1884388690757531,0.07577747210701824,7.5777472107018255e-06,7.5777472107018255e-06,-0.03821661680429339,0.0,-0.23003000417732977,1.6386641558083355,1.7072273840103414,0.23003000417732977
133.0,0.0,0.0,-0.16560114400886353,6.477488397174377,4.9902466472439135,-33.120228801772704,1.0,0.0,4.887812276319341,0.12,0.0,False,0.0035529447398554032,0.16560114400886355,0.17764858315862478,0.07577747210701812,7.577747210701811e-06,7.57774721070181e-06,-0.033121232701051065,0.0,-0.09113919497537282,1.4872417499304635,1.589676120855036,0.09113919497537282
134.0,0.0,0.0,-0.15258204550001125,6.412667777293615,5.149017608280367,-30.51640910000225,1.0,0.0,4.912553407880761,0.2,0.0,False,0.0035268358038259163,0.15258204550001125,0.1763431264648046,0.07577747210701802,7.577747210701799e-06,7.577747210701799e-06,-0.030517334075528747,0.0,-0.06482061988076193,1.263650169013248,1.500114369412854,0.06482061988076193
135.0,0.0,0.0,-0.14266880705842444,6.2419090786022675,5.1447527917470275,-28.533761411684885,1.0,0.0,4.951610130765782,0.19,0.0,False,0.0035097376532674954,0.1426688070584244,0.17548821245861038,0.0757774721070179,7.577747210701789e-06,7.577747210701791e-06,-0.02853462629165481,0.0,-0.17075869869134763,1.09715628685524,1.2902989478364857,0.17075869869134763
136.0,0.0,0.0,-0.12277877047437842,5.881207566122869,5.221597566446143,-24.555754094875685,1.0,0.0,4.985925651301635,0.21,0.0,False,0.0034951037135829786,0.12277877047437842,0.17475650992976974,0.07577747210701782,7.577747210701785e-06,7.577747210701784e-06,-0.024556498398423915,0.0,-0.3607015124793982,0.659609999676726,0.8952819148212345,0.3607015124793982
137.0,0.0,0.0,-0.08273312516704197,5.8013474256693165,5.339997562876367,-16.546625033408393,1.0,0.0,5.0140748545342095,0.29,0.0,False,0.003665734865307148,0.08273312516704197,0.18328813216596493,0.07577747210701778,7.577747210701776e-06,7.577747210701779e-06,-0.016547126574174603,0.0,-0.07986014045355283,0.4613498627929493,0.787272571135107,0.07986014045355283
138.0,0.0,0.0,-0.06616904028552549,5.6482461469265095,5.485463151018419,-13.233808057105097,1.0,0.0,5.053844967917027,0.58,0.0,False,0.003850272446832792,0.06616904028552549,0.1925150811612043,0.07577747210701771,7.577747210701773e-06,7.577747210701773e-06,-0.013234209183873816,0.0,-0.153101278742807,0.1627829959080902,0.5944011790094823,0.153101278742807
139.0,0.0,0.0,-0.04409911821211769,4.676683977922008,5.577831809659243,-8.819823642423538,1.0,0.0,5.139631952201039,0.47,0.0,False,0.0037116510875309845,0.04409911821211769,0.18558396067423302,0.07577747210701768,7.577747210701771e-06,7.577747210701769e-06,-0.00882009097797375,0.0,-0.9715621690045015,-0.9011478317372354,-0.46294797427903145,0.9715621690045015
140.0,0.0,0.0,0.05781348034496099,4.732956037047789,5.501569901710398,11.562696068992198,1.0,0.0,5.207238256206832,0.25,0.0,False,0.0038506789999747148,0.05781348034496098,0.19253540897233828,0.07577747210701767,7.577747210701768e-06,7.577747210701767e-06,0.011563046543087922,0.0,0.05627205912578148,-0.7686138646626084,-0.47428221915904256,0.05627205912578148
141.0,0.0,0.0,0.05425548259905847,5.613382263546746,5.413445400232309,10.851096519811694,1.0,0.0,5.254840686168588,0.08,0.0,False,0.003943108744402227,0.05425548259905847,0.1971569312141758,0.07577747210701766,7.577747210701764e-06,7.5777472107017645e-06,0.010851425424784868,0.0,0.8804262264989564,0.19993686331443694,0.3585415773781575,0.8804262264989564
142.0,0.0,0.0,-0.03075643306235569,6.272007640021664,5.413812737310308,-6.151286612471138,1.0,0.0,5.27553141975497,0.15,0.0,False,0.004027924352212207,0.03075643306235569,0.20139774374023658,0.07577747210701764,7.577747210701764e-06,7.577747210701764e-06,-0.006151473062638139,0.0,0.6586253764749186,0.8581949027113565,0.9964762202666941,0.6586253764749186
143.0,0.0,0.0,-0.09310570463529584,5.760360837682153,5.41452487943423,-18.62114092705917,1.0,0.0,5.305806279699446,0.07,0.0,False,0.004051739701996154,0.09310570463529583,0.20258852025276894,0.07577747210701764,7.577747210701764e-06,7.577747210701764e-06,-0.018621705347976993,0.0,-0.5116468023395111,0.3458359582479229,0.45455455798270705,0.5116468023395111
144.0,0.0,0.0,-0.03963096556276166,5.638570406881844,5.382099984942091,-7.926193112552332,1.0,0.0,5.340915317094027,-0.02,0.0,False,0.004037672799708363,0.03963096556276167,0.20188516980860793,0.07577747210701764,7.577747210701764e-06,7.577747210701764e-06,-0.00792643336148278,0.0,-0.12179043080030905,0.25647042193975356,0.29765508978781696,0.12179043080030905
145.0,0.0,0.0,-0.025179655681810194,5.327419351237154,5.42566152548254,-5.035931136362039,1.0,0.0,5.364036166382599,0.05,0.0,False,0.004046589950519807,0.02517965568181019,0.20233103072777586,0.07577747210701764,7.577747210701764e-06,7.577747210701764e-06,-0.005036083779257832,0.0,-0.31115105564469037,-0.09824217424538606,-0.0366168151454449,0.31115105564469037
146.0,0.0,0.0,0.006940452173140017,5.141886188149209,5.356803335192252,1.3880904346280034,1.0,0.0,5.386764309810462,0.06,0.0,False,0.003982022893367923,0.007052249181920961,0.1991026534065398,0.07577747210701764,7.577747210701764e-06,7.577747210701764e-06,0.0013881325087028522,0.0,-0.18553316308794532,-0.21491714704304332,-0.24487812166125345,0.18553316308794532
147.0,0.0,0.0,0.02795112433448821,5.590774310898057,5.4529810009260595,5.590224866897642,1.0,0.0,5.3968265026181585,0.0,0.0,False,0.003819519233922175,0.02795112433448821,0.19097740886366982,0.07577747210701764,7.577747210701764e-06,7.577747210701764e-06,0.005590394310857202,0.0,0.4488881227488486,0.13779330997199768,0.19394780827989866,0.4488881227488486
148.0,0.0,0.0,-0.01598262008086727,5.608853473445802,5.499562453195388,-3.196524016173454,1.0,0.0,5.421408021821813,0.11,0.0,False,0.003702956153249672,0.01598262008086727,0.18514921066576667,0.07577747210701764,7.577747210701764e-06,7.577747210701764e-06,-0.00319662090524304,0.0,0.01807916254774522,0.10929102025041448,0.18744545162398918,0.01807916254774522
149.0,0.0,0.0,-0.018800516821620143,5.328004118641138,5.302049567903915,-3.7601033643240287,1.0,0.0,5.430942054476648,0.12,0.0,False,0.003714853582490769,0.018800516821620143,0.18574408663560707,0.07577747210701764,7.577747210701764e-06,7.577747210701764e-06,-0.003760217335911501,0.0,-0.28084935480466466,0.025954550737222526,-0.10293793583551025,0.28084935480466466
150.0,0.0,0.0,0.00722311414122463,4.734314767645433,5.251727389597136,1.444622828244926,1.0,0.0,5.420841181951406,0.11,0.0,False,0.003847165862869891,0.00729551808120664,0.19235975078601386,0.07577747210701764,7.577747210701764e-06,7.577747210701764e-06,0.0014446666158595422,0.0,-0.5936893509957049,-0.5174126219517028,-0.6865264143059733,0.5936893509957049
151.0,0.0,0.0,0.06571096286291273,4.12612407789774,5.251386084704646,13.142192572582545,1.0,0.0,5.400237996800035,0.1,0.0,False,0.0037468400308754116,0.06571096286291273,0.18734342117410022,0.07577747210701764,7.577747210701764e-06,7.577747210701764e-06,0.013142590922416375,0.0,-0.6081906897476932,-1.1252620068069064,-1.2741139189022954,0.6081906897476932
152.0,0.0,0.0,0.126452489758551,3.754177857860672,5.344620501275835,25.2904979517102,1.0,0.0,5.391449293327837,0.11,0.0,False,0.0037136105745376596,0.126452489758551,0.18568193576699163,0.07577747210701764,7.577747210701764e-06,7.577747210701764e-06,0.025291264525902517,0.0,-0.37194622003706757,-1.5904426434151628,-1.6372714354671651,0.37194622003706757
153.0,0.0,0.0,0.1652087105523394,3.37874093089403,5.36049742377926,33.04174211046788,1.0,0.0,5.390696886733326,-0.08,0.0,False,0.003824312297278373,0.1652087105523394,0.1912170638475108,0.07577747210701764,7.577747210701764e-06,7.577747210701764e-06,0.03304274363075504,0.0,-0.3754369269666422,-1.9817564928852303,-2.011955955839296,0.3754369269666422
154.0,0.0,0.0,0.2038114432347205,3.7813498930897746,5.467153829732532,40.7622886469441,1.0,0.0,5.406327558876343,0.08,0.0,False,0.0037272654085027165,0.20381144323472053,0.1863646826388884,0.07577747210701764,7.577747210701764e-06,7.577747210701764e-06,0.04076352418285787,0.0,0.4026089621957447,-1.6858039366427575,-1.624977665786568,0.4026089621957447
155.0,0.0,0.0,0.16789784956159004,3.974601619574598,5.22801157917328,33.57956991231801,1.0,0.0,5.416932584821008,-0.21,0.0,False,0.0038105227920464772,0.16789784956159,0.19052758336124684,0.07577747210701764,7.577747210701764e-06,7.577747210701764e-06,0.03358058773457413,0.0,0.19325172648482347,-1.2534099595986823,-1.4423309652464096,0.19325172648482347
156.0,0.0,0.0,0.14806082565756648,3.6212170709777634,5.142910947049655,29.612165131513294,1.0,0.0,5.460392003078733,-0.04,0.0,False,0.0040607637422401975,0.14806082565756648,0.20303972568406595,0.07577747210701764,7.577747210701764e-06,7.577747210701764e-06,0.029613062698718644,0.0,-0.35338454859683477,-1.5216938760718919,-1.83917493210097,0.35338454859683477
157.0,0.0,0.0,0.181736419556372,2.9458057752671833,5.27709593677641,36.347283911274396,1.0,0.0,5.455265974525694,0.09,0.0,False,0.0040798253290961015,0.18173641955637193,0.20399281224905544,0.07577747210701764,7.577747210701764e-06,7.577747210701764e-06,0.03634838562504295,0.0,-0.67541129571058,-2.331290161509227,-2.5094601992585104,0.67541129571058
158.0,0.0,0.0,0.24792475205686895,2.3929384418095054,5.337894158209005,49.58495041137379,1.0,0.0,5.438650124173799,0.0,0.0,False,0.0039661002692611275,0.24792475205686895,0.198306516168319,0.07577747210701764,7.577747210701764e-06,7.577747210701764e-06,0.0495864533688634,0.0,-0.5528673334576779,-2.9449557163995,-3.045711682364294,0.5528673334576779
159.0,0.0,0.0,0.3029327359416736,2.1817669874807617,5.113344131662772,60.58654718833472,1.0,0.0,5.425147231390788,0.0,0.0,False,0.004158574112219242,0.3029327359416736,0.20793028124213103,0.07577747210701764,7.577747210701764e-06,7.577747210701764e-06,0.060588383612574556,0.0,-0.21117145432874374,-2.93157714418201,-3.2433802439100266,0.21117145432874374
160.0,0.0,0.0,0.32326249534027146,1.7898498697890814,5.195966791170261,64.6524990680543,1.0,0.0,5.422380578610979,0.06,0.0,False,0.004197448070620094,0.32326249534027157,0.20987399389102518,0.07577747210701764,7.577747210701764e-06,7.577747210701764e-06,0.0646544587343823,0.0,-0.39191711769168025,-3.4061169213811797,-3.6325307088218977,0.39191711769168025
161.0,0.0,0.0,0.36414041047535406,2.47494831717816,5.328697878911825,72.82808209507081,1.0,0.0,5.414514420957094,-0.18,0.0,False,0.004377025357818444,0.36414041047535406,0.21885292629050698,0.07577747210701764,7.577747210701764e-06,7.577747210701764e-06,0.07283028956952689,0.0,0.6850984473890787,-2.853749561733665,-2.9395661037789336,0.6850984473890787
162.0,0.0,0.0,0.2984563551532656,2.589497858901369,5.487280016336916,59.69127103065311,1.0,0.0,5.431391942741608,-0.04,0.0,False,0.004274394864487624,0.2984563551532656,0.21372136273856915,0.07577747210701764,7.577747210701764e-06,7.577747210701764e-06,0.05969308031839296,0.0,0.11454954172320875,-2.897782157435547,-2.841894083840239,0.11454954172320875
163.0,0.0,0.0,0.28572327366854156,2.9938433721220705,5.282961078052512,57.144654733708315,1.0,0.0,5.459624950051452,0.11,0.0,False,0.0044084229094550915,0.28572327366854156,0.22042281576847483,0.07577747210701764,7.577747210701764e-06,7.577747210701764e-06,0.05714638683157492,0.0,0.40434551322070167,-2.2891177059304417,-2.465781577929382,0.40434551322070167
164.0,0.0,0.0,0.2518204242597798,2.576774794293444,5.533513108292721,50.36408485195596,1.0,0.0,5.446838852523785,0.16,0.0,False,0.004205772913387128,0.25182042425977985,0.2102902391835545,0.07577747210701764,7.577747210701764e-06,7.577747210701764e-06,0.050365611425601954,0.0,-0.4170685778286267,-2.956738313999277,-2.8700640582303416,0.4170685778286267
165.0,0.0,0.0,0.29471404541941487,2.9772597387072404,5.679310011201391,58.94280908388297,1.0,0.0,5.5121430262957425,0.2,0.0,False,0.004007918223837105,0.29471404541941487,0.20039742974141245,0.07577747210701764,7.577747210701764e-06,7.577747210701764e-06,0.05894459568517301,0.0,0.40048494441379656,-2.7020502724941506,-2.534883287588502,0.40048494441379656
166.0,0.0,0.0,0.2588460574988802,2.939180333979502,5.686481389288901,51.769211499776034,1.0,0.0,5.524026911914372,0.19,0.0,False,0.0038932962303083983,0.2588460574988802,0.19466628663615232,0.07577747210701764,7.577747210701764e-06,7.577747210701764e-06,0.051770780663877435,0.0,-0.038079404727738186,-2.747301055309399,-2.5848465779348695,0.038079404727738186
167.0,0.0,0.0,0.26523561668848394,1.989461459228314,5.706532695386738,53.04712333769679,1.0,0.0,5.565818387195551,0.21,0.0,False,0.003558815982278089,0.26523561668848394,0.1779421475042986,0.07577747210701764,7.577747210701764e-06,7.577747210701764e-06,0.053048731236276125,0.0,-0.9497188747511882,-3.7170712361584237,-3.5763569279672374,0.9497188747511882
168.0,0.0,0.0,0.36529354625335936,1.975390379293287,5.893366255253406,73.05870925067187,1.0,0.0,5.591636995287066,0.34,0.0,False,0.003657145953552786,0.36529354625335936,0.18285868332401675,0.07577747210701764,7.577747210701764e-06,7.577747210701764e-06,0.07306092371561211,0.0,-0.014071079935026987,-3.9179758759601193,-3.6162466159937794,0.014071079935026987
169.0,0.0,0.0,0.37389536232754395,2.233472492563286,5.942633644112381,74.77907246550879,1.0,0.0,5.6425353268694645,0.44,0.0,False,0.003781561928969018,0.37389536232754395,0.18907952923446888,0.07577747210701764,7.577747210701764e-06,7.577747210701764e-06,0.07478133907596411,0.0,0.2580821132699991,-3.709161151549095,-3.4090628343061784,0.2580821132699991
170.0,0.0,0.0,0.3527844598752349,2.4480169789591537,5.998530542146771,70.55689197504698,1.0,0.0,5.714485666795672,0.33,0.0,False,0.004115138819234232,0.3527844598752348,0.205758500135797,0.07577747210701764,7.577747210701764e-06,7.577747210701764e-06,0.07055903060800633,0.0,0.21454448639586765,-3.550513563187617,-3.266468687836518,0.21454448639586765
171.0,0.0,0.0,0.33738577974938927,2.3084857512593597,6.059426383913591,67.47715594987785,1.0,0.0,5.761450756888471,0.4,0.0,False,0.003934047038224063,0.33738577974938927,0.19670384247190165,0.07577747210701764,7.577747210701764e-06,7.577747210701764e-06,0.0674792012337003,0.0,-0.13953122769979398,-3.750940632654231,-3.4529650056291112,0.13953122769979398
172.0,0.0,0.0,0.356497277504109,2.6762052661808537,5.999510726269275,71.2994555008218,1.0,0.0,5.822002607660615,0.3,0.0,False,0.003906242040508382,0.35649727750410887,0.19531358205115534,0.07577747210701764,7.577747210701764e-06,7.577747210701764e-06,0.07130161664144534,0.0,0.367719514921494,-3.323305460088421,-3.145797341479761,0.367719514921494
173.0,0.0,0.0,0.3212631002990372,2.3150530787006653,6.036335574986301,64.25262005980744,1.0,0.0,5.873593598612957,0.02,0.0,False,0.004075016537756192,0.3212631002990372,0.20375237086006975,0.07577747210701764,7.577747210701764e-06,7.577747210701764e-06,0.06425456760549912,0.0,-0.3611521874801884,-3.7212824962856352,-3.5585405199122917,0.3611521874801884
174.0,0.0,0.0,0.36124710176297503,1.980547693236601,6.113561188550237,72.24942035259501,1.0,0.0,5.888957991699332,0.16,0.0,False,0.004284236235827438,0.36124710176297503,0.21421343503433127,0.07577747210701764,7.577747210701764e-06,7.577747210701764e-06,0.07225161028737437,0.0,-0.3345053854640643,-4.1330134953136355,-3.908410298462731,0.3345053854640643
175.0,0.0,0.0,0.39795366183543224,1.3182441974854917,5.971849955806397,79.59073236708645,1.0,0.0,5.9276609682913,0.09,0.0,False,0.004271027933226657,0.39795366183543224,0.2135530148998333,0.07577747210701764,7.577747210701764e-06,7.577747210701764e-06,0.07959314482260617,0.0,-0.6623034957511094,-4.653605758320905,-4.609416770805808,0.6623034957511094
176.0,0.0,0.0,0.4652067669263731,0.8468522955090131,5.874596107873682,93.04135338527462,1.0,0.0,5.960235091203467,-0.04,0.0,False,0.004401614669046705,0.4652067669263731,0.22008240116849934,0.07577747210701764,7.577747210701764e-06,7.577747210701764e-06,0.0930441735393285,0.0,-0.4713919019764786,-5.027743812364669,-5.113382795694454,0.4713919019764786
177.0,0.0,0.0,0.5118188195878778,1.549100150650544,5.818890543083349,102.36376391757555,1.0,0.0,5.970488127713241,-0.02,0.0,False,0.004584740097187946,0.5118188195878778,0.22923874195947155,0.07577747210701764,7.577747210701764e-06,7.577747210701764e-06,0.10236686664096982,0.0,0.7022478551415309,-4.269790392432805,-4.421387977062698,0.7022478551415309
178.0,0.0,0.0,0.44335280009754696,0.4868669301127755,5.898526261239634,88.6705600195094,1.0,0.0,5.965234413069411,0.07,0.0,False,0.004484649893699802,0.44335280009754696,0.22423419386215115,0.07577747210701764,7.577747210701764e-06,7.577747210701764e-06,0.08867324769149824,0.0,-1.0622332205377685,-5.411659331126859,-5.478367482956636,1.0622332205377685
179.0,0.0,0.0,0.5506018038561802,-0.0019357508585449157,5.817080864225957,110.12036077123604,1.0,0.0,5.982796132398224,0.03,0.0,False,0.004542271852277137,0.5506018038561803,0.22711531362324977,0.07577747210701764,7.577747210701764e-06,7.577747210701764e-06,0.11012369860296939,0.0,-0.4888026809713204,-5.819016615084502,-5.984731883256769,0.4888026809713204
180.0,0.0,0.0,0.5993330971443435,0.08227727092331236,6.017972857988709,119.86661942886869,1.0,0.0,5.993093584738741,-0.04,0.0,False,0.004445904819214024,0.5993330971443435,0.22229692545784355,0.07577747210701764,7.577747210701764e-06,7.577747210701764e-06,0.11987025267710089,0.0,0.08421302178185727,-5.935695587065396,-5.910816313815428,0.08421302178185727
181.0,0.0,0.0,0.5921655096686942,0.7702445666109601,5.875636008143207,118.43310193373884,1.0,0.0,5.9916223003201425,-0.17,0.0,False,0.004535399164164782,0.5921655096686941,0.2267716766136572,0.07577747210701764,7.577747210701764e-06,7.577747210701764e-06,0.11843669173096748,0.0,0.6879672956876477,-5.105391441532247,-5.221377733709183,0.6879672956876477
182.0,0.0,0.0,0.5254364303699984,0.7800162916416378,5.931149522575575,105.08728607399969,1.0,0.0,6.004156731637207,-0.01,0.0,False,0.004522283667483764,0.5254364303699984,0.22611589681031066,0.07577747210701764,7.577747210701764e-06,7.577747210701764e-06,0.10509047134941808,0.0,0.009771725030677691,-5.1511332309339375,-5.224140439995569,0.009771725030677691
183.0,0.0,0.0,0.528714449971947,0.7358211849629235,6.069224793785379,105.74288999438942,1.0,0.0,6.02480795153317,0.12,0.0,False,0.004190607926994383,0.528714449971947,0.20953198411809565,0.07577747210701764,7.577747210701764e-06,7.577747210701764e-06,0.10574609514166033,0.0,-0.04419510667871429,-5.333403608822455,-5.288986766570246,0.04419510667871429
184.0,0.0,0.0,0.5381809766123566,0.15507767954518425,6.152511713174049,107.63619532247132,1.0,0.0,6.0673611145835284,0.05,0.0,False,0.004161053738315821,0.5381809766123566,0.20805426348645897,0.07577747210701764,7.577747210701764e-06,7.577747210701764e-06,0.10763945785726406,0.0,-0.5807435054177392,-5.997434033628865,-5.912283435038344,0.5807435054177392
185.0,0.0,0.0,0.6004819555879345,0.709860960090416,6.419063167002322,120.0963911175869,1.0,0.0,6.117834861056203,0.35,0.0,False,0.004169254989727681,0.6004819555879345,0.2084643291644023,0.07577747210701764,7.577747210701764e-06,7.577747210701764e-06,0.12010003133037339,0.0,0.5547832805452317,-5.709202206911906,-5.4079739009657875,0.5547832805452317
186.0,0.0,0.0,0.5528393796916873,1.0841290048728156,6.588778347065723,110.56787593833747,1.0,0.0,6.160124750447724,0.6,0.0,False,0.004153375984621341,0.5528393796916873,0.2076703728927313,0.07577747210701764,7.577747210701764e-06,7.577747210701764e-06,0.11057122733459526,0.0,0.3742680447823996,-5.5046493421929075,-5.075995745574908,0.3742680447823996
187.0,0.0,0.0,0.5207261083387313,1.5780277788134298,6.642340176216173,104.14522166774627,1.0,0.0,6.238464220860655,0.39,0.0,False,0.003994114454734405,0.5207261083387315,0.19970723605620372,0.07577747210701764,7.577747210701764e-06,7.577747210701764e-06,0.10414837838847735,0.0,0.4938987739406142,-5.064312397402743,-4.660436442047224,0.4938987739406142
188.0,0.0,0.0,0.47483740560812904,1.7499631273053262,6.4879441360407695,94.96748112162581,1.0,0.0,6.2915873848008745,0.07,0.0,False,0.004092542370865553,0.47483740560812904,0.20462866915585437,0.07577747210701764,7.577747210701764e-06,7.577747210701764e-06,0.0949703596580736,0.0,0.1719353484918964,-4.737981008735443,-4.541624257495548,0.1719353484918964
189.0,0.0,0.0,0.46075542117878404,2.632224258796737,6.537625220487762,92.15108423575681,1.0,0.0,6.326581744786009,0.16,0.0,False,0.004158756128195264,0.46075542117878404,0.20793938210989574,0.07577747210701764,7.577747210701764e-06,7.577747210701764e-06,0.09215387740507691,0.0,0.8822611314914106,-3.905400961691025,-3.694357485989272,0.8822611314914106
190.0,0.0,0.0,0.3778644782644341,2.333138824045772,6.514809949287498,75.57289565288681,1.0,0.0,6.357691913498544,0.12,0.0,False,0.004154188981089736,0.377864478264434,0.20771102302418507,0.07577747210701764,7.577747210701764e-06,7.577747210701764e-06,0.07557518632472555,0.0,-0.29908543475096483,-4.181671125241726,-4.024553089452772,0.29908543475096483
191.0,0.0,0.0,0.4107614400514416,2.6845164227228135,6.592194699804858,82.15228801028832,1.0,0.0,6.411012209515883,0.17,0.0,False,0.004014337985323268,0.4107614400514416,0.20071842024808703,0.07577747210701764,7.577747210701764e-06,7.577747210701764e-06,0.08215477810850419,0.0,0.35137759867704155,-3.907678277082044,-3.7264957867930697,0.35137759867704155
192.0,0.0,0.0,0.38286130275748376,2.1045268727020545,6.7454933849447825,76.57226055149675,1.0,0.0,6.440908856878014,0.49,0.0,False,0.004015080452634875,0.38286130275748376,0.2007555438949788,0.07577747210701764,7.577747210701764e-06,7.577747210701764e-06,0.07657458151484425,0.0,-0.579989550020759,-4.640966512242728,-4.33638198417596,0.579989550020759
193.0,0.0,0.0,0.44758011952806015,2.255998113589655,6.868842794101035,89.51602390561203,1.0,0.0,6.513274511606101,0.45,0.0,False,0.004016477221393191,0.4475801195280601,0.20082538286211263,0.07577747210701764,7.577747210701764e-06,7.577747210701764e-06,0.08951873720425312,0.0,0.15147124088760044,-4.61284468051138,-4.257276398016446,0.15147124088760044
194.0,0.0,0.0,0.4367633494491839,2.1231919681292055,6.871525229354092,87.35266988983678,1.0,0.0,6.580497650432767,0.25,0.0,False,0.0040390862703174575,0.4367633494491838,0.2019558438746088,0.07577747210701764,7.577747210701764e-06,7.577747210701764e-06,0.08735531761557531,0.0,-0.13280614546044944,-4.748333261224887,-4.457305682303561,0.13280614546044944
195.0,0.0,0.0,0.45833712347588124,2.6932476345567515,7.098809948510457,91.66742469517625,1.0,0.0,6.623797092194141,0.64,0.0,False,0.003990767678848832,0.45833712347588124,0.19953989599387406,0.07577747210701764,7.577747210701764e-06,7.577747210701764e-06,0.09167020320440851,0.0,0.570055666427546,-4.4055623139537055,-3.9305494576373894,0.570055666427546
196.0,0.0,0.0,0.40652979916579385,3.0812006069486912,7.016469394575145,81.30595983315877,1.0,0.0,6.706736861030962,0.41,0.0,False,0.004091797168908295,0.40652979916579385,0.20459140877564386,0.07577747210701764,7.577747210701764e-06,7.577747210701764e-06,0.0813084242785251,0.0,0.3879529723919397,-3.9352687876264536,-3.625536254082271,0.3879529723919397
197.0,0.0,0.0,0.3725937254872065,1.9168777920512827,7.026027293902103,74.5187450974413,1.0,0.0,6.758699655217271,0.36,0.0,False,0.0042419863502667484,0.3725937254872065,0.21210092474834902,0.07577747210701764,7.577747210701764e-06,7.577747210701764e-06,0.07452100381717644,0.0,-1.1643228148974085,-5.10914950185082,-4.841821863165988,1.1643228148974085
198.0,0.0,0.0,0.4931955117245984,1.8029317021130238,6.993447410940962,98.63910234491968,1.0,0.0,6.807279032873954,0.28,0.0,False,0.0040366938874924355,0.49319551172459847,0.20183622382691413,0.07577747210701764,7.577747210701764e-06,7.577747210701764e-06,0.09864209217099408,0.0,-0.11394608993825894,-5.190515708827938,-5.00434733076093,0.11394608993825894
199.0,0.0,0.0,0.5102475618163258,1.1157109366172064,7.042660077272559,102.04951236326517,1.0,0.0,6.849019774842926,0.32,0.0,False,0.004016270222582099,0.5102475618163258,0.20081503284312888,0.07577747210701764,7.577747210701764e-06,7.577747210701764e-06,0.10205260556145625,0.0,-0.6872207654958173,-5.926949140655353,-5.733308838225719,0.6872207654958173
200.0,0.0,0.0,0.5832383236132116,1.3078742820938285,7.0441970168646435,116.64766472264232,1.0,0.0,6.9056006466281925,0.12,0.0,False,0.004035990846890202,0.5832383236132115,0.2018010715304293,0.07577747210701764,7.577747210701764e-06,7.577747210701764e-06,0.11665120040191367,0.0,0.19216334547662206,-5.736322734770815,-5.597726364534364,0.19216334547662206
201.0,0.0,0.0,0.5685247740347885,1.5038320215806722,7.212809175144103,113.7049548069577,1.0,0.0,6.948315154378313,0.24,0.0,False,0.003939840179041301,0.5685247740347885,0.19699350170771143,0.07577747210701764,7.577747210701764e-06,7.577747210701764e-06,0.11370840129045755,0.0,0.1959577394868437,-5.70897715356343,-5.44448313279764,0.1959577394868437
202.0,0.0,0.0,0.5549583317478219,0.48922449844593596,7.323287455666334,110.99166634956438,1.0,0.0,6.99333742929274,0.36,0.0,False,0.00414642703188742,0.5549583317478219,0.20732292262316496,0.07577747210701764,7.577747210701764e-06,7.577747210701764e-06,0.11099503059123128,0.0,-1.0146075231347362,-6.8340629572203975,-6.504112930846804,1.0146075231347362
203.0,0.0,0.0,0.6621936980831613,1.3522521253713498,7.345120254729887,132.43873961663226,1.0,0.0,7.05362560575641,0.39,0.0,False,0.004000239951727583,0.6621936980831613,0.20001351322673594,0.07577747210701764,7.577747210701764e-06,7.577747210701764e-06,0.13244275393537153,0.0,0.8630276269254138,-5.992868129358537,-5.70137348038506,0.8630276269254138
204.0,0.0,0.0,0.5800557222721431,1.4233749280088566,7.295220014648023,116.01114445442862,1.0,0.0,7.111412376099972,0.11,0.0,False,0.004042163672674125,0.5800557222721431,0.202109715158431,0.07577747210701764,7.577747210701764e-06,7.577747210701764e-06,0.11601466084028741,0.0,0.07112280263750681,-5.8718450866391665,-5.688037448091116,0.07112280263750681
205.0,0.0,0.0,0.5761737525197944,2.4109376422999347,7.239612225012878,115.23475050395888,1.0,0.0,7.15302912387435,-0.03,0.0,False,0.0042237093612856325,0.5761737525197944,0.21118706837437332,0.07577747210701764,7.577747210701764e-06,7.577747210701764e-06,0.11523824335672765,0.0,0.9875627142910781,-4.828674582712943,-4.742091481574415,0.9875627142910781
206.0,0.0,0.0,0.4842146428644951,2.88217662235226,7.458746975777368,96.84292857289903,1.0,0.0,7.185330758159097,0.46,0.0,False,0.004195789319313578,0.4842146428644951,0.20979105569721948,0.07577747210701764,7.577747210701764e-06,7.577747210701764e-06,0.09684586395558283,0.0,0.4712389800523251,-4.576570353425108,-4.303154135806837,0.4712389800523251
207.0,0.0,0.0,0.44185590350184073,2.7673637801546342,7.501221436472465,88.37118070036814,1.0,0.0,7.253267533752848,0.36,0.0,False,0.004167547442196176,0.44185590350184073,0.20837895114085897,0.07577747210701764,7.577747210701764e-06,7.577747210701764e-06,0.08837385929794256,0.0,-0.11481284219762555,-4.733857656317831,-4.485903753598214,0.11481284219762555
208.0,0.0,0.0,0.46300459880813444,3.6680275524515467,7.728303877343394,92.60091976162688,1.0,0.0,7.300903070987676,0.71,0.0,False,0.0038790012405828743,0.46300459880813444,0.19395153173368535,0.07577747210701764,7.577747210701764e-06,7.577747210701764e-06,0.09260372656580328,0.0,0.9006637722969124,-4.060276324891847,-3.6328755185361294,0.9006637722969124
209.0,0.0,0.0,0.3820733522361525,3.646929604379404,7.897833826245058,76.4146704472305,1.0,0.0,7.397585194826332,0.64,0.0,False,0.004146361543081788,0.3820733522361525,0.20731964815807033,0.07577747210701764,7.577747210701764e-06,7.577747210701764e-06,0.07641698663390231,0.0,-0.021097948072142714,-4.250904221865653,-3.7506555904469283,0.021097948072142714
210.0,0.0,0.0,0.3907653210720128,4.3910204615989255,8.014009101926316,78.15306421440256,1.0,0.0,7.488905837577027,0.43,0.0,False,0.004354391795103778,0.3907653210720129,0.21772123957920286,0.07577747210701764,7.577747210701764e-06,7.577747210701764e-06,0.07815543309310916,0.0,0.7440908572195215,-3.6229886403273905,-3.0978853759781018,0.7440908572195215
211.0,0.0,0.0,0.3228211749705586,3.777632084355428,7.929504177181093,64.56423499411173,1.0,0.0,7.554730871140618,0.44,0.0,False,0.004180537633734239,0.3228211749705586,0.20902846563958155,0.07577747210701764,7.577747210701764e-06,7.577747210701764e-06,0.06456619198508863,0.0,-0.6133883772434974,-4.1518720928256645,-3.7770987867851895,0.6133883772434974
212.0,0.0,0.0,0.3924896721434076,3.8802791128153973,8.108467283065574,78.49793442868152,1.0,0.0,7.619354524167417,0.63,0.0,False,0.003868832047227297,0.3924896721434076,0.1934430682129276,0.07577747210701764,7.577747210701764e-06,7.577747210701764e-06,0.07850031376066612,0.0,0.1026470284599692,-4.228188170250176,-3.73907541135202,0.1026470284599692
213.0,0.0,0.0,0.38898277905508016,4.15067940845706,8.144180284228563,77.79655581101603,1.0,0.0,7.702677515165415,0.46,0.0,False,0.003724785295512253,0.38898277905508016,0.18624067604968195,0.07577747210701764,7.577747210701764e-06,7.577747210701764e-06,0.07779891388368228,0.0,0.2704002956416631,-3.9935008757715025,-3.5519981067083544,0.2704002956416631
214.0,0.0,0.0,0.36852232549583924,4.9612459313175865,8.087951733571098,73.70446509916785,1.0,0.0,7.770254284024645,0.42,0.0,False,0.003936108188681663,0.36852232549583924,0.19680690077572552,0.07577747210701764,7.577747210701764e-06,7.577747210701764e-06,0.07370669913745809,0.0,0.8105665228605261,-3.126705802253511,-2.8090083527070586,0.8105665228605261
215.0,0.0,0.0,0.29322850369928616,6.0476309667535775,8.010981970925029,58.64570073985723,1.0,0.0,7.836042291866655,0.19,0.0,False,0.003912582453769217,0.29322850369928616,0.19563060511649957,0.07577747210701764,7.577747210701764e-06,7.577747210701764e-06,0.058647478335567806,0.0,1.086385035435991,-1.963351004171451,-1.7884113251130778,1.086385035435991
216.0,0.0,0.0,0.1861348962043967,6.456061742367781,7.908896814245193,37.22697924087934,1.0,0.0,7.893642068884245,-0.06,0.0,False,0.003932156872956323,0.18613489620439672,0.1966093334923549,0.07577747210701764,7.577747210701764e-06,7.577747210701764e-06,0.037228107618881165,0.0,0.40843077561420316,-1.4528350718774128,-1.4375803265164642,0.40843077561420316
217.0,0.0,0.0,0.14812432130669775,6.492308427583049,7.955677380845785,29.62486426133955,1.0,0.0,7.90905045295707,-0.15,0.0,False,0.004125565740910829,0.14812432130669775,0.20627985017025574,0.07577747210701764,7.577747210701764e-06,7.577747210701764e-06,0.029625762213465166,0.0,0.03624668521526875,-1.4633689532627354,-1.4167420253740204,0.03624668521526875
218.0,0.0,0.0,0.14343419271266197,6.314176836952522,7.846898679186267,28.686838542532396,1.0,0.0,7.937361077867888,-0.11,0.0,False,0.00426543292856551,0.14343419271266197,0.21327326254689927,0.07577747210701764,7.577747210701764e-06,7.577747210701764e-06,0.028687708062386366,0.0,-0.1781315906305272,-1.5327218422337445,-1.623184240915366,0.1781315906305272
219.0,0.0,0.0,0.16041697697448354,6.933727173372198,7.878091910163147,32.083395394896705,1.0,0.0,7.926704700112356,-0.03,0.0,False,0.004287325077406171,0.16041697697448354,0.21436787828359083,0.07577747210701764,7.577747210701764e-06,7.577747210701764e-06,0.03208436786696738,0.0,0.6195503364196755,-0.9443647367909493,-0.9929775267401579,0.6195503364196755
220.0,0.0,0.0,0.09857688101928758,7.221357992190042,7.7326139028634095,19.715376203857517,1.0,0.0,7.918407386662347,0.08,0.0,False,0.0041698742083213485,0.09857688101928758,0.20849529032869996,0.07577747210701764,7.577747210701764e-06,7.577747210701764e-06,0.019715973791877273,0.0,0.2876308188178447,-0.5112559106733672,-0.6970493944723044,0.2876308188178447
221.0,0.0,0.0,0.06905553951685522,7.456481730352702,7.837481083362248,13.811107903371044,1.0,0.0,7.9195333330993325,0.1,0.0,False,0.004022594207155138,0.06905553951685522,0.20113123446785855,0.07577747210701764,7.577747210701764e-06,7.577747210701764e-06,0.013811526528536362,0.0,0.23512373816265963,-0.3809993530095461,-0.4630516027466305,0.23512373816265963
222.0,0.0,0.0,0.04705359593290279,7.6326260371925825,7.863108166177281,9.41071918658056,1.0,0.0,7.9119395516296915,-0.11,0.0,False,0.004127849332352871,0.04705359593290279,0.20639403060758174,0.07577747210701764,7.577747210701764e-06,7.577747210701764e-06,0.009411004432623295,0.0,0.17614430683988047,-0.23048212898469878,-0.27931351443710906,0.17614430683988047
223.0,0.0,0.0,0.030624545197767503,7.520526416623956,7.895569914517436,6.124909039553501,1.0,0.0,7.927035517694496,0.01,0.0,False,0.0041685736809861295,0.030624545197767503,0.20843026346918564,0.07577747210701764,7.577747210701764e-06,7.577747210701764e-06,0.006125094690196242,0.0,-0.11209962056862643,-0.37504349789348,-0.40650910107054017,0.11209962056862643
224.0,0.0,0.0,0.047172101018825775,7.610992846296615,7.975435051712007,9.434420203765155,1.0,0.0,7.938883092423355,0.06,0.0,False,0.004102200670119338,0.047172101018825775,0.2051115877779512,0.07577747210701764,7.577747210701764e-06,7.577747210701764e-06,0.009434706168203714,0.0,0.09046642967265939,-0.36444220541539174,-0.32789024612673945,0.09046642967265939
225.0,0.0,0.0,0.04433335548778174,6.701457615076595,8.195822544859547,8.866671097556349,1.0,0.0,7.992265299725059,0.28,0.0,False,0.004048407362827306,0.04433335548778174,0.20242190203174534,0.07577747210701764,7.577747210701764e-06,7.577747210701764e-06,0.00886693985308849,0.0,-0.90953523122002,-1.494364929782952,-1.2908076846484633,0.90953523122002
226.0,0.0,0.0,0.13890450407971844,7.46290584960703,8.196133768148712,27.78090081594369,1.0,0.0,8.054343198522476,0.17,0.0,False,0.004100322137987479,0.13890450407971844,0.20501766045960618,0.07577747210701764,7.577747210701764e-06,7.577747210701764e-06,0.027781742876137418,0.0,0.7614482345304348,-0.7332279185416821,-0.5914373489154459,0.7614482345304348
227.0,0.0,0.0,0.06489519216425987,7.194900808329215,8.115271189771745,12.979038432851974,1.0,0.0,8.090555285034695,-0.06,0.0,False,0.003993901647179323,0.06489519216425987,0.1996965955978195,0.07577747210701764,7.577747210701764e-06,7.577747210701764e-06,0.012979431837359971,0.0,-0.26800504127781544,-0.9203703814425301,-0.8956544767054799,0.26800504127781544
228.0,0.0,0.0,0.09277327599916341,7.356863886200936,8.02482452415066,18.55465519983268,1.0,0.0,8.111882359217699,0.07,0.0,False,0.003872126504254757,0.09277327599916338,0.1936077923125287,0.07577747210701764,7.577747210701764e-06,7.577747210701764e-06,0.01855521760551764,0.0,0.1619630778717216,-0.6679606379497232,-0.7550184730167624,0.1619630778717216
229.0,0.0,0.0,0.0764798633202646,7.397810184686431,7.844871179967512,15.29597266405292,1.0,0.0,8.122668718942519,-0.01,0.0,False,0.003784736777138518,0.0764798633202646,0.1892382728458537,0.07577747210701764,7.577747210701764e-06,7.577747210701764e-06,0.015296436296596376,0.0,0.040946298485494914,-0.4470609952810811,-0.7248585342560876,0.040946298485494914
230.0,0.0,0.0,0.0694409637293203,7.825506296678969,7.7612398173138555,13.888192745864062,1.0,0.0,8.121691496657128,0.2,0.0,False,0.0038392760538511076,0.0694409637293203,0.19196525734572573,0.07577747210701764,7.577747210701764e-06,7.577747210701764e-06,0.013888613707529474,0.0,0.427696111992538,0.06426647936511376,-0.29618519997815884,0.427696111992538
231.0,0.0,0.0,0.026531147033276494,8.101276322623537,7.780103651305908,5.306229406655299,1.0,0.0,8.092246132283094,0.02,0.0,False,0.003767704232201243,0.026531147033276494,0.18838663914557394,0.07577747210701764,7.577747210701764e-06,7.577747210701764e-06,0.005306390242496863,0.0,0.2757700259445679,0.32117267131762883,0.009030190340443056,0.2757700259445679
232.0,0.0,0.0,-0.0031145954592054974,8.42009832400339,7.757946234268873,-0.6229190918410995,1.0,0.0,8.090827819328005,0.08,0.0,False,0.003978977829292378,0.003991728518945465,0.19895039904902623,0.07577747210701764,7.577747210701764e-06,7.577747210701764e-06,-0.000622937972991665,0.0,0.3188220013798535,0.6621520897345174,0.3292705046753852,0.3188220013798535
233.0,0.0,0.0,-0.03867094847338473,8.058253117474402,7.699639635662564,-7.734189694676946,1.0,0.0,8.07012918795063,0.32,0.0,False,0.003985817401740457,0.03867094847338473,0.19929238026285778,0.07577747210701764,7.577747210701764e-06,7.577747210701764e-06,-0.007734424123838038,0.0,-0.36184520652898833,0.3586134818118385,-0.011876070476228406,0.36184520652898833
234.0,0.0,0.0,-0.0017179987601924293,7.861166962630149,7.796751836719755,-0.34359975203848586,1.0,0.0,8.033374187335948,-0.1,0.0,False,0.004193280783469942,0.003571631033931908,0.20966562795458515,0.07577747210701764,7.577747210701764e-06,7.577747210701764e-06,-0.0003436101668078155,0.0,-0.1970861548442535,0.06441512591039356,-0.17220722470579908,0.1970861548442535
235.0,0.0,0.0,0.015494682697478262,8.756438676700837,7.79626502831094,3.0989365394956523,1.0,0.0,8.041072478944463,0.17,0.0,False,0.0040143255428758216,0.015494682697478262,0.20071779812100038,0.07577747210701764,7.577747210701764e-06,7.577747210701764e-06,0.003099030470614736,0.0,0.8952717140706881,0.9601736483898966,0.7153661977563743,0.8952717140706881
236.0,0.0,0.0,-0.07505995446849227,8.712358584780791,7.6637339284513954,-15.011990893698455,1.0,0.0,8.016119660344362,0.07,0.0,False,0.003996008315480248,0.07505995446849228,0.19980192981105574,0.07577747210701764,7.577747210701764e-06,7.577747210701764e-06,-0.015012445918538864,0.0,-0.044080091920045916,1.0486246563293955,0.6962389244364289,0.044080091920045916
237.0,0.0,0.0,-0.07473971553570195,8.463490572315632,7.517517553815978,-14.947943107140391,1.0,0.0,8.005810692747884,0.35,0.0,False,0.003970806367486447,0.07473971553570195,0.19854182286266614,0.07577747210701764,7.577747210701764e-06,7.577747210701764e-06,-0.014948396190643767,0.0,-0.24886801246515944,0.9459730184996538,0.45767987956774725,0.24886801246515944
238.0,0.0,0.0,-0.050830251257715335,8.504085181436698,7.75067979039247,-10.166050251543068,1.0,0.0,7.964933111490226,0.04,0.0,False,0.003932862580058595,0.05083025125771533,0.1966446191148521,0.07577747210701764,7.577747210701764e-06,7.577747210701764e-06,-0.010166358392243795,0.0,0.04059460912106694,0.7534053910442289,0.5391520699464722,0.04059460912106694
239.0,0.0,0.0,-0.05683311738505082,8.654992588585348,7.673801445946655,-11.366623477010164,1.0,0.0,7.955168800798744,0.13,0.0,False,0.003804054708861252,0.05683311738505082,0.19020417675131054,0.07577747210701764,7.577747210701764e-06,7.577747210701764e-06,-0.011366968007996777,0.0,0.15090740714864914,0.9811911426386928,0.6998237877866034,0.15090740714864914
240.0,0.0,0.0,-0.07312483330175974,8.901899756604823,7.728450921863798,-14.624966660351948,1.0,0.0,7.935732474236354,0.07,0.0,False,0.0037428876122560864,0.07312483330175974,0.18714579874561252,0.07577747210701764,7.577747210701764e-06,7.577747210701764e-06,-0.014625409954194033,0.0,0.24690716801947588,1.1734488347410252,0.9661672823684695,0.24690716801947588
241.0,0.0,0.0,-0.09847136638124274,9.698592801158647,7.948041516508398,-19.69427327624855,1.0,0.0,7.923716549492672,-0.07,0.0,False,0.003831886452214166,0.09847136638124272,0.19159577446405207,0.07577747210701764,7.577747210701764e-06,7.577747210701764e-06,-0.01969487022462255,0.0,0.7966930445538232,1.750551284650249,1.774876251665975,0.7966930445538232
242.0,0.0,0.0,-0.1750706394108828,10.576954822096171,8.003890348111058,-35.01412788217656,1.0,0.0,7.917148783236301,0.11,0.0,False,0.0038895509964161504,0.1750706394108828,0.1944790235225182,0.07577747210701764,7.577747210701764e-06,7.577747210701764e-06,-0.03501518918697381,0.0,0.8783620209375247,2.573064473985113,2.6598060388598705,0.8783620209375247
243.0,0.0,0.0,-0.2574591223875291,9.81438591638754,8.208621838967165,-51.49182447750582,1.0,0.0,7.947820074997346,0.37,0.0,False,0.0038392138786904058,0.2574591223875291,0.19196214856413335,0.07577747210701764,7.577747210701764e-06,7.577747210701764e-06,-0.051493385233795985,0.0,-0.7625689057086316,1.6057640774203747,1.8665658413901935,0.7625689057086316
244.0,0.0,0.0,-0.1780580278502375,9.08106223570224,8.207295820502194,-35.6116055700475,1.0,0.0,8.002266050213557,0.16,0.0,False,0.003917478851662804,0.1780580278502375,0.19587542686636225,0.07577747210701764,7.577747210701764e-06,7.577747210701764e-06,-0.03561268498484704,0.0,-0.7333236806853005,0.8737664152000448,1.0787961854886827,0.7333236806853005
245.0,0.0,0.0,-0.10235642325276008,8.508098857727795,8.1559448219989,-20.471284650552015,1.0,0.0,8.033738173948972,0.28,0.0,False,0.003774229776012694,0.10235642325276008,0.18871291880859253,0.07577747210701764,7.577747210701764e-06,7.577747210701764e-06,-0.020471905150730642,0.0,-0.5729633779744443,0.35215403572889414,0.4743606837788228,0.5729633779744443
246.0,0.0,0.0,-0.042525658800797624,7.713656283055309,8.133191290440074,-8.505131760159525,1.0,0.0,8.057459221619599,0.25,0.0,False,0.003632813802917226,0.042525658800797624,0.1816420665730944,0.07577747210701764,7.577747210701764e-06,7.577747210701764e-06,-0.008505389557159885,0.0,-0.7944425746724857,-0.41953500738476457,-0.34380293856428956,0.7944425746724857
247.0,0.0,0.0,0.04030661005970376,7.457197571262591,8.224377202335281,8.061322011940753,1.0,0.0,8.0828261572852,0.2,0.0,False,0.0035598129513921386,0.04030661005970376,0.17799199633774007,0.07577747210701764,7.577747210701764e-06,7.577747210701764e-06,0.008061566356730726,0.0,-0.2564587117927184,-0.7671796310726906,-0.6256285860226098,0.2564587117927184
248.0,0.0,0.0,0.06674777883373183,7.261979570157693,8.236931951729762,13.349555766746366,1.0,0.0,8.116737655317444,-0.09,0.0,False,0.003874443105038493,0.06674777883373183,0.19372362322944625,0.07577747210701764,7.577747210701764e-06,7.577747210701764e-06,0.013349960401916033,0.0,-0.19521800110489806,-0.9749523815720691,-0.8547580851597507,0.19521800110489806
249.0,0.0,0.0,0.09054976558039121,7.183973148246602,8.34248829730233,18.10995311607824,1.0,0.0,8.124700649489652,0.21,0.0,False,0.004002995160790414,0.09054976558039123,0.20015127472379138,0.07577747210701764,7.577747210701764e-06,7.577747210701764e-06,0.018110502042505444,0.0,-0.0780064219110912,-1.1585151490557282,-0.9407275012430505,0.0780064219110912
250.0,0.0,0.0,0.09932635441963138,7.738847076446773,8.203272664279426,19.865270883926275,1.0,0.0,8.167511534123282,-0.06,0.0,False,0.004009024115441468,0.09932635441963139,0.20045272474063883,0.07577747210701764,7.577747210701764e-06,7.577747210701764e-06,0.01986587301536758,0.0,0.5548739282001716,-0.4644255878326531,-0.4286644576765086,0.5548739282001716
251.0,0.0,0.0,0.04463382793472344,8.273193832353869,8.15398447122418,8.926765586944688,1.0,0.0,8.177274325943172,0.08,0.0,False,0.003777113040188447,0.04463382793472344,0.1888570831098126,0.07577747210701764,7.577747210701764e-06,7.577747210701764e-06,0.008927036163986424,0.0,0.5343467559070953,0.11920936112968938,0.0959195064106968,0.5343467559070953
252.0,0.0,0.0,-0.008050582464763367,8.78664145846113,8.118871827949892,-1.6101164929526735,1.0,0.0,8.185202266987265,0.02,0.0,False,0.0038140750913459942,0.008059259586441402,0.19070519967214394,0.07577747210701764,7.577747210701764e-06,7.577747210701764e-06,-0.0016101652968059023,0.0,0.5134476261072614,0.6677696305112377,0.6014391914738653,0.5134476261072614
253.0,0.0,0.0,-0.05801095845218777,9.498035221842585,8.203196161135258,-11.602191690437554,1.0,0.0,8.192684957442294,0.05,0.0,False,0.0036396915727750687,0.05801095845218777,0.1819859576718866,0.07577747210701764,7.577747210701764e-06,7.577747210701764e-06,-0.011602543361675549,0.0,0.7113937633814551,1.2948390607073268,1.3053502644002908,0.7113937633814551
254.0,0.0,0.0,-0.12952175987924863,9.593217895129962,8.046841546379598,-25.90435197584973,1.0,0.0,8.206509894320323,0.04,0.0,False,0.003678150067347563,0.12952175987924863,0.18390889697194884,0.07577747210701764,7.577747210701764e-06,7.577747210701764e-06,-0.02590513715642352,0.0,0.09518267328737728,1.5463763487503641,1.386708000809639,0.09518267328737728
255.0,0.0,0.0,-0.13825615626938556,9.400985373269865,7.930987860580647,-27.651231253877114,1.0,0.0,8.202768548892369,-0.01,0.0,False,0.0037492178560905283,0.13825615626938556,0.187462313335784,0.07577747210701764,7.577747210701764e-06,7.577747210701764e-06,-0.027652069383687975,0.0,-0.1922325218600971,1.4699975126892184,1.1982168243774964,0.1922325218600971
256.0,0.0,0.0,-0.12292561977907321,8.909149010523768,7.744149802327297,-24.58512395581464,1.0,0.0,8.210603948925982,0.43,0.0,False,0.003897922203688499,0.12292561977907318,0.1948975870578803,0.07577747210701764,7.577747210701764e-06,7.577747210701764e-06,-0.02458586914958565,0.0,-0.4918363627460973,1.1649992081964706,0.6985450615977857,0.4918363627460973
257.0,0.0,0.0,-0.07696838867934645,9.463159462354348,7.7941830895702005,-15.393677735869291,1.0,0.0,8.171682600515515,0.25,0.0,False,0.0038532617188767123,0.07696838867934647,0.19266454589599769,0.07577747210701764,7.577747210701764e-06,7.577747210701764e-06,-0.015394144329927646,0.0,0.55401045183058,1.6689763727841473,1.2914768618388326,0.55401045183058
258.0,0.0,0.0,-0.13384115347092207,9.607919124842569,7.782115967232481,-26.768230694184414,1.0,0.0,8.139435961380673,0.1,0.0,False,0.00397343983303789,0.13384115347092207,0.19867349713802507,0.07577747210701764,7.577747210701764e-06,7.577747210701764e-06,-0.026769042059577978,0.0,0.14475966248822125,1.8258031576100882,1.4684831634618956,0.14475966248822125
259.0,0.0,0.0,-0.1492985362010228,9.39959803488194,7.848967383354491,-29.85970724020456,1.0,0.0,8.124697216923758,0.1,0.0,False,0.003970511456974697,0.1492985362010228,0.19852707722534071,0.07577747210701764,7.577747210701764e-06,7.577747210701764e-06,-0.029860612310599145,0.0,-0.20832108996062892,1.5506306515274488,1.2749008179581818,0.20832108996062892
260.0,0.0,0.0,-0.13001945279538382,9.091676288141764,7.789615207482764,-26.003890559076762,1.0,0.0,8.114877195504029,0.18,0.0,False,0.0038490997866385294,0.13001945279538382,0.1924564477071851,0.07577747210701764,7.577747210701764e-06,7.577747210701764e-06,-0.026004678756740583,0.0,-0.3079217467401758,1.3020610806590005,0.9767990926377355,0.3079217467401758
261.0,0.0,0.0,-0.09868522496948978,9.479821752038998,7.9650040555889685,-19.737044993897957,1.0,0.0,8.099354244200816,-0.03,0.0,False,0.003869136031815827,0.09868522496948977,0.19345826755752998,0.07577747210701764,7.577747210701764e-06,7.577747210701764e-06,-0.01973764323871519,0.0,0.38814546389723326,1.514817696450029,1.3804675078381816,0.38814546389723326
262.0,0.0,0.0,-0.13717666858342722,9.20689984380648,7.994589426565425,-27.435333716685445,1.0,0.0,8.104786647862456,0.05,0.0,False,0.0038096301615296734,0.13717666858342722,0.19048295149720018,0.07577747210701764,7.577747210701764e-06,7.577747210701764e-06,-0.027436165302478055,0.0,-0.27292190823251694,1.2123104172410555,1.1021131959440247,0.27292190823251694
263.0,0.0,0.0,-0.10961287055754974,9.202084680893188,7.892336604708925,-21.92257411150995,1.0,0.0,8.10800309169884,-0.09,0.0,False,0.0038789236486783418,0.10961287055754976,0.19394765210906004,0.07577747210701764,7.577747210701764e-06,7.577747210701764e-06,-0.021923238601373893,0.0,-0.004815162913292426,1.3097480761842633,1.0940815891943476,0.004815162913292426
264.0,0.0,0.0,-0.10933154884602127,8.372220157378358,7.8176233450693715,-21.866309769204253,1.0,0.0,8.110729607299778,-0.04,0.0,False,0.0036557563648443856,0.10933154884602127,0.18278920336209908,0.07577747210701764,7.577747210701764e-06,7.577747210701764e-06,-0.021866972553653267,0.0,-0.8298645235148303,0.5545968123089864,0.26149055007858024,0.8298645235148303
265.0,0.0,0.0,-0.026046791143609672,8.415179813667338,8.07553423937801,-5.209358228721935,1.0,0.0,8.108727768091011,0.04,0.0,False,0.00370135894853042,0.02604679114360967,0.1850693498246434,0.07577747210701764,7.577747210701764e-06,7.577747210701764e-06,-0.005209516128324555,0.0,0.04295965628898024,0.33964557428932807,0.3064520455763269,0.04295965628898024
266.0,0.0,0.0,-0.027466035730580055,8.932971006837398,8.169024244963094,-5.493207146116011,1.0,0.0,8.111742377142315,0.11,0.0,False,0.0036408938684197286,0.027466035730580058,0.1820460729096542,0.07577747210701764,7.577747210701764e-06,7.577747210701764e-06,-0.005493373649394803,0.0,0.5177911931700603,0.7639467618743048,0.8212286296950833,0.5177911931700603
267.0,0.0,0.0,-0.07912219960854122,8.51055863104893,8.19723572784485,-15.824439921708244,1.0,0.0,8.140509049827756,-0.01,0.0,False,0.00367186437501997,0.07912219960854122,0.1835946099739998,0.07577747210701764,7.577747210701764e-06,7.577747210701764e-06,-0.015824919572495467,0.0,-0.42241237578846835,0.31332290320407985,0.37004958122117415,0.42241237578846835
268.0,0.0,0.0,-0.03598831294867855,8.434936492540958,8.162952935826896,-7.197662589735709,1.0,0.0,8.141719032350618,-0.08,0.0,False,0.0037595276864905627,0.03598831294867855,0.1879778087620501,0.07577747210701764,7.577747210701764e-06,7.577747210701764e-06,-0.007197880756352942,0.0,-0.07562213850797228,0.27198355671406205,0.29321746019033945,0.07562213850797228
269.0,0.0,0.0,-0.027791997843602364,8.47087898394404,8.116191144341805,-5.558399568720473,1.0,0.0,8.150661866045242,-0.01,0.0,False,0.003971026770417366,0.027791997843602364,0.19855284309271992,0.07577747210701764,7.577747210701764e-06,7.577747210701764e-06,-0.005558568048031085,0.0,0.035942491403082144,0.35468783960223504,0.3202171178987978,0.035942491403082144
270.0,0.0,0.0,-0.029757751796659213,8.50667762584346,8.08154923212781,-5.951550359331843,1.0,0.0,8.157005984068228,-0.02,0.0,False,0.003983894035486259,0.029757751796659213,0.1991962112214087,0.07577747210701764,7.577747210701764e-06,7.577747210701764e-06,-0.005951730755341381,0.0,0.0357986418994205,0.42512839371565114,0.3496716417752328,0.0357986418994205
271.0,0.0,0.0,-0.032074291450355605,6.897240885384684,8.180132838688206,-6.414858290071121,1.0,0.0,8.173290191141415,0.03,0.0,False,0.003963923881835767,0.032074291450355605,0.1981976959724453,0.07577747210701764,7.577747210701764e-06,7.577747210701764e-06,-0.006415052729295762,0.0,-1.6094367404587766,-1.2828919533035217,-1.2760493057567315,1.6094367404587766
272.0,0.0,0.0,0.13000955248614374,6.455443682335228,8.135936977247203,26.001910497228746,1.0,0.0,8.185922558796277,-0.07,0.0,False,0.003980401186239883,0.1300095524861437,0.1990215674356935,0.07577747210701764,7.577747210701764e-06,7.577747210701764e-06,0.026002698634875386,0.0,-0.4417972030494557,-1.680493294911975,-1.7304788764610484,0.4417972030494557
273.0,0.0,0.0,0.17673313529095577,6.24139330170265,8.065105957913806,35.34662705819115,1.0,0.0,8.197385669222307,-0.22,0.0,False,0.004205846104744495,0.17673313529095577,0.21029389877915414,0.07577747210701764,7.577747210701764e-06,7.577747210701764e-06,0.03534769844129084,0.0,-0.2140503806325782,-1.823712656211156,-1.9559923675196567,0.2140503806325782
274.0,0.0,0.0,0.19951612101403476,6.1308174792062715,8.053324294135162,39.90322420280695,1.0,0.0,8.222841997195934,-0.08,0.0,False,0.004064417248195933,0.19951612101403476,0.20322240236611994,0.07577747210701764,7.577747210701764e-06,7.577747210701764e-06,0.039904433699825256,0.0,-0.11057582249637843,-1.9225068149288909,-2.092024517989662,0.11057582249637843
275.0,0.0,0.0,0.21150214002252463,6.333944830999325,8.097937701044177,42.30042800450492,1.0,0.0,8.23663010597947,0.01,0.0,False,0.004116394342931924,0.21150214002252463,0.2058212767963837,0.07577747210701764,7.577747210701764e-06,7.577747210701764e-06,0.0423017101625903,0.0,0.20312735179305363,-1.7639928700448522,-1.9026852749801453,0.20312735179305363
276.0,0.0,0.0,0.18997455551844677,6.190261457806659,8.113174667954318,37.994911103689354,1.0,0.0,8.245919014919096,0.01,0.0,False,0.0042419751586408256,0.18997455551844675,0.21210036516281258,0.07577747210701764,7.577747210701764e-06,7.577747210701764e-06,0.03799606275828892,0.0,-0.14368337319266633,-1.9229132101476596,-2.055657557112437,0.14368337319266633
277.0,0.0,0.0,0.20406279062566152,6.802988724916318,8.093296847381982,40.812558125132306,1.0,0.0,8.2337623651417,0.11,0.0,False,0.004110893718635777,0.20406279062566152,0.20554624349745934,0.07577747210701764,7.577747210701764e-06,7.577747210701764e-06,0.040813795184752116,0.0,0.6127272671096593,-1.2903081224656638,-1.4307736402253823,0.6127272671096593
278.0,0.0,0.0,0.14401335604364854,7.491459742193618,8.225722076626965,28.80267120872971,1.0,0.0,8.230966680875396,0.07,0.0,False,0.003978960393225191,0.14401335604364854,0.19894952723906062,0.07577747210701764,7.577747210701764e-06,7.577747210701764e-06,0.028803544239559723,0.0,0.6884710172773003,-0.734262334433347,-0.7395069386817772,0.6884710172773003
279.0,0.0,0.0,0.07692815344053608,7.081520779301066,8.221486486582384,15.385630688107216,1.0,0.0,8.243176850193155,0.01,0.0,False,0.003928792761030175,0.07692815344053608,0.1964411266214281,0.07577747210701764,7.577747210701764e-06,7.577747210701764e-06,0.015386097038253445,0.0,-0.4099389628925527,-1.139965707281318,-1.1616560708920893,0.4099389628925527
280.0,0.0,0.0,0.12331010588949998,8.083332963487127,8.272491337315996,24.662021177899994,1.0,0.0,8.260770423703987,-0.03,0.0,False,0.003670633626831255,0.12331010588949998,0.1835330720982491,0.07577747210701764,7.577747210701764e-06,7.577747210701764e-06,0.024662768702484184,0.0,1.0018121841860612,-0.18915837382886913,-0.17743746021685958,1.0018121841860612
281.0,0.0,0.0,0.022407673919961905,7.932508326429801,8.170567643903903,4.481534783992381,1.0,0.0,8.314668558836612,-0.04,0.0,False,0.003745658737753884,0.0224076739199619,0.18728435607044677,0.07577747210701764,7.577747210701764e-06,7.577747210701764e-06,0.004481670622713862,0.0,-0.15082463705732607,-0.23805931747410192,-0.38216023240681096,0.15082463705732607
282.0,0.0,0.0,0.03830390172795902,7.297371625209526,8.274439936847427,7.660780345591804,1.0,0.0,8.307418192671173,-0.02,0.0,False,0.003572371733555572,0.03830390172795902,0.1786199402042756,0.07577747210701764,7.577747210701764e-06,7.577747210701764e-06,0.007661012549659795,0.0,-0.6351367012202749,-0.9770683116379013,-1.0100465674616474,0.6351367012202749
283.0,0.0,0.0,0.10210065606265628,7.426531766352039,8.290582511102947,20.420131212531256,1.0,0.0,8.315561856573614,-0.05,0.0,False,0.003626606397274943,0.10210065606265627,0.18133169393907272,0.07577747210701764,7.577747210701764e-06,7.577747210701764e-06,0.020420750162210344,0.0,0.1291601411425134,-0.8640507447509078,-0.8890300902215751,0.1291601411425134
284.0,0.0,0.0,0.09297448755626084,7.361699749276319,8.391225718350285,18.594897511252167,1.0,0.0,8.318416870484171,-0.05,0.0,False,0.003911946096970471,0.09297448755626084,0.19559878703545477,0.07577747210701764,7.577747210701764e-06,7.577747210701764e-06,0.018595461136712135,0.0,-0.0648320170757204,-1.0295259690739655,-0.956717121207852,0.0648320170757204
285.0,0.0,0.0,0.09895835409193593,6.6827745575392505,8.394794953220313,19.791670818387185,1.0,0.0,8.356311868772835,0.0,0.0,False,0.003975382388625081,0.09895835409193593,0.19877062565339437,0.07577747210701764,7.577747210701764e-06,7.577747210701764e-06,0.01979227071895463,0.0,-0.6789251917370684,-1.712020395681062,-1.6735373112335843,0.6789251917370684
286.0,0.0,0.0,0.17049689143024718,6.868845261525731,8.533230578831914,34.099378286049436,1.0,0.0,8.351320784265262,0.06,0.0,False,0.004108574222113624,0.17049689143024718,0.20543026779252374,0.07577747210701764,7.577747210701764e-06,7.577747210701764e-06,0.03410041186409199,0.0,0.18607070398648062,-1.6643853173061824,-1.4824755227395308,0.18607070398648062
287.0,0.0,0.0,0.1573131155962651,6.937206318740933,8.580387323056595,31.46262311925302,1.0,0.0,8.387808070958895,0.27,0.0,False,0.00401698194142918,0.15731311559626512,0.20085061905514404,0.07577747210701764,7.577747210701764e-06,7.577747210701764e-06,0.03146357677524476,0.0,0.0683610572152018,-1.6431810043156618,-1.4506017522179624,0.0683610572152018
288.0,0.0,0.0,0.15020369080724896,7.022717070634697,8.42620226445473,30.04073816144979,1.0,0.0,8.442036021439526,-0.02,0.0,False,0.004181904011743532,0.15020369080724896,0.20909678505774962,0.07577747210701764,7.577747210701764e-06,7.577747210701764e-06,0.03004164871902903,0.0,0.08551075189376434,-1.4034851938200328,-1.4193189508048283,0.08551075189376434
289.0,0.0,0.0,0.1432067774658583,6.887983686254392,8.566780007743171,28.641355493171663,1.0,0.0,8.439300137093374,0.08,0.0,False,0.004167310036734647,0.1432067774658583,0.2083670807778327,0.07577747210701764,7.577747210701764e-06,7.577747210701764e-06,0.028642223634399878,0.0,-0.13473338438030513,-1.6787963214887789,-1.551316450838982,0.13473338438030513
290.0,0.0,0.0,0.16142554493241398,7.146293325415088,8.594390173005143,32.2851089864828,1.0,0.0,8.454839104531205,0.18,0.0,False,0.004309672290954986,0.16142554493241398,0.2154852474281084,0.07577747210701764,7.577747210701764e-06,7.577747210701764e-06,0.03228608757264557,0.0,0.2583096391606956,-1.4480968475900555,-1.308545779116117,0.2583096391606956
291.0,0.0,0.0,0.1363087415989862,8.218112648771978,8.499030054989612,27.26174831979724,1.0,0.0,8.502300297677174,0.02,0.0,False,0.00408453510108808,0.13630874159898618,0.2042283026331275,0.07577747210701764,7.577747210701764e-06,7.577747210701764e-06,0.027262574644084693,0.0,1.0718193233568902,-0.2809174062176343,-0.28418764890519554,1.0718193233568902
292.0,0.0,0.0,0.02761047170519223,8.591390322318878,8.428620796060907,5.5220943410384455,1.0,0.0,8.50943238706427,0.09,0.0,False,0.003842623801205689,0.027610471705192232,0.19213264598187402,0.07577747210701764,7.577747210701764e-06,7.577747210701764e-06,0.005522261719910046,0.0,0.3732776735468999,0.16276952625797136,0.08195793525460715,0.3732776735468999
293.0,0.0,0.0,-0.010202886730309571,9.960346933833451,8.47906247786501,-2.040577346061914,1.0,0.0,8.494227827082648,-0.03,0.0,False,0.003956083492663828,0.010240097951398438,0.197805673543224,0.07577747210701764,7.577747210701764e-06,7.577747210701764e-06,-0.002040639197510387,0.0,1.368956611514573,1.4812844559684404,1.4661191067508028,1.368956611514573
294.0,0.0,0.0,-0.14751331228830986,10.214452663435914,8.397142125878222,-29.50266245766197,1.0,0.0,8.48935758927096,0.0,0.0,False,0.00396652443465293,0.14751331228830986,0.19832772459862005,0.07577747210701764,7.577747210701764e-06,7.577747210701764e-06,-0.029503556705758147,0.0,0.2541057296024629,1.8173105375576917,1.7250950741649547,0.2541057296024629
295.0,0.0,0.0,-0.1715561107638613,9.545679117983205,8.474464537390242,-34.31122215277226,1.0,0.0,8.485157920020818,0.02,0.0,False,0.003963929506232725,0.1715561107638613,0.19819797719442414,0.07577747210701764,7.577747210701764e-06,7.577747210701764e-06,-0.03431226215196323,0.0,-0.6687735454527086,1.0712145805929634,1.0605211979623874,0.6687735454527086
296.0,0.0,0.0,-0.10350086325590248,10.254920624979063,8.553087881691098,-20.700172651180495,1.0,0.0,8.498826555355311,-0.12,0.0,False,0.004334269351967596,0.10350086325590248,0.21671510979825437,0.07577747210701764,7.577747210701764e-06,7.577747210701764e-06,-0.020700800089128182,0.0,0.7092415069958573,1.701832743287964,1.7560940696237513,0.7092415069958573
297.0,0.0,0.0,-0.17445118046926683,9.93879870574925,8.526466999668484,-34.89023609385337,1.0,0.0,8.51063127025529,-0.02,0.0,False,0.004232500568565773,0.1744511804692669,0.2116266320692575,0.07577747210701764,7.577747210701764e-06,7.577747210701764e-06,-0.03489129364339646,0.0,-0.31612191922981303,1.4123317060807654,1.4281674354939593,0.31612191922981303
298.0,0.0,0.0,-0.1423031057809748,9.372098386004389,8.493405181658941,-28.46062115619496,1.0,0.0,8.510342722939086,-0.07,0.0,False,0.004328858596213922,0.1423031057809748,0.21644456996050374,0.07577747210701764,7.577747210701764e-06,7.577747210701764e-06,-0.028461483819228216,0.0,-0.5667003197448608,0.8786932043454474,0.8617556630653027,0.5667003197448608
299.0,0.0,0.0,-0.08352265212819114,8.74683594272815,8.500986472166852,-16.70453042563823,1.0,0.0,8.515713731091358,-0.02,0.0,False,0.0043892895790036066,0.08352265212819113,0.2194661419965235,0.07577747210701764,7.577747210701764e-06,7.577747210701764e-06,-0.01670503675263675,0.0,-0.6252624432762381,0.24584947056129813,0.23112221163679258,0.6252624432762381
300.0,0.0,0.0,-0.020807148793616156,8.209553841393022,8.575004494175033,-4.161429758723231,1.0,0.0,8.536840219045269,0.17,0.0,False,0.004211130505547594,0.020807148793616156,0.2105581208215018,0.07577747210701764,7.577747210701764e-06,7.577747210701764e-06,-0.004161555894818387,0.0,-0.5372821013351281,-0.3654506527820107,-0.32728637765224633,0.5372821013351281
301.0,0.0,0.0,0.037852893508397586,9.332422623703021,8.88325834809743,7.570578701679517,1.0,0.0,8.538756571226303,0.34,0.0,False,0.004306331099170246,0.037852893508397586,0.21531818657293603,0.07577747210701764,7.577747210701764e-06,7.577747210701764e-06,0.007570808171667205,0.0,1.1228687823099985,0.44916427560559136,0.7936660524767181,1.1228687823099985
302.0,0.0,0.0,-0.07017628749280673,9.928557593238326,8.965985239040618,-14.035257498561347,1.0,0.0,8.588097118459908,0.31,0.0,False,0.004169739508214662,0.07017628749280673,0.20848855527232946,0.07577747210701764,7.577747210701764e-06,7.577747210701764e-06,-0.014035682917871058,0.0,0.5961349695353046,0.9625723541977074,1.3404604747784177,0.5961349695353046
303.0,0.0,0.0,-0.12310778680486853,9.854360652476595,9.031582724957522,-24.621557360973707,1.0,0.0,8.630633159866614,0.47,0.0,False,0.004273485851360041,0.12310778680486856,0.21367591173777656,0.07577747210701764,7.577747210701764e-06,7.577747210701764e-06,-0.024622303659068888,0.0,-0.07419694076173045,0.8227779275190734,1.2237274926099815,0.07419694076173045
304.0,0.0,0.0,-0.11053099860696303,10.221484241966868,9.108864655393731,-22.106199721392606,1.0,0.0,8.697433081205238,0.43,0.0,False,0.004381084963224302,0.11053099860696303,0.2190559080989331,0.07577747210701764,7.577747210701764e-06,7.577747210701764e-06,-0.022106869777088183,0.0,0.3671235894902729,1.1126195865731372,1.5240511607616298,0.3671235894902729
305.0,0.0,0.0,-0.13996890823469788,10.586780286857167,9.072227766012364,-27.993781646939574,1.0,0.0,8.749008787608647,0.47,0.0,False,0.0042942112646306785,0.13996890823469788,0.21471219025390553,0.07577747210701764,7.577747210701764e-06,7.577747210701764e-06,-0.027994630159712902,0.0,0.36529604489029843,1.514552520844802,1.83777149924852,0.36529604489029843
306.0,0.0,0.0,-0.17219680235842097,11.201764498748936,9.057657360986031,-34.439360471684196,1.0,0.0,8.821742127169692,0.33,0.0,False,0.004071934297674007,0.17219680235842097,0.2035982576881387,0.07577747210701764,7.577747210701764e-06,7.577747210701764e-06,-0.03444040435484489,0.0,0.6149842118917697,2.144107137762905,2.380022371579244,0.6149842118917697
307.0,0.0,0.0,-0.2281194868476808,12.143712754126758,9.030452445383412,-45.62389736953616,1.0,0.0,8.864747020081019,0.19,0.0,False,0.004034005853075135,0.22811948684768077,0.20170182108758686,0.07577747210701764,7.577747210701764e-06,7.577747210701764e-06,-0.04562528026450102,0.0,0.941948255377822,3.113260308743346,3.278965734045739,0.941948255377822
308.0,0.0,0.0,-0.31802855407236585,12.704682550040904,9.122058715992349,-63.60571081447317,1.0,0.0,8.920483198681872,0.23,0.0,False,0.003936617750210081,0.3180285540723658,0.19683237904521292,0.07577747210701764,7.577747210701764e-06,7.577747210701764e-06,-0.06360763875185453,0.0,0.5609697959141453,3.5826238340485546,3.7841993513590317,0.5609697959141453
309.0,0.0,0.0,-0.3701894186245475,12.780575553343304,9.16477352217263,-74.0378837249095,1.0,0.0,8.963306716403675,0.19,0.0,False,0.004026284071023469,0.3701894186245475,0.20131572905931774,0.07577747210701764,7.577747210701764e-06,7.577747210701764e-06,-0.0740401278693714,0.0,0.07589300330240079,3.6158020311706736,3.817268836939629,0.07589300330240079
310.0,0.0,0.0,-0.3728598309581033,11.867569487791664,9.218450141025206,-74.57196619162066,1.0,0.0,9.002648103703711,0.42,0.0,False,0.003807527156382005,0.3728598309581033,0.1903778004430147,0.07577747210701764,7.577747210701764e-06,7.577747210701764e-06,-0.07457422652452758,0.0,-0.9130060655516399,2.649119346766458,2.8649213840879533,0.9130060655516399
311.0,0.0,0.0,-0.27825361081501676,12.103982248480879,9.149936049153009,-55.65072216300335,1.0,0.0,9.051835971885074,0.06,0.0,False,0.003784304623447557,0.27825361081501676,0.18921666499756815,0.07577747210701764,7.577747210701764e-06,7.577747210701764e-06,-0.055652408978639614,0.0,0.23641276068921435,2.9540461993278697,3.0521462765958045,0.23641276068921435
312.0,0.0,0.0,-0.29844043169514495,11.878173643008406,9.304649726758695,-59.68808633902899,1.0,0.0,9.084927952865337,0.19,0.0,False,0.0038125962430452663,0.29844043169514495,0.1906312566967906,0.07577747210701764,7.577747210701764e-06,7.577747210701764e-06,-0.059689895530238415,0.0,-0.22580860547247283,2.5735239162497106,2.7932456901430687,0.22580860547247283
313.0,0.0,0.0,-0.27110422117539223,11.996191619303923,9.476363151522328,-54.220844235078445,1.0,0.0,9.11946485622199,0.3,0.0,False,0.003953478559396418,0.27110422117539223,0.19767542589287723,0.07577747210701764,7.577747210701764e-06,7.577747210701764e-06,-0.054222487710029216,0.0,0.11801797629551736,2.519828467781595,2.8767267630819333,0.11801797629551736
314.0,0.0,0.0,-0.27329131143745955,11.18871790097332,9.642789035406816,-54.658262287491915,1.0,0.0,9.167028713291694,0.69,0.0,False,0.003995102869027268,0.27329131143745955,0.1997566571453445,0.07577747210701764,7.577747210701764e-06,7.577747210701764e-06,-0.05465991902091592,0.0,-0.8074737183306038,1.5459288655665038,2.021689187681625,0.8074737183306038
315.0,0.0,0.0,-0.1891115580650557,11.112616199690503,9.455790118525874,-37.82231161301114,1.0,0.0,9.263174958305681,0.15,0.0,False,0.003970779264106928,0.1891115580650557,0.19854046768342096,0.07577747210701764,7.577747210701764e-06,7.577747210701764e-06,-0.03782345803598911,0.0,-0.07610170128281624,1.6568260811646294,1.849441241384822,0.07610170128281624
316.0,0.0,0.0,-0.17554641696846932,11.545566891147587,9.537445267329437,-35.109283393693865,1.0,0.0,9.297530668343683,0.4,0.0,False,0.0038372378230554097,0.17554641696846932,0.19186334503368102,0.07577747210701764,7.577747210701764e-06,7.577747210701764e-06,-0.0351103475827269,0.0,0.43295069145708354,2.00812162381815,2.248036222803904,0.43295069145708354
317.0,0.0,0.0,-0.21382604509319172,10.695023350051887,9.481989514847314,-42.765209018638345,1.0,0.0,9.357085517687235,0.14,0.0,False,0.003918210967298381,0.21382604509319172,0.19591203292553044,0.07577747210701764,7.577747210701764e-06,7.577747210701764e-06,-0.042766505264589104,0.0,-0.8505435410956999,1.2130338352045733,1.337937832364652,0.8505435410956999
318.0,0.0,0.0,-0.12485675972273101,10.223867516582406,9.592429467470522,-24.971351944546203,1.0,0.0,9.407225424229834,0.1,0.0,False,0.004071338489672394,0.12485675972273104,0.20356846706231388,0.07577747210701764,7.577747210701764e-06,7.577747210701764e-06,-0.024972108845180762,0.0,-0.4711558334694814,0.6314380491118836,0.8166420923525717,0.4711558334694814
319.0,0.0,0.0,-0.07340355005158963,9.859819481833902,9.696364887372736,-14.680710010317927,1.0,0.0,9.446408446176441,0.28,0.0,False,0.004177460920808504,0.07340355005158963,0.20887462882756724,0.07577747210701764,7.577747210701764e-06,7.577747210701764e-06,-0.01468115499378327,0.0,-0.3640480347485031,0.16345459446116628,0.41341103565746096,0.3640480347485031
320.0,0.0,0.0,-0.034699912283419156,10.488352104080276,9.510592492141377,-6.939982456683831,1.0,0.0,9.489804204389177,-0.17,0.0,False,0.004346919365001135,0.034699912283419156,0.2173476152428614,0.07577747210701764,7.577747210701764e-06,7.577747210701764e-06,-0.006940192812820613,0.0,0.6285326222463734,0.9777596119388985,0.9985478996910988,0.6285326222463734
321.0,0.0,0.0,-0.09435032271015993,10.482051552262254,9.700282948164027,-18.870064542031987,1.0,0.0,9.512807211641535,0.15,0.0,False,0.004393259015554892,0.09435032271015993,0.21966461532805712,0.07577747210701764,7.577747210701764e-06,7.577747210701764e-06,-0.018870636508013554,0.0,-0.0063005518180219156,0.781768604098227,0.969244340620719,0.0063005518180219156
322.0,0.0,0.0,-0.09069234232189297,10.509331505294005,9.720966689719088,-18.138468464378594,1.0,0.0,9.54481312883394,0.1,0.0,False,0.00443393114990407,0.09069234232189297,0.22169823745567369,0.07577747210701764,7.577747210701764e-06,7.577747210701764e-06,-0.01813901825512765,0.0,0.027279953031751347,0.7883648155749174,0.9645183764600649,0.027279953031751347
323.0,0.0,0.0,-0.09170425103767103,9.836862840748443,9.66741151636634,-18.340850207534206,1.0,0.0,9.575093766861123,0.01,0.0,False,0.00442875118292385,0.09170425103767103,0.22143923714403865,0.07577747210701764,7.577747210701764e-06,7.577747210701764e-06,-0.01834140613262754,0.0,-0.672468664545562,0.16945132438210386,0.2617690738873204,0.672468664545562
324.0,0.0,0.0,-0.022448408887141308,9.950678257801426,9.642464351564398,-4.489681777428261,1.0,0.0,9.59225424933567,0.08,0.0,False,0.004213093639205441,0.022448408887141308,0.2106562782482007,0.07577747210701764,7.577747210701764e-06,7.577747210701764e-06,-0.004489817863091297,0.0,0.11381541705298304,0.3082139062370288,0.3584240084657555,0.11381541705298304
325.0,0.0,0.0,-0.03242664158771707,10.38793373361015,9.668813866686929,-6.485328317543414,1.0,0.0,9.612370246458639,0.01,0.0,False,0.0043260383012161865,0.03242664158771707,0.21630355414204286,0.07577747210701764,7.577747210701764e-06,7.577747210701764e-06,-0.0064855248927680855,0.0,0.43725547580872437,0.7191198669232222,0.775563487151512,0.43725547580872437
326.0,0.0,0.0,-0.07204965976057616,11.098785739565015,9.842843212535591,-14.409931952115231,1.0,0.0,9.626399555879614,0.26,0.0,False,0.004239628134180813,0.07204965976057616,0.211983013050554,0.07577747210701764,7.577747210701764e-06,7.577747210701764e-06,-0.014410368728092067,0.0,0.7108520059548642,1.2559425270294238,1.4723861836854013,0.7108520059548642
327.0,0.0,0.0,-0.13991640167280672,10.721493347629679,9.877532595638895,-27.983280334561343,1.0,0.0,9.667409837298976,0.19,0.0,False,0.004105464078122938,0.13991640167280675,0.20527475941459522,0.07577747210701764,7.577747210701764e-06,7.577747210701764e-06,-0.027984128529031923,0.0,-0.37729239193533637,0.8439607519907835,1.0540835103307025,0.37729239193533637
328.0,0.0,0.0,-0.09422156373360278,9.975320069781208,10.007695594992025,-18.844312746720558,1.0,0.0,9.699568710280824,0.5,0.0,False,0.004056862714428201,0.09422156373360277,0.202844672815416,0.07577747210701764,7.577747210701764e-06,7.577747210701764e-06,-0.018844883932145656,0.0,-0.7461732778484702,-0.0323755252108171,0.27575135950038465,0.7461732778484702
329.0,0.0,0.0,-0.0148662196261398,9.848990757881511,10.028919998320674,-2.97324392522796,1.0,0.0,9.779242010934063,0.26,0.0,False,0.004104907480516598,0.0148662196261398,0.20524692932339048,0.07577747210701764,7.577747210701764e-06,7.577747210701764e-06,-0.0029733340465084857,0.0,-0.12632931189969732,-0.17992924043916325,0.06974874694744848,0.12632931189969732
330.0,0.0,0.0,0.001255218900383418,9.423357137465182,10.046996279053396,0.2510437800766836,1.0,0.0,9.826652240897095,0.22,0.0,False,0.0042227030718730435,0.003504261490449501,0.21113675352247338,0.07577747210701764,7.577747210701764e-06,7.577747210701764e-06,0.00025105138940423875,0.0,-0.42563362041632935,-0.6236391415882139,-0.40329510343191366,0.42563362041632935
331.0,0.0,0.0,0.04746595809099383,7.912426998017326,9.974596719687499,9.493191618198766,1.0,0.0,9.861543422471922,0.1,0.0,False,0.004116063540035718,0.04746595809099383,0.20580473652623638,0.07577747210701764,7.577747210701764e-06,7.577747210701764e-06,0.009493479364043513,0.0,-1.510930139447856,-2.0621697216701733,-1.949116424454596,1.510930139447856
332.0,0.0,0.0,0.19999494178831279,8.195298376857211,9.961120861469912,39.998988357662554,1.0,0.0,9.898034702626695,0.12,0.0,False,0.004041732860881275,0.19999494178831279,0.2020881744055594,0.07577747210701764,7.577747210701764e-06,7.577747210701764e-06,0.040000200757365094,0.0,0.2828713788398858,-1.7658224846127002,-1.702736325769484,0.2828713788398858
333.0,0.0,0.0,0.1742428107729395,8.835584827411237,10.055831952203961,34.848562154587896,1.0,0.0,9.912452191456065,0.18,0.0,False,0.003951185346398052,0.1742428107729395,0.1975607643740895,0.07577747210701764,7.577747210701764e-06,7.577747210701764e-06,0.034849618440962245,0.0,0.6402864505540258,-1.2202471247927242,-1.076867364044828,0.6402864505540258
334.0,0.0,0.0,0.11585122154633258,8.921891679518573,10.160436070150514,23.170244309266515,1.0,0.0,9.93779250298527,0.25,0.0,False,0.004143541770297623,0.11585122154633258,0.20717865845048575,0.07577747210701764,7.577747210701764e-06,7.577747210701764e-06,0.023170946616961327,0.0,0.08630685210733624,-1.2385443906319402,-1.015900823466696,0.08630685210733624
335.0,0.0,0.0,0.11314989499822595,9.794334348209588,10.292324330098461,22.62997899964519,1.0,0.0,9.994140937438107,0.37,0.0,False,0.003989319193262997,0.11314989499822595,0.1994674711657693,0.07577747210701764,7.577747210701764e-06,7.577747210701764e-06,0.022630664931488322,0.0,0.8724426686910149,-0.4979899818888729,-0.19980658922851902,0.8724426686910149
336.0,0.0,0.0,0.0355768269144447,9.989012429358377,10.590691133566263,7.11536538288894,1.0,0.0,10.053433500565893,0.73,0.0,False,0.003866341220007548,0.0355768269144447,0.19331852590819715,0.07577747210701764,7.577747210701764e-06,7.577747210701764e-06,0.007115581055015358,0.0,0.1946780811487887,-0.6016787042078864,-0.06442107120751572,0.1946780811487887
337.0,0.0,0.0,0.023341084548856493,10.128463475174406,10.61605520404129,4.668216909771298,1.0,0.0,10.15011609696408,0.52,0.0,False,0.0037773031197380867,0.023341084548856493,0.18886658715931331,0.07577747210701764,7.577747210701764e-06,7.577747210701764e-06,0.004668358406969732,0.0,0.1394510458160294,-0.4875917288668834,-0.021652621789673532,0.1394510458160294
338.0,0.0,0.0,0.015426773021744682,9.89506718071337,10.58439059083905,3.0853546043489364,1.0,0.0,10.22243211848886,0.4,0.0,False,0.0038630384889381184,0.015426773021744682,0.1931533881033626,0.07577747210701764,7.577747210701764e-06,7.577747210701764e-06,0.0030854481237892555,0.0,-0.23339629446103594,-0.6893234101256791,-0.3273649377754886,0.23339629446103594
339.0,0.0,0.0,0.04666228774877869,9.828436016275292,10.598747998848172,9.332457549755738,1.0,0.0,10.282737050401165,0.63,0.0,False,0.0036651969362800968,0.04666228774877869,0.18326123551079784,0.07577747210701764,7.577747210701764e-06,7.577747210701764e-06,0.00933274042362885,0.0,-0.06663116443807837,-0.7703119825728795,-0.45430103412587286,0.06663116443807837
340.0,0.0,0.0,0.059417447354813475,10.501387133677312,10.613131344146097,11.883489470962695,1.0,0.0,10.3617077379522,0.34,0.0,False,0.003770375433457336,0.059417447354813475,0.18852020022046298,0.07577747210701764,7.577747210701764e-06,7.577747210701764e-06,0.011883849668549966,0.0,0.67295111740202,-0.11174421046878535,0.13967939572511234,0.67295111740202
341.0,0.0,0.0,-0.003988425882877258,9.775519032774978,10.535527954084996,-0.7976851765754516,1.0,0.0,10.422633002343225,0.09,0.0,False,0.0039380200460290005,0.004704442219665191,0.19690249436747098,0.07577747210701764,7.577747210701764e-06,7.577747210701764e-06,-0.00079770935501872,0.0,-0.7258681009023338,-0.7600089213100176,-0.6471139695682471,0.7258681009023338
342.0,0.0,0.0,0.07309337239022093,10.078334988554085,10.724420159786176,14.618674478044186,1.0,0.0,10.461501363684384,0.21,0.0,False,0.0039396414887783796,0.07309337239022093,0.1969835671192841,0.07577747210701764,7.577747210701764e-06,7.577747210701764e-06,0.014619117581165448,0.0,0.30281595577910636,-0.646085171232091,-0.3831663751302994,0.30281595577910636
343.0,0.0,0.0,0.04905452928187255,9.861168281790953,10.797046395220224,9.81090585637451,1.0,0.0,10.506480450832125,0.37,0.0,False,0.0038174457068148025,0.04905452928187255,0.19087373172266797,0.07577747210701764,7.577747210701764e-06,7.577747210701764e-06,0.009811203232379011,0.0,-0.2171667067631322,-0.935878113429272,-0.6453121690411727,0.2171667067631322
344.0,0.0,0.0,0.07557331634132794,9.908790411665729,10.879872550740862,15.114663268265588,1.0,0.0,10.56889886751393,0.33,0.0,False,0.0036767685312412697,0.07557331634132794,0.18383981964318757,0.07577747210701764,7.577747210701764e-06,7.577747210701764e-06,0.015115121405183616,0.0,0.04762212987477632,-0.9710821390751327,-0.6601084558482011,0.04762212987477632
345.0,0.0,0.0,0.07729731040528631,9.891404885682075,11.079997988036832,15.459462081057262,1.0,0.0,10.616930078978587,0.54,0.0,False,0.003533873218905143,0.07729731040528633,0.17669499988515353,0.07577747210701764,7.577747210701764e-06,7.577747210701764e-06,0.015459930669089062,0.0,-0.01738552598365395,-1.1885931023547567,-0.7255251932965123,0.01738552598365395
346.0,0.0,0.0,0.08547649768286605,9.432757611071624,11.228724648899428,17.09529953657321,1.0,0.0,10.681792802692508,0.57,0.0,False,0.00368104630550976,0.08547649768286608,0.1840537099774067,0.07577747210701764,7.577747210701764e-06,7.577747210701764e-06,0.017095817708080142,0.0,-0.45864727461045085,-1.795967037827804,-1.2490351916208837,0.45864727461045085
347.0,0.0,0.0,0.1380774045901709,8.992930717177716,11.290413761107946,27.61548091803418,1.0,0.0,10.74620224847533,0.49,0.0,False,0.003597068233234382,0.1380774045901709,0.1798547745454076,0.07577747210701764,7.577747210701764e-06,7.577747210701764e-06,0.027616317964225225,0.0,-0.4398268938939083,-2.29748304393023,-1.7532715312976137,0.4398268938939083
348.0,0.0,0.0,0.19048543381164426,9.77708969197576,11.363830419515718,38.09708676232885,1.0,0.0,10.813583972756705,0.62,0.0,False,0.003702804838515098,0.1904854338116442,0.18514164487170678,0.07577747210701764,7.577747210701764e-06,7.577747210701764e-06,0.03809824151395019,0.0,0.7841589747980446,-1.5867407275399579,-1.0364942807809445,0.7841589747980446
349.0,0.0,0.0,0.11941607726593607,10.255734055441454,11.472031974642405,23.883215453187216,1.0,0.0,10.897857227817394,0.56,0.0,False,0.003809024385723395,0.11941607726593607,0.19045266247736548,0.07577747210701764,7.577747210701764e-06,7.577747210701764e-06,0.023883939371578657,0.0,0.47864436346569406,-1.2162979192009509,-0.6421231723759391,0.47864436346569406
350.0,0.0,0.0,0.07846845484424744,9.034291249110899,11.426144900530035,15.693690968849488,1.0,0.0,10.97129570987744,0.47,0.0,False,0.0036157223614729406,0.07846845484424744,0.180787488025149,0.07577747210701764,7.577747210701764e-06,7.577747210701764e-06,0.015694166656536692,0.0,-1.2214428063305558,-2.3918536514191366,-1.9370044607665413,1.2214428063305558
351.0,0.0,0.0,0.20796811658311132,9.157488431078761,11.429551534413473,41.59362331662226,1.0,0.0,11.04044833458967,0.58,0.0,False,0.0035406127578835544,0.20796811658311132,0.1770319793876002,0.07577747210701764,7.577747210701764e-06,7.577747210701764e-06,0.04159488405092098,0.0,0.12319718196786233,-2.2720631033347125,-1.8829599035109084,0.12319718196786233
352.0,0.0,0.0,0.20064965750041405,9.362503529356216,11.496998606206335,40.12993150008281,1.0,0.0,11.114051211432777,0.49,0.0,False,0.0037336159034922893,0.20064965750041405,0.1866822097944894,0.07577747210701764,7.577747210701764e-06,7.577747210701764e-06,0.0401311478687714,0.0,0.205015098277455,-2.1344950768501185,-1.751547682076561,0.205015098277455
353.0,0.0,0.0,0.18583901177038076,9.601851860826313,11.501760586235282,37.16780235407615,1.0,0.0,11.164061029702022,0.47,0.0,False,0.0036837237387711066,0.18583901177038073,0.1841875826549196,0.07577747210701764,7.577747210701764e-06,7.577747210701764e-06,0.03716892893838161,0.0,0.23934833147009726,-1.8999087254089684,-1.5622091688757092,0.23934833147009726
354.0,0.0,0.0,0.16319104094818304,8.70864163082442,11.411286873324915,32.63820818963661,1.0,0.0,11.220964059112676,0.09,0.0,False,0.00375977805213739,0.16319104094818304,0.1879903271392519,0.07577747210701764,7.577747210701764e-06,7.577747210701764e-06,0.03263919747850428,0.0,-0.8932102300018929,-2.7026452425004948,-2.5123224282882557,0.8932102300018929
355.0,0.0,0.0,0.25379087176502996,8.925823501684066,11.330992857473515,50.75817435300599,1.0,0.0,11.23382410133091,-0.05,0.0,False,0.0038931221727011443,0.25379087176503,0.19465758368984148,0.07577747210701764,7.577747210701764e-06,7.577747210701764e-06,0.05075971287180393,0.0,0.2171818708596458,-2.4051693557894485,-2.308000599646844,0.2171818708596458
356.0,0.0,0.0,0.23451873045151422,9.471977124895753,11.316705919098743,46.903746090302846,1.0,0.0,11.246646506628249,0.14,0.0,False,0.003915187982162162,0.2345187304515142,0.1957608825233486,0.07577747210701764,7.577747210701764e-06,7.577747210701764e-06,0.046905167778454035,0.0,0.546153623211687,-1.8447287942029895,-1.7746693817324957,0.546153623211687
357.0,0.0,0.0,0.18446510416206693,8.939177505051386,11.39247075095398,36.893020832413384,1.0,0.0,11.271099662381982,0.19,0.0,False,0.004043413479234187,0.18446510416206693,0.20217220595996999,0.07577747210701764,7.577747210701764e-06,7.577747210701764e-06,0.036894139087882326,0.0,-0.5327996198443667,-2.453293245902593,-2.3319221573305953,0.5327996198443667
358.0,0.0,0.0,0.2423607981854869,10.11974744521758,11.539620690975037,48.47215963709738,1.0,0.0,11.316698058012848,0.34,0.0,False,0.00398947590635849,0.24236079818548684,0.1994753068799205,0.07577747210701764,7.577747210701764e-06,7.577747210701764e-06,0.04847362886505384,0.0,1.180569940166194,-1.419873245757456,-1.196950612795268,1.180569940166194
359.0,0.0,0.0,0.12805826653816094,10.952329409905605,11.601612539008146,25.611653307632185,1.0,0.0,11.362877314349376,0.22,0.0,False,0.00414317866907672,0.12805826653816094,0.20716050325186613,0.07577747210701764,7.577747210701764e-06,7.577747210701764e-06,0.025612429616287145,0.0,0.8325819646880248,-0.6492831291025407,-0.41054790444377076,0.8325819646880248
360.0,0.0,0.0,0.04755220009387309,11.106573774605643,11.563571023817907,9.510440018774618,1.0,0.0,11.400378630257793,0.13,0.0,False,0.004009787720567455,0.04755220009387309,0.20049090528625851,0.07577747210701764,7.577747210701764e-06,7.577747210701764e-06,0.009510728287431481,0.0,0.15424436470003755,-0.4569972492122645,-0.29380485565214975,0.15424436470003755
361.0,0.0,0.0,0.03262935891115608,11.29203471696245,11.530838070120677,6.525871782231215,1.0,0.0,11.427869427771917,0.13,0.0,False,0.003915610034880516,0.03262935891115608,0.19578198531917676,0.07577747210701764,7.577747210701764e-06,7.577747210701764e-06,0.006526069586359081,0.0,0.18546094235680677,-0.23880335315822698,-0.1358347108094673,0.18546094235680677
362.0,0.0,0.0,0.01731649063834799,11.823186227344857,11.473961822764588,3.463298127669598,1.0,0.0,11.432879726568876,0.03,0.0,False,0.00388944155568428,0.01731649063834799,0.19447355144445896,0.07577747210701764,7.577747210701764e-06,7.577747210701764e-06,0.0034634031028650263,0.0,0.5311515103824078,0.34922440458026927,0.3903065007759814,0.5311515103824078
363.0,0.0,0.0,-0.03134790011843062,11.761773557226885,11.486439246564476,-6.269580023686124,1.0,0.0,11.46520618434536,0.05,0.0,False,0.0037807601992933654,0.03134790011843061,0.18903944244692097,0.07577747210701764,7.577747210701764e-06,7.577747210701764e-06,-0.006269770059416222,0.0,-0.06141267011797247,0.27533431066240865,0.29656737288152435,0.06141267011797247
364.0,0.0,0.0,-0.02268540153484722,11.234925389187806,11.593604162792913,-4.537080306969444,1.0,0.0,11.509695348837418,0.14,0.0,False,0.0037168235658924056,0.022685401534847226,0.18584258655209074,0.07577747210701764,7.577747210701764e-06,7.577747210701764e-06,-0.004537217829317894,0.0,-0.5268481680390789,-0.35867877360510647,-0.27476995964961226,0.5268481680390789
365.0,0.0,0.0,0.035988787725094014,11.29215406226167,11.839923561101939,7.197757545018803,1.0,0.0,11.534910946666503,0.38,0.0,False,0.0037108127740169256,0.035988787725094014,0.18554204468090366,0.07577747210701764,7.577747210701764e-06,7.577747210701764e-06,0.0071979757145142036,0.0,0.05722867307386359,-0.5477694988402693,-0.24275688440483378,0.05722867307386359
366.0,0.0,0.0,0.035806131508859154,11.479123144522783,11.914579106828764,7.161226301771831,1.0,0.0,11.594826902135535,0.38,0.0,False,0.003844602595156395,0.035806131508859154,0.19223158642914934,0.07577747210701764,7.577747210701764e-06,7.577747210701764e-06,0.007161443363977516,0.0,0.18696908226111297,-0.4354559623059817,-0.11570375761275287,0.18696908226111297
367.0,0.0,0.0,0.02494167475424293,11.685216434099436,12.058529945342439,4.988334950848586,1.0,0.0,11.650228943840919,0.49,0.0,False,0.0038880733833711197,0.02494167475424293,0.19440514231041775,0.07577747210701764,7.577747210701764e-06,7.577747210701764e-06,0.004988486151067863,0.0,0.2060932895766534,-0.37331351124300305,0.03498749025851744,0.2060932895766534
368.0,0.0,0.0,0.006917894622275592,11.843080731990318,11.967733808415733,1.3835789244551184,1.0,0.0,11.728549342150528,0.19,0.0,False,0.0038739417964249834,0.0069924402930089434,0.19369855760883128,0.07577747210701764,7.577747210701764e-06,7.577747210701764e-06,0.001383620861782669,0.0,0.15786429789088174,-0.12465307642541568,0.11453138983979017,0.15786429789088174
369.0,0.0,0.0,-0.00547929324653568,11.463049607574035,11.911414487371779,-1.095858649307136,1.0,0.0,11.754398001425024,0.05,0.0,False,0.0038862340770606154,0.005756384573657507,0.19431317629800265,0.07577747210701764,7.577747210701764e-06,7.577747210701764e-06,-0.0010958918656147226,0.0,-0.3800311244162824,-0.44836487979774375,-0.29134839385098843,0.3800311244162824
370.0,0.0,0.0,0.03916300932030796,10.914798552398132,12.133843034160384,7.8326018640615915,1.0,0.0,11.788285723490006,0.44,0.0,False,0.0039567487532949225,0.03916300932030796,0.19783893682683756,0.07577747210701764,7.577747210701764e-06,7.577747210701764e-06,0.007832839276170248,0.0,-0.5482510551759034,-1.2190444817622517,-0.8734871710918739,0.5482510551759034
371.0,0.0,0.0,0.0992404601552332,11.431018215602162,12.175998852647554,19.84809203104664,1.0,0.0,11.854694539146346,0.4,0.0,False,0.0040969629195094365,0.0992404601552332,0.2048496982629386,0.07577747210701764,7.577747210701764e-06,7.577747210701764e-06,0.019848693641783873,0.0,0.5162196632040299,-0.7449806370453924,-0.42367632354418383,0.5162196632040299
372.0,0.0,0.0,0.05527612803755631,11.102934224387342,12.240763718150978,11.055225607511263,1.0,0.0,11.90724075490647,0.45,0.0,False,0.003964619543819764,0.05527612803755632,0.19823247933522267,0.07577747210701764,7.577747210701764e-06,7.577747210701764e-06,0.011055560699792051,0.0,-0.3280839912148199,-1.1378294937636362,-0.8043065305191277,0.3280839912148199
373.0,0.0,0.0,0.09139577151542501,11.195116205903998,12.369163989631632,18.279154303085,1.0,0.0,11.983800439403977,0.27,0.0,False,0.004140102847190403,0.09139577151542501,0.20700671099216023,0.07577747210701764,7.577747210701764e-06,7.577747210701764e-06,0.018279708358128633,0.0,0.09218198151665646,-1.1740477837276337,-0.7886842334999784,0.09218198151665646
374.0,0.0,0.0,0.08587766491215017,12.055431789919236,12.438450657067639,17.175532982430035,1.0,0.0,12.016926568244225,0.32,0.0,False,0.004137208179280901,0.08587766491215017,0.20686197649993202,0.07577747210701764,7.577747210701764e-06,7.577747210701764e-06,0.017176053585873617,0.0,0.8603155840152379,-0.3830188671484027,0.03850522167501147,0.8603155840152379
375.0,0.0,0.0,0.007541836718180649,11.735478751567987,12.606120492525493,1.5083673436361298,1.0,0.0,12.053925392987287,0.62,0.0,False,0.004188995172390473,0.0076913288151264515,0.20945134577684776,0.07577747210701764,7.577747210701764e-06,7.577747210701764e-06,0.0015084130633953993,0.0,-0.3199530383512492,-0.870641740957506,-0.3184466414192997,0.3199530383512492
376.0,0.0,0.0,0.04693260186805583,11.400860293787927,12.454916909579211,9.386520373611166,1.0,0.0,12.13085301460765,0.45,0.0,False,0.004127371960485367,0.04693260186805584,0.2063701618333364,0.07577747210701764,7.577747210701764e-06,7.577747210701764e-06,0.009386804886169511,0.0,-0.33461845778005994,-1.0540566157912838,-0.7299927208197232,0.33461845778005994
377.0,0.0,0.0,0.08771984808787896,10.536735475142507,12.518410828653517,17.54396961757579,1.0,0.0,12.204822552418191,0.49,0.0,False,0.0039996661479028035,0.08771984808787896,0.19998482281809,0.07577747210701764,7.577747210701764e-06,7.577747210701764e-06,0.017544501388613482,0.0,-0.8641248186454202,-1.9816753535110099,-1.6680870772756844,0.8641248186454202
378.0,0.0,0.0,0.1789083301608489,10.403866002714054,12.510115528752369,35.78166603216978,1.0,0.0,12.278092010608425,0.28,0.0,False,0.003961096674143641,0.1789083301608489,0.19805633451664573,0.07577747210701764,7.577747210701764e-06,7.577747210701764e-06,0.03578275060163103,0.0,-0.13286947242845315,-2.106249526038315,-1.8742260078943715,0.13286947242845315
379.0,0.0,0.0,0.19930662825818019,11.057041250049286,12.616562640507341,39.86132565163604,1.0,0.0,12.325886562855988,0.39,0.0,False,0.0038966223304086746,0.19930662825818019,0.1948325929013835,0.07577747210701764,7.577747210701764e-06,7.577747210701764e-06,0.03986253387867745,0.0,0.6531752473352324,-1.5595213904580554,-1.268845312806702,0.6531752473352324
380.0,0.0,0.0,0.13772413646081183,11.1929241565814,12.547200376085984,27.544827292162367,1.0,0.0,12.397007800058173,0.04,0.0,False,0.004065675665038693,0.13772413646081183,0.20328532368505617,0.07577747210701764,7.577747210701764e-06,7.577747210701764e-06,0.027545662196788376,0.0,0.13588290653211388,-1.3542762195045839,-1.204083643476773,0.13588290653211388
381.0,0.0,0.0,0.12623116505126664,10.786101930742324,12.41502745774423,25.246233010253327,1.0,0.0,12.43433479659195,0.04,0.0,False,0.003916080169438659,0.12623116505126664,0.19580549222521196,0.07577747210701764,7.577747210701764e-06,7.577747210701764e-06,0.025246998242741663,0.0,-0.40682222583907546,-1.6289255270019058,-1.648232865849625,0.40682222583907546
382.0,0.0,0.0,0.1684963302932883,11.27907377215035,12.445608317162314,33.69926605865766,1.0,0.0,12.45528363448701,0.04,0.0,False,0.0038663178152307438,0.1684963302932883,0.1933173556604892,0.07577747210701764,7.577747210701764e-06,7.577747210701764e-06,0.033700287508994856,0.0,0.49297184140802486,-1.1665345450119649,-1.1762098623366608,0.49297184140802486
383.0,0.0,0.0,0.12109308760231659,11.21878230563821,12.433891578862774,24.21861752046332,1.0,0.0,12.47112907480505,-0.01,0.0,False,0.004040201684278922,0.12109308760231662,0.20201161499529827,0.07577747210701764,7.577747210701764e-06,7.577747210701764e-06,0.02421935160514604,0.0,-0.06029146651213857,-1.215109273224563,-1.2523467691668397,0.06029146651213857
384.0,0.0,0.0,0.12923048114557617,11.361112261868557,12.44211633628713,25.846096229115233,1.0,0.0,12.490050528813857,-0.08,0.0,False,0.00412391698375378,0.12923048114557617,0.20619741168771002,0.07577747210701764,7.577747210701764e-06,7.577747210701764e-06,0.025846879643913124,0.0,0.1423299562303466,-1.0810040744185727,-1.1289382669452994,0.1423299562303466
385.0,0.0,0.0,0.11513497350320716,11.798583767221778,12.309680556095513,23.02699470064143,1.0,0.0,12.511136080889873,-0.03,0.0,False,0.004025644582476283,0.11513497350320716,0.20128375438966445,0.07577747210701764,7.577747210701764e-06,7.577747210701764e-06,0.023027692666331857,0.0,0.437471505353221,-0.5110967888737346,-0.7125523136680947,0.437471505353221
386.0,0.0,0.0,0.0715518503745329,12.1147700044713,12.272991113306599,14.310370074906581,1.0,0.0,12.512505620086845,-0.03,0.0,False,0.004169038683361072,0.0715518503745329,0.20845351376411628,0.07577747210701764,7.577747210701764e-06,7.577747210701764e-06,0.014310803833087334,0.0,0.31618623724952144,-0.15822110883529916,-0.39773561561554516,0.31618623724952144
387.0,0.0,0.0,0.04106984467021106,11.29245562884565,12.477830984172478,8.213968934042212,1.0,0.0,12.514129381058835,-0.04,0.0,False,0.004283555292106708,0.04106984467021106,0.21417938759029376,0.07577747210701764,7.577747210701764e-06,7.577747210701764e-06,0.008214217905676275,0.0,-0.8223143756256501,-1.185375355326828,-1.221673752213185,0.8223143756256501
388.0,0.0,0.0,0.12396840378696529,10.818429924308102,12.390622671576796,24.79368075739306,1.0,0.0,12.525484012018456,-0.01,0.0,False,0.004254748260227224,0.12396840378696529,0.21273902508169923,0.07577747210701764,7.577747210701764e-06,7.577747210701764e-06,0.02479443227267905,0.0,-0.47402570453754755,-1.5721927472686943,-1.707054087710354,0.47402570453754755
389.0,0.0,0.0,0.17118588301837773,10.692610657322058,12.414896757685623,34.23717660367554,1.0,0.0,12.532186636776602,0.03,0.0,False,0.004202588907179984,0.17118588301837773,0.21013103766681762,0.07577747210701764,7.577747210701764e-06,7.577747210701764e-06,0.034238214358489706,0.0,-0.12581926698604384,-1.722286100363565,-1.839575979454544,0.12581926698604384
390.0,0.0,0.0,0.18317608664062074,10.217841542740072,12.289219332917158,36.63521732812415,1.0,0.0,12.530353614659255,0.03,0.0,False,0.004275491974534947,0.1831760866406208,0.21377621865661658,0.07577747210701764,7.577747210701764e-06,7.577747210701764e-06,0.03663632776937316,0.0,-0.4747691145819868,-2.0713777901770865,-2.3125120719191834,0.4747691145819868
391.0,0.0,0.0,0.23197206905132858,10.974814872909333,12.36464856912206,46.39441381026572,1.0,0.0,12.524440926832245,-0.12,0.0,False,0.004563083951647439,0.23197206905132858,0.22815592647720623,0.07577747210701764,7.577747210701764e-06,7.577747210701764e-06,0.04639582006016884,0.0,0.7569733301692612,-1.3898336962127278,-1.5496260539229123,0.7569733301692612
392.0,0.0,0.0,0.15645437397596745,11.86778449165008,12.223382850183702,31.290874795193492,1.0,0.0,12.537650124538315,-0.03,0.0,False,0.004441789635305036,0.15645437397596745,0.22209116470320278,0.07577747210701764,7.577747210701764e-06,7.577747210701764e-06,0.03129182324536314,0.0,0.8929696187407465,-0.35559835853362287,-0.6698656328882358,0.8929696187407465
393.0,0.0,0.0,0.0653428034572047,12.168912301688978,12.200144380159312,13.06856069144094,1.0,0.0,12.539417891253807,0.12,0.0,False,0.004467894649405,0.0653428034572047,0.22339642529906084,0.07577747210701764,7.577747210701764e-06,7.577747210701764e-06,0.013068956809436554,0.0,0.3011278100388992,-0.03123207847033349,-0.3705055895648286,0.3011278100388992
394.0,0.0,0.0,0.03251368142535743,12.247793140199834,12.256706553073673,6.502736285071486,1.0,0.0,12.521237283784458,0.17,0.0,False,0.004278440002584297,0.03251368142535743,0.21392362117605462,0.07577747210701764,7.577747210701764e-06,7.577747210701764e-06,0.00650293338794487,0.0,0.07888083851085526,-0.008913412873839732,-0.27344414358462465,0.07888083851085526
395.0,0.0,0.0,0.025679490982990175,12.344322783156903,12.36334190196882,5.135898196598035,1.0,0.0,12.494061434965488,-0.05,0.0,False,0.004203081547555534,0.025679490982990175,0.21015566987225037,0.07577747210701764,7.577747210701764e-06,7.577747210701764e-06,0.005136053869571314,0.0,0.09652964295706923,-0.01901911881191687,-0.14973865180858503,0.09652964295706923
396.0,0.0,0.0,0.020331058848114793,12.613007923552413,12.496090940873483,4.066211769622958,1.0,0.0,12.504597779664293,-0.06,0.0,False,0.004119939958146666,0.020331058848114793,0.20599855890050958,0.07577747210701764,7.577747210701764e-06,7.577747210701764e-06,0.004066335019588579,0.0,0.26868514039550995,0.11691698267893003,0.1084101438881202,0.26868514039550995
397.0,0.0,0.0,-0.002285246045207741,11.905793333853289,12.462171524911392,-0.4570492090415482,1.0,0.0,12.547641074819273,-0.02,0.0,False,0.004083434988020388,0.0038080094801212793,0.2041732965629239,0.07577747210701764,7.577747210701764e-06,7.577747210701764e-06,-0.0004570630625500453,0.0,-0.7072145896991238,-0.5563781910581032,-0.641847740965984,0.7072145896991238
398.0,0.0,0.0,0.06707770263291224,12.355080565922698,12.580162984650364,13.415540526582447,1.0,0.0,12.590154597249493,-0.04,0.0,False,0.00405823164967838,0.06707770263291224,0.20291312009659718,0.07577747210701764,7.577747210701764e-06,7.577747210701764e-06,0.013415947161800279,0.0,0.449287232069409,-0.22508241872766632,-0.2350740313267945,0.449287232069409
399.0,0.0,0.0,0.025222422506443753,12.559971384386984,12.618791613443433,5.044484501288751,1.0,0.0,12.576595775076111,0.11,0.0,False,0.004008603372495963,0.02522242250644375,0.20043168743394937,0.07577747210701764,7.577747210701764e-06,7.577747210701764e-06,0.005044637403443528,0.0,0.20489081846428547,-0.058820229056449236,-0.016624390689127466,0.20489081846428547
