t,mean_abs_delta_real,mean_abs_delta_planning,mean_action,price,v_true,total_demand,mean_k,xs_k_std,mean_belief,mean_correctness,mean_salience,regime_post,xs_action_std,xs_action_mean_abs,xs_belief_std,xs_sigma_mean,xs_rho_mean,xs_rho_max,mean_myopic_term,mean_hedging_term,ret,mispricing_true,mispricing_belief,vol_proxy
0.0,0.0,0.0,0.0032599598778566214,-0.28313233575911634,-0.10999529307158605,0.6519919755713243,1.0,0.0,0.0,-0.69,0.0,False,0.009971814054705846,0.008444809931567656,0.49861042109651793,0.39548192771084345,3.954819277108434e-05,3.954819277108435e-05,0.0006520951119098087,0.0,0.0,-0.17313704268753027,-0.28313233575911634,0.0
1.0,0.0,0.0,0.03462288614553697,-0.9802045825942169,0.023828245482431856,6.924577229107394,1.0,0.0,0.03260604505464998,0.14,0.0,False,0.008524665792732372,0.03462288614553697,0.42624393306209174,0.24970892072370304,2.4970892072370302e-05,2.4970892072370302e-05,0.0069252688633192104,0.0,-0.6970722468351006,-1.0040328280766488,-1.0128106276488669,0.6970722468351006
2.0,0.0,0.0,0.1044661841844972,-1.1004825751501035,0.04804184909300176,20.89323683689944,1.0,0.0,0.06313975391391208,0.15,0.0,False,0.007384790259901653,0.10446618418449719,0.36924636481499945,0.1855657283607953,1.8556572836079535e-05,1.8556572836079532e-05,0.020894787635606503,0.0,-0.12027799255588656,-1.1485244242431052,-1.1636223290640155,0.12027799255588656
3.0,0.0,0.0,0.11502580626282927,-1.172044022075944,0.07657909358815694,23.005161252565852,1.0,0.0,0.06455418596854105,0.18,0.0,False,0.006869911055048628,0.11502580626282927,0.3435007166765606,0.15033452654348473,1.5033452654348474e-05,1.503345265434847e-05,0.023006544619779037,0.0,-0.07156144692584054,-1.248623115664101,-1.236598208044485,0.07156144692584054
4.0,0.0,0.0,0.12629928905493493,-1.2259404791070652,0.16030172657179598,25.259857810986986,1.0,0.0,0.049861949228812236,0.15,0.0,False,0.006144336092939359,0.12629928905493493,0.30722075577437863,0.12861039341098898,1.28610393410989e-05,1.2861039341098898e-05,0.02526115726637484,0.0,-0.053896457031121114,-1.3862422056788613,-1.2758024283358773,0.053896457031121114
5.0,0.0,0.0,0.13504814270936763,-1.4136531049029384,0.1983077509610499,27.00962854187353,1.0,0.0,0.09103008547966826,0.11,0.0,False,0.005923571390050886,0.13504814270936766,0.29618195326827296,0.11424748706068398,1.1424748706068395e-05,1.1424748706068397e-05,0.027010862840646906,0.0,-0.18771262579587322,-1.6119608558639884,-1.5046831903826066,0.18771262579587322
6.0,0.0,0.0,0.15457415638336966,-1.8340353096786566,0.20658106002550838,30.914831276673933,1.0,0.0,0.12461809254129426,0.15,0.0,False,0.005569778428103717,0.15457415638336966,0.2784918262911562,0.10430885206491432,1.0430885206491433e-05,1.0430885206491434e-05,0.03091612113944442,0.0,-0.4203822047757182,-2.040616369704165,-1.9586534022199509,0.4203822047757182
7.0,0.0,0.0,0.20244440828547106,-1.9466193699937446,0.3399983162063882,40.48888165709421,1.0,0.0,0.13216907619481436,0.22,0.0,False,0.005424561416061942,0.20244440828547106,0.2712307074924497,0.09721299660661761,9.721299660661762e-06,9.721299660661762e-06,0.04049045605999501,0.0,-0.11258406031508805,-2.286617686200133,-2.078788446188559,0.11258406031508805
8.0,0.0,0.0,0.21903992796578986,-2.5542564486856736,0.4576686978223787,43.80798559315797,1.0,0.0,0.19050717431393133,0.33,0.0,False,0.004953270908248729,0.21903992796578983,0.24766582472989832,0.09203282049648383,9.20328204964838e-06,9.203282049648383e-06,0.04380959828730565,0.0,-0.607637078691929,-3.011925146508052,-2.744763622999605,0.607637078691929
9.0,0.0,0.0,0.2824445629961571,-3.3676403205796026,0.4397728578767908,56.488912599231426,1.0,0.0,0.2438807039760137,0.16,0.0,False,0.00471645213343469,0.2824445629961571,0.2358246863774702,0.08818941343401722,8.818941343401728e-06,8.818941343401726e-06,0.0564909052712852,0.0,-0.813383871893929,-3.8074131784563936,-3.6115210245556164,0.813383871893929
10.0,0.0,0.0,0.36664682003041726,-3.539997123786764,0.3447488210526636,73.32936400608345,1.0,0.0,0.2703137243775876,0.17,0.0,False,0.004661392148684335,0.36664682003041726,0.23307159559777016,0.08530342395407306,8.530342395407304e-06,8.530342395407304e-06,0.0733318660830703,0.0,-0.1723568032071614,-3.8847459448394277,-3.8103108481643515,0.1723568032071614
11.0,0.0,0.0,0.3874592255509942,-3.6130103048125104,0.3537106902609079,77.49184511019884,1.0,0.0,0.2989842608702208,0.02,0.0,False,0.004415367275422574,0.3874592255509942,0.22077019872682468,0.08311678650488098,8.311678650488098e-06,8.311678650488098e-06,0.07749442143804354,0.0,-0.07301318102574639,-3.9667209950734184,-3.9119945656827313,0.07301318102574639
12.0,0.0,0.0,0.39236253053213765,-4.292303981327972,0.1532285772595913,78.47250610642753,1.0,0.0,0.33475615355182287,0.1,0.0,False,0.004499020015689278,0.3923625305321376,0.22495283298157634,0.08144872021105272,8.144872021105273e-06,8.144872021105272e-06,0.07847506267968223,0.0,-0.6792936765154618,-4.445532558587564,-4.627060134879795,0.6792936765154618
13.0,0.0,0.0,0.46053165991968315,-4.5725645461222,0.18328358445209633,92.10633198393663,1.0,0.0,0.3107747876387189,0.0,0.0,False,0.004491874050277325,0.46053165991968315,0.2245955030732262,0.0801696280765907,8.016962807659075e-06,8.016962807659074e-06,0.09210928561240891,0.0,-0.28026056479422756,-4.755848130574296,-4.883339333760919,0.28026056479422756
14.0,0.0,0.0,0.4895085882795809,-3.356124264360944,0.3369647309325918,97.90171765591617,1.0,0.0,0.3131972211283227,0.04,0.0,False,0.0041804020015505285,0.48950858827958094,0.20902175520110616,0.07918490036140627,7.918490036140629e-06,7.918490036140629e-06,0.09790481856646473,0.0,1.2164402817612556,-3.693088995293536,-3.6693214854892666,1.2164402817612556
15.0,0.0,0.0,0.37337558470173443,-3.179400439741987,0.3877613687857073,74.67511694034688,1.0,0.0,0.3227151451175516,0.05,0.0,False,0.004235749831400166,0.37337558470173443,0.21178915250222036,0.07842447161267904,7.842447161267904e-06,7.842447161267904e-06,0.07467745946461124,0.0,0.17672382461895708,-3.567161808527694,-3.5021155848595384,0.17672382461895708
16.0,0.0,0.0,0.3574365053270537,-3.1440252767182355,0.5528466287207483,71.48730106541073,1.0,0.0,0.3777779915711173,0.11,0.0,False,0.003983539979589131,0.3574365053270536,0.19917854929083165,0.07783586373121831,7.78358637312183e-06,7.783586373121831e-06,0.07148952675841656,0.0,0.035375163023751544,-3.696871905438984,-3.5218032682893528,0.035375163023751544
17.0,0.0,0.0,0.35789320023102783,-3.789602988449365,0.6041979299905552,71.57864004620556,1.0,0.0,0.3951037204241563,0.29,0.0,False,0.0038910709383331078,0.3578932002310279,0.19455505236072346,0.07737942031791788,7.73794203179179e-06,7.737942031791787e-06,0.07158085551453193,0.0,-0.6455777117311294,-4.39380091843992,-4.184706708873521,0.6455777117311294
18.0,0.0,0.0,0.4290001510298438,-3.3672890298598435,0.8074687115432576,85.80003020596875,1.0,0.0,0.4350451934338888,0.37,0.0,False,0.003976970340450055,0.42900015102984385,0.19885004865248657,0.07702496386752834,7.702496386752833e-06,7.702496386752835e-06,0.08580267368329793,0.0,0.4223139585895215,-4.174757741403101,-3.802334223293732,0.4223139585895215
19.0,0.0,0.0,0.3906977512401245,-3.68804633159888,0.7327414537100515,78.1395502480249,1.0,0.0,0.5005637404547314,0.19,0.0,False,0.00417201265830024,0.3906977512401245,0.2086022339124316,0.07674940373398333,7.674940373398337e-06,7.674940373398335e-06,0.07814194909516974,0.0,-0.3207573017390364,-4.4207877853089315,-4.188610072053612,0.3207573017390364
20.0,0.0,0.0,0.42717345489638353,-3.708326437083355,0.6754386173531641,85.43469097927671,1.0,0.0,0.5398384116386417,0.24,0.0,False,0.004099987982395227,0.42717345489638353,0.20500096808257381,0.07653499567330325,7.653499567330326e-06,7.653499567330328e-06,0.08543730645674094,0.0,-0.02028010548447501,-4.383765054436519,-4.248164848721997,0.02028010548447501
21.0,0.0,0.0,0.4333501243204789,-4.168925558260141,0.7347818436052247,86.67002486409578,1.0,0.0,0.5838516859575678,0.16,0.0,False,0.0042814710272743965,0.4333501243204789,0.21407518620185623,0.07636805789007794,7.636805789007794e-06,7.636805789007795e-06,0.08667267237246774,0.0,-0.46059912117678614,-4.903707401865366,-4.752777244217709,0.46059912117678614
22.0,0.0,0.0,0.4815985617239664,-4.136970338651677,0.7128137549757801,96.31971234479329,1.0,0.0,0.6253402766583385,-0.08,0.0,False,0.004296749380459038,0.4815985617239664,0.21483910690112917,0.07623801307922962,7.623801307922961e-06,7.623801307922962e-06,0.09632264961179599,0.0,0.031955219608463814,-4.849784093627457,-4.762310615310016,0.031955219608463814
23.0,0.0,0.0,0.4810519733733995,-4.180953228361426,0.698669419573409,96.2103946746799,1.0,0.0,0.6472436395667637,0.02,0.0,False,0.004284172585342065,0.4810519733733995,0.21421026018021275,0.07613666709092755,7.613666709092755e-06,7.613666709092754e-06,0.09621332470788756,0.0,-0.04398288970974917,-4.879622647934835,-4.82819686792819,0.04398288970974917
24.0,0.0,0.0,0.48755914764668035,-3.7460889191368896,0.6501468790464862,97.51182952933607,1.0,0.0,0.6737325235520654,0.0,0.0,False,0.004129785339118467,0.48755914764668035,0.20649083746500504,0.07605766172517958,7.605766172517959e-06,7.605766172517959e-06,0.09751479611547063,0.0,0.4348643092245368,-4.396235798183376,-4.419821442688955,0.4348643092245368
25.0,0.0,0.0,0.44520496206314825,-3.4556787177240538,0.6738474779077628,89.04099241262965,1.0,0.0,0.6948236611489851,0.06,0.0,False,0.004087292936527833,0.44520496206314825,0.2043661999171295,0.07599605714348504,7.599605714348504e-06,7.599605714348505e-06,0.08904369909779884,0.0,0.2904102014128358,-4.129526195631817,-4.150502378873039,0.2904102014128358
26.0,0.0,0.0,0.4184553300238701,-4.05064392912397,0.7232369590426567,83.69106600477402,1.0,0.0,0.7061298706032768,0.04,0.0,False,0.0039034708774758654,0.41845533002387003,0.19517502617805219,0.07594801167850262,7.594801167850264e-06,7.594801167850261e-06,0.08369360845348789,0.0,-0.594965211399916,-4.773880888166627,-4.756773799727247,0.594965211399916
27.0,0.0,0.0,0.4785153616821299,-3.9492554311235253,0.6497716732845447,95.70307233642598,1.0,0.0,0.7290334867661015,-0.06,0.0,False,0.003929039902182913,0.4785153616821299,0.1964534863867586,0.07591053539720918,7.591053539720918e-06,7.59105353972092e-06,0.09570597826295098,0.0,0.10138849800044447,-4.59902710440807,-4.678288917889627,0.10138849800044447
28.0,0.0,0.0,0.46850379866659103,-4.027653468095321,0.6870563564011333,93.70075973331821,1.0,0.0,0.7346913094838325,-0.09,0.0,False,0.0039571538018452,0.46850379866659103,0.1978591914621311,0.07588129986214319,7.588129986214318e-06,7.588129986214319e-06,0.0937036037659159,0.0,-0.07839803697179537,-4.714709824496454,-4.762344777579154,0.07839803697179537
29.0,0.0,0.0,0.4758637246902694,-3.938805206438958,0.5625823976242847,95.17274493805388,1.0,0.0,0.7359603089285466,0.02,0.0,False,0.003895967804917548,0.4758637246902695,0.19479986795706933,0.07585849092897277,7.585849092897274e-06,7.5858490928972765e-06,0.09517563278047056,0.0,0.08884826165636284,-4.501387604063242,-4.674765515367504,0.08884826165636284
30.0,0.0,0.0,0.46393579230777154,-4.778444449645361,0.4958288056873533,92.78715846155431,1.0,0.0,0.7311642703275875,0.25,0.0,False,0.004004222519380465,0.46393579230777166,0.20021264438411002,0.0758406946332553,7.58406946332553e-06,7.5840694633255315e-06,0.092789973257227,0.0,-0.8396392432064035,-5.274273255332715,-5.509608719972949,0.8396392432064035
31.0,0.0,0.0,0.5489173820438386,-4.1072006936352645,0.5609485336896843,109.78347640876771,1.0,0.0,0.700728642702527,0.07,0.0,False,0.0038170341877068895,0.5489173820438386,0.19085315655294838,0.07582680859941437,7.582680859941435e-06,7.582680859941435e-06,0.10978680619578021,0.0,0.6712437560100968,-4.668149227324949,-4.807929336337791,0.6712437560100968
32.0,0.0,0.0,0.4804411364401192,-3.469267396242634,0.5222876554808641,96.08822728802384,1.0,0.0,0.7109374840593492,0.1,0.0,False,0.0038418243501801464,0.48044113644011915,0.1920926738672669,0.07581597318505708,7.58159731850571e-06,7.581597318505709e-06,0.09609114127491653,0.0,0.6379332973926304,-3.9915550517234983,-4.180204880301983,0.6379332973926304
33.0,0.0,0.0,0.417133098785057,-2.8813410873269345,0.6292515083216214,83.4266197570114,1.0,0.0,0.697392796327513,0.01,0.0,False,0.0039818553660214105,0.417133098785057,0.19909427757393067,0.07580751791624726,7.580751791624726e-06,7.580751791624725e-06,0.0834291494838229,0.0,0.5879263089156996,-3.5105925956485557,-3.5787338836544476,0.5879263089156996
34.0,0.0,0.0,0.3598658914458072,-3.7690347244762705,0.7992171058482702,71.97317828916144,1.0,0.0,0.7022217007322321,0.1,0.0,False,0.003989551606522442,0.3598658914458072,0.19947909238452857,0.07580091978879354,7.580091978879353e-06,7.580091978879353e-06,0.07197536052586567,0.0,-0.887693637149336,-4.568251830324541,-4.4712564252085025,0.887693637149336
35.0,0.0,0.0,0.45051187835990597,-4.021221278392247,0.7961259357158982,90.10237567198119,1.0,0.0,0.7174542179589994,0.15,0.0,False,0.0038869818663297986,0.45051187835990597,0.19435056640042292,0.07579577078909383,7.579577078909383e-06,7.579577078909382e-06,0.09010510740288138,0.0,-0.2521865539159762,-4.817347214108145,-4.738675496351246,0.2521865539159762
36.0,0.0,0.0,0.4801714010994399,-4.2872744046295965,0.829132532653325,96.03428021988798,1.0,0.0,0.7362547935981361,0.08,0.0,False,0.003849516175165602,0.4801714010994399,0.1924772675661676,0.0757917525852373,7.579175258523732e-06,7.579175258523731e-06,0.09603719164038421,0.0,-0.2660531262373498,-5.116406937282921,-5.023529198227733,0.2660531262373498
37.0,0.0,0.0,0.5107025812317753,-5.004462325481922,0.8553045642781615,102.14051624635505,1.0,0.0,0.7806746977623028,0.06,0.0,False,0.0038954999002716035,0.5107025812317753,0.19477647118632624,0.07578861679880576,7.578861679880579e-06,7.578861679880576e-06,0.1021436126582659,0.0,-0.7171879208523251,-5.859766889760083,-5.785137023244224,0.7171879208523251
38.0,0.0,0.0,0.5859557609399179,-5.082517552113715,0.9766463165542885,117.19115218798356,1.0,0.0,0.8199449348992887,0.16,0.0,False,0.0038511772844404767,0.5859557609399179,0.1925603235518984,0.07578616962277836,7.578616962277834e-06,7.5786169622778345e-06,0.11719470474847529,0.0,-0.07805522663179332,-6.059163868668003,-5.902462487013004,0.07805522663179332
39.0,0.0,0.0,0.5966895472716045,-5.28807913193371,0.8849749046545239,119.33790945432091,1.0,0.0,0.8553173206307081,0.16,0.0,False,0.003614481294966828,0.5966895472716045,0.18072543435228935,0.07578425982564119,7.5784259825641195e-06,7.5784259825641195e-06,0.11934152700096043,0.0,-0.205561579819995,-6.173054036588233,-6.143396452564418,0.205561579819995
40.0,0.0,0.0,0.6189471821850364,-6.385157592314589,0.919295962515504,123.78943643700728,1.0,0.0,0.8846040189807576,-0.14,0.0,False,0.0038813138323045195,0.6189471821850364,0.19406716229878163,0.07578276939476822,7.578276939476819e-06,7.5782769394768205e-06,0.12379318885109647,0.0,-1.097078460380879,-7.304453554830093,-7.269761611295347,1.097078460380879
41.0,0.0,0.0,0.731437799730318,-5.896712678472933,0.9743696284096626,146.2875599460636,1.0,0.0,0.9016272175745308,0.04,0.0,False,0.003850842969487878,0.7314377997303179,0.19254360758972172,0.07578160623748331,7.5781606237483355e-06,7.578160623748335e-06,0.14629199427496561,0.0,0.488444913841656,-6.871082306882595,-6.798339896047464,0.488444913841656
42.0,0.0,0.0,0.6858556073965435,-5.5486710658240685,1.0598297383041229,137.1711214793087,1.0,0.0,0.9294975526452202,0.06,0.0,False,0.00400276845591291,0.6858556073965434,0.200139939458593,0.07578069848672941,7.578069848672939e-06,7.578069848672941e-06,0.1371752794171587,0.0,0.34804161264886435,-6.608500804128191,-6.478168618469288,0.34804161264886435
43.0,0.0,0.0,0.6587845656008372,-6.1660975702676435,1.1406763066774435,131.75691312016744,1.0,0.0,0.9621032685774505,0.23,0.0,False,0.004212746970611242,0.6587845656008372,0.21063894474017988,0.07577999005824664,7.5779990058246634e-06,7.577999005824663e-06,0.1317609069049291,0.0,-0.6174265044435749,-7.306773876945087,-7.128200838845094,0.6174265044435749
44.0,0.0,0.0,0.723268870947975,-6.683843701672152,1.1881213679816631,144.653774189595,1.0,0.0,1.0394242036234624,0.09,0.0,False,0.0042033629188922145,0.7232688709479749,0.21016973858699203,0.07577943718399627,7.577943718399631e-06,7.577943718399629e-06,0.14465815886900588,0.0,-0.5177461314045084,-7.871965069653815,-7.723267905295614,0.5177461314045084
45.0,0.0,0.0,0.7785012572129353,-6.373513348551458,1.2760186840637837,155.70025144258705,1.0,0.0,1.0668651837519652,0.19,0.0,False,0.0040693525472385635,0.7785012572129353,0.2034691692193777,0.07577900570718792,7.5779005707187905e-06,7.577900570718793e-06,0.15570497093092028,0.0,0.310330353120694,-7.649532032615242,-7.4403785323034235,0.310330353120694
46.0,0.0,0.0,0.7505223206484647,-6.627835482121427,1.235718790302056,150.10446412969293,1.0,0.0,1.101463840713268,0.22,0.0,False,0.003888910115508011,0.7505223206484647,0.19444697925756224,0.07577866897151055,7.577866897151055e-06,7.577866897151055e-06,0.1501090139818141,0.0,-0.25432213356996947,-7.8635542724234835,-7.729299322834695,0.25432213356996947
47.0,0.0,0.0,0.776562196323884,-5.932657617650593,1.038565175803166,155.3124392647768,1.0,0.0,1.131994225845647,-0.07,0.0,False,0.0038615848825924257,0.7765621963238841,0.19308070725335982,0.07577840617399134,7.577840617399135e-06,7.577840617399136e-06,0.1553171469607451,0.0,0.6951778644708346,-6.971222793453759,-7.0646518434962395,0.6951778644708346
48.0,0.0,0.0,0.7083710841779688,-5.45798019025534,1.1304560570308313,141.67421683559377,1.0,0.0,1.1380807143450686,-0.04,0.0,False,0.00415577742938006,0.7083710841779688,0.20779044605569133,0.07577820107961909,7.5778201079619125e-06,7.577820107961911e-06,0.14167851112996868,0.0,0.4746774273952523,-6.588436247286172,-6.596060904600409,0.4746774273952523
49.0,0.0,0.0,0.6610590841118781,-6.087857004227091,1.0900586327869477,132.21181682237562,1.0,0.0,1.1513216195613654,-0.03,0.0,False,0.004039356397545286,0.6610590841118781,0.20196935034983823,0.07577804101825933,7.577804101825934e-06,7.577804101825932e-06,0.13221582429299902,0.0,-0.6298768139717508,-7.1779156370140385,-7.239178623788456,0.6298768139717508
50.0,0.0,0.0,0.7233366288238104,-6.026333433732259,1.0146253730057726,144.6673257647621,1.0,0.0,1.1528611196753926,0.0,0.0,False,0.0041087821698732934,0.7233366288238104,0.20544066526841734,0.07577791610185457,7.577791610185456e-06,7.577791610185456e-06,0.1446717107669232,0.0,0.061523570494832036,-7.040958806738032,-7.179194553407652,0.061523570494832036
51.0,0.0,0.0,0.7211498604209747,-5.0963323154300255,1.0783689294195262,144.22997208419494,1.0,0.0,1.145783348722872,-0.03,0.0,False,0.0038375109741483203,0.7211498604209747,0.19187700269846866,0.07577781861352735,7.577781861352734e-06,7.577781861352734e-06,0.14423434382413214,0.0,0.9300011183022336,-6.174701244849552,-6.242115664152897,0.9300011183022336
52.0,0.0,0.0,0.6295793682299545,-5.553586601054057,1.0243559869743577,125.9158736459909,1.0,0.0,1.185438406294068,-0.13,0.0,False,0.003931155606345552,0.6295793682299545,0.19655926978776458,0.07577774253083158,7.577774253083158e-06,7.5777742530831585e-06,0.12591969026533084,0.0,-0.4572542856240318,-6.5779425880284155,-6.7390250073481255,0.4572542856240318
53.0,0.0,0.0,0.6767395805731081,-5.9086805138003236,1.1140280841488839,135.34791611462163,1.0,0.0,1.199699907385858,-0.07,0.0,False,0.003948685444649268,0.6767395805731081,0.19743576834363574,0.07577768315369257,7.5777683153692564e-06,7.5777683153692564e-06,0.1353520186241348,0.0,-0.3550939127462662,-7.022708597949207,-7.108380421186181,0.3550939127462662
54.0,0.0,0.0,0.7142249023053195,-4.976052940429539,1.1503699025324088,142.8449804610639,1.0,0.0,1.21406561346459,-0.08,0.0,False,0.003909809538307519,0.7142249023053197,0.1954919582960121,0.07577763681404524,7.5777636814045205e-06,7.577763681404523e-06,0.1428493102102742,0.0,0.9326275733707847,-6.126422842961947,-6.190118553894129,0.9326275733707847
55.0,0.0,0.0,0.6223398109244178,-5.699988776881236,1.2560418015095314,124.46796218488356,1.0,0.0,1.233839120629127,0.02,0.0,False,0.003902156130779135,0.6223398109244178,0.19510928501910146,0.07577760064923067,7.577760064923067e-06,7.577760064923067e-06,0.12447173490970755,0.0,-0.7239358364516972,-6.956030578390767,-6.933827897510363,0.7239358364516972
56.0,0.0,0.0,0.6979294114858429,-5.062164927594521,1.3322676976992995,139.58588229716858,1.0,0.0,1.247580965902939,0.03,0.0,False,0.004025583980601124,0.6979294114858428,0.20128072427496468,0.0757775724251497,7.577757242514966e-06,7.577757242514968e-06,0.13959011325682955,0.0,0.6378238492867148,-6.39443262529382,-6.30974589349746,0.6378238492867148
57.0,0.0,0.0,0.6372632912916297,-5.258912892528976,1.4165082527205524,127.45265825832595,1.0,0.0,1.2795697749598272,-0.01,0.0,False,0.003923765891903224,0.6372632912916297,0.19618978126199943,0.07577755039824796,7.577755039824795e-06,7.577755039824794e-06,0.1274565214491455,0.0,-0.19674796493445434,-6.675421145249528,-6.538482667488803,0.19674796493445434
58.0,0.0,0.0,0.6594070724996706,-5.213705595836409,1.3496513694761054,131.88141449993412,1.0,0.0,1.310709436577642,0.04,0.0,False,0.003931459040311211,0.6594070724996706,0.19657444159690043,0.07577753320780568,7.577753320780569e-06,7.57775332078057e-06,0.13188541192894918,0.0,0.045207296692566956,-6.563356965312514,-6.52441503241405,0.045207296692566956
59.0,0.0,0.0,0.6578528732701784,-4.849628542325483,1.2865651184260387,131.57057465403568,1.0,0.0,1.3354076736743936,-0.07,0.0,False,0.004086947477991286,0.6578528732701785,0.20434892239328145,0.07577751979187808,7.577751979187806e-06,7.577751979187805e-06,0.13157456266054554,0.0,0.36407705351092545,-6.1361936607515215,-6.185036215999877,0.36407705351092545
60.0,0.0,0.0,0.6227107380526251,-4.7931115808637035,1.1387445561899867,124.54214761052502,1.0,0.0,1.3650723891609993,-0.07,0.0,False,0.004152125027161,0.6227107380526251,0.20760782454651466,0.07577750932169237,7.577750932169239e-06,7.577750932169238e-06,0.12454592257941977,0.0,0.05651696146177976,-5.93185613705369,-6.1581839700247025,0.05651696146177976
61.0,0.0,0.0,0.6171501105759633,-4.729419235851365,1.0857565387001225,123.43002211519266,1.0,0.0,1.37771477554455,0.09,0.0,False,0.004284158897646794,0.6171501105759633,0.21420956809661876,0.07577750115045034,7.577750115045038e-06,7.577750115045036e-06,0.12343376337429937,0.0,0.06369234501233834,-5.815175774551488,-6.107134011395916,0.06369234501233834
62.0,0.0,0.0,0.6077567241674067,-3.0936535096209608,1.1012197111221174,121.55134483348134,1.0,0.0,1.3786233553619949,0.2,0.0,False,0.0041327809596990485,0.6077567241674067,0.2066406138438904,0.0757774947733717,7.577749477337168e-06,7.577749477337169e-06,0.12155502914812157,0.0,1.6357657262304044,-4.194873220743078,-4.472276864982955,1.6357657262304044
63.0,0.0,0.0,0.4446694344633916,-2.8586272383533062,1.1504928509301182,88.93388689267832,1.0,0.0,1.348378277232643,-0.02,0.0,False,0.0038546052893586456,0.4446694344633916,0.19273172492949708,0.075777489796511,7.577748979651099e-06,7.5777489796511e-06,0.08893658254693396,0.0,0.23502627126765452,-4.0091200892834244,-4.20700551558595,0.23502627126765452
64.0,0.0,0.0,0.41904602176572664,-2.4892966162222203,1.167750690144827,83.80920435314533,1.0,0.0,1.3532093146806188,0.11,0.0,False,0.0039050488585609918,0.41904602176572664,0.19525392250197382,0.07577748591242173,7.577748591242176e-06,7.577748591242176e-06,0.08381174467421629,0.0,0.3693306221310859,-3.6570473063670472,-3.8425059309028393,0.3693306221310859
65.0,0.0,0.0,0.38074344379114566,-3.0097240278220716,1.2703740956340652,76.14868875822913,1.0,0.0,1.3319917505740144,0.01,0.0,False,0.003913107716856131,0.38074344379114566,0.19565686847007172,0.07577748288116361,7.577748288116364e-06,7.577748288116362e-06,0.07615099688312225,0.0,-0.5204274115998513,-4.280098123456137,-4.341715778396086,0.5204274115998513
66.0,0.0,0.0,0.43345061301323073,-2.452391878267274,1.33546693298669,86.69012260264614,1.0,0.0,1.3182820805882056,-0.02,0.0,False,0.004064835900918359,0.43345061301323073,0.20324333516103432,0.07577748051548007,7.577748051548008e-06,7.5777480515480085e-06,0.08669275024636505,0.0,0.5573321495547976,-3.787858811253964,-3.77067395885548,0.5573321495547976
67.0,0.0,0.0,0.38111352364344486,-2.082951255855064,1.3590046978112196,76.22270472868897,1.0,0.0,1.3249463312871441,0.0,0.0,False,0.0041111719901743,0.38111352364344475,0.20556015717995396,0.07577747866923067,7.577747866923064e-06,7.577747866923065e-06,0.07622501509693425,0.0,0.3694406224122102,-3.4419559536662834,-3.407897587142208,0.3694406224122102
68.0,0.0,0.0,0.3472925665309927,-2.113565682270657,1.361114434132007,69.45851330619854,1.0,0.0,1.3588877572767157,-0.01,0.0,False,0.004070024005473899,0.3472925665309927,0.20350274235445195,0.07577747722836292,7.5777477228362955e-06,7.5777477228362955e-06,0.06946061864660896,0.0,-0.03061442641559342,-3.474680116402664,-3.472453439547373,0.03061442641559342
69.0,0.0,0.0,0.35115344437385376,-2.45806307393266,1.3992916668184907,70.23068887477075,1.0,0.0,1.390105994227623,-0.01,0.0,False,0.004152984706928253,0.35115344437385365,0.20765080885990947,0.07577747610386716,7.577747610386715e-06,7.5777476103867154e-06,0.07023281762037877,0.0,-0.3444973916620029,-3.857354740751151,-3.848169068160283,0.3444973916620029
70.0,0.0,0.0,0.3890984220225471,-2.5213453704894677,1.4791305070430574,77.81968440450942,1.0,0.0,1.3981018090765753,0.05,0.0,False,0.004009609126341072,0.3890984220225471,0.2004819755073347,0.07577747522627731,7.577747522627736e-06,7.577747522627733e-06,0.077822043178318,0.0,-0.06328229655680762,-4.000475877532525,-3.919447179566043,0.06328229655680762
71.0,0.0,0.0,0.3980839126537047,-2.311118543377698,1.602378496537792,79.61678253074093,1.0,0.0,1.433068570772985,0.04,0.0,False,0.0040580151677789425,0.3980839126537046,0.20290229591965248,0.07577747454138026,7.577747454138024e-06,7.577747454138025e-06,0.07961919577593853,0.0,0.21022682711176977,-3.91349703991549,-3.744187114150683,0.21022682711176977
72.0,0.0,0.0,0.3821396666867349,-2.0867444384800806,1.6564373585549688,76.42793333734697,1.0,0.0,1.4596445850153636,0.3,0.0,False,0.0039583918580585005,0.3821396666867349,0.19792109268760566,0.0757774740068663,7.577747400686627e-06,7.577747400686627e-06,0.07643024992608516,0.0,0.22437410489761733,-3.7431817970350494,-3.5463890234954443,0.22437410489761733
73.0,0.0,0.0,0.36247448939334903,-2.1892640936423198,1.7000319046322858,72.4948978786698,1.0,0.0,1.510422911382945,0.14,0.0,False,0.00393630873924658,0.36247448939334903,0.19681692837998666,0.07577747358971576,7.577747358971578e-06,7.577747358971577e-06,0.07249709525410236,0.0,-0.10251965516223915,-3.889295998274606,-3.6996870050252646,0.10251965516223915
74.0,0.0,0.0,0.37426218940913003,-1.8816319638332515,1.7018637037788606,74.852437881826,1.0,0.0,1.538137792458642,0.08,0.0,False,0.003870885714826765,0.37426218940913003,0.19354575237103214,0.07577747326415916,7.577747326415918e-06,7.5777473264159154e-06,0.07485470671607751,0.0,0.3076321298090683,-3.5834956676121124,-3.4197697562918936,0.3076321298090683
75.0,0.0,0.0,0.3480208789469148,-1.8621669604317834,1.7965455411225077,69.60417578938296,1.0,0.0,1.5534996036642408,0.28,0.0,False,0.00386560281408427,0.3480208789469148,0.19328160533227803,0.07577747301008513,7.577747301008512e-06,7.577747301008514e-06,0.06960628554481667,0.0,0.019465003401468062,-3.658712501554291,-3.415666564096024,0.019465003401468062
76.0,0.0,0.0,0.3483861571653311,-2.475439477574205,1.76304928674298,69.67723143306623,1.0,0.0,1.598708686349702,0.08,0.0,False,0.003896987705507717,0.3483861571653311,0.19485086179478533,0.07577747281179825,7.577747281179824e-06,7.577747281179825e-06,0.06967934340286644,0.0,-0.6132725171424214,-4.238488764317185,-4.0741481639239066,0.6132725171424214
77.0,0.0,0.0,0.4103829115625562,-2.333462297561873,1.6182911767158554,82.07658231251123,1.0,0.0,1.6218266103342898,0.01,0.0,False,0.003832348940994595,0.4103829115625562,0.19161889907831517,0.07577747265704927,7.577747265704929e-06,7.577747265704929e-06,0.08207907011604804,0.0,0.14197718001233195,-3.9517534742777283,-3.9552889078961626,0.14197718001233195
78.0,0.0,0.0,0.3975622209889413,-2.029479975805383,1.744956020501856,79.51244419778826,1.0,0.0,1.628545126950654,-0.01,0.0,False,0.004050089113788804,0.3975622209889413,0.2025059902170231,0.07577747253627864,7.577747253627861e-06,7.577747253627862e-06,0.0795148542803479,0.0,0.30398232175648987,-3.774435996307239,-3.658025102756037,0.30398232175648987
79.0,0.0,0.0,0.3734464107304044,-1.9962370745670441,1.856095765649278,74.68928214608088,1.0,0.0,1.6423105436289547,0.37,0.0,False,0.003915444328765063,0.3734464107304044,0.19577369995062674,0.07577747244202561,7.577747244202561e-06,7.577747244202561e-06,0.07469154603493348,0.0,0.03324290123833884,-3.852332840216322,-3.638547618195999,0.03324290123833884
80.0,0.0,0.0,0.3712172403410593,-2.6082179365335563,1.595687744950657,74.24344806821186,1.0,0.0,1.7051256256241476,-0.09,0.0,False,0.00391869883731746,0.3712172403410594,0.19593642661133734,0.07577747236846775,7.577747236846778e-06,7.577747236846776e-06,0.07424569844349285,0.0,-0.6119808619665121,-4.203905681484214,-4.313343562157704,0.6119808619665121
81.0,0.0,0.0,0.435072280814941,-1.662256471579975,1.804793211893492,87.0144561629882,1.0,0.0,1.71607597836441,0.07,0.0,False,0.0038199345440344834,0.435072280814941,0.19099817452664494,0.07577747231106102,7.577747231106104e-06,7.577747231106103e-06,0.08701709363721907,0.0,0.9459614649535812,-3.467049683473467,-3.378332449944385,0.9459614649535812
82.0,0.0,0.0,0.34421818587340186,-0.6802603570455137,1.8299448027404737,68.84363717468037,1.0,0.0,1.742669715004415,0.05,0.0,False,0.004009749553554867,0.34421818587340186,0.2004889969211712,0.07577747226625915,7.577747226625914e-06,7.5777472266259145e-06,0.06884572387759054,0.0,0.9819961145344613,-2.510205159785987,-2.4229300720499287,0.9819961145344613
83.0,0.0,0.0,0.24835481090501024,-0.4161227854265668,1.7701672804897577,49.67096218100205,1.0,0.0,1.7800558070742105,-0.09,0.0,False,0.0040335832047996775,0.2483548109050102,0.2016806885136803,0.07577747223129438,7.57774722312944e-06,7.577747223129441e-06,0.049672467745576175,0.0,0.2641375716189469,-2.1862900659163245,-2.196178592500777,0.2641375716189469
84.0,0.0,0.0,0.22118935060141964,0.5116917973941881,1.7896205932536897,44.23787012028393,1.0,0.0,1.803381850503521,-0.03,0.0,False,0.004182900857992157,0.22118935060141964,0.20914662774787535,0.07577747220400688,7.5777472204006916e-06,7.577747220400691e-06,0.0442392110037124,0.0,0.9278145828207549,-1.2779287958595016,-1.291690053109333,0.9278145828207549
85.0,0.0,0.0,0.13046197418575312,0.1322395882390105,1.826403410629449,26.092394837150625,1.0,0.0,1.795854526436964,0.04,0.0,False,0.004111789277792386,0.13046197418575312,0.20559102179460742,0.07577747218271093,7.577747218271092e-06,7.577747218271093e-06,0.02609318571744711,0.0,-0.37945220915517763,-1.6941638223904385,-1.6636149381979535,0.37945220915517763
86.0,0.0,0.0,0.17018215825529762,-0.12998621262120555,1.8601730837780053,34.03643165105952,1.0,0.0,1.816360969644818,0.11,0.0,False,0.0041666552891993945,0.17018215825529764,0.2083343431529958,0.07577747216609089,7.577747216609089e-06,7.577747216609091e-06,0.034037463321142616,0.0,-0.2622258008602161,-1.9901592963992107,-1.9463471822660234,0.2622258008602161
87.0,0.0,0.0,0.20155726152063733,0.44047237240977416,1.9407777365824055,40.311452304127464,1.0,0.0,1.8341256506607884,0.2,0.0,False,0.003987494684613369,0.20155726152063735,0.1993762450420054,0.07577747215312015,7.577747215312016e-06,7.577747215312016e-06,0.04031267417485019,0.0,0.5704585850309797,-1.5003053641726314,-1.3936532782510143,0.5704585850309797
88.0,0.0,0.0,0.14845763670016188,0.44893973409420695,1.8521664967635905,29.691527340032373,1.0,0.0,1.885662770084027,0.05,0.0,False,0.003949609598292948,0.14845763670016188,0.19748197637180395,0.07577747214299738,7.5777472142997385e-06,7.577747214299739e-06,0.029692427312766986,0.0,0.008467361684432795,-1.4032267626693835,-1.43672303598982,0.008467361684432795
89.0,0.0,0.0,0.1491702401592183,1.6849177464730118,1.8110030948394094,29.834048031843658,1.0,0.0,1.9251049881335411,-0.16,0.0,False,0.004189655503717757,0.1491702401592183,0.20948436259340375,0.07577747213509727,7.57774721350973e-06,7.577747213509728e-06,0.029834952324488503,0.0,1.235978012378805,-0.1260853483663975,-0.2401872416605293,1.235978012378805
90.0,0.0,0.0,0.026870055189966106,1.811161358361837,1.8430017861209278,5.374011037993221,1.0,0.0,1.940698654404974,-0.1,0.0,False,0.004257432894297964,0.026870055189966113,0.2128732578024106,0.07577747212893182,7.5777472128931844e-06,7.577747212893183e-06,0.005374173928347536,0.0,0.12624361188882505,-0.031840427759090906,-0.12953729604313713,0.12624361188882505
91.0,0.0,0.0,0.016159840975770976,1.919121913603706,1.9852166711652146,3.231968195154195,1.0,0.0,1.953628479096964,0.02,0.0,False,0.004175724469764539,0.016159840975770976,0.20878780561745,0.07577747212412012,7.57774721241201e-06,7.577747212412012e-06,0.003232066158563777,0.0,0.1079605552418692,-0.06609475756150851,-0.034506565493257924,0.1079605552418692
92.0,0.0,0.0,0.0033938386360040916,2.1968227256025648,1.7537706216005877,0.6787677272008183,1.0,0.0,1.972765890879042,0.13,0.0,False,0.004156025177546507,0.004422478999259839,0.20780283354273543,0.0757774721203649,7.577747212036492e-06,7.577747212036491e-06,0.000678788301165923,0.0,0.27770081199885865,0.44305210400197703,0.22405683472352278,0.27770081199885865
93.0,0.0,0.0,-0.026667586764549646,1.2467791533908852,1.6123577279943357,-5.333517352909929,1.0,0.0,1.9530615858463103,0.14,0.0,False,0.004114106808003588,0.026667586764549646,0.20570689918324905,0.07577747211743423,7.57774721174342e-06,7.577747211743423e-06,-0.005333679015869884,0.0,-0.9500435722116796,-0.36557857460345056,-0.7062824324554251,0.9500435722116796
94.0,0.0,0.0,0.06858169480537729,0.890513873100373,1.598153581253605,13.716338961075458,1.0,0.0,1.930136753945506,0.01,0.0,False,0.0038941890944441037,0.06858169480537729,0.19471093018123276,0.07577747211514707,7.577747211514706e-06,7.577747211514704e-06,0.013716754713722244,0.0,-0.3562652802905122,-0.707639708153232,-1.039622880845133,0.3562652802905122
95.0,0.0,0.0,0.1056768778541837,1.2823712893539245,1.71132702302268,21.13537557083674,1.0,0.0,1.9326220861819865,-0.07,0.0,False,0.003942598625604847,0.1056768778541837,0.19713142508102935,0.07577747211336205,7.577747211336206e-06,7.577747211336206e-06,0.021136016200115376,0.0,0.3918574162535515,-0.4289557336687555,-0.650250796828062,0.3918574162535515
96.0,0.0,0.0,0.06577787221945618,1.432994972116068,1.673561900609731,13.155574443891235,1.0,0.0,1.9473226912755326,0.0,0.0,False,0.004242144470247997,0.06577787221945618,0.21210883080732126,0.07577747211196902,7.5777472111969e-06,7.5777472111969e-06,0.013155973199339786,0.0,0.15062368276214344,-0.24056692849366312,-0.5143277191594646,0.15062368276214344
97.0,0.0,0.0,0.050203945150303596,0.26511838244922625,1.5949958642500361,10.040789030060719,1.0,0.0,1.9401749339528749,0.09,0.0,False,0.00422030326060169,0.050203945150303596,0.21101676204964764,0.07577747211088182,7.577747211088183e-06,7.5777472110881835e-06,0.010041093373998753,0.0,-1.1678765896668417,-1.32987748180081,-1.6750565515036486,1.1678765896668417
98.0,0.0,0.0,0.16358105367638548,0.39425158065090005,1.5770111559046878,32.716210735277095,1.0,0.0,1.9350534452593713,0.19,0.0,False,0.003952921134213735,0.1635810536763855,0.19764755442254167,0.07577747211003336,7.5777472110033345e-06,7.5777472110033345e-06,0.032717202388461215,0.0,0.1291331982016738,-1.1827595752537876,-1.5408018646084711,0.1291331982016738
99.0,0.0,0.0,0.15070285386297966,1.2760617653884325,1.687562873975737,30.140570772595932,1.0,0.0,1.9009908980067447,0.06,0.0,False,0.0040221674386497685,0.15070285386297966,0.20110989588089295,0.07577747210937115,7.577747210937115e-06,7.577747210937117e-06,0.030141484356177438,0.0,0.8818101847375325,-0.4115011085873044,-0.6249291326183122,0.8818101847375325
100.0,0.0,0.0,0.06302291421125589,0.555876044133508,1.6519387045312748,12.604582842251178,1.0,0.0,1.9013372186872224,0.05,0.0,False,0.004058200770979429,0.06302291421125589,0.20291157614995012,0.0757774721088544,7.577747210885437e-06,7.5777472108854385e-06,0.012604964896725968,0.0,-0.7201857212549245,-1.0960626603977668,-1.3454611745537144,0.7201857212549245
101.0,0.0,0.0,0.13104405087833138,0.8687251666980824,1.6256605958158656,26.208810175666276,1.0,0.0,1.9063147860866103,0.25,0.0,False,0.0041274474862062266,0.13104405087833138,0.20637393814799518,0.0757774721084511,7.577747210845108e-06,7.577747210845109e-06,0.02620960458459927,0.0,0.3128491225645744,-0.7569354291177832,-1.037589619388528,0.3128491225645744
102.0,0.0,0.0,0.0966231074807367,1.0068726293044394,1.6550839691244688,19.32462149614734,1.0,0.0,1.8663662038513735,0.19,0.0,False,0.004223495960861868,0.0966231074807367,0.21117639827233026,0.07577747210813633,7.577747210813634e-06,7.577747210813632e-06,0.019325207240095284,0.0,0.13814746260635702,-0.6482113398200293,-0.8594935745469341,0.13814746260635702
103.0,0.0,0.0,0.08546264205111914,1.5762800842787128,1.773400201842683,17.092528410223828,1.0,0.0,1.8349928507796096,-0.1,0.0,False,0.004358746122551486,0.08546264205111914,0.21793895760138793,0.07577747210789067,7.577747210789067e-06,7.577747210789068e-06,0.017093046497735832,0.0,0.5694074549742734,-0.1971201175639703,-0.2587127665008968,0.5694074549742734
104.0,0.0,0.0,0.029771862375960564,1.8100345734197887,1.8413473763605444,5.9543724751921125,1.0,0.0,1.8615314305305022,-0.01,0.0,False,0.004163586935044854,0.029771862375960564,0.20818092428270693,0.07577747210769896,7.577747210769899e-06,7.577747210769897e-06,0.005954552956742132,0.0,0.23375448914107588,-0.03131280294075567,-0.0514968571107135,0.23375448914107588
105.0,0.0,0.0,0.00801108833803406,1.8471089836754997,1.8979567042327035,1.602217667606812,1.0,0.0,1.8740099882206724,0.04,0.0,False,0.0039987057538619745,0.00807752088132726,0.1999368027521674,0.07577747210754936,7.577747210754937e-06,7.577747210754936e-06,0.00160226623204065,0.0,0.03707441025571101,-0.05084772055720377,-0.026901004545172746,0.03707441025571101
106.0,0.0,0.0,0.0038141069708492992,2.5798281020792584,1.8402073073322143,0.7628213941698598,1.0,0.0,1.8901484921002447,-0.06,0.0,False,0.004137295216937347,0.004600779728620395,0.20686632841573185,0.07577747210743258,7.577747210743258e-06,7.577747210743259e-06,0.0007628445158654175,0.0,0.7327191184037587,0.7396207947470441,0.6896796099790137,0.7327191184037587
107.0,0.0,0.0,-0.07047351207682687,2.967413050138242,1.8296758190367763,-14.094702415365372,1.0,0.0,1.8852514985009157,-0.13,0.0,False,0.004203792126347462,0.07047351207682687,0.21019119908107609,0.07577747210734144,7.577747210734148e-06,7.577747210734146e-06,-0.014095129636495658,0.0,0.3875849480589837,1.1377372311014657,1.0821615516373264,0.3875849480589837
108.0,0.0,0.0,-0.1070826293798769,2.5699170008077634,1.9867051422717612,-21.41652587597538,1.0,0.0,1.875066279788011,0.11,0.0,False,0.004115731486202942,0.1070826293798769,0.20578813370878657,0.07577747210727036,7.577747210727035e-06,7.577747210727035e-06,-0.021417175027133157,0.0,-0.39749604933047866,0.5832118585360022,0.6948507210197523,0.39749604933047866
109.0,0.0,0.0,-0.06543111642811186,2.452667664244757,1.989642548106394,-13.086223285622372,1.0,0.0,1.8965461840846678,0.15,0.0,False,0.00392559850452364,0.06543111642811186,0.19628141258583792,0.07577747210721485,7.577747210721488e-06,7.577747210721485e-06,-0.01308661993898464,0.0,-0.11724933656300651,0.46302511613836295,0.5561214801600891,0.11724933656300651
110.0,0.0,0.0,-0.05496444161801348,2.568512214227059,2.007423247196406,-10.992888323602697,1.0,0.0,1.9155810455036442,0.04,0.0,False,0.0038459064102683137,0.054964441618013476,0.19229677767874434,0.07577747210717153,7.5777472107171526e-06,7.5777472107171526e-06,-0.010993221526393086,0.0,0.11584454998230198,0.5610889670306527,0.6529311687234147,0.11584454998230198
111.0,0.0,0.0,-0.06228848568545848,2.2502302060505177,1.9420251022101742,-12.457697137091696,1.0,0.0,1.9030024227324147,0.02,0.0,False,0.0036279785158520295,0.06228848568545847,0.18140030038780544,0.0757774721071377,7.5777472107137695e-06,7.577747210713772e-06,-0.01245807473934924,0.0,-0.3182820081765412,0.3082051038403435,0.347227783318103,0.3182820081765412
112.0,0.0,0.0,-0.028381070734583434,1.6739833967808195,2.007127411371883,-5.676214146916687,1.0,0.0,1.9456037570525415,0.05,0.0,False,0.0035575902117279718,0.028381070734583434,0.17788085851236377,0.07577747210711135,7.577747210711135e-06,7.5777472107111335e-06,-0.005676386197276604,0.0,-0.5762468092696982,-0.33314401459106335,-0.271620360271722,0.5762468092696982
113.0,0.0,0.0,0.027995751736865603,2.173156052710363,1.7318540760064347,5.59915034737312,1.0,0.0,1.9664087454757038,0.13,0.0,False,0.0036939118352726638,0.027995751736865603,0.1846969913401385,0.07577747210709075,7.577747210709075e-06,7.577747210709075e-06,0.00559932006187077,0.0,0.4991726559295433,0.4413019767039281,0.20674730723465906,0.4991726559295433
114.0,0.0,0.0,-0.021330577146513745,2.0795897652930004,1.641566544079058,-4.266115429302749,1.0,0.0,1.953951521385957,-0.09,0.0,False,0.003783993377386613,0.021330577146513745,0.1892011025765937,0.07577747210707467,7.577747210707468e-06,7.5777472107074684e-06,-0.0042662447385000525,0.0,-0.09356628741736239,0.4380232212139423,0.12563824390704337,0.09356628741736239
115.0,0.0,0.0,-0.012832591748961184,1.1179661476615173,1.7051678482965138,-2.566518349792237,1.0,0.0,1.9598421993591517,0.17,0.0,False,0.0037757263042501577,0.012832591748961184,0.1887877457874814,0.07577747210706212,7.5777472107062165e-06,7.577747210706214e-06,-0.002566596142911803,0.0,-0.9616236176314832,-0.5872017006349965,-0.8418760516976345,0.9616236176314832
116.0,0.0,0.0,0.08280269342217453,1.7883285233701833,1.6788839739249881,16.560538684434906,1.0,0.0,1.951258985696572,0.09,0.0,False,0.0037921365332425176,0.08280269342217453,0.18960826345472775,0.07577747210705234,7.577747210705233e-06,7.577747210705234e-06,0.016561040646934443,0.0,0.6703623757086661,0.10944454944519522,-0.16293046232638875,0.6703623757086661
117.0,0.0,0.0,0.017078053658863817,1.5169184271637657,1.7356940094107152,3.4156107317727633,1.0,0.0,1.9460244547772176,-0.04,0.0,False,0.0036640142725723112,0.017078053658863817,0.18320210187731226,0.07577747210704468,7.57774721070447e-06,7.577747210704469e-06,0.00341571426152702,0.0,-0.27141009620641765,-0.21877558224694948,-0.42910602761345196,0.27141009620641765
118.0,0.0,0.0,0.04434338238271451,1.2596995055670566,1.7189152124684013,8.868676476542902,1.0,0.0,1.9591155306174952,-0.02,0.0,False,0.003756892454235703,0.04434338238271451,0.18784604615085093,0.07577747210703875,7.577747210703874e-06,7.5777472107038745e-06,0.008868945292859602,0.0,-0.2572189215967091,-0.4592157069013447,-0.6994160250504387,0.2572189215967091
119.0,0.0,0.0,0.07117187743293414,1.7580010319229893,1.8319657263558722,14.234375486586828,1.0,0.0,1.9603690521380184,-0.05,0.0,False,0.0035982838800414536,0.07117187743293414,0.17991555734635445,0.0757774721070341,7.577747210703411e-06,7.5777472107034094e-06,0.014234806941313918,0.0,0.4983015263559327,-0.0739646944328829,-0.2023680202150291,0.4983015263559327
120.0,0.0,0.0,0.021424875073974267,1.5800328240347363,1.7815368319428189,4.2849750147948535,1.0,0.0,1.971445246021182,-0.11,0.0,False,0.003647501227335439,0.021424875073974267,0.18237644335888453,0.07577747210703047,7.577747210703047e-06,7.577747210703047e-06,0.00428510489564051,0.0,-0.17796820788825296,-0.20150400790808254,-0.39141242198644566,0.17796820788825296
121.0,0.0,0.0,0.04068218354760994,0.6788571668959248,1.8265071547379945,8.136436709521988,1.0,0.0,1.9722579002770981,-0.14,0.0,False,0.0037577471905467907,0.04068218354760994,0.1878887832902541,0.07577747210702765,7.577747210702763e-06,7.577747210702764e-06,0.008136683331095467,0.0,-0.9011756571388115,-1.1476499878420698,-1.2934007333811732,0.9011756571388115
122.0,0.0,0.0,0.13186164787184204,0.5465303914948372,1.9345356634563027,26.372329574368408,1.0,0.0,1.9868700734759803,-0.02,0.0,False,0.0038482924521139245,0.13186164787184204,0.19241608067506602,0.07577747210702544,7.577747210702544e-06,7.577747210702543e-06,0.02637312893969848,0.0,-0.13232677540108762,-1.3880052719614655,-1.4403396819811431,0.13232677540108762
123.0,0.0,0.0,0.14521063842506313,0.48280874530689966,1.8362913155422693,29.042127685012623,1.0,0.0,1.9975236063260617,0.0,0.0,False,0.003876777332605866,0.14521063842506313,0.1938403354922243,0.0757774721070237,7.577747210702369e-06,7.577747210702371e-06,0.02904300797395022,0.0,-0.06372164618793752,-1.3534825702353697,-1.514714861019162,0.06372164618793752
124.0,0.0,0.0,0.1508225549086995,0.5646888451358522,1.7926218196314339,30.1645109817399,1.0,0.0,1.9986917942209814,0.06,0.0,False,0.003873511529500321,0.1508225549086995,0.1936770440995754,0.07577747210702236,7.577747210702234e-06,7.577747210702236e-06,0.030165425290967284,0.0,0.0818800998289525,-1.2279329744955816,-1.4340029490851292,0.0818800998289525
125.0,0.0,0.0,0.14334722210907885,0.44438251789638505,1.8334888862321723,28.669444421815772,1.0,0.0,1.9910914391536318,-0.15,0.0,False,0.004125771043091838,0.14334722210907885,0.20629011535709257,0.07577747210702132,7.577747210702129e-06,7.577747210702131e-06,0.028670313414440738,0.0,-0.1203063272394671,-1.3891063683357872,-1.5467089212572467,0.1203063272394671
126.0,0.0,0.0,0.15272162886076385,0.8658325197919239,1.7673623367711964,30.544325772152767,1.0,0.0,1.9982153786772645,0.15,0.0,False,0.004221874980633541,0.15272162886076385,0.2110953486467449,0.07577747210702046,7.577747210702047e-06,7.577747210702049e-06,0.03054525159385479,0.0,0.42145000189553883,-0.9015298169792725,-1.1323828588853406,0.42145000189553883
127.0,0.0,0.0,0.11067355308888564,0.9758403870325102,1.8350689495068986,22.134710617777127,1.0,0.0,1.9716566707988776,-0.16,0.0,False,0.00418298321383489,0.11067355308888566,0.20915074557121358,0.07577747210701986,7.577747210701988e-06,7.577747210701986e-06,0.02213538153765962,0.0,0.11000786724058631,-0.8592285624743884,-0.9958162837663674,0.11000786724058631
128.0,0.0,0.0,0.09943324953463815,0.6230621324569634,1.9061086713442983,19.88664990692763,1.0,0.0,1.97260998349119,0.05,0.0,False,0.004122369001574412,0.09943324953463817,0.20612001199223082,0.07577747210701936,7.577747210701936e-06,7.5777472107019365e-06,0.01988725268638335,0.0,-0.3527782545755468,-1.2830465388873349,-1.3495478510342267,0.3527782545755468
129.0,0.0,0.0,0.13879705461038808,0.33749971396001954,1.9528424376129283,27.759410922077613,1.0,0.0,1.9702105563803562,-0.05,0.0,False,0.003975000445449866,0.13879705461038808,0.1987515283499202,0.07577747210701898,7.577747210701896e-06,7.577747210701897e-06,0.027760252330896348,0.0,-0.28556241849694386,-1.6153427236529088,-1.6327108424203367,0.28556241849694386
130.0,0.0,0.0,0.16948021303949187,0.05167421622545498,1.9795745215888032,33.89604260789837,1.0,0.0,2.011085267010514,0.02,0.0,False,0.004028350700410686,0.16948021303949187,0.20141906131169846,0.07577747210701867,7.577747210701865e-06,7.577747210701866e-06,0.033897070022682156,0.0,-0.28582549773456456,-1.927900305363348,-1.959411050785059,0.28582549773456456
131.0,0.0,0.0,0.1987551075058282,-0.12738847138933163,1.9697332622353059,39.75102150116564,1.0,0.0,2.032366058265518,0.05,0.0,False,0.0039040267867846276,0.1987551075058282,0.19520281852563612,0.07577747210701846,7.577747210701843e-06,7.577747210701844e-06,0.03975222638480451,0.0,-0.1790626876147866,-2.0971217336246375,-2.1597545296548493,0.1790626876147866
132.0,0.0,0.0,0.2168971763786108,-1.320179697646626,2.060980048915593,43.37943527572216,1.0,0.0,2.0393005970818106,-0.14,0.0,False,0.003975875416503005,0.2168971763786108,0.1987952772340926,0.07577747210701824,7.5777472107018255e-06,7.5777472107018255e-06,0.043380750139337065,0.0,-1.1927912262572944,-3.3811597465622194,-3.359480294728437,1.1927912262572944
133.0,0.0,0.0,0.3370308523204308,-1.33723769016196,1.968335042063757,67.40617046408616,1.0,0.0,2.0416654719954397,-0.05,0.0,False,0.003964300092356368,0.3370308523204308,0.19821650664101673,0.07577747210701812,7.577747210701811e-06,7.57774721070181e-06,0.06740821359628463,0.0,-0.01705799251533402,-3.305572732225717,-3.3789031621573997,0.01705799251533402
134.0,0.0,0.0,0.3428420039413773,-0.9218992535088327,2.1987080334502522,68.56840078827547,1.0,0.0,2.0502565222877327,0.13,0.0,False,0.004011408551641234,0.34284200394137726,0.20057194745405985,0.07577747210701802,7.577747210701799e-06,7.577747210701799e-06,0.06857047914855738,0.0,0.4153384366531273,-3.120607286959085,-2.9721557757965655,0.4153384366531273
135.0,0.0,0.0,0.30359045591175093,-1.0423161792198263,2.296356634927148,60.718091182350186,1.0,0.0,2.0913122477537645,0.03,0.0,False,0.004256870127425759,0.303590455911751,0.2128451192455746,0.0757774721070179,7.577747210701789e-06,7.577747210701791e-06,0.06071993159378834,0.0,-0.1204169257109936,-3.3386728141469746,-3.1336284269735906,0.1204169257109936
136.0,0.0,0.0,0.31830745332368987,-0.38629165265445276,2.224649482450556,63.661490664737975,1.0,0.0,2.114120332195198,0.11,0.0,False,0.00397226828141148,0.31830745332368987,0.19861491911281845,0.07577747210701782,7.577747210701785e-06,7.577747210701784e-06,0.06366342029284894,0.0,0.6560245265653736,-2.6109411351050085,-2.5004119848496504,0.6560245265653736
137.0,0.0,0.0,0.2561009091712125,0.5623028803845068,2.2934246619083556,51.220181834242496,1.0,0.0,2.140878956687898,0.13,0.0,False,0.004001023043776755,0.2561009091712125,0.2000526681258982,0.07577747210701778,7.577747210701776e-06,7.577747210701779e-06,0.05122173435683793,0.0,0.9485945330389596,-1.7311217815238487,-1.5785760763033911,0.9485945330389596
138.0,0.0,0.0,0.1675916414611438,0.4831083095869711,2.6299854853814786,33.51832829222876,1.0,0.0,2.1748144724551763,0.47,0.0,False,0.0039384672358765555,0.1675916414611438,0.19692485402928325,0.07577747210701771,7.577747210701773e-06,7.577747210701773e-06,0.03351934425820489,0.0,-0.07919457079753572,-2.1468771757945073,-1.6917061628682053,0.07919457079753572
139.0,0.0,0.0,0.18044195700582907,-0.2286594089899855,2.6167684149317587,36.088391401165815,1.0,0.0,2.2382827933506237,0.37,0.0,False,0.003830420194270592,0.1804419570058291,0.19152246101132675,0.07577747210701768,7.577747210701771e-06,7.577747210701769e-06,0.036089485267705855,0.0,-0.7117677185769566,-2.845427823921744,-2.466942202340609,0.7117677185769566
140.0,0.0,0.0,0.2611883992917638,-0.4138147268539831,2.7661565578096585,52.237679858352756,1.0,0.0,2.28759624682208,0.71,0.0,False,0.003911004133957165,0.2611883992917638,0.19555168852789157,0.07577747210701767,7.577747210701768e-06,7.577747210701767e-06,0.05223926322208574,0.0,-0.18515531786399758,-3.1799712846636417,-2.701410973676063,0.18515531786399758
141.0,0.0,0.0,0.2872658093260307,-0.7693190168531945,2.927490436700336,57.453161865206134,1.0,0.0,2.3833235449108603,0.48,0.0,False,0.003872837163818954,0.2872658093260307,0.19364332555999836,0.07577747210701766,7.577747210701764e-06,7.5777472107017645e-06,0.057454903314158104,0.0,-0.3555042899992114,-3.6968094535535307,-3.152642561764055,0.3555042899992114
142.0,0.0,0.0,0.3294211499926824,-1.117508369977628,2.9068229637513454,65.88422999853648,1.0,0.0,2.4589522077905883,0.52,0.0,False,0.003936464745903628,0.3294211499926824,0.19682472877191876,0.07577747210701764,7.577747210701764e-06,7.577747210701764e-06,0.06588622699956406,0.0,-0.34818935312443355,-4.0243313337289734,-3.5764605777682164,0.34818935312443355
143.0,0.0,0.0,0.36830540590361116,-1.2351302831884692,2.737093900959758,73.66108118072223,1.0,0.0,2.5250172965836515,0.17,0.0,False,0.003921784753212311,0.3683054059036111,0.19609072357528928,0.07577747210701764,7.577747210701764e-06,7.577747210701764e-06,0.07366331390401297,0.0,-0.11762191321084114,-3.972224184148227,-3.760147579772121,0.11762191321084114
144.0,0.0,0.0,0.38486810626833146,-2.178480419858197,2.9155577122277614,76.9736212536663,1.0,0.0,2.5656852353215935,0.37,0.0,False,0.0038820796591236923,0.38486810626833146,0.1941054538271,0.07577747210701764,7.577747210701764e-06,7.577747210701764e-06,0.07697595438256137,0.0,-0.9433501366697279,-5.0940381320859585,-4.74416565517979,0.9433501366697279
145.0,0.0,0.0,0.4857858698031358,-1.781627438354593,2.965750570411639,97.15717396062716,1.0,0.0,2.61369660115578,0.46,0.0,False,0.0037717687961848793,0.4857858698031359,0.18858986888476761,0.07577747210701764,7.577747210701764e-06,7.577747210701764e-06,0.09716011886832723,0.0,0.39685298150360415,-4.747378008766232,-4.395324039510372,0.39685298150360415
146.0,0.0,0.0,0.4513251156947009,-1.4832820349436935,3.0417557427556488,90.26502313894018,1.0,0.0,2.679562336299151,0.32,0.0,False,0.003897730430262412,0.45132511569470085,0.19488799831391537,0.07577747210701764,7.577747210701764e-06,7.577747210701764e-06,0.09026775914031662,0.0,0.29834540341089943,-4.5250377776993425,-4.162844371242844,0.29834540341089943
147.0,0.0,0.0,0.4268087167295553,-2.092906894534236,2.992456140841611,85.36174334591105,1.0,0.0,2.73179471997424,0.33,0.0,False,0.004017533468287566,0.42680871672955517,0.20087819560702996,0.07577747210701764,7.577747210701764e-06,7.577747210701764e-06,0.08536433072515463,0.0,-0.6096248595905427,-5.085363035375847,-4.824701614508476,0.6096248595905427
148.0,0.0,0.0,0.4935804985640803,-1.805135947991717,2.944963734503293,98.71609971281606,1.0,0.0,2.78496684477999,0.23,0.0,False,0.0039050727035893594,0.4935804985640803,0.1952551147621573,0.07577747210701764,7.577747210701764e-06,7.577747210701764e-06,0.09871909187273914,0.0,0.2877709465425191,-4.75009968249501,-4.590102792771707,0.2877709465425191
149.0,0.0,0.0,0.4673843892696602,-1.9579694459412071,2.862476213651833,93.47687785393204,1.0,0.0,2.8430851025188746,0.02,0.0,False,0.0039446990498948585,0.4673843892696602,0.19723644709135393,0.07577747210701764,7.577747210701764e-06,7.577747210701764e-06,0.09347971120906319,0.0,-0.15283349794949008,-4.82044565959304,-4.8010545484600815,0.15283349794949008
150.0,0.0,0.0,0.4833142581149547,-1.6709489909928636,2.852386892109953,96.66285162299094,1.0,0.0,2.8688850307424856,0.0,0.0,False,0.003844203310220798,0.4833142581149547,0.1922116220310854,0.07577747210701764,7.577747210701764e-06,7.577747210701764e-06,0.09666578154740568,0.0,0.2870204549483435,-4.523335883102817,-4.5398340217353494,0.2870204549483435
151.0,0.0,0.0,0.45963752239642275,-1.9507524327126469,2.969628366117501,91.92750447928455,1.0,0.0,2.8753562568719007,0.13,0.0,False,0.0037969614715396265,0.45963752239642275,0.1898495121976913,0.07577747210701764,7.577747210701764e-06,7.577747210701764e-06,0.0919302908717325,0.0,-0.2798034417197832,-4.920380798830148,-4.826108689584547,0.2798034417197832
152.0,0.0,0.0,0.49193486190513946,-1.4008149467613429,3.010601800644637,98.38697238102789,1.0,0.0,2.925600383819023,0.01,0.0,False,0.003850127180161599,0.4919348619051395,0.19250781777260492,0.07577747210701764,7.577747210701764e-06,7.577747210701764e-06,0.09838995456485168,0.0,0.549937485951304,-4.41141674740598,-4.326415330580366,0.549937485951304
153.0,0.0,0.0,0.4411867988133026,-1.1041136100828133,3.2933931856099035,88.23735976266052,1.0,0.0,2.968782574240125,0.37,0.0,False,0.003784031314884227,0.4411867988133025,0.18920299946584848,0.07577747210701764,7.577747210701764e-06,7.577747210701764e-06,0.08824003430402072,0.0,0.2967013366785296,-4.397506795692717,-4.072896184322938,0.2967013366785296
154.0,0.0,0.0,0.41656011994969083,-2.412844831767411,3.3903168480476933,83.31202398993817,1.0,0.0,3.011220201473384,0.32,0.0,False,0.0037589753107114083,0.4165601199496909,0.1879501897638042,0.07577747210701764,7.577747210701764e-06,7.577747210701764e-06,0.08331454924063202,0.0,-1.3087312216845979,-5.803161679815105,-5.424065033240796,1.3087312216845979
155.0,0.0,0.0,0.5529510079071164,-2.572207407366709,3.5162103243404803,110.59020158142327,1.0,0.0,3.0616454187784425,0.41,0.0,False,0.0038206355348389147,0.5529510079071164,0.1910332243324591,0.07577747210701764,7.577747210701764e-06,7.577747210701764e-06,0.11059355365438828,0.0,-0.15936257559929778,-6.088417731707189,-5.6338528261451515,0.15936257559929778
156.0,0.0,0.0,0.5745473363831497,-2.699790635675966,3.584421922250687,114.90946727662994,1.0,0.0,3.1168747534516386,0.43,0.0,False,0.00379048532634762,0.5745473363831498,0.18952570248436149,0.07577747210701764,7.577747210701764e-06,7.577747210701764e-06,0.11491295026981714,0.0,-0.12758322830925728,-6.284212557926653,-5.816665389127605,0.12758322830925728
157.0,0.0,0.0,0.596239880245139,-2.6690598708503224,3.645163284951444,119.24797604902778,1.0,0.0,3.173483645188567,0.66,0.0,False,0.00393260519390185,0.596239880245139,0.19663174970949454,0.07577747210701764,7.577747210701764e-06,7.577747210701764e-06,0.1192515905457095,0.0,0.030730764825643853,-6.314223155801766,-5.842543516038889,0.030730764825643853
158.0,0.0,0.0,0.6002485136535055,-2.9817471462649223,3.737514905581902,120.0497027307011,1.0,0.0,3.262834074529889,0.55,0.0,False,0.003861648204219244,0.6002485136535055,0.1930838733406577,0.07577747210701764,7.577747210701764e-06,7.577747210701764e-06,0.12005334152832715,0.0,-0.31268727541459995,-6.719262051846824,-6.244581220794812,0.31268727541459995
159.0,0.0,0.0,0.6360686524496704,-2.644503973719426,3.6219865222758436,127.21373048993408,1.0,0.0,3.3336526922597294,0.22,0.0,False,0.0038484433131885537,0.6360686524496704,0.19242362378595682,0.07577747210701764,7.577747210701764e-06,7.577747210701764e-06,0.12721758643468012,0.0,0.3372431725454965,-6.266490495995269,-5.978156665979155,0.3372431725454965
160.0,0.0,0.0,0.6056841272567765,-2.8069817503912167,3.497676321516452,121.13682545135529,1.0,0.0,3.379180376604621,0.11,0.0,False,0.003959748213893923,0.6056841272567765,0.19798891099324537,0.07577747210701764,7.577747210701764e-06,7.577747210701764e-06,0.1211404972004963,0.0,-0.16247777667179086,-6.304658071907669,-6.186162126995837,0.16247777667179086
161.0,0.0,0.0,0.6245941598585133,-2.5353637745317013,3.297513706932071,124.91883197170266,1.0,0.0,3.4125667849086274,-0.03,0.0,False,0.0038384771655580754,0.6245941598585133,0.19192531262838552,0.07577747210701764,7.577747210701764e-06,7.577747210701764e-06,0.12492261835633243,0.0,0.2716179758595154,-5.832877481463772,-5.947930559440328,0.2716179758595154
162.0,0.0,0.0,0.5986446135501188,-1.9126238520863499,3.3881067447846935,119.72892271002375,1.0,0.0,3.439196499026545,-0.11,0.0,False,0.004039450380030926,0.5986446135501187,0.20197404949823874,0.07577747210701764,7.577747210701764e-06,7.577747210701764e-06,0.11973255178456385,0.0,0.6227399224453514,-5.300730596871043,-5.351820351112895,0.6227399224453514
163.0,0.0,0.0,0.537374918695089,-2.2215047257446647,3.348081917847646,107.4749837390178,1.0,0.0,3.4513091798470072,-0.09,0.0,False,0.004044875312756926,0.537374918695089,0.202245298189977,0.07577747210701764,7.577747210701764e-06,7.577747210701764e-06,0.10747824138736506,0.0,-0.30888087365831485,-5.569586643592311,-5.672813905591672,0.30888087365831485
164.0,0.0,0.0,0.5690690251144765,-2.2922525330589356,3.379945972365403,113.81380502289531,1.0,0.0,3.4613289394290967,-0.08,0.0,False,0.004265504501833254,0.5690690251144765,0.2132768412374047,0.07577747210701764,7.577747210701764e-06,7.577747210701764e-06,0.11381725480572782,0.0,-0.07074780731427088,-5.672198505424339,-5.753581472488032,0.07074780731427088
165.0,0.0,0.0,0.5755792298829296,-1.5359815369670562,3.256464620333909,115.11584597658593,1.0,0.0,3.4694011384609826,-0.02,0.0,False,0.004273133258888196,0.5755792298829298,0.2136582819805915,0.07577747210701764,7.577747210701764e-06,7.577747210701764e-06,0.11511933522526821,0.0,0.7562709960918794,-4.792446157300965,-5.005382675428039,0.7562709960918794
166.0,0.0,0.0,0.4957469576021677,-0.8677133616092524,2.965566402066564,99.14939152043354,1.0,0.0,3.463757845465545,0.35,0.0,False,0.004022534344802946,0.4957469576021677,0.20112824132756782,0.07577747210701764,7.577747210701764e-06,7.577747210701764e-06,0.09915239681376024,0.0,0.6682681753578038,-3.8332797636758165,-4.331471207074797,0.6682681753578038
167.0,0.0,0.0,0.4250805270002973,-0.6754410963197213,2.932685739441067,85.01610540005946,1.0,0.0,3.421675871310875,0.28,0.0,False,0.004085610819824476,0.4250805270002973,0.2042820889775235,0.07577747210701764,7.577747210701764e-06,7.577747210701764e-06,0.0850186823027545,0.0,0.19227226528953112,-3.608126835760788,-4.097116967630596,0.19227226528953112
168.0,0.0,0.0,0.40403636390649333,-0.9372329079666515,3.1741259355599474,80.80727278129866,1.0,0.0,3.383252966032606,0.13,0.0,False,0.004064565225160159,0.40403636390649333,0.2032298012703979,0.07577747210701764,7.577747210701764e-06,7.577747210701764e-06,0.08080972211108188,0.0,-0.2617918116469302,-4.111358843526599,-4.3204858739992575,0.2617918116469302
169.0,0.0,0.0,0.43140508010371287,-0.8703520457384447,3.2003119505752897,86.28101602074257,1.0,0.0,3.3650756270166884,-0.11,0.0,False,0.003943475197310906,0.43140508010371287,0.19717525399845418,0.07577747210701764,7.577747210701764e-06,7.577747210701764e-06,0.08628363126383878,0.0,0.06688086222820677,-4.070663996313734,-4.235427672755133,0.06688086222820677
170.0,0.0,0.0,0.4231759423827113,-0.9153831605146514,3.2138922634358758,84.63518847654225,1.0,0.0,3.376981347002594,-0.01,0.0,False,0.004035352337738408,0.4231759423827113,0.2017691458309166,0.07577747210701764,7.577747210701764e-06,7.577747210701764e-06,0.08463775383335617,0.0,-0.04503111477620669,-4.129275423950527,-4.292364507517245,0.04503111477620669
171.0,0.0,0.0,0.4267544130597751,-0.750762017149171,3.237879899656044,85.35088261195502,1.0,0.0,3.3615677141045155,0.19,0.0,False,0.00391150530857737,0.4267544130597751,0.19557674744879058,0.07577747210701764,7.577747210701764e-06,7.577747210701764e-06,0.0853534696620015,0.0,0.1646211433654804,-3.9886419168052147,-4.112329731253687,0.1646211433654804
172.0,0.0,0.0,0.41107491315685557,-0.7185314426706382,3.3225877868052422,82.21498263137111,1.0,0.0,3.352322661936256,0.02,0.0,False,0.0038023037579873564,0.4110749131568556,0.1901166285442026,0.07577747210701764,7.577747210701764e-06,7.577747210701764e-06,0.08221747462990855,0.0,0.032230574478532836,-4.04111922947588,-4.0708541046068945,0.032230574478532836
173.0,0.0,0.0,0.41198118165181974,0.4466178822512812,3.440726360585089,82.39623633036395,1.0,0.0,3.360142865508209,0.06,0.0,False,0.004019054963044565,0.41198118165181974,0.20095427092135507,0.07577747210701764,7.577747210701764e-06,7.577747210701764e-06,0.0823987338228386,0.0,1.1651493249219194,-2.994108478333808,-2.9135249832569277,1.1651493249219194
174.0,0.0,0.0,0.2975208676791761,0.32811614979866843,3.3776019160008044,59.50417353583522,1.0,0.0,3.401436468310061,-0.06,0.0,False,0.004076092254339916,0.2975208676791761,0.20380615709683134,0.07577747210701764,7.577747210701764e-06,7.577747210701764e-06,0.059505977152507966,0.0,-0.11850173245261275,-3.049485766202136,-3.073320318511392,0.11850173245261275
175.0,0.0,0.0,0.3098076228190349,0.7751034592454649,3.4375636371892235,61.96152456380698,1.0,0.0,3.4219392859392985,0.13,0.0,False,0.003993036019586326,0.3098076228190349,0.1996533138901945,0.07577747210701764,7.577747210701764e-06,7.577747210701764e-06,0.06196340266465489,0.0,0.44698730944679643,-2.6624601779437587,-2.6468358266938337,0.44698730944679643
176.0,0.0,0.0,0.26781296292576684,0.24798778888461992,3.5185226971788457,53.56259258515337,1.0,0.0,3.426309760181498,0.12,0.0,False,0.003868196105826011,0.26781296292576684,0.19341127090191312,0.07577747210701764,7.577747210701764e-06,7.577747210701764e-06,0.053564216107996915,0.0,-0.527115670360845,-3.2705349082942257,-3.178321971296878,0.527115670360845
177.0,0.0,0.0,0.3243274859646932,0.7043055910139813,3.4539152039013086,64.86549719293863,1.0,0.0,3.4533345594497704,-0.18,0.0,False,0.004118415569981366,0.32432748596469324,0.20592233891467324,0.07577747210701764,7.577747210701764e-06,7.577747210701764e-06,0.0648674633154015,0.0,0.45631780212936135,-2.749609612887327,-2.7490289684357894,0.45631780212936135
178.0,0.0,0.0,0.2816173438409565,0.3656946985044432,3.5658618502228014,56.3234687681913,1.0,0.0,3.4913855321166545,0.01,0.0,False,0.004232715214319872,0.2816173438409565,0.2116373644382889,0.07577747210701764,7.577747210701764e-06,7.577747210701764e-06,0.05632517597528788,0.0,-0.3386108925095381,-3.2001671517183583,-3.1256908336122113,0.3386108925095381
179.0,0.0,0.0,0.3150357460100243,1.1779179252118182,3.405841344080814,63.00714920200486,1.0,0.0,3.520585730675632,-0.01,0.0,False,0.0042952418732616114,0.31503574601002426,0.21476372107593686,0.07577747210701764,7.577747210701764e-06,7.577747210701764e-06,0.06300905899652934,0.0,0.812223226707375,-2.227923418868996,-2.342667805463814,0.812223226707375
180.0,0.0,0.0,0.23288392716894982,1.5007461946125795,3.410680242511528,46.576785433789965,1.0,0.0,3.5161715216669633,0.03,0.0,False,0.004331553810734645,0.23288392716894982,0.21657933170772262,0.07577747210701764,7.577747210701764e-06,7.577747210701764e-06,0.046578197211515446,0.0,0.32282826940076137,-1.9099340478989484,-2.015425327054384,0.32282826940076137
181.0,0.0,0.0,0.2024312213495522,1.6793659614489327,3.3999534019877506,40.486244269910436,1.0,0.0,3.50684543367779,-0.09,0.0,False,0.004339295076608261,0.2024312213495522,0.21696639793447123,0.07577747210701764,7.577747210701764e-06,7.577747210701764e-06,0.04048747143870957,0.0,0.17861976683635317,-1.720587440538818,-1.8274794722288572,0.17861976683635317
182.0,0.0,0.0,0.18636416285076643,1.6387428459184596,3.4179197240601007,37.272832570153284,1.0,0.0,3.525135106739246,-0.07,0.0,False,0.0042992511294116745,0.18636416285076643,0.2149641854024964,0.07577747210701764,7.577747210701764e-06,7.577747210701764e-06,0.03727396233800433,0.0,-0.04062311553047304,-1.779176878141641,-1.8863922608207864,0.04062311553047304
183.0,0.0,0.0,0.18786663774864124,1.6480745620785895,3.296906199221706,37.57332754972825,1.0,0.0,3.543078200982356,0.13,0.0,False,0.004196019721520374,0.18786663774864124,0.20980257589485568,0.07577747210701764,7.577747210701764e-06,7.577747210701764e-06,0.03757446642581024,0.0,0.009331716160129844,-1.6488316371431166,-1.8950036389037666,0.009331716160129844
184.0,0.0,0.0,0.18611950949914052,0.9648410532553886,3.24566885037702,37.22390189982811,1.0,0.0,3.517480403699379,0.05,0.0,False,0.004073781128382236,0.18611950949914052,0.20369059992329092,0.07577747210701764,7.577747210701764e-06,7.577747210701764e-06,0.03722503018455339,0.0,-0.6832335088232009,-2.2808277971216313,-2.5526393504439904,0.6832335088232009
185.0,0.0,0.0,0.2523191492040299,0.8379709592658564,3.162283065094471,50.463829840805985,1.0,0.0,3.5093401753996916,0.23,0.0,False,0.00393735154536086,0.2523191492040299,0.1968690690807776,0.07577747210701764,7.577747210701764e-06,7.577747210701764e-06,0.05046535943779831,0.0,-0.1268700939895322,-2.3243121058286147,-2.671369216133835,0.1268700939895322
186.0,0.0,0.0,0.2638043145232798,1.2115161456723615,3.3559604519395854,52.76086290465596,1.0,0.0,3.4881281458321407,0.17,0.0,False,0.003858238431337198,0.2638043145232798,0.19291338340463535,0.07577747210701764,7.577747210701764e-06,7.577747210701764e-06,0.05276246212646425,0.0,0.37354518640650514,-2.144444306267224,-2.276612000159779,0.37354518640650514
187.0,0.0,0.0,0.2272329514225978,1.688808612251923,3.2846174031861715,45.44659028451956,1.0,0.0,3.476114056619079,-0.01,0.0,False,0.0037657982204000453,0.2272329514225978,0.18829133783335028,0.07577747210701764,7.577747210701764e-06,7.577747210701764e-06,0.045447967805172074,0.0,0.4772924665795615,-1.5958087909342484,-1.787305444367156,0.4772924665795615
188.0,0.0,0.0,0.1789211780030486,1.702828592932262,3.4489844866105543,35.78423560060972,1.0,0.0,3.4839317555915286,0.15,0.0,False,0.003712988497461503,0.1789211780030486,0.1856508316774866,0.07577747210701764,7.577747210701764e-06,7.577747210701764e-06,0.03578532024795654,0.0,0.01401998068033894,-1.7461558936782924,-1.7811031626592666,0.01401998068033894
189.0,0.0,0.0,0.17772577337789472,1.2741009768216194,3.4002504604497714,35.54515467557894,1.0,0.0,3.478088183255285,-0.05,0.0,False,0.0038109573180182144,0.17772577337789472,0.19054930982447008,0.07577747210701764,7.577747210701764e-06,7.577747210701764e-06,0.035546232076201424,0.0,-0.4287276161106426,-2.126149483628152,-2.2039872064336654,0.4287276161106426
190.0,0.0,0.0,0.2193608131449378,1.5971522114517365,3.5001987941166144,43.87216262898756,1.0,0.0,3.4801536647603815,-0.06,0.0,False,0.004088509379311133,0.21936081314493777,0.2044270180500839,0.07577747210701764,7.577747210701764e-06,7.577747210701764e-06,0.0438734924275426,0.0,0.3230512346301171,-1.903046582664878,-1.883001453308645,0.3230512346301171
191.0,0.0,0.0,0.1880672226004632,1.7341029220097601,3.433814450805919,37.61344452009264,1.0,0.0,3.467792221310492,0.02,0.0,False,0.004020528271327135,0.1880672226004632,0.20102793689370138,0.07577747210701764,7.577747210701764e-06,7.577747210701764e-06,0.03761458461215046,0.0,0.13695071055802366,-1.699711528796159,-1.7336892993007318,0.13695071055802366
192.0,0.0,0.0,0.17652653917498448,1.8916409857963783,3.5276094036038805,35.305307834996896,1.0,0.0,3.477895693749941,0.08,0.0,False,0.003984670725103206,0.17652653917498448,0.19923504599653388,0.07577747210701764,7.577747210701764e-06,7.577747210701764e-06,0.035306377965679564,0.0,0.15753806378661817,-1.6359684178075022,-1.5862547079535625,0.15753806378661817
193.0,0.0,0.0,0.16134326657986744,1.2802810343146018,3.5244310577958693,32.26865331597349,1.0,0.0,3.4994351974340954,0.0,0.0,False,0.004026925556076919,0.16134326657986744,0.2013478035550409,0.07577747210701764,7.577747210701764e-06,7.577747210701764e-06,0.03226963140335239,0.0,-0.6113599514817765,-2.2441500234812675,-2.2191541631194935,0.6113599514817765
194.0,0.0,0.0,0.2263847485322586,1.05256591246228,3.595298225679707,45.27694970645172,1.0,0.0,3.505134782519466,0.17,0.0,False,0.003990571397991948,0.2263847485322586,0.1995300818766614,0.07577747210701764,7.577747210701764e-06,7.577747210701764e-06,0.04527832208516952,0.0,-0.2277151218523219,-2.542732313217427,-2.452568870057186,0.2277151218523219
195.0,0.0,0.0,0.2527353536392079,0.34896627874510255,3.5966330051275,50.54707072784158,1.0,0.0,3.544214293957022,0.16,0.0,False,0.004037158810102874,0.2527353536392079,0.20185947013358935,0.07577747210701764,7.577747210701764e-06,7.577747210701764e-06,0.050548602847928385,0.0,-0.7035996337171774,-3.2476667263823975,-3.1952480152119196,0.7035996337171774
196.0,0.0,0.0,0.3229208441002313,0.8376374423375139,3.466200441312111,64.58416882004626,1.0,0.0,3.5800152070854114,-0.1,0.0,False,0.004197895391448577,0.3229208441002312,0.20989636010193338,0.07577747210701764,7.577747210701764e-06,7.577747210701764e-06,0.06458612641523255,0.0,0.48867116359241136,-2.628562998974597,-2.7423777647478973,0.48867116359241136
197.0,0.0,0.0,0.273398012265083,1.2657099399818943,3.482539702976942,54.6796024530166,1.0,0.0,3.578297070373694,-0.02,0.0,False,0.004199316740179215,0.273398012265083,0.2099674280769964,0.07577747210701764,7.577747210701764e-06,7.577747210701764e-06,0.054681259833277214,0.0,0.4280724976443804,-2.2168297629950477,-2.3125871303917998,0.4280724976443804
198.0,0.0,0.0,0.22823912162566387,1.694317849829814,3.328426512459078,45.647824325132774,1.0,0.0,3.571721152039583,0.22,0.0,False,0.004070109232093014,0.22823912162566387,0.20350700371759467,0.07577747210701764,7.577747210701764e-06,7.577747210701764e-06,0.04564920794534182,0.0,0.42860790984791963,-1.6341086626292642,-1.877403302209769,0.42860790984791963
199.0,0.0,0.0,0.18234800465206935,1.3885334692037108,3.27104574182634,36.46960093041387,1.0,0.0,3.548187633156894,0.2,0.0,False,0.004009562919445166,0.1823480046520693,0.20047966514496973,0.07577747210701764,7.577747210701764e-06,7.577747210701764e-06,0.03647070635170413,0.0,-0.30578438062610314,-1.882512272622629,-2.159654163953183,0.30578438062610314
200.0,0.0,0.0,0.21006990100837997,0.6678269880984693,3.234164000766928,42.01398020167599,1.0,0.0,3.517866985704687,0.22,0.0,False,0.004014997920169408,0.21006990100837997,0.20075141724043494,0.07577747210701764,7.577747210701764e-06,7.577747210701764e-06,0.042015253677311015,0.0,-0.7207064811052415,-2.566337012668459,-2.850039997606218,0.7207064811052415
201.0,0.0,0.0,0.2811930000063974,1.313602973650858,3.213704987238844,56.23860000127948,1.0,0.0,3.489312072117829,0.09,0.0,False,0.004095922829704267,0.2811930000063974,0.20479769337860326,0.07577747210701764,7.577747210701764e-06,7.577747210701764e-06,0.05624030463593931,0.0,0.6457759855523888,-1.9001020135879858,-2.175709098466971,0.6457759855523888
202.0,0.0,0.0,0.21535511655449885,1.3847123717504315,3.171197917141488,43.07102331089977,1.0,0.0,3.4798635286360144,0.05,0.0,False,0.0041212610749929495,0.21535511655449885,0.20606461524337827,0.07577747210701764,7.577747210701764e-06,7.577747210701764e-06,0.043072328826313885,0.0,0.0711093980995734,-1.7864855453910564,-2.095151156885583,0.0711093980995734
203.0,0.0,0.0,0.20868874420919414,1.8684038445881934,3.2554563412232524,41.73774884183883,1.0,0.0,3.467235734527533,0.0,0.0,False,0.004238086864779631,0.20868874420919412,0.21190594899652748,0.07577747210701764,7.577747210701764e-06,7.577747210701764e-06,0.04173901394469163,0.0,0.4836914728377619,-1.387052496635059,-1.5988318899393397,0.4836914728377619
204.0,0.0,0.0,0.16197740651859482,2.146641037242203,3.415676989037057,32.39548130371897,1.0,0.0,3.4716788833698375,0.0,0.0,False,0.004224143959884509,0.16197740651859482,0.2112087984689809,0.07577747210701764,7.577747210701764e-06,7.577747210701764e-06,0.03239646323535046,0.0,0.2782371926540095,-1.2690359517948542,-1.3250378461276346,0.2782371926540095
205.0,0.0,0.0,0.1338273027876532,2.2769330757266424,3.4152425867043643,26.76546055753064,1.0,0.0,3.488239280966162,-0.04,0.0,False,0.004173447710907338,0.1338273027876532,0.2086739668119544,0.07577747210701764,7.577747210701764e-06,7.577747210701764e-06,0.026766271838959264,0.0,0.1302920384844395,-1.138309510977722,-1.2113062052395196,0.1302920384844395
206.0,0.0,0.0,0.12381766674688612,1.3232960698460912,3.4824731128781368,24.763533349377223,1.0,0.0,3.484964770592254,0.08,0.0,False,0.004196021858333562,0.1238176667468861,0.20980268273632469,0.07577747210701764,7.577747210701764e-06,7.577747210701764e-06,0.024764283950872393,0.0,-0.9536370058805512,-2.1591770430320456,-2.161668700746163,0.9536370058805512
207.0,0.0,0.0,0.2194497054027468,1.6329750815534847,3.3626867415907697,43.88994108054936,1.0,0.0,3.5151566561444434,0.1,0.0,False,0.003983640562622326,0.2194497054027468,0.19918353748217438,0.07577747210701764,7.577747210701764e-06,7.577747210701764e-06,0.04389127141798276,0.0,0.30967901170739354,-1.729711660037285,-1.8821815745909587,0.30967901170739354
208.0,0.0,0.0,0.18601421658095457,1.1554561315658751,3.331245426544643,37.202843316190915,1.0,0.0,3.5178762705932076,0.07,0.0,False,0.004095662162821527,0.18601421658095454,0.20478465993570286,0.07577747210701764,7.577747210701764e-06,7.577747210701764e-06,0.03720397096261453,0.0,-0.4775189499876096,-2.175789294978768,-2.3624201390273325,0.4775189499876096
209.0,0.0,0.0,0.23211027214469737,1.290185713793712,3.2452076621295367,46.422054428939475,1.0,0.0,3.493187725798571,0.17,0.0,False,0.004073127754334501,0.23211027214469737,0.203657930973349,0.07577747210701764,7.577747210701764e-06,7.577747210701764e-06,0.046423461516650735,0.0,0.13472958222783693,-1.9550219483358247,-2.203002012004859,0.13472958222783693
210.0,0.0,0.0,0.21902751677302773,0.755694246658546,3.3619864872227128,43.80550335460555,1.0,0.0,3.4766467966612127,-0.04,0.0,False,0.004173245557833467,0.21902751677302773,0.2086638590816676,0.07577747210701764,7.577747210701764e-06,7.577747210701764e-06,0.043806831132667375,0.0,-0.534491467135166,-2.6062922405641666,-2.7209525500026666,0.534491467135166
211.0,0.0,0.0,0.27140315552110955,1.2129543042677888,3.51945740737056,54.28063110422191,1.0,0.0,3.480543868281702,0.1,0.0,False,0.004123259355498676,0.27140315552110955,0.2061645300257878,0.07577747210701764,7.577747210701764e-06,7.577747210701764e-06,0.05428227639135807,0.0,0.4572600576092428,-2.306503103102771,-2.267589564013913,0.4572600576092428
212.0,0.0,0.0,0.22897474695314254,1.3346966510051035,3.487131423594955,45.79494939062851,1.0,0.0,3.4698286330948753,-0.04,0.0,False,0.0039527696312351085,0.22897474695314257,0.1976399792162078,0.07577747210701764,7.577747210701764e-06,7.577747210701764e-06,0.045796337470309985,0.0,0.12174234673731466,-2.152434772589851,-2.1351319820897716,0.12174234673731466
213.0,0.0,0.0,0.22285899374735435,1.307462653167946,3.6232073088779924,44.57179874947087,1.0,0.0,3.5027885294367143,0.17,0.0,False,0.003924325958456541,0.22285899374735435,0.1962177848003313,0.07577747210701764,7.577747210701764e-06,7.577747210701764e-06,0.044573149754527856,0.0,-0.02723399783715741,-2.3157446557100463,-2.195325876268768,0.02723399783715741
214.0,0.0,0.0,0.22923210715305667,0.8491063520108816,3.8936244561356994,45.846421430611336,1.0,0.0,3.5633710269345573,0.19,0.0,False,0.0039038766677763005,0.22923210715305667,0.19519531251834152,0.07577747210701764,7.577747210701764e-06,7.577747210701764e-06,0.04584781107044942,0.0,-0.4583563011570645,-3.0445181041248177,-2.7142646749236756,0.4583563011570645
215.0,0.0,0.0,0.27958841329014417,2.0573147940706744,3.93388929283104,55.91768265802884,1.0,0.0,3.5998705778465396,0.29,0.0,False,0.0037121480321811477,0.27958841329014417,0.18560880809502714,0.07577747210701764,7.577747210701764e-06,7.577747210701764e-06,0.05591937756544036,0.0,1.2082084420597927,-1.8765744987603656,-1.5425557837758652,1.2082084420597927
216.0,0.0,0.0,0.1653335196538373,1.9043200831457407,3.9021480892255402,33.06670393076746,1.0,0.0,3.6450964174282676,0.39,0.0,False,0.0036060910609811937,0.1653335196538373,0.1803059193513836,0.07577747210701764,7.577747210701764e-06,7.577747210701764e-06,0.03306770620766634,0.0,-0.15299471092493366,-1.9978280060797995,-1.7407763342825269,0.15299471092493366
217.0,0.0,0.0,0.185182389966407,0.5145841007213507,3.940390974175469,37.0364779932814,1.0,0.0,3.710712633389915,0.25,0.0,False,0.0036641193072507313,0.18518238996640699,0.1832073536510296,0.07577747210701764,7.577747210701764e-06,7.577747210701764e-06,0.03703760059704579,0.0,-1.38973598242439,-3.4258068734541185,-3.1961285326685642,1.38973598242439
218.0,0.0,0.0,0.3286994260564375,0.4476454467147932,4.00368290935158,65.7398852112875,1.0,0.0,3.7562141460767613,0.34,0.0,False,0.0034936461692709974,0.3286994260564375,0.1746836321619256,0.07577747210701764,7.577747210701764e-06,7.577747210701764e-06,0.06574187783711499,0.0,-0.06693865400655752,-3.556037462636787,-3.308568699361968,0.06693865400655752
219.0,0.0,0.0,0.33860241677429387,0.649396971386224,4.068277713973047,67.72048335485877,1.0,0.0,3.8017029013436705,0.21,0.0,False,0.0037162211334292755,0.33860241677429387,0.18581246470068022,0.07577747210701764,7.577747210701764e-06,7.577747210701764e-06,0.06772253601411957,0.0,0.20175152467143076,-3.418880742586823,-3.1523059299574463,0.20175152467143076
220.0,0.0,0.0,0.32344145693670073,0.9942760227074401,4.044462877029334,64.68829138734014,1.0,0.0,3.833797906633691,0.33,0.0,False,0.003592403495307652,0.32344145693670073,0.17962153588166094,0.07577747210701764,7.577747210701764e-06,7.577747210701764e-06,0.0646902521385605,0.0,0.3448790513212161,-3.0501868543218937,-2.839521883926251,0.3448790513212161
221.0,0.0,0.0,0.29407005957371773,1.7891647390238523,4.220313849141916,58.814011914743546,1.0,0.0,3.883934088633134,0.4,0.0,False,0.0036748489854280214,0.29407005957371773,0.18374384162523358,0.07577747210701764,7.577747210701764e-06,7.577747210701764e-06,0.05881579461209361,0.0,0.7948887163164122,-2.4311491101180636,-2.094769349609282,0.7948887163164122
222.0,0.0,0.0,0.22061154267497604,1.992799760896246,4.502578518624156,44.122308534995206,1.0,0.0,3.935088037873298,0.46,0.0,False,0.003595063997534185,0.22061154267497607,0.17975456200101828,0.07577747210701764,7.577747210701764e-06,7.577747210701764e-06,0.044123645915662556,0.0,0.20363502187239368,-2.5097787577279096,-1.9422882769770522,0.20363502187239368
223.0,0.0,0.0,0.2067506319970063,1.5329766528526239,4.366741793102717,41.35012639940126,1.0,0.0,3.9953637526987182,0.45,0.0,False,0.003688930700198855,0.2067506319970063,0.18444793269915896,0.07577747210701764,7.577747210701764e-06,7.577747210701764e-06,0.041351379753123564,0.0,-0.45982310804362214,-2.833765140250093,-2.4623870998460946,0.45982310804362214
224.0,0.0,0.0,0.2606460606345743,1.8679049028452495,4.546901351596432,52.12921212691486,1.0,0.0,4.060384416067553,0.58,0.0,False,0.0034879053065400294,0.2606460606345743,0.17439658685023687,0.07577747210701764,7.577747210701764e-06,7.577747210701764e-06,0.05213079220290855,0.0,0.3349282499926256,-2.6789964487511826,-2.1924795132223034,0.3349282499926256
225.0,0.0,0.0,0.2323646782950127,1.3455885363037319,4.458343370837276,46.47293565900254,1.0,0.0,4.139536014696312,0.3,0.0,False,0.0036094219693426667,0.2323646782950127,0.1804724660314963,0.07577747210701764,7.577747210701764e-06,7.577747210701764e-06,0.04647434428896251,0.0,-0.5223163665415176,-3.112754834533544,-2.7939474783925804,0.5223163665415176
226.0,0.0,0.0,0.2900473590859934,1.4757241434688624,4.560599589914381,58.00947181719867,1.0,0.0,4.191639725835015,0.41,0.0,False,0.003612964029995147,0.29004735908599333,0.18064957040616245,0.07577747210701764,7.577747210701764e-06,7.577747210701764e-06,0.05801123012832761,0.0,0.1301356071651305,-3.084875446445519,-2.7159155823661525,0.1301356071651305
227.0,0.0,0.0,0.2854070548405354,1.1616148162116915,4.631503820326829,57.08141096810708,1.0,0.0,4.246172022441977,0.57,0.0,False,0.0036733692829967984,0.2854070548405354,0.18366985594303178,0.07577747210701764,7.577747210701764e-06,7.577747210701764e-06,0.05708314114900714,0.0,-0.3141093272571709,-3.469889004115138,-3.0845572062302855,0.3141093272571709
228.0,0.0,0.0,0.32009549305212615,1.3514165177866329,4.437005546777366,64.01909861042523,1.0,0.0,4.3299028289999,-0.01,0.0,False,0.003795130645590049,0.32009549305212615,0.1897579702065356,0.07577747210701764,7.577747210701764e-06,7.577747210701764e-06,0.06402103907790452,0.0,0.18980170157494136,-3.085589028990733,-2.978486311213268,0.18980170157494136
229.0,0.0,0.0,0.3050823012832506,1.190447605465068,4.484377658002074,61.01646025665011,1.0,0.0,4.362691026869431,0.22,0.0,False,0.003735428809050193,0.3050823012832506,0.18677285575927166,0.07577747210701764,7.577747210701764e-06,7.577747210701764e-06,0.06101830971188142,0.0,-0.16096891232156496,-3.2939300525370063,-3.172243421404363,0.16096891232156496
230.0,0.0,0.0,0.32348186475287233,1.571163203177485,4.371278017749426,64.69637295057447,1.0,0.0,4.402355122447014,0.03,0.0,False,0.003816972649365219,0.32348186475287233,0.19085007867095322,0.07577747210701764,7.577747210701764e-06,7.577747210701764e-06,0.06469833394675316,0.0,0.38071559771241703,-2.8001148145719412,-2.8311919192695294,0.38071559771241703
231.0,0.0,0.0,0.2853392272452929,0.4407683304413159,4.377802429900396,57.06784544905859,1.0,0.0,4.425388816183705,-0.05,0.0,False,0.003848056748716335,0.2853392272452929,0.19240429541588144,0.07577747210701764,7.577747210701764e-06,7.577747210701764e-06,0.057069575218777466,0.0,-1.130394872736169,-3.9370340994590802,-3.9846204857423895,1.130394872736169
232.0,0.0,0.0,0.40121180123023725,-0.05594267093079952,4.372283749908251,80.24236024604745,1.0,0.0,4.424663587057079,0.02,0.0,False,0.0036659753399094124,0.40121180123023725,0.18330015598719096,0.07577747210701764,7.577747210701764e-06,7.577747210701764e-06,0.08024479245290288,0.0,-0.49671100137211543,-4.428226420839051,-4.480606257987879,0.49671100137211543
233.0,0.0,0.0,0.45145181693994035,0.2945390846267574,4.293972370171398,90.29036338798807,1.0,0.0,4.453038356824069,-0.07,0.0,False,0.0035926468516333443,0.45145181693994035,0.17963370379015012,0.07577747210701764,7.577747210701764e-06,7.577747210701764e-06,0.0902931001574467,0.0,0.3504817555575569,-3.99943328554464,-4.158499272197312,0.3504817555575569
234.0,0.0,0.0,0.4170956427242081,0.7462840339917249,4.41301206877416,83.41912854484163,1.0,0.0,4.458746547855928,-0.1,0.0,False,0.0037035002793616473,0.4170956427242081,0.18517641717752795,0.07577747210701764,7.577747210701764e-06,7.577747210701764e-06,0.08342165704195585,0.0,0.45174494936496756,-3.6667280347824347,-3.712462513864203,0.45174494936496756
235.0,0.0,0.0,0.3753241913801421,-0.11531572305319682,4.51354046667952,75.06483827602842,1.0,0.0,4.465653544135997,0.14,0.0,False,0.0035467437203962095,0.37532419138014206,0.17733852983617723,0.07577747210701764,7.577747210701764e-06,7.577747210701764e-06,0.07506711354826238,0.0,-0.8615997570449218,-4.6288561897327165,-4.580969267189194,0.8615997570449218
236.0,0.0,0.0,0.4625735449682075,-0.09758910519310555,4.534695446947274,92.5147089936415,1.0,0.0,4.499668153385359,-0.07,0.0,False,0.0036283504639114113,0.4625735449682075,0.18141889793170093,0.07577747210701764,7.577747210701764e-06,7.577747210701764e-06,0.09251751318470408,0.0,0.017726617860091262,-4.63228455214038,-4.597257258578465,0.017726617860091262
237.0,0.0,0.0,0.46155284628521265,0.07708264370197199,4.631033122796404,92.31056925704253,1.0,0.0,4.51059498989838,-0.08,0.0,False,0.003921986987059585,0.4615528462852127,0.19610083534427675,0.07577747210701764,7.577747210701764e-06,7.577747210701764e-06,0.09231336726047472,0.0,0.17467174889507753,-4.553950479094432,-4.433512346196409,0.17467174889507753
238.0,0.0,0.0,0.4482691941095739,-0.9638906968671718,4.727406719786596,89.65383882191477,1.0,0.0,4.518114234198693,0.23,0.0,False,0.0039134256730515,0.4482691941095739,0.19567276640009892,0.07577747210701764,7.577747210701764e-06,7.577747210701764e-06,0.08965655629783059,0.0,-1.0409733405691437,-5.691297416653768,-5.482004931065865,1.0409733405691437
239.0,0.0,0.0,0.5557286970693267,-0.9398726686597315,4.759029333569522,111.14573941386534,1.0,0.0,4.559944428329471,0.24,0.0,False,0.003816244772645019,0.5557286970693267,0.19081368455916006,0.07577747210701764,7.577747210701764e-06,7.577747210701764e-06,0.11114910832560378,0.0,0.024018028207440256,-5.698902002229254,-5.499817096989203,0.024018028207440256
240.0,0.0,0.0,0.5546307872395261,-0.3354018272206253,4.65207493350024,110.92615744790523,1.0,0.0,4.593606832405296,0.09,0.0,False,0.0038136344172131804,0.5546307872395261,0.19068316579853745,0.07577747210701764,7.577747210701764e-06,7.577747210701764e-06,0.11092951970394757,0.0,0.6044708414391062,-4.987476760720865,-4.9290086596259215,0.6044708414391062
241.0,0.0,0.0,0.4942391803038641,-1.0742218446876564,4.561114532722993,98.84783606077282,1.0,0.0,4.606645346330573,-0.01,0.0,False,0.00403098360138267,0.4942391803038641,0.2015507073578705,0.07577747210701764,7.577747210701764e-06,7.577747210701764e-06,0.09885083221372462,0.0,-0.7388200174670311,-5.635336377410649,-5.68086719101823,0.7388200174670311
242.0,0.0,0.0,0.5696724055269002,-0.9326265073754789,4.509715907571999,113.93448110538006,1.0,0.0,4.60717723679651,-0.11,0.0,False,0.004041203224107654,0.5696724055269002,0.2020616923662058,0.07577747210701764,7.577747210701764e-06,7.577747210701764e-06,0.11393793454599624,0.0,0.14159533731217744,-5.442342414947477,-5.539803744171989,0.14159533731217744
243.0,0.0,0.0,0.5568984133215826,-0.7488191099018964,4.516037392525606,111.37968266431652,1.0,0.0,4.62271805225544,-0.04,0.0,False,0.004051473787214806,0.5568984133215826,0.20257522441294998,0.07577747210701764,7.577747210701764e-06,7.577747210701764e-06,0.11138305866705248,0.0,0.18380739747358255,-5.264856502427502,-5.3715371621573365,0.18380739747358255
244.0,0.0,0.0,0.5382340167741925,-0.480455203223118,4.425405891594979,107.6468033548385,1.0,0.0,4.6365686276102505,-0.06,0.0,False,0.004316640262734,0.5382340167741925,0.2158336486571357,0.07577747210701764,7.577747210701764e-06,7.577747210701764e-06,0.10765006621116874,0.0,0.26836390667877835,-4.905861094818097,-5.117023830833369,0.26836390667877835
245.0,0.0,0.0,0.5122642504001602,-1.265218266578048,4.6301959776409065,102.45285008003205,1.0,0.0,4.633724987905988,0.01,0.0,False,0.004080145603755843,0.5122642504001602,0.20400882610339038,0.07577747210701764,7.577747210701764e-06,7.577747210701764e-06,0.10245595550369552,0.0,-0.7847630633549301,-5.895414244218955,-5.898943254484037,0.7847630633549301
246.0,0.0,0.0,0.5961565817462532,-0.7608253121558786,4.815931731636948,119.23131634925065,1.0,0.0,4.642381391228209,0.24,0.0,False,0.00415943373556735,0.5961565817462532,0.20797326273523686,0.07577747210701764,7.577747210701764e-06,7.577747210701764e-06,0.11923493034096419,0.0,0.5043929544221695,-5.576757043792827,-5.403206703384088,0.5043929544221695
247.0,0.0,0.0,0.5509698924636972,-0.5435469313237482,4.933676948854833,110.19397849273943,1.0,0.0,4.696573427078201,0.27,0.0,False,0.004155316326569448,0.5509698924636972,0.20776739072530764,0.07577747210701764,7.577747210701764e-06,7.577747210701764e-06,0.11019731855588182,0.0,0.21727838083213036,-5.477223880178581,-5.240120358401949,0.21727838083213036
248.0,0.0,0.0,0.532886012457371,-1.0821377443287532,4.8269806417594046,106.5772024914742,1.0,0.0,4.749082368009377,0.04,0.0,False,0.004146081507146025,0.532886012457371,0.20730564625517986,0.07577747210701764,7.577747210701764e-06,7.577747210701764e-06,0.10658043292739029,0.0,-0.538590813005005,-5.909118386088158,-5.83122011233813,0.538590813005005
249.0,0.0,0.0,0.590524965125402,-1.4686641359865011,4.857252820145453,118.1049930250804,1.0,0.0,4.785515097024683,0.14,0.0,False,0.004117597992003368,0.590524965125402,0.20588145970600333,0.07577747210701764,7.577747210701764e-06,7.577747210701764e-06,0.11810857287707895,0.0,-0.38652639165774794,-6.3259169561319535,-6.254179233011184,0.38652639165774794
250.0,0.0,0.0,0.6297279204293209,-0.6786535733215108,4.915944503120728,125.94558408586418,1.0,0.0,4.823335649370628,0.1,0.0,False,0.004010407133191236,0.629727920429321,0.2005218761521353,0.07577747210701764,7.577747210701764e-06,7.577747210701764e-06,0.12594940159213,0.0,0.7900105626649904,-5.594598076442239,-5.5019892226921385,0.7900105626649904
251.0,0.0,0.0,0.5525121079484869,0.1416665974057595,4.901752244080212,110.50242158969739,1.0,0.0,4.82885366425633,0.05,0.0,False,0.003944998969407745,0.5525121079484869,0.1972514431806341,0.07577747210701764,7.577747210701764e-06,7.577747210701764e-06,0.1105057710019842,0.0,0.8203201707272703,-4.760085646674453,-4.68718706685057,0.8203201707272703
252.0,0.0,0.0,0.47010508250231914,0.7768499003943902,4.727441183350635,94.02101650046383,1.0,0.0,4.846676846017598,0.04,0.0,False,0.0038415924529226274,0.47010508250231914,0.19208107817695613,0.07577747210701764,7.577747210701764e-06,7.577747210701764e-06,0.09402386634885045,0.0,0.6351833029886307,-3.950591282956245,-4.069826945623207,0.6351833029886307
253.0,0.0,0.0,0.4081347270252985,1.7632910310971694,4.775034019218236,81.6269454050597,1.0,0.0,4.8428955393028295,-0.06,0.0,False,0.00400178605614089,0.4081347270252985,0.2000908190332009,0.07577747210701764,7.577747210701764e-06,7.577747210701764e-06,0.0816294195797424,0.0,0.9864411307027793,-3.0117429881210662,-3.07960450820566,0.9864411307027793
254.0,0.0,0.0,0.3133479475260755,2.0367756266246753,4.897710517302797,62.66958950521509,1.0,0.0,4.858351807736836,-0.01,0.0,False,0.003970225489888919,0.3133479475260755,0.1985127787627025,0.07577747210701764,7.577747210701764e-06,7.577747210701764e-06,0.06267148906804891,0.0,0.2734845955275058,-2.860934890678122,-2.821576181112161,0.2734845955275058
255.0,0.0,0.0,0.2904791728585603,1.5709590886462808,5.1549381048894745,58.095834571712054,1.0,0.0,4.896889229934689,0.28,0.0,False,0.003995848182203484,0.29047917285856023,0.1997939230865451,0.07577747210701764,7.577747210701764e-06,7.577747210701764e-06,0.05809759550056165,0.0,-0.4658165379783945,-3.5839790162431937,-3.325930141288408,0.4658165379783945
256.0,0.0,0.0,0.34071847704167013,2.0783568464183118,5.013876332728011,68.14369540833403,1.0,0.0,4.94167741409737,0.12,0.0,False,0.0038644400776044925,0.34071847704167013,0.19322346806772556,0.07577747210701764,7.577747210701764e-06,7.577747210701764e-06,0.06814576089547345,0.0,0.507397757772031,-2.9355194863096994,-2.8633205676790583,0.507397757772031
257.0,0.0,0.0,0.2939341287803347,2.5717999113568317,4.971403272082665,58.78682575606694,1.0,0.0,4.97827295298743,-0.12,0.0,False,0.0039713281155942075,0.29393412878033476,0.19856791046573793,0.07577747210701764,7.577747210701764e-06,7.577747210701764e-06,0.05878860762938389,0.0,0.49344306493851997,-2.3996033607258336,-2.406473041630598,0.49344306493851997
258.0,0.0,0.0,0.2470488500460022,2.238133759865334,4.939745757934755,49.409770009200436,1.0,0.0,5.01780950214788,-0.2,0.0,False,0.00412749834974232,0.2470488500460022,0.20637648134407127,0.07577747210701764,7.577747210701764e-06,7.577747210701764e-06,0.04941126765683907,0.0,-0.3336661514914976,-2.701611998069421,-2.779675742282546,0.3336661514914976
259.0,0.0,0.0,0.27858258723164975,2.7210381717373933,4.801387371871538,55.71651744632995,1.0,0.0,5.042382015503568,0.17,0.0,False,0.004035010400152206,0.27858258723164975,0.20175204882205053,0.07577747210701764,7.577747210701764e-06,7.577747210701764e-06,0.0557182062562712,0.0,0.4829044118720591,-2.080349200134145,-2.321343843766175,0.4829044118720591
260.0,0.0,0.0,0.23023285749180444,3.1099620919824194,4.90081019700432,46.04657149836089,1.0,0.0,5.024065183602996,0.0,0.0,False,0.00390062620924245,0.23023285749180444,0.19503278836009133,0.07577747210701764,7.577747210701764e-06,7.577747210701764e-06,0.046047967204899475,0.0,0.3889239202450261,-1.790848105021901,-1.9141030916205768,0.3889239202450261
261.0,0.0,0.0,0.19189658043438615,3.246227809056561,4.80423904085963,38.37931608687723,1.0,0.0,5.02345397897512,-0.04,0.0,False,0.003942826258170966,0.19189658043438615,0.1971428067955823,0.07577747210701764,7.577747210701764e-06,7.577747210701764e-06,0.03838047939308366,0.0,0.1362657170741417,-1.5580112318030692,-1.7772261699185585,0.1362657170741417
262.0,0.0,0.0,0.18319479334479202,3.1151261647749764,5.067229764038012,36.6389586689584,1.0,0.0,5.029000603515136,0.02,0.0,False,0.0037443709510019347,0.18319479334479202,0.18721996624492324,0.07577747210701764,7.577747210701764e-06,7.577747210701764e-06,0.036640069223610294,0.0,-0.13110164428158466,-1.9521035992630353,-1.9138744387401592,0.13110164428158466
263.0,0.0,0.0,0.20052253643194173,3.332831073187826,5.252418756910397,40.10450728638835,1.0,0.0,5.078245152696193,0.17,0.0,False,0.003889544920428509,0.2005225364319417,0.19447871972083403,0.07577747210701764,7.577747210701764e-06,7.577747210701764e-06,0.04010572288444972,0.0,0.21770490841284973,-1.919587683722571,-1.7454140795083672,0.21770490841284973
264.0,0.0,0.0,0.18170318446937553,3.9484661905383476,5.192297577806906,36.34063689387511,1.0,0.0,5.120427504548949,-0.09,0.0,False,0.004112460186445892,0.18170318446937553,0.20562456748147992,0.07577747210701764,7.577747210701764e-06,7.577747210701764e-06,0.03634173840616752,0.0,0.6156351173505215,-1.2438313872685587,-1.171961314010601,0.6156351173505215
265.0,0.0,0.0,0.12361243076168973,4.3083148578100845,5.410538312625038,24.722486152337947,1.0,0.0,5.149931762921544,0.27,0.0,False,0.00387613710231036,0.12361243076168972,0.19380832373487378,0.07577747210701764,7.577747210701764e-06,7.577747210701764e-06,0.024723235509661413,0.0,0.3598486672717369,-1.1022234548149532,-0.8416169051114597,0.3598486672717369
266.0,0.0,0.0,0.09319914401491809,4.347864603786027,5.509735634824833,18.63982880298362,1.0,0.0,5.184637333342864,0.46,0.0,False,0.00400211945416697,0.0931991440149181,0.200107489060825,0.07577747210701764,7.577747210701764e-06,7.577747210701764e-06,0.018640393790345152,0.0,0.03954974597594241,-1.1618710310388058,-0.836772729556837,0.03954974597594241
267.0,0.0,0.0,0.0927456834954831,4.308762511374148,5.439191683135154,18.549136699096618,1.0,0.0,5.240341609936944,0.1,0.0,False,0.0040266067167822675,0.0927456834954831,0.2013318614695042,0.07577747210701764,7.577747210701764e-06,7.577747210701764e-06,0.018549698937511627,0.0,-0.039102092411878786,-1.1304291717610058,-0.9315790985627963,0.039102092411878786
268.0,0.0,0.0,0.09755005828622787,4.197548840405891,5.400003572513428,19.510011657245574,1.0,0.0,5.275356578908077,0.12,0.0,False,0.003975251569462604,0.09755005828622787,0.19876408464570477,0.07577747210701764,7.577747210701764e-06,7.577747210701764e-06,0.01951060302051002,0.0,-0.11121367096825718,-1.2024547321075367,-1.0778077385021865,0.11121367096825718
269.0,0.0,0.0,0.10988928078614746,4.412501966391868,5.432468894599272,21.977856157229493,1.0,0.0,5.28430005472053,-0.03,0.0,False,0.004197544841089078,0.10988928078614749,0.20987883245113945,0.07577747210701764,7.577747210701764e-06,7.577747210701764e-06,0.02197852232273421,0.0,0.2149531259859767,-1.0199669282074044,-0.8717980883286627,0.2149531259859767
270.0,0.0,0.0,0.09026493795492513,4.322969807256925,5.478073114941403,18.052987590985026,1.0,0.0,5.2964832839269125,0.1,0.0,False,0.004134269520883448,0.09026493795492513,0.20671504246663888,0.07577747210701764,7.577747210701764e-06,7.577747210701764e-06,0.018053534790743918,0.0,-0.08953215913494272,-1.1551033076844783,-0.9735134766699876,0.08953215913494272
271.0,0.0,0.0,0.10398880028743766,5.101325873979046,5.637754127830077,20.797760057487533,1.0,0.0,5.315185546185209,0.36,0.0,False,0.0039935062488267396,0.10398880028743765,0.19967682553037888,0.07577747210701764,7.577747210701764e-06,7.577747210701764e-06,0.02079839045338359,0.0,0.7783560667221208,-0.5364282538510317,-0.21385967220616298,0.7783560667221208
272.0,0.0,0.0,0.03173563330843285,4.544067433132378,5.56172609743439,6.34712666168657,1.0,0.0,5.362897210173367,0.27,0.0,False,0.0037002761695142695,0.03173563330843285,0.18501521046358457,0.07577747210701764,7.577747210701764e-06,7.577747210701764e-06,0.006347319047914136,0.0,-0.5572584408466676,-1.0176586643020116,-0.8188297770409889,0.5572584408466676
273.0,0.0,0.0,0.09147543232835145,4.204306158120351,5.579250448037177,18.29508646567029,1.0,0.0,5.4186942312937125,0.19,0.0,False,0.0037611723753825247,0.09147543232835145,0.18806004382980004,0.07577747210701764,7.577747210701764e-06,7.577747210701764e-06,0.018295641003629865,0.0,-0.3397612750120267,-1.3749442899168258,-1.2143880731733612,0.3397612750120267
274.0,0.0,0.0,0.12672158437257453,3.983969949689835,5.566819600975908,25.344316874514906,1.0,0.0,5.458856415301001,0.06,0.0,False,0.0036931174022759717,0.12672158437257453,0.18465726938930327,0.07577747210701764,7.577747210701764e-06,7.577747210701764e-06,0.02534508507999963,0.0,-0.2203362084305165,-1.582849651286073,-1.4748864656111658,0.2203362084305165
275.0,0.0,0.0,0.15157702561171754,4.452936666909578,5.527015382776063,30.31540512234351,1.0,0.0,5.471570015052721,-0.04,0.0,False,0.0038044473799658998,0.15157702561171754,0.19022381045532105,0.07577747210701764,7.577747210701764e-06,7.577747210701764e-06,0.030316324005286846,0.0,0.4689667172197427,-1.0740787158664853,-1.018633348143143,0.4689667172197427
276.0,0.0,0.0,0.1074280490283306,4.55695450474429,5.597286217932533,21.48560980566612,1.0,0.0,5.499797636426161,0.06,0.0,False,0.004058790809731192,0.1074280490283306,0.20294107831109648,0.07577747210701764,7.577747210701764e-06,7.577747210701764e-06,0.021486261050810227,0.0,0.10401783783471252,-1.0403317131882428,-0.9428431316818706,0.10401783783471252
277.0,0.0,0.0,0.10063316434833183,5.002381541335049,5.494101327845491,20.126632869666366,1.0,0.0,5.527257860322826,-0.07,0.0,False,0.0040394080433045244,0.10063316434833183,0.20197193264587784,0.07577747210701764,7.577747210701764e-06,7.577747210701764e-06,0.02012724292318787,0.0,0.44542703659075933,-0.49171978651044146,-0.5248763189877765,0.44542703659075933
278.0,0.0,0.0,0.0600459957850296,5.362890734897632,5.66676492511972,12.00919915700592,1.0,0.0,5.56332427686163,0.02,0.0,False,0.004314853167045323,0.0600459957850296,0.21574429319559368,0.07577747210701764,7.577747210701764e-06,7.577747210701764e-06,0.012009563164949208,0.0,0.3605091935625824,-0.3038741902220883,-0.20043354196399843,0.3605091935625824
279.0,0.0,0.0,0.02646384794868396,4.989371518660951,5.535030438816388,5.292769589736792,1.0,0.0,5.602864249854199,0.02,0.0,False,0.004076251326457497,0.026463847948683963,0.2038141107629808,0.07577747210701764,7.577747210701764e-06,7.577747210701764e-06,0.005292930017601088,0.0,-0.37351921623668094,-0.5456589201554367,-0.6134927311932481,0.37351921623668094
280.0,0.0,0.0,0.06466272696578987,5.597974856517469,5.658821370063741,12.932545393157973,1.0,0.0,5.62753924120197,0.02,0.0,False,0.0039962158815285715,0.06466272696578987,0.19981230819211607,0.07577747210701764,7.577747210701764e-06,7.577747210701764e-06,0.012932937388426642,0.0,0.6086033378565183,-0.06084651354627191,-0.029564384684500844,0.6086033378565183
281.0,0.0,0.0,0.0042907990351479285,5.928573710549765,5.5186755141173185,0.8581598070295857,1.0,0.0,5.6360232882087935,-0.07,0.0,False,0.004062916218262872,0.004864785345502485,0.2031473503007456,0.07577747210701764,7.577747210701764e-06,7.577747210701764e-06,0.0008581858185048128,0.0,0.3305988540322957,0.4098981964324464,0.2925504223409714,0.3305988540322957
282.0,0.0,0.0,-0.030721140724751773,5.924669233417809,5.482817020590471,-6.144228144950355,1.0,0.0,5.6408844725984695,-0.04,0.0,False,0.00422230020497441,0.030721140724751773,0.21111661002490054,0.07577747210701764,7.577747210701764e-06,7.577747210701764e-06,-0.006144414381169847,0.0,-0.0039044771319556304,0.4418522128273379,0.2837847608193398,0.0039044771319556304
283.0,0.0,0.0,-0.029179584988871937,5.585284729923657,5.620024092706924,-5.835916997774388,1.0,0.0,5.621350663450325,0.01,0.0,False,0.004058376805961563,0.029179584988871937,0.20292037796575418,0.07577747210701764,7.577747210701764e-06,7.577747210701764e-06,-0.005836093888848953,0.0,-0.33938450349415206,-0.034739362783266614,-0.036065933526668204,0.33938450349415206
284.0,0.0,0.0,0.007852294256087572,4.570080366835169,5.749433984386291,1.5704588512175144,1.0,0.0,5.632862327753152,0.08,0.0,False,0.003969610748409461,0.007911739265689494,0.19848204145581186,0.07577747210701764,7.577747210701764e-06,7.577747210701764e-06,0.001570506453017516,0.0,-1.015204363088488,-1.1793536175511221,-1.0627819609179827,1.015204363088488
285.0,0.0,0.0,0.11247955755895273,4.406286994120528,5.923438267646352,22.495911511790545,1.0,0.0,5.663810647619577,0.2,0.0,False,0.0038704920727859046,0.11247955755895273,0.19352607011982065,0.07577747210701764,7.577747210701764e-06,7.577747210701764e-06,0.022496593379946344,0.0,-0.16379337271464145,-1.5171512735258244,-1.2575236534990495,0.16379337271464145
286.0,0.0,0.0,0.13743760296126417,4.138388776052324,6.081113239367107,27.487520592252835,1.0,0.0,5.694918559507373,0.65,0.0,False,0.0037696564927885367,0.13743760296126417,0.18848425291462553,0.07577747210701764,7.577747210701764e-06,7.577747210701764e-06,0.027488353759869265,0.0,-0.26789821806820413,-1.942724463314783,-1.5565297834550496,0.26789821806820413
287.0,0.0,0.0,0.16883327656843247,4.261832775688373,6.18030806050751,33.76665531368649,1.0,0.0,5.780715097103792,0.3,0.0,False,0.003825941119707951,0.1688332765684325,0.1912985055861299,0.07577747210701764,7.577747210701764e-06,7.577747210701764e-06,0.033767678806643164,0.0,0.12344399963604946,-1.918475284819137,-1.5188823214154192,0.12344399963604946
288.0,0.0,0.0,0.1620996674215468,3.8218277235976394,6.240159524038748,32.41993348430936,1.0,0.0,5.8267855105311765,0.44,0.0,False,0.004111356896429705,0.16209966742154677,0.2055694025626479,0.07577747210701764,7.577747210701764e-06,7.577747210701764e-06,0.03242091615710501,0.0,-0.4400050520907337,-2.4183318004411083,-2.004957786933537,0.4400050520907337
289.0,0.0,0.0,0.2137210513050073,4.3117427781460265,6.333612753268463,42.744210261001456,1.0,0.0,5.882890867418972,0.5,0.0,False,0.004036730731701657,0.2137210513050073,0.20183806605133492,0.07577747210701764,7.577747210701764e-06,7.577747210701764e-06,0.04274550587046393,0.0,0.489915054548387,-2.0218699751224367,-1.5711480892729455,0.489915054548387
290.0,0.0,0.0,0.16981877192113778,4.183411091037876,6.330308469215875,33.963754384227556,1.0,0.0,5.95911921285273,0.38,0.0,False,0.003995042056770217,0.16981877192113778,0.19975361650945095,0.07577747210701764,7.577747210701764e-06,7.577747210701764e-06,0.03396478385140668,0.0,-0.12833168710815013,-2.1468973781779983,-1.775708121814854,0.12833168710815013
291.0,0.0,0.0,0.18990385105972227,4.2408174370882,6.375674479830498,37.98077021194445,1.0,0.0,6.009994839543665,0.56,0.0,False,0.003909249706292397,0.18990385105972227,0.19546396647992273,0.07577747210701764,7.577747210701764e-06,7.577747210701764e-06,0.03798192143792285,0.0,0.0574063460503238,-2.134857042742298,-1.7691774024554645,0.0574063460503238
292.0,0.0,0.0,0.19169333808675065,4.028306084597432,6.543635472170767,38.33866761735013,1.0,0.0,6.08252155380398,0.56,0.0,False,0.0037657127134734076,0.19169333808675063,0.1882870624546209,0.07577747210701764,7.577747210701764e-06,7.577747210701764e-06,0.03833982969147059,0.0,-0.21251135249076825,-2.5153293875733347,-2.0542154692065484,0.21251135249076825
293.0,0.0,0.0,0.21604219804194952,4.257465342712164,6.498155603704826,43.2084396083899,1.0,0.0,6.157823448138605,0.19,0.0,False,0.003778088005675898,0.21604219804194952,0.18890583175358722,0.07577747210701764,7.577747210701764e-06,7.577747210701764e-06,0.04320974928899632,0.0,0.22915925811473237,-2.240690260992662,-1.9003581054264407,0.22915925811473237
294.0,0.0,0.0,0.20094736088238666,3.5662291412463967,6.743585445674892,40.18947217647733,1.0,0.0,6.188809920675105,0.55,0.0,False,0.003690864023625679,0.20094736088238666,0.18454459960301195,0.07577747210701764,7.577747210701764e-06,7.577747210701764e-06,0.04019069034988902,0.0,-0.6912362014657676,-3.1773563044284954,-2.6225807794287084,0.6912362014657676
295.0,0.0,0.0,0.2770312087367338,3.9194568628445094,6.836131804429968,55.40624174734676,1.0,0.0,6.267015087951201,0.53,0.0,False,0.003689524442124233,0.27703120873673387,0.18447762002038912,0.07577747210701764,7.577747210701764e-06,7.577747210701764e-06,0.05540792115259603,0.0,0.3532277215981128,-2.9166749415854585,-2.3475582251066913,0.3532277215981128
296.0,0.0,0.0,0.25013034482922675,4.17111700594608,6.895148539222332,50.026068965845354,1.0,0.0,6.336646192237197,0.64,0.0,False,0.00362456265910596,0.25013034482922675,0.18122950625627696,0.07577747210701764,7.577747210701764e-06,7.577747210701764e-06,0.05002758529397323,0.0,0.25166014310157037,-2.7240315332762526,-2.165529186291117,0.25166014310157037
297.0,0.0,0.0,0.23197027723000713,4.018215208863188,6.887750079325794,46.394055446001424,1.0,0.0,6.420855082362916,0.55,0.0,False,0.003618429923059351,0.23197027723000707,0.1809228671303304,0.07577747210701764,7.577747210701764e-06,7.577747210701764e-06,0.04639546168504225,0.0,-0.1529017970828921,-2.8695348704626067,-2.4026398734997283,0.1529017970828921
298.0,0.0,0.0,0.2538598730985823,4.019815852789022,6.972526564646373,50.77197461971646,1.0,0.0,6.490907668852211,0.52,0.0,False,0.003474223250851133,0.2538598730985823,0.17371247888183405,0.07577747210701764,7.577747210701764e-06,7.577747210701764e-06,0.050773513556810965,0.0,0.0016006439258342553,-2.9527107118573515,-2.471091816063189,0.0016006439258342553
299.0,0.0,0.0,0.26142730618428833,4.546585651842269,7.104437722824579,52.285461236857664,1.0,0.0,6.556910124146273,0.57,0.0,False,0.0035369514373068322,0.26142730618428833,0.17684891197153607,0.07577747210701764,7.577747210701764e-06,7.577747210701764e-06,0.0522870460488805,0.0,0.5267697990532474,-2.5578520709823094,-2.0103244723040037,0.5267697990532474
300.0,0.0,0.0,0.21645320714504926,4.3201359295716495,7.166917899889247,43.29064142900985,1.0,0.0,6.634187966133915,0.68,0.0,False,0.003623505141641431,0.21645320714504926,0.18117662998237058,0.07577747210701764,7.577747210701764e-06,7.577747210701764e-06,0.043291953601215856,0.0,-0.22644972227061988,-2.846781970317598,-2.3140520365622654,0.22644972227061988
301.0,0.0,0.0,0.24438317967252488,4.3978263518048175,7.28428577273966,48.876635934504975,1.0,0.0,6.711199734677094,0.44,0.0,False,0.0037994712047513053,0.24438317967252488,0.18997499980918145,0.07577747210701764,7.577747210701764e-06,7.577747210701764e-06,0.04887811742244507,0.0,0.07769042223316802,-2.886459420934843,-2.3133733828722765,0.07769042223316802
302.0,0.0,0.0,0.24490070513629938,4.062470010513564,7.326029842832453,48.980141027259876,1.0,0.0,6.764060319994801,0.63,0.0,False,0.003862691003013838,0.24490070513629938,0.19313601367549063,0.07577747210701764,7.577747210701764e-06,7.577747210701764e-06,0.048981625652517916,0.0,-0.3353563412912539,-3.2635598323188892,-2.7015903094812375,0.3353563412912539
303.0,0.0,0.0,0.28348023699846625,3.886067691750579,7.218670808896049,56.69604739969325,1.0,0.0,6.846926192949571,0.31,0.0,False,0.004118274834430563,0.28348023699846625,0.20591530208381006,0.07577747210701764,7.577747210701764e-06,7.577747210701764e-06,0.056697765899930995,0.0,-0.1764023187629844,-3.33260311714547,-2.9608585011989916,0.1764023187629844
304.0,0.0,0.0,0.3084163689209333,3.8957209333156015,7.2375559084437615,61.68327378418667,1.0,0.0,6.897379787576983,0.45,0.0,False,0.004043251213118001,0.3084163689209333,0.20216409259268014,0.07577747210701764,7.577747210701764e-06,7.577747210701764e-06,0.0616851434510422,0.0,0.009653241565022341,-3.34183497512816,-3.0016588542613816,0.009653241565022341
305.0,0.0,0.0,0.3128976958072133,3.371415502461678,7.303208338584401,62.57953916144266,1.0,0.0,6.9703482360238755,0.38,0.0,False,0.004063106304365911,0.3128976958072133,0.20315685467791877,0.07577747210701764,7.577747210701764e-06,7.577747210701764e-06,0.06258143599478219,0.0,-0.5243054308539237,-3.9317928361227232,-3.5989327335621977,0.5243054308539237
306.0,0.0,0.0,0.3730150414307883,2.9182185396884917,7.554716871630295,74.60300828615766,1.0,0.0,7.024816444369813,0.6,0.0,False,0.003887808715970456,0.3730150414307883,0.1943919088401055,0.07577747210701764,7.577747210701764e-06,7.577747210701764e-06,0.07460526955997403,0.0,-0.4531969627731862,-4.636498331941803,-4.106597904681322,0.4531969627731862
307.0,0.0,0.0,0.42658330706366987,2.0565244911848843,7.532260424571438,85.31666141273398,1.0,0.0,7.101707247454045,0.6,0.0,False,0.00400240897042193,0.4265833070636698,0.20012196498326706,0.07577747210701764,7.577747210701764e-06,7.577747210701764e-06,0.08531924742550993,0.0,-0.8616940485036073,-5.475735933386554,-5.045182756269161,0.8616940485036073
308.0,0.0,0.0,0.5202165142983299,1.3444193084956841,7.597129771734264,104.04330285966599,1.0,0.0,7.184213237348448,0.53,0.0,False,0.0038886223056579486,0.5202165142983299,0.19443258863273896,0.07577747210701764,7.577747210701764e-06,7.577747210701764e-06,0.10404645649116061,0.0,-0.7121051826892002,-6.2527104632385795,-5.839793928852764,0.7121051826892002
309.0,0.0,0.0,0.5975603086450494,1.7324464068428789,7.658873038825208,119.51206172900989,1.0,0.0,7.258886737630188,0.5,0.0,False,0.003991081101071299,0.5975603086450494,0.19955556722374893,0.07577747210701764,7.577747210701764e-06,7.577747210701764e-06,0.11951568423032902,0.0,0.38802709834719473,-5.926426631982329,-5.52644033078731,0.38802709834719473
310.0,0.0,0.0,0.5604581931382212,1.8267054429084417,7.483081521281228,112.09163862764424,1.0,0.0,7.320248802994275,0.08,0.0,False,0.003887040605252195,0.5604581931382212,0.1943535030131651,0.07577747210701764,7.577747210701764e-06,7.577747210701764e-06,0.11209503621030593,0.0,0.09425903606556285,-5.656376078372786,-5.493543360085833,0.09425903606556285
311.0,0.0,0.0,0.5569857362670635,1.404122780003413,7.56053900872895,111.3971472534127,1.0,0.0,7.337240688750574,0.3,0.0,False,0.003937585990111461,0.5569857362670635,0.19688079140713577,0.07577747210701764,7.577747210701764e-06,7.577747210701764e-06,0.1114005237855136,0.0,-0.42258266290502866,-6.156416228725537,-5.933117908747161,0.42258266290502866
312.0,0.0,0.0,0.601715666281795,2.056057143419985,7.564531814832566,120.343133256359,1.0,0.0,7.396773840434541,0.2,0.0,False,0.003860800687607396,0.601715666281795,0.19304149718895172,0.07577747210701764,7.577747210701764e-06,7.577747210701764e-06,0.12034678094808704,0.0,0.6519343634165717,-5.508474671412582,-5.340716697014557,0.6519343634165717
313.0,0.0,0.0,0.5434786703274948,2.9538396085346568,7.90483179260938,108.69573406549895,1.0,0.0,7.4215074252819475,0.56,0.0,False,0.003875841983627238,0.5434786703274948,0.19379356768890102,0.07577747210701764,7.577747210701764e-06,7.577747210701764e-06,0.10869902871571535,0.0,0.897782465114672,-4.950992184074723,-4.467667816747291,0.897782465114672
314.0,0.0,0.0,0.45991000971399004,3.047377499255383,7.846299709131534,91.98200194279801,1.0,0.0,7.491049763893834,0.37,0.0,False,0.0039214372087608,0.45991000971399004,0.1960733462210336,0.07577747210701764,7.577747210701764e-06,7.577747210701764e-06,0.09198478998710545,0.0,0.09353789072072605,-4.798922209876151,-4.443672264638451,0.09353789072072605
315.0,0.0,0.0,0.4547649562108178,3.644143002653889,7.792737142920669,90.95299124216356,1.0,0.0,7.553113959764216,0.29,0.0,False,0.003864895806125876,0.4547649562108178,0.1932462546664644,0.07577747210701764,7.577747210701764e-06,7.577747210701764e-06,0.0909557480963755,0.0,0.596765503398506,-4.1485941402667805,-3.9089709571103275,0.596765503398506
316.0,0.0,0.0,0.40209003133408644,2.7231849030233013,7.970920306632934,80.41800626681729,1.0,0.0,7.595199366057479,0.52,0.0,False,0.00375512890784992,0.40209003133408644,0.18775786816337636,0.07577747210701764,7.577747210701764e-06,7.577747210701764e-06,0.08042044379763694,0.0,-0.9209580996305875,-5.247735403609632,-4.872014463034177,0.9209580996305875
317.0,0.0,0.0,0.49844121859808005,2.1833555876439714,7.932240115741955,99.68824371961601,1.0,0.0,7.665195662825418,0.31,0.0,False,0.0038874117094686114,0.49844121859808,0.19437205836459245,0.07577747210701764,7.577747210701764e-06,7.577747210701764e-06,0.09969126534596194,0.0,-0.5398293153793299,-5.7488845280979834,-5.481840075181447,0.5398293153793299
318.0,0.0,0.0,0.5573566759812785,1.8349963161138847,7.935800383627372,111.4713351962557,1.0,0.0,7.707785942081793,0.23,0.0,False,0.0038313024405514933,0.5573566759812785,0.19156657365964386,0.07577747210701764,7.577747210701764e-06,7.577747210701764e-06,0.11147471397704947,0.0,-0.3483592715300867,-6.100804067513487,-5.872789625967909,0.3483592715300867
319.0,0.0,0.0,0.5956667780990819,1.245068228161316,8.00181275586066,119.13335561981637,1.0,0.0,7.75713352285659,0.17,0.0,False,0.004015301068954043,0.5956667780990819,0.20076657479452606,0.07577747210701764,7.577747210701764e-06,7.577747210701764e-06,0.11913696664226583,0.0,-0.5899280879525688,-6.756744527699345,-6.512065294695274,0.5899280879525688
320.0,0.0,0.0,0.6595218315040126,1.1691771153909818,7.98554914164699,131.9043663008025,1.0,0.0,7.791889787718008,0.22,0.0,False,0.003993214234506731,0.6595218315040126,0.1996622247037377,0.07577747210701764,7.577747210701764e-06,7.577747210701764e-06,0.1319083644222809,0.0,-0.07589111277033411,-6.816372026256008,-6.622712672327027,0.07589111277033411
321.0,0.0,0.0,0.6687774072615086,1.5325108775679022,8.073699840428196,133.75548145230172,1.0,0.0,7.84053642768739,0.12,0.0,False,0.004121785377279094,0.6687774072615086,0.20609083055633695,0.07577747210701764,7.577747210701764e-06,7.577747210701764e-06,0.13375953568248564,0.0,0.36333376217692037,-6.541188962860294,-6.3080255501194875,0.36333376217692037
322.0,0.0,0.0,0.635828761429556,1.1248809281740373,8.0209134328876,127.16575228591121,1.0,0.0,7.8572045793126835,0.06,0.0,False,0.004244305074112918,0.635828761429556,0.21221686181919264,0.07577747210701764,7.577747210701764e-06,7.577747210701764e-06,0.12716960677640146,0.0,-0.4076299493938649,-6.896032504713562,-6.732323651138646,0.4076299493938649
323.0,0.0,0.0,0.679336489464581,1.225982769181964,7.91165291953255,135.8672978929162,1.0,0.0,7.891039399344627,0.0,0.0,False,0.004210442930494846,0.679336489464581,0.21052374180835093,0.07577747210701764,7.577747210701764e-06,7.577747210701764e-06,0.13587141613385964,0.0,0.10110184100792674,-6.685670150350585,-6.665056630162663,0.10110184100792674
324.0,0.0,0.0,0.6684446710362745,1.8071395327610744,7.8939378254059,133.6889342072549,1.0,0.0,7.918503214829251,0.09,0.0,False,0.004186125801353104,0.6684446710362747,0.20930787613781093,0.07577747210701764,7.577747210701764e-06,7.577747210701764e-06,0.1336929864203413,0.0,0.5811567635791104,-6.086798292644826,-6.111363682068176,0.5811567635791104
325.0,0.0,0.0,0.6091054794763439,1.788801094156648,7.815702912387597,121.82109589526877,1.0,0.0,7.910682744781776,0.1,0.0,False,0.004054954078721439,0.6091054794763439,0.20274924030692004,0.07577747210701764,7.577747210701764e-06,7.577747210701764e-06,0.1218247883851664,0.0,-0.01833843860442652,-6.026901818230949,-6.121881650625128,0.01833843860442652
326.0,0.0,0.0,0.6137345081555634,2.7847141419534207,7.8810546725799036,122.74690163111268,1.0,0.0,7.898425109891914,-0.05,0.0,False,0.004003132179671515,0.6137345081555634,0.2001581257197611,0.07577747210701764,7.577747210701764e-06,7.577747210701764e-06,0.12275062218288499,0.0,0.9959130477967728,-5.096340530626483,-5.113710967938493,0.9959130477967728
327.0,0.0,0.0,0.5138660411561257,3.546894994756328,7.6543363685304335,102.77320823122513,1.0,0.0,7.926378711960139,0.02,0.0,False,0.00404896873337299,0.5138660411561257,0.20244997077172563,0.07577747210701764,7.577747210701764e-06,7.577747210701764e-06,0.10277632336518737,0.0,0.7621808528029073,-4.107441373774106,-4.3794837172038115,0.7621808528029073
328.0,0.0,0.0,0.43708360127785395,4.022410842854484,7.623848679378096,87.4167202555708,1.0,0.0,7.923569250862674,-0.05,0.0,False,0.004105647977877666,0.43708360127785395,0.20528395447200898,0.07577747210701764,7.577747210701764e-06,7.577747210701764e-06,0.08741936992272455,0.0,0.47551584809815584,-3.601437836523612,-3.9011584080081905,0.47551584809815584
329.0,0.0,0.0,0.3875660829909276,4.108359879098692,7.635642403415628,77.51321659818552,1.0,0.0,7.917896612986885,0.14,0.0,False,0.004172359860902447,0.3875660829909276,0.20861957389953714,0.07577747210701764,7.577747210701764e-06,7.577747210701764e-06,0.07751556608262512,0.0,0.08594903624420791,-3.527282524316936,-3.8095367338881934,0.08594903624420791
330.0,0.0,0.0,0.37777501400221164,4.353165590980487,7.706081072366355,75.55500280044232,1.0,0.0,7.898218516653973,0.11,0.0,False,0.0041417072492609735,0.37777501400221153,0.20708693170357637,0.07577747210701764,7.577747210701764e-06,7.577747210701764e-06,0.07555729292993513,0.0,0.24480571188179567,-3.3529154813858675,-3.5450529256734855,0.24480571188179567
331.0,0.0,0.0,0.3508112711437191,4.753156513337485,7.487063405360191,70.16225422874382,1.0,0.0,7.886253153298735,0.29,0.0,False,0.003854408898496775,0.3508112711437191,0.19272190531165273,0.07577747210701764,7.577747210701764e-06,7.577747210701764e-06,0.07016438089993349,0.0,0.39999092235699774,-2.7339068920227056,-3.1330966399612503,0.39999092235699774
332.0,0.0,0.0,0.3067621338128184,4.9963652093931294,7.526354320385872,61.35242676256368,1.0,0.0,7.861411220374245,0.28,0.0,False,0.004075695879428146,0.3067621338128184,0.2037863382010614,0.07577747210701764,7.577747210701764e-06,7.577747210701764e-06,0.061354286401194835,0.0,0.24320869605564432,-2.5299891109927426,-2.865046010981115,0.24320869605564432
333.0,0.0,0.0,0.28178254193008406,5.854943052510545,7.606114974690649,56.35650838601681,1.0,0.0,7.820894079760859,0.1,0.0,False,0.004072022002635445,0.281782541930084,0.20360264296944083,0.07577747210701764,7.577747210701764e-06,7.577747210701764e-06,0.05635821659456929,0.0,0.8585778431174154,-1.751171922180104,-1.9659510272503145,0.8585778431174154
334.0,0.0,0.0,0.1939598531648513,5.803610234612004,7.5384384300477025,38.791970632970255,1.0,0.0,7.814297392537523,0.06,0.0,False,0.003976364010105908,0.1939598531648513,0.19881970709935975,0.07577747210701764,7.577747210701764e-06,7.577747210701764e-06,0.03879314644704924,0.0,-0.051332817898540384,-1.734828195435698,-2.0106871579255188,0.051332817898540384
335.0,0.0,0.0,0.1978062682463858,6.006323498289407,7.567443164891014,39.56125364927716,1.0,0.0,7.794615073095871,0.11,0.0,False,0.003979348661034134,0.1978062682463858,0.1989689407766175,0.07577747210701764,7.577747210701764e-06,7.577747210701764e-06,0.03956245278090838,0.0,0.20271326367740272,-1.5611196666016065,-1.7882915748064638,0.20271326367740272
336.0,0.0,0.0,0.17691078680963393,6.0836767453666445,7.672865303690733,35.38215736192679,1.0,0.0,7.781747863370733,-0.06,0.0,False,0.004048270710617609,0.17691078680963393,0.2024150693694847,0.07577747210701764,7.577747210701764e-06,7.577747210701764e-06,0.035383229821976954,0.0,0.07735324707723734,-1.5891885583240883,-1.6980711180040888,0.07735324707723734
337.0,0.0,0.0,0.1680221489577881,6.158346633627678,7.661539978204173,33.60442979155762,1.0,0.0,7.775498395646809,0.02,0.0,False,0.004148612676830653,0.1680221489577881,0.20743220569843956,0.07577747210701764,7.577747210701764e-06,7.577747210701764e-06,0.03360544836733556,0.0,0.07466988826103371,-1.503193344576495,-1.6171517620191311,0.07466988826103371
338.0,0.0,0.0,0.1625258414171901,6.340377240520012,7.746373338653561,32.50516828343802,1.0,0.0,7.763961896413053,0.16,0.0,False,0.003941584910732269,0.16252584141719012,0.19708073895331657,0.07577747210701764,7.577747210701764e-06,7.577747210701764e-06,0.03250615353976514,0.0,0.18203060689233386,-1.4059960981335493,-1.4235846558930412,0.18203060689233386
339.0,0.0,0.0,0.1446652766610487,5.833903063345528,7.825465018594303,28.93305533220974,1.0,0.0,7.783666626786651,0.03,0.0,False,0.004020340023644651,0.14466527666104867,0.20101852443825255,0.07577747210701764,7.577747210701764e-06,7.577747210701764e-06,0.028933932315081522,0.0,-0.5064741771744838,-1.991561955248775,-1.949763563441123,0.5064741771744838
340.0,0.0,0.0,0.19863098536719445,7.387311338513349,7.889304875499109,39.72619707343889,1.0,0.0,7.787084818975333,0.02,0.0,False,0.0042077199986022135,0.19863098536719448,0.21038759418203476,0.07577747210701764,7.577747210701764e-06,7.577747210701764e-06,0.03972740120463051,0.0,1.553408275167821,-0.5019935369857595,-0.3997734804619837,1.553408275167821
341.0,0.0,0.0,0.045485158444934816,7.5845969246057505,7.864355675164674,9.097031688986963,1.0,0.0,7.820288175787237,0.05,0.0,False,0.004194036097196373,0.045485158444934816,0.2097033939270855,0.07577747210701764,7.577747210701764e-06,7.577747210701764e-06,0.00909730742692351,0.0,0.1972855860924012,-0.27975875055892363,-0.23569125118148637,0.1972855860924012
342.0,0.0,0.0,0.027556345307514152,7.142407135909467,7.862734481393394,5.511269061502831,1.0,0.0,7.842180156714323,0.06,0.0,False,0.004080221204032674,0.02755634530751416,0.20401260614587605,0.07577747210701764,7.577747210701764e-06,7.577747210701764e-06,0.0055114361122519905,0.0,-0.44218978869628334,-0.720327345483927,-0.699773020804856,0.44218978869628334
343.0,0.0,0.0,0.0747628932576915,6.948141647596406,8.010049120964513,14.9525786515383,1.0,0.0,7.860170818431832,0.24,0.0,False,0.0038281508548929128,0.0747628932576915,0.19140899318261878,0.07577747210701764,7.577747210701764e-06,7.577747210701764e-06,0.014953031875548545,0.0,-0.19426548831306079,-1.061907473368107,-0.9120291708354253,0.19426548831306079
344.0,0.0,0.0,0.09648576310328533,6.0521349374223306,7.865936995843901,19.297152620657066,1.0,0.0,7.890064395201674,-0.15,0.0,False,0.0038614456511444325,0.09648576310328533,0.19307374561017218,0.07577747210701764,7.577747210701764e-06,7.577747210701764e-06,0.01929773753200252,0.0,-0.8960067101740758,-1.8138020584215706,-1.8379294577793432,0.8960067101740758
345.0,0.0,0.0,0.18895508619222617,6.231497647730794,7.9117309903309065,37.791017238445235,1.0,0.0,7.91303583586537,0.04,0.0,False,0.0037785356044097544,0.18895508619222617,0.18892821185986952,0.07577747210701764,7.577747210701764e-06,7.577747210701764e-06,0.03779216271286696,0.0,0.17936271030846385,-1.6802333426001121,-1.6815381881345752,0.17936271030846385
346.0,0.0,0.0,0.17405057172114194,6.06947590944331,7.90339919554579,34.81011434422839,1.0,0.0,7.941757392038458,-0.06,0.0,False,0.0038859535624623117,0.1740505717211419,0.194299150461804,0.07577747210701764,7.577747210701764e-06,7.577747210701764e-06,0.03481116946522042,0.0,-0.16202173828748467,-1.83392328610248,-1.872281482595148,0.16202173828748467
347.0,0.0,0.0,0.19245481871521214,6.332354794427422,7.9154951139634,38.49096374304243,1.0,0.0,7.972069310503931,-0.06,0.0,False,0.004144603490974369,0.19245481871521214,0.20723174488659557,0.07577747210701764,7.577747210701764e-06,7.577747210701764e-06,0.03849213043337407,0.0,0.2628788849841124,-1.5831403195359783,-1.6397145160765092,0.2628788849841124
348.0,0.0,0.0,0.1682859316124106,6.635846414621667,8.02823492606437,33.65718632248212,1.0,0.0,7.994097015293715,0.01,0.0,False,0.004041189715718172,0.1682859316124106,0.20206101694161338,0.07577747210701764,7.577747210701764e-06,7.577747210701764e-06,0.03365820649735056,0.0,0.3034916201942446,-1.3923885114427028,-1.358250600672048,0.3034916201942446
349.0,0.0,0.0,0.13805901672066825,7.003395411307894,7.91439458534287,27.61180334413365,1.0,0.0,8.01527787196397,-0.14,0.0,False,0.004238267203809608,0.13805901672066825,0.21191496601635446,0.07577747210701764,7.577747210701764e-06,7.577747210701764e-06,0.027612640278854638,0.0,0.3675489966862271,-0.9109991740349761,-1.0118824606560768,0.3675489966862271
350.0,0.0,0.0,0.10209450936793289,7.056318133465451,8.006545150095612,20.418901873586577,1.0,0.0,8.01648889064479,-0.09,0.0,False,0.004264970285769798,0.10209450936793289,0.2132501302318242,0.07577747210701764,7.577747210701764e-06,7.577747210701764e-06,0.020419520786003467,0.0,0.052922722157557445,-0.9502270166301603,-0.9601707571793394,0.052922722157557445
351.0,0.0,0.0,0.09613521826660582,7.888693271832798,7.912641611939829,19.227043653321164,1.0,0.0,8.024379187306401,0.07,0.0,False,0.004192640196251007,0.09613521826660584,0.20963359835092793,0.07577747210701764,7.577747210701764e-06,7.577747210701764e-06,0.019227626439610596,0.0,0.8323751383673468,-0.023948340107031285,-0.1356859154736032,0.8323751383673468
352.0,0.0,0.0,0.014172712513353052,8.112509490868517,7.976083509226795,2.8345425026706104,1.0,0.0,8.017706740550613,0.09,0.0,False,0.004040497706989163,0.014172712513353052,0.20202641624296958,0.07577747210701764,7.577747210701764e-06,7.577747210701764e-06,0.0028346284198057224,0.0,0.2238162190357187,0.1364259816417217,0.09480275031790342,0.2238162190357187
353.0,0.0,0.0,-0.003135166786831188,8.03954580604743,8.06098699397712,-0.6270333573662376,1.0,0.0,8.030425766827964,0.08,0.0,False,0.0039057041571477894,0.004071344982672687,0.19528668767932858,0.07577747210701764,7.577747210701764e-06,7.577747210701764e-06,-0.0006270523632233146,0.0,-0.07296368482108662,-0.02144118792969074,0.009120039219466136,0.07296368482108662
354.0,0.0,0.0,0.0067366108824298675,6.708908590012989,8.071904465783575,1.3473221764859735,1.0,0.0,8.081156635125136,0.02,0.0,False,0.003879225939653186,0.006860931380614605,0.19396276677233648,0.07577747210701764,7.577747210701764e-06,7.577747210701764e-06,0.0013473630148439686,0.0,-1.3306372160344413,-1.3629958757705865,-1.3722480451121477,1.3306372160344413
355.0,0.0,0.0,0.13974900688399647,6.931008188488667,7.9141569304825,27.949801376799293,1.0,0.0,8.106914467288446,0.03,0.0,False,0.004012357806412223,0.13974900688399647,0.20061941055226992,0.07577747210701764,7.577747210701764e-06,7.577747210701764e-06,0.027950648556497246,0.0,0.22209959847567795,-0.9831487419938334,-1.1759062787997792,0.22209959847567795
356.0,0.0,0.0,0.11847594462366148,6.8811547926849785,8.075179926602074,23.695188924732296,1.0,0.0,8.106451607985308,-0.02,0.0,False,0.003973552443301568,0.11847594462366148,0.19867912769387558,0.07577747210701764,7.577747210701764e-06,7.577747210701764e-06,0.023695907143896914,0.0,-0.049853395803688194,-1.194025133917095,-1.2252968153003296,0.049853395803688194
357.0,0.0,0.0,0.12196879682109811,6.944873852770894,7.935138365780792,24.393759364219623,1.0,0.0,8.115812523763227,0.04,0.0,False,0.0040766003270305785,0.1219687968210981,0.20383156092386678,0.07577747210701764,7.577747210701764e-06,7.577747210701764e-06,0.02439449875758459,0.0,0.06371906008591566,-0.9902645130098975,-1.1709386709923324,0.06371906008591566
358.0,0.0,0.0,0.11382536815797721,6.609502440227841,7.7226973073058005,22.765073631595442,1.0,0.0,8.100888973331454,0.06,0.0,False,0.00432096619621586,0.11382536815797721,0.21604994697027005,0.07577747210701764,7.577747210701764e-06,7.577747210701764e-06,0.022765763658259427,0.0,-0.33537141254305336,-1.1131948670779597,-1.4913865331036131,0.33537141254305336
359.0,0.0,0.0,0.1455563355925694,6.517884803721146,7.731999024062817,29.11126711851388,1.0,0.0,8.083170661343969,0.06,0.0,False,0.004308564661252008,0.1455563355925694,0.21542986552329257,0.07577747210701764,7.577747210701764e-06,7.577747210701764e-06,0.02911214950312019,0.0,-0.09161763650669474,-1.2141142203416706,-1.5652858576228228,0.09161763650669474
360.0,0.0,0.0,0.1528599824904126,6.53485948263798,7.8112686891703325,30.57199649808252,1.0,0.0,8.065120945609335,0.08,0.0,False,0.0043560396533283375,0.1528599824904126,0.21780363311478354,0.07577747210701764,7.577747210701764e-06,7.577747210701764e-06,0.03057292315850525,0.0,0.01697467891683413,-1.2764092065323522,-1.530261462971355,0.01697467891683413
361.0,0.0,0.0,0.1507598571632465,6.241320342347876,7.875191941558593,30.1519714326493,1.0,0.0,8.046542545340568,-0.07,0.0,False,0.004384664552452058,0.1507598571632465,0.219234888916582,0.07577747210701764,7.577747210701764e-06,7.577747210701764e-06,0.030152885361793433,0.0,-0.293539140290104,-1.6338715992107167,-1.8052222029926916,0.293539140290104
362.0,0.0,0.0,0.18091607786644798,6.358635697212884,7.9472540748440235,36.183215573289594,1.0,0.0,8.042515175274799,0.09,0.0,False,0.00429307216854204,0.180916077866448,0.2146552350178845,0.07577747210701764,7.577747210701764e-06,7.577747210701764e-06,0.03618431231402228,0.0,0.1173153548650081,-1.5886183776311391,-1.6838794780619146,0.1173153548650081
363.0,0.0,0.0,0.17286794504617153,6.970880344694287,8.141174462728857,34.573589009234304,1.0,0.0,8.050549667827575,0.21,0.0,False,0.004166963933234472,0.17286794504617156,0.2083497754716897,0.07577747210701764,7.577747210701764e-06,7.577747210701764e-06,0.03457463696096388,0.0,0.6122446474814023,-1.1702941180345707,-1.0796693231332881,0.6122446474814023
364.0,0.0,0.0,0.11270115479925585,6.599619218168026,8.113106627921665,22.540230959851172,1.0,0.0,8.087380645154019,-0.04,0.0,False,0.004221022684861534,0.11270115479925588,0.21105273353522053,0.07577747210701764,7.577747210701764e-06,7.577747210701764e-06,0.022540914171363086,0.0,-0.3712611265262602,-1.5134874097536386,-1.4877614269859922,0.3712611265262602
365.0,0.0,0.0,0.15391126794185386,7.114922593509905,8.358861411535813,30.78225358837077,1.0,0.0,8.097934593729915,0.28,0.0,False,0.004172094469068854,0.15391126794185386,0.208606304207304,0.07577747210701764,7.577747210701764e-06,7.577747210701764e-06,0.030783186621845524,0.0,0.5153033753418788,-1.2439388180259074,-0.9830120002200102,0.5153033753418788
366.0,0.0,0.0,0.10492622454132051,6.6974631509923155,8.314774377652853,20.985244908264104,1.0,0.0,8.13879021262063,0.18,0.0,False,0.004129215661517162,0.10492622454132051,0.20646234758348114,0.07577747210701764,7.577747210701764e-06,7.577747210701764e-06,0.020985880986968318,0.0,-0.4174594425175897,-1.6173112266605374,-1.4413270616283151,0.4174594425175897
367.0,0.0,0.0,0.1510545960214559,7.039894186937586,8.334007188921166,30.210919204291184,1.0,0.0,8.164224594143377,0.23,0.0,False,0.004105309655293753,0.1510545960214559,0.20526703821462713,0.07577747210701764,7.577747210701764e-06,7.577747210701764e-06,0.030211834920187024,0.0,0.34243103594527025,-1.2941130019835807,-1.1243304072057914,0.34243103594527025
368.0,0.0,0.0,0.12089910496018133,6.84660370110411,8.321689856114169,24.179820992036266,1.0,0.0,8.208066343884056,0.11,0.0,False,0.004120166556619484,0.12089910496018133,0.2060098889100058,0.07577747210701764,7.577747210701764e-06,7.577747210701764e-06,0.024180553900766757,0.0,-0.19329048583347586,-1.4750861550100591,-1.361462642779946,0.19329048583347586
369.0,0.0,0.0,0.14407333591664453,6.74786013888423,8.285078378815244,28.814667183328908,1.0,0.0,8.248931043682168,0.1,0.0,False,0.00401233521510011,0.14407333591664453,0.20061828097810472,0.07577747210701764,7.577747210701764e-06,7.577747210701764e-06,0.02881554057776602,0.0,-0.09874356221988023,-1.5372182399310148,-1.5010709047979383,0.09874356221988023
370.0,0.0,0.0,0.1569437799987778,7.749188155304923,8.484345758102478,31.38875599975556,1.0,0.0,8.287391647836523,0.09,0.0,False,0.003870744906555918,0.1569437799987778,0.19353871190411684,0.07577747210701764,7.577747210701764e-06,7.577747210701764e-06,0.03138970741677883,0.0,1.0013280164206932,-0.735157602797555,-0.5382034925316006,1.0013280164206932
371.0,0.0,0.0,0.06079074557356895,7.765816995665667,8.474389585523951,12.15814911471379,1.0,0.0,8.317357402886563,0.21,0.0,False,0.0037988904488277507,0.06079074557356895,0.18994596179296264,0.07577747210701764,7.577747210701764e-06,7.577747210701764e-06,0.012158517637443373,0.0,0.016628840360744412,-0.7085725898582842,-0.5515404072208954,0.016628840360744412
372.0,0.0,0.0,0.06372652414266072,7.872754979695962,8.49844293777258,12.745304828532145,1.0,0.0,8.357118643885746,0.24,0.0,False,0.003955965662591759,0.06372652414266072,0.1977997819949762,0.07577747210701764,7.577747210701764e-06,7.577747210701764e-06,0.012745691148397154,0.0,0.10693798403029486,-0.6256879580766181,-0.48436366418978416,0.10693798403029486
373.0,0.0,0.0,0.05843522705457842,7.374305286626736,8.65170994554432,11.687045410915683,1.0,0.0,8.403106382266802,0.34,0.0,False,0.0038153063653952536,0.058435227054578404,0.19076676384112112,0.07577747210701764,7.577747210701764e-06,7.577747210701764e-06,0.011687399654134362,0.0,-0.49844969306922593,-1.2774046589175843,-1.0288010956400662,0.49844969306922593
374.0,0.0,0.0,0.1166900757641531,6.660532232967665,8.731418394298194,23.33801515283062,1.0,0.0,8.457129390610687,0.48,0.0,False,0.0038699368817158254,0.1166900757641531,0.1934983103559618,0.07577747210701764,7.577747210701764e-06,7.577747210701764e-06,0.023338722545787064,0.0,-0.7137730536590716,-2.070886161330529,-1.7965971576430224,0.7137730536590716
375.0,0.0,0.0,0.19187425254472168,6.529413410992153,8.843522723184693,38.374850508944334,1.0,0.0,8.541250256663073,0.34,0.0,False,0.0037877701086895363,0.19187425254472168,0.1893899405726956,0.07577747210701764,7.577747210701764e-06,7.577747210701764e-06,0.038376013679795706,0.0,-0.1311188219755115,-2.3141093121925396,-2.0118368456709197,0.1311188219755115
376.0,0.0,0.0,0.20741386157263159,5.631459322593738,8.857575232019755,41.482772314526315,1.0,0.0,8.579347457143982,0.02,0.0,False,0.004021132907016101,0.20741386157263159,0.20105816890723854,0.07577747210701764,7.577747210701764e-06,7.577747210701764e-06,0.041484029688847006,0.0,-0.8979540883984152,-3.2261159094260172,-2.9478881345502437,0.8979540883984152
377.0,0.0,0.0,0.30277914358454233,5.860206241267465,8.862494822454321,60.555828716908465,1.0,0.0,8.603630613209015,0.33,0.0,False,0.004116895866876055,0.30277914358454233,0.20584635318361133,0.07577747210701764,7.577747210701764e-06,7.577747210701764e-06,0.06055766421004811,0.0,0.22874691867372743,-3.002288581186856,-2.7434243719415496,0.22874691867372743
378.0,0.0,0.0,0.2830892475897465,5.684816540822201,9.027125075706495,56.6178495179493,1.0,0.0,8.659365477629695,0.24,0.0,False,0.004097062970954135,0.2830892475897466,0.20485470087308172,0.07577747210701764,7.577747210701764e-06,7.577747210701764e-06,0.05661956564794989,0.0,-0.17538970044526447,-3.3423085348842942,-2.974548936807494,0.17538970044526447
379.0,0.0,0.0,0.30618235799051247,6.084057456460111,8.931422098757848,61.2364715981025,1.0,0.0,8.691205976102744,0.33,0.0,False,0.0041554010172748694,0.30618235799051247,0.20777162529266693,0.07577747210701764,7.577747210701764e-06,7.577747210701764e-06,0.061238327722044586,0.0,0.3992409156379102,-2.8473646422977366,-2.6071485196426325,0.3992409156379102
380.0,0.0,0.0,0.2719640065119252,6.481329674090481,9.069256413625387,54.39280130238504,1.0,0.0,8.746756129352784,0.46,0.0,False,0.004004308347462598,0.2719640065119252,0.20021693455495043,0.07577747210701764,7.577747210701764e-06,7.577747210701764e-06,0.05439444998948506,0.0,0.3972722176303698,-2.5879267395349066,-2.265426455262303,0.3972722176303698
381.0,0.0,0.0,0.23797156918948162,7.148563390228059,9.255158241934451,47.59431383789632,1.0,0.0,8.803800565303948,0.47,0.0,False,0.003936572331256048,0.23797156918948162,0.1968301080803025,0.07577747210701764,7.577747210701764e-06,7.577747210701764e-06,0.047595756457680195,0.0,0.6672337161375781,-2.106594851706392,-1.6552371750758894,0.6672337161375781
382.0,0.0,0.0,0.17729352580600558,6.723390071940552,9.32646674359696,35.45870516120112,1.0,0.0,8.861135530405027,0.45,0.0,False,0.0038327168740739993,0.17729352580600558,0.1916372958716801,0.07577747210701764,7.577747210701764e-06,7.577747210701764e-06,0.035459779941473195,0.0,-0.4251733182875066,-2.6030766716564075,-2.137745458464475,0.4251733182875066
383.0,0.0,0.0,0.2285986100102634,7.163867963637025,9.321677021855802,45.719722002052684,1.0,0.0,8.921565822564146,0.57,0.0,False,0.00401888127438085,0.22859861001026346,0.20094558642236082,0.07577747210701764,7.577747210701764e-06,7.577747210701764e-06,0.045721107801534905,0.0,0.44047789169647267,-2.1578090582187768,-1.7576978589271208,0.44047789169647267
384.0,0.0,0.0,0.1896699689250123,6.839696720535623,9.396546485817947,37.933993785002464,1.0,0.0,9.009462785167154,0.4,0.0,False,0.0038383157208601733,0.18966996892501237,0.19191724033232102,0.07577747210701764,7.577747210701764e-06,7.577747210701764e-06,0.03793514359315186,0.0,-0.3241712431014019,-2.5568497652823234,-2.1697660646315304,0.3241712431014019
385.0,0.0,0.0,0.23024041889871294,7.000062819746464,9.43904789610925,46.04808377974259,1.0,0.0,9.060639516441046,0.58,0.0,False,0.003852457297781908,0.23024041889871294,0.1926243245364725,0.07577747210701764,7.577747210701764e-06,7.577747210701764e-06,0.046049479532119575,0.0,0.1603660992108411,-2.438985076362785,-2.060576696694582,0.1603660992108411
386.0,0.0,0.0,0.21753409099533552,7.335959307117576,9.180699983378478,43.506818199067105,1.0,0.0,9.142188144707355,-0.14,0.0,False,0.004061404029665814,0.21753409099533552,0.2030717402979436,0.07577747210701764,7.577747210701764e-06,7.577747210701764e-06,0.043508136923755124,0.0,0.33589648737111144,-1.8447406762609022,-1.8062288375897788,0.33589648737111144
387.0,0.0,0.0,0.18707796853245331,6.918267460939798,9.122075202638893,37.41559370649066,1.0,0.0,9.175486150617381,-0.11,0.0,False,0.004271812179722905,0.18707796853245326,0.2135922275217867,0.07577747210701764,7.577747210701764e-06,7.577747210701764e-06,0.03741672780154012,0.0,-0.4176918461777781,-2.2038077416990953,-2.2572186896775834,0.4176918461777781
388.0,0.0,0.0,0.2290429526142044,6.83352273943849,9.129199863444105,45.80859052284088,1.0,0.0,9.206809873919818,-0.01,0.0,False,0.0041509240840518075,0.22904295261420438,0.2075477769352604,0.07577747210701764,7.577747210701764e-06,7.577747210701764e-06,0.04580997901599543,0.0,-0.0847447215013073,-2.295677124005615,-2.3732871344813278,0.0847447215013073
389.0,0.0,0.0,0.23835819228649455,7.0364456259855075,9.260292457446386,47.67163845729891,1.0,0.0,9.208783768561604,0.12,0.0,False,0.004096186007056031,0.23835819228649455,0.20481085234590599,0.07577747210701764,7.577747210701764e-06,7.577747210701764e-06,0.04767308342085069,0.0,0.20292288654701718,-2.223846831460879,-2.1723381425760966,0.20292288654701718
390.0,0.0,0.0,0.216176129369616,6.837992801947622,9.189681187808475,43.2352258739232,1.0,0.0,9.217194973209772,-0.05,0.0,False,0.0042611223446943,0.216176129369616,0.21305773172011308,0.07577747210701764,7.577747210701764e-06,7.577747210701764e-06,0.043236536366441654,0.0,-0.19845282403788556,-2.351688385860853,-2.3792021712621496,0.19845282403788556
391.0,0.0,0.0,0.23894272332054917,5.780129905259774,9.279266097988208,47.788544664109835,1.0,0.0,9.198288826084733,0.14,0.0,False,0.00424275302684775,0.23894272332054917,0.21213925886788318,0.07577747210701764,7.577747210701764e-06,7.577747210701764e-06,0.0477899931711775,0.0,-1.0578628966878476,-3.4991361927284332,-3.4181589208249585,1.0578628966878476
392.0,0.0,0.0,0.3461368545747975,6.33377475560682,9.305595593142279,69.2273709149595,1.0,0.0,9.227510567530869,0.09,0.0,False,0.004212140297814148,0.3461368545747975,0.21060861081742704,0.07577747210701764,7.577747210701764e-06,7.577747210701764e-06,0.06922946924912621,0.0,0.5536448503470455,-2.971820837535459,-2.8937358119240493,0.5536448503470455
393.0,0.0,0.0,0.2920648866485608,6.07964468044224,9.18647282494585,58.412977329712156,1.0,0.0,9.24162959788696,0.01,0.0,False,0.004081261285693597,0.2920648866485608,0.20406461062299602,0.07577747210701764,7.577747210701764e-06,7.577747210701764e-06,0.0584147478713995,0.0,-0.2541300751645794,-3.10682814450361,-3.1619849174447188,0.2541300751645794
394.0,0.0,0.0,0.3182988565554346,5.738653505979821,9.270828053509526,63.65977131108692,1.0,0.0,9.254534281786432,-0.04,0.0,False,0.004192536938548102,0.3182988565554346,0.20962843542665974,0.07577747210701764,7.577747210701764e-06,7.577747210701764e-06,0.06366170088708296,0.0,-0.34099117446241944,-3.5321745475297046,-3.515880775806611,0.34099117446241944
395.0,0.0,0.0,0.35334272034463693,6.113340144641848,9.09934284407157,70.66854406892739,1.0,0.0,9.262753845410204,-0.03,0.0,False,0.004047901231163944,0.35334272034463693,0.2023965952568104,0.07577747210701764,7.577747210701764e-06,7.577747210701764e-06,0.07067068608614646,0.0,0.3746866386620269,-2.986002699429722,-3.1494137007683563,0.3746866386620269
396.0,0.0,0.0,0.3173466951395662,6.3276219445168,9.34100787631675,63.469339027913236,1.0,0.0,9.272214586516862,-0.2,0.0,False,0.004096058569694355,0.3173466951395662,0.20480448042953778,0.07577747210701764,7.577747210701764e-06,7.577747210701764e-06,0.0634712628317622,0.0,0.21428179987495177,-3.0133859317999505,-2.944592642000062,0.21428179987495177
397.0,0.0,0.0,0.2975995147604232,6.6980413897773845,9.333151064849476,59.519902952084635,1.0,0.0,9.286927334689203,0.08,0.0,False,0.00407156005562409,0.2975995147604232,0.2035795454438472,0.07577747210701764,7.577747210701764e-06,7.577747210701764e-06,0.05952170704552792,0.0,0.3704194452605849,-2.6351096750720915,-2.5888859449118184,0.3704194452605849
398.0,0.0,0.0,0.26245788662534925,6.3802848786247175,9.408112837052169,52.49157732506985,1.0,0.0,9.303729848815673,0.07,0.0,False,0.004048483819708939,0.26245788662534925,0.20242572490479563,0.07577747210701764,7.577747210701764e-06,7.577747210701764e-06,0.052493168384627795,0.0,-0.317756511152667,-3.0278279584274514,-2.923444970190955,0.317756511152667
399.0,0.0,0.0,0.2960061754861544,6.543496469772428,9.346062431938218,59.20123509723088,1.0,0.0,9.32271969800679,0.14,0.0,False,0.00395492410240991,0.2960061754861544,0.19774770359124977,0.07577747210701764,7.577747210701764e-06,7.577747210701764e-06,0.05920302953160956,0.0,0.16321159114771078,-2.80256596216579,-2.779223228234361,0.16321159114771078
