t,mean_abs_delta_real,mean_abs_delta_planning,mean_action,price,v_true,total_demand,mean_k,xs_k_std,mean_belief,mean_correctness,mean_salience,regime_post,xs_action_std,xs_action_mean_abs,xs_belief_std,xs_sigma_mean,xs_rho_mean,xs_rho_max,mean_myopic_term,mean_hedging_term,ret,mispricing_true,mispricing_belief,vol_proxy
0.0,0.0,0.0,0.011428524363714793,0.803443107383087,0.14276643664379252,2.2857048727429587,3.0,0.0,0.0,-0.66,0.0,False,0.013619502434743984,0.014249762737540585,0.6809875762200338,0.18289189189189195,1.8289189189189194e-05,1.8289189189189194e-05,0.0022858720844401844,0.0,0.0,0.6606766707392945,0.803443107383087,0.0
1.0,0.0,0.0,-0.04992477110677976,0.9001751326749646,0.36819762721562155,-9.984954221355952,3.0,0.0,0.11429569455935994,0.29,0.0,False,0.010245223896326478,0.04992477110677977,0.5122664967047218,0.10349970779853253,1.0349970779853254e-05,1.0349970779853254e-05,-0.009985367593015281,0.0,0.09673202529187763,0.5319775054593431,0.7858794381156047,0.09673202529187763
2.0,0.0,0.0,-0.06541156297477825,1.254097234535241,0.26568941902942267,-13.082312594955651,3.0,0.0,0.3041695603191823,0.13,0.0,False,0.00882732392830315,0.06541156297477826,0.44136951790304596,0.07525469588680311,7.525469588680311e-06,7.525469588680309e-06,-0.01308270639417445,0.0,0.3539221018602764,0.9884078155058184,0.9499276742160587,0.3539221018602764
3.0,0.0,0.0,-0.10225605224452286,1.8962206139096338,0.2456039351793452,-20.451210448904572,3.0,0.0,0.24603489029078687,0.21,0.0,False,0.007764646297237823,0.10225605224452286,0.38823471029729567,0.061701082387537146,6.170108238753715e-06,6.170108238753715e-06,-0.020451715190518596,0.0,0.6421233793743928,1.6506166787302887,1.6501857236188469,0.6421233793743928
4.0,0.0,0.0,-0.16607003664301598,1.9869146679445668,0.21067417506460823,-33.214007328603195,3.0,0.0,0.23150516554449152,0.19,0.0,False,0.006760893478171532,0.16607003664301595,0.3380465086745535,0.05427584335912398,5.427584335912399e-06,5.4275843359123984e-06,-0.0332147284119931,0.0,0.09069405403493302,1.7762404928799587,1.7554095024000753,0.09069405403493302
5.0,0.0,0.0,-0.1704147359685002,1.310997299876474,0.3864166667699781,-34.08294719370004,3.0,0.0,0.23547517952299646,0.2,0.0,False,0.006357238903091615,0.1704147359685002,0.31786353164381564,0.049911266793667725,4.991126679366772e-06,4.991126679366772e-06,-0.03408362763953206,0.0,-0.6759173680680928,0.924580633106496,1.0755221203534777,0.6759173680680928
6.0,0.0,0.0,-0.09762541129985855,0.9251200136930335,0.40427718573191224,-19.52508225997171,3.0,0.0,0.28272478018280195,0.14,0.0,False,0.005830526970098427,0.09762541129985855,0.29152772564533863,0.04723896911451465,4.723896911451467e-06,4.723896911451466e-06,-0.019525451196132013,0.0,-0.3858772861834405,0.5208428279611212,0.6423952335102316,0.3858772861834405
7.0,0.0,0.0,-0.061209796454167124,1.0540295414003429,0.3790987464255129,-12.241959290833424,3.0,0.0,0.3347201282589434,0.0,0.0,False,0.005905856900762919,0.061209796454167124,0.29529419044451555,0.04556176663690604,4.5561766636906065e-06,4.556176663690606e-06,-0.012242182395933872,0.0,0.12890952770730935,0.67493079497483,0.7193094131413995,0.12890952770730935
8.0,0.0,0.0,-0.0702047174623836,0.6233390001134484,0.4725224322400203,-14.040943492476721,3.0,0.0,0.31300810501905263,0.13,0.0,False,0.00556675835786656,0.0702047174623836,0.2783391562937297,0.044492694745204016,4.449269474520401e-06,4.449269474520402e-06,-0.014041193379130002,0.0,-0.43069054128689443,0.15081656787342818,0.3103308950943958,0.43069054128689443
9.0,0.0,0.0,-0.020987042882284077,0.31305079782586315,0.5525935850870317,-4.197408576456815,3.0,0.0,0.3519667487911884,0.1,0.0,False,0.005464392695676199,0.02098704288228408,0.2732208316092422,0.04380451768299382,4.380451768299385e-06,4.380451768299384e-06,-0.004197482122317932,0.0,-0.3102882022875853,-0.23954278726116857,-0.03891595096532524,0.3102882022875853
10.0,0.0,0.0,0.007924971131867442,0.8950921876675306,0.367438999702252,1.5849942263734884,3.0,0.0,0.41346397465415263,0.11,0.0,False,0.00524381382223641,0.008276520690325674,0.2621918279370777,0.0433587192744284,4.335871927442841e-06,4.3358719274428405e-06,0.0015850217155821838,0.0,0.5820413898416674,0.5276531879652786,0.481628213013378,0.5820413898416674
11.0,0.0,0.0,-0.054946705553123545,0.8484077213796073,0.34391857983198837,-10.989341110624709,3.0,0.0,0.3923022272275304,-0.06,0.0,False,0.00522833980492991,0.054946705553123545,0.2614181161367762,0.04306874926707378,4.3068749267073785e-06,4.306874926707378e-06,-0.010989530428680106,0.0,-0.04668446628792333,0.5044891415476189,0.4561054941520769,0.04668446628792333
12.0,0.0,0.0,-0.05021397713995028,1.5444348839773763,0.36301135388061817,-10.042795427990056,3.0,0.0,0.3456132997068725,0.06,0.0,False,0.005297269387854788,0.05021397713995028,0.264864605117653,0.042879635920764284,4.287963592076431e-06,4.28796359207643e-06,-0.010042967679816066,0.0,0.696027162597769,1.1814235300967582,1.1988215842705037,0.696027162597769
13.0,0.0,0.0,-0.12295781509131315,1.1103390230664618,0.28490580354978634,-24.59156301826263,3.0,0.0,0.34625718419481566,-0.12,0.0,False,0.005455717921380393,0.12295781509131315,0.2727870623947317,0.04275608559413131,4.2756085594131314e-06,4.275608559413132e-06,-0.024591983592053737,0.0,-0.43409586091091446,0.8254332195166755,0.7640818388716462,0.43409586091091446
14.0,0.0,0.0,-0.08643921081705734,1.2889714037357876,0.056158309444777454,-17.28784216341147,3.0,0.0,0.3148304470899125,0.2,0.0,False,0.005294991709914414,0.08643921081705734,0.2647507153219123,0.042675277071923805,4.26752770719238e-06,4.267527707192379e-06,-0.01728813726753382,0.0,0.17863238066932574,1.23281309429101,0.9741409566458751,0.17863238066932574
15.0,0.0,0.0,-0.10708583765840012,1.4264910229207814,0.06534508187195286,-21.417167531680022,3.0,0.0,0.2459284708095311,-0.02,0.0,False,0.005601711727372463,0.10708583765840012,0.2800867801601883,0.04262238484319971,4.2622384843199725e-06,4.262238484319972e-06,-0.02141753267042642,0.0,0.1375196191849939,1.3611459410488287,1.1805625521112504,0.1375196191849939
16.0,0.0,0.0,-0.1270216025297723,0.9136751330726638,0.11385557673641375,-25.40432050595446,3.0,0.0,0.21809020588286715,0.12,0.0,False,0.00541508725922079,0.1270216025297723,0.2707555160429003,0.04258774810914817,4.2587748109148164e-06,4.258774810914817e-06,-0.025404753269232437,0.0,-0.5128158898481177,0.79981955633625,0.6955849271897967,0.5128158898481177
17.0,0.0,0.0,-0.07300646866752844,1.993334956493753,0.16238855006450606,-14.601293733505688,3.0,0.0,0.15624794980299467,0.11,0.0,False,0.005054021283151631,0.07300646866752844,0.2527021397811491,0.042565058879555154,4.256505887955516e-06,4.256505887955516e-06,-0.014601542334418514,0.0,1.0796598234210892,1.8309464064292469,1.8370870066907583,1.0796598234210892
18.0,0.0,0.0,-0.18194843375355066,1.5971364706411804,0.09793513702488316,-36.38968675071013,3.0,0.0,0.18359490877419204,-0.02,0.0,False,0.005156356979476111,0.18194843375355066,0.2578189459937269,0.042550192925283656,4.255019292528367e-06,4.2550192925283665e-06,-0.03639030610335145,0.0,-0.39619848585257267,1.4992013336162973,1.4135415618669884,0.39619848585257267
19.0,0.0,0.0,-0.14488231920766884,2.547590666673825,0.2509738695299319,-28.976463841533768,3.0,0.0,0.1738119092534543,-0.04,0.0,False,0.005337690458345628,0.1448823192076688,0.26688565825609034,0.0425404514451206,4.254045144512061e-06,4.254045144512061e-06,-0.028976956908177476,0.0,0.9504541960326447,2.2966167971438933,2.3737787574203706,0.9504541960326447
20.0,0.0,0.0,-0.23911459003537217,3.4624022453563224,0.17534041972618308,-47.822918007074435,3.0,0.0,0.14828246176816456,0.03,0.0,False,0.005291184400570913,0.23911459003537217,0.2645603453065153,0.04253406740151187,4.253406740151185e-06,4.253406740151186e-06,-0.047823731644900835,0.0,0.9148115786824973,3.2870618256301394,3.3141197835881577,0.9148115786824973
21.0,0.0,0.0,-0.32954124953554415,2.836983591654571,0.2534170979072683,-65.90824990710883,3.0,0.0,0.15639391373965736,0.11,0.0,False,0.0052689273127463415,0.32954124953554415,0.26344748607163826,0.04252988339718566,4.252988339718564e-06,4.252988339718564e-06,-0.06590937113041362,0.0,-0.6254186537017512,2.583566493747303,2.680589677914914,0.6254186537017512
22.0,0.0,0.0,-0.26159605226121374,2.0903489815749126,0.32058596418704405,-52.31921045224274,3.0,0.0,0.16691967324629656,0.07,0.0,False,0.005085703759048176,0.2615960522612137,0.254286269354617,0.042527141159834476,4.252714115983449e-06,4.252714115983449e-06,-0.05232010044303715,0.0,-0.7466346100796586,1.7697630173878685,1.923429308328616,0.7466346100796586
23.0,0.0,0.0,-0.18114999561921333,1.6864587912612485,0.4349792313675713,-36.22999912384267,3.0,0.0,0.22096744438122845,0.12,0.0,False,0.00525458315212966,0.18114999561921338,0.26273027487125905,0.04252534382553204,4.252534382553201e-06,4.252534382553203e-06,-0.03623061539848976,0.0,-0.403890190313664,1.2514795598936772,1.4654913468800201,0.403890190313664
24.0,0.0,0.0,-0.14031270067655818,2.5971307391841743,0.40824362589567764,-28.062540135311636,3.0,0.0,0.27881050805354035,0.0,0.0,False,0.005330549785452917,0.14031270067655816,0.26652862265855987,0.04252416578609152,4.252416578609152e-06,4.252416578609151e-06,-0.02806301746772544,0.0,0.9106719479229257,2.1888871132884966,2.3183202311306337,0.9106719479229257
25.0,0.0,0.0,-0.23201451491490988,3.0327010115233843,0.23959380329462637,-46.40290298298198,3.0,0.0,0.28330195109294026,-0.09,0.0,False,0.005244269975783777,0.23201451491490993,0.26221461380997163,0.042523393647102156,4.252339364710216e-06,4.252339364710216e-06,-0.04640369226318963,0.0,0.4355702723392101,2.793107208228758,2.749399060430444,0.4355702723392101
26.0,0.0,0.0,-0.28354794085317236,3.1325336385807976,-0.05222989245386783,-56.709588170634476,3.0,0.0,0.27693625981232906,0.21,0.0,False,0.00545246591703656,0.28354794085317236,0.27262445512480327,0.042522887549586885,4.252288754958689e-06,4.252288754958688e-06,-0.056710552748709106,0.0,0.09983262705741325,3.1847635310346654,2.8555973787684685,0.09983262705741325
27.0,0.0,0.0,-0.29783222120288444,2.517173650870685,-0.06269332679194645,-59.566444240576885,3.0,0.0,0.19716131660564198,0.23,0.0,False,0.005194498184764051,0.29783222120288444,0.25972601365489784,0.04252255582707921,4.252255582707923e-06,4.252255582707922e-06,-0.05956745740324891,0.0,-0.6153599877101126,2.5798669776626313,2.320012334265043,0.6153599877101126
28.0,0.0,0.0,-0.24597232163771018,1.8146361936652602,-0.25128035492732764,-49.194464327542036,3.0,0.0,0.15414810361568765,0.46,0.0,False,0.004797664775923051,0.24597232163771018,0.23988425883577819,0.04252233839831703,4.252233839831701e-06,4.252233839831702e-06,-0.04919530106944781,0.0,-0.7025374572054248,2.065916548592588,1.6604880900495727,0.7025374572054248
29.0,0.0,0.0,-0.18488092289226368,1.9773336784131983,-0.356265271729331,-36.97618457845274,3.0,0.0,0.05739813790209608,0.36,0.0,False,0.004538642345913307,0.18488092289226365,0.22693308226085973,0.04252219588353538,4.252219588353537e-06,4.252219588353538e-06,-0.03697681349920392,0.0,0.1626974847479381,2.3335989501425294,1.9199355405111023,0.1626974847479381
30.0,0.0,0.0,-0.206895279043035,1.6336599088732262,-0.286393061711204,-41.379055808607,3.0,0.0,-0.03421234297146961,0.23,0.0,False,0.0047845895190934086,0.20689527904303504,0.23923049320869957,0.042522102471379226,4.2522102471379225e-06,4.2522102471379225e-06,-0.04137975961539478,0.0,-0.3436737695399721,1.9200529705844303,1.6678722518446958,0.3436737695399721
31.0,0.0,0.0,-0.18189277480020816,2.155567512129018,-0.384924733098686,-36.37855496004163,3.0,0.0,-0.09166310012843415,0.25,0.0,False,0.004944032003608331,0.18189277480020816,0.24720265133208041,0.042522041243776856,4.252204124377685e-06,4.252204124377686e-06,-0.03637917371357631,0.0,0.5219076032557917,2.540492245227704,2.247230612257452,0.5219076032557917
32.0,0.0,0.0,-0.24185922661500941,1.7429636563408188,-0.4422958609382054,-48.371845323001885,3.0,0.0,-0.1853065113892146,0.29,0.0,False,0.004794358643222428,0.24185922661500941,0.23971895148973918,0.04252200111172609,4.252200111172611e-06,4.25220011117261e-06,-0.048372668066567676,0.0,-0.412603855788199,2.1852595172790243,1.9282701677300333,0.412603855788199
33.0,0.0,0.0,-0.20285506730679423,0.687271201661301,-0.29037825587981636,-40.571013461358845,3.0,0.0,-0.2630761757125927,0.03,0.0,False,0.004651204176127405,0.20285506730679423,0.23256119769830422,0.04252197480688926,4.2521974806889265e-06,4.252197480688927e-06,-0.0405717035222695,0.0,-1.0556924546795179,0.9776494575411173,0.9503473773738936,1.0556924546795179
34.0,0.0,0.0,-0.09849679863256659,0.4377083074378373,-0.2967870076791993,-19.69935972651332,3.0,0.0,-0.2856301457174316,-0.08,0.0,False,0.004925304785261526,0.09849679863256658,0.24626628643108167,0.042521957565193544,4.2521957565193565e-06,4.252195756519356e-06,-0.019699694787223908,0.0,-0.24956289422346367,0.7344953151170366,0.7233384531552689,0.24956289422346367
35.0,0.0,0.0,-0.07863080042530167,0.8074349858410401,-0.39761310314810905,-15.726160085060334,3.0,0.0,-0.2977177260478234,0.03,0.0,False,0.004782611726446845,0.07863080042530166,0.2391316031521364,0.04252194626399751,4.252194626399752e-06,4.252194626399751e-06,-0.015726427566696576,0.0,0.36972667840320284,1.205048088989149,1.1051527118888635,0.36972667840320284
36.0,0.0,0.0,-0.11743464447732933,1.2247047556729593,-0.3707655412972108,-23.486928895465866,3.0,0.0,-0.3486164144885311,0.01,0.0,False,0.004853476636087246,0.11743464447732933,0.2426748637005461,0.04252193885654483,4.2521938856544815e-06,4.252193885654482e-06,-0.023487328377668946,0.0,0.4172697698319192,1.5954702969701702,1.5733211701614904,0.4172697698319192
37.0,0.0,0.0,-0.15889394541444682,0.7900872973448119,-0.3984971051162513,-31.778789082889364,3.0,0.0,-0.366936426676113,0.06,0.0,False,0.004982900617981042,0.15889394541444682,0.24914609031190815,0.04252193400127473,4.2521934001274746e-06,4.252193400127474e-06,-0.031779329598819774,0.0,-0.43461745832814747,1.1885844024610632,1.157023724020925,0.43461745832814747
38.0,0.0,0.0,-0.11755682150509282,0.14510984724457565,-0.45319759583944763,-23.511364301018563,3.0,0.0,-0.36426848086080826,0.15,0.0,False,0.004814142132056789,0.11755682150509282,0.24070813013593284,0.042521930818851625,4.2521930818851625e-06,4.2521930818851625e-06,-0.023511764198760613,0.0,-0.6449774501002362,0.5983074430840233,0.5093783281053839,0.6449774501002362
39.0,0.0,0.0,-0.05566135889236546,0.277694179477841,-0.5684723444768541,-11.132271778473092,3.0,0.0,-0.38550591142127205,0.13,0.0,False,0.004808078027342017,0.05566135889236547,0.24040492361085694,0.04252192873290852,4.252192873290852e-06,4.252192873290853e-06,-0.011132461123934838,0.0,0.13258433223326532,0.8461665239546952,0.663200090899113,0.13258433223326532
40.0,0.0,0.0,-0.06838925570337846,0.22845130755066723,-0.49526247632958764,-13.677851140675694,3.0,0.0,-0.4115155758207589,-0.06,0.0,False,0.005088120103133504,0.06838925570337846,0.2544070869400425,0.04252192736566145,4.2521927365661454e-06,4.252192736566145e-06,-0.013678083783123535,0.0,-0.04924287192717375,0.7237137838802549,0.6399668833714262,0.04924287192717375
41.0,0.0,0.0,-0.06648823569739908,-0.35223484337406097,-0.5627142813661287,-13.297647139479816,3.0,0.0,-0.4062129177707614,0.07,0.0,False,0.005199766892098648,0.06648823569739908,0.25998945012545965,0.04252192646948904,4.252192646948904e-06,4.252192646948905e-06,-0.013297873315147616,0.0,-0.5806861509247282,0.2104794379920677,0.05397807439670044,0.5806861509247282
42.0,0.0,0.0,-0.010987077204858954,-0.19920856275648222,-0.6903321659628896,-2.197415440971791,3.0,0.0,-0.43644518546267,0.01,0.0,False,0.005231197744215634,0.011058269946970794,0.26156099941379546,0.04252192588208612,4.252192588208611e-06,4.252192588208612e-06,-0.002197452816147471,0.0,0.15302628061757875,0.49112360320640736,0.2372366227061878,0.15302628061757875
43.0,0.0,0.0,-0.03403896869143241,0.4721864356313564,-0.6774323537424457,-6.807793738286481,3.0,0.0,-0.4621079513810634,0.17,0.0,False,0.005342602819938819,0.0340389686914324,0.2671312768857363,0.042521925497068444,4.252192549706844e-06,4.252192549706844e-06,-0.006807909529993366,0.0,0.6713949983878387,1.1496187893738021,0.9342943870124198,0.6713949983878387
44.0,0.0,0.0,-0.10843189632738007,0.8610194781646632,-0.8073597505791033,-21.686379265476013,3.0,0.0,-0.5396054866832596,0.22,0.0,False,0.005558945865596454,0.10843189632738007,0.27794847516522536,0.042521925244705674,4.2521925244705684e-06,4.252192524470569e-06,-0.021686748122546735,0.0,0.38883304253330675,1.6683792287437664,1.4006249648479228,0.38883304253330675
45.0,0.0,0.0,-0.1526645945964231,0.7752269310772076,-0.882699795445179,-30.53291891928462,3.0,0.0,-0.6121555813073927,0.17,0.0,False,0.0054891961943185534,0.1526645945964231,0.2744609767718742,0.04252192507929264,4.252192507929263e-06,4.2521925079292635e-06,-0.03053343824447262,0.0,-0.08579254708745554,1.6579267265223865,1.3873825123846002,0.08579254708745554
46.0,0.0,0.0,-0.15256273310387367,0.20312885406524894,-0.8907512682012633,-30.512546620774735,3.0,0.0,-0.665658925761835,0.15,0.0,False,0.005590203947380416,0.15256273310387367,0.27951138590018487,0.042521924970871386,4.252192497087138e-06,4.252192497087139e-06,-0.030513065599455137,0.0,-0.5720980770119587,1.0938801222665122,0.868787779827084,0.5720980770119587
47.0,0.0,0.0,-0.10381159550751531,-0.36956919221154017,-1.0691497309322995,-20.762319101503063,3.0,0.0,-0.7504328362669793,0.25,0.0,False,0.005556884535699105,0.10381159550751534,0.2778454082320897,0.04252192489980588,4.252192489980587e-06,4.252192489980588e-06,-0.020762672241510877,0.0,-0.5726980462767891,0.6995805387207593,0.38086364405543915,0.5726980462767891
48.0,0.0,0.0,-0.05881851098760965,-0.633319093251934,-1.2478282875829165,-11.76370219752193,3.0,0.0,-0.8350091723542434,0.46,0.0,False,0.005265555402000582,0.05881851098760965,0.2632788896077846,0.04252192485322546,4.252192485322546e-06,4.252192485322545e-06,-0.011763902282775456,0.0,-0.26374990104039386,0.6145091943309825,0.2016900791023094,0.26374990104039386
49.0,0.0,0.0,-0.04118711200562596,-0.8572532618901985,-1.2142800628529449,-8.237422401125192,3.0,0.0,-0.9577668074691572,0.29,0.0,False,0.004861427584404809,0.04118711200562596,0.24307241280653186,0.04252192482269396,4.252192482269395e-06,4.252192482269396e-06,-0.008237562508951855,0.0,-0.22393416863826443,0.3570268009627464,0.10051354557895875,0.22393416863826443
50.0,0.0,0.0,-0.021748567213870876,-1.1484065069422233,-1.142729279086542,-4.349713442774175,3.0,0.0,-1.0451989700845954,-0.02,0.0,False,0.005091348542783124,0.021748567213870876,0.25456850960885563,0.04252192480268187,4.252192480268186e-06,4.252192480268186e-06,-0.0043497874257347555,0.0,-0.2911532450520249,-0.005677227855681366,-0.10320753685762796,0.2911532450520249
51.0,0.0,0.0,0.003149203827758184,-1.9852605929038811,-1.1506767565789775,0.6298407655516368,3.0,0.0,-1.0747435579836053,-0.04,0.0,False,0.005197968884493871,0.0049027428027396255,0.25989954936290344,0.04252192478956478,4.252192478956478e-06,4.252192478956478e-06,0.0006298514783227487,0.0,-0.8368540859616578,-0.8345838363249036,-0.9105170349202758,0.8368540859616578
52.0,0.0,0.0,0.08458616045305128,-1.2305180904362747,-1.276669256867619,16.917232090610256,3.0,0.0,-1.1169137991136,0.01,0.0,False,0.005229152419257479,0.08458616045305128,0.2614587327310032,0.0425219247809671,4.252192478096709e-06,4.25219247809671e-06,0.016917519830694908,0.0,0.7547425024676064,0.046151166431344315,-0.11360429132267469,0.7547425024676064
53.0,0.0,0.0,0.004913594478722969,-1.0116861074741514,-1.308446764239397,0.9827188957445937,3.0,0.0,-1.1393810045416073,0.17,0.0,False,0.005038573392078308,0.005849391683263935,0.25192974085310915,0.04252192477533167,4.252192477533166e-06,4.252192477533167e-06,0.0009827356105131027,0.0,0.21883198296212325,0.29676065676524566,0.12769489706745585,0.21883198296212325
54.0,0.0,0.0,-0.020294998029006635,-0.8405308431053414,-1.2737525885469758,-4.058999605801327,3.0,0.0,-1.1813811009715711,-0.09,0.0,False,0.0055324140597259345,0.020294998029006635,0.27662187923076903,0.0425219247716379,4.25219247716379e-06,4.252192477163789e-06,-0.004059068644098117,0.0,0.17115526436881,0.4332217454416344,0.3408502578662297,0.17115526436881
55.0,0.0,0.0,-0.03639587384152605,-1.2383523986601417,-1.2940148105821443,-7.279174768305211,3.0,0.0,-1.2146404026761148,0.02,0.0,False,0.005403062362707823,0.03639587384152605,0.27015426687844774,0.04252192476921678,4.252192476921676e-06,4.252192476921677e-06,-0.007279298577587502,0.0,-0.39782155555480025,0.05566241192200261,-0.023711995984026846,0.39782155555480025
56.0,0.0,0.0,-0.0026009218310765556,-1.4449934788844288,-1.3043471377399112,-0.5201843662153112,3.0,0.0,-1.204497319633649,0.02,0.0,False,0.005662417014205469,0.005027982006950581,0.28312205459462486,0.04252192476762984,4.2521924767629835e-06,4.252192476762984e-06,-0.0005201932138738832,0.0,-0.20664108022428707,-0.14064634114451757,-0.24049615925077972,0.20664108022428707
57.0,0.0,0.0,0.013109461996583567,-2.239077766309371,-1.3781835108514624,2.6218923993167134,3.0,0.0,-1.2643621699519194,0.19,0.0,False,0.005513083052153686,0.013210614025947318,0.2756553247421981,0.042521924766589676,4.252192476658967e-06,4.252192476658967e-06,0.0026219369942916265,0.0,-0.7940842874249423,-0.8608942554579087,-0.9747155963574516,0.7940842874249423
58.0,0.0,0.0,0.08583452573100285,-1.9477135279602824,-1.4202493118258603,17.16690514620057,3.0,0.0,-1.3138960717208092,0.15,0.0,False,0.00538329389258684,0.08583452573100285,0.26916583916943143,0.04252192476590788,4.252192476590789e-06,4.2521924765907885e-06,0.017167197132898625,0.0,0.29136423834908864,-0.5274642161344221,-0.6338174562394732,0.29136423834908864
59.0,0.0,0.0,0.056220608266574636,-1.0986263536618102,-1.4881172130805496,11.244121653314927,3.0,0.0,-1.3807142597531152,-0.04,0.0,False,0.005389367760315371,0.056220608266574636,0.2694695338472208,0.04252192476546101,4.252192476546101e-06,4.252192476546101e-06,0.011244312901179707,0.0,0.8490871742984722,0.3894908594187394,0.2820879060913051,0.8490871742984722
60.0,0.0,0.0,-0.029727615809050652,-2.0031897225444,-1.4103778469678732,-5.94552316181013,3.0,0.0,-1.3854954922521607,-0.02,0.0,False,0.005303388199357149,0.029727615809050655,0.2651705375192275,0.04252192476516809,4.252192476516809e-06,4.2521924765168095e-06,-0.005945624287415558,0.0,-0.90456336888259,-0.592811875576527,-0.6176942302922395,0.90456336888259
61.0,0.0,0.0,0.05911756529228179,-1.5213284752085188,-1.3315932500714251,11.823513058456358,3.0,0.0,-1.3959088321295312,-0.01,0.0,False,0.005269546839546279,0.05911756529228178,0.2634784623336852,0.042521924764976085,4.25219247649761e-06,4.25219247649761e-06,0.011823714161014328,0.0,0.4818612473358814,-0.18973522513709362,-0.12541964307898756,0.4818612473358814
62.0,0.0,0.0,0.009274047443455148,-2.0732705299466523,-1.4657517760994998,1.8548094886910296,3.0,0.0,-1.412001500658264,-0.05,0.0,False,0.005251042868732776,0.009380703236954759,0.2625532598588878,0.04252192476485026,4.252192476485025e-06,4.252192476485025e-06,0.0018548410365846954,0.0,-0.5519420547381335,-0.6075187538471525,-0.6612690292883883,0.5519420547381335
63.0,0.0,0.0,0.05852048171990343,-2.3613067218939046,-1.466990144821013,11.704096343980686,3.0,0.0,-1.4285860290222288,0.04,0.0,False,0.005284310451251153,0.05852048171990343,0.26421664605781486,0.04252192476476777,4.252192476476778e-06,4.252192476476777e-06,0.011704295415415874,0.0,-0.2880361919472523,-0.8943165770728916,-0.9327206928716758,0.2880361919472523
64.0,0.0,0.0,0.08348753782862715,-1.9686767907538703,-1.6884357187522725,16.69750756572543,3.0,0.0,-1.4880532707300134,0.04,0.0,False,0.005681492154350525,0.08348753782862715,0.28407581565743595,0.04252192476471372,4.252192476471372e-06,4.25219247647137e-06,0.016697791568581994,0.0,0.3926299311400343,-0.28024107200159776,-0.4806235200238569,0.3926299311400343
65.0,0.0,0.0,0.03896067495293423,-1.9953557700432256,-1.7195481233692087,7.792134990586847,3.0,0.0,-1.5264135933536207,0.05,0.0,False,0.00566071141849296,0.03896067495293423,0.2830367744463732,0.04252192476467826,4.252192476467827e-06,4.252192476467827e-06,0.007792267524654422,0.0,-0.026678979289355365,-0.2758076466740169,-0.4689421766896049,0.026678979289355365
66.0,0.0,0.0,0.03954223689881598,-1.6246920815866306,-1.8456499096500933,7.908447379763197,3.0,0.0,-1.579061757810082,0.14,0.0,False,0.005166394886320358,0.03954223689881598,0.2583208427412912,0.04252192476465504,4.252192476465504e-06,4.252192476465505e-06,0.007908581892153025,0.0,0.37066368845659503,0.22095782806346276,-0.04563032377654852,0.37066368845659503
67.0,0.0,0.0,-0.0007021158232238446,-1.6509142923994338,-1.73576048379248,-0.14042316464476892,3.0,0.0,-1.5999249939949534,-0.02,0.0,False,0.00549664875335272,0.0044185147953243456,0.27483360630805975,0.042521924764639826,4.252192476463981e-06,4.252192476463982e-06,-0.0001404255530599099,0.0,-0.02622221081280318,0.08484619139304628,-0.05098929840448041,0.02622221081280318
68.0,0.0,0.0,-0.0026648923572222412,-2.184193897191416,-1.7798463806457396,-0.5329784714444482,3.0,0.0,-1.63171338909545,0.23,0.0,False,0.005438318505603076,0.004927233599394854,0.27191708151900545,0.042521924764629834,4.252192476462983e-06,4.252192476462984e-06,-0.0005329875367140869,0.0,-0.5332796047919821,-0.40434751654567624,-0.5524805080959658,0.5332796047919821
69.0,0.0,0.0,0.0475389251805996,-2.6553286347404974,-1.7660373112777852,9.50778503611992,3.0,0.0,-1.6775637825534178,0.04,0.0,False,0.00534069337258382,0.0475389251805996,0.2670358041119999,0.0425219247646233,4.252192476462331e-06,4.25219247646233e-06,0.009507946751160276,0.0,-0.47113473754908153,-0.8892913234627122,-0.9777648521870796,0.47113473754908153
70.0,0.0,0.0,0.09096373030653336,-3.1888847093904795,-1.7510622660630286,18.19274606130667,3.0,0.0,-1.7087945381524199,-0.02,0.0,False,0.005544847281472971,0.09096373030653336,0.2772435429615432,0.04252192476461902,4.2521924764619006e-06,4.252192476461901e-06,0.018193055496222618,0.0,-0.5335560746499821,-1.437822443327451,-1.4800901712380596,0.5335560746499821
71.0,0.0,0.0,0.1434914263911361,-2.083362346567119,-1.897793698510808,28.69828527822722,3.0,0.0,-1.7456719919106813,0.11,0.0,False,0.00535212255660396,0.1434914263911361,0.26760726574296134,0.042521924764616206,4.25219247646162e-06,4.25219247646162e-06,0.02869877339868265,0.0,1.1055223628233604,-0.18556864805631124,-0.3376903546564378,1.1055223628233604
72.0,0.0,0.0,0.02734391992664799,-1.436607536051717,-2.0265069906063884,5.468783985329598,3.0,0.0,-1.7539399378209308,0.17,0.0,False,0.005490097889788053,0.02734391992664799,0.2745060617370497,0.04252192476461437,4.252192476461437e-06,4.252192476461436e-06,0.005468877002222539,0.0,0.6467548105154022,0.5898994545546714,0.31733240176921385,0.6467548105154022
73.0,0.0,0.0,-0.045211111768573155,-1.4919766958107301,-2.0688016887987644,-9.042222353714632,3.0,0.0,-1.8099173337201102,0.12,0.0,False,0.005737172781800205,0.045211111768573155,0.2868598588681571,0.042521924764613146,4.252192476461316e-06,4.252192476461315e-06,-0.009042376150140103,0.0,-0.05536915975901313,0.5768249929880342,0.3179406379093801,0.05536915975901313
74.0,0.0,0.0,-0.041512032669806145,-2.2356920854666007,-2.0571551348837853,-8.302406533961229,3.0,0.0,-1.8887282660549138,0.02,0.0,False,0.00544062992118109,0.041512032669806145,0.27203265278933536,0.042521924764612355,4.252192476461236e-06,4.2521924764612365e-06,-0.008302547747083158,0.0,-0.7437153896558706,-0.17853695058281538,-0.34696381941168686,0.7437153896558706
75.0,0.0,0.0,0.027646721319583616,-2.9425204192528422,-2.082621414830871,5.529344263916723,3.0,0.0,-1.9071058483664414,0.13,0.0,False,0.0055603092349745245,0.027646721319583616,0.27801664392398096,0.04252192476461185,4.252192476461185e-06,4.252192476461184e-06,0.005529438310861128,0.0,-0.7068283337862415,-0.8598990044219712,-1.0354145708864009,0.7068283337862415
76.0,0.0,0.0,0.09629299086591413,-3.2151969368741766,-2.191319989741273,19.258598173182826,3.0,0.0,-1.9592189943117453,0.05,0.0,False,0.005295922222624552,0.09629299086591413,0.2647972370952591,0.04252192476461149,4.252192476461149e-06,4.25219247646115e-06,0.019258925736854983,0.0,-0.2726765176213344,-1.0238769471329037,-1.2559779425624313,0.2726765176213344
77.0,0.0,0.0,0.1215435472974146,-3.983144540626194,-2.19201698562834,24.30870945948292,3.0,0.0,-1.979570037777137,0.12,0.0,False,0.0051703399090264135,0.1215435472974146,0.2585180947153437,0.04252192476461127,4.252192476461127e-06,4.252192476461128e-06,0.024309122918970694,0.0,-0.7679476037520172,-1.7911275549978538,-2.003574502849057,0.7679476037520172
78.0,0.0,0.0,0.19809197002673704,-4.083769559812369,-2.06080801080664,39.618394005347405,3.0,0.0,-1.999735622572163,-0.04,0.0,False,0.0050861140015779046,0.19809197002673698,0.25430678143567975,0.042521924764611134,4.252192476461113e-06,4.252192476461114e-06,0.03961906786262967,0.0,-0.10062501918617528,-2.0229615490057293,-2.084033937240206,0.10062501918617528
79.0,0.0,0.0,0.20034064000123739,-4.547687233379158,-2.15425176722621,40.06812800024748,3.0,0.0,-2.002182724099596,0.06,0.0,False,0.005292717066313458,0.20034064000123739,0.26463697859825736,0.042521924764611044,4.252192476461104e-06,4.2521924764611035e-06,0.04006880950691926,0.0,-0.4639176735667885,-2.3934354661529476,-2.5455045092795614,0.4639176735667885
80.0,0.0,0.0,0.24686915852831418,-4.468950592005795,-2.0893052923495303,49.37383170566284,3.0,0.0,-2.08032056545189,0.07,0.0,False,0.005152094126110388,0.24686915852831418,0.2576058016903134,0.042521924764610974,4.252192476461099e-06,4.2521924764610976e-06,0.04937467149023472,0.0,0.07873664137336256,-2.3796452996562647,-2.388630026553905,0.07873664137336256
81.0,0.0,0.0,0.24446961536000067,-4.908716711015348,-2.052527793873745,48.893923072000135,3.0,0.0,-2.07894316133709,0.03,0.0,False,0.005109951701721051,0.24446961536000067,0.25549867151096156,0.042521924764610926,4.252192476461093e-06,4.252192476461093e-06,0.04889475469395121,0.0,-0.439766119009553,-2.856188917141603,-2.829773549678258,0.439766119009553
82.0,0.0,0.0,0.2811931632946818,-5.25669082218248,-2.172076133815277,56.23863265893636,3.0,0.0,-2.0242024618128327,0.23,0.0,False,0.00507473725942144,0.28119316329468186,0.25373794190905186,0.04252192476461091,4.252192476461092e-06,4.252192476461091e-06,0.05623958920483161,0.0,-0.34797411116713217,-3.084614688367203,-3.2324883603696475,0.34797411116713217
83.0,0.0,0.0,0.31026901934866313,-5.785403538571917,-2.1272630482167334,62.053803869732626,3.0,0.0,-2.0967252936958634,0.02,0.0,False,0.004756110767215221,0.31026901934866313,0.23780654955568212,0.0425219247646109,4.25219247646109e-06,4.252192476461089e-06,0.06205485932411638,0.0,-0.5287127163894372,-3.658140490355184,-3.688678244876054,0.5287127163894372
84.0,0.0,0.0,0.35936088046170056,-6.048405735724785,-2.1815029665811156,71.87217609234011,3.0,0.0,-2.1539346625163645,0.15,0.0,False,0.004781837350939229,0.35936088046170056,0.2390928842116017,0.04252192476461088,4.252192476461087e-06,4.252192476461088e-06,0.07187339854444773,0.0,-0.26300219715286755,-3.8669027691436693,-3.8944710732084205,0.26300219715286755
85.0,0.0,0.0,0.38338375471087344,-6.889774932729916,-2.274475528185848,76.67675094217469,3.0,0.0,-2.191718330373304,0.02,0.0,False,0.00485592688038917,0.38338375471087344,0.24279737643624588,0.04252192476461086,4.252192476461086e-06,4.2521924764610866e-06,0.07667805511384294,0.0,-0.8413691970051307,-4.615299404544068,-4.698056602356612,0.8413691970051307
86.0,0.0,0.0,0.46187850300949607,-7.799388346848032,-2.2814085988136896,92.37570060189921,3.0,0.0,-2.2144866775401852,0.13,0.0,False,0.004793074699104746,0.46187850300949607,0.2396547540090461,0.04252192476461086,4.252192476461086e-06,4.2521924764610866e-06,0.09237727179225455,0.0,-0.909613414118116,-5.517979748034342,-5.584901669307847,0.909613414118116
87.0,0.0,0.0,0.5524524019453319,-7.148403276441658,-2.111357969196609,110.49048038906638,3.0,0.0,-2.2708917028201827,-0.03,0.0,False,0.004839022962910432,0.5524524019453319,0.24195217696837346,0.04252192476461086,4.252192476461086e-06,4.2521924764610866e-06,0.11049235968823284,0.0,0.6509850704063735,-5.037045307245049,-4.877511573621476,0.6509850704063735
88.0,0.0,0.0,0.49067083374840287,-6.9108101225543574,-2.087674222259702,98.13416674968057,3.0,0.0,-2.2747468706973617,0.0,0.0,False,0.004868058522716308,0.4906708337484029,0.24340396113190668,0.04252192476461086,4.252192476461086e-06,4.2521924764610866e-06,0.09813583588404516,0.0,0.23759315388730062,-4.823135900294655,-4.636063251856996,0.23759315388730062
89.0,0.0,0.0,0.4703194091579909,-6.067716403670244,-1.9599307793084244,94.06388183159818,3.0,0.0,-2.24159061761625,0.21,0.0,False,0.004936066737065526,0.4703194091579909,0.24680438630856844,0.04252192476461086,4.252192476461086e-06,4.2521924764610866e-06,0.09406548173571752,0.0,0.8430937188841137,-4.107785624361819,-3.8261257860539937,0.8430937188841137
90.0,0.0,0.0,0.39171057289005984,-6.082407055226895,-1.8423259047502611,78.34211457801197,3.0,0.0,-2.207516036541796,0.2,0.0,False,0.004919374703332991,0.39171057289005984,0.24596978107305464,0.04252192476461086,4.252192476461086e-06,4.2521924764610866e-06,0.07834344707534667,0.0,-0.014690651556651169,-4.240081150476634,-3.874891018685099,0.014690651556651169
91.0,0.0,0.0,0.39518288283339026,-5.603479783415137,-1.9358740731795452,79.03657656667805,3.0,0.0,-2.150527393332099,0.1,0.0,False,0.004577177379167977,0.3951828828333903,0.2288598421103596,0.04252192476461086,4.252192476461086e-06,4.2521924764610866e-06,0.07903792087590669,0.0,0.47892727181175765,-3.667605710235592,-3.452952390083038,0.47892727181175765
92.0,0.0,0.0,0.3482159123881937,-5.427651849879335,-2.0197855816608254,69.64318247763875,3.0,0.0,-2.130494207208936,-0.03,0.0,False,0.0048917127042935465,0.3482159123881937,0.24458667523987523,0.04252192476461086,4.252192476461086e-06,4.2521924764610866e-06,0.06964436701746807,0.0,0.1758279335358024,-3.4078662682185095,-3.297157642670399,0.1758279335358024
93.0,0.0,0.0,0.3363086142609304,-5.457737676517742,-1.8600076132558758,67.26172285218608,3.0,0.0,-2.1212466254790616,0.12,0.0,False,0.004977033504081471,0.3363086142609305,0.2488527333692945,0.04252192476461086,4.252192476461086e-06,4.2521924764610866e-06,0.06726286688648883,0.0,-0.030085826638407198,-3.5977300632618663,-3.3364910510386805,0.030085826638407198
94.0,0.0,0.0,0.33755860841201124,-4.76495302623281,-2.025562868788049,67.51172168240225,3.0,0.0,-2.064494204822068,-0.11,0.0,False,0.00541988937103659,0.33755860841201124,0.27099562087246987,0.04252192476461086,4.252192476461086e-06,4.2521924764610866e-06,0.06751286996885951,0.0,0.6927846502849322,-2.739390157444761,-2.700458821410742,0.6927846502849322
95.0,0.0,0.0,0.2619837099244926,-4.86698539758987,-2.0856869267391622,52.39674198489852,3.0,0.0,-2.08207982418888,0.01,0.0,False,0.005319011414845474,0.2619837099244926,0.26595170161528964,0.04252192476461086,4.252192476461086e-06,4.2521924764610866e-06,0.05239763318523715,0.0,-0.10203237135706011,-2.781298470850708,-2.78490557340099,0.10203237135706011
96.0,0.0,0.0,0.26859382600601706,-5.454828074429868,-2.0677263071989733,53.71876520120341,3.0,0.0,-2.145060226729872,-0.13,0.0,False,0.0054053534254869,0.26859382600601706,0.2702688205045033,0.04252192476461086,4.252192476461086e-06,4.2521924764610866e-06,0.053719678887435125,0.0,-0.5878426768399976,-3.3871017672308943,-3.3097678476999954,0.5878426768399976
97.0,0.0,0.0,0.3304191804722815,-5.149386692452431,-2.2148569455328877,66.0838360944563,3.0,0.0,-2.180990031897394,0.02,0.0,False,0.005317535535572204,0.3304191804722815,0.26587790733783995,0.04252192476461086,4.252192476461086e-06,4.2521924764610866e-06,0.0660849600944394,0.0,0.3054413819774364,-2.9345297469195435,-2.968396660555037,0.3054413819774364
98.0,0.0,0.0,0.29921217108423387,-5.550435322281932,-2.218699466940418,59.842434216846776,3.0,0.0,-2.150566019409392,0.06,0.0,False,0.005059150009535242,0.29921217108423387,0.2529585761007424,0.04252192476461086,4.252192476461086e-06,4.2521924764610866e-06,0.059843452058712866,0.0,-0.40104862982950085,-3.331735855341514,-3.39986930287254,0.40104862982950085
99.0,0.0,0.0,0.3361748855141286,-5.8227195904767415,-2.1636606828698817,67.23497710282572,3.0,0.0,-2.157201366222958,0.07,0.0,False,0.004806114936502178,0.3361748855141286,0.24030676865139755,0.04252192476461086,4.252192476461086e-06,4.2521924764610866e-06,0.06723612068221811,0.0,-0.27228426819480944,-3.65905890760686,-3.6655182242537836,0.27228426819480944
100.0,0.0,0.0,0.36431833544825276,-6.376366874751393,-2.2221273938391737,72.86366708965055,3.0,0.0,-2.1886149931247014,0.0,0.0,False,0.004792196890424049,0.36431833544825265,0.23961086338838064,0.04252192476461086,4.252192476461086e-06,4.2521924764610866e-06,0.0728649064057287,0.0,-0.5536472842746516,-4.154239480912219,-4.187751881626692,0.5536472842746516
101.0,0.0,0.0,0.41333831276255933,-6.2309136172177215,-2.434348000822773,82.66766255251187,3.0,0.0,-2.1794587784099666,0.28,0.0,False,0.004737691263642645,0.41333831276255933,0.23688557046088948,0.04252192476461086,4.252192476461086e-06,4.2521924764610866e-06,0.08266906862178393,0.0,0.14545325753367155,-3.7965656163949486,-4.051454838807755,0.14545325753367155
102.0,0.0,0.0,0.39247330667143593,-5.749025837495171,-2.3276503268147075,78.49466133428719,3.0,0.0,-2.242895867422616,0.11,0.0,False,0.004687124837144884,0.392473306671436,0.23435723838509256,0.04252192476461086,4.252192476461086e-06,4.2521924764610866e-06,0.07849599642624353,0.0,0.4818877797225509,-3.421375510680463,-3.506129970072555,0.4818877797225509
103.0,0.0,0.0,0.3384297823604053,-5.573671462477466,-2.4673107594868,67.68595647208106,3.0,0.0,-2.3060971069012743,0.15,0.0,False,0.004714135583847348,0.3384297823604053,0.2357077814629605,0.04252192476461086,4.252192476461086e-06,4.2521924764610866e-06,0.06768710772204516,0.0,0.17535437501770446,-3.106360702990666,-3.267574355576192,0.17535437501770446
104.0,0.0,0.0,0.3179319161222108,-4.991595817965943,-2.393236851431001,63.58638322444215,3.0,0.0,-2.3646560604624027,0.09,0.0,False,0.004698381753235165,0.3179319161222108,0.23492008658293537,0.04252192476461086,4.252192476461086e-06,4.2521924764610866e-06,0.06358746474600467,0.0,0.5820756445115229,-2.598358966534942,-2.6269397575035405,0.5820756445115229
105.0,0.0,0.0,0.26131624025897277,-4.789544054863795,-2.3157391971130776,52.263248051794555,3.0,0.0,-2.394284705870274,-0.1,0.0,False,0.004973097432552957,0.26131624025897277,0.2486559289560222,0.04252192476461086,4.252192476461086e-06,4.2521924764610866e-06,0.052264136981575254,0.0,0.20205176310214856,-2.473804857750717,-2.3952593489935206,0.20205176310214856
106.0,0.0,0.0,0.23386357117049608,-4.940322332390011,-2.4793212984873056,46.77271423409922,3.0,0.0,-2.3783778570286778,0.05,0.0,False,0.0050282858361559,0.23386357117049614,0.251415360869755,0.04252192476461086,4.252192476461086e-06,4.2521924764610866e-06,0.04677350977705066,0.0,-0.1507782775262161,-2.461001033902705,-2.561944475361333,0.1507782775262161
107.0,0.0,0.0,0.24619598414171853,-4.108382045701687,-2.448201389085646,49.23919682834371,3.0,0.0,-2.4508586215129435,-0.05,0.0,False,0.0048447410871359006,0.24619598414171853,0.24223808439537495,0.04252192476461086,4.252192476461086e-06,4.2521924764610866e-06,0.049240034322951674,0.0,0.8319402866883241,-1.6601806566160406,-1.657523424188743,0.8319402866883241
108.0,0.0,0.0,0.16558711881343235,-4.776844888560613,-2.422161737074086,33.11742376268647,3.0,0.0,-2.4783101473372526,-0.02,0.0,False,0.005126428357372086,0.16558711881343235,0.25632250779660887,0.04252192476461086,4.252192476461086e-06,4.2521924764610866e-06,0.033117987046931904,0.0,-0.6684628428589265,-2.354683151486527,-2.2985347412233605,0.6684628428589265
109.0,0.0,0.0,0.23693204306764723,-5.5917762054090545,-2.2407001320813453,47.38640861352945,3.0,0.0,-2.452475652152324,0.11,0.0,False,0.005175571816184194,0.23693204306764723,0.25877969118558664,0.04252192476461086,4.252192476461086e-06,4.2521924764610866e-06,0.047387214594622994,0.0,-0.8149313168484413,-3.351076073327709,-3.1393005532567306,0.8149313168484413
110.0,0.0,0.0,0.321630745177864,-5.104312869812097,-2.148131167747125,64.3261490355728,3.0,0.0,-2.407474083851595,0.12,0.0,False,0.005400482224024415,0.321630745177864,0.27002525939571487,0.04252192476461086,4.252192476461086e-06,4.2521924764610866e-06,0.06432724313958828,0.0,0.4874633355969573,-2.9561817020649723,-2.696838785960502,0.4874633355969573
111.0,0.0,0.0,0.2764054838127196,-5.586493597246979,-2.063155475599369,55.281096762543925,3.0,0.0,-2.3754003718386754,0.14,0.0,False,0.005516605126282257,0.2764054838127196,0.2758314291974535,0.04252192476461086,4.252192476461086e-06,4.2521924764610866e-06,0.055282037022000685,0.0,-0.4821807274348817,-3.52333812164761,-3.2110932254083036,0.4821807274348817
112.0,0.0,0.0,0.32385905131823334,-6.001035923327524,-2.1387095590035186,64.77181026364667,3.0,0.0,-2.3401992652189683,0.04,0.0,False,0.004972301111150392,0.32385905131823334,0.24861611271658843,0.04252192476461086,4.252192476461086e-06,4.2521924764610866e-06,0.0647729119477792,0.0,-0.41454232608054475,-3.862326364324005,-3.6608366581085554,0.41454232608054475
113.0,0.0,0.0,0.3673370969723028,-5.111809440894682,-2.1629801308535694,73.46741939446056,3.0,0.0,-2.3478342285135763,-0.02,0.0,False,0.005098947274097906,0.3673370969723028,0.2549484477901572,0.04252192476461086,4.252192476461086e-06,4.2521924764610866e-06,0.07346866897957907,0.0,0.889226482432842,-2.9488293100411123,-2.7639752123811054,0.889226482432842
114.0,0.0,0.0,0.28357686590137543,-4.177138608322732,-1.9223455500706883,56.71537318027509,3.0,0.0,-2.3275868542024964,0.32,0.0,False,0.00503640540082411,0.28357686590137543,0.2518213408294632,0.04252192476461086,4.252192476461086e-06,4.2521924764610866e-06,0.056716337834905685,0.0,0.9346708325719497,-2.2547930582520435,-1.8495517541202355,0.9346708325719497
115.0,0.0,0.0,0.19223798142945409,-4.613783989167,-2.0314813045848554,38.44759628589082,3.0,0.0,-2.2759804907101464,-0.06,0.0,False,0.005112566414897753,0.19223798142945409,0.2556294077257098,0.04252192476461086,4.252192476461086e-06,4.2521924764610866e-06,0.03844825022942875,0.0,-0.4366453808442676,-2.582302684582144,-2.337803498456853,0.4366453808442676
116.0,0.0,0.0,0.24221239607386194,-4.083133946859056,-1.9214973938736042,48.44247921477239,3.0,0.0,-2.254717922383277,0.2,0.0,False,0.005278549458842552,0.24221239607386194,0.26392859521254236,0.04252192476461086,4.252192476461086e-06,4.2521924764610866e-06,0.04844330315825141,0.0,0.5306500423079434,-2.1616365529854518,-1.828416024475779,0.5306500423079434
117.0,0.0,0.0,0.19758298400431382,-4.350354049106486,-1.7304276051299008,39.516596800862764,3.0,0.0,-2.1916085317419682,0.46,0.0,False,0.005226919935020777,0.19758298400431384,0.26134710804451994,0.04252192476461086,4.252192476461086e-06,4.2521924764610866e-06,0.03951726892670717,0.0,-0.2672201022474301,-2.6199264439765857,-2.158745517364518,0.2672201022474301
118.0,0.0,0.0,0.23063715156894293,-4.1997470092857,-1.6105584713521361,46.12743031378859,3.0,0.0,-2.1072620987720168,0.32,0.0,False,0.005251649687822051,0.2306371515689429,0.26258360094236705,0.04252192476461086,4.252192476461086e-06,4.2521924764610866e-06,0.046128214881300963,0.0,0.1506070398207866,-2.5891885379335635,-2.092484910513683,0.1506070398207866
119.0,0.0,0.0,0.22143118819794516,-3.8552900530334018,-1.674908530661852,44.28623763958903,3.0,0.0,-2.0439334977390247,0.21,0.0,False,0.005169765073807657,0.22143118819794516,0.2584893528321904,0.04252192476461086,4.252192476461086e-06,4.2521924764610866e-06,0.044286990890812034,0.0,0.3444569562522979,-2.1803815223715497,-1.8113565552943771,0.3444569562522979
120.0,0.0,0.0,0.19113059720416004,-4.589917228220418,-1.6251432513791197,38.22611944083201,3.0,0.0,-1.9853880489046245,0.17,0.0,False,0.0051571356412611815,0.19113059720416004,0.2578578785197277,0.04252192476461086,4.252192476461086e-06,4.2521924764610866e-06,0.03822676961733726,0.0,-0.7346271751870166,-2.9647739768412986,-2.6045291793157936,0.7346271751870166
121.0,0.0,0.0,0.26595462864402897,-4.095887189234483,-1.5875186261652063,53.190925728805794,3.0,0.0,-1.943943444787431,0.12,0.0,False,0.004924596434899522,0.26595462864402897,0.2462308687615716,0.04252192476461086,4.252192476461086e-06,4.2521924764610866e-06,0.05319183043717555,0.0,0.4940300389859358,-2.5083685630692765,-2.1519437444470517,0.4940300389859358
122.0,0.0,0.0,0.2191135879736935,-3.373161481811804,-1.676743626387159,43.822717594738705,3.0,0.0,-1.9303143972665817,0.1,0.0,False,0.004916430621578775,0.2191135879736935,0.24582257635940377,0.04252192476461086,4.252192476461086e-06,4.2521924764610866e-06,0.04382346296208944,0.0,0.7227257074226787,-1.696417855424645,-1.4428470845452221,0.7227257074226787
123.0,0.0,0.0,0.1490432954932388,-4.1445811290357,-1.7623649986279586,29.808659098647762,3.0,0.0,-1.9047047238400359,0.01,0.0,False,0.0051007874429205595,0.1490432954932388,0.25504045662252733,0.04252192476461086,4.252192476461086e-06,4.2521924764610866e-06,0.029809166105115654,0.0,-0.7714196472238961,-2.382216130407741,-2.2398764051956643,0.7714196472238961
124.0,0.0,0.0,0.22718389640901177,-3.060260985634985,-1.8268359330948842,45.43677928180235,3.0,0.0,-1.8826968388404293,-0.05,0.0,False,0.00544894488357657,0.2271838964090117,0.2724484026769505,0.04252192476461086,4.252192476461086e-06,4.2521924764610866e-06,0.045437552102240195,0.0,1.0843201434007148,-1.233425052540101,-1.177564146794556,1.0843201434007148
125.0,0.0,0.0,0.11876973862183984,-2.7440246901378473,-1.9690080233069063,23.75394772436797,3.0,0.0,-1.872693863462831,0.11,0.0,False,0.0053521225454768685,0.11876973862183984,0.26760726518660444,0.04252192476461086,4.252192476461086e-06,4.2521924764610866e-06,0.02375435174808116,0.0,0.31623629549713783,-0.7750166668309411,-0.8713308266750164,0.31623629549713783
126.0,0.0,0.0,0.08468602822594472,-3.191547224121262,-1.9685572471083714,16.937205645188943,3.0,0.0,-1.872538347827138,-0.05,0.0,False,0.0053783776195702945,0.08468602822594472,0.26892002447335717,0.04252192476461086,4.252192476461086e-06,4.2521924764610866e-06,0.016937493724997622,0.0,-0.44752253398341457,-1.2229899770128905,-1.3190088762941239,0.44752253398341457
127.0,0.0,0.0,0.12634093532932086,-2.7344818368523907,-2.039409429450864,25.268187065864172,3.0,0.0,-1.897146402813797,0.01,0.0,False,0.005729913800938712,0.12634093532932086,0.28649690828175334,0.04252192476461086,4.252192476461086e-06,4.2521924764610866e-06,0.02526861684481639,0.0,0.45706538726887125,-0.6950724074015269,-0.8373354340385937,0.45706538726887125
128.0,0.0,0.0,0.07556448055857425,-3.161975419394165,-2.0775203286470085,15.11289611171485,3.0,0.0,-1.9281110095293206,0.18,0.0,False,0.005456850316336171,0.07556448055857425,0.27284367599570153,0.04252192476461086,4.252192476461086e-06,4.2521924764610866e-06,0.015113153162394382,0.0,-0.4274935825417745,-1.0844550907471566,-1.2338644098648446,0.4274935825417745
129.0,0.0,0.0,0.11735978813504212,-4.72815519595464,-2.214020298818805,23.471957627008425,3.0,0.0,-1.978820965530863,0.01,0.0,False,0.005585507187596985,0.11735978813504215,0.2792765469124312,0.04252192476461086,4.252192476461086e-06,4.2521924764610866e-06,0.02347235685443733,0.0,-1.566179776560475,-2.5141348971358353,-2.749334230423777,1.566179776560475
130.0,0.0,0.0,0.26811099527299254,-4.2713238193023075,-2.1631785995620056,53.622199054598504,3.0,0.0,-1.9883525862233378,0.15,0.0,False,0.005384878721992702,0.26811099527299254,0.26924508097667454,0.04252192476461086,4.252192476461086e-06,4.2521924764610866e-06,0.053623111098365844,0.0,0.45683137665233264,-2.108145219740302,-2.2829712330789698,0.45683137665233264
131.0,0.0,0.0,0.21962627285553815,-3.361485544639942,-2.1382707823061913,43.92525457110763,3.0,0.0,-2.0469882402468698,0.06,0.0,False,0.005211411440385277,0.21962627285553815,0.26057168001548964,0.04252192476461086,4.252192476461086e-06,4.2521924764610866e-06,0.04392600168247879,0.0,0.9098382746623654,-1.2232147623337508,-1.3144973043930723,0.9098382746623654
132.0,0.0,0.0,0.12664351082250674,-3.4126141846516624,-2.243707794323564,25.328702164501347,3.0,0.0,-2.0750143960876746,0.06,0.0,False,0.005235202699739462,0.12664351082250674,0.2617612480414497,0.04252192476461086,4.252192476461086e-06,4.2521924764610866e-06,0.025329132972736576,0.0,-0.05112864001172035,-1.1689063903280985,-1.3375997885639879,0.05112864001172035
133.0,0.0,0.0,0.12821104078968584,-3.3908215629183442,-2.3736027842224474,25.64220815793717,3.0,0.0,-2.0950235107856807,0.09,0.0,False,0.005281157633699011,0.12821104078968584,0.2640590045098883,0.04252192476461086,4.252192476461086e-06,4.2521924764610866e-06,0.02564264429850103,0.0,0.021792621733318196,-1.0172187786958968,-1.2957980521326635,0.021792621733318196
134.0,0.0,0.0,0.11786078787396034,-3.3158703110223318,-2.443121006483195,23.57215757479207,3.0,0.0,-2.130476517853653,0.39,0.0,False,0.00457701576984881,0.11786078787396034,0.2288517616100415,0.04252192476461086,4.252192476461086e-06,4.2521924764610866e-06,0.02357255850649158,0.0,0.07495125189601248,-0.8727493045391368,-1.1853937931686787,0.07495125189601248
135.0,0.0,0.0,0.1037112660553067,-3.0460827170838307,-2.3106699308329524,20.74225321106134,3.0,0.0,-2.2121886258409686,0.14,0.0,False,0.004619527758351399,0.1037112660553067,0.23097737007362884,0.04252192476461086,4.252192476461086e-06,4.2521924764610866e-06,0.02074260600977335,0.0,0.26978759393850105,-0.7354127862508784,-0.8338940912428621,0.26978759393850105
136.0,0.0,0.0,0.0728280851017677,-2.776959731045963,-2.221571146740451,14.56561702035354,3.0,0.0,-2.2787356004560038,-0.17,0.0,False,0.004724345812413179,0.07282808510176769,0.23621829506204492,0.04252192476461086,4.252192476461086e-06,4.2521924764610866e-06,0.014565864762528516,0.0,0.26912298603786766,-0.5553885843055122,-0.4982241305899593,0.26912298603786766
137.0,0.0,0.0,0.04430168031861171,-2.5994210345734055,-2.3230086010770368,8.860336063722341,3.0,0.0,-2.3177863821143774,0.0,0.0,False,0.004825667538323933,0.044301680318611716,0.24128440289955666,0.04252192476461086,4.252192476461086e-06,4.2521924764610866e-06,0.008860486766498914,0.0,0.1775386964725576,-0.2764124334963687,-0.2816346524590281,0.1775386964725576
138.0,0.0,0.0,0.023956235486062415,-2.457742830992301,-2.281694379627634,4.791247097212483,3.0,0.0,-2.333933508896259,-0.14,0.0,False,0.005142505253643794,0.023956235486062415,0.25712635602829714,0.04252192476461086,4.252192476461086e-06,4.2521924764610866e-06,0.004791328590085394,0.0,0.1416782035811046,-0.17604845136466674,-0.1238093220960419,0.1416782035811046
139.0,0.0,0.0,0.011420311635983758,-2.4550119459048254,-2.2754025020328226,2.2840623271967515,3.0,0.0,-2.3598535863865666,-0.04,0.0,False,0.0053358542442298925,0.011496753337175356,0.26679384666545825,0.04252192476461086,4.252192476461086e-06,4.2521924764610866e-06,0.00228410117612213,0.0,0.002730885087475432,-0.17960944387200284,-0.0951583595182588,0.002730885087475432
140.0,0.0,0.0,0.012045691313753326,-1.6718546845166018,-2.211820576909901,2.4091382627506652,3.0,0.0,-2.3435372865643025,-0.03,0.0,False,0.005571006996055744,0.012086625297925035,0.2785515342524889,0.04252192476461086,4.252192476461086e-06,4.2521924764610866e-06,0.0024091792390548063,0.0,0.7831572613882236,0.5399658923932993,0.6716826020477007,0.7831572613882236
141.0,0.0,0.0,-0.06676813306212392,-2.1732962337780406,-2.1882866174180853,-13.353626612424785,3.0,0.0,-2.3345524717373936,-0.05,0.0,False,0.005881472918775827,0.06676813306212394,0.29407489639653606,0.04252192476461086,4.252192476461086e-06,4.2521924764610866e-06,-0.013353853740221442,0.0,-0.5014415492614388,0.01499038364004468,0.16125623795935295,0.5014415492614388
142.0,0.0,0.0,-0.015434412895038784,-1.96961660383203,-2.2112067592676827,-3.086882579007757,3.0,0.0,-2.339550210685494,0.06,0.0,False,0.005791414683215897,0.015434412895038782,0.289571965471292,0.04252192476461086,4.252192476461086e-06,4.2521924764610866e-06,-0.003086935082860011,0.0,0.20367962994601063,0.24159015543565276,0.369933606853464,0.20367962994601063
143.0,0.0,0.0,-0.03808846354487828,-2.256424471065283,-2.3684572434512448,-7.617692708975655,3.0,0.0,-2.327643644233148,0.07,0.0,False,0.00528548171477142,0.03808846354487828,0.26427520948285,0.04252192476461086,4.252192476461086e-06,4.2521924764610866e-06,-0.007617822276007206,0.0,-0.28680786723325324,0.11203277238596154,0.07121917316786464,0.28680786723325324
144.0,0.0,0.0,-0.008645801937203374,-2.6929115359070135,-2.110160370319077,-1.7291603874406747,3.0,0.0,-2.3505093372547186,-0.02,0.0,False,0.005368361326156719,0.008827019166123882,0.268419207673118,0.04252192476461086,4.252192476461086e-06,4.2521924764610866e-06,-0.0017291897982067731,0.0,-0.4364870648417303,-0.5827511655879363,-0.34240219865229493,0.4364870648417303
145.0,0.0,0.0,0.03507544922145652,-2.765842259121449,-2.1191144585746744,7.015089844291304,3.0,0.0,-2.3428843286180143,0.06,0.0,False,0.005655985787049052,0.03507544922145652,0.28280049186946316,0.04252192476461086,4.252192476461086e-06,4.2521924764610866e-06,0.007015209161832967,0.0,-0.07293072321443539,-0.6467278005467745,-0.42295793050343455,0.07293072321443539
146.0,0.0,0.0,0.04055200338544169,-2.0040517102172237,-2.2607251410000013,8.110400677088338,3.0,0.0,-2.342149586314384,0.1,0.0,False,0.005068632403913137,0.04055200338544169,0.2534326978356855,0.04252192476461086,4.252192476461086e-06,4.2521924764610866e-06,0.008110538624440711,0.0,0.7617905489042252,0.2566734307827776,0.33809787609716047,0.7617905489042252
147.0,0.0,0.0,-0.03927923994927646,-1.3028783712019267,-2.3264867743538598,-7.855847989855292,3.0,0.0,-2.360313603520847,-0.06,0.0,False,0.005263207346171738,0.03927923994927646,0.26316148631712083,0.04252192476461086,4.252192476461086e-06,4.2521924764610866e-06,-0.00785598160759799,0.0,0.701173339015297,1.023608403151933,1.0574352323189204,0.701173339015297
148.0,0.0,0.0,-0.11026685864912134,-1.7531958316861307,-2.3416450536906877,-22.053371729824267,3.0,0.0,-2.3968524608544173,0.02,0.0,False,0.005081284494680085,0.11026685864912134,0.25406530506398917,0.04252192476461086,4.252192476461086e-06,4.2521924764610866e-06,-0.022053746828954654,0.0,-0.45031746048420396,0.588449222004557,0.6436566291682866,0.45031746048420396
149.0,0.0,0.0,-0.06481637738894827,-1.31715428980497,-2.3581229072123358,-12.963275477789654,3.0,0.0,-2.4055704014884767,-0.08,0.0,False,0.005184469413678982,0.06481637738894827,0.2592245729520409,0.04252192476461086,4.252192476461086e-06,4.2521924764610866e-06,-0.012963495966221912,0.0,0.43604154188116073,1.0409686174073658,1.0884161116835067,0.43604154188116073
150.0,0.0,0.0,-0.11060177435236486,-1.3397006657259045,-2.307442060691098,-22.120354870472973,3.0,0.0,-2.401373386161227,-0.07,0.0,False,0.005144545403214767,0.11060177435236489,0.2572283639406012,0.04252192476461086,4.252192476461086e-06,4.2521924764610866e-06,-0.022120731108899342,0.0,-0.022546375920934558,0.9677413949651934,1.0616727204353225,0.022546375920934558
151.0,0.0,0.0,-0.10711279007817033,-0.9733463071022693,-2.2901410927419015,-21.422558015634067,3.0,0.0,-2.423195548330257,0.01,0.0,False,0.005524141457318763,0.10711279007817033,0.2762082473515753,0.04252192476461086,4.252192476461086e-06,4.2521924764610866e-06,-0.02142292238544476,0.0,0.3663543586236352,1.3167947856396323,1.4498492412279878,0.3663543586236352
152.0,0.0,0.0,-0.14505285568294682,-1.557980121529236,-2.4235203978237063,-29.010571136589363,3.0,0.0,-2.410851339717612,-0.01,0.0,False,0.005087129304096093,0.14505285568294682,0.25435754677745226,0.04252192476461086,4.252192476461086e-06,4.2521924764610866e-06,-0.02901106456862047,0.0,-0.5846338144269666,0.8655402762944704,0.852871218188376,0.5846338144269666
153.0,0.0,0.0,-0.09003800601150058,-0.4347959236186756,-2.38881287460825,-18.007601202300116,3.0,0.0,-2.4239057035648166,0.0,0.0,False,0.005195869557943683,0.09003800601150058,0.2597945825890563,0.04252192476461086,4.252192476461086e-06,4.2521924764610866e-06,-0.01800790748814312,0.0,1.1231841979105603,1.9540169509895744,1.989109779946141,1.1231841979105603
154.0,0.0,0.0,-0.2033530864821458,-1.0035767992892664,-2.390645073932392,-40.670617296429164,3.0,0.0,-2.4583793245908288,0.08,0.0,False,0.005184754175681463,0.2033530864821458,0.259238811112708,0.04252192476461086,4.252192476461086e-06,4.2521924764610866e-06,-0.04067130905065918,0.0,-0.5687808756705908,1.3870682746431255,1.4548025253015624,0.5687808756705908
155.0,0.0,0.0,-0.15288809569592893,-0.6390755561176533,-2.5709617461090026,-30.577619139185785,3.0,0.0,-2.468370023263352,0.09,0.0,False,0.0051096907282822965,0.15288809569592893,0.25548562278353837,0.04252192476461086,4.252192476461086e-06,4.2521924764610866e-06,-0.03057813922466246,0.0,0.36450124317161303,1.9318861899913493,1.8292944671456985,0.36450124317161303
156.0,0.0,0.0,-0.192031580921041,-0.5037773794970954,-2.5913295781459333,-38.4063161842082,3.0,0.0,-2.5324902617290665,-0.05,0.0,False,0.005186473521779287,0.192031580921041,0.25932477878314875,0.04252192476461086,4.252192476461086e-06,4.2521924764610866e-06,-0.03840696942562537,0.0,0.13529817662055788,2.087552198648838,2.028712882231971,0.13529817662055788
157.0,0.0,0.0,-0.20891688263607622,-0.6825986168974238,-2.618588819398701,-41.783376527215246,3.0,0.0,-2.559432193090243,-0.01,0.0,False,0.005292849736576762,0.20891688263607627,0.26464361213962945,0.04252192476461086,4.252192476461086e-06,4.2521924764610866e-06,-0.0417840872080305,0.0,-0.1788212374003284,1.935990202501277,1.8768335761928192,0.1788212374003284
158.0,0.0,0.0,-0.1936186264197737,-0.003766064353577292,-2.6751300454856564,-38.72372528395474,3.0,0.0,-2.5929906235976836,-0.03,0.0,False,0.005104571296429619,0.1936186264197737,0.25522965010246407,0.04252192476461086,4.252192476461086e-06,4.2521924764610866e-06,-0.038724383924087294,0.0,0.6788325525438466,2.671363981132079,2.5892245592441063,0.6788325525438466
159.0,0.0,0.0,-0.26552570835753464,-0.010517928153727936,-2.8018833599706614,-53.10514167150693,3.0,0.0,-2.618826046278487,0.06,0.0,False,0.0050304847042948585,0.26552570835753464,0.25152530474420354,0.04252192476461086,4.252192476461086e-06,4.2521924764610866e-06,-0.0531060449208016,0.0,-0.006751863800150644,2.7913654318169336,2.6083081181247594,0.006751863800150644
160.0,0.0,0.0,-0.2742495759171814,0.16464976606424905,-2.818509775682274,-54.84991518343628,3.0,0.0,-2.65907960124989,0.13,0.0,False,0.005442594132229567,0.2742495759171814,0.27213086375936946,0.04252192476461086,4.252192476461086e-06,4.2521924764610866e-06,-0.05485084810905596,0.0,0.17516769421797698,2.9831595417465233,2.8237293673141393,0.17516769421797698
161.0,0.0,0.0,-0.29553326163133015,-0.5147863194872272,-2.860332087448623,-59.10665232626603,3.0,0.0,-2.7530719954247083,0.08,0.0,False,0.005128546411085049,0.29553326163133015,0.2564284109325756,0.04252192476461086,4.252192476461086e-06,4.2521924764610866e-06,-0.059107657653440455,0.0,-0.6794360855514763,2.345545767961396,2.238285675937481,0.6794360855514763
162.0,0.0,0.0,-0.23131466593494315,-0.46372223206288654,-2.7411085166457054,-46.26293318698863,3.0,0.0,-2.7907456834646314,-0.06,0.0,False,0.0052595118216268106,0.2313146659349432,0.26297670930417033,0.04252192476461086,4.252192476461086e-06,4.2521924764610866e-06,-0.04626372005922841,0.0,0.051064087424340654,2.277386284582819,2.327023451401745,0.051064087424340654
163.0,0.0,0.0,-0.2365218383913987,0.20057180081834758,-2.954659243748622,-47.30436767827974,3.0,0.0,-2.827982158560766,-0.1,0.0,False,0.005320720754544643,0.2365218383913987,0.26603716896367013,0.04252192476461086,4.252192476461086e-06,4.2521924764610866e-06,-0.04730517226396383,0.0,0.6642940328812341,3.15523104456697,3.0285539593791135,0.6642940328812341
164.0,0.0,0.0,-0.3134548680247416,0.47375499606757976,-3.143725849221304,-62.69097360494832,3.0,0.0,-2.828990902795957,0.39,0.0,False,0.0051886945705618154,0.3134548680247416,0.25943583169449147,0.04252192476461086,4.252192476461086e-06,4.2521924764610866e-06,-0.06269203989675941,0.0,0.2731831952492322,3.617480845288884,3.302745898863537,0.2731831952492322
165.0,0.0,0.0,-0.3398356610991325,-0.45761465201164364,-3.065966988690717,-67.9671322198265,3.0,0.0,-2.934043522950642,-0.1,0.0,False,0.005080434182435074,0.3398356610991325,0.254022789270954,0.04252192476461086,4.252192476461086e-06,4.2521924764610866e-06,-0.06796828825222385,0.0,-0.9313696480792234,2.608352336679073,2.476428870938998,0.9313696480792234
166.0,0.0,0.0,-0.2589903055342957,-0.2909632548799636,-3.2477080366346116,-51.79806110685914,3.0,0.0,-2.9246738672558092,0.37,0.0,False,0.005109320541795436,0.2589903055342957,0.25546711338049016,0.04252192476461086,4.252192476461086e-06,4.2521924764610866e-06,-0.05179894212441577,0.0,0.16665139713168003,2.956744781754648,2.633710612375846,0.16665139713168003
167.0,0.0,0.0,-0.2817114604333678,0.655607652347753,-3.2608854399643374,-56.34229208667356,3.0,0.0,-3.047572771186031,0.13,0.0,False,0.005539116692971645,0.2817114604333678,0.2769570123180986,0.04252192476461086,4.252192476461086e-06,4.2521924764610866e-06,-0.056343250395680666,0.0,0.9465709072277166,3.9164930923120904,3.703180423533784,0.9465709072277166
168.0,0.0,0.0,-0.3844740504044157,1.0778389620403992,-3.305003025648095,-76.89481008088313,3.0,0.0,-3.108137753781268,0.22,0.0,False,0.005448441421165676,0.3844740504044157,0.2724232294493648,0.04252192476461086,4.252192476461086e-06,4.2521924764610866e-06,-0.07689611796145332,0.0,0.4222313096926462,4.382841987688494,4.185976715821667,0.4222313096926462
169.0,0.0,0.0,-0.4295254434275574,1.9148803984314533,-3.3859257955731916,-85.90508868551147,3.0,0.0,-3.1892145945796258,0.04,0.0,False,0.005378537295096236,0.4295254434275574,0.2689280082836027,0.04252192476461086,4.252192476461086e-06,4.2521924764610866e-06,-0.08590654981918557,0.0,0.8370414363910541,5.300806194004645,5.1040949930110795,0.8370414363910541
170.0,0.0,0.0,-0.5247415658676894,1.897183937982502,-3.428810864792967,-104.94831317353787,3.0,0.0,-3.217506793478119,0.21,0.0,False,0.004973783719159316,0.5247415658676894,0.24869024343225116,0.04252192476461086,4.252192476461086e-06,4.2521924764610866e-06,-0.10495009820765824,0.0,-0.017696460448951346,5.325994802775469,5.114690731460621,0.017696460448951346
171.0,0.0,0.0,-0.5283437544688007,1.6005468983671174,-3.565049107499735,-105.66875089376013,3.0,0.0,-3.332646825352358,0.14,0.0,False,0.004964960088380622,0.5283437544688007,0.2482490600173279,0.04252192476461086,4.252192476461086e-06,4.2521924764610866e-06,-0.10567054818158782,0.0,-0.29663703961538457,5.165596005866853,4.933193723719476,0.29663703961538457
172.0,0.0,0.0,-0.5018547860199427,1.6792765490636872,-3.506852082744474,-100.37095720398855,3.0,0.0,-3.3863659376723865,0.12,0.0,False,0.005025658486778466,0.5018547860199427,0.25128399284228353,0.04252192476461086,4.252192476461086e-06,4.2521924764610866e-06,-0.10037266438324552,0.0,0.07872965069656979,5.186128631808161,5.065642486736074,0.07872965069656979
173.0,0.0,0.0,-0.5124428297896185,0.9296438349171269,-3.5398412413401226,-102.48856595792371,3.0,0.0,-3.4181076609895746,0.01,0.0,False,0.005252888124822451,0.5124428297896185,0.2626455230556908,0.04252192476461086,4.252192476461086e-06,4.2521924764610866e-06,-0.10249030915494757,0.0,-0.7496327141465603,4.469485076257249,4.347751495906701,0.7496327141465603
174.0,0.0,0.0,-0.44001952846490516,0.7234846670646908,-3.513598869802957,-88.00390569298104,3.0,0.0,-3.445260699109765,-0.02,0.0,False,0.005070602087583173,0.44001952846490516,0.25353118243796097,0.04252192476461086,4.252192476461086e-06,4.2521924764610866e-06,-0.08800540252479888,0.0,-0.20615916785243604,4.237083536867648,4.168745366174456,0.20615916785243604
175.0,0.0,0.0,-0.4260704620789601,0.5056785134136347,-3.6309494781813405,-85.21409241579202,3.0,0.0,-3.4706450021183417,0.16,0.0,False,0.00525537081802498,0.42607046207896004,0.26276965824366166,0.04252192476461086,4.252192476461086e-06,4.2521924764610866e-06,-0.08521554179651954,0.0,-0.21780615365105616,4.136627991594975,3.9763235155319765,0.21780615365105616
176.0,0.0,0.0,-0.41258077489637496,0.43099742152503756,-3.8249101690317078,-82.51615497927499,3.0,0.0,-3.5373105404055702,0.26,0.0,False,0.005538457832009595,0.41258077489637496,0.27692406912991596,0.04252192476461086,4.252192476461086e-06,4.2521924764610866e-06,-0.08251755847160056,0.0,-0.07468109188859712,4.255907590556745,3.968307961930608,0.07468109188859712
177.0,0.0,0.0,-0.4111923998564652,0.1801215752441935,-3.7645338539007986,-82.23847997129305,3.0,0.0,-3.6202169541934577,0.15,0.0,False,0.00503593876437692,0.4111923998564652,0.2517980089078923,0.04252192476461086,4.252192476461086e-06,4.2521924764610866e-06,-0.08223987874072837,0.0,-0.25087584628084403,3.944655429144992,3.800338529437651,0.25087584628084403
178.0,0.0,0.0,-0.3959981623976484,-0.048671119253202944,-3.9208572554761134,-79.19963247952968,3.0,0.0,-3.681014000501063,0.05,0.0,False,0.0053738509935376275,0.3959981623976484,0.2686936922093196,0.04252192476461086,4.252192476461086e-06,4.2521924764610866e-06,-0.07920097956212703,0.0,-0.22879269449739645,3.8721861362229104,3.63234288124786,0.22879269449739645
179.0,0.0,0.0,-0.3750365052583326,-0.2571869913933631,-3.885519275249404,-75.00730105166652,3.0,0.0,-3.7799442417526286,0.12,0.0,False,0.005105217881552539,0.3750365052583326,0.2552619794960801,0.04252192476461086,4.252192476461086e-06,4.2521924764610866e-06,-0.07500857682816645,0.0,-0.20851587214016015,3.6283322838560412,3.5227572503592652,0.20851587214016015
180.0,0.0,0.0,-0.3576259144240558,-0.19973957689967786,-3.8430296428700603,-71.52518288481116,3.0,0.0,-3.7991159082068275,0.08,0.0,False,0.004759774567930805,0.3576259144240557,0.23798974037042053,0.04252192476461086,4.252192476461086e-06,4.2521924764610866e-06,-0.07152639943501625,0.0,0.057447414493685234,3.6432900659703824,3.5993763313071496,0.057447414493685234
181.0,0.0,0.0,-0.3669178393489643,-0.4782260801162126,-3.955560461933131,-73.38356786979287,3.0,0.0,-3.8335221703450526,-0.07,0.0,False,0.004871704667543313,0.36691783934896444,0.2435862691484623,0.04252192476461086,4.252192476461086e-06,4.2521924764610866e-06,-0.07338481602870617,0.0,-0.27848650321653473,3.4773343818169185,3.35529609022884,0.27848650321653473
182.0,0.0,0.0,-0.343789452086151,-0.8856334550839327,-4.007652152137745,-68.7578904172302,3.0,0.0,-3.868995980653116,0.08,0.0,False,0.004966182379223541,0.343789452086151,0.24831017481934442,0.04252192476461086,4.252192476461086e-06,4.2521924764610866e-06,-0.06875905989939458,0.0,-0.40740737496772006,3.1220186970538126,2.9833625255691834,0.40740737496772006
183.0,0.0,0.0,-0.30729800592240386,-1.3873269468428893,-4.063348957502716,-61.459601184480775,3.0,0.0,-3.9161936939238,0.09,0.0,False,0.004935251283395005,0.30729800592240386,0.24676361345166906,0.04252192476461086,4.252192476461086e-06,4.2521924764610866e-06,-0.06146064653225075,0.0,-0.5016934917589566,2.6760220106598265,2.5288667470809107,0.5016934917589566
184.0,0.0,0.0,-0.25850456495181356,-1.4598095064390306,-4.076118965091037,-51.70091299036271,3.0,0.0,-3.9586788488214086,0.17,0.0,False,0.004773583539807701,0.25850456495181356,0.2386801919001857,0.04252192476461086,4.252192476461086e-06,4.2521924764610866e-06,-0.05170179235555641,0.0,-0.07248255959614136,2.616309458652007,2.498869342382378,0.07248255959614136
185.0,0.0,0.0,-0.25352001167023874,-0.9136468945095731,-4.044477779802289,-50.70400233404775,3.0,0.0,-3.9724275569193326,-0.04,0.0,False,0.0050622907847803645,0.25352001167023874,0.25311561553075773,0.04252192476461086,4.252192476461086e-06,4.2521924764610866e-06,-0.05070486474308958,0.0,0.5461626119294575,3.130830885292716,3.0587806624097595,0.5461626119294575
186.0,0.0,0.0,-0.3119404401560162,-1.7272274802786045,-3.9564861951650165,-62.38808803120323,3.0,0.0,-3.9950635239357286,-0.04,0.0,False,0.005028505903930729,0.3119404401560162,0.251426364305285,0.04252192476461086,4.252192476461086e-06,4.2521924764610866e-06,-0.062389149171325195,0.0,-0.8135805857690314,2.229258714886412,2.267836043657124,0.8135805857690314
187.0,0.0,0.0,-0.22753455414946017,-1.3583569885142819,-3.8030593937099124,-45.506910829892036,3.0,0.0,-4.033117617609368,0.11,0.0,False,0.004998050653712174,0.22753455414946017,0.24990359531927797,0.04252192476461086,4.252192476461086e-06,4.2521924764610866e-06,-0.045507684843176174,0.0,0.36887049176432263,2.4447024051956303,2.6747606290950863,0.36887049176432263
188.0,0.0,0.0,-0.26569395312597494,-2.1611336765195253,-3.952746603288092,-53.138790625194986,3.0,0.0,-4.002621397809168,-0.07,0.0,False,0.005360705710431983,0.26569395312597494,0.26803642525922355,0.04252192476461086,4.252192476461086e-06,4.2521924764610866e-06,-0.05313969444681454,0.0,-0.8027766880052434,1.7916129267685665,1.841487721289643,0.8027766880052434
189.0,0.0,0.0,-0.18565475658630043,-1.8805719172160495,-3.965902554702789,-37.130951317260084,3.0,0.0,-4.015353008865455,0.08,0.0,False,0.004988174102935101,0.18565475658630043,0.24940976568057457,0.04252192476461086,4.252192476461086e-06,4.2521924764610866e-06,-0.03713158286638192,0.0,0.2805617593034757,2.0853306374867393,2.1347810916494057,0.2805617593034757
190.0,0.0,0.0,-0.21377304954664766,-1.9468385138880002,-4.041206709250346,-42.75460990932953,3.0,0.0,-4.017720714370486,-0.05,0.0,False,0.0050459939988242814,0.21377304954664766,0.2523007727680999,0.04252192476461086,4.252192476461086e-06,4.2521924764610866e-06,-0.04275533710955966,0.0,-0.06626659667195067,2.094368195362346,2.070882200482486,0.06626659667195067
191.0,0.0,0.0,-0.20690906793946187,-1.7644434382078737,-3.931627167403968,-41.381813587892374,3.0,0.0,-4.01834786289017,0.0,0.0,False,0.004897733251460253,0.20690906793946184,0.24488770387823683,0.04252192476461086,4.252192476461086e-06,4.2521924764610866e-06,-0.04138251743864503,0.0,0.18239507568012647,2.1671837291960943,2.253904424682297,0.18239507568012647
192.0,0.0,0.0,-0.22841456211249464,-1.3670662056709022,-4.083114374120811,-45.68291242249893,3.0,0.0,-4.015973184141717,-0.1,0.0,False,0.005166991288956417,0.22841456211249464,0.25835066299989495,0.04252192476461086,4.252192476461086e-06,4.2521924764610866e-06,-0.04568368942934093,0.0,0.39737723253697155,2.716048168449909,2.648906978470815,0.39737723253697155
193.0,0.0,0.0,-0.27362927586648433,-1.1664560727848197,-3.9888776079031363,-54.725855173296864,3.0,0.0,-4.048637622466944,-0.03,0.0,False,0.005091047539011942,0.27362927586648433,0.25455345935629914,0.04252192476461086,4.252192476461086e-06,4.2521924764610866e-06,-0.054726785988817354,0.0,0.20061013288608254,2.8224215351183166,2.8821815496821244,0.20061013288608254
194.0,0.0,0.0,-0.2919490994679002,-0.9983879033377867,-3.9433747354356328,-58.38981989358004,3.0,0.0,-4.103417140553152,0.14,0.0,False,0.005131280531814324,0.2919490994679002,0.25656511755033967,0.04252192476461086,4.252192476461086e-06,4.2521924764610866e-06,-0.058390813028368405,0.0,0.16806816944703296,2.944986832097846,3.1050292372153647,0.16806816944703296
195.0,0.0,0.0,-0.3108427246291648,-2.052476587490151,-4.192369663704479,-62.16854492583296,3.0,0.0,-4.086009138652032,0.04,0.0,False,0.005349214916903588,0.3108427246291648,0.26746188313975056,0.04252192476461086,4.252192476461086e-06,4.2521924764610866e-06,-0.06216960233181263,0.0,-1.0540886841523645,2.139893076214328,2.0335325511618807,1.0540886841523645
196.0,0.0,0.0,-0.20928358349732423,-2.141070211528714,-4.278551906202509,-41.85671669946485,3.0,0.0,-4.106881237784183,0.08,0.0,False,0.005234718618680614,0.20928358349732426,0.26173704388558705,0.04252192476461086,4.252192476461086e-06,4.2521924764610866e-06,-0.041857428627700914,0.0,-0.08859362403856297,2.1374816946737947,1.9658110262554689,0.08859362403856297
197.0,0.0,0.0,-0.202906599473795,-2.640156530863795,-4.15664452341498,-40.581319894759,3.0,0.0,-4.145356918167351,0.14,0.0,False,0.004763948216535519,0.202906599473795,0.23819842368801417,0.04252192476461086,4.252192476461086e-06,4.2521924764610866e-06,-0.04058201013015651,0.0,-0.49908631933508074,1.516487992551185,1.5052003873035558,0.49908631933508074
198.0,0.0,0.0,-0.1505416339307558,-2.8462034501793303,-4.1027941229968965,-30.10832678615116,3.0,0.0,-4.170179346162447,0.04,0.0,False,0.005145450453014112,0.1505416339307558,0.2572736166229907,0.04252192476461086,4.252192476461086e-06,4.2521924764610866e-06,-0.030108838889576127,0.0,-0.20604691931553543,1.2565906728175662,1.323975895983117,0.20604691931553543
199.0,0.0,0.0,-0.12916905360619574,-3.628119713567803,-4.056812038589895,-25.833810721239146,3.0,0.0,-4.145604876771511,0.02,0.0,False,0.005317498244238345,0.12916905360619574,0.26587604276321863,0.04252192476461086,4.252192476461086e-06,4.2521924764610866e-06,-0.025834250120713064,0.0,-0.7819162633884726,0.42869232502209176,0.5174851632037081,0.7819162633884726
200.0,0.0,0.0,-0.057735381155744926,-4.14971231490903,-4.161308120011209,-11.547076231148985,3.0,0.0,-4.137921448825183,0.04,0.0,False,0.005621731653038418,0.057735381155744926,0.28108777788617284,0.04252192476461086,4.252192476461086e-06,4.2521924764610866e-06,-0.011547272631876541,0.0,-0.5215926013412266,0.01159580510217939,-0.01179086608384683,0.5215926013412266
201.0,0.0,0.0,-0.008651065581741604,-3.9563944667592628,-4.276892357077145,-1.7302131163483208,3.0,0.0,-4.20548580022292,0.14,0.0,False,0.005168217920511873,0.009023699387257372,0.2584119948384615,0.04252192476461086,4.252192476461086e-06,4.2521924764610866e-06,-0.0017302425450199668,0.0,0.19331784814976682,0.3204978903178821,0.24909133346365753,0.19331784814976682
202.0,0.0,0.0,-0.03064604460865318,-3.9022266225684246,-4.253791094904881,-6.129208921730636,3.0,0.0,-4.236224810026244,-0.04,0.0,False,0.005060539621762434,0.030646044608653177,0.253028057007547,0.04252192476461086,4.252192476461086e-06,4.2521924764610866e-06,-0.006129313171591594,0.0,0.0541678441908382,0.3515644723364564,0.33399818745781973,0.0541678441908382
203.0,0.0,0.0,-0.040671880011849536,-4.982124066468027,-4.360326196058959,-8.134376002369907,3.0,0.0,-4.26286142848981,0.0,0.0,False,0.0049544636778246064,0.040671880011849536,0.24772423725788908,0.04252192476461086,4.252192476461086e-06,4.2521924764610866e-06,-0.008134514357511337,0.0,-1.0798974438996027,-0.6217978704090683,-0.7192626379782174,1.0798974438996027
204.0,0.0,0.0,0.06491867961276854,-4.713368265339719,-4.3757428260036235,12.983735922553707,3.0,0.0,-4.308954069920029,0.02,0.0,False,0.004983098069593697,0.06491867961276855,0.24915596293429088,0.04252192476461086,4.252192476461086e-06,4.2521924764610866e-06,0.012983956758991482,0.0,0.2687558011283082,-0.33762543933609557,-0.40441419541969026,0.2687558011283082
205.0,0.0,0.0,0.03309496723370676,-3.2558775551828854,-4.447791915084813,6.618993446741351,3.0,0.0,-4.332923468004291,0.04,0.0,False,0.005082069252460487,0.03309496723370676,0.25410454311985636,0.04252192476461086,4.252192476461086e-06,4.2521924764610866e-06,0.0066191060271991765,0.0,1.4574907101568337,1.1919143599019275,1.077045912821406,1.4574907101568337
206.0,0.0,0.0,-0.11632867043444017,-3.0557619908500633,-4.435423494003514,-23.265734086888035,3.0,0.0,-4.382411556694118,0.0,0.0,False,0.004935702095036595,0.11632867043444016,0.2467861541295954,0.04252192476461086,4.252192476461086e-06,4.2521924764610866e-06,-0.023266129806723112,0.0,0.20011556433282207,1.3796615031534505,1.3266495658440545,0.20011556433282207
207.0,0.0,0.0,-0.1421266835806437,-3.7466691818075217,-4.517845468959441,-28.42533671612874,3.0,0.0,-4.419188992122147,0.23,0.0,False,0.004677428403618399,0.14212668358064373,0.23387241464721323,0.04252192476461086,4.252192476461086e-06,4.2521924764610866e-06,-0.028425820194084572,0.0,-0.6909071909574585,0.7711762871519197,0.6725198103146255,0.6909071909574585
208.0,0.0,0.0,-0.07404348874176475,-3.571702934857397,-4.48031483849722,-14.80869774835295,3.0,0.0,-4.47705904415723,-0.14,0.0,False,0.004943877646450655,0.07404348874176475,0.24719493343849935,0.04252192476461086,4.252192476461086e-06,4.2521924764610866e-06,-0.014808949625014516,0.0,0.17496624695012475,0.908611903639823,0.9053561092998335,0.17496624695012475
209.0,0.0,0.0,-0.09165754242810946,-3.665066472861003,-4.460525919199926,-18.331508485621892,3.0,0.0,-4.487119811583456,-0.02,0.0,False,0.004958995557868743,0.09165754242810946,0.24795083222361725,0.04252192476461086,4.252192476461086e-06,4.2521924764610866e-06,-0.018331820280705926,0.0,-0.0933635380036062,0.7954594463389224,0.8220533387224531,0.0933635380036062
210.0,0.0,0.0,-0.07993139897818176,-3.1363240313009877,-4.560111298945134,-15.986279795636353,3.0,0.0,-4.488297846414107,0.09,0.0,False,0.0044678669182203505,0.07993139897818176,0.2233942958225222,0.04252192476461086,4.252192476461086e-06,4.2521924764610866e-06,-0.01598655170143484,0.0,0.5287424415600155,1.4237872676441459,1.3519738151131193,0.5287424415600155
211.0,0.0,0.0,-0.1340967744016936,-4.132672523006896,-4.565224237473088,-26.81935488033872,3.0,0.0,-4.464397456827488,0.01,0.0,False,0.004514821809371358,0.1340967744016936,0.2257420503631344,0.04252192476461086,4.252192476461086e-06,4.2521924764610866e-06,-0.02681981104263519,0.0,-0.9963484917059082,0.4325517144661921,0.33172493382059187,0.9963484917059082
212.0,0.0,0.0,-0.03724537088906168,-3.346164945377136,-4.5705305893838535,-7.449074177812335,3.0,0.0,-4.4773202855826835,-0.01,0.0,False,0.004965172479219942,0.03724537088906168,0.24825967960445003,0.04252192476461086,4.252192476461086e-06,4.2521924764610866e-06,-0.007449200876862282,0.0,0.7865075776297599,1.2243656440067174,1.1311553402055474,0.7865075776297599
213.0,0.0,0.0,-0.12091389376985172,-3.2318815301731583,-4.5495221722908346,-24.182778753970343,3.0,0.0,-4.5051341506218066,0.04,0.0,False,0.004619492940281309,0.12091389376985172,0.23097562916272163,0.04252192476461086,4.252192476461086e-06,4.2521924764610866e-06,-0.02418319007154083,0.0,0.11428341520397778,1.3176406421176763,1.2732526204486483,0.11428341520397778
214.0,0.0,0.0,-0.13932614518231484,-3.4835951238566505,-4.6471138701298695,-27.865229036462967,3.0,0.0,-4.5553295905331215,-0.01,0.0,False,0.0049786496868020015,0.13932614518231484,0.24893354284893712,0.04252192476461086,4.252192476461086e-06,4.2521924764610866e-06,-0.027865702987716665,0.0,-0.2517135936834922,1.163518746273219,1.071734466676471,0.2517135936834922
215.0,0.0,0.0,-0.11440673673880054,-2.545398631640514,-4.417731255751239,-22.88134734776011,3.0,0.0,-4.625172604075621,-0.1,0.0,False,0.005246372271595205,0.11440673673880054,0.26231972900899525,0.04252192476461086,4.252192476461086e-06,4.2521924764610866e-06,-0.022881736529677385,0.0,0.9381964922161363,1.8723326241107245,2.0797739724351065,0.9381964922161363
216.0,0.0,0.0,-0.20747909659844427,-3.267728687586663,-4.41338094495346,-41.495819319688856,3.0,0.0,-4.627686815217916,0.04,0.0,False,0.005045071995898782,0.20747909659844432,0.25225467242579824,0.04252192476461086,4.252192476461086e-06,4.2521924764610866e-06,-0.04149652510953053,0.0,-0.722330055946149,1.1456522573667964,1.359958127631253,0.722330055946149
217.0,0.0,0.0,-0.13533990076254945,-3.4392290617903143,-4.5312490144148025,-27.06798015250989,3.0,0.0,-4.620233709677634,0.05,0.0,False,0.004908952471511428,0.13533990076254945,0.2454486672661097,0.04252192476461086,4.252192476461086e-06,4.2521924764610866e-06,-0.027068440543598422,0.0,-0.17150037420365116,1.0920199526244883,1.1810046478873195,0.17150037420365116
218.0,0.0,0.0,-0.11617334481826122,-2.8242434665041207,-4.345410857878978,-23.234668963652243,3.0,0.0,-4.621156469777545,0.04,0.0,False,0.005247722998537672,0.11617334481826122,0.2623872656432962,0.04252192476461086,4.252192476461086e-06,4.2521924764610866e-06,-0.023235064155110036,0.0,0.6149855952861936,1.5211673913748571,1.7969130032734242,0.6149855952861936
219.0,0.0,0.0,-0.17407410763691242,-2.8444935727722296,-4.45436242273463,-34.814821527382485,3.0,0.0,-4.600987209544066,0.1,0.0,False,0.0054265504298695085,0.1740741076369124,0.2713286752303209,0.04252192476461086,4.252192476461086e-06,4.2521924764610866e-06,-0.03481541368215317,0.0,-0.02025010626810886,1.6098688499624005,1.756493636771836,0.02025010626810886
220.0,0.0,0.0,-0.1717087722772787,-3.8597374528890356,-4.44657983092812,-34.34175445545574,3.0,0.0,-4.565021552703786,-0.08,0.0,False,0.005437383364849313,0.1717087722772787,0.2718703242824974,0.04252192476461086,4.252192476461086e-06,4.2521924764610866e-06,-0.03434233856397167,0.0,-1.015243880116806,0.5868423780390843,0.70528409981475,1.015243880116806
221.0,0.0,0.0,-0.07266931879132438,-4.965692162009081,-4.4399318567515635,-14.533863758264875,3.0,0.0,-4.5616178024824965,-0.04,0.0,False,0.005167381097258848,0.07266931879132438,0.25837015349789355,0.04252192476461086,4.252192476461086e-06,4.2521924764610866e-06,-0.01453411096035822,0.0,-1.105954709120045,-0.525760305257517,-0.4040743595265841,1.105954709120045
222.0,0.0,0.0,0.038773696937986976,-4.635855150186916,-4.486298173220305,7.754739387597395,3.0,0.0,-4.586446090998811,-0.06,0.0,False,0.00531574647490207,0.038773696937986976,0.2657884539239618,0.04252192476461086,4.252192476461086e-06,4.2521924764610866e-06,0.007754871285614456,0.0,0.32983701182216496,-0.1495569769666103,-0.0494090591881049,0.32983701182216496
223.0,0.0,0.0,-0.00021251847306720116,-4.648473045612388,-4.702640538528023,-0.04250369461344023,3.0,0.0,-4.5779469489680915,0.1,0.0,False,0.005196450450764744,0.004153046409713336,0.25982362735361264,0.04252192476461086,4.252192476461086e-06,4.2521924764610866e-06,-4.2504417545928e-05,0.0,-0.012617895425472092,0.05416749291563505,-0.07052609664429621,0.012617895425472092
224.0,0.0,0.0,-0.005124655445243721,-5.189812235287167,-4.771591652837011,-1.0249310890487442,3.0,0.0,-4.637980380101061,0.13,0.0,False,0.005094508968226216,0.005925459395347114,0.25472653155294606,0.04252192476461086,4.252192476461086e-06,4.2521924764610866e-06,-0.0010249485217916788,0.0,-0.5413391896747797,-0.41822058245015636,-0.5518318551861068,0.5413391896747797
225.0,0.0,0.0,0.04773161959989279,-5.985088665078701,-4.712871177420817,9.546323919978558,3.0,0.0,-4.699720689615891,0.09,0.0,False,0.004982004127486362,0.04773161959989279,0.24910126559634144,0.04252192476461086,4.252192476461086e-06,4.2521924764610866e-06,0.00954648629051512,0.0,-0.7952764297915333,-1.2722174876578833,-1.28536797546281,0.7952764297915333
226.0,0.0,0.0,0.1276689247341517,-6.382964653803436,-4.650819976308303,25.53378494683034,3.0,0.0,-4.712485891086553,-0.01,0.0,False,0.005012627209206324,0.1276689247341517,0.25063242619310144,0.04252192476461086,4.252192476461086e-06,4.2521924764610866e-06,0.025534219243256592,0.0,-0.39787598872473495,-1.7321446774951328,-1.6704787627168827,0.39787598872473495
227.0,0.0,0.0,0.16855366597862162,-6.1815516916870505,-4.676818135895106,33.71073319572432,3.0,0.0,-4.708372274095123,-0.06,0.0,False,0.004899402073142656,0.16855366597862162,0.24497114531716443,0.04252192476461086,4.252192476461086e-06,4.2521924764610866e-06,0.03371130657139047,0.0,0.20141296211638515,-1.5047335557919448,-1.4731794175919273,0.20141296211638515
228.0,0.0,0.0,0.1456858854308144,-5.810725045518675,-4.827334138731882,29.13717708616288,3.0,0.0,-4.697392157885703,0.04,0.0,False,0.004871145072900039,0.1456858854308144,0.24355828929732345,0.04252192476461086,4.252192476461086e-06,4.2521924764610866e-06,0.029137672671596292,0.0,0.3708266461683758,-0.9833909067867923,-1.1133328876329713,0.3708266461683758
229.0,0.0,0.0,0.10303421484985177,-5.927278829613357,-4.855870926303861,20.606842969970355,3.0,0.0,-4.7246618631576105,0.08,0.0,False,0.004653681832078797,0.10303421484985176,0.23268508102148353,0.04252192476461086,4.252192476461086e-06,4.2521924764610866e-06,0.020607193465530523,0.0,-0.1165537840946822,-1.0714079033094963,-1.2026169664557465,0.1165537840946822
230.0,0.0,0.0,0.11485366397797371,-6.758265550422526,-4.820777849133056,22.970732795594742,3.0,0.0,-4.780360990954498,-0.06,0.0,False,0.0048512562171342975,0.11485366397797371,0.2425638422804742,0.04252192476461086,4.252192476461086e-06,4.2521924764610866e-06,0.02297112349784207,0.0,-0.830986720809169,-1.93748770128947,-1.977904559468028,0.830986720809169
231.0,0.0,0.0,0.19648805649984788,-5.583599182215323,-4.751769566354809,39.297611299969574,3.0,0.0,-4.778717770839328,0.0,0.0,False,0.004910355128847771,0.19648805649984788,0.24551880043114527,0.04252192476461086,4.252192476461086e-06,4.2521924764610866e-06,0.03929827970115582,0.0,1.1746663682072027,-0.8318296158605145,-0.8048814113759954,1.1746663682072027
232.0,0.0,0.0,0.07816272917108519,-5.276665758023969,-4.751637846855553,15.632545834217037,3.0,0.0,-4.793343210172271,0.0,0.0,False,0.00495043993005533,0.07816272917108519,0.24752304901393773,0.04252192476461086,4.252192476461086e-06,4.2521924764610866e-06,0.015632811723461548,0.0,0.30693342419135394,-0.525027911168416,-0.4833225478516985,0.30693342419135394
233.0,0.0,0.0,0.04797896822370144,-5.207546571461005,-4.827111678865876,9.595793644740288,3.0,0.0,-4.801955272356026,-0.02,0.0,False,0.005078247040839688,0.04797896822370143,0.25391343172617736,0.04252192476461086,4.252192476461086e-06,4.2521924764610866e-06,0.009595956856692438,0.0,0.0691191865629639,-0.3804348925951295,-0.40559129910497926,0.0691191865629639
234.0,0.0,0.0,0.03338327859734142,-5.11678131307486,-4.957091317851921,6.676655719468284,3.0,0.0,-4.79686587499657,0.14,0.0,False,0.0051338299979507415,0.03338327859734142,0.2566925913992017,0.04252192476461086,4.252192476461086e-06,4.2521924764610866e-06,0.0066767692806862676,0.0,0.09076525838614558,-0.15968999522293892,-0.31991543807829004,0.09076525838614558
235.0,0.0,0.0,0.017040036390614757,-6.151108819227807,-4.975481488977001,3.408007278122952,3.0,0.0,-4.8737066878812865,0.07,0.0,False,0.005205206391110985,0.017040036390614757,0.26026142623252196,0.04252192476461086,4.252192476461086e-06,4.2521924764610866e-06,0.003408065243888098,0.0,-1.0343275061529473,-1.1756273302508058,-1.2774021313465207,1.0343275061529473
236.0,0.0,0.0,0.11681479031618272,-5.9973519257485535,-5.1659195521253585,23.362958063236544,3.0,0.0,-4.9463773262929855,0.16,0.0,False,0.0050522075482191346,0.1168147903161827,0.25261145155890297,0.04252192476461086,4.252192476461086e-06,4.2521924764610866e-06,0.023363355436724832,0.0,0.1537568934792537,-0.831432373623195,-1.050974599455568,0.1537568934792537
237.0,0.0,0.0,0.09102776294987162,-5.699817957760528,-5.136244328915071,18.205552589974324,3.0,0.0,-4.982936080117355,0.14,0.0,False,0.005078821092628226,0.09102776294987162,0.25394213443765323,0.04252192476461086,4.252192476461086e-06,4.2521924764610866e-06,0.018205862242712617,0.0,0.29753396798802534,-0.5635736288454574,-0.7168818776431731,0.29753396798802534
238.0,0.0,0.0,0.05934460973390715,-5.72629422155194,-5.064288035722366,11.86892194678143,3.0,0.0,-5.087054942871401,0.0,0.0,False,0.004999886519625733,0.05934460973390715,0.24999538900527876,0.04252192476461086,4.252192476461086e-06,4.2521924764610866e-06,0.011869123821685432,0.0,-0.026476263791411547,-0.6620061858295738,-0.639239278680539,0.026476263791411547
239.0,0.0,0.0,0.06116481926384755,-6.018059851015329,-5.1041953347040545,12.23296385276951,3.0,0.0,-5.106359243186306,-0.01,0.0,False,0.005384319304361546,0.06116481926384754,0.2692171099761791,0.04252192476461086,4.252192476461086e-06,4.2521924764610866e-06,0.012233171919552198,0.0,-0.2917656294633897,-0.9138645163112749,-0.9117006078290233,0.2917656294633897
240.0,0.0,0.0,0.08449667366192636,-5.670165564115163,-5.058882031431472,16.89933473238527,3.0,0.0,-5.11463302468425,-0.12,0.0,False,0.005212891846558061,0.08449667366192636,0.26064570063887754,0.04252192476461086,4.252192476461086e-06,4.2521924764610866e-06,0.01689962216805905,0.0,0.347894286900166,-0.6112835326836912,-0.5555325394309136,0.347894286900166
241.0,0.0,0.0,0.04962713030742256,-5.579393892831085,-5.056883360531437,9.925426061484512,3.0,0.0,-5.1730751495900655,0.0,0.0,False,0.005014183536589291,0.04962713030742256,0.25071024289314003,0.04252192476461086,4.252192476461086e-06,4.2521924764610866e-06,0.00992559488005475,0.0,0.09077167128407826,-0.5225105322996484,-0.4063187432410196,0.09077167128407826
242.0,0.0,0.0,0.03899689533935948,-5.3306315901439865,-5.084997153137623,7.799379067871897,3.0,0.0,-5.173883709835433,0.01,0.0,False,0.004953832132911592,0.03899689533935949,0.24769265987796588,0.04252192476461086,4.252192476461086e-06,4.2521924764610866e-06,0.007799511725151778,0.0,0.24876230268709865,-0.24563443700636345,-0.15674788030855336,0.24876230268709865
243.0,0.0,0.0,0.014918701741049345,-5.8110698109311345,-5.053904918230543,2.983740348209869,3.0,0.0,-5.189416648322242,-0.08,0.0,False,0.0047989423795219074,0.014918701741049345,0.23994813927742936,0.04252192476461086,4.252192476461086e-06,4.2521924764610866e-06,0.002983791097747111,0.0,-0.48043822078714804,-0.7571648927005912,-0.6216531626088928,0.48043822078714804
244.0,0.0,0.0,0.06297791449357577,-5.855659414271796,-5.139355447989237,12.595582898715154,3.0,0.0,-5.181441400873927,0.07,0.0,False,0.004530891123197468,0.06297791449357577,0.2265455194709306,0.04252192476461086,4.252192476461086e-06,4.2521924764610866e-06,0.012595797133175532,0.0,-0.0445896033406612,-0.7163039662825588,-0.6742180133978684,0.0445896033406612
245.0,0.0,0.0,0.06713185162352688,-5.744241016788983,-5.087136867793379,13.426370324705374,3.0,0.0,-5.181277276284668,0.07,0.0,False,0.004673743169854336,0.06713185162352688,0.23368815217549388,0.04252192476461086,4.252192476461086e-06,4.2521924764610866e-06,0.013426598689777835,0.0,0.11141839748281246,-0.6571041489956047,-0.5629637405043155,0.11141839748281246
246.0,0.0,0.0,0.061108820553739014,-5.590774405969713,-4.8640954369353855,12.221764110747802,3.0,0.0,-5.184326625158808,0.2,0.0,False,0.004605304265308116,0.061108820553739014,0.23026619239741317,0.04252192476461086,4.252192476461086e-06,4.2521924764610866e-06,0.012221971987037466,0.0,0.1534666108192706,-0.7266789690343272,-0.4064477808109048,0.1534666108192706
247.0,0.0,0.0,0.04818498512779102,-5.838275670094704,-4.88929566780332,9.636997025558204,3.0,0.0,-5.133139818928243,-0.01,0.0,False,0.004803174376420592,0.04818498512779101,0.24015974002212687,0.04252192476461086,4.252192476461086e-06,4.2521924764610866e-06,0.009637160938326199,0.0,-0.24750126412499096,-0.9489800022913837,-0.7051358511664603,0.24750126412499096
248.0,0.0,0.0,0.07228096128817325,-5.418665364652443,-5.026554858229264,14.456192257634651,3.0,0.0,-5.108914310100241,0.08,0.0,False,0.004609213071182046,0.07228096128817325,0.23046163352215945,0.04252192476461086,4.252192476461086e-06,4.2521924764610866e-06,0.014456438138636929,0.0,0.4196103054422604,-0.3921105064231796,-0.3097510545522022,0.4196103054422604
249.0,0.0,0.0,0.028081578895071947,-5.128107605733348,-5.002887931553739,5.616315779014389,3.0,0.0,-5.115450689584983,-0.09,0.0,False,0.005193094697829537,0.028081578895071947,0.25965583899338696,0.04252192476461086,4.252192476461086e-06,4.2521924764610866e-06,0.005616411305230992,0.0,0.2905577589190953,-0.12521967417960855,-0.01265691614836495,0.2905577589190953
250.0,0.0,0.0,-0.0031155082820074477,-5.378562978408917,-5.114483647184741,-0.6231016564014895,3.0,0.0,-5.137843605287799,-0.01,0.0,False,0.005344772481577877,0.00497242907109412,0.26723976042896047,0.04252192476461086,4.252192476461086e-06,4.2521924764610866e-06,-0.0006231122545491253,0.0,-0.25045537267556917,-0.2640793312241758,-0.24071937312111835,0.25045537267556917
251.0,0.0,0.0,0.018491227474286866,-6.010760709407236,-5.139733391542212,3.698245494857373,3.0,0.0,-5.159263350940466,0.02,0.0,False,0.005348898461759057,0.01849122747428687,0.26744606031524265,0.04252192476461086,4.252192476461086e-06,4.2521924764610866e-06,0.0036983083971965747,0.0,-0.6321977309983193,-0.8710273178650247,-0.8514973584667702,0.6321977309983193
252.0,0.0,0.0,0.08389833011165726,-6.57303849242477,-5.117267039870278,16.77966602233145,3.0,0.0,-5.193646772253131,0.1,0.0,False,0.005161773178751874,0.08389833011165723,0.25808975638024745,0.04252192476461086,4.252192476461086e-06,4.2521924764610866e-06,0.01677995142259633,0.0,-0.5622777830175334,-1.455771452554492,-1.3793917201716388,0.5622777830175334
253.0,0.0,0.0,0.13985965404518308,-5.965989816823462,-5.1398596727828005,27.971930809036618,3.0,0.0,-5.17175957069826,-0.11,0.0,False,0.005158574418267513,0.13985965404518308,0.25792981767594214,0.04252192476461086,4.252192476461086e-06,4.2521924764610866e-06,0.027972406575148493,0.0,0.607048675601308,-0.8261301440406612,-0.7942302461252018,0.607048675601308
254.0,0.0,0.0,0.07123460469806943,-5.393940632367523,-5.433749753167807,14.246920939613887,3.0,0.0,-5.174412216464506,0.19,0.0,False,0.0048826946148525915,0.07123460469806943,0.24413576885049484,0.04252192476461086,4.252192476461086e-06,4.2521924764610866e-06,0.014247163261183604,0.0,0.5720491844559383,0.03980912080028354,-0.2195284159030173,0.5720491844559383
255.0,0.0,0.0,0.004588723777209394,-4.921568206993839,-5.5829322304566436,0.9177447554418788,3.0,0.0,-5.25362862468026,0.3,0.0,False,0.0049423587134736725,0.005535955570428564,0.24711898646671046,0.04252192476461086,4.252192476461086e-06,4.2521924764610866e-06,0.0009177603650848804,0.0,0.47237242537368473,0.6613640234628049,0.3320604176864217,0.47237242537368473
256.0,0.0,0.0,-0.048827294825662004,-4.722925506940606,-5.6641325302415995,-9.765458965132401,3.0,0.0,-5.348052418988593,0.26,0.0,False,0.004763887073132019,0.048827294825662004,0.23819536650483947,0.04252192476461086,4.252192476461086e-06,4.2521924764610866e-06,-0.009765625062870676,0.0,0.1986427000532327,0.9412070233009935,0.6251269120479872,0.1986427000532327
257.0,0.0,0.0,-0.07593721797678109,-5.019031699981885,-5.853915948564608,-15.187443595356218,3.0,0.0,-5.409851536403243,0.21,0.0,False,0.005074769652769779,0.07593721797678109,0.25373956158335575,0.04252192476461086,4.252192476461086e-06,4.2521924764610866e-06,-0.015187701913991356,0.0,-0.29610619304127894,0.834884248582723,0.3908198364213584,0.29610619304127894
258.0,0.0,0.0,-0.05689316085974296,-4.966000887920311,-5.851288561517567,-11.378632171948592,3.0,0.0,-5.482313831691764,0.46,0.0,False,0.004725613519994538,0.05689316085974296,0.23628168071063968,0.04252192476461086,4.252192476461086e-06,4.2521924764610866e-06,-0.011378825707662086,0.0,0.05303081206157412,0.8852876735972561,0.5163129437714531,0.05303081206157412
259.0,0.0,0.0,-0.0687833400711839,-5.064670383423673,-5.775002059179308,-13.75666801423678,3.0,0.0,-5.587975404612843,0.12,0.0,False,0.004625480801663239,0.0687833400711839,0.23127502350489512,0.04252192476461086,4.252192476461086e-06,4.2521924764610866e-06,-0.013756901997242754,0.0,-0.09866949550336201,0.7103316757556355,0.5233050211891701,0.09866949550336201
260.0,0.0,0.0,-0.06635623624478333,-4.5962273735064185,-5.810275718213855,-13.271247248956666,3.0,0.0,-5.653848912632206,0.17,0.0,False,0.004833136424843903,0.06635623624478333,0.24165784881351227,0.04252192476461086,4.252192476461086e-06,4.2521924764610866e-06,-0.013271472975587643,0.0,0.4684430099172543,1.2140483447074368,1.0576215391257877,0.4684430099172543
261.0,0.0,0.0,-0.11814683209413315,-3.775107894332308,-5.842150120186005,-23.62936641882663,3.0,0.0,-5.728246853845932,0.11,0.0,False,0.004840471636217541,0.11814683209413318,0.24202461094173067,0.04252192476461086,4.252192476461086e-06,4.2521924764610866e-06,-0.023629768323574073,0.0,0.8211194791741105,2.0670422258536973,1.9531389595136242,0.8211194791741105
262.0,0.0,0.0,-0.20385199394627523,-3.336438956717139,-5.9966355053366005,-40.77039878925505,3.0,0.0,-5.7777208136012765,0.06,0.0,False,0.005092841318978506,0.20385199394627523,0.25464314873600224,0.04252192476461086,4.252192476461086e-06,4.2521924764610866e-06,-0.040771092240638296,0.0,0.4386689376151689,2.6601965486194614,2.4412818568841375,0.4386689376151689
263.0,0.0,0.0,-0.2502505152571991,-3.2326804506863867,-5.942117971787469,-50.05010305143982,3.0,0.0,-5.813671174690807,0.1,0.0,False,0.004870362485415601,0.2502505152571991,0.24351915975671598,0.04252192476461086,4.252192476461086e-06,4.2521924764610866e-06,-0.05005095433850651,0.0,0.10375850603075243,2.709437521101082,2.5809907240044203,0.10375850603075243
264.0,0.0,0.0,-0.2667250274312286,-3.793418791523437,-5.940733250885831,-53.345005486245725,3.0,0.0,-5.838997314957038,-0.02,0.0,False,0.004895864949251696,0.2667250274312286,0.2447942883705898,0.04252192476461086,4.252192476461086e-06,4.2521924764610866e-06,-0.05334591281531148,0.0,-0.5607383408370503,2.147314459362394,2.0455785234336012,0.5607383408370503
265.0,0.0,0.0,-0.2164987522253886,-3.6778314974845645,-6.0911872358144485,-43.29975044507772,3.0,0.0,-5.899987433306417,0.12,0.0,False,0.004965012114218361,0.2164987522253886,0.24825166132027587,0.04252192476461086,4.252192476461086e-06,4.2521924764610866e-06,-0.04330048691743836,0.0,0.11558729403887247,2.413355738329884,2.2221559358218523,0.11558729403887247
266.0,0.0,0.0,-0.2386202149407809,-2.3997990430501384,-6.160580052700645,-47.72404298815618,3.0,0.0,-5.95845234349559,0.21,0.0,False,0.00515351410323247,0.2386202149407809,0.2576768008483183,0.04252192476461086,4.252192476461086e-06,4.2521924764610866e-06,-0.047724854711970695,0.0,1.2780324544344261,3.7607810096505068,3.5586533004454513,1.2780324544344261
267.0,0.0,0.0,-0.3726994345794305,-2.8272344705904495,-6.289381085265424,-74.5398869158861,3.0,0.0,-6.0640843798465065,0.22,0.0,False,0.005395979758505559,0.3726994345794305,0.26980013516250456,0.04252192476461086,4.252192476461086e-06,4.2521924764610866e-06,-0.07454115474228035,0.0,-0.42743542754031116,3.462146614674974,3.236849909256057,0.42743542754031116
268.0,0.0,0.0,-0.338474606114554,-3.9177378086282815,-6.305507360983933,-67.69492122291079,3.0,0.0,-6.126872628331024,0.27,0.0,False,0.0051373931353507684,0.338474606114554,0.25687074902676027,0.04252192476461086,4.252192476461086e-06,4.2521924764610866e-06,-0.06769607262535363,0.0,-1.090503338037832,2.3877695523556515,2.2091348197027427,1.090503338037832
269.0,0.0,0.0,-0.2313207257932836,-3.376049492857362,-6.2578638084583345,-46.264145158656724,3.0,0.0,-6.212052494694666,0.03,0.0,False,0.004892648932072789,0.2313207257932836,0.24463348682788835,0.04252192476461086,4.252192476461086e-06,4.2521924764610866e-06,-0.046264932051510554,0.0,0.5416883157709194,2.8818143156009723,2.8360030018373035,0.5416883157709194
270.0,0.0,0.0,-0.28747194404600457,-2.92520172229754,-6.2993160410407425,-57.49438880920091,3.0,0.0,-6.230994247573608,-0.06,0.0,False,0.005056618641221925,0.28747194404600457,0.25283200714688336,0.04252192476461086,4.252192476461086e-06,4.2521924764610866e-06,-0.05749536671387276,0.0,0.45084777055982217,3.3741143187432026,3.305792525276068,0.45084777055982217
271.0,0.0,0.0,-0.33229199850202684,-2.7856627138723433,-6.210502001282111,-66.45839970040537,3.0,0.0,-6.250830052619287,-0.02,0.0,False,0.005209071183729265,0.3322919985020269,0.260454666685128,0.04252192476461086,4.252192476461086e-06,4.2521924764610866e-06,-0.06645953007122757,0.0,0.13953900842519662,3.424839287409768,3.465167338746944,0.13953900842519662
272.0,0.0,0.0,-0.3475350915244115,-3.2866872210917712,-6.092080142581918,-69.5070183048823,3.0,0.0,-6.248192355794605,-0.08,0.0,False,0.005094658637951978,0.34753509152441153,0.2547340150710553,0.04252192476461086,4.252192476461086e-06,4.2521924764610866e-06,-0.06950820052873638,0.0,-0.5010245072194279,2.8053929214901467,2.9615051347028336,0.5010245072194279
273.0,0.0,0.0,-0.296267377595231,-2.5468072751328457,-6.042432509769405,-59.2534755190462,3.0,0.0,-6.261087518421529,0.01,0.0,False,0.005267439401649851,0.296267377595231,0.2633730899908022,0.04252192476461086,4.252192476461086e-06,4.2521924764610866e-06,-0.059254483343491905,0.0,0.7398799459589256,3.4956252346365595,3.714280243288683,0.7398799459589256
274.0,0.0,0.0,-0.37213778366784817,-2.513223000333995,-6.192353458646467,-74.42755673356963,3.0,0.0,-6.24942398633978,0.04,0.0,False,0.005084962838139354,0.3721377836678481,0.2542492230190038,0.04252192476461086,4.252192476461086e-06,4.2521924764610866e-06,-0.07442882264937378,0.0,0.03358427479885062,3.679130458312472,3.7362009860057848,0.03358427479885062
275.0,0.0,0.0,-0.372711027227229,-1.8365103892744292,-5.984481880579989,-74.5422054454458,3.0,0.0,-6.268264231885519,0.09,0.0,False,0.0053042344985557615,0.372711027227229,0.2652128526590894,0.04252192476461086,4.252192476461086e-06,4.2521924764610866e-06,-0.07454347331127523,0.0,0.6767126110595658,4.14797149130556,4.43175384261109,0.6767126110595658
276.0,0.0,0.0,-0.4343194853770997,-1.346472868553892,-5.797043063090686,-86.86389707541994,3.0,0.0,-6.240412514557574,0.26,0.0,False,0.005185414832473307,0.4343194853770997,0.25927184409276216,0.04252192476461086,4.252192476461086e-06,4.2521924764610866e-06,-0.08686537451717598,0.0,0.4900375207205372,4.450570194536794,4.893939646003682,0.4900375207205372
277.0,0.0,0.0,-0.4789495724238367,-1.9997671295325572,-5.779851440929008,-95.78991448476734,3.0,0.0,-6.179797583547827,0.2,0.0,False,0.005126302004999154,0.4789495724238366,0.2563161901510985,0.04252192476461086,4.252192476461086e-06,4.2521924764610866e-06,-0.09579154374645409,0.0,-0.6532942609786652,3.7800843113964504,4.180030454015269,0.6532942609786652
278.0,0.0,0.0,-0.4072821013284109,-2.557097649976218,-5.807949226705518,-81.45642026568218,3.0,0.0,-6.136070422080677,0.22,0.0,False,0.005099008589231488,0.4072821013284109,0.25495151355987244,0.04252192476461086,4.252192476461086e-06,4.2521924764610866e-06,-0.08145780573330048,0.0,-0.5573305204436607,3.2508515767293003,3.5789727721044593,0.5573305204436607
279.0,0.0,0.0,-0.3499658705125636,-2.883480732298648,-5.714435545225921,-69.99317410251273,3.0,0.0,-6.072674734911016,0.05,0.0,False,0.005276336781663567,0.3499658705125636,0.26381796088315645,0.04252192476461086,4.252192476461086e-06,4.2521924764610866e-06,-0.06999436459524375,0.0,-0.3263830823224301,2.8309548129272732,3.1891940026123677,0.3263830823224301
280.0,0.0,0.0,-0.3105910013303098,-2.5090299273375996,-5.755011246468254,-62.11820026606196,3.0,0.0,-6.056830761213932,0.27,0.0,False,0.005267643154318901,0.3105910013303098,0.26338327766757447,0.04252192476461086,4.252192476461086e-06,4.2521924764610866e-06,-0.062119256815744546,0.0,0.37445080496104843,3.245981319130655,3.547800833876332,0.37445080496104843
281.0,0.0,0.0,-0.34643922579776976,-2.295194128899833,-5.791070463165398,-69.28784515955395,3.0,0.0,-5.989456780237698,0.05,0.0,False,0.005181831373090514,0.34643922579776976,0.25909267036174455,0.04252192476461086,4.252192476461086e-06,4.2521924764610866e-06,-0.0692890236555583,0.0,0.21383579843776657,3.495876334265565,3.694262651337865,0.21383579843776657
282.0,0.0,0.0,-0.36295841481598734,-2.29821726796413,-5.752746644726241,-72.59168296319747,3.0,0.0,-5.973495841628768,0.07,0.0,False,0.005073463929326797,0.36295841481598734,0.25367427513359736,0.04252192476461086,4.252192476461086e-06,4.2521924764610866e-06,-0.07259291765317986,0.0,-0.0030231390642971867,3.4545293767621112,3.675278573664638,0.0030231390642971867
283.0,0.0,0.0,-0.3648214667313167,-1.4479604971397448,-5.857985070862657,-72.96429334626335,3.0,0.0,-5.9248554455117395,-0.08,0.0,False,0.004904036805977521,0.3648214667313167,0.24520288294429662,0.04252192476461086,4.252192476461086e-06,4.2521924764610866e-06,-0.07296553437386306,0.0,0.8502567708243853,4.410024573722913,4.476894948371995,0.8502567708243853
284.0,0.0,0.0,-0.4482983222056229,-1.3548494699262397,-5.789139588966336,-89.65966444112458,3.0,0.0,-5.946509499832098,0.03,0.0,False,0.00499752735747195,0.4482983222056228,0.24987743039600896,0.04252192476461086,4.252192476461086e-06,4.2521924764610866e-06,-0.08966118943524223,0.0,0.09311102721350517,4.434290119040096,4.591660029905858,0.09311102721350517
285.0,0.0,0.0,-0.4560210375517494,-0.8818961104588972,-5.723349483188053,-91.20420751034987,3.0,0.0,-5.931039031733613,0.13,0.0,False,0.005092930213237137,0.4560210375517493,0.2546475934678336,0.04252192476461086,4.252192476461086e-06,4.2521924764610866e-06,-0.0912057587751335,0.0,0.4729533594673425,4.8414533727291555,5.049142921274716,0.4729533594673425
286.0,0.0,0.0,-0.49839862762568754,-0.3608772734874871,-5.7648867658751355,-99.67972552513751,3.0,0.0,-5.915156799904978,0.11,0.0,False,0.00509270862991747,0.49839862762568754,0.25463651425473954,0.04252192476461086,4.252192476461086e-06,4.2521924764610866e-06,-0.09968142094744391,0.0,0.52101883697141,5.404009492387648,5.554279526417491,0.52101883697141
287.0,0.0,0.0,-0.5465845439928373,0.07917417133602711,-5.636847220745005,-109.31690879856745,3.0,0.0,-5.865988351060501,0.1,0.0,False,0.005253831959158784,0.5465845439928373,0.2626927149731757,0.04252192476461086,4.252192476461086e-06,4.2521924764610866e-06,-0.10931876813680967,0.0,0.4400514448235142,5.716021392081032,5.9451625223965285,0.4400514448235142
288.0,0.0,0.0,-0.5850545130138946,-0.2393944789431515,-5.5952232911369855,-117.01090260277891,3.0,0.0,-5.826838922550141,0.19,0.0,False,0.005089310244849685,0.5850545130138946,0.25446659427882073,0.04252192476461086,4.252192476461086e-06,4.2521924764610866e-06,-0.11701289280583492,0.0,-0.3185686502791786,5.355828812193834,5.587444443606989,0.3185686502791786
289.0,0.0,0.0,-0.5531024903335445,-0.5541454703687296,-5.641846643645462,-110.6204980667089,3.0,0.0,-5.77149534702284,0.05,0.0,False,0.005037115009410822,0.5531024903335445,0.2518568214096683,0.04252192476461086,4.252192476461086e-06,4.2521924764610866e-06,-0.11062237957730675,0.0,-0.31475099142557816,5.0877011732767325,5.21734987665411,0.31475099142557816
290.0,0.0,0.0,-0.5208613665502231,-0.8293410106619254,-5.805401664967439,-104.17227331004462,3.0,0.0,-5.7705369771909965,0.02,0.0,False,0.0051310762800134396,0.520861366550223,0.2565549049168696,0.04252192476461086,4.252192476461086e-06,4.2521924764610866e-06,-0.10417404514473765,0.0,-0.2751955402931958,4.976060654305513,4.941195966529071,0.2751955402931958
291.0,0.0,0.0,-0.49418566702008954,-2.2947440953467746,-5.832359914701801,-98.8371334040179,3.0,0.0,-5.762869876010161,0.07,0.0,False,0.005193663174050056,0.49418566702008954,0.2596842629252765,0.04252192476461086,4.252192476461086e-06,4.2521924764610866e-06,-0.09883881449492972,0.0,-1.4654030846848491,3.5376158193550262,3.468125780663386,1.4654030846848491
292.0,0.0,0.0,-0.34997532721158847,-2.9931039981783094,-5.815694076022242,-69.9950654423177,3.0,0.0,-5.771302749491579,-0.01,0.0,False,0.00498519856819169,0.34997532721158847,0.24926098831077678,0.04252192476461086,4.252192476461086e-06,4.2521924764610866e-06,-0.06999625596721795,0.0,-0.6983599028315348,2.822590077843933,2.77819875131327,0.6983599028315348
293.0,0.0,0.0,-0.28536312665193053,-2.9736036700403843,-5.907546460929365,-57.0726253303861,3.0,0.0,-5.794571775585322,0.14,0.0,False,0.004802172096331196,0.2853631266519306,0.2401096258045627,0.04252192476461086,4.252192476461086e-06,4.2521924764610866e-06,-0.057073596061410485,0.0,0.019500328137925127,2.9339427908889806,2.8209681055449374,0.019500328137925127
294.0,0.0,0.0,-0.291507513642573,-4.176168016693065,-6.019712638755118,-58.3015027285146,3.0,0.0,-5.846795935644622,-0.01,0.0,False,0.00522208582772168,0.291507513642573,0.26110540165178736,0.04252192476461086,4.252192476461086e-06,4.2521924764610866e-06,-0.05830249436114301,0.0,-1.202564346652681,1.843544622062053,1.6706279189515572,1.202564346652681
295.0,0.0,0.0,-0.18268590318885913,-3.559721062097171,-6.084044990181415,-36.537180637771826,3.0,0.0,-5.888740783768928,0.29,0.0,False,0.005384741822175269,0.18268590318885913,0.2692382359566966,0.04252192476461086,4.252192476461086e-06,4.2521924764610866e-06,-0.036537802087627747,0.0,0.6164469545958942,2.5243239280842436,2.329019721671757,0.6164469545958942
296.0,0.0,0.0,-0.24920608712757322,-3.881397447280775,-6.042186702086622,-49.84121742551464,3.0,0.0,-6.0030658893628095,0.02,0.0,False,0.004997774310085559,0.24920608712757322,0.2498897780791939,0.04252192476461086,4.252192476461086e-06,4.2521924764610866e-06,-0.04984206515970888,0.0,-0.32167638518360375,2.160789254805847,2.1216684420820346,0.32167638518360375
297.0,0.0,0.0,-0.21775569175451573,-3.4338256899123567,-6.0618481629654175,-43.551138350903145,3.0,0.0,-6.051834916985339,0.06,0.0,False,0.005210985489684165,0.21775569175451573,0.26055038238987294,0.04252192476461086,4.252192476461086e-06,4.2521924764610866e-06,-0.04355187909904465,0.0,0.44757175736841814,2.628022473053061,2.618009227072982,0.44757175736841814
298.0,0.0,0.0,-0.2629259461310304,-3.875609396529093,-5.919499610168085,-52.585189226206076,3.0,0.0,-6.059000661781639,-0.11,0.0,False,0.005233778633739829,0.2629259461310304,0.2616900444386978,0.04252192476461086,4.252192476461086e-06,4.2521924764610866e-06,-0.05258608363178685,0.0,-0.44178370661673627,2.043890213638992,2.1833912652525465,0.44178370661673627
299.0,0.0,0.0,-0.22198543542299273,-4.888129461622135,-6.206910412817895,-44.397087084598546,3.0,0.0,-6.063141051809158,0.15,0.0,False,0.004933813880625765,0.22198543542299273,0.24669174300760138,0.04252192476461086,4.252192476461086e-06,4.2521924764610866e-06,-0.04439784222122623,0.0,-1.0125200650930424,1.3187809511957598,1.1750115901870224,1.0125200650930424
300.0,0.0,0.0,-0.12264505903137528,-4.748177665359859,-6.361255797517802,-24.529011806275054,3.0,0.0,-6.095510946998937,0.09,0.0,False,0.0051972146253509224,0.12264505903137529,0.2598618362453925,0.04252192476461086,4.252192476461086e-06,4.2521924764610866e-06,-0.02452942901281882,0.0,0.1399517962622765,1.613078132157943,1.3473332816390782,0.1399517962622765
301.0,0.0,0.0,-0.1357341897923799,-5.173950961561992,-6.161822417555719,-27.146837958475977,3.0,0.0,-6.114606127455751,-0.02,0.0,False,0.005395601065813793,0.1357341897923799,0.26978120044740256,0.04252192476461086,4.252192476461086e-06,4.2521924764610866e-06,-0.02714729969083309,0.0,-0.42577329620213344,0.9878714559937265,0.9406551658937587,0.42577329620213344
302.0,0.0,0.0,-0.09740418805844313,-5.072923332800349,-6.162037871407595,-19.480837611688624,3.0,0.0,-6.105548421678688,0.09,0.0,False,0.005301713241326464,0.09740418805844313,0.26508678926158097,0.04252192476461086,4.252192476461086e-06,4.2521924764610866e-06,-0.01948116895536418,0.0,0.10102762876164295,1.0891145386072454,1.0326250888783388,0.10102762876164295
303.0,0.0,0.0,-0.11247161870088536,-4.88975723992601,-6.246195424291407,-22.494323740177073,3.0,0.0,-6.148013551214205,0.08,0.0,False,0.005192924871487008,0.11247161870088536,0.2596473476401539,0.04252192476461086,4.252192476461086e-06,4.2521924764610866e-06,-0.02249470633932685,0.0,0.18316609287433927,1.3564381843653965,1.2582563112881946,0.18316609287433927
304.0,0.0,0.0,-0.13363764438777181,-5.060123883382559,-6.2084385158271935,-26.727528877554363,3.0,0.0,-6.197663432357745,0.02,0.0,False,0.005031885626285992,0.13363764438777181,0.25159535114160964,0.04252192476461086,4.252192476461086e-06,4.2521924764610866e-06,-0.02672798347801012,0.0,-0.17036664345654895,1.1483146324446345,1.1375395489751856,0.17036664345654895
305.0,0.0,0.0,-0.11470713909216297,-4.371588731783065,-6.217337111903212,-22.941427818432594,3.0,0.0,-6.226162096453029,0.02,0.0,False,0.004843951737517956,0.11470713909216297,0.24219861674665455,0.04252192476461086,4.252192476461086e-06,4.2521924764610866e-06,-0.022941818022240424,0.0,0.6885351515994937,1.8457483801201464,1.8545733646699638,0.6885351515994937
306.0,0.0,0.0,-0.18867916512189173,-3.8609957033612927,-6.282681716813842,-37.735833024378344,3.0,0.0,-6.20721966214588,0.05,0.0,False,0.004930298810212594,0.18867916512189173,0.24651598873960506,0.04252192476461086,4.252192476461086e-06,4.2521924764610866e-06,-0.03773647486175021,0.0,0.5105930284217726,2.4216860134525495,2.346223958784587,0.5105930284217726
307.0,0.0,0.0,-0.23845494086265245,-3.5645918734767568,-6.364382179936196,-47.69098817253049,3.0,0.0,-6.2584204980083005,-0.09,0.0,False,0.005334374804453424,0.23845494086265245,0.26671987436209166,0.04252192476461086,4.252192476461086e-06,4.2521924764610866e-06,-0.047691799334125644,0.0,0.29640382988453595,2.799790306459439,2.6938286245315437,0.29640382988453595
308.0,0.0,0.0,-0.27308541453824436,-2.7211793005696725,-6.442882796044233,-54.61708290764887,3.0,0.0,-6.245595809803091,0.13,0.0,False,0.005127397820819717,0.2730854145382444,0.2563709811751077,0.04252192476461086,4.252192476461086e-06,4.2521924764610866e-06,-0.05461801187309479,0.0,0.8434125729070843,3.7217034954745607,3.5244165092334185,0.8434125729070843
309.0,0.0,0.0,-0.3671381906275999,-1.770481100133078,-6.603008353210443,-73.42763812551998,3.0,0.0,-6.295504079446454,0.34,0.0,False,0.004973295885996117,0.3671381906275999,0.24866585167037336,0.04252192476461086,4.252192476461086e-06,4.2521924764610866e-06,-0.07342888703401092,0.0,0.9506982004365945,4.832527253077365,4.525022979313376,0.9506982004365945
310.0,0.0,0.0,-0.4692729602316264,-1.6228760358788177,-6.624664019676104,-93.85459204632528,3.0,0.0,-6.392639263958268,0.12,0.0,False,0.004979944909658406,0.4692729602316264,0.2489983042671342,0.04252192476461086,4.252192476461086e-06,4.2521924764610866e-06,-0.09385618839069795,0.0,0.14760506425426034,5.0017879837972865,4.76976322807945,0.14760506425426034
311.0,0.0,0.0,-0.4907683046714769,-1.9261480715169537,-6.618323737368694,-98.15366093429539,3.0,0.0,-6.463310474396882,-0.02,0.0,False,0.005626764911811937,0.49076830467147703,0.2813394418949679,0.04252192476461086,4.252192476461086e-06,4.2521924764610866e-06,-0.09815533040023067,0.0,-0.303272035638136,4.692175665851741,4.537162402879928,0.303272035638136
312.0,0.0,0.0,-0.4651270517103885,-1.5179438540640366,-6.5849774883870325,-93.02541034207769,3.0,0.0,-6.530663424658224,0.01,0.0,False,0.005491652255210615,0.4651270517103885,0.2745837803386508,0.04252192476461086,4.252192476461086e-06,4.2521924764610866e-06,-0.09302699258314952,0.0,0.408204217452917,5.067033634322996,5.012719570594188,0.408204217452917
313.0,0.0,0.0,-0.5070755691428064,-1.6095348415232966,-6.553562165859601,-101.41511382856127,3.0,0.0,-6.577517479108327,-0.02,0.0,False,0.00562468036442114,0.5070755691428064,0.28123521408223323,0.04252192476461086,4.252192476461086e-06,4.2521924764610866e-06,-0.10141683876756251,0.0,-0.09159098745925998,4.944027324336305,4.96798263758503,0.09159098745925998
314.0,0.0,0.0,-0.49820582883308473,-1.4410024125295018,-6.532076910878653,-99.64116576661695,3.0,0.0,-6.588807354638101,0.06,0.0,False,0.005779231566282103,0.49820582883308484,0.28896280703435434,0.04252192476461086,4.252192476461086e-06,4.2521924764610866e-06,-0.09964286053307207,0.0,0.16853242899379484,5.091074498349151,5.1478049421086,0.16853242899379484
315.0,0.0,0.0,-0.5126954044001467,-1.2033897318594975,-6.50118817012812,-102.53908088002935,3.0,0.0,-6.591699053207993,0.05,0.0,False,0.005591289028171084,0.5126954044001467,0.2795656401704113,0.04252192476461086,4.252192476461086e-06,4.2521924764610866e-06,-0.10254082493624624,0.0,0.2376126806700043,5.297798438268622,5.388309321348496,0.2376126806700043
316.0,0.0,0.0,-0.5375062375111159,-1.4934761653866597,-6.569956140434241,-107.50124750222318,3.0,0.0,-6.568065460508029,0.13,0.0,False,0.005129530076252446,0.5375062375111159,0.2564775944000822,0.04252192476461086,4.252192476461086e-06,4.2521924764610866e-06,-0.1075030759584315,0.0,-0.29008643352716224,5.076479975047581,5.074589295121369,0.29008643352716224
317.0,0.0,0.0,-0.5101135135177396,-1.2871540982584952,-6.599327107745196,-102.02270270354792,3.0,0.0,-6.578566385969611,-0.07,0.0,False,0.005307060530572285,0.5101135135177395,0.26535415486075725,0.04252192476461086,4.252192476461086e-06,4.2521924764610866e-06,-0.10202443797684456,0.0,0.20632206712816448,5.312173009486701,5.2914122877111165,0.20632206712816448
318.0,0.0,0.0,-0.5380036686410116,-0.8745699275655592,-6.734403542191201,-107.60073372820231,3.0,0.0,-6.594719755606266,0.2,0.0,False,0.005090580557570615,0.5380036686410116,0.2545301101849483,0.04252192476461086,4.252192476461086e-06,4.2521924764610866e-06,-0.10760256387654177,0.0,0.41258417069293607,5.859833614625641,5.720149828040707,0.41258417069293607
319.0,0.0,0.0,-0.5810176885452384,-0.5942848461578181,-6.781858894595723,-116.20353770904768,3.0,0.0,-6.667305169426211,0.01,0.0,False,0.004983272212466162,0.5810176885452384,0.24916467011493845,0.04252192476461086,4.252192476461086e-06,4.2521924764610866e-06,-0.11620551417987839,0.0,0.2802850814077411,6.187574048437906,6.073020323268393,0.2802850814077411
320.0,0.0,0.0,-0.6127083382157754,-1.0171422736327043,-6.96025865890381,-122.54166764315508,3.0,0.0,-6.684870342970133,-0.03,0.0,False,0.005407978630368026,0.6127083382157754,0.27040008130670345,0.04252192476461086,4.252192476461086e-06,4.2521924764610866e-06,-0.12254375191732106,0.0,-0.4228574274748862,5.9431163852711055,5.667728069337429,0.4228574274748862
321.0,0.0,0.0,-0.5814929054306054,-1.0728153398670697,-7.082277291257671,-116.29858108612108,3.0,0.0,-6.721498496004866,0.42,0.0,False,0.005707039053148186,0.5814929054306054,0.28535316602883554,0.04252192476461086,4.252192476461086e-06,4.2521924764610866e-06,-0.11630055917351584,0.0,-0.05567306623436541,6.009461951390601,5.648683156137796,0.05567306623436541
322.0,0.0,0.0,-0.5880158495062517,-2.060552732427043,-7.16091499819226,-117.60316990125035,3.0,0.0,-6.832194958926632,0.39,0.0,False,0.005455287705519625,0.5880158495062517,0.27276554512264817,0.04252192476461086,4.252192476461086e-06,4.2521924764610866e-06,-0.11760517017800172,0.0,-0.9877373925599733,5.1003622657652175,4.771642226499589,0.9877373925599733
323.0,0.0,0.0,-0.4904248748112659,-2.422886767208346,-7.186236642081019,-98.08497496225318,3.0,0.0,-6.9530988527581465,0.08,0.0,False,0.005369117941718028,0.4904248748112659,0.26845703861204734,0.04252192476461086,4.252192476461086e-06,4.2521924764610866e-06,-0.09808664325992952,0.0,-0.3623340347813029,4.763349874872673,4.530212085549801,0.3623340347813029
324.0,0.0,0.0,-0.45158020640907126,-3.552907263886822,-7.059494508068769,-90.31604128181425,3.0,0.0,-6.964905749587843,0.04,0.0,False,0.005357368565132832,0.45158020640907126,0.2678695672847569,0.04252192476461086,4.252192476461086e-06,4.2521924764610866e-06,-0.0903175774400471,0.0,-1.1300204966784761,3.5065872441819472,3.4119984857010213,1.1300204966784761
325.0,0.0,0.0,-0.34111166398219106,-4.228498653091943,-7.146908504750018,-68.22233279643821,3.0,0.0,-6.938784841596865,0.04,0.0,False,0.005234155513571753,0.34111166398219106,0.26170888851042223,0.04252192476461086,4.252192476461086e-06,4.2521924764610866e-06,-0.068223493169465,0.0,-0.6755913892051213,2.9184098516580743,2.710286188504922,0.6755913892051213
326.0,0.0,0.0,-0.2805597210114523,-3.6375235581268863,-7.118903744764535,-56.111944202290466,3.0,0.0,-6.96409642733129,0.07,0.0,False,0.005598274017857506,0.2805597210114523,0.2799148911398084,0.04252192476461086,4.252192476461086e-06,4.2521924764610866e-06,-0.05611289859338006,0.0,0.590975094965057,3.4813801866376486,3.3265728692044036,0.590975094965057
327.0,0.0,0.0,-0.3453047316542381,-3.074106293541332,-7.139071895908576,-69.06094633084761,3.0,0.0,-7.034155512903208,-0.03,0.0,False,0.0056885729874550164,0.34530473165423814,0.2844298588181137,0.04252192476461086,4.252192476461086e-06,4.2521924764610866e-06,-0.0690621209675984,0.0,0.5634172645855542,4.064965602367244,3.960049219361876,0.5634172645855542
328.0,0.0,0.0,-0.41199157658387636,-3.5657956937856246,-7.312530008898785,-82.39831531677527,3.0,0.0,-7.090644289778364,0.26,0.0,False,0.005403700176225917,0.41199157658387636,0.2701861576899576,0.04252192476461086,4.252192476461086e-06,4.2521924764610866e-06,-0.08239971680480164,0.0,-0.4916894002442924,3.74673431511316,3.5248485959927396,0.4916894002442924
329.0,0.0,0.0,-0.36903240164544693,-4.2307887343794635,-7.402685664851942,-73.80648032908938,3.0,0.0,-7.194109652754206,0.17,0.0,False,0.005423155345685352,0.36903240164544693,0.2711589202992855,0.04252192476461086,4.252192476461086e-06,4.2521924764610866e-06,-0.0738077356811928,0.0,-0.6649930405938389,3.171896930472479,2.963320918374743,0.6649930405938389
330.0,0.0,0.0,-0.30286414415197,-4.647628486822056,-7.396275053282228,-60.572828830394,3.0,0.0,-7.256198170080181,0.12,0.0,False,0.005287235436228496,0.30286414415197,0.2643628959285618,0.04252192476461086,4.252192476461086e-06,4.2521924764610866e-06,-0.06057385909532118,0.0,-0.4168397524425922,2.748646566460172,2.6085696832581258,0.4168397524425922
331.0,0.0,0.0,-0.26662792449322587,-5.32864913904279,-7.532998105408354,-53.325584898645175,3.0,0.0,-7.259494567730918,0.2,0.0,False,0.004959678281772687,0.26662792449322587,0.24798496856396798,0.04252192476461086,4.252192476461086e-06,4.2521924764610866e-06,-0.05332649189739203,0.0,-0.6810206522207345,2.204348966365564,1.9308454286881283,0.6810206522207345
332.0,0.0,0.0,-0.2030750706970226,-5.662002547875001,-7.585718831115656,-40.61501413940452,3.0,0.0,-7.313964419417038,0.11,0.0,False,0.004855013572633534,0.2030750706970226,0.242751710854286,0.04252192476461086,4.252192476461086e-06,4.2521924764610866e-06,-0.040615704947897256,0.0,-0.33335340883221054,1.9237162832406556,1.6519618715420377,0.33335340883221054
333.0,0.0,0.0,-0.17944489733455649,-6.376228486576705,-7.662812839963252,-35.888979466911294,3.0,0.0,-7.359443021727404,0.29,0.0,False,0.0049178198011141675,0.17944489733455649,0.24589203563152628,0.04252192476461086,4.252192476461086e-06,4.2521924764610866e-06,-0.03588958989170953,0.0,-0.7142259387017047,1.2865843533865462,0.9832145351506982,0.7142259387017047
334.0,0.0,0.0,-0.11865822785819793,-5.818726767711494,-7.729400807042881,-23.731645571639586,3.0,0.0,-7.456489672932682,0.35,0.0,False,0.005144828080212373,0.11865822785819793,0.25724249785058134,0.04252192476461086,4.252192476461086e-06,4.2521924764610866e-06,-0.023732049216022205,0.0,0.5575017188652112,1.9106740393313864,1.6377629052211882,0.5575017188652112
335.0,0.0,0.0,-0.17658485437158877,-6.201438498563196,-7.664648559947829,-35.316970874317754,3.0,0.0,-7.562835993039872,0.14,0.0,False,0.004644039910664657,0.17658485437158877,0.2322029829008113,0.04252192476461086,4.252192476461086e-06,4.2521924764610866e-06,-0.03531757156999482,0.0,-0.3827117308517014,1.4632100613846335,1.3613974944766767,0.3827117308517014
336.0,0.0,0.0,-0.1449275852515303,-6.36155196265378,-7.7215532770809725,-28.985517050306058,3.0,0.0,-7.584612855066841,0.04,0.0,False,0.00492924438028958,0.1449275852515303,0.24646326701927243,0.04252192476461086,4.252192476461086e-06,4.2521924764610866e-06,-0.028986010056199787,0.0,-0.16011346409058458,1.3600013144271923,1.223060892413061,0.16011346409058458
337.0,0.0,0.0,-0.13540715262461975,-6.517297862191631,-7.814238663330302,-27.08143052492395,3.0,0.0,-7.650745164077879,0.13,0.0,False,0.0047965677592963765,0.13540715262461975,0.23982940776128575,0.04252192476461086,4.252192476461086e-06,4.2521924764610866e-06,-0.027081891144785798,0.0,-0.1557458995378509,1.2969408011386712,1.1334473018862479,0.1557458995378509
338.0,0.0,0.0,-0.1278996749608706,-6.286505252550126,-7.972058220365077,-25.57993499217412,3.0,0.0,-7.715652277763759,0.21,0.0,False,0.004969326431599311,0.1278996749608706,0.24846737810658875,0.04252192476461086,4.252192476461086e-06,4.2521924764610866e-06,-0.025580370073552534,0.0,0.2307926096415054,1.6855529678149512,1.4291470252136333,0.2307926096415054
339.0,0.0,0.0,-0.15518494643516034,-6.920697308023751,-7.873964100513923,-31.036989287032068,3.0,0.0,-7.796321804502116,0.05,0.0,False,0.005323297764153591,0.15518494643516034,0.2661660199920146,0.04252192476461086,4.252192476461086e-06,4.2521924764610866e-06,-0.031037517185796667,0.0,-0.6341920554736253,0.9532667924901723,0.8756244964783653,0.6341920554736253
340.0,0.0,0.0,-0.09146949441512646,-7.5732703816802065,-7.853590753195892,-18.293898883025292,3.0,0.0,-7.838387710714812,0.04,0.0,False,0.0050946533813406285,0.09146949441512645,0.2547337522393703,0.04252192476461086,4.252192476461086e-06,4.2521924764610866e-06,-0.018294210038418964,0.0,-0.6525730736564554,0.28032037151568545,0.26511732903460583,0.6525730736564554
341.0,0.0,0.0,-0.027000526538527955,-6.696773324555778,-7.88997754712074,-5.400105307705591,3.0,0.0,-7.835411699469813,0.05,0.0,False,0.0050675677421186255,0.027000526538527955,0.2533794645196026,0.04252192476461086,4.252192476461086e-06,4.2521924764610866e-06,-0.005400197156463673,0.0,0.8764970571244284,1.1932042225649617,1.1386383749140352,0.8764970571244284
342.0,0.0,0.0,-0.11997433245908633,-6.038652196351783,-7.978903705113865,-23.994866491817266,3.0,0.0,-7.843281387637275,0.13,0.0,False,0.005210365940712073,0.11997433245908633,0.2605194048095462,0.04252192476461086,4.252192476461086e-06,4.2521924764610866e-06,-0.023995274613244914,0.0,0.6581211282039954,1.9402515087620822,1.8046291912854926,0.6581211282039954
343.0,0.0,0.0,-0.18991936997215134,-5.6242575192203565,-8.010369803201014,-37.98387399443027,3.0,0.0,-7.896542156844333,0.06,0.0,False,0.0051528771263468845,0.18991936997215134,0.2576449518686117,0.04252192476461086,4.252192476461086e-06,4.2521924764610866e-06,-0.03798452005065598,0.0,0.4143946771314262,2.3861122839806574,2.2722846376239767,0.4143946771314262
344.0,0.0,0.0,-0.234489504681663,-5.553956132023868,-8.074682016247603,-46.8979009363326,3.0,0.0,-7.937886274759101,0.1,0.0,False,0.0050819140421073635,0.23448950468166302,0.25409678256920093,0.04252192476461086,4.252192476461086e-06,4.2521924764610866e-06,-0.04689869860854679,0.0,0.07030138719648882,2.5207258842237357,2.383930142735233,0.07030138719648882
345.0,0.0,0.0,-0.24086880279459744,-5.2916472558788445,-8.059508496998927,-48.17376055891949,3.0,0.0,-7.969202420762365,-0.06,0.0,False,0.004942007950145655,0.2408688027945974,0.24710144822573388,0.04252192476461086,4.252192476461086e-06,4.2521924764610866e-06,-0.04817457993184416,0.0,0.2623088761450232,2.767861241120082,2.67755516488352,0.2623088761450232
346.0,0.0,0.0,-0.2701169990524953,-6.311267970125268,-8.140507812542745,-54.023399810499065,3.0,0.0,-7.962695370995392,0.11,0.0,False,0.005187754268662378,0.2701169990524953,0.2593888163996024,0.04252192476461086,4.252192476461086e-06,4.2521924764610866e-06,-0.054024318678168724,0.0,-1.0196207142464235,1.8292398424174774,1.6514274008701237,1.0196207142464235
347.0,0.0,0.0,-0.16864860919882638,-6.534830673736219,-7.998002427587402,-33.729721839765276,3.0,0.0,-7.992874675877353,0.01,0.0,False,0.005109959349520601,0.16864860919882638,0.25549905390256505,0.04252192476461086,4.252192476461086e-06,4.2521924764610866e-06,-0.033730295538403524,0.0,-0.2235627036109511,1.4631717538511833,1.4580440021411336,0.2235627036109511
348.0,0.0,0.0,-0.1527090862993074,-6.219215163199258,-8.120296166312702,-30.54181725986148,3.0,0.0,-7.99778991843089,0.07,0.0,False,0.005180764750583901,0.1527090862993074,0.25903933900963977,0.04252192476461086,4.252192476461086e-06,4.2521924764610866e-06,-0.03054233673639482,0.0,0.31561551053696135,1.9010810031134442,1.7785747552316318,0.31561551053696135
349.0,0.0,0.0,-0.1873549271124914,-6.588675359295036,-8.230459218160558,-37.47098542249828,3.0,0.0,-8.061954004150685,0.04,0.0,False,0.005121856066069463,0.1873549271124914,0.2560938922593646,0.04252192476461086,4.252192476461086e-06,4.2521924764610866e-06,-0.037471622755157384,0.0,-0.36946019609577796,1.641783858865522,1.4732786448556494,0.36946019609577796
350.0,0.0,0.0,-0.15694459050821194,-6.69478733838714,-8.264026601980031,-31.38891810164239,3.0,0.0,-8.092804267784745,0.15,0.0,False,0.0049976054542643375,0.15694459050821197,0.24988133525223244,0.04252192476461086,4.252192476461086e-06,4.2521924764610866e-06,-0.03138945198625776,0.0,-0.10611197909210457,1.5692392635928911,1.3980169293976044,0.10611197909210457
351.0,0.0,0.0,-0.15088072351822146,-6.886100398948909,-8.369324249684384,-30.17614470364429,3.0,0.0,-8.158154632307502,0.18,0.0,False,0.004941550162048016,0.15088072351822146,0.24707855872352186,0.04252192476461086,4.252192476461086e-06,4.2521924764610866e-06,-0.030176657960563708,0.0,-0.191313060561769,1.4832238507354747,1.2720542333585927,0.191313060561769
352.0,0.0,0.0,-0.1377190414053298,-7.095557293661932,-8.419270159705002,-27.543808281065964,3.0,0.0,-8.203626652263223,0.09,0.0,False,0.005160773993569557,0.1377190414053298,0.25803979690869516,0.04252192476461086,4.252192476461086e-06,4.2521924764610866e-06,-0.027544276765371235,0.0,-0.2094568947130231,1.3237128660430697,1.1080693586012904,0.2094568947130231
353.0,0.0,0.0,-0.12153500045635016,-6.809418091332414,-8.437244013132023,-24.30700009127003,3.0,0.0,-8.263320093395793,0.12,0.0,False,0.005156320826325031,0.12153500045635013,0.25781713759968267,0.04252192476461086,4.252192476461086e-06,4.2521924764610866e-06,-0.024307413521683675,0.0,0.28613920232951884,1.6278259217996096,1.453902002063379,0.28613920232951884
354.0,0.0,0.0,-0.15152896718073008,-6.122320628891938,-8.304435245708294,-30.30579343614602,3.0,0.0,-8.31093313773616,0.01,0.0,False,0.0050263495926012695,0.15152896718073008,0.2513185482803595,0.04252192476461086,4.252192476461086e-06,4.2521924764610866e-06,-0.030306308898221515,0.0,0.6870974624404758,2.1821146168163565,2.1886125088442228,0.6870974624404758
355.0,0.0,0.0,-0.22617027977324328,-6.017871067757431,-8.537662569825208,-45.23405595464865,3.0,0.0,-8.324739979656423,0.21,0.0,False,0.004944329829572769,0.22617027977324328,0.24721754269074353,0.04252192476461086,4.252192476461086e-06,4.2521924764610866e-06,-0.04523482532702674,0.0,0.10444956113450665,2.5197915020677772,2.3068689118989916,0.10444956113450665
356.0,0.0,0.0,-0.24439844505143374,-5.582190095509414,-8.636037045385857,-48.87968901028675,3.0,0.0,-8.38407151260247,0.25,0.0,False,0.004763351197508012,0.24439844505143374,0.23816857260970684,0.04252192476461086,4.252192476461086e-06,4.2521924764610866e-06,-0.04888052039013496,0.0,0.43568097224801683,3.0538469498764425,2.801881417093055,0.43568097224801683
357.0,0.0,0.0,-0.2919927811107502,-6.027500200604989,-8.649323551230484,-58.39855622215004,3.0,0.0,-8.461907479733231,0.12,0.0,False,0.004902833128655917,0.2919927811107502,0.24514269882230297,0.04252192476461086,4.252192476461086e-06,4.2521924764610866e-06,-0.05839954950553197,0.0,-0.445310105095575,2.621823350625495,2.4344072791282416,0.445310105095575
358.0,0.0,0.0,-0.2514144981766233,-5.903146286160043,-8.684857935982,-50.28289963532466,3.0,0.0,-8.502179987092264,0.11,0.0,False,0.00475574577390765,0.2514144981766233,0.23778829981270241,0.04252192476461086,4.252192476461086e-06,4.2521924764610866e-06,-0.05028375488195804,0.0,0.12435391444494659,2.7817116498219576,2.599033700932221,0.12435391444494659
359.0,0.0,0.0,-0.27139235599117534,-5.640857400232909,-8.790268521854047,-54.27847119823507,3.0,0.0,-8.5416986355131,0.25,0.0,False,0.0050850666081661946,0.27139235599117534,0.25425441154240835,0.04252192476461086,4.252192476461086e-06,4.2521924764610866e-06,-0.054279394404336816,0.0,0.2622888859271342,3.1494111216211387,2.9008412352801916,0.2622888859271342
360.0,0.0,0.0,-0.29754883635981844,-4.870321135498385,-8.697509890542017,-59.50976727196368,3.0,0.0,-8.617127546698509,-0.01,0.0,False,0.004972054722121809,0.29754883635981844,0.24860379321277454,0.04252192476461086,4.252192476461086e-06,4.2521924764610866e-06,-0.0595107794555983,0.0,0.770536264734524,3.8271887550436325,3.746806411200124,0.770536264734524
361.0,0.0,0.0,-0.3811354929165474,-5.133239519314178,-8.780537380822869,-76.22709858330948,3.0,0.0,-8.616409025577257,0.07,0.0,False,0.005288305350350521,0.38113549291654747,0.2644163918621372,0.04252192476461086,4.252192476461086e-06,4.2521924764610866e-06,-0.07622839510697675,0.0,-0.26291838381579336,3.647297861508691,3.4831695062630788,0.26291838381579336
362.0,0.0,0.0,-0.36299136111081753,-5.256946020131936,-8.89105703029234,-72.5982722221635,3.0,0.0,-8.681757097737629,0.17,0.0,False,0.005348669910454561,0.36299136111081753,0.26743463270142565,0.04252192476461086,4.252192476461086e-06,4.2521924764610866e-06,-0.0725995070242206,0.0,-0.12370650081775825,3.634111010160403,3.4248110776056926,0.12370650081775825
363.0,0.0,0.0,-0.3503767535942776,-5.86559619870438,-8.759445121493192,-70.07535071885552,3.0,0.0,-8.763230305879086,0.02,0.0,False,0.005318130401067456,0.3503767535942775,0.26590765073907674,0.04252192476461086,4.252192476461086e-06,4.2521924764610866e-06,-0.07007654260930375,0.0,-0.6086501785724439,2.893848922788812,2.8976341071747056,0.6086501785724439
364.0,0.0,0.0,-0.29080068536716414,-5.3692183134739055,-8.908894337963481,-58.16013707343283,3.0,0.0,-8.760788049544486,-0.01,0.0,False,0.005178613763065239,0.29080068536716414,0.2589317891763859,0.04252192476461086,4.252192476461086e-06,4.2521924764610866e-06,-0.05816112630161556,0.0,0.49637788523047455,3.5396760244895757,3.39156973607058,0.49637788523047455
365.0,0.0,0.0,-0.34570969940390833,-5.128194077922275,-9.015397733479478,-69.14193988078166,3.0,0.0,-8.773664879400341,0.15,0.0,False,0.0051660359871218,0.3457096994039082,0.2583028977050579,0.04252192476461086,4.252192476461086e-06,4.2521924764610866e-06,-0.06914311589512723,0.0,0.2410242355516301,3.8872036555572027,3.6454708014780657,0.2410242355516301
366.0,0.0,0.0,-0.37422103839175463,-4.8754709626827015,-8.973741935358618,-74.84420767835093,3.0,0.0,-8.826388808722127,0.02,0.0,False,0.005446254131003821,0.37422103839175463,0.2723138644762329,0.04252192476461086,4.252192476461086e-06,4.2521924764610866e-06,-0.074845480680845,0.0,0.2527231152395739,4.098270972675916,3.9509178460394256,0.2527231152395739
367.0,0.0,0.0,-0.4016708989035823,-5.757077381541709,-8.952624925283585,-80.33417978071647,3.0,0.0,-8.870484024834019,0.14,0.0,False,0.005421192352113437,0.4016708989035823,0.2710607702033385,0.04252192476461086,4.252192476461086e-06,4.2521924764610866e-06,-0.08033554616048576,0.0,-0.8816064188590076,3.195547543741876,3.1134066432923095,0.8816064188590076
368.0,0.0,0.0,-0.31296475897419823,-5.95167640628168,-8.79789081923105,-62.59295179483965,3.0,0.0,-8.892265350817238,0.02,0.0,False,0.005453840206344158,0.31296475897419823,0.2726931698561225,0.04252192476461086,4.252192476461086e-06,4.2521924764610866e-06,-0.06259401641942741,0.0,-0.19459902473997115,2.8462144129493696,2.940588944535558,0.19459902473997115
369.0,0.0,0.0,-0.2958574366529732,-6.637324658204946,-8.95215273783144,-59.171487330594644,3.0,0.0,-8.886791510603365,-0.04,0.0,False,0.005566399220086515,0.2958574366529732,0.27832114447436995,0.04252192476461086,4.252192476461086e-06,4.2521924764610866e-06,-0.05917249376052805,0.0,-0.6856482519232658,2.314828079626494,2.2494668523984185,0.6856482519232658
370.0,0.0,0.0,-0.2283516193638486,-5.885290902503389,-8.889257927129169,-45.67032387276972,3.0,0.0,-8.910313674949721,0.05,0.0,False,0.005480009884370596,0.2283516193638486,0.2740016593213698,0.04252192476461086,4.252192476461086e-06,4.2521924764610866e-06,-0.045671100665496886,0.0,0.7520337557015573,3.00396702462578,3.0250227724463326,0.7520337557015573
371.0,0.0,0.0,-0.30901369606895646,-6.161548979234848,-8.864645527120775,-61.80273921379129,3.0,0.0,-8.920889401595321,0.04,0.0,False,0.0052346615612075525,0.3090136960689564,0.26173419099980305,0.04252192476461086,4.252192476461086e-06,4.2521924764610866e-06,-0.06180379039789224,0.0,-0.27625807673145886,2.7030965478859272,2.7593404223604736,0.27625807673145886
372.0,0.0,0.0,-0.28367139806010183,-5.921738134171541,-9.014626664050082,-56.734279612020366,3.0,0.0,-8.975493562478627,0.12,0.0,False,0.005069069721115839,0.28367139806010183,0.2534545637887985,0.04252192476461086,4.252192476461086e-06,4.2521924764610866e-06,-0.056735244588224744,0.0,0.23981084506330674,3.0928885298785413,3.0537554283070865,0.23981084506330674
373.0,0.0,0.0,-0.31000761207863065,-5.9298244803487625,-8.94876270798786,-62.00152241572613,3.0,0.0,-8.998323271105093,-0.07,0.0,False,0.005337854673047965,0.31000761207863065,0.2668938685316722,0.04252192476461086,4.252192476461086e-06,4.2521924764610866e-06,-0.062002576980870444,0.0,-0.008086346177221593,3.018938227639098,3.0684987907563306,0.008086346177221593
374.0,0.0,0.0,-0.30687328084148563,-5.872150404422678,-8.845587849707425,-61.37465616829713,3.0,0.0,-9.02188016555963,0.02,0.0,False,0.0054841450194012915,0.30687328084148563,0.27420841695207415,0.04252192476461086,4.252192476461086e-06,4.2521924764610866e-06,-0.061375700071263015,0.0,0.057674075926084534,2.9734374452847465,3.1497297611369515,0.057674075926084534
375.0,0.0,0.0,-0.3131243543076873,-6.520094253510499,-8.889041010260184,-62.62487086153746,3.0,0.0,-8.998622532976418,-0.01,0.0,False,0.005137726396863096,0.3131243543076873,0.2568874121732313,0.04252192476461086,4.252192476461086e-06,4.2521924764610866e-06,-0.06262593602902697,0.0,-0.6479438490878211,2.3689467567496854,2.4785282794659187,0.6479438490878211
376.0,0.0,0.0,-0.24881893336658856,-5.861369673803258,-8.936408999115304,-49.76378667331771,3.0,0.0,-9.003460520750727,-0.08,0.0,False,0.0054015414110210125,0.24881893336658856,0.270078218970738,0.04252192476461086,4.252192476461086e-06,4.2521924764610866e-06,-0.04976463309051571,0.0,0.6587245797072407,3.075039325312046,3.142090846947468,0.6587245797072407
377.0,0.0,0.0,-0.3152237211241815,-5.471240172310334,-8.962573311982695,-63.04474422483631,3.0,0.0,-9.008336488476205,0.13,0.0,False,0.004924096109130242,0.31522372112418157,0.2462058523667335,0.04252192476461086,4.252192476461086e-06,4.2521924764610866e-06,-0.06304581653382488,0.0,0.39012950149292447,3.491333139672361,3.5370963161658713,0.39012950149292447
378.0,0.0,0.0,-0.35647137710451665,-4.440878131585233,-9.032734571167383,-71.29427542090333,3.0,0.0,-9.01367390464184,-0.11,0.0,False,0.005048605457433956,0.35647137710451665,0.25243134625380487,0.04252192476461086,4.252192476461086e-06,4.2521924764610866e-06,-0.0712954880436732,0.0,1.0303620407251008,4.59185643958215,4.5727957730566064,1.0303620407251008
379.0,0.0,0.0,-0.45943583339580485,-4.482070423352791,-8.93140650103633,-91.88716667916097,3.0,0.0,-9.036029732600886,-0.03,0.0,False,0.005066372912598073,0.45943583339580485,0.2533197227895427,0.04252192476461086,4.252192476461086e-06,4.2521924764610866e-06,-0.09188872956019056,0.0,-0.04119229176755823,4.4493360776835384,4.5539593092480946,0.04119229176755823
380.0,0.0,0.0,-0.4523076482689048,-3.9393156773635836,-8.93208081541251,-90.46152965378096,3.0,0.0,-9.035334146022985,0.01,0.0,False,0.005212895164348854,0.4523076482689048,0.2606458665291227,0.04252192476461086,4.252192476461086e-06,4.2521924764610866e-06,-0.09046306828658153,0.0,0.5427547459892077,4.992765138048926,5.096018468659401,0.5427547459892077
381.0,0.0,0.0,-0.5107530132196093,-3.5016701756236923,-8.955056384890174,-102.15060264392187,3.0,0.0,-9.005243071000786,-0.04,0.0,False,0.005049073457266006,0.5107530132196093,0.25245474634490866,0.04252192476461086,4.252192476461086e-06,4.2521924764610866e-06,-0.10215234009262993,0.0,0.43764550173989125,5.4533862092664815,5.5035728953770935,0.43764550173989125
382.0,0.0,0.0,-0.5513329178539629,-3.0218077157793046,-8.82664641302183,-110.26658357079258,3.0,0.0,-9.046954400565678,0.07,0.0,False,0.005243809364266468,0.5513329178539628,0.2621915830976598,0.04252192476461086,4.252192476461086e-06,4.2521924764610866e-06,-0.11026845906176579,0.0,0.4798624598443877,5.804838697242525,6.025146684786373,0.4798624598443877
383.0,0.0,0.0,-0.598265540001994,-3.820905680217433,-8.80978177014468,-119.65310800039879,3.0,0.0,-9.015116572847582,-0.01,0.0,False,0.005603195157908172,0.598265540001994,0.28016094918862305,0.04252192476461086,4.252192476461086e-06,4.2521924764610866e-06,-0.11965514314392735,0.0,-0.7990979644381282,4.988876089927247,5.194210892630149,0.7990979644381282
384.0,0.0,0.0,-0.5177556962360821,-3.0371723722914066,-8.903202140972535,-103.55113924721643,3.0,0.0,-9.004590312810643,0.02,0.0,False,0.005692343978139715,0.5177556962360821,0.28461840915409736,0.04252192476461086,4.252192476461086e-06,4.2521924764610866e-06,-0.103552900517228,0.0,0.7837333079260262,5.866029768681129,5.967417940519237,0.7837333079260262
385.0,0.0,0.0,-0.5966471912658702,-3.159368005414844,-8.940322626541047,-119.32943825317403,3.0,0.0,-8.998572722422056,-0.01,0.0,False,0.005594803672765922,0.5966471912658702,0.2797413731474001,0.04252192476461086,4.252192476461086e-06,4.2521924764610866e-06,-0.11933146789150176,0.0,-0.12219563312343729,5.780954621126202,5.839204717007211,0.12219563312343729
386.0,0.0,0.0,-0.5827063298765776,-3.0705633111768145,-8.88597978398495,-116.54126597531551,3.0,0.0,-9.003771137884991,0.03,0.0,False,0.005410566237857347,0.5827063298765777,0.27052946223131996,0.04252192476461086,4.252192476461086e-06,4.2521924764610866e-06,-0.11654324819046416,0.0,0.08880469423802939,5.815416472808137,5.933207826708177,0.08880469423802939
387.0,0.0,0.0,-0.5882832562520028,-3.081129417678885,-8.837094989192288,-117.65665125040056,3.0,0.0,-8.986555193154208,0.21,0.0,False,0.005356934743786882,0.5882832562520028,0.26784787612522504,0.04252192476461086,4.252192476461086e-06,4.2521924764610866e-06,-0.11765865243680004,0.0,-0.010566106502070571,5.755965571513403,5.905425775475323,0.010566106502070571
388.0,0.0,0.0,-0.5820258382653041,-2.5756250962051865,-8.842277901527803,-116.40516765306081,3.0,0.0,-8.95352094837865,0.1,0.0,False,0.004939714415652421,0.5820258382653042,0.24698677101344488,0.04252192476461086,4.252192476461086e-06,4.2521924764610866e-06,-0.11640714755335425,0.0,0.5055043214736985,6.266652805322616,6.377895852173463,0.5055043214736985
389.0,0.0,0.0,-0.6358398060060879,-3.0916222179870454,-8.952779213829102,-127.16796120121758,3.0,0.0,-8.901511544626448,0.07,0.0,False,0.0052654424800878535,0.6358398060060879,0.26327324348813747,0.04252192476461086,4.252192476461086e-06,4.2521924764610866e-06,-0.12717012416261161,0.0,-0.5159971217818589,5.861156995842056,5.809889326639403,0.5159971217818589
390.0,0.0,0.0,-0.5835421773178177,-3.445455846552284,-8.942894892717687,-116.70843546356353,3.0,0.0,-8.934158341928025,0.0,0.0,False,0.005413329909710993,0.5835421773178175,0.27066764641158547,0.04252192476461086,4.252192476461086e-06,4.2521924764610866e-06,-0.11671042052204746,0.0,-0.3538336285652388,5.497439046165403,5.488702495375741,0.3538336285652388
391.0,0.0,0.0,-0.5498470468070912,-3.251976961151055,-9.02343977464991,-109.96940936141823,3.0,0.0,-8.92716805784802,0.06,0.0,False,0.005487085824496334,0.5498470468070912,0.27435545783206966,0.04252192476461086,4.252192476461086e-06,4.2521924764610866e-06,-0.1099712797978452,0.0,0.19347888540122904,5.7714628134988555,5.675191096696965,0.19347888540122904
392.0,0.0,0.0,-0.5724510827172042,-4.136511107666384,-9.10098893755114,-114.49021654344084,3.0,0.0,-8.944043217396972,0.1,0.0,False,0.005125889759459731,0.5724510827172042,0.2562955777864801,0.04252192476461086,4.252192476461086e-06,4.2521924764610866e-06,-0.11449216387290997,0.0,-0.8845341465153287,4.964477829884756,4.807532109730588,0.8845341465153287
393.0,0.0,0.0,-0.48780006748945076,-4.59998737619768,-9.039396763420147,-97.56001349789015,3.0,0.0,-8.976609496932443,-0.01,0.0,False,0.005076751632162896,0.48780006748945076,0.2538386609743994,0.04252192476461086,4.252192476461086e-06,4.2521924764610866e-06,-0.09756167286665571,0.0,-0.46347626853129587,4.439409387222467,4.376622120734764,0.46347626853129587
394.0,0.0,0.0,-0.44819282832298124,-4.256435681269144,-9.254372101953281,-89.63856566459624,3.0,0.0,-9.014615493549735,0.18,0.0,False,0.0050567831178987225,0.4481928283229813,0.2528402310156927,0.04252192476461086,4.252192476461086e-06,4.2521924764610866e-06,-0.0896400902998512,0.0,0.34355169492853577,4.9979364206841375,4.758179812280591,0.34355169492853577
395.0,0.0,0.0,-0.48812988230628485,-4.043529643617447,-9.291856384957038,-97.62597646125697,3.0,0.0,-9.082010949536118,0.17,0.0,False,0.005094956684760972,0.48812988230628485,0.25474891747487277,0.04252192476461086,4.252192476461086e-06,4.2521924764610866e-06,-0.09762763695196662,0.0,0.21290603765169713,5.248326741339591,5.038481305918671,0.21290603765169713
396.0,0.0,0.0,-0.5146772487799572,-3.6691297103165312,-9.490696767736976,-102.93544975599144,3.0,0.0,-9.13783828544264,0.2,0.0,False,0.005078790525280139,0.5146772487799572,0.2539406060637501,0.04252192476461086,4.252192476461086e-06,4.2521924764610866e-06,-0.10293720055392667,0.0,0.3743999333009156,5.821567057420445,5.46870857512611,0.3743999333009156
397.0,0.0,0.0,-0.5585629676311279,-3.981307077932347,-9.435579111555631,-111.71259352622558,3.0,0.0,-9.190411556753267,0.13,0.0,False,0.005237778056054316,0.5585629676311279,0.2618900164047379,0.04252192476461086,4.252192476461086e-06,4.2521924764610866e-06,-0.11171449361194481,0.0,-0.3121773676158157,5.454272033623284,5.20910447882092,0.3121773676158157
398.0,0.0,0.0,-0.5349292148300852,-4.1956510698690455,-9.470150881686513,-106.98584296601703,3.0,0.0,-9.254878142490233,0.24,0.0,False,0.005292521158164081,0.5349292148300852,0.2646271831491367,0.04252192476461086,4.252192476461086e-06,4.2521924764610866e-06,-0.10698766265586546,0.0,-0.2143439919366985,5.274499811817467,5.059227072621187,0.2143439919366985
399.0,0.0,0.0,-0.5173524190158316,-3.9761906235625433,-9.382039812460805,-103.47048380316633,3.0,0.0,-9.33071295733233,0.15,0.0,False,0.005029834329475507,0.5173524190158316,0.25149278586496,0.04252192476461086,4.252192476461086e-06,4.2521924764610866e-06,-0.10347224370133386,0.0,0.2194604463065022,5.405849188898262,5.354522333769788,0.2194604463065022
