t,mean_abs_delta_real,mean_abs_delta_planning,mean_action,price,v_true,total_demand,mean_k,xs_k_std,mean_belief,mean_correctness,mean_salience,regime_post,xs_action_std,xs_action_mean_abs,xs_belief_std,xs_sigma_mean,xs_rho_mean,xs_rho_max,mean_myopic_term,mean_hedging_term,ret,mispricing_true,mispricing_belief,vol_proxy
0.0,0.0,0.0,0.00047785818306118037,0.10770292679610714,0.15108437753620169,0.09557163661223607,1.0,0.0,0.0,-0.51,0.0,False,0.009219981010159209,0.007477641175596219,0.4610172821872772,0.39548192771084345,3.954819277108434e-05,3.954819277108435e-05,9.558675475637352e-05,0.0,0.0,-0.04338145074009454,0.10770292679610714,0.0
1.0,0.0,0.0,-0.004086238305422995,-0.14968317082233612,0.0635353763095458,-0.8172476610845989,1.0,0.0,0.004779526751988848,0.04,0.0,False,0.008801900874823717,0.00792745153809108,0.4401060333070246,0.24970892072370304,2.4970892072370302e-05,2.4970892072370302e-05,-0.0008173292886588509,0.0,-0.2573860976184433,-0.21321854713188193,-0.15446269757432496,0.2573860976184433
2.0,0.0,0.0,0.0205673614850364,-0.3863407157062071,0.12129305850830471,4.11347229700728,1.0,0.0,0.06683544189109186,0.08,0.0,False,0.008079779454677328,0.0205673614850364,0.4039964693846639,0.1855657283607953,1.8556572836079535e-05,1.8556572836079532e-05,0.0041137776191347,0.0,-0.23665754488387097,-0.5076337742145118,-0.45317615759729896,0.23665754488387097
3.0,0.0,0.0,0.04718558635852192,-0.2834215020762517,0.09916031413211612,9.437117271704384,1.0,0.0,0.05600952701509995,0.08,0.0,False,0.007527579596389782,0.04718558635852193,0.37638463809506223,0.15033452654348473,1.5033452654348474e-05,1.503345265434847e-05,0.009437684752995968,0.0,0.10291921362995538,-0.38258181620836784,-0.3394310290913517,0.10291921362995538
4.0,0.0,0.0,0.03665185243459255,-0.7216698180718415,-0.08492912125032676,7.33037048691851,1.0,0.0,0.08555061599293631,0.13,0.0,False,0.006689992142870093,0.03665185243459255,0.33450390915611167,0.12861039341098898,1.28610393410989e-05,1.2861039341098898e-05,0.007330747586801474,0.0,-0.4382483159955898,-0.6367406968215148,-0.8072204340647778,0.4382483159955898
5.0,0.0,0.0,0.07746028608597381,-0.3699448311506349,-0.1655367754489756,15.492057217194763,1.0,0.0,0.08312059131547762,0.18,0.0,False,0.006272881226799486,0.07746028608597381,0.31364764464455824,0.11424748706068398,1.1424748706068395e-05,1.1424748706068397e-05,0.015492765180549038,0.0,0.3517249869212066,-0.20440805570165932,-0.45306542246611253,0.3517249869212066
6.0,0.0,0.0,0.037096050240047494,-1.0367175549676722,-0.15562105221061281,7.419210048009499,1.0,0.0,0.05297729100305773,0.15,0.0,False,0.005848432544580854,0.037096050240047494,0.2924246774454682,0.10430885206491432,1.0430885206491433e-05,1.0430885206491434e-05,0.007419519600493927,0.0,-0.6667727238170372,-0.8810965027570593,-1.0896948459707299,0.6667727238170372
7.0,0.0,0.0,0.10108359381452534,-0.9605767481378606,-0.2675342891443922,20.216718762905067,1.0,0.0,0.0010350184819233979,0.22,0.0,False,0.005488302299135824,0.10108359381452534,0.2744177826283551,0.09721299660661761,9.721299660661762e-06,9.721299660661762e-06,0.02021750488638792,0.0,0.0761408068298115,-0.6930424589934685,-0.9616117666197841,0.0761408068298115
8.0,0.0,0.0,0.09333857646342299,-0.8597758732545137,-0.14915664923177635,18.667715292684598,1.0,0.0,-0.025832483627106613,0.11,0.0,False,0.0052558977961824245,0.09333857646342299,0.2627973083846133,0.09203282049648383,9.20328204964838e-06,9.203282049648383e-06,0.018668402503356246,0.0,0.10080087488334699,-0.7106192240227374,-0.833943389627407,0.10080087488334699
9.0,0.0,0.0,0.08139922328346617,-1.018579740742079,-0.21665165045771234,16.279844656693236,1.0,0.0,-0.027148032441365516,0.2,0.0,False,0.004629325825017322,0.08139922328346617,0.23146833253851165,0.08818941343401722,8.818941343401728e-06,8.818941343401726e-06,0.016280418935609123,0.0,-0.15880386748756525,-0.8019280902843666,-0.9914317083007134,0.15880386748756525
10.0,0.0,0.0,0.09730847975042049,-0.7843178358259655,-0.18808965898892027,19.4616959500841,1.0,0.0,-0.04574774767107538,0.01,0.0,False,0.0044501452287482495,0.09730847975042049,0.22250915950053798,0.08530342395407306,8.530342395407304e-06,8.530342395407304e-06,0.019462360004139683,0.0,0.23426190491611343,-0.5962281768370452,-0.7385700881548901,0.23426190491611343
11.0,0.0,0.0,0.07388385801306321,-1.1887118049704763,-0.16687331395787805,14.776771602612643,1.0,0.0,-0.04545343950536194,-0.04,0.0,False,0.004691858183765873,0.07388385801306323,0.2345948590491685,0.08311678650488098,8.311678650488098e-06,8.311678650488098e-06,0.014777262877637526,0.0,-0.40439396914451087,-1.0218384910125984,-1.1432583654651145,0.40439396914451087
12.0,0.0,0.0,0.11175565136071866,-0.8306074448914033,-0.3666306141258916,22.35113027214373,1.0,0.0,-0.04544855075107053,0.14,0.0,False,0.004649308232399536,0.11175565136071866,0.23246730502100374,0.08144872021105272,8.144872021105273e-06,8.144872021105272e-06,0.022351858454595155,0.0,0.3581043600790731,-0.46397683076551166,-0.7851588941403327,0.3581043600790731
13.0,0.0,0.0,0.07502911719199289,-1.4119242875338918,-0.30840792282367335,15.005823438398577,1.0,0.0,-0.07110977958939121,0.13,0.0,False,0.004489013438805658,0.07502911719199287,0.22445247135297197,0.0801696280765907,8.016962807659075e-06,8.016962807659074e-06,0.015006304639054417,0.0,-0.5813168426424885,-1.1035163647102184,-1.3408145079445006,0.5813168426424885
14.0,0.0,0.0,0.13461476433213265,-1.1927715557576026,-0.16195292713139073,26.92295286642653,1.0,0.0,-0.08028619768937376,0.05,0.0,False,0.0041669295865225334,0.13461476433213265,0.20834812911564726,0.07918490036140627,7.918490036140629e-06,7.918490036140629e-06,0.026923805616210092,0.0,0.21915273177628913,-1.030818628626212,-1.1124853580682288,0.21915273177628913
15.0,0.0,0.0,0.11328358902021929,-0.9848559848689397,-0.11198915774707753,22.656717804043858,1.0,0.0,-0.06572334692906173,-0.02,0.0,False,0.00423628948854907,0.11328358902021929,0.2118161355712772,0.07842447161267904,7.842447161267904e-06,7.842447161267904e-06,0.022657428534918905,0.0,0.20791557088866297,-0.8728668271218621,-0.9191326379398779,0.20791557088866297
16.0,0.0,0.0,0.09696664880697987,-0.7001676087437336,0.05913325219613115,19.393329761395975,1.0,0.0,-0.05989124452735285,0.13,0.0,False,0.004239681859558907,0.09696664880697987,0.21198574297444278,0.07783586373121831,7.78358637312183e-06,7.783586373121831e-06,0.019393933555325336,0.0,0.28468837612520603,-0.7593008609398648,-0.6402763642163808,0.28468837612520603
17.0,0.0,0.0,0.07524014856788133,-0.5234714697901648,0.30196032701501047,15.048029713576266,1.0,0.0,-0.015151759384825521,0.45,0.0,False,0.004199000618934929,0.07524014856788133,0.20995165552791548,0.07737942031791788,7.73794203179179e-06,7.737942031791787e-06,0.015048495473098701,0.0,0.17669613895356884,-0.8254317968051752,-0.5083197104053393,0.17669613895356884
18.0,0.0,0.0,0.06056172355621678,-0.8114790961985041,0.29531298469109124,12.112344711243356,1.0,0.0,0.05226298713048332,0.19,0.0,False,0.004174477679359607,0.06056172355621678,0.20872549166294244,0.07702496386752834,7.702496386752833e-06,7.702496386752835e-06,0.012112717889534441,0.0,-0.2880076264083393,-1.1067920808895955,-0.8637420833289874,0.2880076264083393
19.0,0.0,0.0,0.09258215741649485,-1.1911686093026237,0.28841844570061564,18.51643148329897,1.0,0.0,0.08216908959484608,0.27,0.0,False,0.004276202549284504,0.09258215741649485,0.21381176844420474,0.07674940373398333,7.674940373398337e-06,7.674940373398335e-06,0.018516999928966438,0.0,-0.3796895131041196,-1.4795870550032393,-1.2733376988974698,0.3796895131041196
20.0,0.0,0.0,0.13432644210054842,-2.112648353681779,0.3018628852423957,26.865288420109685,1.0,0.0,0.1143780060933353,0.16,0.0,False,0.004119746412991571,0.13432644210054842,0.20598889717344812,0.07653499567330325,7.653499567330326e-06,7.653499567330328e-06,0.026866110867708282,0.0,-0.9214797443791554,-2.4145112389241747,-2.2270263597751145,0.9214797443791554
21.0,0.0,0.0,0.2333849278940888,-1.4668218303252338,0.4430922299137524,46.67698557881776,1.0,0.0,0.1521472150711859,0.51,0.0,False,0.004033918709991513,0.23338492789408882,0.20169747581226347,0.07636805789007794,7.636805789007794e-06,7.636805789007795e-06,0.04667841142022361,0.0,0.6458265233565452,-1.9099140602389864,-1.6189690453964198,0.6458265233565452
22.0,0.0,0.0,0.17587251154140673,-2.175797413728251,0.5746644316683348,35.17450230828135,1.0,0.0,0.2212900410275296,0.44,0.0,False,0.0040490357870654895,0.17587251154140673,0.202453332805491,0.07623801307922962,7.623801307922961e-06,7.623801307922962e-06,0.035175574953770536,0.0,-0.7089755834030171,-2.7504618453965857,-2.3970874547557806,0.7089755834030171
23.0,0.0,0.0,0.25352474005919207,-1.5590499566733846,0.6071839576812971,50.70494801183842,1.0,0.0,0.29197032594301,0.43,0.0,False,0.004098971263999637,0.25352474005919207,0.20495012361003462,0.07613666709092755,7.613666709092755e-06,7.613666709092754e-06,0.050706492202380084,0.0,0.6167474570548663,-2.166233914354682,-1.8510202826163946,0.6167474570548663
24.0,0.0,0.0,0.1976109772553958,-1.9377254800795454,0.7977761010003901,39.52219545107916,1.0,0.0,0.35954649950733414,0.46,0.0,False,0.003956084478414929,0.1976109772553958,0.1978057283734215,0.07605766172517958,7.605766172517959e-06,7.605766172517959e-06,0.039523397828243025,0.0,-0.37867552340616073,-2.7355015810799355,-2.2972719795868795,0.37867552340616073
25.0,0.0,0.0,0.24026220281380684,-0.9439809609362437,0.8655959031839765,48.05244056276137,1.0,0.0,0.4171349650248775,0.33,0.0,False,0.003924413476843735,0.24026220281380684,0.19622216504194098,0.07599605714348504,7.599605714348504e-06,7.599605714348505e-06,0.04805390127006809,0.0,0.9937445191433016,-1.8095768641202201,-1.3611159259611212,0.9937445191433016
26.0,0.0,0.0,0.14972860436972643,-0.24204511499920267,1.0854729345505711,29.945720873945287,1.0,0.0,0.46498784295899315,0.63,0.0,False,0.003741760020758371,0.14972860436972643,0.18708942193408734,0.07594801167850262,7.594801167850264e-06,7.594801167850261e-06,0.029946630594219585,0.0,0.7019358459370411,-1.3275180495497738,-0.7070329579581958,0.7019358459370411
27.0,0.0,0.0,0.08806711606042325,-0.21911088737748885,1.0843859307600994,17.61342321208465,1.0,0.0,0.5533619407099859,0.68,0.0,False,0.003546390021119524,0.08806711606042324,0.17732084709780235,0.07591053539720918,7.591053539720918e-06,7.59105353972092e-06,0.017613958025779326,0.0,0.02293422762171382,-1.3034968181375883,-0.7724728280874747,0.02293422762171382
28.0,0.0,0.0,0.096976525749387,-0.7181278223537366,1.2314608543090082,19.3953051498774,1.0,0.0,0.6386594717146846,0.86,0.0,False,0.0036138446333122253,0.096976525749387,0.18069360278175262,0.07588129986214319,7.588129986214318e-06,7.588129986214319e-06,0.019395893841796713,0.0,-0.4990169349762478,-1.9495886766627448,-1.3567872940684214,0.4990169349762478
29.0,0.0,0.0,0.1537983281860826,-0.6043572975626657,1.1730209973882744,30.75966563721652,1.0,0.0,0.7506911636405301,0.5,0.0,False,0.0036973022355459646,0.1537983281860826,0.18486651413613875,0.07585849092897277,7.585849092897274e-06,7.5858490928972765e-06,0.030760598982862986,0.0,0.11377052479107097,-1.77737829495094,-1.3550484612031957,0.11377052479107097
30.0,0.0,0.0,0.14882031098377763,-1.2900181991360804,1.1800744413311088,29.764062196755525,1.0,0.0,0.8199137940525073,0.38,0.0,False,0.003788889892950951,0.14882031098377763,0.18944593140775448,0.0758406946332553,7.58406946332553e-06,7.5840694633255315e-06,0.029764965120768528,0.0,-0.6856609015734147,-2.4700926404671892,-2.109931993188588,0.6856609015734147
31.0,0.0,0.0,0.22063502489498596,-1.1052151077165016,1.0797163426034453,44.12700497899719,1.0,0.0,0.8839022454539132,0.22,0.0,False,0.0038845705042416046,0.22063502489498596,0.1942299979850008,0.07582680859941437,7.582680859941435e-06,7.582680859941435e-06,0.04412834337283282,0.0,0.18480309141957885,-2.184931450319947,-1.9891173531704147,0.18480309141957885
32.0,0.0,0.0,0.2074469710224448,-0.5752445336350811,1.1361962753020676,41.48939420448896,1.0,0.0,0.916415700062794,0.27,0.0,False,0.003936658707180716,0.2074469710224448,0.19683442766709072,0.07581597318505708,7.58159731850571e-06,7.581597318505709e-06,0.04149065241846906,0.0,0.5299705740814205,-1.7114408089371487,-1.4916602336978753,0.5299705740814205
33.0,0.0,0.0,0.1583638675969521,-0.7159751889727777,1.1655275573443156,31.672773519390418,1.0,0.0,0.9693332414779074,0.1,0.0,False,0.004052602505505597,0.1583638675969521,0.2026316613639651,0.07580751791624726,7.580751791624726e-06,7.580751791624725e-06,0.03167373392584821,0.0,-0.14073065533769658,-1.8815027463170932,-1.6853084304506851,0.14073065533769658
34.0,0.0,0.0,0.17238528534017775,-0.34788178414982807,1.0242421448927699,34.47705706803555,1.0,0.0,1.00845416819309,0.12,0.0,False,0.003840584011852998,0.17238528534017775,0.19203065619165305,0.07580091978879354,7.580091978879353e-06,7.580091978879353e-06,0.03447810241716666,0.0,0.3680934048229496,-1.372123929042598,-1.3563359523429181,0.3680934048229496
35.0,0.0,0.0,0.1364438291160048,-0.6225901645893793,1.1186435614403525,27.28876582320096,1.0,0.0,1.0079429992449342,0.04,0.0,False,0.0037574165815991187,0.1364438291160048,0.18787225306138583,0.07579577078909383,7.579577078909383e-06,7.579577078909382e-06,0.027289593166145817,0.0,-0.27470838043955126,-1.7412337260297317,-1.6305331638343135,0.27470838043955126
36.0,0.0,0.0,0.16933526184833794,-0.6250588070729642,1.1572363706330673,33.86705236966759,1.0,0.0,1.0166082163362054,0.07,0.0,False,0.003991399347711177,0.16933526184833794,0.19957147996131805,0.0757917525852373,7.579175258523732e-06,7.579175258523731e-06,0.03386807909918741,0.0,-0.0024686424835849152,-1.7822951777060316,-1.6416670234091697,0.0024686424835849152
37.0,0.0,0.0,0.16993073685912677,-1.0426809433269546,1.1191936240744889,33.98614737182535,1.0,0.0,1.070826624975349,0.01,0.0,False,0.003936275057587304,0.16993073685912677,0.196815244503575,0.07578861679880576,7.578861679880579e-06,7.578861679880576e-06,0.03398717766925671,0.0,-0.41762213625399036,-2.1618745674014432,-2.1135075683023037,0.41762213625399036
38.0,0.0,0.0,0.21194621495780527,-1.1905306506312323,1.100954644446624,42.389242991561055,1.0,0.0,1.0743129555957933,0.05,0.0,False,0.003792144842635887,0.2119462149578053,0.18960867909245574,0.07578616962277836,7.578616962277834e-06,7.5786169622778345e-06,0.04239052798916638,0.0,-0.1478497073042777,-2.291485295077856,-2.264843606227026,0.1478497073042777
39.0,0.0,0.0,0.2293358973282158,-1.0625754599790005,1.125387675454858,45.86717946564316,1.0,0.0,1.0768615192100874,0.01,0.0,False,0.004052334509060438,0.2293358973282158,0.20261826096887864,0.07578425982564119,7.5784259825641195e-06,7.5784259825641195e-06,0.045868569859204594,0.0,0.12795519065223182,-2.1879631354338587,-2.139436979189088,0.12795519065223182
40.0,0.0,0.0,0.21749956041961604,-1.0402530039565219,1.068858095581885,43.499912083923206,1.0,0.0,1.1029152229070776,-0.13,0.0,False,0.004214496387560678,0.21749956041961604,0.21072641630907316,0.07578276939476822,7.578276939476819e-06,7.5782769394768205e-06,0.0435012306914529,0.0,0.02232245602247862,-2.109111099538407,-2.143168226863599,0.02232245602247862
41.0,0.0,0.0,0.21317115608515635,-0.46991179008535255,0.989368009818818,42.63423121703127,1.0,0.0,1.1125025578123138,0.15,0.0,False,0.004035932851841534,0.21317115608515635,0.2017981718394476,0.07578160623748331,7.5781606237483355e-06,7.578160623748335e-06,0.04263552356344658,0.0,0.5703412138711693,-1.4592797999041704,-1.5824143478976662,0.5703412138711693
42.0,0.0,0.0,0.15619923783622938,0.8092341228117232,0.8883904503246318,31.239847567245878,1.0,0.0,1.0915393291580993,0.02,0.0,False,0.003962717849309703,0.15619923783622938,0.1981373939531177,0.07578069848672941,7.578069848672939e-06,7.578069848672941e-06,0.031240794511057577,0.0,1.279145912897076,-0.07915632751290858,-0.282305206346376,1.279145912897076
43.0,0.0,0.0,0.026770244151597438,1.2219428439451487,0.7901272600048501,5.3540488303194875,1.0,0.0,1.092139772713673,0.07,0.0,False,0.003944996507524063,0.02677024415159744,0.19725132013518373,0.07577999005824664,7.5779990058246634e-06,7.577999005824663e-06,0.005354211120996501,0.0,0.4127087211334255,0.4318155839402986,0.12980307123147572,0.4127087211334255
44.0,0.0,0.0,-0.017605818347687666,1.5246702354919415,0.7313042029420398,-3.5211636695375335,1.0,0.0,1.076946707571876,0.2,0.0,False,0.004023269188931457,0.017605818347687666,0.2011649838519467,0.07577943718399627,7.577943718399631e-06,7.577943718399629e-06,-0.003521270401449166,0.0,0.30272739154679273,0.7933660325499017,0.44772352792006553,0.30272739154679273
45.0,0.0,0.0,-0.0478594409547279,1.0879674295972448,0.7823434394250569,-9.571888190945579,1.0,0.0,1.0458779896732444,0.01,0.0,False,0.003838692776703575,0.0478594409547279,0.19193609329678793,0.07577900570718792,7.5779005707187905e-06,7.577900570718793e-06,-0.009572178328014887,0.0,-0.4367028058946967,0.3056239901721879,0.04208943992400038,0.4367028058946967
46.0,0.0,0.0,-0.002980155316184067,1.0873186326745305,0.8957374175114579,-0.5960310632368134,1.0,0.0,1.0460576922404163,-0.08,0.0,False,0.004025788597873438,0.003942652063177646,0.20129095523817941,0.07577866897151055,7.577866897151055e-06,7.577866897151055e-06,-0.0005960491296761633,0.0,-0.0006487969227142454,0.1915812151630727,0.04126094043411421,0.0006487969227142454
47.0,0.0,0.0,-0.002718694835129988,1.688994548015803,0.9466298543220246,-0.5437389670259976,1.0,0.0,1.0581647472743883,0.13,0.0,False,0.003854986186203516,0.003725791310530505,0.19275076993372087,0.07577840617399134,7.577840617399135e-06,7.577840617399136e-06,-0.0005437554483700225,0.0,0.6016759153412725,0.7423646936937784,0.6308298007414148,0.6016759153412725
48.0,0.0,0.0,-0.06283776410343758,2.0259145389750484,1.0099838892332031,-12.567552820687517,1.0,0.0,1.0601306542314233,-0.07,0.0,False,0.003826602273052125,0.06283776410343758,0.1913315635177887,0.07577820107961909,7.5778201079619125e-06,7.577820107961911e-06,-0.012567933756418731,0.0,0.3369199909592453,1.0159306497418452,0.9657838847436251,0.3369199909592453
49.0,0.0,0.0,-0.09513229624176553,2.711895987513687,1.1135797712790108,-19.026459248353106,1.0,0.0,1.0605930983178098,0.03,0.0,False,0.0037393042643109973,0.09513229624176553,0.18696663000130945,0.07577804101825933,7.577804101825934e-06,7.577804101825932e-06,-0.019027035959106632,0.0,0.6859814485386386,1.5983162162346762,1.6513028891958772,0.6859814485386386
50.0,0.0,0.0,-0.16449434922908732,1.7120200434766963,0.8936086852028315,-32.898869845817465,1.0,0.0,1.07455553186216,-0.06,0.0,False,0.0038056983342840624,0.16449434922908732,0.19028635865364857,0.07577791610185457,7.577791610185456e-06,7.577791610185456e-06,-0.032899867041380516,0.0,-0.9998759440369906,0.8184113582738648,0.6374645116145363,0.9998759440369906
51.0,0.0,0.0,-0.06739203148141272,1.7681166435840947,0.7922400356864739,-13.478406296282545,1.0,0.0,1.066890170027839,0.19,0.0,False,0.003855268786165366,0.06739203148141272,0.19276490002756222,0.07577781861352735,7.577781861352734e-06,7.577781861352734e-06,-0.013478814838877704,0.0,0.056096600107398364,0.9758766078976208,0.7012264735562557,0.056096600107398364
52.0,0.0,0.0,-0.0741867982171291,1.5877292646416121,0.8023492017240178,-14.83735964342582,1.0,0.0,1.0380741945568812,0.05,0.0,False,0.003715417887268768,0.0741867982171291,0.18577230209333861,0.07577774253083158,7.577774253083158e-06,7.5777742530831585e-06,-0.014837809376665399,0.0,-0.18038737894248258,0.7853800629175943,0.5496550700847309,0.18038737894248258
53.0,0.0,0.0,-0.05690404938663531,1.7494611513823115,0.7994935104766665,-11.380809877327062,1.0,0.0,1.0262205528723316,0.05,0.0,False,0.0037504553890114712,0.0569040493866353,0.18752419045467428,0.07577768315369257,7.5777683153692564e-06,7.5777683153692564e-06,-0.011381154839274977,0.0,0.16173188674069938,0.949967640905645,0.7232405985099799,0.16173188674069938
54.0,0.0,0.0,-0.0727909196957681,1.2722205225266094,0.844843510928239,-14.55818393915362,1.0,0.0,1.0186672104901369,0.15,0.0,False,0.0035883507958376724,0.07279091969576809,0.1794188993756005,0.07577763681404524,7.5777636814045205e-06,7.577763681404523e-06,-0.014558625209719869,0.0,-0.47724062885570206,0.4273770115983705,0.2535533120364726,0.47724062885570206
55.0,0.0,0.0,-0.02295643154463801,1.5892532827390482,0.8926612632077902,-4.591286308927602,1.0,0.0,1.0215243748052498,-0.1,0.0,False,0.0035346022623304703,0.02295643154463801,0.17673145233491697,0.07577760064923067,7.577760064923067e-06,7.577760064923067e-06,-0.0045914254745371905,0.0,0.31703276021243876,0.696592019531258,0.5677289079337984,0.31703276021243876
56.0,0.0,0.0,-0.05524934058888042,2.0198965776348317,0.9084126380449525,-11.049868117776084,1.0,0.0,1.0426475091637197,0.0,0.0,False,0.0035819637842142257,0.05524934058888042,0.1790995463733117,0.0757775724251497,7.577757242514966e-06,7.577757242514968e-06,-0.011050203048110701,0.0,0.43064329489578346,1.111483939589879,0.9772490684711119,0.43064329489578346
57.0,0.0,0.0,-0.09630992963915515,2.283049703323428,0.9075604586671192,-19.26198592783103,1.0,0.0,1.0367389435457042,-0.04,0.0,False,0.0038081278552679477,0.09630992963915518,0.19040783561639976,0.07577755039824796,7.577755039824795e-06,7.577755039824794e-06,-0.01926256977385056,0.0,0.2631531256885964,1.375489244656309,1.2463107597777239,0.2631531256885964
58.0,0.0,0.0,-0.1186335720693026,2.36985621494207,1.1018566510970795,-23.72671441386052,1.0,0.0,1.0567607905905445,0.0,0.0,False,0.003799762128338923,0.1186335720693026,0.18998954609995045,0.07577753320780568,7.577753320780569e-06,7.57775332078057e-06,-0.02372743358916653,0.0,0.08680651161864184,1.2679995638449904,1.3130954243515254,0.08680651161864184
59.0,0.0,0.0,-0.12556129817102316,2.338501363646328,1.1133465693065732,-25.11225963420463,1.0,0.0,1.0966690338331677,-0.07,0.0,False,0.003967048828324884,0.12556129817102316,0.1983539444818498,0.07577751979187808,7.577751979187806e-06,7.577751979187805e-06,-0.02511302080633724,0.0,-0.03135485129574178,1.225154794339755,1.2418323298131604,0.03135485129574178
60.0,0.0,0.0,-0.12158156707680293,2.5009505193350963,1.0822054701801367,-24.316313415360586,1.0,0.0,1.1141956596130518,0.07,0.0,False,0.003823112759127853,0.12158156707680293,0.19115708648620636,0.07577750932169237,7.577750932169239e-06,7.577750932169238e-06,-0.02431705046164202,0.0,0.16244915568876817,1.4187450491549596,1.3867548597220445,0.16244915568876817
61.0,0.0,0.0,-0.13486518174002285,2.600635663322521,1.105231201307645,-26.97303634800457,1.0,0.0,1.1226396271366372,-0.14,0.0,False,0.0039570748746687485,0.13486518174002285,0.19785524301966675,0.07577750115045034,7.577750115045038e-06,7.577750115045036e-06,-0.026973853921526337,0.0,0.09968514398742467,1.4954044620148759,1.4779960361858837,0.09968514398742467
62.0,0.0,0.0,-0.1426411616560498,2.0017299136000446,1.1205368132544828,-28.528232331209956,1.0,0.0,1.1522476032025468,0.1,0.0,False,0.003785843045467199,0.1426411616560498,0.18929358668186788,0.0757774947733717,7.577749477337168e-06,7.577749477337169e-06,-0.028529097043847908,0.0,-0.5989057497224763,0.8811931003455618,0.8494823103974978,0.5989057497224763
63.0,0.0,0.0,-0.07902634030421597,1.4631548849772957,1.3448910126649634,-15.805268060843193,1.0,0.0,1.174170001812615,0.18,0.0,False,0.003649274636604088,0.07902634030421597,0.18246511449456204,0.075777489796511,7.577748979651099e-06,7.5777489796511e-06,-0.015805747130628607,0.0,-0.5385750286227489,0.11826387231233237,0.28898488316468063,0.5385750286227489
64.0,0.0,0.0,-0.02415070402819176,0.8602702856369141,1.2434778035323473,-4.830140805638352,1.0,0.0,1.2114365684694048,0.12,0.0,False,0.003712280627179944,0.02415070402819176,0.18561543789546187,0.07577748591242173,7.577748591242176e-06,7.577748591242176e-06,-0.00483028721089967,0.0,-0.6028845993403816,-0.38320751789543317,-0.35116628283249074,0.6028845993403816
65.0,0.0,0.0,0.03772963687036198,1.0688666708707384,1.2493871287226794,7.545927374072396,1.0,0.0,1.2216386942972068,-0.07,0.0,False,0.003878324877646139,0.03772963687036199,0.19391771333079208,0.07577748288116361,7.577748288116364e-06,7.577748288116362e-06,0.007546156096892157,0.0,0.2085963852338243,-0.18052045785194104,-0.15277202342646845,0.2085963852338243
66.0,0.0,0.0,0.02225355868797275,1.735766611353231,1.5181561720549683,4.45071173759455,1.0,0.0,1.2375809496250942,0.3,0.0,False,0.0038506896227032683,0.022253558687972744,0.1925359401129527,0.07577748051548007,7.577748051548008e-06,7.5777480515480085e-06,0.004450846642061066,0.0,0.6668999404824927,0.21761043929826274,0.49818566172813683,0.6668999404824927
67.0,0.0,0.0,-0.03884424823460112,1.240051230910247,1.651482916012406,-7.768849646920224,1.0,0.0,1.2914106893435153,0.55,0.0,False,0.004029445996241027,0.03884424823460112,0.20147382651834145,0.07577747866923067,7.577747866923064e-06,7.577747866923065e-06,-0.007769085126671179,0.0,-0.49571538044298413,-0.4114316851021591,-0.05135945843326839,0.49571538044298413
68.0,0.0,0.0,0.016249180073110197,1.6734446708685504,1.7476923266793765,3.2498360146220393,1.0,0.0,1.3473094114112598,0.39,0.0,False,0.004141077182699734,0.0162491800731102,0.20705542813689623,0.07577747722836292,7.5777477228362955e-06,7.5777477228362955e-06,0.0032499345196254307,0.0,0.4333934399583035,-0.07424765581082604,0.3261352594572906,0.4333934399583035
69.0,0.0,0.0,-0.02101836780393688,1.5737161137450848,1.8754359006683243,-4.203673560787376,1.0,0.0,1.4025491882507137,0.49,0.0,False,0.004127205616132605,0.02101836780393688,0.20636184455275502,0.07577747610386716,7.577747610386715e-06,7.5777476103867154e-06,-0.004203800977330962,0.0,-0.09972855712346562,-0.30171978692323953,0.17116692549437107,0.09972855712346562
70.0,0.0,0.0,-0.0031692734114967687,1.202331501283544,1.7686886018320676,-0.6338546822993537,1.0,0.0,1.463253029234862,0.39,0.0,False,0.004289247687514952,0.0042721034348121,0.2144640095175495,0.07577747522627731,7.577747522627736e-06,7.577747522627733e-06,-0.0006338738949167588,0.0,-0.37138461246154075,-0.5663571005485235,-0.26092152795131796,0.37138461246154075
71.0,0.0,0.0,0.03749123323377724,1.4267183529947378,1.7894775845987776,7.498246646755447,1.0,0.0,1.54202217883243,0.2,0.0,False,0.0042699311295777845,0.03749123323377724,0.2134981743018766,0.07577747454138026,7.577747454138024e-06,7.577747454138025e-06,0.007498473924310951,0.0,0.22438685171119377,-0.3627592316040398,-0.11530382583769216,0.22438685171119377
72.0,0.0,0.0,0.016978149768112082,1.4411506464328374,1.6894396199289188,3.395629953622416,1.0,0.0,1.5772580385761763,0.1,0.0,False,0.004159968406308431,0.016978149768112082,0.2079999964749104,0.0757774740068663,7.577747400686627e-06,7.577747400686627e-06,0.003395732877746701,0.0,0.014432293438099597,-0.24828897349608137,-0.1361073921433389,0.014432293438099597
73.0,0.0,0.0,0.01845478231188542,1.7890533683396217,1.642608579273804,3.6909564623770836,1.0,0.0,1.5965062834823724,0.0,0.0,False,0.004344126516213669,0.01845478231188542,0.2172079717453452,0.07577747358971576,7.577747358971578e-06,7.577747358971577e-06,0.0036910683380716553,0.0,0.3479027219067843,0.1464447890658176,0.19254708485724925,0.3479027219067843
74.0,0.0,0.0,-0.013854243171188054,2.0942553558305703,1.7229261967462592,-2.770848634237611,1.0,0.0,1.6257054618355877,0.14,0.0,False,0.004135435318823151,0.013854243171188054,0.2067733328053541,0.07577747326415916,7.577747326415918e-06,7.5777473264159154e-06,-0.002770932620764503,0.0,0.3052019874909486,0.3713291590843111,0.4685498939949826,0.3052019874909486
75.0,0.0,0.0,-0.040675775171602944,1.9969768667426777,1.8124715606009059,-8.135155034320588,1.0,0.0,1.6505056874300337,0.13,0.0,False,0.004207328488168233,0.040675775171602944,0.2103680185120164,0.07577747301008513,7.577747301008512e-06,7.577747301008514e-06,-0.008135401617048463,0.0,-0.0972784890878926,0.18450530614177185,0.34647117931264404,0.0972784890878926
76.0,0.0,0.0,-0.023407795020321812,2.0995105628484976,2.090375149895027,-4.681559004064362,1.0,0.0,1.6874821925772647,0.56,0.0,False,0.004492457381385753,0.023407795020321805,0.22462457120462304,0.07577747281179825,7.577747281179824e-06,7.577747281179825e-06,-0.0046817009056731255,0.0,0.10253369610581986,0.009135412953470645,0.41202837027123285,0.10253369610581986
77.0,0.0,0.0,-0.03208336501900691,2.297059062854269,2.06634616616825,-6.416673003801382,1.0,0.0,1.762890047621706,0.16,0.0,False,0.004426918022279184,0.03208336501900691,0.2213475784172561,0.07577747265704927,7.577747265704929e-06,7.577747265704929e-06,-0.0064168674980327875,0.0,0.1975485000057713,0.2307128966860188,0.5341690152325629,0.1975485000057713
78.0,0.0,0.0,-0.046733429028106836,1.5460482733641951,2.1341377680181624,-9.346685805621368,1.0,0.0,1.7786647566768514,0.36,0.0,False,0.004329878646225284,0.046733429028106836,0.2164955728475652,0.07577747253627864,7.577747253627861e-06,7.577747253627862e-06,-0.009346969110765335,0.0,-0.7510107894900737,-0.5880894946539672,-0.23261648331265627,0.7510107894900737
79.0,0.0,0.0,0.03373149343886841,0.6168706525085201,2.1354429035407,6.746298687773681,1.0,0.0,1.8297070658675267,0.26,0.0,False,0.004279594038682421,0.03373149343886841,0.21398132341821768,0.07577747244202561,7.577747244202561e-06,7.577747244202561e-06,0.006746503173209298,0.0,-0.929177620855675,-1.5185722510321797,-1.2128364133590066,0.929177620855675
80.0,0.0,0.0,0.13057063131710292,0.8420019796312244,2.093212918905272,26.114126263420584,1.0,0.0,1.8833759881894514,0.18,0.0,False,0.004122696167907762,0.13057063131710292,0.20613637043286284,0.07577747236846775,7.577747236846778e-06,7.577747236846776e-06,0.026114917802415025,0.0,0.22513132712270423,-1.2512109392740478,-1.041374008558227,0.22513132712270423
81.0,0.0,0.0,0.10977876015887178,0.39895415670931966,2.0421561555624788,21.955752031774356,1.0,0.0,1.922626437241582,0.09,0.0,False,0.003993773678638882,0.10977876015887177,0.1996901971223158,0.07577747231106102,7.577747231106104e-06,7.577747231106103e-06,0.021956417527288052,0.0,-0.4430478229219047,-1.6432019988531592,-1.5236722805322622,0.4430478229219047
82.0,0.0,0.0,0.15798769825774023,0.05774331030262314,2.0440150904340704,31.597539651548047,1.0,0.0,1.9398311750047328,0.1,0.0,False,0.003825076994481609,0.15798769825774023,0.19125529899740976,0.07577747226625915,7.577747226625914e-06,7.5777472266259145e-06,0.03159849739696434,0.0,-0.3412108464066965,-1.9862717801314473,-1.8820878647021098,0.3412108464066965
83.0,0.0,0.0,0.1931585548195644,-0.288819005868463,1.9601084891164642,38.63171096391288,1.0,0.0,1.9788909988288372,-0.08,0.0,False,0.003941748543419716,0.1931585548195644,0.19708892064968966,0.07577747223129438,7.57774722312944e-06,7.577747223129441e-06,0.03863288192040157,0.0,-0.3465623161710861,-2.248927494984927,-2.2677100046973004,0.3465623161710861
84.0,0.0,0.0,0.23067756277032095,-0.3204906805540216,2.0432299056621672,46.13551255406419,1.0,0.0,1.989402043833386,0.05,0.0,False,0.003722871891904299,0.23067756277032095,0.18614500514432145,0.07577747220400688,7.5777472204006916e-06,7.577747220400691e-06,0.04613691095647551,0.0,-0.03167167468555859,-2.3637205862161887,-2.3098927243874074,0.03167167468555859
85.0,0.0,0.0,0.2405739767813485,-1.6357900561316432,2.2361307437355364,48.1147953562697,1.0,0.0,2.0180440226477505,0.31,0.0,False,0.003826929689407964,0.24057397678134854,0.19134793444568857,0.07577747218271093,7.577747218271092e-06,7.577747218271093e-06,0.048116253752245014,0.0,-1.3152993755776217,-3.87192079986718,-3.6538340787793935,1.3152993755776217
86.0,0.0,0.0,0.37709930422454446,-2.2377730916465253,2.292111623295517,75.4198608449089,1.0,0.0,2.0853402376986305,0.31,0.0,False,0.003815947941854532,0.37709930422454446,0.19079884290717125,0.07577747216609089,7.577747216609089e-06,7.577747216609091e-06,0.07542214687814829,0.0,-0.6019830355148821,-4.5298847149420425,-4.323113329345156,0.6019830355148821
87.0,0.0,0.0,0.4404319842247393,-1.9790975951575718,2.280589801709885,88.08639684494786,1.0,0.0,2.13534586427395,0.01,0.0,False,0.0038596693209554337,0.4404319842247393,0.1929849284276941,0.07577747215312015,7.577747215312016e-06,7.577747215312016e-06,0.08808906681050908,0.0,0.2586754964889535,-4.259687396867457,-4.114443459431522,0.2586754964889535
88.0,0.0,0.0,0.4202607910559681,-1.9033850259741838,2.360342422627819,84.05215821119361,1.0,0.0,2.1667136247129646,0.27,0.0,False,0.003991983617706072,0.4202607910559681,0.19960069339744047,0.07577747214299738,7.5777472142997385e-06,7.577747214299739e-06,0.08405470589591892,0.0,0.07571256918338798,-4.263727448602003,-4.070098650687148,0.07571256918338798
89.0,0.0,0.0,0.416572589464284,-2.416173909994158,2.538503023263619,83.3145178928568,1.0,0.0,2.2236695469040466,0.34,0.0,False,0.00391792164769467,0.416572589464284,0.19589756683572593,0.07577747213509727,7.57774721350973e-06,7.577747213509728e-06,0.08331704321914371,0.0,-0.5127888840199741,-4.954676933257777,-4.6398434568982045,0.5127888840199741
90.0,0.0,0.0,0.47395108446880196,-2.1849014200738557,2.6283220448728586,94.79021689376039,1.0,0.0,2.262498702757606,0.44,0.0,False,0.004069442087089323,0.473951084468802,0.20347364621463787,0.07577747212893182,7.5777472128931844e-06,7.577747212893183e-06,0.09479309005719572,0.0,0.23127248992030225,-4.813223464946715,-4.4474001228314615,0.23127248992030225
91.0,0.0,0.0,0.4569616830755448,-2.263145621064356,2.5257581245974055,91.39233661510896,1.0,0.0,2.323516508769326,0.2,0.0,False,0.0038415005844267013,0.45696168307554486,0.19207648471735236,0.07577747212412012,7.57774721241201e-06,7.577747212412012e-06,0.09139510678621333,0.0,-0.07824420099050045,-4.788903745661761,-4.586662129833682,0.07824420099050045
92.0,0.0,0.0,0.46815641555922377,-1.694153486526946,2.60463472015203,93.63128311184475,1.0,0.0,2.3848885476875945,0.17,0.0,False,0.0038960922550532254,0.46815641555922377,0.1948060889327724,0.0757774721203649,7.577747212036492e-06,7.577747212036491e-06,0.09363412114711696,0.0,0.56899213453741,-4.298788206678976,-4.079042034214541,0.56899213453741
93.0,0.0,0.0,0.412974719087765,-1.083451650555078,2.4984258293030073,82.594943817553,1.0,0.0,2.4185959130765147,-0.07,0.0,False,0.004076125042457193,0.41297471908776506,0.20380779651511846,0.07577747211743423,7.57774721174342e-06,7.577747211743423e-06,0.08259744733300282,0.0,0.6107018359718681,-3.5818774798580852,-3.5020475636315926,0.6107018359718681
94.0,0.0,0.0,0.3541645333124422,-1.3094336678733622,2.595819502195568,70.83290666248844,1.0,0.0,2.4357501752520054,0.13,0.0,False,0.0040618200150806605,0.3541645333124423,0.2030925397262977,0.07577747211514707,7.577747211514706e-06,7.577747211514704e-06,0.07083505366166279,0.0,-0.22598201731828427,-3.90525317006893,-3.7451838431253677,0.22598201731828427
95.0,0.0,0.0,0.3812087385558923,-1.2512402097864335,2.6360831471556545,76.24174771117846,1.0,0.0,2.4583278710345793,0.17,0.0,False,0.003963512932263729,0.3812087385558922,0.1981771483381399,0.07577747211336205,7.577747211336206e-06,7.577747211336206e-06,0.07624405865643111,0.0,0.05819345808692877,-3.8873233569420877,-3.709568080821013,0.05819345808692877
96.0,0.0,0.0,0.3770774028468682,-2.081985776348925,2.5177749125135533,75.41548056937364,1.0,0.0,2.502798152858336,-0.01,0.0,False,0.004039695876045544,0.3770774028468682,0.20198632439198516,0.07577747211196902,7.5777472111969e-06,7.5777472111969e-06,0.07541776646984194,0.0,-0.8307455665624917,-4.599760688862478,-4.584783929207261,0.8307455665624917
97.0,0.0,0.0,0.4616318029269268,-1.5959512703710297,2.5346938096151117,92.32636058538536,1.0,0.0,2.519676688544141,0.02,0.0,False,0.0041011807895512675,0.46163180292692674,0.2050605933631278,0.07577747211088182,7.577747211088183e-06,7.5777472110881835e-06,0.09232915906746487,0.0,0.48603450597789544,-4.130645079986142,-4.11562795891517,0.48603450597789544
98.0,0.0,0.0,0.4148030350350378,-0.895460617069819,2.600066063705232,82.96060700700755,1.0,0.0,2.5345071593757003,0.11,0.0,False,0.004019794731369602,0.4148030350350378,0.2009912596178958,0.07577747211003336,7.5777472110033345e-06,7.5777472110033345e-06,0.08296312160598605,0.0,0.7004906533012106,-3.4955266807750514,-3.4299677764455194,0.7004906533012106
99.0,0.0,0.0,0.3461342495420079,-0.9269715945731478,2.4867047957004385,69.22684990840158,1.0,0.0,2.5522362436064414,-0.1,0.0,False,0.004220778243000788,0.3461342495420079,0.21104051134956725,0.07577747210937115,7.577747210937115e-06,7.577747210937117e-06,0.06922894822677625,0.0,-0.03151097750332876,-3.4136763902735865,-3.4792078381795895,0.03151097750332876
100.0,0.0,0.0,0.3501570873769573,-0.4730735198572131,2.5115201357624533,70.03141747539145,1.0,0.0,2.56601302424246,-0.02,0.0,False,0.004355178747674779,0.35015708737695717,0.2177605875059193,0.0757774721088544,7.577747210885437e-06,7.5777472108854385e-06,0.07003354018081988,0.0,0.45389807471593474,-2.9845936556196664,-3.039086544099673,0.45389807471593474
101.0,0.0,0.0,0.3092656868787414,-0.5648693551841393,2.5766770610412695,61.85313737574828,1.0,0.0,2.5747319492910345,-0.06,0.0,False,0.004520453729128172,0.30926568687874145,0.22602439919919048,0.0757774721084511,7.577747210845108e-06,7.577747210845109e-06,0.061855012191298304,0.0,-0.0917958353269262,-3.1415464162254088,-3.139601304475174,0.0917958353269262
102.0,0.0,0.0,0.32168074379451367,0.10507115993294158,2.584803609270902,64.33614875890274,1.0,0.0,2.619700525790007,0.01,0.0,False,0.004284010908878728,0.32168074379451367,0.21420216860152208,0.07577747210813633,7.577747210813634e-06,7.577747210813632e-06,0.06433809883641278,0.0,0.6699405151170809,-2.4797324493379604,-2.5146293658570653,0.6699405151170809
103.0,0.0,0.0,0.2569291193116696,0.27479673922585,2.6164400188831163,51.38582386233392,1.0,0.0,2.65205996352895,-0.16,0.0,False,0.004463642062780125,0.2569291193116696,0.22318379435656582,0.07577747210789067,7.577747210789067e-06,7.577747210789068e-06,0.05138738140566503,0.0,0.16972557929290844,-2.341643279657266,-2.3772632243030998,0.16972557929290844
104.0,0.0,0.0,0.2396853563900043,0.6414371827617538,2.5657821398637477,47.93707127800086,1.0,0.0,2.674459700245499,0.04,0.0,False,0.004317929478608792,0.2396853563900043,0.21589810993934275,0.07577747210769896,7.577747210769899e-06,7.577747210769897e-06,0.047938524287023,0.0,0.36664044353590375,-1.924344957101994,-2.0330225174837455,0.36664044353590375
105.0,0.0,0.0,0.20384522790752804,0.3004042950853769,2.551878151291953,40.76904558150561,1.0,0.0,2.6717411168779353,-0.08,0.0,False,0.004244833542304426,0.20384522790752804,0.21224328542899812,0.07577747210754936,7.577747210754937e-06,7.577747210754936e-06,0.040770281322227236,0.0,-0.34103288767637685,-2.251473856206576,-2.3713368217925583,0.34103288767637685
106.0,0.0,0.0,0.2411139042527822,-0.07120988638639936,2.6923130627621363,48.22278085055644,1.0,0.0,2.6799666962173943,0.03,0.0,False,0.004124549504240105,0.24111390425278217,0.20622903795168032,0.07577747210743258,7.577747210743258e-06,7.577747210743259e-06,0.04822424251965262,0.0,-0.3716141814717763,-2.763522949148536,-2.7511765826037937,0.3716141814717763
107.0,0.0,0.0,0.27299776375524537,0.37863354594735393,2.5071727199681066,54.599552751049075,1.0,0.0,2.7116346926239703,0.13,0.0,False,0.004265573949764306,0.27299776375524537,0.2132803136602703,0.07577747210734144,7.577747210734148e-06,7.577747210734146e-06,0.05460120770494252,0.0,0.4498434323337533,-2.128539174020753,-2.3330011466766165,0.4498434323337533
108.0,0.0,0.0,0.22976706689329865,0.20005738397520845,2.625196033935437,45.95341337865973,1.0,0.0,2.658871186568197,-0.05,0.0,False,0.004273240984207197,0.22976706689329865,0.21366366828735728,0.07577747210727036,7.577747210727035e-06,7.577747210727035e-06,0.045954806261505034,0.0,-0.1785761619721455,-2.4251386499602283,-2.4588138025929887,0.1785761619721455
109.0,0.0,0.0,0.24836732627894584,-0.18890438692707118,2.548351600287289,49.67346525578917,1.0,0.0,2.6763912707178537,0.08,0.0,False,0.004174679724415046,0.24836732627894584,0.2087355679541342,0.07577747210721485,7.577747210721488e-06,7.577747210721485e-06,0.04967497089623096,0.0,-0.3889617709022796,-2.7372559872143603,-2.865295657644925,0.3889617709022796
110.0,0.0,0.0,0.28615559513439603,-0.7120364448315029,2.5054338101764086,57.231119026879206,1.0,0.0,2.6838247500053645,0.02,0.0,False,0.004158971324736238,0.28615559513439603,0.2079501420184796,0.07577747210717153,7.5777472107171526e-06,7.5777472107171526e-06,0.057232853745544175,0.0,-0.5231320579044316,-3.2174702550079113,-3.3958611948368675,0.5231320579044316
111.0,0.0,0.0,0.34113027662685547,-1.1877528446923988,2.5729565556426937,68.22605532537109,1.0,0.0,2.672759985155029,-0.11,0.0,False,0.004224894819917287,0.3411302766268554,0.21124634175511117,0.0757774721071377,7.5777472107137695e-06,7.577747210713772e-06,0.06822812330890213,0.0,-0.475716399860896,-3.7607094003350925,-3.860512829847428,0.475716399860896
112.0,0.0,0.0,0.3899991709479435,-0.7691632974192057,2.654547559812009,77.9998341895887,1.0,0.0,2.6993955713871585,0.02,0.0,False,0.003958566483418131,0.3899991709479435,0.19792982402171297,0.07577747210711135,7.577747210711135e-06,7.5777472107111335e-06,0.07800219842377693,0.0,0.4185895472731931,-3.4237108572312147,-3.4685588688063644,0.4185895472731931
113.0,0.0,0.0,0.3479554063686819,-1.777765073537155,2.632159681211976,69.59108127373638,1.0,0.0,2.7123866305435245,0.09,0.0,False,0.003946917613790234,0.3479554063686819,0.19734737612670866,0.07577747210709075,7.577747210709075e-06,7.577747210709075e-06,0.06959319063224018,0.0,-1.0086017761179493,-4.409924754749131,-4.490151704080679,1.0086017761179493
114.0,0.0,0.0,0.45006867977442366,-1.7576777537483794,2.746071898420861,90.01373595488474,1.0,0.0,2.710522602173113,-0.12,0.0,False,0.004290249677912688,0.45006867977442366,0.21451410941701102,0.07577747210707467,7.577747210707468e-06,7.5777472107074684e-06,0.09001646433955587,0.0,0.02008731978877565,-4.50374965216924,-4.468200355921493,0.02008731978877565
115.0,0.0,0.0,0.449980006145779,-1.7554922765737804,2.818039581609532,89.9960012291558,1.0,0.0,2.723092249541217,0.08,0.0,False,0.004187924365096642,0.44998000614577904,0.20939780500644087,0.07577747210706212,7.5777472107062165e-06,7.577747210706214e-06,0.08999872907627393,0.0,0.0021854771745990487,-4.573531858183312,-4.4785845261149975,0.0021854771745990487
116.0,0.0,0.0,0.4501025027618843,-1.6055602017660042,2.7351459230683206,90.02050055237686,1.0,0.0,2.7422927994462287,0.05,0.0,False,0.004108577808888752,0.4501025027618843,0.20543044713263908,0.07577747210705234,7.577747210705233e-06,7.577747210705234e-06,0.09002322914208807,0.0,0.14993207480777615,-4.340706124834325,-4.347853001212233,0.14993207480777615
117.0,0.0,0.0,0.4357884735004866,-1.0626393902865559,2.7616907812301554,87.15769470009732,1.0,0.0,2.7457032891943,0.05,0.0,False,0.004100056010782329,0.4357884735004866,0.20500435399851638,0.07577747210704468,7.57774721070447e-06,7.577747210704469e-06,0.08716033651598985,0.0,0.5429208114794484,-3.8243301715167113,-3.8083426794808557,0.5429208114794484
118.0,0.0,0.0,0.3859776029010892,-2.4157228743349544,2.9965312835462354,77.19552058021783,1.0,0.0,2.7524896479833343,0.24,0.0,False,0.004185973810678646,0.3859776029010892,0.2093002765465007,0.07577747210703875,7.577747210703874e-06,7.5777472107038745e-06,0.07719786043504995,0.0,-1.3530834840483985,-5.41225415788119,-5.168212522318289,1.3530834840483985
119.0,0.0,0.0,0.5241024029112087,-2.1307866393863772,2.934224623375193,104.82048058224174,1.0,0.0,2.7972828807595205,0.13,0.0,False,0.0040790855525608865,0.5241024029112087,0.2039558231420028,0.0757774721070341,7.577747210703411e-06,7.5777472107034094e-06,0.10482365777058314,0.0,0.2849362349485771,-5.065011262761571,-4.928069520145898,0.2849362349485771
120.0,0.0,0.0,0.5018114585982472,-3.0931079472598304,3.069659697532831,100.36229171964943,1.0,0.0,2.8254997305532163,0.31,0.0,False,0.004035501650979258,0.5018114585982472,0.2017766115495318,0.07577747210703047,7.577747210703047e-06,7.577747210703047e-06,0.10036533377690196,0.0,-0.9623213078734532,-6.162767644792662,-5.918607677813046,0.9623213078734532
121.0,0.0,0.0,0.6037231645103714,-3.4246815788649205,3.1471210695055265,120.74463290207429,1.0,0.0,2.887518076615125,0.35,0.0,False,0.004143495826301814,0.6037231645103713,0.20717636123328753,0.07577747210702765,7.577747210702763e-06,7.577747210702764e-06,0.12074829276356139,0.0,-0.3315736316050901,-6.571802648370447,-6.312199655480045,0.3315736316050901
122.0,0.0,0.0,0.6432436284495452,-3.837292605752187,3.1698470980678803,128.64872568990904,1.0,0.0,2.9443524409201727,0.28,0.0,False,0.004381035677342172,0.6432436284495452,0.21905344378615277,0.07577747210702544,7.577747210702544e-06,7.577747210702543e-06,0.12865262513044898,0.0,-0.41261102688726625,-7.007139703820068,-6.7816450466723595,0.41261102688726625
123.0,0.0,0.0,0.6930013705728958,-4.104498940278468,3.3716209669490884,138.60027411457915,1.0,0.0,3.0079984225110894,0.54,0.0,False,0.004162821324797572,0.6930013705728959,0.20814264348026268,0.0757774721070237,7.577747210702369e-06,7.577747210702371e-06,0.1386044751941066,0.0,-0.2672063345262812,-7.476119907227556,-7.112497362789558,0.2672063345262812
124.0,0.0,0.0,0.7243608009739233,-4.029278758295494,3.344256910581712,144.87216019478467,1.0,0.0,3.0929836694369066,0.25,0.0,False,0.004171777139406579,0.7243608009739233,0.20859043760395832,0.07577747210702236,7.577747210702234e-06,7.577747210702236e-06,0.14487655137994054,0.0,0.07522018198297431,-7.373535668877206,-7.1222624277324,0.07522018198297431
125.0,0.0,0.0,0.721033689479119,-3.071504616341941,3.37609092554806,144.2067378958238,1.0,0.0,3.1393835206127143,0.35,0.0,False,0.004009610827922439,0.7210336894791192,0.20048206058698553,0.07577747210702132,7.577747210702129e-06,7.577747210702131e-06,0.14421110891152464,0.0,0.9577741419535526,-6.447595541890001,-6.210888136954655,0.9577741419535526
126.0,0.0,0.0,0.629395639852266,-2.8700035421527708,3.4227520203791504,125.8791279704532,1.0,0.0,3.181331327047153,0.25,0.0,False,0.004087937855796181,0.6293956398522661,0.20439844165779333,0.07577747210702046,7.577747210702047e-06,7.577747210702049e-06,0.1258829434623837,0.0,0.2015010741891703,-6.292755562531921,-6.051334869199923,0.2015010741891703
127.0,0.0,0.0,0.6135995128566484,-1.9321233451827597,3.4555421248774545,122.71990257132968,1.0,0.0,3.222690252233429,0.18,0.0,False,0.004088310915729139,0.6135995128566484,0.20441709479578887,0.07577747210701986,7.577747210701988e-06,7.577747210701986e-06,0.12272362230474,0.0,0.937880196970011,-5.387665470060214,-5.154813597416188,0.937880196970011
128.0,0.0,0.0,0.5255817836838244,-2.4605678849277215,3.47962785297581,105.11635673676487,1.0,0.0,3.2662240715135598,0.24,0.0,False,0.00407036375567121,0.5255817836838242,0.2035197299929402,0.07577747210701936,7.577747210701936e-06,7.5777472107019365e-06,0.10511954289333712,0.0,-0.5284445397449617,-5.940195737903531,-5.726791956441281,0.5284445397449617
129.0,0.0,0.0,0.5833028837114232,-2.8745289244486885,3.499896483023246,116.66057674228465,1.0,0.0,3.3238936279502433,0.02,0.0,False,0.00428408175092315,0.5833028837114234,0.2142057107305844,0.07577747210701898,7.577747210701896e-06,7.577747210701897e-06,0.11666411281292911,0.0,-0.41396103952096697,-6.374425407471934,-6.198422552398932,0.41396103952096697
130.0,0.0,0.0,0.626054375919813,-2.639037234146353,3.488556924260496,125.21087518396261,1.0,0.0,3.372681958276506,0.05,0.0,False,0.004179388795848514,0.626054375919813,0.208971023310015,0.07577747210701867,7.577747210701865e-06,7.577747210701866e-06,0.12521467042064385,0.0,0.2354916903023354,-6.127594158406849,-6.011719192422859,0.2354916903023354
131.0,0.0,0.0,0.6041887899709476,-3.18020721162343,3.493582999833353,120.83775799418952,1.0,0.0,3.3862520388394795,0.05,0.0,False,0.00408122193654814,0.6041887899709476,0.20406264315081427,0.07577747210701846,7.577747210701843e-06,7.577747210701844e-06,0.12084142067836887,0.0,-0.5411699774770771,-6.673790211456783,-6.566459250462909,0.5411699774770771
132.0,0.0,0.0,0.65985480042477,-2.6100041738609177,3.420751831429069,131.970960084954,1.0,0.0,3.4030795850590136,0.03,0.0,False,0.0038496070430646375,0.6598548004247697,0.19248181072068343,0.07577747210701824,7.5777472107018255e-06,7.5777472107018255e-06,0.1319749602249405,0.0,0.5702030377625125,-6.0307560052899865,-6.013083758919931,0.5702030377625125
133.0,0.0,0.0,0.6044905249476655,-2.117225670231207,3.347460721589109,120.89810498953311,1.0,0.0,3.418590803267931,-0.11,0.0,False,0.003862120288295257,0.6044905249476656,0.19310747772332496,0.07577747210701812,7.577747210701811e-06,7.57774721070181e-06,0.12090176950287569,0.0,0.49277850362971076,-5.464686391820315,-5.535816473499137,0.49277850362971076
134.0,0.0,0.0,0.5541482135982299,-1.253428359433982,3.2393450419124314,110.82964271964596,1.0,0.0,3.435130109435197,0.14,0.0,False,0.003813344281554408,0.5541482135982299,0.19066865890566997,0.07577747210701802,7.577747210701799e-06,7.577747210701799e-06,0.11083300205025362,0.0,0.863797310797225,-4.492773401346414,-4.688558468869179,0.863797310797225
135.0,0.0,0.0,0.46788724510776897,-1.4690760602005526,3.4271747786663393,93.57744902155379,1.0,0.0,3.424466425505081,-0.08,0.0,False,0.003899061071782521,0.46788724510776886,0.1949545308940841,0.0757774721070179,7.577747210701789e-06,7.577747210701791e-06,0.09358028542507338,0.0,-0.2156477007665707,-4.896250838866892,-4.893542485705634,0.2156477007665707
136.0,0.0,0.0,0.49251506214992646,-1.0913397225590293,3.5041813887248527,98.50301242998529,1.0,0.0,3.42562136820703,0.15,0.0,False,0.003871027299833953,0.49251506214992646,0.19355283167501386,0.07577747210701782,7.577747210701785e-06,7.577747210701784e-06,0.09850599813107105,0.0,0.37773633764152326,-4.595521111283882,-4.516961090766059,0.37773633764152326
137.0,0.0,0.0,0.45633970704114696,-1.3009069954562558,3.4824400867969123,91.26794140822939,1.0,0.0,3.456261169030629,0.06,0.0,False,0.00394121485418689,0.45633970704114696,0.1970622359858379,0.07577747210701778,7.577747210701776e-06,7.577747210701779e-06,0.09127070780881995,0.0,-0.20956727289722643,-4.783347082253168,-4.757168164486885,0.20956727289722643
138.0,0.0,0.0,0.4832387092184479,-1.034864283276875,3.674459212335084,96.64774184368959,1.0,0.0,3.4722302491995443,0.24,0.0,False,0.00397092566099513,0.48323870921844786,0.19854778758329913,0.07577747210701771,7.577747210701773e-06,7.577747210701773e-06,0.09665067131011544,0.0,0.2660427121793807,-4.709323495611959,-4.507094532476419,0.2660427121793807
139.0,0.0,0.0,0.45962110142850643,-0.5732697633061552,3.7262405487507695,91.92422028570128,1.0,0.0,3.5316631897672632,0.19,0.0,False,0.003908850141441812,0.4596211014285063,0.19544398808600336,0.07577747210701768,7.577747210701771e-06,7.577747210701769e-06,0.09192700657860284,0.0,0.4615945199707199,-4.299510312056925,-4.104932953073418,0.4615945199707199
140.0,0.0,0.0,0.41839914524091176,-0.5610918313239169,3.862984463105828,83.67982904818236,1.0,0.0,3.5615208756341508,0.29,0.0,False,0.004204137759940065,0.41839914524091176,0.21020848089166244,0.07577747210701767,7.577747210701768e-06,7.577747210701767e-06,0.08368236544732674,0.0,0.012177931982238266,-4.424076294429745,-4.122612706958067,0.012177931982238266
141.0,0.0,0.0,0.4188552309350597,-1.1004103837873533,3.8187352463734614,83.77104618701195,1.0,0.0,3.6108802152507495,0.1,0.0,False,0.0043719233068976295,0.4188552309350597,0.21859782181136375,0.07577747210701766,7.577747210701764e-06,7.5777472107017645e-06,0.08377358535101705,0.0,-0.5393185524634364,-4.9191456301608145,-4.711290599038103,0.5393185524634364
142.0,0.0,0.0,0.4800729726901007,-1.5594275910039688,3.945688164109609,96.01459453802013,1.0,0.0,3.6276191769795707,0.39,0.0,False,0.00447581766940706,0.4800729726901006,0.22379257930109606,0.07577747210701764,7.577747210701764e-06,7.577747210701764e-06,0.0960175048132705,0.0,-0.45901720721661543,-5.505115755113578,-5.1870467679835395,0.45901720721661543
143.0,0.0,0.0,0.5320136141404281,-0.8270943097583456,4.1103820324740585,106.40272282808563,1.0,0.0,3.7005012366951346,0.41,0.0,False,0.00430451017587555,0.5320136141404282,0.21522713971827645,0.07577747210701764,7.577747210701764e-06,7.577747210701764e-06,0.10640594797539067,0.0,0.7323332812456231,-4.937476342232404,-4.5275955464534805,0.7323332812456231
144.0,0.0,0.0,0.4643947315206121,0.23613141943117122,4.069565904010365,92.87894630412242,1.0,0.0,3.7609101236343387,0.44,0.0,False,0.004167366666758294,0.4643947315206121,0.20836991230047144,0.07577747210701764,7.577747210701764e-06,7.577747210701764e-06,0.09288176153549438,0.0,1.0632257291895169,-3.833434484579194,-3.5247787042031673,1.0632257291895169
145.0,0.0,0.0,0.3636317241238286,-0.2141094182068768,4.087885953611354,72.72634482476572,1.0,0.0,3.8170289587418424,0.29,0.0,False,0.0042494337587232435,0.3636317241238286,0.2124732979929026,0.07577747210701764,7.577747210701764e-06,7.577747210701764e-06,0.0727285492154879,0.0,-0.450240837638048,-4.301995371818231,-4.03113837694872,0.450240837638048
146.0,0.0,0.0,0.41526565836146306,-0.9299005006344839,4.2753527318526805,83.05313167229261,1.0,0.0,3.8725864361336138,0.42,0.0,False,0.004238760365549544,0.41526565836146306,0.21193962429020416,0.07577747210701764,7.577747210701764e-06,7.577747210701764e-06,0.08305564907576377,0.0,-0.7157910824276071,-5.2052532324871645,-4.802486936768098,0.7157910824276071
147.0,0.0,0.0,0.48952288517608955,-0.7685294433444121,4.15351450548835,97.90457703521791,1.0,0.0,3.9387045043169673,0.13,0.0,False,0.00411348652955161,0.48952288517608955,0.20567588502563422,0.07577747210701764,7.577747210701764e-06,7.577747210701764e-06,0.09790754459727256,0.0,0.16137105729007184,-4.922043948832762,-4.707233947661379,0.16137105729007184
148.0,0.0,0.0,0.47885213165352725,-0.4249866967042446,4.2196871497706026,95.77042633070545,1.0,0.0,3.965513825160293,0.37,0.0,False,0.00400970433478726,0.47885213165352725,0.20048673596565503,0.07577747210701764,7.577747210701764e-06,7.577747210701764e-06,0.09577332920503208,0.0,0.3435427466401675,-4.644673846474847,-4.390500521864538,0.3435427466401675
149.0,0.0,0.0,0.4494077071168698,-0.8941543469168725,4.308025083045658,89.88154142337396,1.0,0.0,4.020173304211104,0.44,0.0,False,0.003895625639873568,0.4494077071168698,0.1947827579969947,0.07577747210701764,7.577747210701764e-06,7.577747210701764e-06,0.08988426580112849,0.0,-0.46916765021262785,-5.202179429962531,-4.9143276511279765,0.46916765021262785
150.0,0.0,0.0,0.5029783799138094,-0.5677117695149285,4.428379559714262,100.59567598276189,1.0,0.0,4.069260649364403,0.45,0.0,False,0.004033144332390734,0.5029783799138094,0.2016587447269476,0.07577747210701764,7.577747210701764e-06,7.577747210701764e-06,0.10059872511406859,0.0,0.32644257740194393,-4.99609132922919,-4.636972418879331,0.32644257740194393
151.0,0.0,0.0,0.4758266913831967,-0.1135670677889733,4.469511263723469,95.16533827663935,1.0,0.0,4.135820024371989,0.42,0.0,False,0.004078377594365891,0.4758266913831967,0.20392042496401652,0.07577747210701764,7.577747210701764e-06,7.577747210701764e-06,0.09516822281028771,0.0,0.4541447017259552,-4.583078331512442,-4.249387092160962,0.4541447017259552
152.0,0.0,0.0,0.4350304982912728,-0.49919041620382243,4.447565025284093,87.00609965825457,1.0,0.0,4.190735429036205,0.29,0.0,False,0.004107823549413557,0.43503049829127294,0.20539273387309992,0.07577747210701764,7.577747210701764e-06,7.577747210701764e-06,0.0870087368791863,0.0,-0.38562334841484913,-4.946755441487915,-4.689925845240027,0.38562334841484913
153.0,0.0,0.0,0.4807140004925584,-0.2927912908649416,4.568977775706198,96.14280009851169,1.0,0.0,4.236902742681001,0.47,0.0,False,0.004195497699602013,0.48071400049255836,0.20977647460115026,0.07577747210701764,7.577747210701764e-06,7.577747210701764e-06,0.09614571425976992,0.0,0.20639912533888083,-4.8617690665711395,-4.529694033545942,0.20639912533888083
154.0,0.0,0.0,0.4645107100604168,-0.9497316286381025,4.509925491297384,92.90214201208336,1.0,0.0,4.308131725180576,0.15,0.0,False,0.004282909692985651,0.4645107100604169,0.21414710738963158,0.07577747210701764,7.577747210701764e-06,7.577747210701764e-06,0.09290495794653485,0.0,-0.6569403377731609,-5.459657119935486,-5.257863353818679,0.6569403377731609
155.0,0.0,0.0,0.5346829907284972,-0.9512097431393949,4.6943383340168205,106.93659814569945,1.0,0.0,4.352491806976097,0.29,0.0,False,0.00426968435054472,0.5346829907284972,0.21348583525666984,0.07577747210701764,7.577747210701764e-06,7.577747210701764e-06,0.10693983947517066,0.0,-0.0014781145012924268,-5.645548077156215,-5.303701550115492,0.0014781145012924268
156.0,0.0,0.0,0.5411921781591558,0.012628269230890332,4.737595350112247,108.23843563183115,1.0,0.0,4.397300863273946,0.48,0.0,False,0.004027995463694323,0.5411921781591559,0.20140129934128553,0.07577747210701764,7.577747210701764e-06,7.577747210701764e-06,0.10824171642098486,0.0,0.9638380123702852,-4.724967080881357,-4.384672594043056,0.9638380123702852
157.0,0.0,0.0,0.4523605110601245,-0.6432680984924852,4.855185831035498,90.4721022120249,1.0,0.0,4.460917089328082,0.39,0.0,False,0.004207923231099137,0.4523605110601245,0.21039775588388335,0.07577747210701764,7.577747210701764e-06,7.577747210701764e-06,0.09047484449012526,0.0,-0.6558963677233756,-5.498453929527983,-5.104185187820567,0.6558963677233756
158.0,0.0,0.0,0.5247418261922134,-0.2698138125228513,4.995805906979107,104.94836523844269,1.0,0.0,4.536404773512176,0.55,0.0,False,0.004106777716889611,0.5247418261922134,0.20534044185064984,0.07577747210701764,7.577747210701764e-06,7.577747210701764e-06,0.10495154630306511,0.0,0.3734542859696339,-5.265619719501958,-4.806218586035028,0.3734542859696339
159.0,0.0,0.0,0.49486809360065737,0.5691362696014264,5.139341392918961,98.97361872013147,1.0,0.0,4.604348981475132,0.52,0.0,False,0.004188768747405661,0.49486809360065737,0.20944002444181764,0.07577747210701764,7.577747210701764e-06,7.577747210701764e-06,0.09897661868565116,0.0,0.8389500821242777,-4.570205123317535,-4.035212711873706,0.8389500821242777
160.0,0.0,0.0,0.4196024353320441,0.6629363140421842,5.15017327179742,83.92048706640882,1.0,0.0,4.679054622749515,0.63,0.0,False,0.004196302250508465,0.4196024353320442,0.2098167024513069,0.07577747210701764,7.577747210701764e-06,7.577747210701764e-06,0.08392303076008044,0.0,0.09380004444075785,-4.487236957755235,-4.01611830870733,0.09380004444075785
161.0,0.0,0.0,0.41744711689040415,0.6606311562054827,5.111171908734429,83.48942337808083,1.0,0.0,4.765319604981061,0.5,0.0,False,0.004006025994882543,0.41744711689040415,0.20030281757674256,0.07577747210701764,7.577747210701764e-06,7.577747210701764e-06,0.0834919540058848,0.0,-0.002305157836701488,-4.450540752528946,-4.104688448775578,0.002305157836701488
162.0,0.0,0.0,0.42377926648588926,0.40391757248071253,5.071290707806229,84.75585329717785,1.0,0.0,4.837565648382503,0.29,0.0,False,0.004161049147496483,0.42377926648588926,0.2080540339437527,0.07577747210701764,7.577747210701764e-06,7.577747210701764e-06,0.08475842231143409,0.0,-0.2567135837247702,-4.667373135325517,-4.43364807590179,0.2567135837247702
163.0,0.0,0.0,0.45513539880835074,0.8281500812073337,5.168841891311112,91.02707976167015,1.0,0.0,4.898584385672099,0.28,0.0,False,0.00406850802769849,0.45513539880835074,0.2034269428911924,0.07577747210701764,7.577747210701764e-06,7.577747210701764e-06,0.09102983886156135,0.0,0.42423250872662116,-4.3406918101037775,-4.070434304464765,0.42423250872662116
164.0,0.0,0.0,0.4210767484580566,0.8609526706539393,5.259989311972641,84.21534969161132,1.0,0.0,4.955444005614156,0.5,0.0,False,0.0040333661312719786,0.4210767484580566,0.20166983475504657,0.07577747210701764,7.577747210701764e-06,7.577747210701764e-06,0.08421790232279294,0.0,0.032802589446605634,-4.399036641318701,-4.0944913349602166,0.032802589446605634
165.0,0.0,0.0,0.4263323084438786,-0.01931381272780086,5.323691579368532,85.26646168877572,1.0,0.0,5.039077106445701,0.5,0.0,False,0.004156670757780098,0.4263323084438786,0.20783511279901698,0.07577747210701764,7.577747210701764e-06,7.577747210701764e-06,0.08526904617995994,0.0,-0.8802664833817402,-5.343005392096333,-5.058390919173502,0.8802664833817402
166.0,0.0,0.0,0.5186049961775187,-0.0721765284881814,5.369803863187934,103.72099923550374,1.0,0.0,5.1244372870157795,0.26,0.0,False,0.004076681455930625,0.5186049961775187,0.20383561739960765,0.07577747210701764,7.577747210701764e-06,7.577747210701764e-06,0.10372414309773084,0.0,-0.05286271576038054,-5.441980391676115,-5.1966138155039605,0.05286271576038054
167.0,0.0,0.0,0.5310767802969742,0.39515668081189204,5.6423021686524155,106.21535605939485,1.0,0.0,5.166932641925544,0.51,0.0,False,0.004067874779249061,0.5310767802969742,0.20339528022879128,0.07577747210701764,7.577747210701764e-06,7.577747210701764e-06,0.1062185755274709,0.0,0.46733320930007344,-5.247145487840523,-4.771775961113652,0.46733320930007344
168.0,0.0,0.0,0.4912819309885228,1.0520152424397475,5.609630623283205,98.25638619770456,1.0,0.0,5.2387924927610845,0.48,0.0,False,0.003819035000687397,0.4912819309885228,0.19095319701846103,0.07577747210701764,7.577747210701764e-06,7.577747210701764e-06,0.09825936442336199,0.0,0.6568585616278555,-4.557615380843457,-4.186777250321337,0.6568585616278555
169.0,0.0,0.0,0.43049359656736075,1.1665134624177422,5.685453227405298,86.09871931347215,1.0,0.0,5.308162131211226,0.38,0.0,False,0.004004146428355455,0.43049359656736075,0.2002088385382443,0.07577747210701764,7.577747210701764e-06,7.577747210701764e-06,0.08610132903101678,0.0,0.1144982199779947,-4.518939764987556,-4.141648668793484,0.1144982199779947
170.0,0.0,0.0,0.4258958083301381,1.0547148536909448,5.778746924485789,85.17916166602762,1.0,0.0,5.35711431669588,0.5,0.0,False,0.003977040202550744,0.4258958083301381,0.1988535169778023,0.07577747210701764,7.577747210701764e-06,7.577747210701764e-06,0.08518174351108188,0.0,-0.11179860872679748,-4.724032070794845,-4.302399463004935,0.11179860872679748
171.0,0.0,0.0,0.44327392402063,1.3979393053250186,5.776354077197821,88.654784804126,1.0,0.0,5.4256329122578,0.42,0.0,False,0.003928003182655969,0.44327392402063,0.19640164740355653,0.07577747210701764,7.577747210701764e-06,7.577747210701764e-06,0.0886574719979561,0.0,0.3432244516340739,-4.378414771872802,-4.027693606932782,0.3432244516340739
172.0,0.0,0.0,0.41321787784377306,1.553300569349206,5.685157395358193,82.64357556875461,1.0,0.0,5.487622044784307,0.21,0.0,False,0.003912703045873448,0.41321787784377306,0.195636634767402,0.07577747210701764,7.577747210701764e-06,7.577747210701764e-06,0.08264608055826934,0.0,0.15536126402418726,-4.1318568260089865,-3.934321475435101,0.15536126402418726
173.0,0.0,0.0,0.40060892582104485,1.679637376438119,5.5610122093438035,80.12178516420897,1.0,0.0,5.530274646793807,0.07,0.0,False,0.004026574382719224,0.40060892582104496,0.20133024475410105,0.07577747210701764,7.577747210701764e-06,7.577747210701764e-06,0.08012421371634212,0.0,0.12633680708891304,-3.8813748329056845,-3.8506372703556884,0.12633680708891304
174.0,0.0,0.0,0.38973608175138125,1.2753756870922461,5.5663376834744085,77.94721635027625,1.0,0.0,5.559541613218163,0.0,0.0,False,0.003971677836093915,0.38973608175138125,0.19858539662322786,0.07577747210701764,7.577747210701764e-06,7.577747210701764e-06,0.07794957898957781,0.0,-0.4042616893458728,-4.290961996382162,-4.284165926125917,0.4042616893458728
175.0,0.0,0.0,0.4290836824930933,1.2572487089452566,5.560249867042028,85.81673649861867,1.0,0.0,5.577145860027247,0.1,0.0,False,0.0038404975494473912,0.4290836824930933,0.19202633258834928,0.07577747210701764,7.577747210701764e-06,7.577747210701764e-06,0.0858193376690501,0.0,-0.018126978146989492,-4.303001158096771,-4.319897151081991,0.018126978146989492
176.0,0.0,0.0,0.43383193604873,0.9780280921488664,5.668097148543357,86.766387209746,1.0,0.0,5.566375086407083,0.14,0.0,False,0.0038467669161864042,0.43383193604873,0.19233980330068362,0.07577747210701764,7.577747210701764e-06,7.577747210701764e-06,0.08676901716481143,0.0,-0.2792206167963902,-4.69006905639449,-4.588346994258217,0.2792206167963902
177.0,0.0,0.0,0.46282328471585565,0.007091579122098013,5.588492143126692,92.56465694317113,1.0,0.0,5.595732442869719,0.04,0.0,False,0.0038563979209057762,0.4628232847158556,0.19282135718571827,0.07577747210701764,7.577747210701764e-06,7.577747210701764e-06,0.09256746264819396,0.0,-0.9709365130267684,-5.5814005640045945,-5.588640863747621,0.9709365130267684
178.0,0.0,0.0,0.5610847122807152,-0.8520917895881346,5.429898316393988,112.21694245614304,1.0,0.0,5.606436297200158,-0.12,0.0,False,0.003764219051922594,0.5610847122807152,0.18821237881115085,0.07577747210701764,7.577747210701764e-06,7.577747210701764e-06,0.11222034383685889,0.0,-0.8591833687102326,-6.281990105982123,-6.458528086788293,0.8591833687102326
179.0,0.0,0.0,0.6502406323306418,-1.181741037010717,5.6239574939890185,130.04812646612837,1.0,0.0,5.618151289834917,-0.05,0.0,False,0.0037325949521762533,0.6502406323306418,0.18663116184186218,0.07577747210701764,7.577747210701764e-06,7.577747210701764e-06,0.1300520683235682,0.0,-0.3296492474225825,-6.805698530999735,-6.799892326845634,0.3296492474225825
180.0,0.0,0.0,0.6825712463300191,-1.4203668404286993,5.556908609657052,136.51424926600382,1.0,0.0,5.650560901675174,0.1,0.0,False,0.0036755902318882008,0.682571246330019,0.18378090422909138,0.07577747210701764,7.577747210701764e-06,7.577747210701764e-06,0.1365183871165345,0.0,-0.23862580341798223,-6.9772754500857515,-7.070927742103874,0.23862580341798223
181.0,0.0,0.0,0.7069726957659996,-0.9864692111748836,5.5797183497316825,141.39453915319993,1.0,0.0,5.644230043907368,-0.21,0.0,False,0.0037925136253686874,0.7069726957659995,0.18962711820391165,0.07577747210701764,7.577747210701764e-06,7.577747210701764e-06,0.14139882492902198,0.0,0.4338976292538157,-6.566187560906566,-6.630699255082251,0.4338976292538157
182.0,0.0,0.0,0.6626349679570839,-0.9641405920831917,5.486902160273267,132.52699359141678,1.0,0.0,5.649627980249959,-0.05,0.0,False,0.0037457332290995377,0.6626349679570839,0.18728808066595326,0.07577747210701764,7.577747210701764e-06,7.577747210701764e-06,0.132531010585201,0.0,0.022328619091691926,-6.451042752356459,-6.613768572333151,0.022328619091691926
183.0,0.0,0.0,0.6613370756396287,-1.5089061956467877,5.735425395890238,132.26741512792574,1.0,0.0,5.640131532409956,-0.06,0.0,False,0.003948772277487539,0.6613370756396287,0.19744011001428247,0.07577747210701764,7.577747210701764e-06,7.577747210701764e-06,0.13227142425368968,0.0,-0.544765603563596,-7.244331591537026,-7.149037728056744,0.544765603563596
184.0,0.0,0.0,0.7214862596137596,-1.9349601267376686,5.9250589866165235,144.2972519227519,1.0,0.0,5.6494807365721025,0.26,0.0,False,0.004163940740001637,0.7214862596137595,0.2081986146645982,0.07577747210701764,7.577747210701764e-06,7.577747210701764e-06,0.1443016256820016,0.0,-0.42605393109088086,-7.860019113354192,-7.584440863309771,0.42605393109088086
185.0,0.0,0.0,0.7662500166922349,-1.3310243837182845,5.872366524034637,153.250003338447,1.0,0.0,5.706229762515368,0.15,0.0,False,0.004215642300276726,0.766250016692235,0.21078371226742051,0.07577747210701764,7.577747210701764e-06,7.577747210701764e-06,0.15325464846238862,0.0,0.6039357430193841,-7.203390907752922,-7.037254146233652,0.6039357430193841
186.0,0.0,0.0,0.7106363866446774,-1.680976760041155,5.974634718461652,142.1272773289355,1.0,0.0,5.727830362631008,0.32,0.0,False,0.0039983601727700555,0.7106363866446774,0.19991952356663514,0.07577747210701764,7.577747210701764e-06,7.577747210701764e-06,0.1421315853146079,0.0,-0.34995237632287046,-7.655611478502807,-7.408807122672163,0.34995237632287046
187.0,0.0,0.0,0.750774631035389,-1.924273343090218,6.073731500663512,150.1549262070778,1.0,0.0,5.775608733873319,0.35,0.0,False,0.00407845931722985,0.7507746310353892,0.20392451113817825,0.07577747210701764,7.577747210701764e-06,7.577747210701764e-06,0.15015947751688197,0.0,-0.243296583049063,-7.99800484375373,-7.6998820769635365,0.243296583049063
188.0,0.0,0.0,0.7797303567408828,-1.801403270909534,6.114696023479294,155.94607134817656,1.0,0.0,5.827054009331039,0.32,0.0,False,0.00417380089068502,0.7797303567408828,0.2086916259346539,0.07577747210701764,7.577747210701764e-06,7.577747210701764e-06,0.1559507981919863,0.0,0.12287007218068391,-7.916099294388829,-7.628457280240573,0.12287007218068391
189.0,0.0,0.0,0.7721675110685797,-1.7600481561836572,6.060107006273753,154.43350221371594,1.0,0.0,5.873325654295397,0.23,0.0,False,0.004118926954223582,0.7721675110685797,0.2059479083205412,0.07577747210701764,7.577747210701764e-06,7.577747210701764e-06,0.15443818321040692,0.0,0.04135511472587683,-7.820155162457411,-7.633373810479054,0.04135511472587683
190.0,0.0,0.0,0.7728818036960377,-1.330284671689937,6.228610029033155,154.57636073920753,1.0,0.0,5.920564404286415,0.38,0.0,False,0.00398578556855301,0.7728818036960377,0.1992907885914245,0.07577747210701764,7.577747210701764e-06,7.577747210701764e-06,0.1545810460660489,0.0,0.42976348449372015,-7.558894700723092,-7.250849075976352,0.42976348449372015
191.0,0.0,0.0,0.7356669888659245,-1.2387787621534188,6.218532945199426,147.1333977731849,1.0,0.0,5.969062715923319,0.44,0.0,False,0.003736287126633298,0.7356669888659246,0.18681577196363267,0.07577747210701764,7.577747210701764e-06,7.577747210701764e-06,0.1471378574981684,0.0,0.09150590953651827,-7.4573117073528445,-7.2078414780767375,0.09150590953651827
192.0,0.0,0.0,0.7295449229336594,-1.2728715282062395,6.229833701332419,145.90898458673186,1.0,0.0,6.026663951892943,0.01,0.0,False,0.0038905681672663545,0.7295449229336595,0.19452988245042174,0.07577747210701764,7.577747210701764e-06,7.577747210701764e-06,0.14591340719882218,0.0,-0.034092766052820744,-7.502705229538659,-7.299535480099182,0.034092766052820744
193.0,0.0,0.0,0.7386219166627049,-1.4471465243797719,6.2747519223167885,147.72438333254098,1.0,0.0,6.056946882533409,0.29,0.0,False,0.003950152457477179,0.738621916662705,0.19750911953669742,0.07577747210701764,7.577747210701764e-06,7.577747210701764e-06,0.14772886097074545,0.0,-0.17427499617353237,-7.72189844669656,-7.504093406913181,0.17427499617353237
194.0,0.0,0.0,0.7613564566973317,-0.9242720877366464,6.348298407673751,152.27129133946633,1.0,0.0,6.113627492929241,0.34,0.0,False,0.003643203962833574,0.7613564566973317,0.18216157850561204,0.07577747210701764,7.577747210701764e-06,7.577747210701764e-06,0.1522759067979043,0.0,0.5228744366431255,-7.272570495410398,-7.037899580665887,0.5228744366431255
195.0,0.0,0.0,0.7120359848421083,-1.1686792863434408,6.448244730068271,142.40719696842166,1.0,0.0,6.166706510931842,0.18,0.0,False,0.0036573417198041335,0.7120359848421082,0.1828684717107577,0.07577747210701764,7.577747210701764e-06,7.577747210701764e-06,0.14241151343867084,0.0,-0.24440719860679438,-7.616924016411711,-7.335385797275283,0.24440719860679438
196.0,0.0,0.0,0.7387018363377255,-1.018346382253994,6.428824171489301,147.74036726754508,1.0,0.0,6.196357542119331,0.16,0.0,False,0.0038753573624690403,0.7387018363377255,0.19376933644737424,0.07577747210701764,7.577747210701764e-06,7.577747210701764e-06,0.14774484539023475,0.0,0.15033290408944677,-7.447170553743295,-7.214703924373325,0.15033290408944677
197.0,0.0,0.0,0.7274015897000409,-0.5225863405766538,6.265215511249372,145.48031794000818,1.0,0.0,6.218618961822799,-0.05,0.0,False,0.004088296432875102,0.7274015897000409,0.20441637064759954,0.07577747210701764,7.577747210701764e-06,7.577747210701764e-06,0.145484727558887,0.0,0.4957600416773402,-6.787801851826026,-6.741205302399453,0.4957600416773402
198.0,0.0,0.0,0.6810612832941648,-0.7814241773299557,6.364218409973524,136.21225665883296,1.0,0.0,6.255945118014778,0.08,0.0,False,0.004050806208569308,0.6810612832941646,0.20254184522773772,0.07577747210701764,7.577747210701764e-06,7.577747210701764e-06,0.13621638535573843,0.0,-0.25883783675330196,-7.145642587303479,-7.0373692953447335,0.25883783675330196
199.0,0.0,0.0,0.7081668720874292,-0.6486752826859891,6.382626930209757,141.63337441748584,1.0,0.0,6.288284537876978,0.04,0.0,False,0.004245063261012153,0.7081668720874293,0.21225477145142183,0.07577747210701764,7.577747210701764e-06,7.577747210701764e-06,0.14163766743258607,0.0,0.13274889464396666,-7.0313022128957465,-6.936959820562967,0.13274889464396666
200.0,0.0,0.0,0.6993320939422735,-0.594508410538726,6.381373400293669,139.8664187884547,1.0,0.0,6.300512859021314,0.11,0.0,False,0.0042779106454150315,0.6993320939422734,0.21389715311702487,0.07577747210701764,7.577747210701764e-06,7.577747210701764e-06,0.13987065824578843,0.0,0.05416687214726301,-6.975881810832395,-6.89502126956004,0.05416687214726301
201.0,0.0,0.0,0.6951581151176123,-0.045503077421312654,6.248300384602211,139.03162302352246,1.0,0.0,6.344910624827951,-0.09,0.0,False,0.004340819005582685,0.6951581151176123,0.21704259496058964,0.07577747210701764,7.577747210701764e-06,7.577747210701764e-06,0.1390358371775628,0.0,0.5490053331174134,-6.293803462023524,-6.390413702249264,0.5490053331174134
202.0,0.0,0.0,0.6436242978227648,-0.612471838795821,6.2846398656954685,128.72485956455296,1.0,0.0,6.357336127260782,-0.1,0.0,False,0.004115566435672271,0.6436242978227648,0.2057798811197174,0.07577747210701764,7.577747210701764e-06,7.577747210701764e-06,0.12872876131276842,0.0,-0.5669687613745084,-6.897111704491289,-6.969807966056603,0.5669687613745084
203.0,0.0,0.0,0.702495223505357,0.27743650646272267,6.302675474777908,140.4990447010714,1.0,0.0,6.390983761917706,-0.03,0.0,False,0.004011758662916204,0.702495223505357,0.20058945315046103,0.07577747210701764,7.577747210701764e-06,7.577747210701764e-06,0.14050330333377678,0.0,0.8899083452585437,-6.025238968315186,-6.113547255454984,0.8899083452585437
204.0,0.0,0.0,0.6141101398878106,0.4234570247469919,6.313129186680093,122.82202797756212,1.0,0.0,6.412746562818764,-0.05,0.0,False,0.004122300809820982,0.6141101398878106,0.2061166023787224,0.07577747210701764,7.577747210701764e-06,7.577747210701764e-06,0.12282575080647103,0.0,0.1460205182842692,-5.889672161933101,-5.989289538071772,0.1460205182842692
205.0,0.0,0.0,0.6012950451669028,0.6573860890506152,6.356442235785419,120.25900903338055,1.0,0.0,6.418770583910803,0.01,0.0,False,0.004077925380382511,0.6012950451669028,0.20389781409350907,0.07577747210701764,7.577747210701764e-06,7.577747210701764e-06,0.12026265417523954,0.0,0.23392906430362337,-5.6990561467348035,-5.761384494860187,0.23392906430362337
206.0,0.0,0.0,0.580733630605645,1.0548385567703378,6.346754289645022,116.14672612112899,1.0,0.0,6.43663529950858,0.01,0.0,False,0.004115196869892639,0.580733630605645,0.20576140269071208,0.07577747210701764,7.577747210701764e-06,7.577747210701764e-06,0.11615024661657104,0.0,0.39745246771972254,-5.291915732874685,-5.381796742738242,0.39745246771972254
207.0,0.0,0.0,0.5419890959479237,2.595514162619667,6.335932489106459,108.39781918958474,1.0,0.0,6.464942427739533,-0.2,0.0,False,0.004268909667756184,0.5419890959479237,0.2134471008237255,0.07577747210701764,7.577747210701764e-06,7.577747210701764e-06,0.10840110480977508,0.0,1.5406756058493294,-3.740418326486792,-3.869428265119866,1.5406756058493294
208.0,0.0,0.0,0.387084189388729,2.383789537191403,6.262904329924083,77.4168378777458,1.0,0.0,6.474934869067572,-0.02,0.0,False,0.0043633921524474486,0.387084189388729,0.21817126085650806,0.07577747210701764,7.577747210701764e-06,7.577747210701764e-06,0.07741918444087324,0.0,-0.2117246254282641,-3.8791147927326803,-4.091145331876168,0.2117246254282641
209.0,0.0,0.0,0.4115307852570675,3.236238015220602,6.382195302573944,82.30615705141349,1.0,0.0,6.466502717813777,-0.11,0.0,False,0.0043171466838287575,0.4115307852570675,0.21585896990374998,0.07577747210701764,7.577747210701764e-06,7.577747210701764e-06,0.08230865181351682,0.0,0.8524484780291988,-3.145957287353342,-3.2302647025931748,0.8524484780291988
210.0,0.0,0.0,0.32587262266933803,3.734637090538976,6.437309600525968,65.17452453386761,1.0,0.0,6.499253313575078,0.05,0.0,False,0.00415473970706901,0.32587262266933803,0.20773855953181186,0.07577747210701764,7.577747210701764e-06,7.577747210701764e-06,0.06517650002318377,0.0,0.49839907531837424,-2.7026725099869915,-2.764616223036102,0.49839907531837424
211.0,0.0,0.0,0.2752764190121242,3.2642491395480215,6.285731658990714,55.05528380242483,1.0,0.0,6.495087710931853,0.1,0.0,False,0.004248621544167535,0.27527641901212413,0.2124326869573794,0.07577747210701764,7.577747210701764e-06,7.577747210701764e-06,0.05505695256987235,0.0,-0.47038795099095454,-3.021482519442692,-3.2308385713838312,0.47038795099095454
212.0,0.0,0.0,0.3192679702077746,3.5119429462141376,6.304057624622217,63.85359404155491,1.0,0.0,6.487505579416032,0.13,0.0,False,0.004233871101406571,0.3192679702077746,0.2116951592305751,0.07577747210701764,7.577747210701764e-06,7.577747210701764e-06,0.06385552949246506,0.0,0.24769380666611607,-2.7921146784080797,-2.9755626332018945,0.24769380666611607
213.0,0.0,0.0,0.2964948057433022,3.0085005602711674,6.370903303754053,59.298961148660446,1.0,0.0,6.457049808224299,0.0,0.0,False,0.003901333487653776,0.2964948057433023,0.19506815254863663,0.07577747210701764,7.577747210701764e-06,7.577747210701764e-06,0.059300758545189944,0.0,-0.5034423859429702,-3.362402743482886,-3.4485492479531312,0.5034423859429702
214.0,0.0,0.0,0.35017707863117237,3.2419949487475885,6.348041999066412,70.03541572623448,1.0,0.0,6.477003341781517,-0.2,0.0,False,0.0039833421453248545,0.35017707863117237,0.19916861650423426,0.07577747210701764,7.577747210701764e-06,7.577747210701764e-06,0.07003753855285284,0.0,0.23349438847642112,-3.1060470503188236,-3.235008393033928,0.23349438847642112
215.0,0.0,0.0,0.324587949426518,2.7798997992393004,6.311455664982535,64.9175898853036,1.0,0.0,6.51040402425193,0.1,0.0,False,0.003969732130290607,0.324587949426518,0.19848811059585925,0.07577747210701764,7.577747210701764e-06,7.577747210701764e-06,0.06491955758673551,0.0,-0.4620951495082881,-3.531555865743235,-3.7305042250126292,0.4620951495082881
216.0,0.0,0.0,0.3710657017119185,2.3595050450316757,6.245444697350018,74.2131403423837,1.0,0.0,6.487997425284185,-0.05,0.0,False,0.003769268571417089,0.3710657017119185,0.18846485669907465,0.07577747210701764,7.577747210701764e-06,7.577747210701764e-06,0.07421538979900673,0.0,-0.42039475420762473,-3.885939652318342,-4.128492380252509,0.42039475420762473
217.0,0.0,0.0,0.4091742846972602,2.080093716800978,6.2366497855239125,81.83485693945204,1.0,0.0,6.490697408462788,0.2,0.0,False,0.003881343024007511,0.4091742846972602,0.19406862179218923,0.07577747210701764,7.577747210701764e-06,7.577747210701764e-06,0.08183733741609119,0.0,-0.2794113282306978,-4.156556068722935,-4.4106036916618105,0.2794113282306978
218.0,0.0,0.0,0.4348569507156943,2.6171635165524085,6.075275085698576,86.97139014313886,1.0,0.0,6.4514029229690015,0.22,0.0,False,0.0037345484486422647,0.43485695071569436,0.18672883740531782,0.07577747210701764,7.577747210701764e-06,7.577747210701764e-06,0.08697402631199884,0.0,0.5370697997514307,-3.4581115691461672,-3.834239406416593,0.5370697997514307
219.0,0.0,0.0,0.38072483334133544,2.3486700239386615,6.1003035424297645,76.14496666826709,1.0,0.0,6.428827985760183,0.05,0.0,False,0.003652202971187658,0.3807248333413354,0.1826115323329268,0.07577747210701764,7.577747210701764e-06,7.577747210701764e-06,0.07614727468001262,0.0,-0.268493492613747,-3.751633518491103,-4.080157961821522,0.268493492613747
220.0,0.0,0.0,0.4037371700553071,2.487654608900292,6.080793752743122,80.74743401106143,1.0,0.0,6.424556101792955,0.3,0.0,False,0.0035727635304380967,0.40373717005530724,0.17863953019684872,0.07577747210701764,7.577747210701764e-06,7.577747210701764e-06,0.08074988152708609,0.0,0.13898458496163046,-3.59313914384283,-3.9369014928926633,0.13898458496163046
221.0,0.0,0.0,0.38896300325486627,2.3453347143054817,6.011991843953575,77.79260065097326,1.0,0.0,6.386194695402441,-0.03,0.0,False,0.003685421741711818,0.38896300325486627,0.18427248344530703,0.07577747210701764,7.577747210701764e-06,7.577747210701764e-06,0.07779495860375561,0.0,-0.14231989459481031,-3.666657129648093,-4.040859981096959,0.14231989459481031
222.0,0.0,0.0,0.3999381768817378,2.8103732794894816,5.983014594903627,79.98763537634755,1.0,0.0,6.3774320146146,0.3,0.0,False,0.0035567801072058287,0.3999381768817378,0.17784035297931827,0.07577747210701764,7.577747210701764e-06,7.577747210701764e-06,0.07999005986229879,0.0,0.4650385651839999,-3.172641315414145,-3.5670587351251184,0.4650385651839999
223.0,0.0,0.0,0.349486300789587,3.139531122022346,5.954006712145173,69.8972601579174,1.0,0.0,6.344868014643071,0.31,0.0,False,0.003858153645177484,0.349486300789587,0.19290914406452533,0.07577747210701764,7.577747210701764e-06,7.577747210701764e-06,0.06989937879693561,0.0,0.3291578425328643,-2.814475590122827,-3.205336892620725,0.3291578425328643
224.0,0.0,0.0,0.31450636634601314,3.1050913768876356,6.098654840068011,62.90127326920263,1.0,0.0,6.305368703327398,0.08,0.0,False,0.003831835248445479,0.31450636634601314,0.19159321425621734,0.07577747210701764,7.577747210701764e-06,7.577747210701764e-06,0.06290317985454721,0.0,-0.034439745134710265,-2.993563463180376,-3.200277326439762,0.034439745134710265
225.0,0.0,0.0,0.3189591614826897,3.1580090579327154,6.239512018455974,63.79183229653795,1.0,0.0,6.2847139479694905,-0.08,0.0,False,0.0037873749976368356,0.3189591614826897,0.18937018487035798,0.07577747210701764,7.577747210701764e-06,7.577747210701764e-06,0.06379376587540272,0.0,0.05291768104507977,-3.0815029605232587,-3.126704890036775,0.05291768104507977
226.0,0.0,0.0,0.3183841141543366,3.161118025701579,6.306660619773892,63.676822830867316,1.0,0.0,6.294803841309343,-0.02,0.0,False,0.003793644604654732,0.3183841141543366,0.18968366759672764,0.07577747210701764,7.577747210701764e-06,7.577747210701764e-06,0.06367875292370788,0.0,0.003108967768863824,-3.1455425940723125,-3.133685815607764,0.003108967768863824
227.0,0.0,0.0,0.3202575054244344,3.7147467956713953,6.207130984314913,64.05150108488688,1.0,0.0,6.341970831192726,-0.14,0.0,False,0.003904187032549182,0.3202575054244344,0.19521083087457886,0.07577747210701764,7.577747210701764e-06,7.577747210701764e-06,0.06405344253450976,0.0,0.5536287699698161,-2.492384188643518,-2.6272240355213308,0.5536287699698161
228.0,0.0,0.0,0.2657233268738397,3.013123705664818,6.375748964383084,53.144665374767946,1.0,0.0,6.363814421466842,-0.03,0.0,False,0.00396364631804136,0.26572332687383976,0.1981838176775595,0.07577747210701764,7.577747210701764e-06,7.577747210701764e-06,0.05314627622992048,0.0,-0.7016230900065774,-3.3626252587182663,-3.3506907158020245,0.7016230900065774
229.0,0.0,0.0,0.3368486414483747,2.618936818759511,6.305150648243562,67.36972828967494,1.0,0.0,6.372080743619742,0.02,0.0,False,0.004018481352254258,0.3368486414483747,0.20092559016450584,0.07577747210701764,7.577747210701764e-06,7.577747210701764e-06,0.06737177031728343,0.0,-0.3941868869053069,-3.686213829484051,-3.753143924860231,0.3941868869053069
230.0,0.0,0.0,0.3776521309550709,2.4502392557469994,6.280408323145883,75.53042619101417,1.0,0.0,6.381737747841219,-0.14,0.0,False,0.004086524424449807,0.3776521309550709,0.20432776955494325,0.07577747210701764,7.577747210701764e-06,7.577747210701764e-06,0.07553271557557129,0.0,-0.1686975630125116,-3.8301690673988835,-3.93149849209422,0.1686975630125116
231.0,0.0,0.0,0.39734124950265,2.842931175151384,6.266555740889112,79.46824990053,1.0,0.0,6.395601215929313,-0.02,0.0,False,0.004114105612480838,0.39734124950265,0.2057068394066583,0.07577747210701764,7.577747210701764e-06,7.577747210701764e-06,0.07947065864351317,0.0,0.39269191940438475,-3.423624565737728,-3.5526700407779286,0.39269191940438475
232.0,0.0,0.0,0.3582503018903083,2.963346719802164,6.398325233730876,71.65006037806167,1.0,0.0,6.4238022983507514,0.1,0.0,False,0.003841838105438695,0.3582503018903083,0.1920933608958341,0.07577747210701764,7.577747210701764e-06,7.577747210701764e-06,0.0716522321457852,0.0,0.12041554465077997,-3.434978513928712,-3.4604555785485873,0.12041554465077997
233.0,0.0,0.0,0.34845129878558007,3.4022279635601302,6.452248756077671,69.69025975711601,1.0,0.0,6.425569930565758,-0.04,0.0,False,0.003908937951364958,0.34845129878558007,0.19544837861543063,0.07577747210701764,7.577747210701764e-06,7.577747210701764e-06,0.06969237212179492,0.0,0.4388812437579661,-3.0500207925175404,-3.023341967005628,0.4388812437579661
234.0,0.0,0.0,0.30920803045553263,2.8962823877106043,6.662359667216688,61.84160609110653,1.0,0.0,6.447991731450832,0.2,0.0,False,0.00401601230427539,0.30920803045553263,0.20080213683007125,0.07577747210701764,7.577747210701764e-06,7.577747210701764e-06,0.06184348055713449,0.0,-0.5059455758495259,-3.7660772795060833,-3.551709343740228,0.5059455758495259
235.0,0.0,0.0,0.36446548613043994,3.578534275289449,6.743981308020415,72.89309722608799,1.0,0.0,6.494425423129969,0.3,0.0,False,0.004062760925925687,0.36446548613043994,0.2031395856250481,0.07577747210701764,7.577747210701764e-06,7.577747210701764e-06,0.07289530667120205,0.0,0.6822518875788446,-3.1654470327309663,-2.91589114784052,0.6822518875788446
236.0,0.0,0.0,0.3012643644965511,3.9967077966955915,6.723483385422726,60.25287289931022,1.0,0.0,6.541075340381046,0.36,0.0,False,0.004036730041156069,0.3012643644965511,0.2018380315237939,0.07577747210701764,7.577747210701764e-06,7.577747210701764e-06,0.060254699209629045,0.0,0.4181735214061426,-2.726775588727134,-2.5443675436854547,0.4181735214061426
237.0,0.0,0.0,0.26592307597449566,4.182112576080713,6.796850143594639,53.18461519489913,1.0,0.0,6.591292065514844,0.32,0.0,False,0.003991225684859847,0.26592307597449566,0.19956279646795733,0.07577747210701764,7.577747210701764e-06,7.577747210701764e-06,0.05318622726096103,0.0,0.18540477938512145,-2.6147375675139264,-2.4091794894341314,0.18540477938512145
238.0,0.0,0.0,0.2544063257290429,3.5505436698499704,6.967485088521638,50.881265145808584,1.0,0.0,6.656039311332908,0.49,0.0,False,0.004037518146256984,0.2544063257290429,0.20187743707744282,0.07577747210701764,7.577747210701764e-06,7.577747210701764e-06,0.0508828073955819,0.0,-0.6315689062307426,-3.4169414186716676,-3.1054956414829373,0.6315689062307426
239.0,0.0,0.0,0.32004265852100583,3.707432641281372,7.061730379370688,64.00853170420116,1.0,0.0,6.726272224712399,0.18,0.0,False,0.003973026225738572,0.32004265852100583,0.19865281661634854,0.07577747210701764,7.577747210701764e-06,7.577747210701764e-06,0.06401047185138949,0.0,0.15688897143140146,-3.3542977380893158,-3.018839583431027,0.15688897143140146
240.0,0.0,0.0,0.3104270248188073,3.2507537490685112,7.023411316483393,62.085404963761455,1.0,0.0,6.751091515178171,0.41,0.0,False,0.0038757945228178542,0.3104270248188073,0.19379119463044941,0.07577747210701764,7.577747210701764e-06,7.577747210701764e-06,0.06208728681951833,0.0,-0.4566788922128606,-3.7726575674148815,-3.5003377661096597,0.4566788922128606
241.0,0.0,0.0,0.36277720801665536,3.5781128399276967,7.1899245855851985,72.55544160333108,1.0,0.0,6.811820506345514,0.5,0.0,False,0.0037786525495837643,0.36277720801665536,0.18893405916287911,0.07577747210701764,7.577747210701764e-06,7.577747210701764e-06,0.07255764081384687,0.0,0.32735909085918546,-3.611811745657502,-3.2337076664178173,0.32735909085918546
242.0,0.0,0.0,0.33403883495421804,4.285300831326413,7.0296786004433995,66.8077669908436,1.0,0.0,6.878663280933869,0.16,0.0,False,0.00385154190634969,0.33403883495421804,0.1925785546180314,0.07577747210701764,7.577747210701764e-06,7.577747210701764e-06,0.06680979198497851,0.0,0.7071879913987167,-2.744377769116986,-2.593362449607455,0.7071879913987167
243.0,0.0,0.0,0.26958364790547323,4.594292036508251,7.110700936875314,53.91672958109464,1.0,0.0,6.918627752562365,0.28,0.0,False,0.004034820964191309,0.26958364790547323,0.20174257695223075,0.07577747210701764,7.577747210701764e-06,7.577747210701764e-06,0.05391836383809938,0.0,0.30899120518183754,-2.516408900367063,-2.3243357160541143,0.30899120518183754
244.0,0.0,0.0,0.2440446550211567,5.1433261965483466,7.22300914596105,48.80893100423134,1.0,0.0,6.981239452217941,0.18,0.0,False,0.004246612778921156,0.2440446550211567,0.21233224793396482,0.07577747210701764,7.577747210701764e-06,7.577747210701764e-06,0.048810410439983604,0.0,0.5490341600400956,-2.079682949412703,-1.8379132556695943,0.5490341600400956
245.0,0.0,0.0,0.19446947820251842,5.490014648602431,7.2453773007334465,38.893895640503686,1.0,0.0,7.03483105215501,0.34,0.0,False,0.004157952781766121,0.19446947820251842,0.20789921448406076,0.07577747210701764,7.577747210701764e-06,7.577747210701764e-06,0.038895074544007036,0.0,0.3466884520540843,-1.7553626521310157,-1.5448164035525789,0.3466884520540843
246.0,0.0,0.0,0.164039795896033,5.485364633033166,7.243919030308458,32.807959179206605,1.0,0.0,7.08809466060083,0.22,0.0,False,0.0039053822725312764,0.164039795896033,0.19527059332654492,0.07577747210701764,7.577747210701764e-06,7.577747210701764e-06,0.032808953613355646,0.0,-0.004650015569264809,-1.758554397275292,-1.602730027567664,0.004650015569264809
247.0,0.0,0.0,0.1704961214050131,6.2507594841850365,7.274805928463046,34.09922428100262,1.0,0.0,7.130474760168049,0.27,0.0,False,0.0037531412006090105,0.1704961214050131,0.18765848204821373,0.07577747210701764,7.577747210701764e-06,7.577747210701764e-06,0.03410025785437716,0.0,0.7653948511518704,-1.0240464442780093,-0.8797152759830125,0.7653948511518704
248.0,0.0,0.0,0.09626246954196666,6.647498441167215,7.359581387775344,19.25249390839333,1.0,0.0,7.190390445908716,0.07,0.0,False,0.003790999487771029,0.09626246954196667,0.18955141075034115,0.07577747210701764,7.577747210701764e-06,7.577747210701764e-06,0.019253077466099312,0.0,0.39673895698217887,-0.7120829466081284,-0.5428920047415007,0.39673895698217887
249.0,0.0,0.0,0.06049459734824067,6.261206935924348,7.500550899553438,12.098919469648134,1.0,0.0,7.213420652237705,0.29,0.0,False,0.0035578523873260113,0.06049459734824067,0.17789396739160074,0.07577747210701764,7.577747210701764e-06,7.577747210701764e-06,0.012099286197082209,0.0,-0.38629150524286704,-1.2393439636290893,-0.9522137163133566,0.38629150524286704
250.0,0.0,0.0,0.10385961229655584,6.130981353030807,7.426322697306895,20.771922459311167,1.0,0.0,7.252467335287937,0.17,0.0,False,0.003826372680915481,0.10385961229655581,0.19132008381001953,0.07577747210701764,7.577747210701764e-06,7.577747210701764e-06,0.020772552072050008,0.0,-0.1302255828935417,-1.2953413442760882,-1.1214859822571306,0.1302255828935417
251.0,0.0,0.0,0.1205846894257678,6.307254409538413,7.652387402255997,24.11693788515356,1.0,0.0,7.299842409984275,0.29,0.0,False,0.0037633798293454208,0.1205846894257678,0.18817041736432127,0.07577747210701764,7.577747210701764e-06,7.577747210701764e-06,0.024117668887849344,0.0,0.17627305650760672,-1.3451329927175832,-0.9925880004458616,0.17627305650760672
252.0,0.0,0.0,0.1089046642542823,7.3013146702567555,7.653208943682481,21.78093285085646,1.0,0.0,7.336873935303181,0.46,0.0,False,0.0035359547896690567,0.1089046642542823,0.17679907921203009,0.07577747210701764,7.577747210701764e-06,7.577747210701764e-06,0.021781593047466265,0.0,0.9940602607183422,-0.3518942734257253,-0.035559265046425814,0.9940602607183422
253.0,0.0,0.0,0.013224256836041755,7.212247251026175,7.566618931408287,2.644851367208351,1.0,0.0,7.396342314682024,0.24,0.0,False,0.0034427673122503248,0.013224256836041755,0.1721396700335361,0.07577747210701764,7.577747210701764e-06,7.577747210701764e-06,0.002644931534661142,0.0,-0.08906741923058092,-0.354371680382112,-0.1840950636558496,0.08906741923058092
254.0,0.0,0.0,0.023423944689290627,7.090842094033249,7.40836138429306,4.684788937858126,1.0,0.0,7.43356224912094,-0.16,0.0,False,0.003697386230259101,0.023423944689290623,0.1848707124058647,0.07577747210701764,7.577747210701764e-06,7.577747210701764e-06,0.004684930937367312,0.0,-0.12140515699292553,-0.31751929025981074,-0.34272015508769105,0.12140515699292553
255.0,0.0,0.0,0.03618406650532734,7.615180297182187,7.489661385891969,7.236813301065468,1.0,0.0,7.446495572955658,-0.06,0.0,False,0.0037358059817895195,0.03618406650532734,0.18679171453914387,0.07577747210701764,7.577747210701764e-06,7.577747210701764e-06,0.007237032654370484,0.0,0.5243382031489379,0.12551891129021797,0.16868472422652925,0.5243382031489379
256.0,0.0,0.0,-0.015801902421837707,7.071773391743758,7.418250353842108,-3.160380484367541,1.0,0.0,7.452696468771974,0.0,0.0,False,0.0037108006342972577,0.015801902421837707,0.18554143769032067,0.07577747210701764,7.577747210701764e-06,7.577747210701764e-06,-0.0031604762778992402,0.0,-0.5434069054384292,-0.3464769620983503,-0.38092307702821593,0.5434069054384292
257.0,0.0,0.0,0.0411805579087407,6.769597431537642,7.432409989685508,8.23611158174814,1.0,0.0,7.45715528582271,-0.02,0.0,False,0.003685052081392054,0.041180557908740714,0.18425400028925926,0.07577747210701764,7.577747210701764e-06,7.577747210701764e-06,0.008236361224542667,0.0,-0.3021759602061156,-0.6628125581478654,-0.6875578542850675,0.3021759602061156
258.0,0.0,0.0,0.07424420169471736,5.954526522571134,7.651684648814173,14.848840338943473,1.0,0.0,7.483594573624056,0.06,0.0,False,0.00375424904862307,0.07424420169471736,0.18771387486866625,0.07577747210701764,7.577747210701764e-06,7.577747210701764e-06,0.014849290418566712,0.0,-0.8150709089665078,-1.697158126243039,-1.5290680510529215,0.8150709089665078
259.0,0.0,0.0,0.15454496452846148,5.687993473647288,7.501095362557568,30.908992905692294,1.0,0.0,7.51206757867443,0.11,0.0,False,0.0036296991137351976,0.15454496452846148,0.18148633093387656,0.07577747210701764,7.577747210701764e-06,7.577747210701764e-06,0.03090992978073197,0.0,-0.2665330489238462,-1.8131018889102801,-1.824074105027142,0.2665330489238462
260.0,0.0,0.0,0.182309764845088,6.439526502698371,7.420052281382945,36.4619529690176,1.0,0.0,7.500034722989442,-0.11,0.0,False,0.0036702477240768794,0.182309764845088,0.18351377681431663,0.07577747210701764,7.577747210701764e-06,7.577747210701764e-06,0.03646305815849235,0.0,0.7515330290510827,-0.9805257786845738,-1.0605082202910712,0.7515330290510827
261.0,0.0,0.0,0.10705903466985464,6.2475828707657195,7.399675698050712,21.41180693397093,1.0,0.0,7.511160196963768,-0.01,0.0,False,0.003775715412891964,0.10705903466985464,0.18878720121544512,0.07577747210701764,7.577747210701764e-06,7.577747210701764e-06,0.02141245594209397,0.0,-0.1919436319326513,-1.1520928272849922,-1.2635773261980487,0.1919436319326513
262.0,0.0,0.0,0.12660512651950231,6.333677265812726,7.485295599450823,25.321025303900463,1.0,0.0,7.510157412711984,-0.01,0.0,False,0.0037154427493162664,0.12660512651950231,0.18577354520010983,0.07577747210701764,7.577747210701764e-06,7.577747210701764e-06,0.025321792803399995,0.0,0.08609439504700678,-1.1516183336380967,-1.1764801468992578,0.08609439504700678
263.0,0.0,0.0,0.1211091699464179,5.060566343725387,7.55787866034032,24.22183398928358,1.0,0.0,7.513682105042958,-0.09,0.0,False,0.00375948019286543,0.1211091699464179,0.1879754340627988,0.07577747210701764,7.577747210701764e-06,7.577747210701764e-06,0.024222568171459912,0.0,-1.273110922087339,-2.4973123166149325,-2.4531157613175703,1.273110922087339
264.0,0.0,0.0,0.24973337291783163,5.1638540594077105,7.625703334526358,49.94667458356633,1.0,0.0,7.544814852010642,0.05,0.0,False,0.0038658239829088246,0.2497333729178316,0.19329266385728636,0.07577747210701764,7.577747210701764e-06,7.577747210701764e-06,0.0499481885051902,0.0,0.10328771568232309,-2.461849275118648,-2.3809607926029317,0.10328771568232309
265.0,0.0,0.0,0.2447491910942455,4.741551746979417,7.61211741655488,48.9498382188491,1.0,0.0,7.557994693722203,0.06,0.0,False,0.0037247234187128262,0.2447491910942455,0.18623758218626615,0.07577747210701764,7.577747210701764e-06,7.577747210701764e-06,0.04895132192560601,0.0,-0.4223023124282932,-2.8705656695754627,-2.816442946742786,0.4223023124282932
266.0,0.0,0.0,0.28786806492377925,4.456512069630339,7.784701415915721,57.573612984755854,1.0,0.0,7.61143870272517,0.1,0.0,False,0.0037750107937583447,0.28786806492377925,0.1887519699917929,0.07577747210701764,7.577747210701764e-06,7.577747210701764e-06,0.05757535808467269,0.0,-0.2850396773490784,-3.3281893462853818,-3.1549266330948313,0.2850396773490784
267.0,0.0,0.0,0.31866538671022054,5.020075794970153,7.827945188815351,63.733077342044105,1.0,0.0,7.620341465788508,0.11,0.0,False,0.003723868279793013,0.31866538671022054,0.18619482491627415,0.07577747210701764,7.577747210701764e-06,7.577747210701764e-06,0.0637350091400016,0.0,0.5635637253398142,-2.8078693938451975,-2.600265670818355,0.5635637253398142
268.0,0.0,0.0,0.26487008757674735,5.75746300372629,7.69952882440882,52.974017515349466,1.0,0.0,7.643286675019806,0.07,0.0,False,0.0036791353879404983,0.26487008757674735,0.1839581633749211,0.07577747210701764,7.577747210701764e-06,7.577747210701764e-06,0.05297562319803583,0.0,0.7373872087561368,-1.9420658206825303,-1.8858236712935161,0.7373872087561368
269.0,0.0,0.0,0.19557403116446131,5.560780202965801,7.891957845739914,39.11480623289226,1.0,0.0,7.6688770266659905,0.34,0.0,False,0.0036364825262550763,0.19557403116446131,0.1818255041300198,0.07577747210701764,7.577747210701764e-06,7.577747210701764e-06,0.03911599183236337,0.0,-0.19668280076048905,-2.3311776427741133,-2.1080968237001896,0.19668280076048905
270.0,0.0,0.0,0.21868495891465467,5.452147416790332,7.904689603398386,43.736991782930936,1.0,0.0,7.713277415899358,0.15,0.0,False,0.0037341356695597,0.21868495891465473,0.18670819829479274,0.07577747210701764,7.577747210701764e-06,7.577747210701764e-06,0.04373831748435502,0.0,-0.10863278617546879,-2.4525421866080537,-2.261129999109026,0.10863278617546879
271.0,0.0,0.0,0.2322956691223296,5.374202252649402,7.921392455967693,46.45913382446592,1.0,0.0,7.747712649079218,0.05,0.0,False,0.003963299404898772,0.2322956691223296,0.19816647188898923,0.07577747210701764,7.577747210701764e-06,7.577747210701764e-06,0.046460542036081805,0.0,-0.07794516414092989,-2.5471902033182907,-2.3735103964298156,0.07794516414092989
272.0,0.0,0.0,0.24686674132135483,5.592109057740718,8.00445896659207,49.373348264270966,1.0,0.0,7.775192121906563,0.36,0.0,False,0.004161006135130491,0.24686674132135486,0.20805188330915628,0.07577747210701764,7.577747210701764e-06,7.577747210701764e-06,0.04937484480793886,0.0,0.21790680509131555,-2.4123499088513523,-2.183083064165845,0.21790680509131555
273.0,0.0,0.0,0.22903578483667972,6.204644033978486,8.066685666847263,45.80715696733594,1.0,0.0,7.8429632005509715,0.17,0.0,False,0.004115530012159486,0.22903578483667972,0.20577805993027778,0.07577747210701764,7.577747210701764e-06,7.577747210701764e-06,0.045808545417038334,0.0,0.6125349762377681,-1.8620416328687774,-1.6383191665724857,0.6125349762377681
274.0,0.0,0.0,0.16926883471501847,6.17482491133578,7.879955601650288,33.85376694300369,1.0,0.0,7.882553684871497,0.01,0.0,False,0.003893307018678235,0.16926883471501847,0.1946668260587318,0.07577747210701764,7.577747210701764e-06,7.577747210701764e-06,0.03385479307637998,0.0,-0.029819122642705587,-1.7051306903145074,-1.7077287735357167,0.029819122642705587
275.0,0.0,0.0,0.17448984236241763,5.592091909834101,7.86093977843806,34.89796847248353,1.0,0.0,7.897396514950675,0.05,0.0,False,0.0037924125260462506,0.17448984236241763,0.1896220631994846,0.07577747210701764,7.577747210701764e-06,7.577747210701764e-06,0.03489902625640088,0.0,-0.582733001501679,-2.2688478686039586,-2.3053046051165733,0.582733001501679
276.0,0.0,0.0,0.23529964506251314,5.775329330081704,7.861350104239601,47.05992901250263,1.0,0.0,7.919789446955767,0.02,0.0,False,0.0038290567726346936,0.23529964506251314,0.19145428941294862,0.07577747210701764,7.577747210701764e-06,7.577747210701764e-06,0.04706135543467676,0.0,0.18323742024760303,-2.0860207741578964,-2.144460116874063,0.18323742024760303
277.0,0.0,0.0,0.2189327458078127,5.03586206211397,7.941906397964821,43.78654916156254,1.0,0.0,7.945177512520683,0.06,0.0,False,0.0038355340935373565,0.21893274580781266,0.19177815791225675,0.07577747210701764,7.577747210701764e-06,7.577747210701764e-06,0.043787876365108384,0.0,-0.7394672679677345,-2.9060443358508508,-2.909315450406713,0.7394672679677345
278.0,0.0,0.0,0.29585213601036003,4.610546117021516,7.936284929455706,59.170427202072005,1.0,0.0,7.964739739010023,0.0,0.0,False,0.003772530539644404,0.29585213601036003,0.1886279563463588,0.07577747210701764,7.577747210701764e-06,7.577747210701764e-06,0.05917222070264,0.0,-0.4253159450924535,-3.3257388124341896,-3.3541936219885065,0.4253159450924535
279.0,0.0,0.0,0.3427085801262118,4.271696735947369,8.016882216741525,68.54171602524237,1.0,0.0,7.9944955168524885,-0.03,0.0,False,0.0038812926204468824,0.34270858012621175,0.1940661015950605,0.07577747210701764,7.577747210701764e-06,7.577747210701764e-06,0.06854379357668884,0.0,-0.3388493810741471,-3.745185480794156,-3.7227987809051193,0.3388493810741471
280.0,0.0,0.0,0.37932168390479,2.754931541869497,7.995737215807994,75.864336780958,1.0,0.0,8.037761766232988,-0.03,0.0,False,0.003795640833945143,0.37932168390479004,0.18978347981759422,0.07577747210701764,7.577747210701764e-06,7.577747210701764e-06,0.0758666362865986,0.0,-1.5167651940778724,-5.240805673938497,-5.282830224363491,1.5167651940778724
281.0,0.0,0.0,0.5296486578576921,2.724974100954773,7.896529160560577,105.92973157153841,1.0,0.0,8.065057295186874,0.02,0.0,False,0.003805800580169069,0.5296486578576921,0.19029147097818996,0.07577747210701764,7.577747210701764e-06,7.577747210701764e-06,0.1059329423821194,0.0,-0.029957440914723854,-5.171555059605804,-5.3400831942321005,0.029957440914723854
282.0,0.0,0.0,0.5341148727612296,2.486805994185954,7.965672174947937,106.82297455224592,1.0,0.0,8.0516187976284,-0.11,0.0,False,0.0039053692243526845,0.5341148727612297,0.19526994091267155,0.07577747210701764,7.577747210701764e-06,7.577747210701764e-06,0.10682621243769976,0.0,-0.23816810676881905,-5.478866180761983,-5.564812803442447,0.23816810676881905
283.0,0.0,0.0,0.5554897150059265,1.7490368431186383,7.855211087032117,111.0979430011853,1.0,0.0,8.066325197941428,0.1,0.0,False,0.003963253902531806,0.5554897150059265,0.19816419675340022,0.07577747210701764,7.577747210701764e-06,7.577747210701764e-06,0.11110131046417818,0.0,-0.7377691510673157,-6.106174243913479,-6.317288354822789,0.7377691510673157
284.0,0.0,0.0,0.6298475832621243,2.42264854516608,7.953463721459442,125.96951665242487,1.0,0.0,8.041913612277137,-0.01,0.0,False,0.003913797509018715,0.6298475832621243,0.19569135833934354,0.07577747210701764,7.577747210701764e-06,7.577747210701764e-06,0.12597333488410495,0.0,0.6736117020474417,-5.530815176293362,-5.619265067111057,0.6736117020474417
285.0,0.0,0.0,0.560598774282125,2.6264600547667167,7.85428592905581,112.119754856425,1.0,0.0,8.047751317028236,0.19,0.0,False,0.0036436866992980597,0.560598774282125,0.1821857155117393,0.07577747210701764,7.577747210701764e-06,7.577747210701764e-06,0.11212315329131092,0.0,0.20381150960063676,-5.227825874289094,-5.421291262261519,0.20381150960063676
286.0,0.0,0.0,0.5434921812014082,3.358389079839683,8.004425763647328,108.69843624028164,1.0,0.0,8.028848691777231,-0.08,0.0,False,0.0037211358266801262,0.5434921812014082,0.1860582012253378,0.07577747210701764,7.577747210701764e-06,7.577747210701764e-06,0.108701730972403,0.0,0.7319290250729664,-4.646036683807645,-4.670459611937548,0.7319290250729664
287.0,0.0,0.0,0.46914760777760883,2.4182719908392873,7.872773970857574,93.82952155552177,1.0,0.0,8.061587789098802,0.09,0.0,False,0.0038298823553663043,0.46914760777760883,0.19149556886233193,0.07577747210701764,7.577747210701764e-06,7.577747210701764e-06,0.09383236559955123,0.0,-0.9401170890003958,-5.4545019800182875,-5.643315798259515,0.9401170890003958
288.0,0.0,0.0,0.5652585428713692,3.327881843431226,7.973878494870365,113.05170857427385,1.0,0.0,8.050042911714579,-0.06,0.0,False,0.003899461996797698,0.5652585428713692,0.19497457729674825,0.07577747210701764,7.577747210701764e-06,7.577747210701764e-06,0.11305513525738446,0.0,0.9096098525919385,-4.645996651439139,-4.722161068283353,0.9096098525919385
289.0,0.0,0.0,0.476987953256221,3.207751032959037,7.930133639665808,95.3975906512442,1.0,0.0,8.071071588870304,-0.14,0.0,False,0.0038096945955031682,0.476987953256221,0.19048617322028816,0.07577747210701764,7.577747210701764e-06,7.577747210701764e-06,0.09540048222463836,0.0,-0.12013081047218899,-4.722382606706772,-4.863320555911267,0.12013081047218899
290.0,0.0,0.0,0.4886606254818655,3.511727133785168,7.910061187596561,97.7321250963731,1.0,0.0,8.097942100700047,0.09,0.0,False,0.003679891709475148,0.4886606254818655,0.18399597973821402,0.07577747210701764,7.577747210701764e-06,7.577747210701764e-06,0.09773508743127855,0.0,0.303976100826131,-4.398334053811393,-4.586214966914879,0.303976100826131
291.0,0.0,0.0,0.4599761054389269,3.8998035414727092,8.02013938559543,91.99522108778538,1.0,0.0,8.094542435112274,-0.07,0.0,False,0.003797542721128403,0.4599761054389269,0.18987857489735838,0.07577747210701764,7.577747210701764e-06,7.577747210701764e-06,0.09199800953277515,0.0,0.38807640768754137,-4.120335844122721,-4.194738893639565,0.38807640768754137
292.0,0.0,0.0,0.4219066950578039,3.658826349474094,8.023350990430636,84.38133901156078,1.0,0.0,8.111662467306934,-0.13,0.0,False,0.003936000897620793,0.4219066950578039,0.19680153618203058,0.07577747210701764,7.577747210701764e-06,7.577747210701764e-06,0.08438389667400471,0.0,-0.24097719199861523,-4.364524640956542,-4.45283611783284,0.24097719199861523
293.0,0.0,0.0,0.4448449475531328,3.9253486552128884,7.959358290348974,88.96898951062656,1.0,0.0,8.119030347164827,-0.08,0.0,False,0.004022407746552297,0.4448449475531328,0.20112191136706886,0.07577747210701764,7.577747210701764e-06,7.577747210701764e-06,0.08897168622823984,0.0,0.26652230573879443,-4.034009635136085,-4.193681691951939,0.26652230573879443
294.0,0.0,0.0,0.4164502871236617,3.8141508283137617,7.941053802563328,83.29005742473234,1.0,0.0,8.107444371133443,-0.07,0.0,False,0.004312806708588952,0.4164502871236617,0.21564196949739775,0.07577747210701764,7.577747210701764e-06,7.577747210701764e-06,0.08329258200960292,0.0,-0.11119782689912672,-4.126902974249566,-4.293293542819681,0.11119782689912672
295.0,0.0,0.0,0.42708326943686453,4.04777882414917,7.915129397807326,85.4166538873729,1.0,0.0,8.090009314199584,0.08,0.0,False,0.004264842428694846,0.4270832694368646,0.2132437373296333,0.07577747210701764,7.577747210701764e-06,7.577747210701764e-06,0.08541924293099667,0.0,0.2336279958354086,-3.8673505736581557,-4.042230490050414,0.2336279958354086
296.0,0.0,0.0,0.40261967618465067,4.250527240049359,7.7832650528385825,80.52393523693013,1.0,0.0,8.085145339135089,0.08,0.0,False,0.0043162917731307,0.4026196761846507,0.21581622404493228,0.07577747210701764,7.577747210701764e-06,7.577747210701764e-06,0.08052637597853728,0.0,0.20274841590018866,-3.5327378127892235,-3.8346180990857297,0.20274841590018866
297.0,0.0,0.0,0.381943502965389,4.302625860891272,7.8183974048200895,76.3887005930778,1.0,0.0,8.074128133502082,0.06,0.0,False,0.004166594059184572,0.381943502965389,0.2083312816290541,0.07577747210701764,7.577747210701764e-06,7.577747210701764e-06,0.07639101599258362,0.0,0.05209862084191297,-3.5157715439288175,-3.7715022726108103,0.05209862084191297
298.0,0.0,0.0,0.37410677137654536,4.903205539617767,7.850542131286816,74.82135427530908,1.0,0.0,8.070106983268957,0.15,0.0,False,0.003932460258225061,0.37410677137654536,0.1966245028707406,0.07577747210701764,7.577747210701764e-06,7.577747210701764e-06,0.07482362216735813,0.0,0.6005796787264952,-2.947336591669049,-3.1669014436511898,0.6005796787264952
299.0,0.0,0.0,0.31151315162700294,5.239314985022305,7.665616928283297,62.302630325400585,1.0,0.0,8.043835318983888,0.23,0.0,False,0.0039644200319687295,0.31151315162700294,0.19822250366707841,0.07577747210701764,7.577747210701764e-06,7.577747210701764e-06,0.06230451876542308,0.0,0.3361094454045377,-2.4263019432609925,-2.804520333961583,0.3361094454045377
300.0,0.0,0.0,0.2791067737435728,4.186966081433533,7.777312086690581,55.82135474871456,1.0,0.0,8.018455084283586,-0.14,0.0,False,0.0038711159403598647,0.2791067737435728,0.19355726373489415,0.07577747210701764,7.577747210701764e-06,7.577747210701764e-06,0.055823046736354034,0.0,-1.052348903588772,-3.5903460052570484,-3.831489002850053,1.052348903588772
301.0,0.0,0.0,0.382350351407311,3.719054640492498,7.821712801405656,76.4700702814622,1.0,0.0,8.03048847248684,0.21,0.0,False,0.00396126394125721,0.382350351407311,0.19806469793569956,0.07577747210701764,7.577747210701764e-06,7.577747210701764e-06,0.07647238814734504,0.0,-0.46791144094103476,-4.102658160913158,-4.311433831994343,0.46791144094103476
302.0,0.0,0.0,0.4279272714208126,3.915314253599463,7.775435490225729,85.58545428416252,1.0,0.0,8.010614463222083,0.02,0.0,False,0.003952399675620388,0.4279272714208126,0.1976214812953003,0.07577747210701764,7.577747210701764e-06,7.577747210701764e-06,0.08558804844425447,0.0,0.19625961310696516,-3.860121236626266,-4.09530020962262,0.19625961310696516
303.0,0.0,0.0,0.407664561934522,3.9601718065595484,7.722666814499242,81.5329123869044,1.0,0.0,7.99848949093499,0.09,0.0,False,0.004090876753622332,0.407664561934522,0.20454538766261235,0.07577747210701764,7.577747210701764e-06,7.577747210701764e-06,0.08153538371137493,0.0,0.0448575529600852,-3.7624950079396933,-4.038317684375441,0.0448575529600852
304.0,0.0,0.0,0.40291416656336204,3.8712525291170126,7.738315653340887,80.5828333126724,1.0,0.0,7.992114331894535,-0.05,0.0,False,0.004128550208953993,0.4029141665633621,0.20642907470319136,0.07577747210701764,7.577747210701764e-06,7.577747210701764e-06,0.08058527583952493,0.0,-0.0889192774425358,-3.8670631242238747,-4.120861802777522,0.0889192774425358
305.0,0.0,0.0,0.4119525644569933,3.8544971554868503,7.859413592266083,82.39051289139866,1.0,0.0,7.989466131278256,-0.03,0.0,False,0.004177357153626334,0.4119525644569933,0.2088694404291428,0.07577747210701764,7.577747210701764e-06,7.577747210701764e-06,0.08239301021039154,0.0,-0.016755373630162218,-4.004916436779233,-4.134968975791406,0.016755373630162218
306.0,0.0,0.0,0.4146926455992236,4.589017295736926,7.837998793240568,82.93852911984472,1.0,0.0,7.990934257306755,0.06,0.0,False,0.004070351561010247,0.4146926455992236,0.2035191202552716,0.07577747210701764,7.577747210701764e-06,7.577747210701764e-06,0.0829410430496255,0.0,0.7345201402500754,-3.2489814975036424,-3.401916961569829,0.7345201402500754
307.0,0.0,0.0,0.3421505332107963,5.296178551260879,7.953054887276958,68.43010664215926,1.0,0.0,8.001580733281006,-0.02,0.0,False,0.00391201595728169,0.34215053321079636,0.19560228007748487,0.07577747210701764,7.577747210701764e-06,7.577747210701764e-06,0.06843218081064062,0.0,0.7071612555239533,-2.6568763360160794,-2.7054021820201273,0.7071612555239533
308.0,0.0,0.0,0.27353109556491195,4.906596660155394,7.951157886459503,54.70621911298239,1.0,0.0,8.010652264357319,-0.11,0.0,False,0.003997596275544868,0.2735310955649119,0.1998813284159448,0.07577747210701764,7.577747210701764e-06,7.577747210701764e-06,0.05470787730001418,0.0,-0.38958189110548513,-3.0445612263041095,-3.1040556042019247,0.38958189110548513
309.0,0.0,0.0,0.3117384341039386,4.834586521821125,7.8934817912289015,62.34768682078772,1.0,0.0,8.031593144384818,-0.02,0.0,False,0.00414694367959339,0.3117384341039386,0.20734875520421453,0.07577747210701764,7.577747210701764e-06,7.577747210701764e-06,0.06234957662650679,0.0,-0.07201013833426906,-3.0588952694077767,-3.197006622563693,0.07201013833426906
310.0,0.0,0.0,0.3215563645291728,4.601844214169035,8.240820718942231,64.31127290583456,1.0,0.0,8.024099114947251,0.13,0.0,False,0.004109938767999159,0.3215563645291728,0.20549849560380964,0.07577747210701764,7.577747210701764e-06,7.577747210701764e-06,0.06431322222933854,0.0,-0.2327423076520896,-3.638976504773196,-3.422254900778216,0.2327423076520896
311.0,0.0,0.0,0.3462490924507927,4.6404699882985225,8.034981837013651,69.24981849015855,1.0,0.0,8.050272000755069,0.09,0.0,False,0.004047192755344205,0.3462490924507927,0.20236117119739086,0.07577747210701764,7.577747210701764e-06,7.577747210701764e-06,0.0692519175047283,0.0,0.03862577412948731,-3.394511848715129,-3.409802012456546,0.03862577412948731
312.0,0.0,0.0,0.3412079248509226,5.0988461824198685,7.961698138586714,68.24158497018452,1.0,0.0,8.064466328081686,-0.01,0.0,False,0.00402237018036102,0.3412079248509226,0.20112003304327172,0.07577747210701764,7.577747210701764e-06,7.577747210701764e-06,0.06824365342443088,0.0,0.458376194121346,-2.8628519561668453,-2.965620145661817,0.458376194121346
313.0,0.0,0.0,0.29685744242769174,5.396257878949412,8.067816666438427,59.37148848553834,1.0,0.0,8.052678516177785,0.15,0.0,False,0.003887078637084133,0.29685744242769174,0.19435540461917158,0.07577747210701764,7.577747210701764e-06,7.577747210701764e-06,0.05937328808042648,0.0,0.2974116965295437,-2.6715587874890145,-2.656420637228373,0.2974116965295437
314.0,0.0,0.0,0.2719173539690179,5.3599166721078575,8.257973812771661,54.383470793803575,1.0,0.0,8.0675330822296,0.24,0.0,False,0.00385425901867396,0.2719173539690179,0.19271441126372443,0.07577747210701764,7.577747210701764e-06,7.577747210701764e-06,0.0543851191980888,0.0,-0.03634120684155473,-2.898057140663804,-2.7076164101217426,0.03634120684155473
315.0,0.0,0.0,0.2800142039080205,5.670413206150547,8.484050230874335,56.00284078160411,1.0,0.0,8.115534444688118,0.3,0.0,False,0.00394645624550335,0.2800142039080205,0.19732430753755772,0.07577747210701764,7.577747210701764e-06,7.577747210701764e-06,0.05600453827022301,0.0,0.31049653404268973,-2.8136370247237874,-2.4451212385375705,0.31049653404268973
316.0,0.0,0.0,0.2563278031106141,5.562215598926732,8.513314831231078,51.26556062212282,1.0,0.0,8.160164805030691,0.42,0.0,False,0.003858681652347612,0.25632780311061404,0.19293554462308704,0.07577747210701764,7.577747210701764e-06,7.577747210701764e-06,0.05126711452018376,0.0,-0.10819760722381488,-2.9510992323043457,-2.5979492061039586,0.10819760722381488
317.0,0.0,0.0,0.27382055338248534,5.477296397393146,8.522950595673997,54.76411067649707,1.0,0.0,8.233788356621437,0.5,0.0,False,0.00391118732328985,0.27382055338248534,0.195560848063934,0.07577747210701764,7.577747210701764e-06,7.577747210701764e-06,0.0547657706182661,0.0,-0.08491920153358645,-3.045654198280851,-2.756491959228291,0.08491920153358645
318.0,0.0,0.0,0.2843295971991232,5.407107032457364,8.537218689797987,56.865919439824644,1.0,0.0,8.300524879898314,0.17,0.0,False,0.003905728354431149,0.2843295971991232,0.1952878975526646,0.07577747210701764,7.577747210701764e-06,7.577747210701764e-06,0.05686764308901289,0.0,-0.0701893649357821,-3.130111657340623,-2.8934178474409498,0.0701893649357821
319.0,0.0,0.0,0.2972161120951673,5.4649635458055705,8.60556576189995,59.44322241903346,1.0,0.0,8.32070009827498,0.43,0.0,False,0.004088235418393147,0.2972161120951673,0.20441331990038425,0.07577747210701764,7.577747210701764e-06,7.577747210701764e-06,0.059445024188231575,0.0,0.05785651334820674,-3.140602216094379,-2.855736552469409,0.05785651334820674
320.0,0.0,0.0,0.29512768728459576,5.564436837783682,8.587845625475502,59.02553745691915,1.0,0.0,8.379380764837254,0.22,0.0,False,0.004081951182907911,0.29512768728459576,0.2040991057451051,0.07577747210701764,7.577747210701764e-06,7.577747210701764e-06,0.05902732656576898,0.0,0.09947329197811161,-3.02340878769182,-2.814943927053572,0.09947329197811161
321.0,0.0,0.0,0.2896604036087484,6.219678690105819,8.51298693822522,57.93208072174968,1.0,0.0,8.416352238801982,0.15,0.0,False,0.003989057860908665,0.28966040360874845,0.19945440444903723,0.07577747210701764,7.577747210701764e-06,7.577747210701764e-06,0.05793383668709576,0.0,0.6552418523221366,-2.293308248119401,-2.1966735486961637,0.6552418523221366
322.0,0.0,0.0,0.22700657717394016,5.5592735873317025,8.57431011840985,45.40131543478803,1.0,0.0,8.46115062253694,-0.09,0.0,False,0.004114383847663565,0.22700657717394016,0.20572075127121456,0.07577747210701764,7.577747210701764e-06,7.577747210701764e-06,0.04540269158312548,0.0,-0.6604051027741162,-3.015036531078147,-2.9018770352052368,0.6604051027741162
323.0,0.0,0.0,0.3000117472880583,4.850316170216397,8.693980167629594,60.00234945761166,1.0,0.0,8.489830471768068,0.27,0.0,False,0.004158148364083983,0.3000117472880583,0.20790899367405755,0.07577747210701764,7.577747210701764e-06,7.577747210701764e-06,0.06000416817437478,0.0,-0.7089574171153057,-3.8436639974131968,-3.639514301551671,0.7089574171153057
324.0,0.0,0.0,0.37762890630610363,5.570756846050755,8.822476328225191,75.52578126122073,1.0,0.0,8.559504730871343,0.28,0.0,False,0.00412785082664916,0.37762890630610363,0.20639410532296226,0.07577747210701764,7.577747210701764e-06,7.577747210701764e-06,0.0755280705049865,0.0,0.7204406758343582,-3.251719482174436,-2.9887478848205875,0.7204406758343582
325.0,0.0,0.0,0.3067608494045919,5.173973313910252,8.664273271434794,61.35216988091838,1.0,0.0,8.626748312097002,-0.08,0.0,False,0.004386442436599215,0.3067608494045919,0.21932378379755763,0.07577747210701764,7.577747210701764e-06,7.577747210701764e-06,0.061354029511763254,0.0,-0.3967835321405033,-3.4902999575245426,-3.45277499818675,0.3967835321405033
326.0,0.0,0.0,0.3477693774195719,5.1507663010582325,8.689187344066436,69.55387548391438,1.0,0.0,8.638481567905218,-0.1,0.0,False,0.00449847707132835,0.3477693774195719,0.22492555798252148,0.07577747210701764,7.577747210701764e-06,7.577747210701764e-06,0.06955598371468244,0.0,-0.023207012852019204,-3.5384210430082037,-3.487715266846986,0.023207012852019204
327.0,0.0,0.0,0.3536521170559421,5.195667179168533,8.722804692051014,70.73042341118841,1.0,0.0,8.651798853527453,0.19,0.0,False,0.004315197646691335,0.3536521170559421,0.21576151730841328,0.07577747210701764,7.577747210701764e-06,7.577747210701764e-06,0.07073256730401734,0.0,0.04490087811030019,-3.527137512882481,-3.45613167435892,0.04490087811030019
328.0,0.0,0.0,0.3514473164855598,5.536864038583524,8.667690263341886,70.28946329711196,1.0,0.0,8.687421465934829,0.09,0.0,False,0.004099540708478632,0.3514473164855598,0.20497858868808996,0.07577747210701764,7.577747210701764e-06,7.577747210701764e-06,0.07029159382410508,0.0,0.34119685941499167,-3.130826224758361,-3.1505574273513046,0.34119685941499167
329.0,0.0,0.0,0.32080416757742797,5.548087602394654,8.742702266899444,64.16083351548559,1.0,0.0,8.710273502970237,0.07,0.0,False,0.003980065169846879,0.32080416757742797,0.19900476648873092,0.07577747210701764,7.577747210701764e-06,7.577747210701764e-06,0.06416277827905743,0.0,0.011223563811129544,-3.1946146645047904,-3.162185900575583,0.011223563811129544
330.0,0.0,0.0,0.31972571691795026,5.746892428616629,8.796584776631908,63.94514338359006,1.0,0.0,8.745027263002102,0.11,0.0,False,0.003834541467015727,0.3197257169179503,0.19172852621008163,0.07577747210701764,7.577747210701764e-06,7.577747210701764e-06,0.06394708160943026,0.0,0.19880482622197526,-3.049692348015279,-2.998134834385473,0.19880482622197526
331.0,0.0,0.0,0.30283117547805466,5.825889582926335,8.717792468047111,60.566235095610935,1.0,0.0,8.745465911607132,-0.02,0.0,False,0.003848392278491079,0.30283117547805466,0.19242107203174671,0.07577747210701764,7.577747210701764e-06,7.577747210701764e-06,0.06056807090417582,0.0,0.07899715430970566,-2.8919028851207766,-2.9195763286807974,0.07899715430970566
332.0,0.0,0.0,0.29705622005004445,6.450333845324081,8.61753269619937,59.411244010008886,1.0,0.0,8.775318922301938,-0.18,0.0,False,0.004036584667721779,0.29705622005004445,0.2018307627969992,0.07577747210701764,7.577747210701764e-06,7.577747210701764e-06,0.05941304480991715,0.0,0.6244442623977458,-2.16719885087529,-2.3249850769778577,0.6244442623977458
333.0,0.0,0.0,0.2328772379065226,6.73190690793932,8.570521242974863,46.575447581304516,1.0,0.0,8.79656433427392,0.09,0.0,False,0.003981000805680426,0.2328772379065226,0.1990515486349088,0.07577747210701764,7.577747210701764e-06,7.577747210701764e-06,0.04657685931847867,0.0,0.28157306261523907,-1.838614335035543,-2.064657426334601,0.28157306261523907
334.0,0.0,0.0,0.20420884880716098,7.41679661682633,8.676139700738725,40.8417697614322,1.0,0.0,8.779194458631304,-0.03,0.0,False,0.0041149292325639904,0.20420884880716095,0.20574802072287524,0.07577747210701764,7.577747210701764e-06,7.577747210701764e-06,0.04084300770647888,0.0,0.6848897088870105,-1.2593430839123947,-1.3623978418049738,0.6848897088870105
335.0,0.0,0.0,0.13555598296230123,7.227341895046288,8.610424557259913,27.111196592460246,1.0,0.0,8.77407276816265,-0.01,0.0,False,0.0041008133175101805,0.13555598296230123,0.20504221962184294,0.07577747210701764,7.577747210701764e-06,7.577747210701764e-06,0.027112018353410552,0.0,-0.1894547217800424,-1.3830826622136252,-1.5467308731163625,0.1894547217800424
336.0,0.0,0.0,0.15876008606048309,6.9736591451222045,8.80816785038099,31.752017212096618,1.0,0.0,8.772407806897931,0.05,0.0,False,0.003893695162536519,0.15876008606048309,0.1946862333987088,0.07577747210701764,7.577747210701764e-06,7.577747210701764e-06,0.031752979639843006,0.0,-0.25368274992408324,-1.8345087052587852,-1.7987486617757265,0.25368274992408324
337.0,0.0,0.0,0.1873505505090095,7.07405022537703,8.934307803110368,37.4701101018019,1.0,0.0,8.815002907841084,0.03,0.0,False,0.004014322721794108,0.1873505505090095,0.20071765706584577,0.07577747210701764,7.577747210701764e-06,7.577747210701764e-06,0.03747124584928469,0.0,0.10039108025482513,-1.8602575777333383,-1.7409526824640542,0.10039108025482513
338.0,0.0,0.0,0.1807083471037721,6.722960394007243,9.024270020767824,36.14166942075442,1.0,0.0,8.847235634967875,0.16,0.0,False,0.003937574229720417,0.1807083471037721,0.1968802033831277,0.07577747210701764,7.577747210701764e-06,7.577747210701764e-06,0.036142764902191676,0.0,-0.35108983136978633,-2.301309626760581,-2.124275240960632,0.35108983136978633
339.0,0.0,0.0,0.2178520042493758,7.086498145401068,8.973193359274944,43.57040084987516,1.0,0.0,8.88120216452341,0.0,0.0,False,0.004106481653463184,0.21785200424937584,0.2053256385671539,0.07577747210701764,7.577747210701764e-06,7.577747210701764e-06,0.043571721501801594,0.0,0.3635377513938245,-1.8866952138738764,-1.7947040191223422,0.3635377513938245
340.0,0.0,0.0,0.18349824199317788,7.401036369939,9.04412331057898,36.699648398635574,1.0,0.0,8.901562977871876,0.12,0.0,False,0.004177998826596476,0.18349824199317788,0.2089015243207715,0.07577747210701764,7.577747210701764e-06,7.577747210701764e-06,0.036700760792839245,0.0,0.314538224537932,-1.6430869406399804,-1.5005266079328763,0.314538224537932
341.0,0.0,0.0,0.1555442004693684,7.131291679216938,9.011880624990008,31.10884009387368,1.0,0.0,8.921550090497416,0.04,0.0,False,0.0041361701393557064,0.1555442004693684,0.20681007411037214,0.07577747210701764,7.577747210701764e-06,7.577747210701764e-06,0.031109783026433347,0.0,-0.269744690722062,-1.88058894577307,-1.7902584112804778,0.269744690722062
342.0,0.0,0.0,0.18522761116955708,6.945564386881605,9.219158981171178,37.04552223391141,1.0,0.0,8.956537308364243,0.22,0.0,False,0.0041125932951141765,0.18522761116955708,0.20563122296532735,0.07577747210701764,7.577747210701764e-06,7.577747210701764e-06,0.0370466451118136,0.0,-0.1857272923353328,-2.2735945942895732,-2.0109729214826384,0.1857272923353328
343.0,0.0,0.0,0.20904967643016065,6.662490167630119,9.246332148394371,41.80993528603213,1.0,0.0,8.9836379713132,0.31,0.0,False,0.004059788314185407,0.20904967643016062,0.202990953911749,0.07577747210701764,7.577747210701764e-06,7.577747210701764e-06,0.04181120257691085,0.0,-0.28307421925148635,-2.5838419807642525,-2.3211478036830817,0.28307421925148635
344.0,0.0,0.0,0.23736841718383203,8.10647250386538,9.135188859284948,47.47368343676641,1.0,0.0,9.036140357463333,-0.03,0.0,False,0.004081425688906089,0.23736841718383203,0.20407283084591094,0.07577747210701764,7.577747210701764e-06,7.577747210701764e-06,0.04747512240015124,0.0,1.443982336235261,-1.0287163554195686,-0.9296678535979535,1.443982336235261
345.0,0.0,0.0,0.09272296855532342,7.123507116294711,8.894418091355238,18.54459371106468,1.0,0.0,9.036264275361498,-0.02,0.0,False,0.00402784442991761,0.09272296855532339,0.2013937475952252,0.07577747210701764,7.577747210701764e-06,7.577747210701764e-06,0.018545155811778277,0.0,-0.982965387570669,-1.7709109750605272,-1.9127571590667873,0.982965387570669
346.0,0.0,0.0,0.19318184943938288,6.8951296294924145,8.82908166097378,38.636369887876576,1.0,0.0,9.03373732097943,-0.17,0.0,False,0.003978006664380806,0.19318184943938288,0.19890184043548553,0.07577747210701764,7.577747210701764e-06,7.577747210701764e-06,0.03863754098557885,0.0,-0.2283774868022963,-1.9339520314813647,-2.1386076914870156,0.2283774868022963
347.0,0.0,0.0,0.21355971713618596,6.525186308890119,8.82565975754107,42.711943427237195,1.0,0.0,9.055398804849576,0.14,0.0,False,0.0036580060296697724,0.21355971713618602,0.18290168745573804,0.07577747210701764,7.577747210701764e-06,7.577747210701764e-06,0.042713238058667446,0.0,-0.36994332060229507,-2.3004734486509504,-2.5302124959594563,0.36994332060229507
348.0,0.0,0.0,0.25007506300063714,6.325118971743343,8.873339297449373,50.01501260012743,1.0,0.0,9.030807715931815,0.02,0.0,False,0.003640613338123574,0.25007506300063714,0.1820320462885571,0.07577747210701764,7.577747210701764e-06,7.577747210701764e-06,0.05001652859312847,0.0,-0.20006733714677605,-2.54822032570603,-2.705688744188471,0.20006733714677605
349.0,0.0,0.0,0.27174906523256975,5.950535126061782,8.88684355649396,54.34981304651395,1.0,0.0,9.026031689177044,-0.07,0.0,False,0.003743903298744781,0.27174906523256975,0.1871965834548781,0.07577747210701764,7.577747210701764e-06,7.577747210701764e-06,0.054351460430607304,0.0,-0.37458384568156156,-2.9363084304321774,-3.075496563115262,0.37458384568156156
350.0,0.0,0.0,0.3083699960995445,6.011551317792836,8.826641981284244,61.6739992199089,1.0,0.0,9.042712586355092,-0.03,0.0,False,0.003814318018184864,0.3083699960995445,0.19071734610612942,0.07577747210701764,7.577747210701764e-06,7.577747210701764e-06,0.061675868605645355,0.0,0.06101619173105455,-2.8150906634914072,-3.031161268562256,0.06101619173105455
351.0,0.0,0.0,0.3009846017517921,6.5614529939687785,8.824841575271307,60.19692035035842,1.0,0.0,9.034351924551114,-0.02,0.0,False,0.003925013617774697,0.3009846017517921,0.1962521680267845,0.07577747210701764,7.577747210701764e-06,7.577747210701764e-06,0.060198744964713,0.0,0.5499016761759421,-2.2633885813025287,-2.4728989305823355,0.5499016761759421
352.0,0.0,0.0,0.2458046915920053,7.105991878752967,8.727887548309416,49.16093831840106,1.0,0.0,9.021511374572073,0.03,0.0,False,0.00397617819858274,0.24580469159200524,0.1988104164527997,0.07577747210701764,7.577747210701764e-06,7.577747210701764e-06,0.04916242842376224,0.0,0.5445388847841883,-1.6218956695564497,-1.9155194958191064,0.5445388847841883
353.0,0.0,0.0,0.1910093498972102,7.577443981950586,8.866966155542569,38.20186997944204,1.0,0.0,9.019593042179633,0.04,0.0,False,0.003957435277617123,0.1910093498972102,0.19787326330306296,0.07577747210701764,7.577747210701764e-06,7.577747210701764e-06,0.03820302790712224,0.0,0.47145210319761954,-1.2895221735919824,-1.4421490602290463,0.47145210319761954
354.0,0.0,0.0,0.1445118536720831,7.487273274034507,8.803648069286703,28.90237073441662,1.0,0.0,9.016157748753487,-0.03,0.0,False,0.003919272129815789,0.1445118536720831,0.1959650914534619,0.07577747210701764,7.577747210701764e-06,7.577747210701764e-06,0.02890324678721495,0.0,-0.09017070791607917,-1.3163747952521963,-1.5288844747189803,0.09017070791607917
355.0,0.0,0.0,0.1544706138871431,6.671620390511981,8.87329277829993,30.894122777428617,1.0,0.0,9.02261727238622,0.01,0.0,False,0.003972804308923003,0.15447061388714312,0.19864172069148864,0.07577747210701764,7.577747210701764e-06,7.577747210701764e-06,0.030895059201743416,0.0,-0.8156528835225263,-2.2016723877879496,-2.3509968818742397,0.8156528835225263
356.0,0.0,0.0,0.2363779921208089,7.216025108832343,8.941988693567637,47.27559842416178,1.0,0.0,9.032037939869113,-0.1,0.0,False,0.004115444290060244,0.23637799212080893,0.2057737737928367,0.07577747210701764,7.577747210701764e-06,7.577747210701764e-06,0.047277031383439506,0.0,0.5444047183203624,-1.725963584735294,-1.8160128310367698,0.5444047183203624
357.0,0.0,0.0,0.18190291764393363,7.418274887623824,8.843043950286772,36.38058352878672,1.0,0.0,9.03548987235359,0.1,0.0,False,0.003910112735026573,0.18190291764393363,0.1955071182436222,0.07577747210701764,7.577747210701764e-06,7.577747210701764e-06,0.03638168625189197,0.0,0.20224977879148032,-1.4247690626629481,-1.6172149847297668,0.20224977879148032
358.0,0.0,0.0,0.1616119078083222,8.1651418552069,8.998778821764969,32.32238156166444,1.0,0.0,9.035123205988016,0.02,0.0,False,0.003825344176138596,0.1616119078083222,0.19126865818148778,0.07577747210701764,7.577747210701764e-06,7.577747210701764e-06,0.03232336127758726,0.0,0.7468669675830757,-0.8336369665580694,-0.8699813507811172,0.7468669675830757
359.0,0.0,0.0,0.08853437389232609,7.580632505585722,9.033067581328662,17.706874778465217,1.0,0.0,9.034455198416225,-0.01,0.0,False,0.0037744111113526893,0.08853437389232609,0.18872198564429798,0.07577747210701764,7.577747210701764e-06,7.577747210701764e-06,0.01770741148728201,0.0,-0.5845093496211771,-1.4524350757429403,-1.453822692830503,0.5845093496211771
360.0,0.0,0.0,0.14866638425823644,8.916659783872554,8.981236464246807,29.73327685164729,1.0,0.0,9.0505191386854,0.02,0.0,False,0.003520461575196827,0.14866638425823644,0.17602441261823543,0.07577747210701764,7.577747210701764e-06,7.577747210701764e-06,0.029734178089840815,0.0,1.3360272782868314,-0.06457668037425357,-0.13385935481284683,1.3360272782868314
361.0,0.0,0.0,0.013539906304809222,8.573382731235922,8.9158280085253,2.7079812609618443,1.0,0.0,9.067352675982017,0.12,0.0,False,0.003339426370356699,0.013539906304809222,0.1669725837842781,0.07577747210701764,7.577747210701764e-06,7.577747210701764e-06,0.0027080633419296406,0.0,-0.34327705263663155,-0.3424452772893787,-0.49396994474609457,0.34327705263663155
362.0,0.0,0.0,0.04824298975903299,8.507274802121058,9.041078042238574,9.648597951806599,1.0,0.0,9.052063977020008,-0.12,0.0,False,0.003535882874267442,0.04824298975903299,0.17679548341470147,0.07577747210701764,7.577747210701764e-06,7.577747210701764e-06,0.009648890408135297,0.0,-0.06610792911486385,-0.5338032401175159,-0.5447891748989502,0.06610792911486385
363.0,0.0,0.0,0.059348390466919164,8.211203943732976,9.164339699280095,11.869678093383833,1.0,0.0,9.055830907485307,0.23,0.0,False,0.003495282717960317,0.059348390466919164,0.17476546021645917,0.07577747210701764,7.577747210701764e-06,7.577747210701764e-06,0.011870037872337764,0.0,-0.29607085838808267,-0.9531357555471196,-0.8446269637523312,0.29607085838808267
364.0,0.0,0.0,0.09389871741409066,7.973312220526418,9.3517604752055,18.77974348281813,1.0,0.0,9.100781193145266,0.38,0.0,False,0.0036704252394794733,0.09389871741409066,0.1835226526517047,0.07577747210701764,7.577747210701764e-06,7.577747210701764e-06,0.018780312711099825,0.0,-0.23789172320655716,-1.378448254679082,-1.127468972618848,0.23789172320655716
365.0,0.0,0.0,0.12298027584129151,7.81125443977656,9.402718064061636,24.596055168258303,1.0,0.0,9.15022669491108,0.3,0.0,False,0.0037432001757379966,0.1229802758412915,0.18716142703813432,0.07577747210701764,7.577747210701764e-06,7.577747210701764e-06,0.02459680069336266,0.0,-0.16205778074985844,-1.5914636242850762,-1.3389722551345198,0.16205778074985844
366.0,0.0,0.0,0.14259089800145047,7.737672927447929,9.394110856603069,28.518179600290097,1.0,0.0,9.203161574611444,0.06,0.0,False,0.004129927940921348,0.14259089800145047,0.20649796182356414,0.07577747210701764,7.577747210701764e-06,7.577747210701764e-06,0.028519044007963488,0.0,-0.07358151232863097,-1.6564379291551399,-1.4654886471635153,0.07358151232863097
367.0,0.0,0.0,0.1523174782098209,8.159274589967431,9.29819698269035,30.463495641964176,1.0,0.0,9.237217445680043,0.01,0.0,False,0.0040237290302549585,0.1523174782098209,0.20118797605281966,0.07577747210701764,7.577747210701764e-06,7.577747210701764e-06,0.03046441901364359,0.0,0.42160166251950226,-1.1389223927229182,-1.077942855712612,0.42160166251950226
368.0,0.0,0.0,0.11313390387964312,8.637770946053998,9.358567397560885,22.626780775928623,1.0,0.0,9.260905420713419,0.21,0.0,False,0.0037443456591544472,0.11313390387964312,0.18721870164296606,0.07577747210701764,7.577747210701764e-06,7.577747210701764e-06,0.022627466610831166,0.0,0.47849635608656627,-0.720796451506887,-0.6231344746594214,0.47849635608656627
369.0,0.0,0.0,0.07202000769701072,8.504135898829212,9.458657158282396,14.404001539402145,1.0,0.0,9.29065649377009,0.27,0.0,False,0.003908738147261283,0.07202000769701072,0.1954383883345438,0.07577747210701764,7.577747210701764e-06,7.577747210701764e-06,0.014404438135623667,0.0,-0.1336350472247858,-0.954521259453184,-0.7865205949408782,0.1336350472247858
370.0,0.0,0.0,0.08948401688997494,9.02648209712525,9.508901089066411,17.89680337799499,1.0,0.0,9.357998310494725,0.1,0.0,False,0.003929200832908332,0.08948401688997493,0.19646153036994915,0.07577747210701764,7.577747210701764e-06,7.577747210701764e-06,0.017897345843691816,0.0,0.522346198296038,-0.4824189919411612,-0.33151621336947557,0.522346198296038
371.0,0.0,0.0,0.04147946804451139,9.084059299012885,9.638734463933812,8.29589360890228,1.0,0.0,9.39900997209193,0.28,0.0,False,0.0038491144932160945,0.04147946804451139,0.19245718304163545,0.07577747210701764,7.577747210701764e-06,7.577747210701764e-06,0.008296145063735431,0.0,0.05757720188763571,-0.5546751649209263,-0.31495067307904456,0.05757720188763571
372.0,0.0,0.0,0.04070314940903527,9.144676960641863,9.692709614595106,8.140629881807055,1.0,0.0,9.441292493616526,0.24,0.0,False,0.0038092876129978055,0.04070314940903527,0.19046582394081948,0.07577747210701764,7.577747210701764e-06,7.577747210701764e-06,0.00814087663047877,0.0,0.06061766162897797,-0.5480326539532427,-0.2966155329746627,0.06061766162897797
373.0,0.0,0.0,0.03778173784523324,8.833843246302534,9.706205934883812,7.556347569046648,1.0,0.0,9.491106215012083,0.17,0.0,False,0.0039863776521665666,0.03778173784523324,0.19932039299643503,0.07577747210701764,7.577747210701764e-06,7.577747210701764e-06,0.007556576607677902,0.0,-0.3108337143393296,-0.8723626885812781,-0.6572629687095493,0.3108337143393296
374.0,0.0,0.0,0.07211175695247844,9.615567085112318,9.61125441398915,14.422351390495688,1.0,0.0,9.522508654117125,0.06,0.0,False,0.004018523263837984,0.07211175695247844,0.20092768575957184,0.07577747210701764,7.577747210701764e-06,7.577747210701764e-06,0.01442278854291513,0.0,0.7817238388097838,0.0043126711231682435,0.09305843099519251,0.7817238388097838
375.0,0.0,0.0,-0.00035550886948692705,9.908783177221476,9.887633695035268,-0.07110177389738541,1.0,0.0,9.554988138060573,0.51,0.0,False,0.0038867402895919347,0.003041039566721197,0.19433848711636614,0.07577747210701764,7.577747210701764e-06,7.577747210701764e-06,-7.110392904612948e-05,0.0,0.29321609210915867,0.0211494821862086,0.3537950391609037,0.29321609210915867
376.0,0.0,0.0,-0.024850113400049185,9.97552091372342,9.905234532243012,-4.970022680009837,1.0,0.0,9.61201186171963,0.33,0.0,False,0.003973700909095953,0.024850113400049185,0.19868655103984664,0.07577747210701764,7.577747210701764e-06,7.577747210701764e-06,-0.0049701733251702835,0.0,0.0667377365019437,0.07028638148040756,0.36350905200379025,0.0667377365019437
377.0,0.0,0.0,-0.02644723088637275,9.552369920093657,9.869892075781022,-5.2894461772745505,1.0,0.0,9.66027262782711,0.26,0.0,False,0.003998449537746646,0.02644723088637275,0.19992399184932388,0.07577747210701764,7.577747210701764e-06,7.577747210701764e-06,-0.005289606504403691,0.0,-0.42315099362976305,-0.3175221556873655,-0.10790270773345334,0.42315099362976305
378.0,0.0,0.0,0.019525806556008635,10.61232086806015,10.004625654721687,3.9051613112017267,1.0,0.0,9.711038584338189,0.28,0.0,False,0.003909211018016286,0.019525806556008635,0.19546203205145865,0.07577747210701764,7.577747210701764e-06,7.577747210701764e-06,0.0039052796796056905,0.0,1.0599509479664935,0.607695213338463,0.9012822837219616,1.0599509479664935
379.0,0.0,0.0,-0.08087289619579406,10.660414948022067,10.02814673051113,-16.174579239158813,1.0,0.0,9.747635383735052,0.42,0.0,False,0.0040975526339249516,0.08087289619579406,0.20487918420714973,0.07577747210701764,7.577747210701764e-06,7.577747210701764e-06,-0.01617506950293456,0.0,0.04809407996191695,0.6322682175109371,0.9127795642870158,0.04809407996191695
380.0,0.0,0.0,-0.08429209938177808,10.393344778242152,10.084855110673644,-16.858419876355615,1.0,0.0,9.803561264384031,0.08,0.0,False,0.004071441927166732,0.08429209938177809,0.20357363897622194,0.07577747210701764,7.577747210701764e-06,7.577747210701764e-06,-0.016858930867860215,0.0,-0.26707016977991493,0.3084896675685087,0.5897835138581211,0.26707016977991493
381.0,0.0,0.0,-0.049720219323338276,10.465247198381903,10.208616320883614,-9.944043864667655,1.0,0.0,9.817462016993238,0.61,0.0,False,0.004096642324468773,0.049720219323338276,0.20483366838943606,0.07577747210701764,7.577747210701764e-06,7.577747210701764e-06,-0.00994434527618626,0.0,0.07190242013975023,0.2566308774982886,0.6477851813886648,0.07190242013975023
382.0,0.0,0.0,-0.05196127741710919,11.275351110331098,10.294686801350403,-10.392255483421838,1.0,0.0,9.896123746646106,0.35,0.0,False,0.004169912880313816,0.05196127741710919,0.2084972239429757,0.07577747210701764,7.577747210701764e-06,7.577747210701764e-06,-0.010392570480574868,0.0,0.8101039119491951,0.9806643089806943,1.3792273636849917,0.8101039119491951
383.0,0.0,0.0,-0.1291140943824506,11.111907983372253,10.297497383197687,-25.82281887649012,1.0,0.0,9.94561473673956,0.3,0.0,False,0.003989788064496165,0.1291140943824506,0.1994909149050771,0.07577747210701764,7.577747210701764e-06,7.577747210701764e-06,-0.02582360158573378,0.0,-0.16344312695884433,0.8144106001745666,1.1662932466326925,0.16344312695884433
384.0,0.0,0.0,-0.10689795523964861,10.403694437276373,10.323984268152394,-21.379591047929722,1.0,0.0,9.984161246808164,0.49,0.0,False,0.003727342127262735,0.1068979552396486,0.18636851860595716,0.07577747210701764,7.577747210701764e-06,7.577747210701764e-06,-0.021380239079564798,0.0,-0.7082135460958803,0.07971016912397921,0.4195331904682096,0.7082135460958803
385.0,0.0,0.0,-0.03154335404986458,10.28352774937789,10.402508497650983,-6.3086708099729165,1.0,0.0,10.04288792869166,0.41,0.0,False,0.0036888059869013504,0.03154335404986458,0.18444169698703142,0.07577747210701764,7.577747210701764e-06,7.577747210701764e-06,-0.006308862030574423,0.0,-0.1201666878984824,-0.11898074827309202,0.2406398206862299,0.1201666878984824
386.0,0.0,0.0,-0.015528903481767766,10.24285368024543,10.388715758346025,-3.1057806963535532,1.0,0.0,10.08824894539957,0.24,0.0,False,0.003939125772694425,0.015528903481767768,0.19695778111968806,0.07577747210701764,7.577747210701764e-06,7.577747210701764e-06,-0.0031058748349242276,0.0,-0.040674069132460744,-0.14586207810059548,0.15460473484585968,0.040674069132460744
387.0,0.0,0.0,-0.004298190617179997,9.700073580323954,10.533832406738785,-0.8596381234359993,1.0,0.0,10.12823283085496,0.52,0.0,False,0.003938007958414834,0.004763661672454234,0.1969018899821828,0.07577747210701764,7.577747210701764e-06,7.577747210701764e-06,-0.0008596641797201189,0.0,-0.542780099921476,-0.8337588264148312,-0.42815925053100656,0.542780099921476
388.0,0.0,0.0,0.05620868436427179,9.877005999118348,10.549044513960903,11.241736872854357,1.0,0.0,10.199870145543532,0.5,0.0,False,0.0038195450218174998,0.05620868436427179,0.19097869826820674,0.07577747210701764,7.577747210701764e-06,7.577747210701764e-06,0.01124207761843319,0.0,0.1769324187943937,-0.672038514842555,-0.322864146425184,0.1769324187943937
389.0,0.0,0.0,0.04281862381025569,10.2175437695301,10.563018055526213,8.563724762051137,1.0,0.0,10.262181720726728,0.28,0.0,False,0.004045825759415481,0.04281862381025569,0.20229282088301723,0.07577747210701764,7.577747210701764e-06,7.577747210701764e-06,0.008563984335049867,0.0,0.3405377704117516,-0.3454742859961133,-0.04463795119662883,0.3405377704117516
390.0,0.0,0.0,0.015047019174591114,9.518952193275704,10.520818794362174,3.009403834918223,1.0,0.0,10.30520846065626,0.27,0.0,False,0.0041212762964102975,0.015047019174591112,0.20606537632001287,0.07577747210701764,7.577747210701764e-06,7.577747210701764e-06,0.0030094950522330617,0.0,-0.6985915762543957,-1.001866601086471,-0.7862562673805567,0.6985915762543957
391.0,0.0,0.0,0.08526048204202573,9.521846252817955,10.426621932743817,17.052096408405145,1.0,0.0,10.36801966240139,-0.01,0.0,False,0.003978037798085011,0.08526048204202573,0.19890339713249192,0.07577747210701764,7.577747210701764e-06,7.577747210701764e-06,0.01705261327039246,0.0,0.002894059542251526,-0.9047756799258622,-0.8461734095834341,0.002894059542251526
392.0,0.0,0.0,0.08799594448948725,9.780058441780506,10.462193604236761,17.59918889789745,1.0,0.0,10.371589317814959,0.04,0.0,False,0.0041047577411420805,0.08799594448948725,0.20523944229793017,0.07577747210701764,7.577747210701764e-06,7.577747210701764e-06,0.017599722342673447,0.0,0.2582121889625508,-0.6821351624562553,-0.5915308760344526,0.2582121889625508
393.0,0.0,0.0,0.06558589806448457,9.29014687803531,10.523417086029838,13.117179612896914,1.0,0.0,10.401839038263972,0.09,0.0,False,0.004077983308104395,0.06558589806448457,0.20390071050155165,0.07577747210701764,7.577747210701764e-06,7.577747210701764e-06,0.013117577204568949,0.0,-0.4899115637451956,-1.2332702079945275,-1.111692160228662,0.4899115637451956
394.0,0.0,0.0,0.11617399399786789,9.81585807179619,10.519141630287356,23.23479879957358,1.0,0.0,10.435942272093158,0.01,0.0,False,0.0038498393668608016,0.11617399399786789,0.19249342699851626,0.07577747210701764,7.577747210701764e-06,7.577747210701764e-06,0.023235503063964,0.0,0.5257111937608805,-0.7032835584911652,-0.6200842002969669,0.5257111937608805
395.0,0.0,0.0,0.06601200300607626,8.960862646275725,10.574162032381569,13.202400601215253,1.0,0.0,10.451930834871938,0.28,0.0,False,0.0035538538081974795,0.06601200300607626,0.17769403692016308,0.07577747210701764,7.577747210701764e-06,7.577747210701764e-06,0.013202800776000138,0.0,-0.8549954255204657,-1.6132993861058438,-1.4910681885962127,0.8549954255204657
396.0,0.0,0.0,0.15335666474073056,9.055992942074404,10.581548421329357,30.671332948146112,1.0,0.0,10.476003112970536,0.05,0.0,False,0.0036307074068985946,0.15335666474073056,0.18153674597407599,0.07577747210701764,7.577747210701764e-06,7.577747210701764e-06,0.030672262619532053,0.0,0.09513029579867904,-1.5255554792549528,-1.4200101708961324,0.09513029579867904
397.0,0.0,0.0,0.1440366671675703,8.608246095374005,10.484630442708982,28.80733343351406,1.0,0.0,10.494487398584955,0.03,0.0,False,0.00365937814703017,0.1440366671675703,0.18297029384363578,0.07577747210701764,7.577747210701764e-06,7.577747210701764e-06,0.02880820660565965,0.0,-0.4477468467003991,-1.8763843473349766,-1.8862413032109497,0.4477468467003991
398.0,0.0,0.0,0.19092883977457628,7.922333470343482,10.449945850351776,38.185767954915256,1.0,0.0,10.496414187422749,-0.09,0.0,False,0.003708605226540921,0.1909288397745763,0.1854316664706915,0.07577747210701764,7.577747210701764e-06,7.577747210701764e-06,0.03818692539453087,0.0,-0.6859126250305234,-2.5276123800082946,-2.5740807170792674,0.6859126250305234
399.0,0.0,0.0,0.2592170334584618,7.674970812336866,10.47282976930793,51.843406691692365,1.0,0.0,10.517606833643917,0.1,0.0,False,0.0036808130614194028,0.2592170334584618,0.18404204768451563,0.07577747210701764,7.577747210701764e-06,7.577747210701764e-06,0.05184497810470635,0.0,-0.24736265800661528,-2.797858956971064,-2.842636021307051,0.24736265800661528
