t,mean_abs_delta_real,mean_abs_delta_planning,mean_action,price,v_true,total_demand,mean_k,xs_k_std,mean_belief,mean_correctness,mean_salience,regime_post,xs_action_std,xs_action_mean_abs,xs_belief_std,xs_sigma_mean,xs_rho_mean,xs_rho_max,mean_myopic_term,mean_hedging_term,ret,mispricing_true,mispricing_belief,vol_proxy
0.0,0.0,0.0,-0.0026633469361487445,-0.20680324481157544,-0.09296894767710283,-0.5326693872297489,1.0,0.0,0.0,-0.63,0.0,False,0.009587914197235191,0.007848473409666825,0.47941466909570685,0.39548192771084345,3.954819277108434e-05,3.954819277108435e-05,-0.0005327536483438116,0.0,0.0,-0.11383429713447261,-0.20680324481157544,0.0
1.0,0.0,0.0,0.014107878022580414,-0.8019589809994558,-0.0666478640293294,2.8215756045160827,1.0,0.0,-0.026638735889389795,0.1,0.0,False,0.008303146336365872,0.014270555352356346,0.4151676836668449,0.24970892072370304,2.4970892072370302e-05,2.4970892072370302e-05,0.002821857426518314,0.0,-0.5951557361878804,-0.7353111169701264,-0.775320245110066,0.5951557361878804
2.0,0.0,0.0,0.07496712950066214,-0.7772540466188876,-0.1261260949449536,14.993425900132427,1.0,0.0,-0.0657068502707977,0.19,0.0,False,0.007443318120073279,0.07496712950066214,0.3721728121274058,0.1855657283607953,1.8556572836079535e-05,1.8556572836079532e-05,0.014994538785880187,0.0,0.0247049343805682,-0.651127951673934,-0.7115471963480899,0.0247049343805682
3.0,0.0,0.0,0.07235136916708446,-0.2789463770098421,0.03763057289654334,14.470273833416892,1.0,0.0,-0.05221812934289021,-0.06,0.0,False,0.0072828367118289794,0.07235136916708447,0.36414730990049377,0.15033452654348473,1.5033452654348474e-05,1.503345265434847e-05,0.014471143973041962,0.0,0.49830766960904554,-0.3165769499063854,-0.22672824766695188,0.49830766960904554
4.0,0.0,0.0,0.019848515229006304,-0.5946286688118626,0.06385852672095806,3.969703045801261,1.0,0.0,-0.05368597040390099,0.08,0.0,False,0.006461064162291744,0.019848515229006304,0.32305736291460596,0.12861039341098898,1.28610393410989e-05,1.2861039341098898e-05,0.003969907261203012,0.0,-0.3156822918020205,-0.6584871955328206,-0.5409426984079616,0.3156822918020205
5.0,0.0,0.0,0.05139908469042924,-0.10051848004075925,-0.10323259850164583,10.279816938085848,1.0,0.0,-0.08044846109301815,0.05,0.0,False,0.0062588855694058814,0.05139908469042924,0.31294785378003454,0.11424748706068398,1.1424748706068395e-05,1.1424748706068397e-05,0.010280286710019864,0.0,0.49411018877110335,0.0027141184608865804,-0.020070018947741103,0.49411018877110335
6.0,0.0,0.0,0.0020121809105401373,0.24145343508782313,-0.010236418359178101,0.40243618210802745,1.0,0.0,-0.08060846082625509,-0.04,0.0,False,0.006001331170061367,0.005094235541409999,0.3000696884628944,0.10430885206491432,1.0430885206491433e-05,1.0430885206491434e-05,0.00040245297299535765,0.0,0.3419719151285824,0.25168985344700123,0.3220618959140782,0.3419719151285824
7.0,0.0,0.0,-0.03305923101815924,0.05006408482606875,0.16527285383911017,-6.611846203631847,1.0,0.0,-0.08039562149395324,0.04,0.0,False,0.005709825378884767,0.03305923101815924,0.28549404429041425,0.09721299660661761,9.721299660661762e-06,9.721299660661762e-06,-0.006612103304085518,0.0,-0.19138935026175438,-0.11520876901304142,0.130459706320022,0.19138935026175438
8.0,0.0,0.0,-0.01536292878095969,0.6132041055721793,0.11009109293560973,-3.072585756191938,1.0,0.0,-0.08915494402833306,-0.08,0.0,False,0.005494501410746142,0.015362928780959692,0.27472759890961734,0.09203282049648383,9.20328204964838e-06,9.203282049648383e-06,-0.003072698866644294,0.0,0.5631400207461106,0.5031130126365696,0.7023590496005123,0.5631400207461106
9.0,0.0,0.0,-0.06771135479409661,0.813780020990873,0.20116056111745279,-13.542270958819321,1.0,0.0,-0.10357227245186211,0.29,0.0,False,0.005195520548872623,0.06771135479409661,0.25977831839317966,0.08818941343401722,8.818941343401728e-06,8.818941343401726e-06,-0.013542748668579387,0.0,0.20057591541869368,0.6126194598734203,0.9173522934427351,0.20057591541869368
10.0,0.0,0.0,-0.08946298764000804,0.36089518994465436,-0.016475775212798416,-17.89259752800161,1.0,0.0,-0.06393929949209695,0.0,0.0,False,0.004914186761580068,0.08946298764000804,0.24571143406378695,0.08530342395407306,8.530342395407304e-06,8.530342395407304e-06,-0.017893208042726733,0.0,-0.4528848310462186,0.3773709651574528,0.4248344894367513,0.4528848310462186
11.0,0.0,0.0,-0.046682308364417106,-0.11822488920506236,-0.1408692321070133,-9.336461672883422,1.0,0.0,-0.08088801290502148,0.13,0.0,False,0.004729404636754164,0.0466823083644171,0.23647219730228564,0.08311678650488098,8.311678650488098e-06,8.311678650488098e-06,-0.009336772076980068,0.0,-0.4791200791497167,0.022644342901950942,-0.03733687630004087,0.4791200791497167
12.0,0.0,0.0,-0.0019263551978574906,-0.7131909581404497,-0.2513626186996124,-0.3852710395714981,1.0,0.0,-0.1059472941168059,0.14,0.0,False,0.004610512279827638,0.003985265452866854,0.23052749159300542,0.08144872021105272,8.144872021105273e-06,8.144872021105272e-06,-0.00038528359140250806,0.0,-0.5949660689353874,-0.46182833944083734,-0.6072436640236438,0.5949660689353874
13.0,0.0,0.0,0.056481879637307816,-1.1939486742230776,-0.21798325719434736,11.296375927461563,1.0,0.0,-0.13748922567946495,0.05,0.0,False,0.004597153352769302,0.056481879637307816,0.22985951039883765,0.0801696280765907,8.016962807659075e-06,8.016962807659074e-06,0.01129673817506012,0.0,-0.48075771608262785,-0.9759654170287302,-1.0564594485436127,0.48075771608262785
14.0,0.0,0.0,0.10278365925462689,-1.21261809068784,-0.1297262142712573,20.556731850925377,1.0,0.0,-0.1483495211109539,-0.04,0.0,False,0.004793538225230077,0.1027836592546269,0.23967880914073758,0.07918490036140627,7.918490036140629e-06,7.918490036140629e-06,0.020557382958874926,0.0,-0.0186694164647625,-1.082891876416583,-1.0642685695768863,0.0186694164647625
15.0,0.0,0.0,0.10202489564156215,-1.0472602855436213,-0.15462983125266558,20.40497912831243,1.0,0.0,-0.16607138710772495,0.06,0.0,False,0.0045232012637425115,0.10202489564156213,0.2261618368354711,0.07842447161267904,7.842447161267904e-06,7.842447161267904e-06,0.02040561922317509,0.0,0.16535780514421883,-0.8926304542909557,-0.8811888984358963,0.16535780514421883
16.0,0.0,0.0,0.0852332164118716,-0.8589200504119204,-0.15760214621127666,17.046643282374323,1.0,0.0,-0.1923291280295581,0.03,0.0,False,0.0042917927598661865,0.08523321641187159,0.2145913082702914,0.07783586373121831,7.78358637312183e-06,7.783586373121831e-06,0.017047174014324765,0.0,0.18834023513170084,-0.7013179042006438,-0.6665909223823623,0.18834023513170084
17.0,0.0,0.0,0.06525353225049911,-0.6848568907007571,-0.1867609969471772,13.050706450099822,1.0,0.0,-0.19489495041981503,-0.07,0.0,False,0.004423426451968798,0.06525353225049911,0.22117303400931324,0.07737942031791788,7.73794203179179e-06,7.737942031791787e-06,0.013051110389414094,0.0,0.17406315971116337,-0.4980958937535799,-0.48996194028094203,0.17406315971116337
18.0,0.0,0.0,0.04304838502319917,-1.7276410162955922,-0.20968444976023365,8.609677004639835,1.0,0.0,-0.20635948150443353,-0.01,0.0,False,0.004281925767289521,0.04304838502319917,0.21409793744036354,0.07702496386752834,7.702496386752833e-06,7.702496386752835e-06,0.00860994226662073,0.0,-1.0427841255948351,-1.5179565665353585,-1.5212815347911586,1.0427841255948351
19.0,0.0,0.0,0.14505254631238945,-1.2626424864634518,-0.27420371264815663,29.010509262477893,1.0,0.0,-0.25435646146726065,0.04,0.0,False,0.004127989041185343,0.14505254631238945,0.20640103616275474,0.07674940373398333,7.674940373398337e-06,7.674940373398335e-06,0.02901139987135769,0.0,0.4649985298321404,-0.9884387738152951,-1.0082860249961911,0.4649985298321404
20.0,0.0,0.0,0.09612447361178854,-0.6957921408282667,-0.32948892266947594,19.224894722357707,1.0,0.0,-0.2770598896894994,0.08,0.0,False,0.004196174087738376,0.09612447361178855,0.20981031015774707,0.07653499567330325,7.653499567330326e-06,7.653499567330328e-06,0.019225483268747026,0.0,0.5668503456351851,-0.36630321815879074,-0.4187322511387673,0.5668503456351851
21.0,0.0,0.0,0.0375323282141604,-1.1285992601488788,-0.27657094824972234,7.50646564283208,1.0,0.0,-0.30136096591470635,-0.08,0.0,False,0.004242506735353499,0.037532328214160394,0.21212695672767476,0.07636805789007794,7.636805789007794e-06,7.636805789007795e-06,0.007506694942762066,0.0,-0.4328071193206121,-0.8520283118991565,-0.8272382942341725,0.4328071193206121
22.0,0.0,0.0,0.0850001347472125,-0.285835047442091,-0.006599376147036762,17.0000269494425,1.0,0.0,-0.3204545273315936,0.28,0.0,False,0.00423644016278559,0.08500013474721248,0.2118236230281822,0.07623801307922962,7.623801307922961e-06,7.623801307922962e-06,0.017000545364800976,0.0,0.8427642127067878,-0.2792356712950542,0.03461947988950259,0.8427642127067878
23.0,0.0,0.0,0.0007495502343105422,-0.25701004887299134,-0.006698779451034649,0.14991004686210843,1.0,0.0,-0.2785655114698306,0.04,0.0,False,0.004340561097125145,0.0035990477205922883,0.21702970723553344,0.07613666709092755,7.613666709092755e-06,7.613666709092754e-06,0.0001499146122878813,0.0,0.028824998569099647,-0.2503112694219567,0.02155546259683927,0.028824998569099647
24.0,0.0,0.0,4.1327362033968064e-05,-0.26471504873022605,-0.002033861990641754,0.008265472406793612,1.0,0.0,-0.2783392597577023,0.16,0.0,False,0.004027352648801498,0.00333470851827428,0.2013691639952019,0.07605766172517958,7.605766172517959e-06,7.605766172517959e-06,8.265723865882802e-06,0.0,-0.007704999857234718,-0.2626811867395843,0.01362421102747624,0.007704999857234718
25.0,0.0,0.0,-0.0019967239428904967,-0.19873194870729605,-0.18053863143200913,-0.39934478857809935,1.0,0.0,-0.25659675953633904,-0.12,0.0,False,0.0040993580618196015,0.0038042453023770678,0.20496946076622766,0.07599605714348504,7.599605714348504e-06,7.599605714348505e-06,-0.0003993569279375938,0.0,0.06598310002293001,-0.01819331727528692,0.05786481082904299,0.06598310002293001
26.0,0.0,0.0,-0.010191107267429216,-1.4253148009624501,-0.25443439112742755,-2.038221453485843,1.0,0.0,-0.28468304687486534,-0.07,0.0,False,0.004068198291706501,0.010194828423328795,0.20341145944318187,0.07594801167850262,7.594801167850264e-06,7.594801167850261e-06,-0.0020382833725622797,0.0,-1.226582852255154,-1.1708804098350225,-1.1406317540875848,1.226582852255154
27.0,0.0,0.0,0.11349484520768842,-1.5202789204233218,-0.2511162338688871,22.698969041537683,1.0,0.0,-0.30064689135325695,0.04,0.0,False,0.004073793019800023,0.11349484520768842,0.2036911972090473,0.07591053539720918,7.591053539720918e-06,7.59105353972092e-06,0.022699658272662848,0.0,-0.09496411946087169,-1.2691626865544348,-1.2196320290700648,0.09496411946087169
28.0,0.0,0.0,0.12702708354354275,-0.7595218789402606,-0.13759497897611245,25.40541670870855,1.0,0.0,-0.2903232716132438,0.17,0.0,False,0.0040403499984445835,0.12702708354354275,0.20201903285727807,0.07588129986214319,7.588129986214318e-06,7.588129986214319e-06,0.02540618782127459,0.0,0.7607570414830612,-0.6219268999641481,-0.4691986073270168,0.7607570414830612
29.0,0.0,0.0,0.04910997335976172,-0.8351054615540067,-0.19412561136955198,9.821994671952345,1.0,0.0,-0.24995989008681035,-0.09,0.0,False,0.00406189043135094,0.049109973359761715,0.20309606221193915,0.07585849092897277,7.585849092897274e-06,7.5858490928972765e-06,0.00982229270236902,0.0,-0.07558358261374609,-0.6409798501844547,-0.5851455714671963,0.07558358261374609
30.0,0.0,0.0,0.0563149048592446,-0.48536445504613124,-0.1300005944413228,11.26298097184892,1.0,0.0,-0.26840351830030024,0.05,0.0,False,0.003950412454222404,0.05631490485924459,0.19752212072124328,0.0758406946332553,7.58406946332553e-06,7.5840694633255315e-06,0.011263322646177855,0.0,0.34974100650787543,-0.3553638606048084,-0.216960936745831,0.34974100650787543
31.0,0.0,0.0,0.01904096435684917,-0.20871187572632355,-0.2056229131092023,3.808192871369834,1.0,0.0,-0.27193505815404706,0.04,0.0,False,0.003629084856700656,0.01904096435684917,0.18145561874464688,0.07582680859941437,7.582680859941435e-06,7.582680859941435e-06,0.003808308375738788,0.0,0.2766525793198077,-0.0030889626171212436,0.06322318242772351,0.2766525793198077
32.0,0.0,0.0,-0.011082957563963276,-0.355535556573401,-0.35951798173815575,-2.216591512792655,1.0,0.0,-0.29494759239984036,0.03,0.0,False,0.003812522295525147,0.011082957563963276,0.19062756002669795,0.07581597318505708,7.58159731850571e-06,7.581597318505709e-06,-0.0022166587335000925,0.0,-0.14682368084707748,0.0039824251647547215,-0.06058796417356066,0.14682368084707748
33.0,0.0,0.0,0.002381633774259822,-0.3652544273383442,-0.30923054048080606,0.47632675485196435,1.0,0.0,-0.3195456526920237,-0.13,0.0,False,0.0038899496178142344,0.0036620688740692485,0.19449895532783848,0.07580751791624726,7.580751791624726e-06,7.580751791624725e-06,0.0004763411984020722,0.0,-0.009718870764943155,-0.05602388685753812,-0.045708774646320505,0.009718870764943155
34.0,0.0,0.0,-0.00011808387282898887,-0.01177882675929498,-0.4500207080533323,-0.023616774565797773,1.0,0.0,-0.33171831610207775,-0.02,0.0,False,0.003942023498450917,0.00328415473335461,0.19710266896758094,0.07580091978879354,7.580091978879353e-06,7.580091978879353e-06,-2.361749062966378e-05,0.0,0.3534756005790492,0.4382418812940373,0.31993948934278277,0.3534756005790492
35.0,0.0,0.0,-0.03688191865903173,-0.19267577986660567,-0.4792799395247437,-7.376383731806346,1.0,0.0,-0.3664353108209649,0.18,0.0,False,0.0038152882841824337,0.03688191865903173,0.19076586012270308,0.07579577078909383,7.579577078909383e-06,7.579577078909382e-06,-0.007376607369587499,0.0,-0.1808969531073107,0.286604159658138,0.17375953095435925,0.1808969531073107
36.0,0.0,0.0,-0.02242769332818608,0.3071194171993983,-0.4892020945035829,-4.4855386656372165,1.0,0.0,-0.3806119908168768,0.19,0.0,False,0.003688164149614402,0.02242769332818608,0.18440960514284369,0.0757917525852373,7.579175258523732e-06,7.579175258523731e-06,-0.004485674651341258,0.0,0.49979519706600395,0.7963215117029812,0.6877314080162751,0.49979519706600395
37.0,0.0,0.0,-0.07547462272324655,-0.029093460378543268,-0.5953739994666406,-15.09492454464931,1.0,0.0,-0.4169612123193853,0.18,0.0,False,0.003838981166360466,0.07547462272324655,0.19195051307338584,0.07578861679880576,7.578861679880579e-06,7.578861679880576e-06,-0.01509538215056194,0.0,-0.33621287757794155,0.5662805390880974,0.38786775194084205,0.33621287757794155
38.0,0.0,0.0,-0.046278035855286836,0.448363980475702,-0.7329119347194271,-9.255607171057367,1.0,0.0,-0.4476554106193648,0.11,0.0,False,0.003936286638853799,0.04627803585528682,0.19681582352312443,0.07578616962277836,7.578616962277834e-06,7.5786169622778345e-06,-0.009255887747736996,0.0,0.47745744085424524,1.181275915195129,0.8960193910950668,0.47745744085424524
39.0,0.0,0.0,-0.09828178119083861,0.9861243128774179,-0.7010779667347472,-19.65635623816772,1.0,0.0,-0.4918913551067874,0.26,0.0,False,0.003721122125124449,0.09828178119083861,0.1860575162686523,0.07578425982564119,7.5784259825641195e-06,7.5784259825641195e-06,-0.019656952090615444,0.0,0.537760332401716,1.687202279612165,1.4780156679842054,0.537760332401716
40.0,0.0,0.0,-0.15846101133891297,-0.09475063644955406,-0.6090214625203689,-31.69220226778259,1.0,0.0,-0.5344910724928933,0.13,0.0,False,0.003714243751667038,0.15846101133891297,0.18571359496174045,0.07578276939476822,7.578276939476819e-06,7.5782769394768205e-06,-0.03169316294964471,0.0,-1.0808749493269718,0.5142708260708149,0.43974043604333923,1.0808749493269718
41.0,0.0,0.0,-0.05496993607039763,-0.39413079687266206,-0.7766708943233369,-10.993987214079526,1.0,0.0,-0.5985458435831138,0.25,0.0,False,0.0037558564673878057,0.05496993607039762,0.18779424649356977,0.07578160623748331,7.5781606237483355e-06,7.578160623748335e-06,-0.010994320468358083,0.0,-0.299380160423108,0.38254009745067485,0.20441504671045174,0.299380160423108
42.0,0.0,0.0,-0.02569553689729391,-0.10363377413479602,-0.6183527901569742,-5.139107379458782,1.0,0.0,-0.6444708257037811,0.11,0.0,False,0.0036979600782526467,0.02569553689729391,0.1848994050826209,0.07578069848672941,7.578069848672939e-06,7.578069848672941e-06,-0.005139263156337019,0.0,0.29049702273786604,0.5147190160221782,0.5408370515689851,0.29049702273786604
43.0,0.0,0.0,-0.0554853751586724,-0.1974652172476853,-0.6518670475731099,-11.09707503173448,1.0,0.0,-0.6510959019742715,0.01,0.0,False,0.0037085831516166065,0.0554853751586724,0.18543056276280218,0.07577999005824664,7.5779990058246634e-06,7.577999005824663e-06,-0.011097411403679685,0.0,-0.09383144311288927,0.4544018303254246,0.4536306847265862,0.09383144311288927
44.0,0.0,0.0,-0.04737224415797896,0.12974718650104064,-0.695737256809126,-9.474448831595792,1.0,0.0,-0.6585085491274094,0.12,0.0,False,0.0036984875760587652,0.04737224415797897,0.18492578014947297,0.07577943718399627,7.577943718399631e-06,7.577943718399629e-06,-0.009474736016779547,0.0,0.32721240374872596,0.8254844433101667,0.7882557356284501,0.32721240374872596
45.0,0.0,0.0,-0.08267711328440117,0.32946725193761883,-0.7275568474976234,-16.535422656880232,1.0,0.0,-0.6712056080374766,0.11,0.0,False,0.003643154940792819,0.08267711328440118,0.18215912741293627,0.07577900570718792,7.5779005707187905e-06,7.577900570718793e-06,-0.016535923868237254,0.0,0.1997200654365782,1.0570240994352422,1.0006728599750954,0.1997200654365782
46.0,0.0,0.0,-0.10403178632575004,1.4947888708561536,-0.7082382351457508,-20.80635726515001,1.0,0.0,-0.6970552722901681,-0.17,0.0,False,0.0038747477667693034,0.10403178632575007,0.193738856454607,0.07577866897151055,7.577866897151055e-06,7.577866897151055e-06,-0.02080698793159478,0.0,1.1653216189185347,2.2030271060019047,2.1918441431463216,1.1653216189185347
47.0,0.0,0.0,-0.2207358862680566,1.0619830084370796,-0.7124850459392561,-44.14717725361132,1.0,0.0,-0.7108900282713739,-0.02,0.0,False,0.003986342025468582,0.2207358862680566,0.19931861166665485,0.07577840617399134,7.577840617399135e-06,7.577840617399136e-06,-0.04414851540456273,0.0,-0.43280586241907404,1.7744680543763356,1.7728730367084535,0.43280586241907404
48.0,0.0,0.0,-0.1769659880950355,1.185209317112174,-0.6841691592856157,-35.3931976190071,1.0,0.0,-0.7126536268926442,-0.13,0.0,False,0.0041798960343946414,0.1769659880950355,0.20899638544474303,0.07577820107961909,7.5778201079619125e-06,7.577820107961911e-06,-0.035394270424015946,0.0,0.12322630867509443,1.8693784763977899,1.8978629440048183,0.12322630867509443
49.0,0.0,0.0,-0.19171060071519058,0.9695940830748877,-0.7469514066432789,-38.342120143038116,1.0,0.0,-0.7077439233344236,-0.02,0.0,False,0.004262138356375626,0.19171060071519058,0.21310853270125724,0.07577804101825933,7.577804101825934e-06,7.577804101825932e-06,-0.03834328233053243,0.0,-0.21561523403728633,1.7165454897181665,1.6773380064093113,0.21561523403728633
50.0,0.0,0.0,-0.17174732914390442,2.0014243380559047,-0.7844517631390728,-34.349465828780886,1.0,0.0,-0.7319693273085532,0.09,0.0,False,0.00409692436543655,0.1717473291439044,0.2048477705537817,0.07577791610185457,7.577791610185456e-06,7.577791610185456e-06,-0.03435050699326703,0.0,1.031830254981017,2.7858761011949777,2.733393665364458,1.031830254981017
51.0,0.0,0.0,-0.2762266891462906,2.3130848211603823,-0.7933832700952211,-55.245337829258126,1.0,0.0,-0.7479442816376486,-0.04,0.0,False,0.0040279437964682975,0.2762266891462906,0.20139871596738693,0.07577781861352735,7.577781861352734e-06,7.577781861352734e-06,-0.05524701236504456,0.0,0.3116604831044776,3.1064680912556035,3.061029102798031,0.3116604831044776
52.0,0.0,0.0,-0.3086036391876518,2.1922773396005835,-0.7702244149360972,-61.72072783753037,1.0,0.0,-0.7609472126867334,0.01,0.0,False,0.004062594432477184,0.3086036391876518,0.20313126089503372,0.07577774253083158,7.577774253083158e-06,7.5777742530831585e-06,-0.06172259864632293,0.0,-0.12080748155979881,2.9625017545366807,2.953224552287317,0.12080748155979881
53.0,0.0,0.0,-0.2986497548472199,2.6298416287130144,-0.8054568644422542,-59.72995096944398,1.0,0.0,-0.7730684971517069,-0.01,0.0,False,0.004110670412396639,0.2986497548472199,0.20553507810523222,0.07577768315369257,7.5777683153692564e-06,7.5777683153692564e-06,-0.059731761434644384,0.0,0.43756428911243095,3.4352984931552686,3.402910125864721,0.43756428911243095
54.0,0.0,0.0,-0.34419195701928457,2.7062374946752428,-0.8469041262180692,-68.83839140385692,1.0,0.0,-0.7943333638040961,0.07,0.0,False,0.0039927552988794565,0.34419195701928457,0.19963927775177745,0.07577763681404524,7.5777636814045205e-06,7.577763681404523e-06,-0.06884047795229464,0.0,0.07639586596222836,3.553141620893312,3.500570858479339,0.07639586596222836
55.0,0.0,0.0,-0.3548758575195967,1.302310930417567,-1.037337922179662,-70.97517150391934,1.0,0.0,-0.8122083517453995,0.16,0.0,False,0.003955230090843731,0.3548758575195967,0.197763003131418,0.07577760064923067,7.577760064923067e-06,7.577760064923067e-06,-0.07097732281889806,0.0,-1.4039265642576757,2.3396488525972288,2.1145192821629664,1.4039265642576757
56.0,0.0,0.0,-0.21953761741754513,2.1383095516972928,-1.2356589520624237,-43.907523483509024,1.0,0.0,-0.8426555387257788,0.34,0.0,False,0.0037258041351841747,0.21953761741754516,0.18629161842117214,0.0757775724251497,7.577757242514966e-06,7.577757242514968e-06,-0.04390885435564033,0.0,0.8359986212797257,3.3739685037597162,2.9809650904230716,0.8359986212797257
57.0,0.0,0.0,-0.3081826208084211,2.153722769330268,-1.3480166601053358,-61.63652416168422,1.0,0.0,-0.8931484238964046,0.45,0.0,False,0.0037161532898671813,0.3081826208084211,0.18580907249832526,0.07577755039824796,7.577755039824795e-06,7.577755039824794e-06,-0.0616383924134535,0.0,0.015413217632975318,3.501739429435604,3.0468711932266728,0.015413217632975318
58.0,0.0,0.0,-0.31231218699400176,2.061689633070207,-1.1887621541490838,-62.462437398800354,1.0,0.0,-0.9436334230073204,0.09,0.0,False,0.003641151834639497,0.31231218699400176,0.18205897131949508,0.07577753320780568,7.577753320780569e-06,7.57775332078057e-06,-0.06246433068422315,0.0,-0.09203313626006127,3.2504517872192906,3.0053230560775273,0.09203313626006127
59.0,0.0,0.0,-0.3071358777221665,1.9212529307099162,-1.2437914884479953,-61.4271755444333,1.0,0.0,-0.9695174318453529,0.31,0.0,False,0.0037550592703017413,0.3071358777221665,0.1877543862604779,0.07577751979187808,7.577751979187806e-06,7.577751979187805e-06,-0.06142903744992848,0.0,-0.1404367023602906,3.1650444191579115,2.890770362555269,0.1404367023602906
60.0,0.0,0.0,-0.29731258144263256,0.24474583572622333,-1.4114469311014175,-59.462516288526515,1.0,0.0,-1.0097855141267231,0.28,0.0,False,0.0038455815832189556,0.29731258144263256,0.1922805362039191,0.07577750932169237,7.577750932169239e-06,7.577750932169238e-06,-0.05946431864342162,0.0,-1.6765070949836929,1.6561927668276408,1.2545313498529465,1.6765070949836929
61.0,0.0,0.0,-0.1407290717024247,0.7598443284989151,-1.6107700049540907,-28.145814340484943,1.0,0.0,-1.0519855317509657,0.69,0.0,False,0.003849074229894245,0.14072907170242474,0.19245516986084668,0.07577750115045034,7.577750115045038e-06,7.577750115045036e-06,-0.028146667461811607,0.0,0.5150984927726918,2.370614333453006,1.8118298602498808,0.5150984927726918
62.0,0.0,0.0,-0.20351850527326282,1.432317577551753,-1.9498778269741406,-40.70370105465256,1.0,0.0,-1.162598201784987,0.71,0.0,False,0.0038584506941172873,0.20351850527326276,0.19292399662450088,0.0757774947733717,7.577749477337168e-06,7.577749477337169e-06,-0.04070493481510098,0.0,0.6724732490528378,3.3821954045258935,2.59491577933674,0.6724732490528378
63.0,0.0,0.0,-0.27929182936561914,0.6848497549099707,-1.8888804991018024,-55.85836587312382,1.0,0.0,-1.2754178348460594,0.66,0.0,False,0.0038732132358225454,0.27929182936561914,0.1936621293030095,0.075777489796511,7.577748979651099e-06,7.5777489796511e-06,-0.055860058982993864,0.0,-0.7474678226417822,2.5737302540117732,1.9602675897560302,0.7474678226417822
64.0,0.0,0.0,-0.21287930158233248,0.822590342628735,-1.8501541793703378,-42.575860316466496,1.0,0.0,-1.3607065362731883,0.61,0.0,False,0.0037586637961874105,0.21287930158233248,0.18793461391983488,0.07577748591242173,7.577748591242176e-06,7.577748591242176e-06,-0.04257715082334949,0.0,0.1377405877187643,2.6727445219990726,2.183296878901923,0.1377405877187643
65.0,0.0,0.0,-0.2312845194874671,-0.20570208109619437,-1.835049027605689,-46.256903897493416,1.0,0.0,-1.4440239182047376,0.29,0.0,False,0.00399473910949483,0.2312845194874671,0.1997384690311139,0.07577748288116361,7.577748288116364e-06,7.577748288116362e-06,-0.046258305979566074,0.0,-1.0282924237249293,1.6293469465094947,1.2383218371085434,1.0282924237249293
66.0,0.0,0.0,-0.13424898557315668,-0.24664921729743455,-1.8078939187447027,-26.849797114631336,1.0,0.0,-1.4903424830395158,0.37,0.0,False,0.003905994910432333,0.13424898557315668,0.1953012254538827,0.07577748051548007,7.577748051548008e-06,7.5777480515480085e-06,-0.026850610952455348,0.0,-0.040947136201240186,1.5612447014472681,1.2436932657420812,0.040947136201240186
67.0,0.0,0.0,-0.1354560094288941,0.0825833377781971,-1.788781634896475,-27.09120188577882,1.0,0.0,-1.548242802077203,0.35,0.0,False,0.003757533057650578,0.1354560094288941,0.1878780765644345,0.07577747866923067,7.577747866923064e-06,7.577747866923065e-06,-0.02709202304074552,0.0,0.32923255507563165,1.871364972674672,1.6308261398554,0.32923255507563165
68.0,0.0,0.0,-0.17334901305711795,-1.3188666785479537,-1.860858793436075,-34.66980261142359,1.0,0.0,-1.6012606341607007,0.29,0.0,False,0.003934513928802971,0.17334901305711795,0.19672718717784674,0.07577747722836292,7.5777477228362955e-06,7.5777477228362955e-06,-0.03467085347953154,0.0,-1.4014500163261507,0.5419921148881213,0.28239395561274705,1.4014500163261507
69.0,0.0,0.0,-0.03908263871952634,-1.712698765953011,-1.8891337332752687,-7.816527743905267,1.0,0.0,-1.65097247254743,0.28,0.0,False,0.004036312878301109,0.03908263871952633,0.20181717322306886,0.07577747610386716,7.577747610386715e-06,7.5777476103867154e-06,-0.007816764668807635,0.0,-0.3938320874050574,0.1764349673222576,-0.06172629340558111,0.3938320874050574
70.0,0.0,0.0,-0.0028079719842431005,-1.017051716857642,-1.8161899952781972,-0.5615943968486201,1.0,0.0,-1.709707873661825,0.09,0.0,False,0.003890041403626064,0.0039139655966123395,0.19450354406888362,0.07577747522627731,7.577747522627736e-06,7.577747522627733e-06,-0.0005616114192018264,0.0,0.695647049095369,0.7991382784205552,0.6926561568041829,0.695647049095369
71.0,0.0,0.0,-0.07873751409341458,-1.6920159727763202,-1.9408709036753227,-15.747502818682916,1.0,0.0,-1.7407795497005794,0.3,0.0,False,0.003879573778153745,0.07873751409341458,0.19398015882920328,0.07577747454138026,7.577747454138024e-06,7.577747454138025e-06,-0.015747980137463497,0.0,-0.6749642559186781,0.24885493089900246,0.048763576924259144,0.6749642559186781
72.0,0.0,0.0,-0.01687085382691072,-2.6999251562514015,-1.9896376492897951,-3.3741707653821438,1.0,0.0,-1.8044566904416368,0.25,0.0,False,0.0038346830935104535,0.01687085382691072,0.1917356075885149,0.0757774740068663,7.577747400686627e-06,7.577747400686627e-06,-0.0033742730390621256,0.0,-1.0079091834750813,-0.7102875069616064,-0.8954684658097647,1.0079091834750813
73.0,0.0,0.0,0.0754673709565569,-2.638429241796064,-2.1307782439181127,15.09347419131138,1.0,0.0,-1.8607309031988641,0.44,0.0,False,0.0037957443115096607,0.0754673709565569,0.18978865373505463,0.07577747358971576,7.577747358971578e-06,7.577747358971577e-06,0.015093931685981355,0.0,0.06149591445533753,-0.5076509978779513,-0.7776983385971998,0.06149591445533753
74.0,0.0,0.0,0.06687550073140433,-2.2867988369880954,-2.1966068331598625,13.375100146280866,1.0,0.0,-1.9452228530522853,0.19,0.0,False,0.003915840889282765,0.06687550073140434,0.19579352812677975,0.07577747326415916,7.577747326415918e-06,7.5777473264159154e-06,0.013375505555726277,0.0,0.3516304048079686,-0.09019200382823289,-0.3415759839358101,0.3516304048079686
75.0,0.0,0.0,0.027503747042663295,-2.445681104234786,-2.187095993546094,5.500749408532659,1.0,0.0,-1.969648896199677,0.24,0.0,False,0.0038715739091196863,0.027503747042663295,0.19358016234642134,0.07577747301008513,7.577747301008512e-06,7.577747301008514e-06,0.005500916140425142,0.0,-0.15888226724669074,-0.25858511068869205,-0.47603220803510915,0.15888226724669074
76.0,0.0,0.0,0.0403193491984204,-2.9600045185890784,-2.1957433186190043,8.06386983968408,1.0,0.0,-2.0117509457392164,0.18,0.0,False,0.003982149180034527,0.0403193491984204,0.19910896778773252,0.07577747281179825,7.577747281179824e-06,7.577747281179825e-06,0.008064114261702924,0.0,-0.5143234143542923,-0.7642611999700741,-0.948253572849862,0.5143234143542923
77.0,0.0,0.0,0.08738879431686908,-2.9419814576101495,-2.243000252280504,17.477758863373815,1.0,0.0,-2.042472335758644,0.14,0.0,False,0.004103686220917448,0.08738879431686908,0.20518586588072438,0.07577747265704927,7.577747265704929e-06,7.577747265704929e-06,0.017478288627517137,0.0,0.018023060978928918,-0.6989812053296456,-0.8995091218515054,0.018023060978928918
78.0,0.0,0.0,0.08136074824921118,-3.4043909317903807,-2.154564455859464,16.272149649842234,1.0,0.0,-2.0860834649105287,0.07,0.0,False,0.004182815794969139,0.08136074824921118,0.20914237456450208,0.07577747253627864,7.577747253627861e-06,7.577747253627862e-06,0.016272642871054014,0.0,-0.46240947418023115,-1.2498264759309166,-1.318307466879852,0.46240947418023115
79.0,0.0,0.0,0.12497524254080487,-3.712916342317908,-2.1760039371264948,24.995048508160973,1.0,0.0,-2.1283431485587077,-0.02,0.0,False,0.00432924353894106,0.12497524254080487,0.21646381724271777,0.07577747244202561,7.577747244202561e-06,7.577747244202561e-06,0.02499580612705972,0.0,-0.30852541052752747,-1.5369124051914134,-1.5845731937592005,0.30852541052752747
80.0,0.0,0.0,0.1548517651214191,-4.046259202647291,-2.1583133162857364,30.97035302428382,1.0,0.0,-2.1545911548423446,-0.04,0.0,False,0.004408252706298393,0.1548517651214191,0.22041430554615793,0.07577747236846775,7.577747236846778e-06,7.577747236846776e-06,0.03097129175919852,0.0,-0.3333428603293829,-1.8879458863615546,-1.8916680478049464,0.3333428603293829
81.0,0.0,0.0,0.18848830038385816,-3.8192521754550914,-2.185460897145664,37.69766007677163,1.0,0.0,-2.1643400197269544,0.0,0.0,False,0.004367465996819525,0.1884883003838582,0.21837495461864448,0.07577747231106102,7.577747231106104e-06,7.577747231106103e-06,0.03769880272147001,0.0,0.22700702719219956,-1.6337912783094275,-1.654912155728137,0.22700702719219956
82.0,0.0,0.0,0.1645417508382348,-4.054268738537593,-2.2576452511634058,32.90835016764696,1.0,0.0,-2.1613047829738936,0.07,0.0,False,0.004343501806773795,0.1645417508382348,0.21717673603662824,0.07577747226625915,7.577747226625914e-06,7.5777472266259145e-06,0.03290934764472519,0.0,-0.23501656308250185,-1.7966234873741875,-1.8929639555636997,0.23501656308250185
83.0,0.0,0.0,0.18470745104149244,-3.690958833631937,-2.2644276225042295,36.94149020829849,1.0,0.0,-2.1737723242829396,0.12,0.0,False,0.004236651023780405,0.18470745104149244,0.21183415640254663,0.07577747223129438,7.57774722312944e-06,7.577747223129441e-06,0.03694260993291285,0.0,0.3633099049056563,-1.4265312111277075,-1.5171865093489973,0.3633099049056563
84.0,0.0,0.0,0.1456021382777372,-4.285729994110504,-2.350413427458028,29.120427655547438,1.0,0.0,-2.2071242448039596,0.05,0.0,False,0.004157569300919308,0.1456021382777372,0.2078800402964261,0.07577747220400688,7.5777472204006916e-06,7.577747220400691e-06,0.02912131031781773,0.0,-0.594771160478567,-1.9353165666524759,-2.0786057493065444,0.594771160478567
85.0,0.0,0.0,0.19811223239592368,-3.7613899308776153,-2.434468726346306,39.62244647918474,1.0,0.0,-2.2348822840446347,0.33,0.0,False,0.0041341661259486455,0.19811223239592368,0.20670987268072535,0.07577747218271093,7.577747218271092e-06,7.577747218271093e-06,0.03962364746561831,0.0,0.5243400632328887,-1.3269212045313092,-1.5265076468329806,0.5243400632328887
86.0,0.0,0.0,0.13897633801553047,-4.479916514838061,-2.445625837342016,27.795267603106094,1.0,0.0,-2.3045326079303705,0.22,0.0,False,0.004021514116046466,0.13897633801553047,0.20107722950319323,0.07577747216609089,7.577747216609089e-06,7.577747216609091e-06,0.027796110098768728,0.0,-0.718526583960446,-2.0342906774960454,-2.175383906907691,0.718526583960446
87.0,0.0,0.0,0.20562820737155912,-4.080390540535651,-2.6172773386880146,41.12564147431183,1.0,0.0,-2.3715738943443823,0.33,0.0,False,0.003970799582662367,0.2056282073715591,0.1985414836188923,0.07577747215312015,7.577747215312016e-06,7.577747215312016e-06,0.04112688802372641,0.0,0.39952597430241,-1.4631132018476367,-1.708816646191269,0.39952597430241
88.0,0.0,0.0,0.15989337326374958,-4.112540146664432,-2.7295524892878156,31.978674652749916,1.0,0.0,-2.4235565311936815,0.4,0.0,False,0.003979851933509763,0.15989337326374956,0.19899410459108324,0.07577747214299738,7.5777472142997385e-06,7.577747214299739e-06,0.03197964395065591,0.0,-0.032149606128780484,-1.3829876573766162,-1.6889836154707503,0.032149606128780484
89.0,0.0,0.0,0.15825984932914228,-4.22007134500445,-2.8455395512647232,31.651969865828455,1.0,0.0,-2.481396226319963,0.44,0.0,False,0.003891668712175894,0.15825984932914228,0.19458491011288168,0.07577747213509727,7.57774721350973e-06,7.577747213509728e-06,0.031652929261064194,0.0,-0.10753119834001801,-1.3745317937397266,-1.7386751186844869,0.10753119834001801
90.0,0.0,0.0,0.16478292811478976,-4.1227750135351915,-2.7236500270747315,32.95658562295795,1.0,0.0,-2.5298816907163966,0.26,0.0,False,0.003860636899840674,0.16478292811478976,0.19303330773855903,0.07577747212893182,7.5777472128931844e-06,7.577747212893183e-06,0.03295758456208762,0.0,0.09729633146925831,-1.39912498646046,-1.592893322818795,0.09729633146925831
91.0,0.0,0.0,0.15315103385228893,-4.569636114251634,-2.7541575441249493,30.630206770457786,1.0,0.0,-2.5721796296878416,0.02,0.0,False,0.003942420408643156,0.1531510338522889,0.19712251416542084,0.07577747212412012,7.57774721241201e-06,7.577747212412012e-06,0.030631135195278283,0.0,-0.44686110071644247,-1.8154785701266847,-1.9974564845637923,0.44686110071644247
92.0,0.0,0.0,0.1935497121040677,-5.087300111682699,-2.860814980615599,38.70994242081354,1.0,0.0,-2.5912066480213105,0.3,0.0,False,0.0038814949063088315,0.1935497121040677,0.19407621596480182,0.0757774721203649,7.577747212036492e-06,7.577747212036491e-06,0.03871111574855535,0.0,-0.5176639974310646,-2.2264851310670997,-2.496093463661388,0.5176639974310646
93.0,0.0,0.0,0.24141969057284274,-5.5345514878759285,-2.8029111975044603,48.28393811456855,1.0,0.0,-2.634065659671395,0.2,0.0,False,0.003799155356944703,0.2414196905728427,0.18995920729918078,0.07577747211743423,7.57774721174342e-06,7.577747211743423e-06,0.04828540163738799,0.0,-0.44725137619322997,-2.7316402903714683,-2.9004858282045336,0.44725137619322997
94.0,0.0,0.0,0.2815037352200613,-5.743409370213678,-2.8146540919809278,56.300747044012255,1.0,0.0,-2.6730117350849185,0.2,0.0,False,0.0038416586745344755,0.2815037352200613,0.1920843892826392,0.07577747211514707,7.577747211514706e-06,7.577747211514704e-06,0.056302453562396354,0.0,-0.2088578823377496,-2.9287552782327504,-3.0703976351287596,0.2088578823377496
95.0,0.0,0.0,0.30063982009600587,-6.317941040749942,-2.8016372920928156,60.12796401920118,1.0,0.0,-2.7194074774680868,0.04,0.0,False,0.00378763786918789,0.3006398200960059,0.18938332854750947,0.07577747211336205,7.577747211336206e-06,7.577747211336206e-06,0.060129786543437216,0.0,-0.5745316705362642,-3.5163037486571267,-3.5985335632818556,0.5745316705362642
96.0,0.0,0.0,0.3550940834507138,-6.142915227665845,-2.839184239997103,71.01881669014276,1.0,0.0,-2.7368972606257027,-0.01,0.0,False,0.003951417549494942,0.3550940834507138,0.19757237461691285,0.07577747211196902,7.5777472111969e-06,7.5777472111969e-06,0.07102096932439111,0.0,0.1750258130840976,-3.3037309876687417,-3.406017967040142,0.1750258130840976
97.0,0.0,0.0,0.3332949238198904,-5.742932269540815,-3.0505157643060414,66.65898476397808,1.0,0.0,-2.766865665582775,0.32,0.0,False,0.0040583852049495914,0.3332949238198904,0.2029207979183379,0.07577747211088182,7.577747211088183e-06,7.5777472110881835e-06,0.0666610052484109,0.0,0.3999829581250296,-2.6924165052347737,-2.9760666039580403,0.3999829581250296
98.0,0.0,0.0,0.288775262620538,-5.2039517007190765,-3.1427641517818232,57.7550525241076,1.0,0.0,-2.8098397082329694,0.46,0.0,False,0.003992853991403763,0.288775262620538,0.19964421241209812,0.07577747211003336,7.5777472110033345e-06,7.5777472110033345e-06,0.05775680312359475,0.0,0.5389805688217386,-2.0611875489372533,-2.394111992486107,0.5389805688217386
99.0,0.0,0.0,0.23133007941163558,-6.061260821756235,-3.0690647540959732,46.26601588232712,1.0,0.0,-2.855070230038388,0.27,0.0,False,0.004039514497451943,0.23133007941163555,0.20197725539358302,0.07577747210937115,7.577747210937115e-06,7.577747210937117e-06,0.04626741824039162,0.0,-0.8573091210371588,-2.992196067660262,-3.2061905917178475,0.8573091210371588
100.0,0.0,0.0,0.3151163258168736,-6.443367051134191,-3.0266385527577753,63.02326516337472,1.0,0.0,-2.890563258559519,0.1,0.0,False,0.004015169704131226,0.3151163258168736,0.2007600065036126,0.0757774721088544,7.577747210885437e-06,7.5777472108854385e-06,0.06302517544638629,0.0,-0.382106229377956,-3.416728498376416,-3.5528037925746725,0.382106229377956
101.0,0.0,0.0,0.3499115374196054,-6.804134011168574,-3.0074682384637836,69.98230748392108,1.0,0.0,-2.909978169994548,0.1,0.0,False,0.004038175408219324,0.3499115374196053,0.20191030042458816,0.0757774721084511,7.577747210845108e-06,7.577747210845109e-06,0.06998442870078837,0.0,-0.3607669600343826,-3.7966657727047903,-3.894155841174026,0.3607669600343826
102.0,0.0,0.0,0.38446221491034005,-6.58625034521599,-3.1300655195852682,76.892442982068,1.0,0.0,-2.9441190998793036,0.1,0.0,False,0.004234061718263983,0.38446221491034005,0.2117046901456679,0.07577747210813633,7.577747210813634e-06,7.577747210813632e-06,0.07689477365038812,0.0,0.21788366595258424,-3.4561848256307215,-3.642131245336686,0.21788366595258424
103.0,0.0,0.0,0.3562803475068861,-6.270151909551817,-3.235561637939326,71.25606950137721,1.0,0.0,-2.9593661941913405,0.4,0.0,False,0.004216820800069194,0.3562803475068861,0.21084263770356243,0.07577747210789067,7.577747210789067e-06,7.577747210789068e-06,0.07125822932693826,0.0,0.3160984356641725,-3.0345902716124913,-3.3107857153604767,0.3160984356641725
104.0,0.0,0.0,0.3208049129623298,-5.361921303561956,-3.2485031107142106,64.16098259246597,1.0,0.0,-3.0233118800266503,0.23,0.0,False,0.004184374961212939,0.32080491296232977,0.20922033346743157,0.07577747210769896,7.577747210769899e-06,7.577747210769897e-06,0.06416292736055652,0.0,0.9082306059898615,-2.113418192847745,-2.3386094235353054,0.9082306059898615
105.0,0.0,0.0,0.2259007294263375,-5.491213146559348,-3.1509829196947035,45.1801458852675,1.0,0.0,-3.061981231001799,0.21,0.0,False,0.003980464052963843,0.22590072942633746,0.1990247107957108,0.07577747210754936,7.577747210754937e-06,7.577747210754936e-06,0.04518151532978805,0.0,-0.12929184299739216,-2.3402302268646444,-2.429231915557549,0.12929184299739216
106.0,0.0,0.0,0.23730459605489368,-5.455640368746035,-3.0539167529356592,47.46091921097874,1.0,0.0,-3.1028284183674644,-0.09,0.0,False,0.003932657646662099,0.23730459605489373,0.19663437236738057,0.07577747210743258,7.577747210743258e-06,7.577747210743259e-06,0.04746235778747025,0.0,0.035572777813312584,-2.401723615810376,-2.352811950378571,0.035572777813312584
107.0,0.0,0.0,0.23382815363130668,-5.162027717895605,-3.0215962929760325,46.765630726261335,1.0,0.0,-3.118077274298368,0.05,0.0,False,0.004125534545831899,0.23382815363130668,0.2062782904044898,0.07577747210734144,7.577747210734148e-06,7.577747210734146e-06,0.046767048228031044,0.0,0.29361265085043,-2.140431424919573,-2.0439504435972373,0.29361265085043
108.0,0.0,0.0,0.20357623537738131,-4.100811677558807,-2.9898913581465374,40.71524707547626,1.0,0.0,-3.1172702379010193,0.02,0.0,False,0.004106288494892286,0.2035762353773813,0.20531598056542377,0.07577747210727036,7.577747210727035e-06,7.577747210727035e-06,0.04071648118552433,0.0,1.0612160403367987,-1.1109203194122692,-0.9835414396577873,1.0612160403367987
109.0,0.0,0.0,0.09744408574375546,-4.6629913995621575,-2.9385667786979934,19.488817148751092,1.0,0.0,-3.1261882316593015,0.0,0.0,False,0.0040558755004012235,0.09744408574375547,0.2027953117400242,0.07577747210721485,7.577747210721488e-06,7.577747210721485e-06,0.01948940786959392,0.0,-0.5621797220033509,-1.724424620864164,-1.536803167902856,0.5621797220033509
110.0,0.0,0.0,0.15152539395304337,-5.529611392939518,-3.1001499401698744,30.305078790608675,1.0,0.0,-3.126333899788804,0.03,0.0,False,0.003977323920044336,0.15152539395304337,0.1988677029599788,0.07577747210717153,7.5777472107171526e-06,7.5777472107171526e-06,0.030305997360553057,0.0,-0.8666199933773608,-2.429461452769644,-2.403277493150714,0.8666199933773608
111.0,0.0,0.0,0.23857871316321286,-5.3174623277804836,-3.1399713199384216,47.71574263264257,1.0,0.0,-3.1476800489751566,0.09,0.0,False,0.003894395793382279,0.23857871316321283,0.194721265206457,0.0757774721071377,7.5777472107137695e-06,7.577747210713772e-06,0.047717188933025394,0.0,0.21214906515903476,-2.177491007842062,-2.169782278805327,0.21214906515903476
112.0,0.0,0.0,0.2133051397619323,-5.411307015710172,-3.1807287249464333,42.66102795238646,1.0,0.0,-3.143733866848482,-0.04,0.0,False,0.004001477515929162,0.2133051397619323,0.2000753919057123,0.07577747210711135,7.577747210711135e-06,7.5777472107111335e-06,0.04266232104053001,0.0,-0.09384468792968814,-2.2305782907637384,-2.2675731488616897,0.09384468792968814
113.0,0.0,0.0,0.2208287716339309,-5.21330735274991,-3.2256531559652464,44.16575432678618,1.0,0.0,-3.1843301115397695,0.06,0.0,False,0.003909182011358335,0.22082877163393091,0.19546058170757089,0.07577747210709075,7.577747210709075e-06,7.577747210709075e-06,0.04416709302432846,0.0,0.19799966296026206,-1.9876541967846633,-2.02897724121014,0.19799966296026206
114.0,0.0,0.0,0.19791146941944643,-5.025706654975786,-3.313915898218101,39.582293883889285,1.0,0.0,-3.2029356301404506,0.0,0.0,False,0.004071289415343705,0.19791146941944643,0.2035660133272858,0.07577747210707467,7.577747210707468e-06,7.5777472107074684e-06,0.03958349365326599,0.0,0.18760069777412358,-1.711790756757685,-1.8227710248353355,0.18760069777412358
115.0,0.0,0.0,0.17731570165461064,-4.850819460475166,-3.2192460174550233,35.46314033092213,1.0,0.0,-3.234117672401179,-0.02,0.0,False,0.004088501492292087,0.17731570165461064,0.20442662369614328,0.07577747210706212,7.5777472107062165e-06,7.577747210706214e-06,0.03546421524562757,0.0,0.17488719450062007,-1.6315734430201427,-1.616701788073987,0.17488719450062007
116.0,0.0,0.0,0.15732058636559107,-4.334360722783195,-3.409354310557521,31.464117273118216,1.0,0.0,-3.2524824557515,0.15,0.0,False,0.004068221133615426,0.15732058636559107,0.20341259807833875,0.07577747210705234,7.577747210705233e-06,7.577747210705234e-06,0.03146507097439889,0.0,0.5164587376919707,-0.9250064122256743,-1.081878267031695,0.5164587376919707
117.0,0.0,0.0,0.10245791138485182,-3.643870169223771,-3.4326872216915403,20.491582276970362,1.0,0.0,-3.277553990037531,0.28,0.0,False,0.003761571703063748,0.10245791138485182,0.18808001036516145,0.07577747210704468,7.57774721070447e-06,7.577747210704469e-06,0.020492203392385458,0.0,0.6904905535594241,-0.21118294753223088,-0.3663161791862404,0.6904905535594241
118.0,0.0,0.0,0.02939697973765562,-3.4076611483330637,-3.426464770149463,5.879395947531124,1.0,0.0,-3.3097427889270676,0.0,0.0,False,0.004012287202692475,0.02939697973765562,0.20061588033953162,0.07577747210703875,7.577747210703874e-06,7.5777472107038745e-06,0.005879574156485664,0.0,0.2362090208907075,0.018803621816399385,-0.09791835940599602,0.2362090208907075
119.0,0.0,0.0,0.0015863371924732276,-2.9853925279738682,-3.6363261993887357,0.3172674384946455,1.0,0.0,-3.3498892337031547,0.24,0.0,False,0.00402250287553077,0.003352322636786112,0.2011266678520357,0.0757774721070341,7.577747210703411e-06,7.5777472107034094e-06,0.00031727705511156134,0.0,0.42226862035919543,0.6509336714148675,0.3644967057292865,0.42226862035919543
120.0,0.0,0.0,-0.04260309835912244,-2.300637352855814,-3.5173127021840416,-8.520619671824488,1.0,0.0,-3.391797175365219,0.08,0.0,False,0.003965589431917663,0.04260309835912244,0.198280974107596,0.07577747210703047,7.577747210703047e-06,7.577747210703047e-06,-0.008520877938275207,0.0,0.6847551751180543,1.2166753493282276,1.0911598225094052,0.6847551751180543
121.0,0.0,0.0,-0.11665676050903323,-2.154724705526564,-3.5938721736966124,-23.331352101806647,1.0,0.0,-3.41143965334058,0.23,0.0,False,0.003998956450358262,0.11665676050903323,0.1999493376719675,0.07577747210702765,7.577747210702763e-06,7.577747210702764e-06,-0.023332059292800956,0.0,0.1459126473292498,1.4391474681700482,1.2567149478140158,0.1459126473292498
122.0,0.0,0.0,-0.13597908848869714,-2.607318770956273,-3.717165171769096,-27.195817697739425,1.0,0.0,-3.4672491577182227,0.23,0.0,False,0.004088307349996157,0.13597908848869714,0.20441691650778882,0.07577747210702544,7.577747210702544e-06,7.577747210702543e-06,-0.027196642023619676,0.0,-0.4525940654297087,1.109846400812823,0.8599303867619499,0.4525940654297087
123.0,0.0,0.0,-0.09574455041274438,-2.556453177470915,-3.9100279763846553,-19.148910082548877,1.0,0.0,-3.5145671111714596,0.46,0.0,False,0.0039793306073222165,0.0957445504127444,0.1989680380841813,0.0757774721070237,7.577747210702369e-06,7.577747210702371e-06,-0.019149490500550464,0.0,0.050865593485357685,1.35357479891374,0.9581139337005444,0.050865593485357685
124.0,0.0,0.0,-0.1091010411742342,-2.421565911046992,-3.9219652040763915,-21.82020823484684,1.0,0.0,-3.5648005514837076,0.49,0.0,False,0.004095716366173694,0.1091010411742342,0.20478737012384818,0.07577747210702236,7.577747210702234e-06,7.577747210702236e-06,-0.021820869621923353,0.0,0.13488726642392335,1.5003992930293997,1.1432346404367157,0.13488726642392335
125.0,0.0,0.0,-0.12626168794119078,-1.8052879602473118,-3.7684052958621557,-25.252337588238156,1.0,0.0,-3.647504926218778,-0.06,0.0,False,0.004199439061143073,0.12626168794119078,0.20997354417153524,0.07577747210702132,7.577747210702129e-06,7.577747210702131e-06,-0.02525310300576088,0.0,0.6162779507996801,1.963117335614844,1.8422169659714664,0.6162779507996801
126.0,0.0,0.0,-0.1928616977574352,-2.382714863830812,-3.8898681490144265,-38.57233955148704,1.0,0.0,-3.684230629416579,0.28,0.0,False,0.004213865481247392,0.1928616977574352,0.2106948706427395,0.07577747210702046,7.577747210702047e-06,7.577747210702049e-06,-0.038573508708381214,0.0,-0.5774269035835005,1.5071532851836142,1.301515765585767,0.5774269035835005
127.0,0.0,0.0,-0.13724021421177438,-2.147474633621917,-3.8152603282381476,-27.448042842354877,1.0,0.0,-3.7339780106812737,-0.04,0.0,False,0.004258210289595548,0.13724021421177438,0.21291212786183458,0.07577747210701986,7.577747210701988e-06,7.577747210701986e-06,-0.027448874813370737,0.0,0.23524023020889517,1.6677856946162306,1.5865033770593566,0.23524023020889517
128.0,0.0,0.0,-0.16583097389248824,-2.0355154651327627,-3.831920440086633,-33.16619477849765,1.0,0.0,-3.755169004531077,0.06,0.0,False,0.0043175239909003646,0.16583097389248824,0.21587783540028715,0.07577747210701936,7.577747210701936e-06,7.5777472107019365e-06,-0.033167200071039654,0.0,0.11195916848915433,1.7964049749538704,1.7196535393983141,0.11195916848915433
129.0,0.0,0.0,-0.18043993765906582,-2.031256091693553,-3.867243016146282,-36.08798753181316,1.0,0.0,-3.8058472038067905,0.01,0.0,False,0.004198212638322102,0.18043993765906577,0.20991222256581066,0.07577747210701898,7.577747210701896e-06,7.577747210701897e-06,-0.03608908138611161,0.0,0.004259373439209568,1.8359869244527287,1.7745911121132374,0.004259373439209568
130.0,0.0,0.0,-0.18428646525408063,-1.358419088974037,-4.021253706377043,-36.857293050816125,1.0,0.0,-3.8399832081351337,0.27,0.0,False,0.004307069819824267,0.18428646525408063,0.21535512288552902,0.07577747210701867,7.577747210701865e-06,7.577747210701866e-06,-0.03685841022334888,0.0,0.6728370027195161,2.6628346174030058,2.4815641191610966,0.6728370027195161
131.0,0.0,0.0,-0.25489248240626483,-1.6746079196388899,-3.9011266036056695,-50.97849648125297,1.0,0.0,-3.8741905680467603,-0.01,0.0,False,0.0041809945385892534,0.25489248240626483,0.20905131105544786,0.07577747210701846,7.577747210701843e-06,7.577747210701844e-06,-0.050980041678181875,0.0,-0.3161888306648528,2.2265186839667797,2.1995826484078704,0.3161888306648528
132.0,0.0,0.0,-0.22411634530056873,-2.145946225851266,-3.7761809602178795,-44.823269060113745,1.0,0.0,-3.907440488576562,-0.03,0.0,False,0.004165228259230376,0.22411634530056873,0.20826299111385999,0.07577747210701824,7.5777472107018255e-06,7.5777472107018255e-06,-0.044824627687426746,0.0,-0.47133830621237616,1.6302347343666135,1.761494262725296,0.47133830621237616
133.0,0.0,0.0,-0.1775585953833546,-3.225405014505771,-3.9733656600985094,-35.51171907667092,1.0,0.0,-3.9158562874950986,0.13,0.0,False,0.004059851485046469,0.1775585953833546,0.20299411247873675,0.07577747210701812,7.577747210701811e-06,7.57774721070181e-06,-0.03551279546383502,0.0,-1.079458788654505,0.7479606455927383,0.6904512729893275,1.079458788654505
134.0,0.0,0.0,-0.07544761001024329,-3.253098658565989,-4.08188161165675,-15.089522002048659,1.0,0.0,-3.9215994543923554,0.22,0.0,False,0.003982914429019727,0.07544761001024329,0.19914723052692154,0.07577747210701802,7.577747210701799e-06,7.577747210701799e-06,-0.015089979376915821,0.0,-0.027693644060217792,0.8287829530907613,0.6685007958263665,0.027693644060217792
135.0,0.0,0.0,-0.075922302028654,-2.7392935221043455,-4.279722722741696,-15.184460405730801,1.0,0.0,-3.979909700754019,0.23,0.0,False,0.003817736422795784,0.07592230202865402,0.19088826763186562,0.0757774721070179,7.577747210701789e-06,7.577747210701791e-06,-0.015184920658253052,0.0,0.5138051364616434,1.5404292006373508,1.2406161786496734,0.5138051364616434
136.0,0.0,0.0,-0.1321982507930299,-3.5285210046253295,-4.263385491170816,-26.439650158605982,1.0,0.0,-4.0123504448531495,0.3,0.0,False,0.0038986889764947735,0.13219825079302994,0.19493592598871454,0.07577747210701782,7.577747210701785e-06,7.577747210701784e-06,-0.026440451564474072,0.0,-0.789227482520984,0.734864486545487,0.48382944022782004,0.789227482520984
137.0,0.0,0.0,-0.05552921910639921,-4.1269242508496315,-4.18765243512087,-11.10584382127984,1.0,0.0,-4.061326118280954,0.09,0.0,False,0.003912679830741885,0.05552921910639921,0.19563547400202794,0.07577747210701778,7.577747210701776e-06,7.577747210701779e-06,-0.011106180447837115,0.0,-0.5984032462243021,0.060728184271238383,-0.06559813256867741,0.5984032462243021
138.0,0.0,0.0,-0.0005005601370965111,-4.816002015480963,-4.358017988651823,-0.10011202741930221,1.0,0.0,-4.083834235008581,0.34,0.0,False,0.0038489980597993514,0.003102460959754898,0.19245136132668314,0.07577747210701771,7.577747210701773e-06,7.577747210701773e-06,-0.00010011506189085381,0.0,-0.6890777646313317,-0.4579840268291404,-0.7321677804723823,0.6890777646313317
139.0,0.0,0.0,0.06376872621195781,-4.359840106376492,-4.4810380891599175,12.753745242391561,1.0,0.0,-4.1319300418765055,0.31,0.0,False,0.003966299410274116,0.06376872621195781,0.19831647329442043,0.07577747210701768,7.577747210701771e-06,7.577747210701769e-06,0.012754131818091922,0.0,0.4561619091044715,0.12119798278342575,-0.2279100644999863,0.4561619091044715
140.0,0.0,0.0,0.013625372421138628,-4.823670596813958,-4.4909241878729,2.7250744842277257,1.0,0.0,-4.178290592197027,0.26,0.0,False,0.004111517878309793,0.013625372421138628,0.20557745171764638,0.07577747210701767,7.577747210701768e-06,7.577747210701767e-06,0.0027251570833040956,0.0,-0.4638304904374664,-0.3327464089410581,-0.6453800046169311,0.4638304904374664
141.0,0.0,0.0,0.05600239318373743,-5.460840783385739,-4.294703918001836,11.200478636747487,1.0,0.0,-4.223581219683712,0.15,0.0,False,0.003930652771954499,0.05600239318373743,0.1965341278723789,0.07577747210701766,7.577747210701764e-06,7.5777472107017645e-06,0.011200818131757863,0.0,-0.6371701865717805,-1.166136865383903,-1.2372595637020263,0.6371701865717805
142.0,0.0,0.0,0.11609644527553856,-5.874975420644082,-4.313302097782929,23.219289055107712,1.0,0.0,-4.263625446377647,0.21,0.0,False,0.003760031726700516,0.11609644527553856,0.18800301096352223,0.07577747210701764,7.577747210701764e-06,7.577747210701764e-06,0.023219992849386,0.0,-0.41413463725834365,-1.5616733228611537,-1.6113499742664352,0.41413463725834365
143.0,0.0,0.0,0.15479843416326805,-5.7728102622550965,-4.298119801442947,30.95968683265361,1.0,0.0,-4.299832343154637,-0.06,0.0,False,0.003939897875719928,0.15479843416326802,0.19699638656350332,0.07577747210701764,7.577747210701764e-06,7.577747210701764e-06,0.030960625244264697,0.0,0.10216515838898577,-1.4746904608121492,-1.47297791910046,0.10216515838898577
144.0,0.0,0.0,0.14386973522484806,-5.7967957245444,-4.24470962937261,28.77394704496961,1.0,0.0,-4.326932427841268,0.05,0.0,False,0.003882079372492149,0.14386973522484806,0.19410543949541428,0.07577747210701764,7.577747210701764e-06,7.577747210701764e-06,0.02877481920514842,0.0,-0.023985462289303427,-1.5520860951717896,-1.4698632967031315,0.023985462289303427
145.0,0.0,0.0,0.14713682214484278,-6.107247256056247,-4.055491094932404,29.427364428968556,1.0,0.0,-4.334058399582378,-0.05,0.0,False,0.004009441019841949,0.14713682214484278,0.20047357011862277,0.07577747210701764,7.577747210701764e-06,7.577747210701764e-06,0.029428256394724316,0.0,-0.31045153151184746,-2.0517561611238433,-1.7731888564738698,0.31045153151184746
146.0,0.0,0.0,0.17906957596973772,-6.654953280321151,-4.2164608676894195,35.813915193947544,1.0,0.0,-4.325371754813794,0.07,0.0,False,0.0039055207284175277,0.17906957596973772,0.19527751617331668,0.07577747210701764,7.577747210701764e-06,7.577747210701764e-06,0.03581500074090537,0.0,-0.5477060242649037,-2.4384924126317316,-2.329581525507357,0.5477060242649037
147.0,0.0,0.0,0.2326421801884404,-6.7054120574259475,-4.26240621107913,46.52843603768808,1.0,0.0,-4.31648364915988,-0.02,0.0,False,0.0039043653636568654,0.2326421801884404,0.1952197474975305,0.07577747210701764,7.577747210701764e-06,7.577747210701764e-06,0.046529846349906666,0.0,-0.050458777104796404,-2.443005846346818,-2.388928408266067,0.050458777104796404
148.0,0.0,0.0,0.23362798460833312,-6.782143178554446,-4.444834424170201,46.72559692166662,1.0,0.0,-4.328443333255149,0.1,0.0,False,0.0039178978509477515,0.23362798460833312,0.19589637698936324,0.07577747210701764,7.577747210701764e-06,7.577747210701764e-06,0.046727013209981266,0.0,-0.07673112112849889,-2.337308754384245,-2.4536998452992975,0.07673112112849889
149.0,0.0,0.0,0.23817876394119075,-7.741121875018957,-4.54865801220096,47.63575278823815,1.0,0.0,-4.369043692652183,0.19,0.0,False,0.003961508689591652,0.23817876394119075,0.1980769354451538,0.07577747210701764,7.577747210701764e-06,7.577747210701764e-06,0.047637196664068064,0.0,-0.9589786964645111,-3.1924638628179975,-3.3720781823667743,0.9589786964645111
150.0,0.0,0.0,0.33111369327411916,-7.99768214971549,-4.474978645858391,66.22273865482383,1.0,0.0,-4.400265296219336,0.02,0.0,False,0.004025034851166376,0.33111369327411905,0.2012532675931497,0.07577747210701764,7.577747210701764e-06,7.577747210701764e-06,0.06622474591630576,0.0,-0.25656027469653253,-3.522703503857099,-3.5974168534961537,0.25656027469653253
151.0,0.0,0.0,0.3534895518294254,-7.517715396043069,-4.549989016911243,70.69791036588508,1.0,0.0,-4.429859487484487,0.06,0.0,False,0.0041590347204564105,0.3534895518294254,0.20795331182850815,0.07577747210701764,7.577747210701764e-06,7.577747210701764e-06,0.07070005327321892,0.0,0.4799667536724206,-2.9677263791318262,-3.0878559085585824,0.4799667536724206
152.0,0.0,0.0,0.3013102795863808,-6.703288536693168,-4.671743593990265,60.26205591727616,1.0,0.0,-4.462652698697969,0.17,0.0,False,0.004356038104285174,0.3013102795863808,0.21780355566203846,0.07577747210701764,7.577747210701764e-06,7.577747210701764e-06,0.06026388250593923,0.0,0.8144268593499016,-2.0315449427029026,-2.2406358379951987,0.8144268593499016
153.0,0.0,0.0,0.21840088077411465,-6.56671412273154,-4.5375142022061015,43.68017615482293,1.0,0.0,-4.50449843752273,0.17,0.0,False,0.0042182244463885455,0.21840088077411465,0.21091282055135388,0.07577747210701764,7.577747210701764e-06,7.577747210701764e-06,0.04368150013412219,0.0,0.13657441396162806,-2.0291999205254383,-2.06221568520881,0.13657441396162806
154.0,0.0,0.0,0.20206136977073977,-6.2800547300564995,-4.682519657051989,40.412273954147956,1.0,0.0,-4.519196979618768,0.2,0.0,False,0.004076911330548947,0.20206136977073977,0.2038471112176205,0.07577747210701764,7.577747210701764e-06,7.577747210701764e-06,0.04041349888085067,0.0,0.28665939267504026,-1.5975350730045106,-1.7608577504377312,0.28665939267504026
155.0,0.0,0.0,0.16775576473939696,-5.6923469517928735,-4.742006025989079,33.551152947879395,1.0,0.0,-4.546023866525085,0.21,0.0,False,0.00401678115124638,0.16775576473939693,0.2008405794699272,0.07577747210701764,7.577747210701764e-06,7.577747210701764e-06,0.033552169908795754,0.0,0.587707778263626,-0.9503409258037943,-1.1463230852677881,0.587707778263626
156.0,0.0,0.0,0.1063641200881492,-5.6055615995735915,-4.709122174738215,21.27282401762984,1.0,0.0,-4.602433522123615,0.07,0.0,False,0.004163955976993067,0.1063641200881492,0.20819937651994286,0.07577747210701764,7.577747210701764e-06,7.577747210701764e-06,0.021273468813075177,0.0,0.08678535221928207,-0.8964394248353766,-1.0031280774499765,0.08678535221928207
157.0,0.0,0.0,0.09603033204044083,-5.790670347875707,-4.714339273551754,19.206066408088166,1.0,0.0,-4.628665450890667,-0.01,0.0,False,0.004201567432244581,0.09603033204044081,0.21007996353302355,0.07577747210701764,7.577747210701764e-06,7.577747210701764e-06,0.01920664855854137,0.0,-0.18510874830211588,-1.076331074323953,-1.1620048969850405,0.18510874830211588
158.0,0.0,0.0,0.11285537495454609,-6.18099029715889,-4.692794129603769,22.571074990909217,1.0,0.0,-4.645221894490146,0.02,0.0,False,0.00415423177019153,0.11285537495454609,0.20771316249548696,0.07577747210701764,7.577747210701764e-06,7.577747210701764e-06,0.02257175913732713,0.0,-0.3903199492831826,-1.4881961675551212,-1.5357684026687437,0.3903199492831826
159.0,0.0,0.0,0.14982987866884503,-7.174284462920439,-4.668325860129294,29.965975733769007,1.0,0.0,-4.662073838855108,0.09,0.0,False,0.00405607800722811,0.14982987866884503,0.20280543715809576,0.07577747210701764,7.577747210701764e-06,7.577747210701764e-06,0.029966884025242307,0.0,-0.993294165761549,-2.5059586027911447,-2.5122106240653306,0.993294165761549
160.0,0.0,0.0,0.2475399792467404,-7.107543771942264,-4.748638000131529,49.50799584934808,1.0,0.0,-4.682634741823183,0.0,0.0,False,0.004230468509183594,0.2475399792467404,0.21152502833022685,0.07577747210701764,7.577747210701764e-06,7.577747210701764e-06,0.04950949647428649,0.0,0.06674069097817537,-2.3589057718107345,-2.424909030119081,0.06674069097817537
161.0,0.0,0.0,0.23952262105342215,-6.686102136128296,-4.692918876879941,47.90452421068443,1.0,0.0,-4.698790880683674,0.1,0.0,False,0.0039806466021353425,0.23952262105342215,0.19903383832345142,0.07577747210701764,7.577747210701764e-06,7.577747210701764e-06,0.04790597623318019,0.0,0.42144163581396743,-1.9931832592483554,-1.987311255444622,0.42144163581396743
162.0,0.0,0.0,0.19435624965171594,-6.671894492865894,-4.790196464770628,38.87124993034319,1.0,0.0,-4.712226809314365,0.02,0.0,False,0.0037428943939190875,0.19435624965171594,0.18714613783133202,0.07577747210701764,7.577747210701764e-06,7.577747210701764e-06,0.03887242814743787,0.0,0.014207643262402314,-1.8816980280952658,-1.9596676835515288,0.014207643262402314
163.0,0.0,0.0,0.189255409369798,-6.313599026234508,-4.710864219497687,37.8510818739596,1.0,0.0,-4.742466000484704,0.0,0.0,False,0.003649667749365393,0.189255409369798,0.18248477028125004,0.07577747210701764,7.577747210701764e-06,7.577747210701764e-06,0.03785222916898603,0.0,0.358295466631386,-1.6027348067368212,-1.5711330257498037,0.358295466631386
164.0,0.0,0.0,0.14970595046974142,-6.220558732036378,-4.732388305275866,29.941190093948283,1.0,0.0,-4.779268692685393,-0.13,0.0,False,0.0035410641939596014,0.14970595046974142,0.177054551362446,0.07577747210701764,7.577747210701764e-06,7.577747210701764e-06,0.029942097634150025,0.0,0.09304029419813009,-1.4881704267605116,-1.441290039350985,0.09304029419813009
165.0,0.0,0.0,0.13871233299302077,-5.567482846598975,-4.70672906727847,27.742466598604153,1.0,0.0,-4.816482799844665,-0.09,0.0,False,0.0036868329318080015,0.13871233299302077,0.18434304348479832,0.07577747210701764,7.577747210701764e-06,7.577747210701764e-06,0.02774330749382758,0.0,0.6530758854374028,-0.8607537793205049,-0.7510000467543101,0.6530758854374028
166.0,0.0,0.0,0.07572289131610568,-5.463594453341051,-4.662108365584562,15.144578263221137,1.0,0.0,-4.83338284575645,0.22,0.0,False,0.003649815168452989,0.0757228913161057,0.18249214129148503,0.07577747210701764,7.577747210701764e-06,7.577747210701764e-06,0.015145037306885371,0.0,0.10388839325792354,-0.8014860877564898,-0.6302116075846014,0.10388839325792354
167.0,0.0,0.0,0.0674399916394754,-4.462168605080318,-4.564516393456976,13.48799832789508,1.0,0.0,-4.810225242991496,0.18,0.0,False,0.003495543191915637,0.0674399916394754,0.17477848401291543,0.07577747210701764,7.577747210701764e-06,7.577747210701764e-06,0.013488407159363874,0.0,1.001425848260733,0.10234778837665726,0.3480566379111778,1.001425848260733
168.0,0.0,0.0,-0.02982640214192215,-5.443334630013671,-4.446900244868126,-5.96528042838443,1.0,0.0,-4.789168984785872,0.22,0.0,False,0.003584969066199336,0.02982640214192215,0.17924981160943387,0.07577747210701764,7.577747210701764e-06,7.577747210701764e-06,-0.005965461240562784,0.0,-0.9811660249333523,-0.9964343851455446,-0.6541656452277991,0.9811660249333523
169.0,0.0,0.0,0.06997203328092814,-6.318435693460166,-4.452716498197056,13.994406656185628,1.0,0.0,-4.760443927346321,0.15,0.0,False,0.0037956156891932606,0.06997203328092814,0.18978222257047309,0.07577747210701764,7.577747210701764e-06,7.577747210701764e-06,0.013994830837275297,0.0,-0.8751010634464951,-1.86571919526311,-1.5579917661138447,0.8751010634464951
170.0,0.0,0.0,0.15795921102933544,-6.8336782349820755,-4.572974458341647,31.59184220586709,1.0,0.0,-4.7435877856853885,0.02,0.0,False,0.003664850144910058,0.15795921102933544,0.183243895810901,0.07577747210701764,7.577747210701764e-06,7.577747210701764e-06,0.03159279977858744,0.0,-0.5152425415219097,-2.2607037766404288,-2.090090449296687,0.5152425415219097
171.0,0.0,0.0,0.21403284450994634,-8.04727352684627,-4.606778232916186,42.806568901989266,1.0,0.0,-4.7387837344182735,0.14,0.0,False,0.003677509061100606,0.21403284450994634,0.1838768464167318,0.07577747210701764,7.577747210701764e-06,7.577747210701764e-06,0.04280786640158949,0.0,-1.2135952918641948,-3.440495293930084,-3.308489792427997,1.2135952918641948
172.0,0.0,0.0,0.33600597015514666,-7.542606616945609,-4.5910509349915785,67.20119403102933,1.0,0.0,-4.69326869554309,-0.02,0.0,False,0.0037792400072557517,0.33600597015514666,0.18896343226905873,0.07577747210701764,7.577747210701764e-06,7.577747210701764e-06,0.0672032309502365,0.0,0.5046669099006609,-2.951555681954031,-2.84933792140252,0.5046669099006609
173.0,0.0,0.0,0.2859874780081611,-8.148714258799684,-4.4629249638261825,57.19749560163222,1.0,0.0,-4.687086516879651,-0.02,0.0,False,0.0036935257828386043,0.28598747800816104,0.18467768857216516,0.07577747210701764,7.577747210701764e-06,7.577747210701764e-06,0.05719922930114565,0.0,-0.6061076418540745,-3.6857892949735014,-3.461627741920033,0.6061076418540745
174.0,0.0,0.0,0.34870100892444555,-7.723208120534766,-4.437019406190898,69.74020178488911,1.0,0.0,-4.682623479823313,0.14,0.0,False,0.004004013534250596,0.34870100892444555,0.20020219378264928,0.07577747210701764,7.577747210701764e-06,7.577747210701764e-06,0.0697423156633488,0.0,0.4255061382649181,-3.2861887143438677,-3.0405846407114527,0.4255061382649181
175.0,0.0,0.0,0.30518193441126246,-6.9534312154303555,-4.634504639663976,61.03638688225249,1.0,0.0,-4.661572051150345,0.07,0.0,False,0.0038784826068391097,0.30518193441126246,0.19392559984999327,0.07577747210701764,7.577747210701764e-06,7.577747210701764e-06,0.06103823694147495,0.0,0.7697769051044103,-2.3189265757663797,-2.2918591642800106,0.7697769051044103
176.0,0.0,0.0,0.22693394711089301,-7.539659721040649,-4.7997457902504586,45.3867894221786,1.0,0.0,-4.671273146844531,0.05,0.0,False,0.0038556852910525755,0.22693394711089301,0.19278572542305175,0.07577747210701764,7.577747210701764e-06,7.577747210701764e-06,0.04538816513022158,0.0,-0.5862285056102934,-2.7399139307901903,-2.8683865741961174,0.5862285056102934
177.0,0.0,0.0,0.28467529584530044,-7.567665308103451,-4.810672357789712,56.93505916906009,1.0,0.0,-4.684005761917191,0.09,0.0,False,0.003910334499390321,0.28467529584530044,0.19551820654583332,0.07577747210701764,7.577747210701764e-06,7.577747210701764e-06,0.05693678491392601,0.0,-0.028005587062802206,-2.756992950313739,-2.8836595461862604,0.028005587062802206
178.0,0.0,0.0,0.28058552948382104,-7.75948548294599,-4.856377848020556,56.11710589676421,1.0,0.0,-4.692798902716195,0.28,0.0,False,0.003844503138773509,0.28058552948382104,0.19222661357232232,0.07577747210701764,7.577747210701764e-06,7.577747210701764e-06,0.056118806848845494,0.0,-0.19182017484253855,-2.9031076349254334,-3.0666865802297947,0.19182017484253855
179.0,0.0,0.0,0.2952408048198342,-8.325900835891645,-4.845304826682478,59.04816096396684,1.0,0.0,-4.7617037029545735,0.09,0.0,False,0.0038704644383773046,0.2952408048198342,0.1935246883889204,0.07577747210701764,7.577747210701764e-06,7.577747210701764e-06,0.05904995075855234,0.0,-0.566415352945655,-3.480596009209167,-3.564197132937071,0.566415352945655
180.0,0.0,0.0,0.34998065392077343,-8.304477041116384,-4.762523912592094,69.99613078415469,1.0,0.0,-4.80696557173839,0.01,0.0,False,0.0037816838155048473,0.3499806539207735,0.18908562360744166,0.07577747210701764,7.577747210701764e-06,7.577747210701764e-06,0.06999825242001664,0.0,0.02142379477526113,-3.5419531285242893,-3.4975114693779936,0.02142379477526113
181.0,0.0,0.0,0.346728664357073,-8.826155015841502,-4.7491500428669005,69.3457328714146,1.0,0.0,-4.825961693437711,-0.15,0.0,False,0.003950020635403002,0.3467286643570729,0.1975025283830427,0.07577747210701764,7.577747210701764e-06,7.577747210701764e-06,0.06934783479322205,0.0,-0.5216779747251188,-4.077004972974602,-4.000193322403791,0.5216779747251188
182.0,0.0,0.0,0.3991769644569322,-8.749578431158186,-4.895318638588216,79.83539289138643,1.0,0.0,-4.837059026437197,-0.03,0.0,False,0.00391934729415295,0.3991769644569322,0.1959688496987988,0.07577747210701764,7.577747210701764e-06,7.577747210701764e-06,0.07983781276275238,0.0,0.07657658468331618,-3.8542597925699704,-3.912519404720989,0.07657658468331618
183.0,0.0,0.0,0.3919475908536534,-8.851679599522736,-4.906612086062885,78.38951817073068,1.0,0.0,-4.834234128165735,-0.06,0.0,False,0.004010055815956011,0.3919475908536533,0.20050431015726433,0.07577747210701764,7.577747210701764e-06,7.577747210701764e-06,0.0783918942165362,0.0,-0.10210116836455008,-3.9450675134598514,-4.017445471357001,0.10210116836455008
184.0,0.0,0.0,0.40105122626746575,-9.874253823791124,-4.812212570952139,80.21024525349316,1.0,0.0,-4.82995401863349,-0.08,0.0,False,0.003998837678872581,0.40105122626746575,0.19994339905268235,0.07577747210701764,7.577747210701764e-06,7.577747210701764e-06,0.08021267648691877,0.0,-1.0225742242683875,-5.062041252838985,-5.0442998051576335,1.0225742242683875
185.0,0.0,0.0,0.50501376141758,-9.31104757679039,-4.832411847236544,101.002752283516,1.0,0.0,-4.841015383607523,0.08,0.0,False,0.004018469551625767,0.50501376141758,0.20092500012861028,0.07577747210701764,7.577747210701764e-06,7.577747210701764e-06,0.10100581375361443,0.0,0.5632062470007337,-4.478635729553846,-4.470032193182867,0.5632062470007337
186.0,0.0,0.0,0.4495730649748516,-10.329965395363224,-4.745607955727302,89.91461299497033,1.0,0.0,-4.823924866284231,0.01,0.0,False,0.004104912463797,0.4495730649748516,0.20524717848929858,0.07577747210701764,7.577747210701764e-06,7.577747210701764e-06,0.0899173383751493,0.0,-1.0189178185728345,-5.584357439635922,-5.5060405290789936,1.0189178185728345
187.0,0.0,0.0,0.5529009740779017,-11.053290189825614,-4.729960334802088,110.58019481558034,1.0,0.0,-4.815146589489922,0.07,0.0,False,0.004111835431373031,0.5529009740779017,0.2055933294911251,0.07577747210701764,7.577747210701764e-06,7.577747210701764e-06,0.11058354658523267,0.0,-0.7233247944623891,-6.323329855023525,-6.238143600335691,0.7233247944623891
188.0,0.0,0.0,0.6234746359721566,-10.731959883633209,-4.8191534477535924,124.69492719443132,1.0,0.0,-4.800746167393507,-0.07,0.0,False,0.004110513037168487,0.6234746359721566,0.20552720927985935,0.07577747210701764,7.577747210701764e-06,7.577747210701764e-06,0.12469870679233731,0.0,0.32133030619240444,-5.912806435879617,-5.931213716239702,0.32133030619240444
189.0,0.0,0.0,0.5929752003300027,-10.514402592713141,-4.617765995635965,118.59504006600055,1.0,0.0,-4.81830760344487,0.12,0.0,False,0.003983363020453464,0.5929752003300027,0.19916966026857402,0.07577747210701764,7.577747210701764e-06,7.577747210701764e-06,0.11859863477169692,0.0,0.21755729092006781,-5.896636597077176,-5.696094989268271,0.21755729092006781
190.0,0.0,0.0,0.5677626128438159,-10.287973552559404,-4.813977766924555,113.55252256876318,1.0,0.0,-4.801983209524671,0.03,0.0,False,0.004012172221288902,0.5677626128438159,0.20061013122578794,0.07577747210701764,7.577747210701764e-06,7.577747210701764e-06,0.11355596443192616,0.0,0.22642904015373766,-5.473995785634848,-5.485990343034732,0.22642904015373766
191.0,0.0,0.0,0.5409871228588978,-9.956671811205798,-4.976251655767251,108.19742457177956,1.0,0.0,-4.836561346197198,0.17,0.0,False,0.003882947817932715,0.5409871228588978,0.1941488620964853,0.07577747210701764,7.577747210701764e-06,7.577747210701764e-06,0.1082007041178569,0.0,0.3313017413536059,-4.980420155438547,-5.1201104650086,0.3313017413536059
192.0,0.0,0.0,0.505714182535096,-9.58018295855704,-5.008652046972878,101.14283650701921,1.0,0.0,-4.877897350787368,0.11,0.0,False,0.0038883633151267916,0.505714182535096,0.19441963900805295,0.07577747210701764,7.577747210701764e-06,7.577747210701764e-06,0.10114590222317679,0.0,0.3764888526487571,-4.571530911584163,-4.702285607769673,0.3764888526487571
193.0,0.0,0.0,0.4639702734151243,-10.53801802972034,-4.931553389908603,92.79405468302487,1.0,0.0,-4.899338377143036,-0.12,0.0,False,0.0039817333107763685,0.4639702734151243,0.19908817416724295,0.07577747210701764,7.577747210701764e-06,7.577747210701764e-06,0.09279686734126734,0.0,-0.9578350711632986,-5.606464639811736,-5.638679652577303,0.9578350711632986
194.0,0.0,0.0,0.5576211841766445,-10.503975500741952,-4.954999152058272,111.5242368353289,1.0,0.0,-4.940304431933541,-0.05,0.0,False,0.003848642878478625,0.5576211841766445,0.19243360212607297,0.07577747210701764,7.577747210701764e-06,7.577747210701764e-06,0.11152761721961152,0.0,0.034042528978387665,-5.54897634868368,-5.563671068808411,0.034042528978387665
195.0,0.0,0.0,0.5525788410231282,-10.640797667045291,-5.086455924185548,110.51576820462563,1.0,0.0,-4.961594912335249,0.05,0.0,False,0.0038275597328642713,0.5525788410231282,0.1913794368572181,0.07577747210701764,7.577747210701764e-06,7.577747210701764e-06,0.11051911802145847,0.0,-0.13682216630333954,-5.5543417428597435,-5.679202754710042,0.13682216630333954
196.0,0.0,0.0,0.5606654521633614,-9.694201774974957,-5.159986519560935,112.13309043267228,1.0,0.0,-4.977977725372113,0.36,0.0,False,0.003839490516134699,0.5606654521633614,0.1919759805411623,0.07577747210701764,7.577747210701764e-06,7.577747210701764e-06,0.11213648927176964,0.0,0.9465958920703343,-4.534215255414022,-4.716224049602844,0.9465958920703343
197.0,0.0,0.0,0.4648876755898252,-9.281706446095024,-4.919819766883481,92.97753511796503,1.0,0.0,-5.03393071635837,0.01,0.0,False,0.004068918616771001,0.4648876755898252,0.20344747250038492,0.07577747210701764,7.577747210701764e-06,7.577747210701764e-06,0.09298035333763878,0.0,0.4124953288799329,-4.361886679211543,-4.247775729736654,0.4124953288799329
198.0,0.0,0.0,0.4213548177644481,-8.520142988517124,-4.943875200546806,84.27096355288963,1.0,0.0,-5.045148879012361,-0.22,0.0,False,0.003984016347664047,0.42135481776444805,0.19920232687664075,0.07577747210701764,7.577747210701764e-06,7.577747210701764e-06,0.0842735178697696,0.0,0.7615634575778998,-3.576267787970318,-3.474994109504763,0.7615634575778998
199.0,0.0,0.0,0.3441825232342399,-9.261411443486544,-4.837655855724753,68.83650464684798,1.0,0.0,-5.067998622435796,-0.08,0.0,False,0.0038702828513772877,0.3441825232342399,0.19351560897011844,0.07577747210701764,7.577747210701764e-06,7.577747210701764e-06,0.06883859113356137,0.0,-0.7412684549694202,-4.423755587761791,-4.193412821050749,0.7412684549694202
200.0,0.0,0.0,0.4170095284307326,-9.200588566184537,-5.013106912914312,83.40190568614652,1.0,0.0,-5.078187349766958,-0.06,0.0,False,0.0037574898574977873,0.4170095284307326,0.18787591654030378,0.07577747210701764,7.577747210701764e-06,7.577747210701764e-06,0.0834044336612228,0.0,0.06082287730200697,-4.1874816532702255,-4.122401216417579,0.06082287730200697
201.0,0.0,0.0,0.4098353654199744,-9.067861106791431,-5.057232210940608,81.96707308399488,1.0,0.0,-5.0911581595396775,-0.14,0.0,False,0.003991769372667982,0.4098353654199744,0.19958998106436057,0.07577747210701764,7.577747210701764e-06,7.577747210701764e-06,0.08196955756820573,0.0,0.13272745939310582,-4.010628895850823,-3.976702947251754,0.13272745939310582
202.0,0.0,0.0,0.395152323736522,-9.44774681318682,-5.100375478126752,79.03046474730439,1.0,0.0,-5.10207963054494,-0.06,0.0,False,0.003888208518118257,0.395152323736522,0.1944118990989755,0.07577747210701764,7.577747210701764e-06,7.577747210701764e-06,0.07903286022068723,0.0,-0.3798857063953882,-4.347371335060068,-4.34566718264188,0.3798857063953882
203.0,0.0,0.0,0.4315517658674596,-9.865749728848245,-5.250129238459822,86.31035317349192,1.0,0.0,-5.116188151205265,-0.01,0.0,False,0.00406882840597217,0.4315517658674596,0.2034429619262637,0.07577747210701764,7.577747210701764e-06,7.577747210701764e-06,0.08631296930581951,0.0,-0.41800291566142533,-4.615620490388423,-4.74956157764298,0.41800291566142533
204.0,0.0,0.0,0.4748670833815781,-9.164216959410119,-5.222789833216273,94.97341667631562,1.0,0.0,-5.132065645002724,0.01,0.0,False,0.003838865366790597,0.474867083381578,0.1919447228370961,0.07577747210701764,7.577747210701764e-06,7.577747210701764e-06,0.09497629539267459,0.0,0.7015327694381259,-3.9414271261938456,-4.032151314407395,0.7015327694381259
205.0,0.0,0.0,0.4004621437381669,-7.947478337216154,-5.326771622587223,80.09242874763338,1.0,0.0,-5.1168989738966415,0.16,0.0,False,0.003873957940148585,0.4004621437381669,0.19369936480112795,0.07577747210701764,7.577747210701764e-06,7.577747210701764e-06,0.08009485640995125,0.0,1.2167386221939651,-2.6207067146289313,-2.8305793633195124,1.2167386221939651
206.0,0.0,0.0,0.2776355111871153,-7.859469241959596,-5.398429939478245,55.527102237423065,1.0,0.0,-5.1594437919838185,0.1,0.0,False,0.003587528977510524,0.27763551118711527,0.1793778081449113,0.07577747210701764,7.577747210701764e-06,7.577747210701764e-06,0.05552878530604554,0.0,0.08800909525655776,-2.4610393024813515,-2.7000254499757776,0.08800909525655776
207.0,0.0,0.0,0.266629826463171,-8.071692649082816,-5.4276832443685326,53.3259652926342,1.0,0.0,-5.17101803275898,0.13,0.0,False,0.003653519962802604,0.266629826463171,0.1826773824126656,0.07577747210701764,7.577747210701764e-06,7.577747210701764e-06,0.05332758164312487,0.0,-0.2122234071232203,-2.644009404714284,-2.900674616323837,0.2122234071232203
208.0,0.0,0.0,0.2850424843088169,-7.844878082628507,-5.315942462358753,57.008496861763376,1.0,0.0,-5.193069954656701,0.02,0.0,False,0.0037901312978051317,0.2850424843088169,0.18950800092310022,0.07577747210701764,7.577747210701764e-06,7.577747210701764e-06,0.057010224832581516,0.0,0.2268145664543093,-2.5289356202697544,-2.6518081279718064,0.2268145664543093
209.0,0.0,0.0,0.2614460539365933,-7.900736198108786,-5.153022355671436,52.28921078731866,1.0,0.0,-5.22115980700013,-0.04,0.0,False,0.003980650880575757,0.2614460539365933,0.19903405224709314,0.07577747210701764,7.577747210701764e-06,7.577747210701764e-06,0.05229079571299322,0.0,-0.055858115480278414,-2.7477138424373493,-2.6795763911086556,0.055858115480278414
210.0,0.0,0.0,0.2658414635489545,-8.33837412751153,-5.073480717517738,53.1682927097909,1.0,0.0,-5.230318484657278,-0.02,0.0,False,0.003923951720390757,0.26584146354895455,0.19619907275524798,0.07577747210701764,7.577747210701764e-06,7.577747210701764e-06,0.053169904281105886,0.0,-0.4376379294027446,-3.2648934099937925,-3.108055642854252,0.4376379294027446
211.0,0.0,0.0,0.31061763657211966,-8.171023193309216,-5.1820995246999955,62.12352731442393,1.0,0.0,-5.242220838648799,-0.11,0.0,False,0.003970495594491342,0.3106176365721196,0.19852628409516293,0.07577747210701764,7.577747210701764e-06,7.577747210701764e-06,0.06212541032569819,0.0,0.1673509342023145,-2.98892366860922,-2.9288023546604167,0.1673509342023145
212.0,0.0,0.0,0.29243273975618767,-8.156460157433193,-5.179318684737606,58.48654795123753,1.0,0.0,-5.232080072693881,-0.03,0.0,False,0.003921289473434349,0.29243273975618767,0.19606595939873583,0.07577747210701764,7.577747210701764e-06,7.577747210701764e-06,0.058488320722906266,0.0,0.014563035876022923,-2.977141472695587,-2.9243800847393118,0.014563035876022923
213.0,0.0,0.0,0.287560271601772,-7.921736540492135,-5.318592279019157,57.5120543203544,1.0,0.0,-5.2465849966784415,-0.04,0.0,False,0.004049606204076887,0.287560271601772,0.20248184454845028,0.07577747210701764,7.577747210701764e-06,7.577747210701764e-06,0.057513797554381386,0.0,0.23472361694105803,-2.603144261472978,-2.6751515438136932,0.23472361694105803
214.0,0.0,0.0,0.2593081436283661,-8.251575035139805,-5.318953302660925,51.861628725673214,1.0,0.0,-5.280748488463174,0.11,0.0,False,0.004142498011994697,0.2593081436283661,0.20712647013987262,0.07577747210701764,7.577747210701764e-06,7.577747210701764e-06,0.051863200691010886,0.0,-0.32983849464767,-2.9326217324788795,-2.970826546676631,0.32983849464767
215.0,0.0,0.0,0.28527478643389137,-8.849233239311348,-5.4784124895632695,57.054957286778276,1.0,0.0,-5.328556855630373,0.36,0.0,False,0.003995344541567332,0.28527478643389137,0.1997687408639143,0.07577747210701764,7.577747210701764e-06,7.577747210701764e-06,0.05705668666584717,0.0,-0.5976582041715428,-3.370820749748078,-3.520676383680975,0.5976582041715428
216.0,0.0,0.0,0.3428938467852056,-9.251514026681196,-5.389561654450132,68.57876935704112,1.0,0.0,-5.398719083790034,-0.01,0.0,False,0.00405205316420345,0.3428938467852056,0.2026041934819006,0.07577747210701764,7.577747210701764e-06,7.577747210701764e-06,0.06858084803160222,0.0,-0.4022807873698486,-3.8619523722310642,-3.852794942891162,0.4022807873698486
217.0,0.0,0.0,0.3828403794749532,-9.435640941147305,-5.3210357892856495,76.56807589499064,1.0,0.0,-5.420164853314743,0.08,0.0,False,0.003943745743851196,0.3828403794749532,0.19718878142797538,0.07577747210701764,7.577747210701764e-06,7.577747210701764e-06,0.07657039673149803,0.0,-0.18412691446610907,-4.114605151861656,-4.015476087832562,0.18412691446610907
218.0,0.0,0.0,0.3969698954137121,-10.001860052059422,-5.543854056531101,79.39397908274242,1.0,0.0,-5.422965178550783,0.17,0.0,False,0.004063149155162357,0.3969698954137121,0.2031589972339767,0.07577747210701764,7.577747210701764e-06,7.577747210701764e-06,0.07939638557452072,0.0,-0.5662191109121171,-4.458005995528321,-4.57889487350864,0.5662191109121171
219.0,0.0,0.0,0.4518516608728397,-10.077295476282549,-5.526912974860423,90.37033217456793,1.0,0.0,-5.465791580134304,0.11,0.0,False,0.003757671465537707,0.45185166087283973,0.18788499701110878,0.07577747210701764,7.577747210701764e-06,7.577747210701764e-06,0.0903730713679412,0.0,-0.07543542422312655,-4.550382501422126,-4.611503896148244,0.07543542422312655
220.0,0.0,0.0,0.4562865606548003,-9.85593244105671,-5.530236180009496,91.25731213096006,1.0,0.0,-5.483172242447888,0.03,0.0,False,0.00377142770803188,0.4562865606548003,0.18857281434788378,0.07577747210701764,7.577747210701764e-06,7.577747210701764e-06,0.09126007820936916,0.0,0.22136303522583844,-4.325696261047215,-4.372760198608822,0.22136303522583844
221.0,0.0,0.0,0.4325191314137471,-9.80213883045324,-5.480635827481192,86.50382628274942,1.0,0.0,-5.514256988523937,-0.05,0.0,False,0.0038600682344743535,0.432519131413747,0.19300487425478244,0.07577747210701764,7.577747210701764e-06,7.577747210701764e-06,0.08650644827939381,0.0,0.053793610603470654,-4.321503002972047,-4.287881841929303,0.053793610603470654
222.0,0.0,0.0,0.4253604730180433,-10.260339907800056,-5.464910455450553,85.07209460360866,1.0,0.0,-5.530577250887162,-0.01,0.0,False,0.0038840009545521043,0.4253604730180433,0.19420151932647517,0.07577747210701764,7.577747210701764e-06,7.577747210701764e-06,0.08507467320337897,0.0,-0.4582010773468159,-4.795429452349502,-4.729762656912894,0.4582010773468159
223.0,0.0,0.0,0.46952928574506886,-10.527258422010815,-5.432925280418104,93.90585714901377,1.0,0.0,-5.548372936565913,-0.06,0.0,False,0.0039122754669267444,0.4695292857450689,0.19561525565806256,0.07577747210701764,7.577747210701764e-06,7.577747210701764e-06,0.09390870350683303,0.0,-0.26691851421075974,-5.0943331415927116,-4.978885485444902,0.26691851421075974
224.0,0.0,0.0,0.49799444718657154,-10.645874265122721,-5.379745132055173,99.59888943731431,1.0,0.0,-5.564869151637602,0.14,0.0,False,0.003974530222464939,0.49799444718657154,0.19872801702251225,0.07577747210701764,7.577747210701764e-06,7.577747210701764e-06,0.09960190835526411,0.0,-0.11861584311190576,-5.266129133067548,-5.081005113485119,0.11861584311190576
225.0,0.0,0.0,0.5093826637676542,-10.634547570673245,-5.31258023092359,101.87653275353084,1.0,0.0,-5.547125266343448,-0.03,0.0,False,0.003996927625315479,0.5093826637676542,0.19984789565113212,0.07577747210701764,7.577747210701764e-06,7.577747210701764e-06,0.10187962070857864,0.0,0.011326694449476093,-5.321967339749655,-5.087422304329797,0.011326694449476093
226.0,0.0,0.0,0.5088369586628927,-10.426049287232821,-5.465144914630972,101.76739173257855,1.0,0.0,-5.5518546287932065,-0.11,0.0,False,0.004147432656134941,0.5088369586628927,0.20737320421655905,0.07577747210701764,7.577747210701764e-06,7.577747210701764e-06,0.10177047637947913,0.0,0.20849828344042365,-4.960904372601849,-4.874194658439615,0.20849828344042365
227.0,0.0,0.0,0.4857407533426259,-9.620436687788033,-5.532136011329191,97.14815066852518,1.0,0.0,-5.545985192152113,0.1,0.0,False,0.003894447896063965,0.4857407533426259,0.19472387036028238,0.07577747210701764,7.577747210701764e-06,7.577747210701764e-06,0.09715109530272241,0.0,0.8056125994447889,-4.088300676458841,-4.07445149563592,0.8056125994447889
228.0,0.0,0.0,0.40303021468284583,-9.04148376176488,-5.539718372455128,80.60604293656917,1.0,0.0,-5.56845771277463,-0.02,0.0,False,0.003866680391139673,0.40303021468284583,0.19333548459331107,0.07577747210701764,7.577747210701764e-06,7.577747210701764e-06,0.08060848616692302,0.0,0.5789529260231525,-3.5017653893097522,-3.47302604899025,0.5789529260231525
229.0,0.0,0.0,0.3435012135439125,-8.206488420389757,-5.648886204109763,68.7002427087825,1.0,0.0,-5.589981837905322,-0.04,0.0,False,0.00396895574924373,0.3435012135439125,0.1984492912493544,0.07577747210701764,7.577747210701764e-06,7.577747210701764e-06,0.06870232506529311,0.0,0.834995341375123,-2.557602216279994,-2.616506582484435,0.834995341375123
230.0,0.0,0.0,0.25959998823785235,-7.746408604768062,-5.481162789197917,51.91999764757047,1.0,0.0,-5.606341478057618,-0.11,0.0,False,0.004017198062453184,0.25959998823785235,0.20086142518822972,0.07577747210701764,7.577747210701764e-06,7.577747210701764e-06,0.05192157138211448,0.0,0.460079815621695,-2.265245815570145,-2.140067126710444,0.460079815621695
231.0,0.0,0.0,0.21221848579121805,-6.488152725761126,-5.626149671486057,42.44369715824361,1.0,0.0,-5.610390178856898,-0.06,0.0,False,0.004098062958302734,0.21221848579121805,0.2049047006193942,0.07577747210701764,7.577747210701764e-06,7.577747210701764e-06,0.0424449836589258,0.0,1.2582558790069358,-0.8620030542750694,-0.8777625469042283,1.2582558790069358
232.0,0.0,0.0,0.08462351032882047,-7.0342446634714015,-5.814798824778293,16.924702065764095,1.0,0.0,-5.624143339953945,0.14,0.0,False,0.004156170403645306,0.08462351032882047,0.20781009490269944,0.07577747210701764,7.577747210701764e-06,7.577747210701764e-06,0.016925215066332173,0.0,-0.5460919377102753,-1.2194458386931082,-1.4101013235174564,0.5460919377102753
233.0,0.0,0.0,0.13293888807634122,-6.804678251978488,-6.027912273344327,26.587777615268244,1.0,0.0,-5.641885559694455,0.5,0.0,False,0.004349000104594927,0.13293888807634122,0.21745165301091693,0.07577747210701764,7.577747210701764e-06,7.577747210701764e-06,0.026588583510991994,0.0,0.22956641149291368,-0.7767659786341605,-1.1627926922840333,0.22956641149291368
234.0,0.0,0.0,0.10151076008567925,-7.132778139365503,-6.197687551194917,20.30215201713585,1.0,0.0,-5.704805413843575,0.52,0.0,False,0.004135291354219499,0.10151076008567926,0.20676613452060122,0.07577747210701764,7.577747210701764e-06,7.577747210701764e-06,0.020302767390775963,0.0,-0.32809988738701534,-0.9350905881705858,-1.4279727255219283,0.32809988738701534
235.0,0.0,0.0,0.12443532311605887,-6.524457146184895,-6.291847830021671,24.887064623211774,1.0,0.0,-5.789532189977741,0.69,0.0,False,0.004012888381317676,0.12443532311605887,0.20064593949857074,0.07577747210701764,7.577747210701764e-06,7.577747210701764e-06,0.024887818969033634,0.0,0.608320993180608,-0.23260931616322456,-0.7349249562071538,0.608320993180608
236.0,0.0,0.0,0.0525822574425852,-6.62356115482713,-6.49445374724619,10.51645148851704,1.0,0.0,-5.888377761233783,0.78,0.0,False,0.003983481956693319,0.0525822574425852,0.19917560712563026,0.07577747210701764,7.577747210701764e-06,7.577747210701764e-06,0.010516770250145269,0.0,-0.09910400864223501,-0.12910740758093997,-0.7351833935933474,0.09910400864223501
237.0,0.0,0.0,0.05333734683029699,-5.429248771159962,-6.586765593782975,10.667469366059398,1.0,0.0,-5.998614649006311,0.67,0.0,False,0.003956199278674511,0.053337346830297,0.19781146288762794,0.07577747210701764,7.577747210701764e-06,7.577747210701764e-06,0.010667792705154142,0.0,1.1943123836671683,1.1575168226230135,0.5693658778463488,1.1943123836671683
238.0,0.0,0.0,-0.07093300577304439,-5.107154803907662,-6.3438259963139085,-14.186601154608876,1.0,0.0,-6.090167477677602,0.29,0.0,False,0.0038904373564656266,0.07093300577304439,0.19452334186082262,0.07577747210701764,7.577747210701764e-06,7.577747210701764e-06,-0.014187031161259696,0.0,0.3220939672523002,1.2366711924062468,0.9830126737699398,0.3220939672523002
239.0,0.0,0.0,-0.10663759341650855,-5.479421929538417,-6.2461146807431,-21.32751868330171,1.0,0.0,-6.138605704509737,-0.05,0.0,False,0.003972464821124723,0.10663759341650855,0.19862474617294704,0.07577747210701764,7.577747210701764e-06,7.577747210701764e-06,-0.021328165136583886,0.0,-0.3722671256307555,0.7666927512046824,0.6591837749713196,0.3722671256307555
240.0,0.0,0.0,-0.07275341444718122,-5.968196732835627,-6.2681056440822704,-14.550682889436244,1.0,0.0,-6.17357114170905,0.07,0.0,False,0.00414386299595867,0.07275341444718122,0.20719471985524643,0.07577747210701764,7.577747210701764e-06,7.577747210701764e-06,-0.014551123931680841,0.0,-0.48877480329720946,0.29990891124664376,0.20537440887342306,0.48877480329720946
241.0,0.0,0.0,-0.025244166628828158,-6.86946587928645,-6.141690690570087,-5.0488333257656315,1.0,0.0,-6.2069836393593985,-0.06,0.0,False,0.004182335373505937,0.025244166628828158,0.20911835330930736,0.07577747210701764,7.577747210701764e-06,7.577747210701764e-06,-0.00504898635973658,0.0,-0.9012691464508231,-0.7277751887163628,-0.6624822399270514,0.9012691464508231
242.0,0.0,0.0,0.06396635056915279,-7.247758730446562,-6.18829401797245,12.793270113830557,1.0,0.0,-6.22064796381957,-0.11,0.0,False,0.004077528580171744,0.0639663505691528,0.20387797393262846,0.07577747210701764,7.577747210701764e-06,7.577747210701764e-06,0.012793657887559777,0.0,-0.37829285116011224,-1.059464712474112,-1.0271107666269916,0.37829285116011224
243.0,0.0,0.0,0.10090426684240324,-7.440664038288928,-6.222006402834234,20.180853368480648,1.0,0.0,-6.229778137553193,0.15,0.0,False,0.003876291357564672,0.10090426684240324,0.19381603655603474,0.07577747210701764,7.577747210701764e-06,7.577747210701764e-06,0.020181465065466635,0.0,-0.19290530784236637,-1.2186576354546945,-1.210885900735735,0.19290530784236637
244.0,0.0,0.0,0.11570049747430543,-7.718323912989608,-6.3378525850305785,23.140099494861087,1.0,0.0,-6.238677830671199,0.05,0.0,False,0.0040007716057739885,0.11570049747430546,0.20004009613049323,0.07577747210701764,7.577747210701764e-06,7.577747210701764e-06,0.02314080088884369,0.0,-0.27765987470067977,-1.3804713279590297,-1.4796460823184088,0.27765987470067977
245.0,0.0,0.0,0.13996041873521103,-6.893535752810173,-6.317297413124909,27.992083747042205,1.0,0.0,-6.283615226089775,-0.05,0.0,False,0.004015885116919926,0.13996041873521103,0.20079577741410848,0.07577747210701764,7.577747210701764e-06,7.577747210701764e-06,0.027992932208350897,0.0,0.8247881601794349,-0.576238339685264,-0.6099205267203986,0.8247881601794349
246.0,0.0,0.0,0.05539093601583765,-6.3193844431286665,-6.3691719351609875,11.07818720316753,1.0,0.0,-6.318666696403865,-0.08,0.0,False,0.004089261172324488,0.055390936015837645,0.20446460798559654,0.07577747210701764,7.577747210701764e-06,7.577747210701764e-06,0.011078522991431715,0.0,0.5741513096815067,0.04978749203232091,-0.0007177467248018488,0.5741513096815067
247.0,0.0,0.0,-0.0018496581375941692,-6.099769657829849,-6.175424771579397,-0.36993162751883385,1.0,0.0,-6.339605405726253,0.09,0.0,False,0.00398667442495887,0.0036241797765655137,0.1993352317484937,0.07577747210701764,7.577747210701764e-06,7.577747210701764e-06,-0.00036994284042729926,0.0,0.21961478529881795,0.0756551137495487,0.2398357478964046,0.21961478529881795
248.0,0.0,0.0,-0.02269074150737469,-6.265443850282717,-6.123543831694808,-4.538148301474938,1.0,0.0,-6.337881725316699,0.04,0.0,False,0.004114431215961699,0.02269074150737469,0.20572311970406842,0.07577747210701764,7.577747210701764e-06,7.577747210701764e-06,-0.004538285856195112,0.0,-0.16567419245286885,-0.14190001858790957,0.07243787503398114,0.16567419245286885
249.0,0.0,0.0,-0.007469993350908851,-6.16889404120508,-6.291429913957577,-1.4939986701817702,1.0,0.0,-6.326685670138753,-0.01,0.0,False,0.00421397004227219,0.007621933400183216,0.2107000987335962,0.07577747210701764,7.577747210701764e-06,7.577747210701764e-06,-0.0014940439544156394,0.0,0.09654980907763733,0.122535872752497,0.1577916289336727,0.09654980907763733
250.0,0.0,0.0,-0.018312682932307464,-5.826252235175458,-6.403371423057829,-3.662536586461493,1.0,0.0,-6.34014661407787,-0.02,0.0,False,0.004165247170187535,0.018312682932307464,0.20826393666888302,0.07577747210701764,7.577747210701764e-06,7.577747210701764e-06,-0.0036626476007258603,0.0,0.34264180602962213,0.5771191878823707,0.5138943789024122,0.34264180602962213
251.0,0.0,0.0,-0.05431436768266687,-6.214613366451154,-6.413508749838075,-10.862873536533375,1.0,0.0,-6.352027808972255,-0.06,0.0,False,0.004309213129133444,0.05431436768266687,0.21546228916306068,0.07577747210701764,7.577747210701764e-06,7.577747210701764e-06,-0.010863202798476867,0.0,-0.3883611312756958,0.1988953833869216,0.13741444252110124,0.3883611312756958
252.0,0.0,0.0,-0.017829376422600185,-6.164513968051995,-6.4454086368334815,-3.565875284520037,1.0,0.0,-6.369416491029536,0.02,0.0,False,0.004263214453582771,0.017829376422600185,0.21316233795721026,0.07577747210701764,7.577747210701764e-06,7.577747210701764e-06,-0.0035659833689069614,0.0,0.050099398399158446,0.28089466878148617,0.20490252297754097,0.050099398399158446
253.0,0.0,0.0,-0.02501204658112254,-5.7185342782504005,-6.541491345851815,-5.002409316224508,1.0,0.0,-6.392913886002528,0.13,0.0,False,0.004128429717183965,0.02501204658112254,0.2064230500690369,0.07577747210701764,7.577747210701764e-06,7.577747210701764e-06,-0.005002560943048485,0.0,0.44597968980159486,0.8229570676014148,0.6743796077521278,0.44597968980159486
254.0,0.0,0.0,-0.07387062438017125,-5.393101965205574,-6.609337858320583,-14.77412487603425,1.0,0.0,-6.414643910611532,0.27,0.0,False,0.004109185102896466,0.07387062438017125,0.20546081206312083,0.07577747210701764,7.577747210701764e-06,7.577747210701764e-06,-0.014774572690975088,0.0,0.32543231304482667,1.2162358931150088,1.021541945405958,0.32543231304482667
255.0,0.0,0.0,-0.10762751183560233,-5.354794849345344,-6.538938465472594,-21.525502367120467,1.0,0.0,-6.457268510698004,0.15,0.0,False,0.00392984379082412,0.10762751183560233,0.19649367850934724,0.07577747210701764,7.577747210701764e-06,7.577747210701764e-06,-0.0215261548214384,0.0,0.0383071158602295,1.1841436161272494,1.1024736613526596,0.0383071158602295
256.0,0.0,0.0,-0.11349975333747896,-5.211049952496591,-6.588089862293801,-22.69995066749579,1.0,0.0,-6.469417862265476,0.11,0.0,False,0.0038253361484372472,0.11349975333747896,0.19126825679337878,0.07577747210701764,7.577747210701764e-06,7.577747210701764e-06,-0.022700638720233295,0.0,0.14374489684875336,1.37703990979721,1.258367909768885,0.14374489684875336
257.0,0.0,0.0,-0.13169508206331954,-5.332431165349893,-6.594756265986996,-26.339016412663906,1.0,0.0,-6.489835386342096,0.09,0.0,False,0.0037702693042737092,0.13169508206331954,0.1885148937210706,0.07577747210701764,7.577747210701764e-06,7.577747210701764e-06,-0.02633981476824676,0.0,-0.12138121285330161,1.2623251006371037,1.1574042209922037,0.12138121285330161
258.0,0.0,0.0,-0.11909761626133285,-4.90119537804366,-6.510175380549674,-23.81952325226657,1.0,0.0,-6.528050670731824,0.05,0.0,False,0.0036546848502913005,0.11909761626133285,0.18273562722846154,0.07577747210701764,7.577747210701764e-06,7.577747210701764e-06,-0.02382024524009905,0.0,0.4312357873062327,1.608980002506014,1.6268552926881643,0.4312357873062327
259.0,0.0,0.0,-0.1640444866415907,-4.976067775129641,-6.5465036234812874,-32.80889732831814,1.0,0.0,-6.523452452544691,-0.07,0.0,False,0.0036926984743214427,0.1640444866415907,0.1846363228328503,0.07577747210701764,7.577747210701764e-06,7.577747210701764e-06,-0.032809891790903184,0.0,-0.07487239708598104,1.5704358483516465,1.5473846774150504,0.07487239708598104
260.0,0.0,0.0,-0.16084725150129212,-3.9311491349263936,-6.710858838450861,-32.169450300258426,1.0,0.0,-6.541702398842119,0.22,0.0,False,0.0035082191430141087,0.16084725150129212,0.17541228637059672,0.07577747210701764,7.577747210701764e-06,7.577747210701764e-06,-0.03217042538071861,0.0,1.0449186402032473,2.779709703524467,2.6105532639157256,1.0449186402032473
261.0,0.0,0.0,-0.2694859933536832,-4.321998042369436,-6.69794010674065,-53.897198670736636,1.0,0.0,-6.584601233133132,0.05,0.0,False,0.003685207142791109,0.2694859933536832,0.18426175341796283,0.07577747210701764,7.577747210701764e-06,7.577747210701764e-06,-0.053898832335744655,0.0,-0.3908489074430421,2.3759420643712144,2.262603190763696,0.3908489074430421
262.0,0.0,0.0,-0.23482988036279562,-4.559890680521658,-6.764617363352805,-46.96597607255912,1.0,0.0,-6.626111173299946,0.11,0.0,False,0.0038461748316142245,0.23482988036279565,0.19231019884774128,0.07577747210701764,7.577747210701764e-06,7.577747210701764e-06,-0.04696739964694832,0.0,-0.23789263815222217,2.204726682831147,2.066220492778288,0.23789263815222217
263.0,0.0,0.0,-0.21526730376025122,-4.494068284093886,-6.785436956047073,-43.05346075205024,1.0,0.0,-6.670385820070935,0.14,0.0,False,0.0038492700429454177,0.21526730376025122,0.19246496058703746,0.07577747210701764,7.577747210701764e-06,7.577747210701764e-06,-0.04305476573512987,0.0,0.06582239642777221,2.2913686719531876,2.1763175359770495,0.06582239642777221
264.0,0.0,0.0,-0.22403066684819803,-3.858285063739539,-6.768443289312213,-44.8061333696396,1.0,0.0,-6.7126452801847,0.01,0.0,False,0.003824004816287115,0.22403066684819803,0.19120168968144724,0.07577747210701764,7.577747210701764e-06,7.577747210701764e-06,-0.04480749147755682,0.0,0.6357832203543468,2.910158225572674,2.8543602164451607,0.6357832203543468
265.0,0.0,0.0,-0.2884887543183553,-4.29140292020503,-6.766555809093376,-57.69775086367106,1.0,0.0,-6.734459834963904,-0.03,0.0,False,0.003971932861348712,0.2884887543183553,0.19859814798259362,0.07577747210701764,7.577747210701764e-06,7.577747210701764e-06,-0.05769949972630126,0.0,-0.43311785646549117,2.4751528888883456,2.4430569147588743,0.43311785646549117
266.0,0.0,0.0,-0.24957490439494548,-4.092290042050363,-6.867848634103598,-49.9149808789891,1.0,0.0,-6.743281911665758,0.17,0.0,False,0.0038421935057105345,0.24957490439494548,0.1921111310440828,0.07577747210701764,7.577747210701764e-06,7.577747210701764e-06,-0.049916493839952725,0.0,0.19911287815466672,2.775558592053234,2.6509918696153942,0.19911287815466672
267.0,0.0,0.0,-0.2713476578903768,-5.457711360598612,-6.707016312936204,-54.26953157807536,1.0,0.0,-6.787246524931264,-0.13,0.0,False,0.0039066258316518415,0.2713476578903768,0.1953327717537421,0.07577747210701764,7.577747210701764e-06,7.577747210701764e-06,-0.05427117652877645,0.0,-1.3654213185482487,1.2493049523375923,1.3295351643326523,1.3654213185482487
268.0,0.0,0.0,-0.13533245584757575,-4.816266016207196,-6.598209946203474,-27.06649116951515,1.0,0.0,-6.805869431152014,0.03,0.0,False,0.003742232458403577,0.13533245584757575,0.18711304080475755,0.07577747210701764,7.577747210701764e-06,7.577747210701764e-06,-0.02706731157541015,0.0,0.6414453443914159,1.7819439299962774,1.9896034149448178,0.6414453443914159
269.0,0.0,0.0,-0.19707900672268136,-5.2803858733845255,-6.477084830391032,-39.41580134453627,1.0,0.0,-6.81108719483136,0.22,0.0,False,0.0035478649143735374,0.1970790067226813,0.1773945899598498,0.07577747210701764,7.577747210701764e-06,7.577747210701764e-06,-0.03941699606739771,0.0,-0.4641198571773293,1.1966989570065065,1.5307013214468341,0.4641198571773293
270.0,0.0,0.0,-0.14785398906604885,-5.672503061142363,-6.466264477888175,-29.57079781320977,1.0,0.0,-6.787130754178682,0.17,0.0,False,0.0037046100853931085,0.14785398906604885,0.1852319078995925,0.07577747210701764,7.577747210701764e-06,7.577747210701764e-06,-0.029571694126540295,0.0,-0.39211718775783755,0.793761416745812,1.1146276930363186,0.39211718775783755
271.0,0.0,0.0,-0.10894933149021893,-5.9961127811759765,-6.652879433119785,-21.789866298043787,1.0,0.0,-6.758981784052675,-0.03,0.0,False,0.0037388526852661845,0.10894933149021896,0.18694405086733454,0.07577747210701764,7.577747210701764e-06,7.577747210701764e-06,-0.02179052676543316,0.0,-0.32360972003361343,0.6567666519438085,0.7628690028766982,0.32360972003361343
272.0,0.0,0.0,-0.07658580250946036,-6.441423210174515,-6.591109181681393,-15.31716050189207,1.0,0.0,-6.762037655569191,-0.04,0.0,False,0.0037336128099447006,0.07658580250946036,0.18668205511593786,0.07577747210701764,7.577747210701764e-06,7.577747210701764e-06,-0.015317624776654977,0.0,-0.4453104289985381,0.14968597150687835,0.32061444539467665,0.4453104289985381
273.0,0.0,0.0,-0.03429346599114143,-6.966400343571571,-6.706615109451293,-6.858693198228286,1.0,0.0,-6.761999823663147,-0.08,0.0,False,0.0038249539692079056,0.03429346599114143,0.1912491476871088,0.07577747210701764,7.577747210701764e-06,7.577747210701764e-06,-0.006858901090425932,0.0,-0.5249771333970568,-0.25978523412027865,-0.20440051990842445,0.5249771333970568
274.0,0.0,0.0,0.018172683189247925,-6.594194827823376,-6.7012558287137525,3.634536637849585,1.0,0.0,-6.784370863446742,-0.02,0.0,False,0.003808512836677018,0.01817268318924793,0.19042708483122714,0.07577747210701764,7.577747210701764e-06,7.577747210701764e-06,0.0036346468034142536,0.0,0.3722055157481954,0.10706100089037651,0.1901760356233657,0.3722055157481954
275.0,0.0,0.0,-0.020402038784041426,-6.592093073434729,-6.638803685673384,-4.0804077568082855,1.0,0.0,-6.784666626279124,-0.02,0.0,False,0.00383729467722544,0.020402038784041426,0.19186618776372383,0.07577747210701764,7.577747210701764e-06,7.577747210701764e-06,-0.004080531437065055,0.0,0.0021017543886472367,0.04671061223865536,0.19257355284439548,0.0021017543886472367
276.0,0.0,0.0,-0.021806449704677596,-7.233437837681316,-6.674610920018795,-4.361289940935519,1.0,0.0,-6.798222945738414,-0.01,0.0,False,0.00374860104411884,0.021806449704677596,0.18743147250349732,0.07577747210701764,7.577747210701764e-06,7.577747210701764e-06,-0.004361422134944522,0.0,-0.641344764246587,-0.5588269176625209,-0.43521489194290197,0.641344764246587
277.0,0.0,0.0,0.04161080594898654,-7.786850368930114,-6.599735567690881,8.322161189797308,1.0,0.0,-6.810165832669676,-0.08,0.0,False,0.003880509503259746,0.04161080594898653,0.1940269454389905,0.07577747210701764,7.577747210701764e-06,7.577747210701764e-06,0.008322413440820776,0.0,-0.5534125312487985,-1.1871148012392334,-0.9766845362604384,0.5534125312487985
278.0,0.0,0.0,0.09839260604384242,-7.669018640348083,-6.6587912309909,19.678521208768483,1.0,0.0,-6.817314012383015,0.04,0.0,False,0.0038288627441436917,0.0983926060438424,0.19144458791488356,0.07577747210701764,7.577747210701764e-06,7.577747210701764e-06,0.01967911767968536,0.0,0.11783172858203095,-1.0102274093571832,-0.8517046279650682,0.11783172858203095
279.0,0.0,0.0,0.08479779735868367,-7.746961981103595,-6.623143186046329,16.959559471736736,1.0,0.0,-6.802887028776891,-0.06,0.0,False,0.0038039376979671826,0.08479779735868367,0.19019832616227314,0.07577747210701764,7.577747210701764e-06,7.577747210701764e-06,0.01696007352885925,0.0,-0.07794334075551124,-1.1238187950572653,-0.9440749523267034,0.07794334075551124
280.0,0.0,0.0,0.09489570304194134,-7.143381190820442,-6.608725699952983,18.979140608388267,1.0,0.0,-6.821008537947627,0.08,0.0,False,0.0040361422886754225,0.09489570304194134,0.2018086436770696,0.07577747210701764,7.577747210701764e-06,7.577747210701764e-06,0.01897971588054821,0.0,0.6035807902831527,-0.5346554908674586,-0.322372652872815,0.6035807902831527
281.0,0.0,0.0,0.034491408837853996,-6.511211899869666,-6.491500737414158,6.8982817675708,1.0,0.0,-6.797968995901731,0.07,0.0,False,0.0037224317003543114,0.034491408837853996,0.18612299540003727,0.07577747210701764,7.577747210701764e-06,7.577747210701764e-06,0.006898490859728037,0.0,0.6321692909507757,-0.019711162455508635,0.2867570960320647,0.6321692909507757
282.0,0.0,0.0,-0.026687076857894853,-6.407843374481961,-6.560516160256238,-5.33741537157897,1.0,0.0,-6.798454034083046,0.11,0.0,False,0.003455285482894278,0.026687076857894853,0.1727655833087104,0.07577747210701764,7.577747210701764e-06,7.577747210701764e-06,-0.005337577152690807,0.0,0.10336852538770547,0.15267278577427756,0.39061065960108543,0.10336852538770547
283.0,0.0,0.0,-0.038585551647506336,-6.912018380380027,-6.593298801892547,-7.717110329501267,1.0,0.0,-6.778092779844726,-0.15,0.0,False,0.0037962808057801166,0.038585551647506336,0.18981547865182016,0.07577747210701764,7.577747210701764e-06,7.577747210701764e-06,-0.007717344240973835,0.0,-0.5041750058980661,-0.3187195784874799,-0.13392560053530111,0.5041750058980661
284.0,0.0,0.0,0.013179033033121094,-7.005633762632913,-6.633259711672827,2.635806606624219,1.0,0.0,-6.793713510534842,0.07,0.0,False,0.0038789534258164573,0.013179033033121094,0.193949140977248,0.07577747210701764,7.577747210701764e-06,7.577747210701764e-06,0.0026358864999234503,0.0,-0.09361538225288601,-0.3723740509600857,-0.21192025209807053,0.09361538225288601
285.0,0.0,0.0,0.021106016709821665,-6.934177128158443,-6.725922424336146,4.221203341964333,1.0,0.0,-6.780223056679776,0.0,0.0,False,0.004111691777058737,0.021106016709821665,0.20558614672098155,0.07577747210701764,7.577747210701764e-06,7.577747210701764e-06,0.004221331289842174,0.0,0.07145663447446982,-0.2082547038222966,-0.15395407147866713,0.07145663447446982
286.0,0.0,0.0,0.011264125484372807,-7.155475931367259,-6.853147332058324,2.2528250968745613,1.0,0.0,-6.794565598731734,0.12,0.0,False,0.004010991726739071,0.011279541122610356,0.20055110605102203,0.07577747210701764,7.577747210701764e-06,7.577747210701764e-06,0.00225289338171349,0.0,-0.2212988032088159,-0.3023285993089351,-0.36091033263552497,0.2212988032088159
287.0,0.0,0.0,0.03325349149009479,-6.690915638501792,-6.641452920268785,6.650698298018957,1.0,0.0,-6.821531605479942,-0.05,0.0,False,0.004292024553549522,0.03325349149009479,0.21460285387133057,0.07577747210701764,7.577747210701764e-06,7.577747210701764e-06,0.006650899885733279,0.0,0.46456029286546663,-0.04946271823300741,0.1306159669781497,0.46456029286546663
288.0,0.0,0.0,-0.012733440475628981,-6.358239891813822,-6.691020515163692,-2.546688095125796,1.0,0.0,-6.822928417138692,-0.01,0.0,False,0.004229910378149971,0.012733440475628981,0.21149712156707706,0.07577747210701764,7.577747210701764e-06,7.577747210701764e-06,-0.0025467652871752895,0.0,0.3326757466879702,0.33278062334987,0.4646885253248696,0.3326757466879702
289.0,0.0,0.0,-0.048139430038580636,-6.265554461762244,-6.903243102003233,-9.627886007716127,1.0,0.0,-6.818254867797735,0.03,0.0,False,0.004233542192488108,0.04813943003858062,0.21167871366003244,0.07577747210701764,7.577747210701764e-06,7.577747210701764e-06,-0.009628177836250074,0.0,0.09268543005157781,0.6376886402409889,0.5527004060354903,0.09268543005157781
290.0,0.0,0.0,-0.0579082945965319,-7.149622916637706,-6.812703424680744,-11.58165891930638,1.0,0.0,-6.839652431621213,0.05,0.0,False,0.004198080639375885,0.057908294596531906,0.209905622568487,0.07577747210701764,7.577747210701764e-06,7.577747210701764e-06,-0.011582009968180493,0.0,-0.8840684548754618,-0.33691949195696225,-0.3099704850164935,0.8840684548754618
291.0,0.0,0.0,0.031411312309345775,-7.283645894739944,-6.6594667409130395,6.282262461869156,1.0,0.0,-6.844659348448455,0.03,0.0,False,0.004310058905904292,0.031411312309345775,0.21550457832205722,0.07577747210701764,7.577747210701764e-06,7.577747210701764e-06,0.006282452882013583,0.0,-0.13402297810223818,-0.6241791538269048,-0.43898654629148925,0.13402297810223818
292.0,0.0,0.0,0.04591179604262269,-6.755809244022941,-6.576375621098598,9.182359208524538,1.0,0.0,-6.835497892195037,0.07,0.0,False,0.004368452632766298,0.04591179604262269,0.21842428678980252,0.07577747210701764,7.577747210701764e-06,7.577747210701764e-06,0.00918263753280298,0.0,0.5278366507170036,-0.17943362292434273,0.07968864817209642,0.5278366507170036
293.0,0.0,0.0,-0.00886644561404774,-6.840396774716622,-6.719913910083675,-1.773289122809548,1.0,0.0,-6.824510538914498,0.0,0.0,False,0.004209273289554855,0.008913742925278252,0.21046525931818919,0.07577747210701764,7.577747210701764e-06,7.577747210701764e-06,-0.001773342872549061,0.0,-0.08458753069368097,-0.12048286463294655,-0.01588623580212367,0.08458753069368097
294.0,0.0,0.0,-0.0016092288781690688,-7.188986288474835,-6.740967922694229,-0.3218457756338138,1.0,0.0,-6.844477059547594,-0.01,0.0,False,0.004027865098026412,0.003596029042671611,0.20139478100849617,0.07577747210701764,7.577747210701764e-06,7.577747210701764e-06,-0.00032185553102360396,0.0,-0.34858951375821334,-0.44801836578060605,-0.3445092289272411,0.34858951375821334
295.0,0.0,0.0,0.031571568717287966,-7.383414511536356,-6.66799376963519,6.314313743457593,1.0,0.0,-6.856489673214794,-0.15,0.0,False,0.003952689266714813,0.031571568717287966,0.19763596095974392,0.07577747210701764,7.577747210701764e-06,7.577747210701764e-06,0.006314505135100698,0.0,-0.19442822306152063,-0.7154207419011653,-0.5269248383215617,0.19442822306152063
296.0,0.0,0.0,0.051274887908732296,-7.987987119248728,-6.657135666603718,10.25497758174646,1.0,0.0,-6.873258639233617,0.04,0.0,False,0.0038754032609843642,0.051274887908732296,0.19377163139053075,0.07577747210701764,7.577747210701764e-06,7.577747210701764e-06,0.010255288417902075,0.0,-0.6045726077123721,-1.3308514526450095,-1.1147284800151107,0.6045726077123721
297.0,0.0,0.0,0.1135017081123369,-7.678187925313297,-6.617230527078548,22.70034162246738,1.0,0.0,-6.870646205042092,0.16,0.0,False,0.003792987110271126,0.1135017081123369,0.18965079262843104,0.07577747210701764,7.577747210701764e-06,7.577747210701764e-06,0.022701029687055025,0.0,0.3097991939354303,-1.0609573982347493,-0.8075417202712059,0.3097991939354303
298.0,0.0,0.0,0.08182058310446991,-7.571825022047963,-6.640252091864711,16.36411662089398,1.0,0.0,-6.852927033762756,-0.1,0.0,False,0.004069107230752493,0.08182058310446991,0.20345690327092303,0.07577747210701764,7.577747210701764e-06,7.577747210701764e-06,0.016364612629691654,0.0,0.10636290326533437,-0.9315729301832523,-0.7188979882852067,0.10636290326533437
299.0,0.0,0.0,0.07521017562790196,-7.238442374204069,-6.542744643710901,15.042035125580393,1.0,0.0,-6.859951093483829,0.31,0.0,False,0.004067558469696822,0.07521017562790196,0.20337946463133347,0.07577747210701764,7.577747210701764e-06,7.577747210701764e-06,0.015042491061084278,0.0,0.3333826478438944,-0.6956977304931673,-0.3784912807202394,0.3333826478438944
300.0,0.0,0.0,0.0422597708123189,-6.96610728774565,-6.3933510919748615,8.45195416246378,1.0,0.0,-6.819694769584015,0.0,0.0,False,0.0043238191423978795,0.04225977081231889,0.21619259536031624,0.07577747210701764,7.577747210701764e-06,7.577747210701764e-06,0.008452210347610784,0.0,0.2723350864584191,-0.5727561957707881,-0.14641251816163425,0.2723350864584191
301.0,0.0,0.0,0.01906030863070344,-6.463665317511657,-6.383066356589475,3.812061726140688,1.0,0.0,-6.81582865438786,0.38,0.0,False,0.0042395159140503754,0.01906030863070344,0.21197740200151335,0.07577747210701764,7.577747210701764e-06,7.577747210701764e-06,0.0038121772726255514,0.0,0.5024419702339928,-0.080598960922182,0.3521633368762034,0.5024419702339928
302.0,0.0,0.0,-0.029600296287158594,-5.9869507220559335,-6.536807208706047,-5.920059257431719,1.0,0.0,-6.7754969797285876,0.12,0.0,False,0.0041505541780228715,0.029600296287158594,0.20752928149366084,0.07577747210701764,7.577747210701764e-06,7.577747210701764e-06,-0.005920238698922053,0.0,0.47671459545572326,0.5498564866501132,0.7885462576726541,0.47671459545572326
303.0,0.0,0.0,-0.07389001246636706,-5.430142203927143,-6.252418134286264,-14.778002493273412,1.0,0.0,-6.7596794955613735,0.32,0.0,False,0.003992227136515691,0.07389001246636706,0.19961286943018694,0.07577747210701764,7.577747210701764e-06,7.577747210701764e-06,-0.01477845042574777,0.0,0.5568085181287907,0.8222759303591216,1.3295372916342307,0.5568085181287907
304.0,0.0,0.0,-0.12357135935617806,-4.8767122496649735,-6.115568348490247,-24.714271871235614,1.0,0.0,-6.7258788427113965,0.49,0.0,False,0.004021987958065515,0.12357135935617805,0.20110092178367725,0.07577747210701764,7.577747210701764e-06,7.577747210701764e-06,-0.024715020979577985,0.0,0.5534299542621692,1.2388560988252735,1.849166593046423,0.5534299542621692
305.0,0.0,0.0,-0.17278112097887416,-5.516231025445,-6.135009594012851,-34.55622419577483,1.0,0.0,-6.665902617115106,0.48,0.0,False,0.0037690869651990627,0.17278112097887416,0.188455776319365,0.07577747210701764,7.577747210701764e-06,7.577747210701764e-06,-0.034557271621163725,0.0,-0.6395187757800267,0.6187785685678504,1.1496715916701055,0.6395187757800267
306.0,0.0,0.0,-0.10430726533920578,-6.017369781598869,-5.969117575277288,-20.861453067841158,1.0,0.0,-6.604588924036591,0.4,0.0,False,0.0037016725681337636,0.10430726533920577,0.18508503092363704,0.07577747210701764,7.577747210701764e-06,7.577747210701764e-06,-0.02086208539432071,0.0,-0.5011387561538685,-0.04825220632158089,0.5872191424377222,0.5011387561538685
307.0,0.0,0.0,-0.04845274905806598,-6.443594754226148,-5.921342589585159,-9.690549811613195,1.0,0.0,-6.559343199541506,0.45,0.0,False,0.003997717432090654,0.04845274905806598,0.19988738628913866,0.07577747210701764,7.577747210701764e-06,7.577747210701764e-06,-0.00969084353953461,0.0,-0.42622497262727954,-0.5222521646409897,0.11574844531535788,0.42622497262727954
308.0,0.0,0.0,-0.000429203019724661,-6.550816837040621,-5.955150461506867,-0.0858406039449322,1.0,0.0,-6.501915630313729,0.41,0.0,False,0.0040695363797826735,0.003332388141956202,0.20347836088503124,0.07577747210701764,7.577747210701764e-06,7.577747210701764e-06,-8.584320583880408e-05,0.0,-0.10722208281447276,-0.5956663755337539,-0.048901206726892354,0.10722208281447276
309.0,0.0,0.0,0.014148227461004262,-7.16028806277898,-5.909642334201242,2.8296454922008523,1.0,0.0,-6.447886947042994,0.24,0.0,False,0.003959483684500416,0.014148227461004262,0.19797568442334307,0.07577747210701764,7.577747210701764e-06,7.577747210701764e-06,0.0028297312609038595,0.0,-0.6094712257383588,-1.2506457285777381,-0.712401115735986,0.6094712257383588
310.0,0.0,0.0,0.07919364040178371,-7.6067381903318045,-5.919113097943254,15.838728080356743,1.0,0.0,-6.4093292018460195,0.27,0.0,False,0.00369264119003752,0.07919364040178371,0.18463345859694988,0.07577747210701764,7.577747210701764e-06,7.577747210701764e-06,0.015839208164228902,0.0,-0.44645012755282476,-1.6876250923885507,-1.197408988485785,0.44645012755282476
311.0,0.0,0.0,0.1271613873670664,-7.640618224696181,-5.898528734751611,25.43227747341328,1.0,0.0,-6.368321653291761,0.26,0.0,False,0.003754768488257983,0.1271613873670664,0.18773984704722105,0.07577747210701764,7.577747210701764e-06,7.577747210701764e-06,0.02543304834505053,0.0,-0.033880034364376144,-1.7420894899445694,-1.2722965714044197,0.033880034364376144
312.0,0.0,0.0,0.1354692287476946,-8.172554825331147,-5.9476348072646825,27.093845749538918,1.0,0.0,-6.335076136818721,0.32,0.0,False,0.003836566978932828,0.13546922874769457,0.19182980257337753,0.07577747210701764,7.577747210701764e-06,7.577747210701764e-06,0.027094666984572004,0.0,-0.5319366006349666,-2.2249200180664648,-1.8374786885124266,0.5319366006349666
313.0,0.0,0.0,0.1909095127925106,-7.534916291761755,-5.916400201140586,38.18190255850212,1.0,0.0,-6.285874609640722,0.12,0.0,False,0.0039682235150119705,0.1909095127925106,0.1984126792603322,0.07577747210701764,7.577747210701764e-06,7.577747210701764e-06,0.038183059880954634,0.0,0.6376385335693922,-1.6185160906211689,-1.2490416821210335,0.6376385335693922
314.0,0.0,0.0,0.12939772420361154,-7.195936707918935,-5.987176193151337,25.879544840722307,1.0,0.0,-6.26338736420464,0.17,0.0,False,0.003864493482235918,0.12939772420361154,0.19322613831953114,0.07577747210701764,7.577747210701764e-06,7.577747210701764e-06,0.025880329269373004,0.0,0.33897958384282045,-1.2087605147675973,-0.9325493437142951,0.33897958384282045
315.0,0.0,0.0,0.09563457315509545,-8.105145052854324,-6.032969839787496,19.12691463101909,1.0,0.0,-6.240890022563458,-0.13,0.0,False,0.0039679468612404765,0.09563457315509545,0.1983988464669368,0.07577747210701764,7.577747210701764e-06,7.577747210701764e-06,0.019127494382321843,0.0,-0.9092083449353892,-2.072175213066828,-1.8642550302908658,0.9092083449353892
316.0,0.0,0.0,0.18931580002353532,-8.52577799535882,-5.910631458376521,37.86316000470706,1.0,0.0,-6.239554741636982,0.29,0.0,False,0.003943336460589029,0.18931580002353532,0.19716831710979468,0.07577747210701764,7.577747210701764e-06,7.577747210701764e-06,0.0378643076658308,0.0,-0.420632942504497,-2.6151465369822997,-2.2862232537218388,0.420632942504497
317.0,0.0,0.0,0.2293823703402203,-8.788697835036277,-6.101822687910538,45.87647406804406,1.0,0.0,-6.211915323255194,-0.14,0.0,False,0.003990277830229318,0.2293823703402203,0.1995154033773008,0.07577747210701764,7.577747210701764e-06,7.577747210701764e-06,0.045877864618800404,0.0,-0.2629198396774566,-2.6868751471257397,-2.576782511781084,0.2629198396774566
318.0,0.0,0.0,0.25364731038902516,-7.826867836432123,-6.203205734696879,50.72946207780503,1.0,0.0,-6.231867381875768,-0.06,0.0,False,0.00401263442658764,0.25364731038902516,0.20063324166584864,0.07577747210701764,7.577747210701764e-06,7.577747210701764e-06,0.05073099972631212,0.0,0.9618299986041547,-1.6236621017352437,-1.595000454556355,0.9618299986041547
319.0,0.0,0.0,0.15549034347821308,-7.640698804642614,-6.353168363002672,31.098068695642617,1.0,0.0,-6.252128627386088,-0.06,0.0,False,0.004145128225574275,0.15549034347821308,0.20725798181540625,0.07577747210701764,7.577747210701764e-06,7.577747210701764e-06,0.031099011301713025,0.0,0.1861690317895084,-1.2875304416399427,-1.3885701772565264,0.1861690317895084
320.0,0.0,0.0,0.1331005572622469,-7.40146351373912,-6.450834962197966,26.620111452449382,1.0,0.0,-6.2719054883241645,0.12,0.0,False,0.0040344250249164165,0.1331005572622469,0.20172277983846976,0.07577747210701764,7.577747210701764e-06,7.577747210701764e-06,0.026620918328236286,0.0,0.23923529090349405,-0.9506285515411541,-1.1295580254149558,0.23923529090349405
321.0,0.0,0.0,0.10289346502019692,-6.477848006623903,-6.528312985239659,20.578693004039383,1.0,0.0,-6.30964280190132,0.31,0.0,False,0.004132889349785382,0.10289346502019692,0.2066460333888062,0.07577747210701764,7.577747210701764e-06,7.577747210701764e-06,0.020579316759846745,0.0,0.9236155071152172,0.05046497861575627,-0.16820520472258327,0.9236155071152172
322.0,0.0,0.0,0.0074007653951166765,-6.578274386027214,-6.488383530896956,1.4801530790233353,1.0,0.0,-6.372489878503774,0.1,0.0,False,0.0042406607084275166,0.007535425751649288,0.21203464215411855,0.07577747210701764,7.577747210701764e-06,7.577747210701764e-06,0.0014801979435868254,0.0,-0.10042637940331112,-0.08989085513025774,-0.20578450752344057,0.10042637940331112
323.0,0.0,0.0,0.01864752571429816,-6.923270337707777,-6.357739450404664,3.729505142859632,1.0,0.0,-6.40383754861627,-0.03,0.0,False,0.004197170882075122,0.01864752571429816,0.20986013435875334,0.07577747210701764,7.577747210701764e-06,7.577747210701764e-06,0.0037296181869917833,0.0,-0.34499595168056274,-0.5655308873031126,-0.5194327890915069,0.34499595168056274
324.0,0.0,0.0,0.05244127082931496,-6.716211180224951,-6.38466356507949,10.488254165862992,1.0,0.0,-6.391792063572434,0.05,0.0,False,0.004279658458997746,0.052441270829314955,0.21398454445838477,0.07577747210701764,7.577747210701764e-06,7.577747210701764e-06,0.010488572072808965,0.0,0.207059157482826,-0.33154761514546127,-0.32441911665251677,0.207059157482826
325.0,0.0,0.0,0.028158672448398616,-7.572382000061998,-6.4769839799595585,5.631734489679723,1.0,0.0,-6.39883776007994,0.07,0.0,False,0.004402069247700132,0.028158672448398613,0.22010513027340475,0.07577747210701764,7.577747210701764e-06,7.577747210701764e-06,0.005631905191827462,0.0,-0.8561708198370468,-1.0953980201024391,-1.173544239982058,0.8561708198370468
326.0,0.0,0.0,0.11144952100016146,-7.301717160833933,-6.456106373638888,22.289904200032293,1.0,0.0,-6.434613786775885,0.16,0.0,False,0.004256871648943513,0.11144952100016148,0.21284519532203883,0.07577747210701764,7.577747210701764e-06,7.577747210701764e-06,0.02229057982395008,0.0,0.27066483922806484,-0.8456107871950449,-0.8671033740580478,0.27066483922806484
327.0,0.0,0.0,0.07933829931087942,-7.535432389246215,-6.602167649102917,15.867659862175884,1.0,0.0,-6.45784456324554,0.15,0.0,False,0.004167486215992869,0.07933829931087942,0.20837588980749583,0.07577747210701764,7.577747210701764e-06,7.577747210701764e-06,0.015868140822992313,0.0,-0.2337152284122821,-0.9332647401432981,-1.0775878260006753,0.2337152284122821
328.0,0.0,0.0,0.09943917853905287,-7.899145917254782,-6.531736715141202,19.887835707810574,1.0,0.0,-6.508304107446325,0.03,0.0,False,0.004220344832683614,0.09943917853905287,0.2110188406694949,0.07577747210701764,7.577747210701764e-06,7.577747210701764e-06,0.01988843852320882,0.0,-0.36371352800856727,-1.3674092021135804,-1.3908418098084576,0.36371352800856727
329.0,0.0,0.0,0.13087360314207508,-7.901234896672007,-6.676099063353421,26.174720628415017,1.0,0.0,-6.541002927607797,0.17,0.0,False,0.004220036945623798,0.13087360314207508,0.2110034461998496,0.07577747210701764,7.577747210701764e-06,7.577747210701764e-06,0.026175514004067924,0.0,-0.0020889794172251896,-1.2251358333185864,-1.3602319690642108,0.0020889794172251896
330.0,0.0,0.0,0.1294776257885837,-7.904864587975832,-6.614092101037436,25.89552515771674,1.0,0.0,-6.590360299479975,-0.1,0.0,False,0.004300992539087379,0.1294776257885837,0.21505125654607984,0.07577747210701764,7.577747210701764e-06,7.577747210701764e-06,0.02589631007074298,0.0,-0.0036296913038249556,-1.2907724869383967,-1.3145042884958578,0.0036296913038249556
331.0,0.0,0.0,0.12754733133464413,-8.39809124091697,-6.617749411028389,25.509466266928825,1.0,0.0,-6.606409581350289,-0.06,0.0,False,0.004179927021034194,0.12754733133464413,0.2089979347732259,0.07577747210701764,7.577747210701764e-06,7.577747210701764e-06,0.025510239478217005,0.0,-0.49322665294113843,-1.7803418298885818,-1.7916816595666818,0.49322665294113843
332.0,0.0,0.0,0.1756973738123465,-8.856011425634978,-6.636221965871514,35.139474762469305,1.0,0.0,-6.629342948557679,0.04,0.0,False,0.004235319845399759,0.1756973738123465,0.21176759697914518,0.07577747210701764,7.577747210701764e-06,7.577747210701764e-06,0.03514053986662565,0.0,-0.45792018471800766,-2.219789459763464,-2.2266684770772995,0.45792018471800766
333.0,0.0,0.0,0.22020119092485324,-8.677251589359047,-6.71761456680612,44.04023818497065,1.0,0.0,-6.64105093327929,0.02,0.0,False,0.004075210306102457,0.22020119092485324,0.2037620593507993,0.07577747210701764,7.577747210701764e-06,7.577747210701764e-06,0.04404157307802338,0.0,0.1787598362759315,-1.9596370225529274,-2.0362006560797568,0.1787598362759315
334.0,0.0,0.0,0.20457533300686298,-8.222238388035954,-6.465308839002804,40.915066601372594,1.0,0.0,-6.653916084938433,0.18,0.0,False,0.003739419957792631,0.204575333006863,0.18697241470858927,0.07577747210701764,7.577747210701764e-06,7.577747210701764e-06,0.040916306768102144,0.0,0.45501320132309253,-1.75692954903315,-1.5683223030975215,0.45501320132309253
335.0,0.0,0.0,0.1587521661178519,-8.396206621339465,-6.433335634522779,31.75043322357038,1.0,0.0,-6.631420748282466,-0.08,0.0,False,0.003929275120361081,0.1587521661178519,0.19646524477073316,0.07577747210701764,7.577747210701764e-06,7.577747210701764e-06,0.03175139560330487,0.0,-0.1739682333035102,-1.9628709868166858,-1.764785873056999,0.1739682333035102
336.0,0.0,0.0,0.17734600336671458,-8.56867717952341,-6.375711897570018,35.46920067334292,1.0,0.0,-6.634656577668237,0.03,0.0,False,0.0037677132553052225,0.17734600336671458,0.18838709030419168,0.07577747210701764,7.577747210701764e-06,7.577747210701764e-06,0.03547027577174194,0.0,-0.17247055818394585,-2.1929652819533922,-1.934020601855173,0.17247055818394585
337.0,0.0,0.0,0.19893171944066526,-8.577734573043582,-6.26563372862721,39.786343888133054,1.0,0.0,-6.622679393513204,0.33,0.0,False,0.003947492053402824,0.19893171944066526,0.19737609832498604,0.07577747210701764,7.577747210701764e-06,7.577747210701764e-06,0.03978754984242029,0.0,-0.00905739352017143,-2.3121008444163715,-1.9550551795303779,0.00905739352017143
338.0,0.0,0.0,0.202559090885816,-8.843506145000608,-6.330790199790979,40.5118181771632,1.0,0.0,-6.579284612402654,0.11,0.0,False,0.003965312496019956,0.202559090885816,0.19826712720778306,0.07577747210701764,7.577747210701764e-06,7.577747210701764e-06,0.04051304612112688,0.0,-0.2657715719570266,-2.5127159452096297,-2.2642215325979542,0.2657715719570266
339.0,0.0,0.0,0.23020903776696774,-8.577107398158214,-6.265629823536625,46.04180755339355,1.0,0.0,-6.552066917106125,0.16,0.0,False,0.004116835919372314,0.23020903776696774,0.20584335578571095,0.07577747210701764,7.577747210701764e-06,7.577747210701764e-06,0.04604320311553334,0.0,0.26639874684239473,-2.3114775746215885,-2.0250404810520886,0.26639874684239473
340.0,0.0,0.0,0.20582132786713178,-9.318591743315961,-6.264113569440885,41.164265573426356,1.0,0.0,-6.541328544036243,0.09,0.0,False,0.004059839261080096,0.20582132786713178,0.20299350127578658,0.07577747210701764,7.577747210701764e-06,7.577747210701764e-06,0.04116551329356593,0.0,-0.7414843451577475,-3.0544781738750766,-2.7772631992797185,0.7414843451577475
341.0,0.0,0.0,0.2758991703712791,-9.384654749555176,-6.450550325011219,55.17983407425582,1.0,0.0,-6.51881613638724,-0.07,0.0,False,0.003914332401942928,0.2758991703712791,0.1957181031882185,0.07577747210701764,7.577747210701764e-06,7.577747210701764e-06,0.055181506616916634,0.0,-0.06606300623921513,-2.934104424543958,-2.865838613167936,0.06606300623921513
342.0,0.0,0.0,0.28403839698268113,-8.777085465576492,-6.399224842939396,56.80767939653622,1.0,0.0,-6.559495504894738,0.16,0.0,False,0.00372889298132782,0.28403839698268113,0.18644606189681043,0.07577747210701764,7.577747210701764e-06,7.577747210701764e-06,0.05680940128042455,0.0,0.6075692839786839,-2.3778606226370966,-2.217589960681755,0.6075692839786839
343.0,0.0,0.0,0.22341100249199472,-9.245620867503705,-6.409095229494787,44.68220049839894,1.0,0.0,-6.544163161169845,-0.11,0.0,False,0.0040489854287822724,0.22341100249199472,0.20245080554851552,0.07577747210701764,7.577747210701764e-06,7.577747210701764e-06,0.044683554849816745,0.0,-0.46853540192721255,-2.8365256380089177,-2.7014577063338603,0.46853540192721255
344.0,0.0,0.0,0.2706029443936505,-9.831721302811326,-6.412421519725673,54.1205888787301,1.0,0.0,-6.542890793051499,-0.03,0.0,False,0.004078478963068873,0.2706029443936505,0.20392549343757296,0.07577747210701764,7.577747210701764e-06,7.577747210701764e-06,0.05412222931486491,0.0,-0.5861004353076211,-3.419299783085653,-3.288830509759827,0.5861004353076211
345.0,0.0,0.0,0.32495947964160415,-9.063210385061565,-6.638000980455841,64.99189592832083,1.0,0.0,-6.539488895531848,0.15,0.0,False,0.004076078539007453,0.32495947964160415,0.20380547132501153,0.07577747210701764,7.577747210701764e-06,7.577747210701764e-06,0.06499386588202531,0.0,0.7685109177497615,-2.4252094046057238,-2.5237214895297164,0.7685109177497615
346.0,0.0,0.0,0.24469644673468716,-8.814482402850668,-6.577756755204799,48.93928934693743,1.0,0.0,-6.582003383355766,0.01,0.0,False,0.003913192183310183,0.24469644673468716,0.19566109182456667,0.07577747210701764,7.577747210701764e-06,7.577747210701764e-06,0.048940772733950026,0.0,0.24872798221089631,-2.2367256476458692,-2.2324790194949022,0.24872798221089631
347.0,0.0,0.0,0.2177499093341189,-8.678153549525309,-6.6785939117387265,43.54998186682378,1.0,0.0,-6.61615320532386,-0.04,0.0,False,0.0039095867903688256,0.21774990933411886,0.19548082081146106,0.07577747210701764,7.577747210701764e-06,7.577747210701764e-06,0.04355130189983533,0.0,0.1363288533253595,-1.9995596377865823,-2.062000344201449,0.1363288533253595
348.0,0.0,0.0,0.20074805015118957,-9.764373421715524,-6.710477753474832,40.149610030237916,1.0,0.0,-6.636900806821077,0.03,0.0,False,0.003941901067782639,0.20074805015118957,0.197096546925623,0.07577747210701764,7.577747210701764e-06,7.577747210701764e-06,0.040150826995397695,0.0,-1.086219872190215,-3.053895668240692,-3.1274726148944465,1.086219872190215
349.0,0.0,0.0,0.3063640561883112,-10.6197501751048,-6.7139166361929,61.27281123766224,1.0,0.0,-6.6705969871145605,0.0,0.0,False,0.0038889758321377964,0.3063640561883112,0.19445026509067806,0.07577747210701764,7.577747210701764e-06,7.577747210701764e-06,0.06127466846308639,0.0,-0.855376753389276,-3.9058335389118994,-3.9491531879902393,0.855376753389276
350.0,0.0,0.0,0.3909215313419935,-11.6626893814661,-6.766614624892386,78.1843062683987,1.0,0.0,-6.700616782363803,0.09,0.0,False,0.003881099522943166,0.3909215313419935,0.1940564466467126,0.07577747210701764,7.577747210701764e-06,7.577747210701764e-06,0.07818667609407567,0.0,-1.0429392063613,-4.8960747565737135,-4.962072599102297,1.0429392063613
351.0,0.0,0.0,0.4935266011835386,-11.163204695424618,-6.709711427717421,98.70532023670772,1.0,0.0,-6.710386746457682,-0.06,0.0,False,0.00412259599746018,0.4935266011835386,0.20613136187252507,0.07577747210701764,7.577747210701764e-06,7.577747210701764e-06,0.0987083120698967,0.0,0.4994846860414821,-4.453493267707197,-4.452817948966936,0.4994846860414821
352.0,0.0,0.0,0.44230729970230903,-10.44892872192115,-6.772673837949046,88.46145994046181,1.0,0.0,-6.727236378639442,0.02,0.0,False,0.004301036601693606,0.4423072997023091,0.21505345969308595,0.07577747210701764,7.577747210701764e-06,7.577747210701764e-06,0.08846414127446853,0.0,0.7142759735034669,-3.6762548839721045,-3.721692343281709,0.7142759735034669
353.0,0.0,0.0,0.36682039967221913,-10.429084829391684,-6.927479803089729,73.36407993444382,1.0,0.0,-6.739964113756202,0.21,0.0,False,0.003991150378474035,0.366820399672219,0.1995590311201341,0.07577747210701764,7.577747210701764e-06,7.577747210701764e-06,0.07336630365540131,0.0,0.019843892529467055,-3.501605026301955,-3.6891207156354815,0.019843892529467055
354.0,0.0,0.0,0.3589322527594529,-11.349651185268037,-7.033602831251637,71.78645055189058,1.0,0.0,-6.780585741585941,0.34,0.0,False,0.0040433073867339325,0.3589322527594529,0.2021669012947602,0.07577747210701764,7.577747210701764e-06,7.577747210701764e-06,0.07178862645370382,0.0,-0.9205663558763533,-4.3160483540164,-4.569065443682096,0.9205663558763533
355.0,0.0,0.0,0.447474597977928,-10.631212645183602,-7.224252370454555,89.4949195955856,1.0,0.0,-6.839626306903299,0.29,0.0,False,0.004111290212733748,0.447474597977928,0.20556606835258462,0.07577747210701764,7.577747210701764e-06,7.577747210701764e-06,0.08949763225453904,0.0,0.7184385400844349,-3.4069602747290473,-3.791586338280303,0.7184385400844349
356.0,0.0,0.0,0.3684767042849528,-10.444542518033998,-7.221471055056198,73.69534085699057,1.0,0.0,-6.874735663019427,0.48,0.0,False,0.004072742227046755,0.3684767042849528,0.20363865446289028,0.07577747210701764,7.577747210701764e-06,7.577747210701764e-06,0.0736975746187181,0.0,0.18667012714960407,-3.2230714629778,-3.569806855014571,0.18667012714960407
357.0,0.0,0.0,0.3472200827722651,-10.058051960794437,-7.143036004522579,69.44401655445303,1.0,0.0,-6.946305991168171,0.1,0.0,False,0.004043576432373168,0.34722008277226507,0.20218035367865986,0.07577747210701764,7.577747210701764e-06,7.577747210701764e-06,0.06944612145531354,0.0,0.3864905572395614,-2.9150159562718576,-3.1117459696262655,0.3864905572395614
358.0,0.0,0.0,0.3059077849040659,-8.516198328069827,-7.0436314954010815,61.18155698081318,1.0,0.0,-6.972210133010663,0.13,0.0,False,0.004021301198923126,0.3059077849040659,0.20106658356635335,0.07577747210701764,7.577747210701764e-06,7.577747210701764e-06,0.06118341144025153,0.0,1.5418536327246102,-1.472566832668745,-1.5439881950591632,1.5418536327246102
359.0,0.0,0.0,0.14972427047224313,-8.453220251099612,-7.101451987876276,29.944854094448626,1.0,0.0,-6.998858207160591,0.06,0.0,False,0.004131451520277272,0.14972427047224315,0.2065741413686253,0.07577747210701764,7.577747210701764e-06,7.577747210701764e-06,0.029945761745709003,0.0,0.0629780769702144,-1.3517682632233363,-1.454362043939021,0.0629780769702144
360.0,0.0,0.0,0.14137778887074048,-8.848641063498176,-6.883953273592917,28.275557774148094,1.0,0.0,-7.0188988947137485,-0.12,0.0,False,0.004045418639123454,0.14137778887074048,0.20227246471416319,0.07577747210701764,7.577747210701764e-06,7.577747210701764e-06,0.028276414827769752,0.0,-0.3954208123985641,-1.964687789905259,-1.8297421687844277,0.3954208123985641
361.0,0.0,0.0,0.1797753237237891,-8.909123002394875,-7.005219088858732,35.95506474475782,1.0,0.0,-7.039388796134946,0.0,0.0,False,0.004125721441480604,0.1797753237237891,0.20628763525773752,0.07577747210701764,7.577747210701764e-06,7.577747210701764e-06,0.035956154570065686,0.0,-0.060481938896698395,-1.9039039135361424,-1.8697342062599285,0.060481938896698395
362.0,0.0,0.0,0.1806845694571363,-8.815549628655148,-7.173321971922589,36.136913891427255,1.0,0.0,-7.050819711662392,0.14,0.0,False,0.0039061897385947995,0.1806845694571363,0.19531096693565977,0.07577747210701764,7.577747210701764e-06,7.577747210701764e-06,0.03613800922872081,0.0,0.0935733737397264,-1.642227656732559,-1.7647299169927564,0.0935733737397264
363.0,0.0,0.0,0.16682971791766182,-8.73625280373389,-7.210598010468011,33.36594358353236,1.0,0.0,-7.102208848723902,0.11,0.0,False,0.003954102186875195,0.16682971791766177,0.1977066075031006,0.07577747210701764,7.577747210701764e-06,7.577747210701764e-06,0.033366954930612286,0.0,0.07929682492125778,-1.525654793265879,-1.6340439550099886,0.07929682492125778
364.0,0.0,0.0,0.1538817426977826,-9.208619098629645,-7.3095649438266594,30.77634853955652,1.0,0.0,-7.147189239807051,0.27,0.0,False,0.0038692798180585456,0.1538817426977826,0.19346545692414469,0.07577747210701764,7.577747210701764e-06,7.577747210701764e-06,0.03077728139404476,0.0,-0.472366294895755,-1.899054154802986,-2.0614298588225948,0.472366294895755
365.0,0.0,0.0,0.19934889585290164,-9.560914750358489,-7.27901868941425,39.86977917058033,1.0,0.0,-7.19737707290874,0.09,0.0,False,0.0037500165104018286,0.19934889585290164,0.18750224635394908,0.07577747210701764,7.577747210701764e-06,7.577747210701764e-06,0.039870987653854315,0.0,-0.35229565172884314,-2.2818960609442387,-2.3635376774497487,0.35229565172884314
366.0,0.0,0.0,0.23157351428784467,-8.900228508430807,-7.302435476461395,46.31470285756893,1.0,0.0,-7.215054609323656,-0.05,0.0,False,0.0038373287939868685,0.23157351428784467,0.19186789361472173,0.07577747210701764,7.577747210701764e-06,7.577747210701764e-06,0.046316106691372566,0.0,0.6606862419276816,-1.5977930319694122,-1.6851738991071512,0.6606862419276816
367.0,0.0,0.0,0.16381285255817132,-8.258036597990214,-7.178745745962421,32.762570511634266,1.0,0.0,-7.245091867202445,-0.2,0.0,False,0.0040858692001713845,0.16381285255817132,0.204295008092766,0.07577747210701764,7.577747210701764e-06,7.577747210701764e-06,0.03276356357001833,0.0,0.6421919104405927,-1.0792908520277935,-1.012944730787769,0.6421919104405927
368.0,0.0,0.0,0.09910700688822452,-8.614474950301327,-7.091899506288243,19.821401377644904,1.0,0.0,-7.262037916229769,-0.03,0.0,False,0.0038825610296863984,0.09910700688822452,0.19412952253762056,0.07577747210701764,7.577747210701764e-06,7.577747210701764e-06,0.019822002179368168,0.0,-0.35643835231111254,-1.5225754440130839,-1.3524370340715581,0.35643835231111254
369.0,0.0,0.0,0.13578707729623013,-8.321699062633265,-7.1818354433811455,27.157415459246025,1.0,0.0,-7.26692897871572,-0.07,0.0,False,0.003907670864027146,0.13578707729623013,0.19538502376845673,0.07577747210701764,7.577747210701764e-06,7.577747210701764e-06,0.02715823862112527,0.0,0.2927758876680624,-1.139863619252119,-1.0547700839175445,0.2927758876680624
370.0,0.0,0.0,0.10467307270005134,-8.258276710343907,-7.279331352613112,20.93461454001027,1.0,0.0,-7.256552729331715,-0.02,0.0,False,0.0037720173376222625,0.10467307270005133,0.18860229605080603,0.07577747210701764,7.577747210701764e-06,7.577747210701764e-06,0.020935249084069584,0.0,0.06342235228935778,-0.9789453577307947,-1.0017239810121916,0.06342235228935778
371.0,0.0,0.0,0.09744774743577828,-8.447252196102596,-7.260312950956148,19.489549487155656,1.0,0.0,-7.274928676328518,0.1,0.0,False,0.0037288561559435753,0.09744774743577828,0.18644422061364546,0.07577747210701764,7.577747210701764e-06,7.577747210701764e-06,0.019490140230196195,0.0,-0.1889754857586894,-1.1869392451464478,-1.1723235197740784,0.1889754857586894
372.0,0.0,0.0,0.11337506430905968,-9.180966759736801,-7.385640929441919,22.675012861811936,1.0,0.0,-7.283762314266308,0.14,0.0,False,0.003568310770145744,0.11337506430905968,0.17841689049513645,0.07577747210701764,7.577747210701764e-06,7.577747210701764e-06,0.02267570015866562,0.0,-0.7337145636342051,-1.7953258302948818,-1.8972044454704928,0.7337145636342051
373.0,0.0,0.0,0.18459301012182489,-8.884804686372588,-7.304513546900076,36.91860202436498,1.0,0.0,-7.313458596633134,-0.09,0.0,False,0.003743850571445658,0.18459301012182489,0.18719394706994416,0.07577747210701764,7.577747210701764e-06,7.577747210701764e-06,0.03691972105521926,0.0,0.2961620733642132,-1.5802911394725117,-1.5713460897394542,0.2961620733642132
374.0,0.0,0.0,0.15315457388082354,-8.883259747147331,-7.377675641849868,30.63091477616471,1.0,0.0,-7.3349667185601755,0.07,0.0,False,0.003809543986160956,0.15315457388082354,0.19047864269611356,0.07577747210701764,7.577747210701764e-06,7.577747210701764e-06,0.030631843222445176,0.0,0.0015449392252566696,-1.505584105297463,-1.548293028587156,0.0015449392252566696
375.0,0.0,0.0,0.150384599473366,-8.941254994856846,-7.370264994852337,30.0769198946732,1.0,0.0,-7.353200919232103,0.01,0.0,False,0.003686718948618511,0.150384599473366,0.18433734428213697,0.07577747210701764,7.577747210701764e-06,7.577747210701764e-06,0.03007783154894824,0.0,-0.05799524770951514,-1.5709900000045094,-1.5880540756247434,0.05799524770951514
376.0,0.0,0.0,0.15461947086339267,-8.047054886458396,-7.349676631199617,30.923894172678537,1.0,0.0,-7.379356773589714,0.06,0.0,False,0.0035987529162729262,0.15461947086339267,0.17993900933563994,0.07577747210701764,7.577747210701764e-06,7.577747210701764e-06,0.030924831499386927,0.0,0.8942001083984508,-0.6973782552587791,-0.6676981128686821,0.8942001083984508
377.0,0.0,0.0,0.06548779037086899,-7.570418295066083,-7.27549045109879,13.097558074173799,1.0,0.0,-7.395001702859719,-0.02,0.0,False,0.0035399623509856826,0.06548779037086899,0.17699945879627565,0.07577747210701764,7.577747210701764e-06,7.577747210701764e-06,0.013097955071102098,0.0,0.47663659139231296,-0.2949278439672929,-0.17541659220636419,0.47663659139231296
378.0,0.0,0.0,0.01646627320623756,-7.419727389566047,-7.416596541898837,3.2932546412475117,1.0,0.0,-7.392152170253666,0.07,0.0,False,0.0035077792267658955,0.016466273206237555,0.17539029039150733,0.07577747210701764,7.577747210701764e-06,7.577747210701764e-06,0.0032933544622957773,0.0,0.15069090550003583,-0.003130847667209835,-0.02757521931238127,0.15069090550003583
379.0,0.0,0.0,8.378262014175692e-05,-7.79305561004657,-7.430454273019067,0.016756524028351386,1.0,0.0,-7.405749324140914,-0.09,0.0,False,0.003573171509454923,0.0027892381884887475,0.1786599293022681,0.07577747210701764,7.577747210701764e-06,7.577747210701764e-06,1.675703193131548e-05,0.0,-0.3733282204805235,-0.3626013370275034,-0.3873062859056562,0.3733282204805235
380.0,0.0,0.0,0.03260961324990582,-7.2168697460976805,-7.5617043902008465,6.521922649981164,1.0,0.0,-7.4188895316204535,0.13,0.0,False,0.003733766210491139,0.03260961324990582,0.1866897252013813,0.07577747210701764,7.577747210701764e-06,7.577747210701764e-06,0.006522120334407832,0.0,0.5761858639488899,0.344834644103166,0.202019785522773,0.5761858639488899
381.0,0.0,0.0,-0.027611801344067436,-7.638786183635253,-7.512584185370901,-5.522360268813487,1.0,0.0,-7.46694712217722,0.1,0.0,False,0.003599494856157311,0.027611801344067436,0.17997610661097085,0.07577747210701764,7.577747210701764e-06,7.577747210701764e-06,-0.0055225276557455604,0.0,-0.4219164375375728,-0.12620199826435208,-0.17183906145803363,0.4219164375375728
382.0,0.0,0.0,0.011068994843530999,-8.140056236572214,-7.579510036626003,2.2137989687062,1.0,0.0,-7.492998221300885,0.04,0.0,False,0.003548929251230004,0.011068994843531,0.1774478072059369,0.07577747210701764,7.577747210701764e-06,7.577747210701764e-06,0.002213866070633557,0.0,-0.5012700529369605,-0.5605461999462111,-0.6470580152713286,0.5012700529369605
383.0,0.0,0.0,0.05942370774803632,-8.650358024224053,-7.584271375910516,11.884741549607265,1.0,0.0,-7.528092041297704,-0.1,0.0,False,0.003662689548846498,0.05942370774803632,0.18313586518910052,0.07577747210701764,7.577747210701764e-06,7.577747210701764e-06,0.01188510178514599,0.0,-0.510301787651839,-1.0660866483135365,-1.1222659829263488,0.510301787651839
384.0,0.0,0.0,0.1057129514819054,-8.574643205721086,-7.726365834800143,21.14259029638108,1.0,0.0,-7.5457966442000695,0.33,0.0,False,0.0036292706116535186,0.1057129514819054,0.18146490566743864,0.07577747210701764,7.577747210701764e-06,7.577747210701764e-06,0.021143231144343456,0.0,0.07571481850296635,-0.8482773709209432,-1.028846561521017,0.07571481850296635
385.0,0.0,0.0,0.09419514598418481,-8.789833619045577,-7.706995055820965,18.83902919683696,1.0,0.0,-7.593188456103839,0.17,0.0,False,0.003599606510171059,0.09419514598418481,0.17998168935396253,0.07577747210701764,7.577747210701764e-06,7.577747210701764e-06,0.018839600222113652,0.0,-0.21519041332449085,-1.0828385632246125,-1.1966451629417385,0.21519041332449085
386.0,0.0,0.0,0.11352781781924388,-9.009260233250515,-7.668393954768096,22.705563563848777,1.0,0.0,-7.632656056529003,0.02,0.0,False,0.0037925561271452235,0.1135278178192439,0.18962924330884187,0.07577747210701764,7.577747210701764e-06,7.577747210701764e-06,0.02270625178671743,0.0,-0.21942661420493792,-1.3408662784824195,-1.3766041767215125,0.21942661420493792
387.0,0.0,0.0,0.13139109516643452,-9.50067201879286,-7.74927357520706,26.278219033286902,1.0,0.0,-7.654512426597899,-0.03,0.0,False,0.0039936172675413975,0.13139109516643452,0.1996823765081753,0.07577747210701764,7.577747210701764e-06,7.577747210701764e-06,0.026279015546055034,0.0,-0.4914117855423452,-1.7513984435858,-1.8461595921949616,0.4914117855423452
388.0,0.0,0.0,0.17895904121452866,-10.375023066672439,-7.782541820052102,35.79180824290573,1.0,0.0,-7.695299499160926,0.06,0.0,False,0.003917587164380437,0.17895904121452866,0.19588084254328225,0.07577747210701764,7.577747210701764e-06,7.577747210701764e-06,0.03579289311978509,0.0,-0.8743510478795784,-2.592481246620337,-2.6797235675115125,0.8743510478795784
389.0,0.0,0.0,0.26402396275268325,-9.94431496689737,-7.835639167655412,52.80479255053665,1.0,0.0,-7.711013801328805,0.15,0.0,False,0.003901116959616764,0.26402396275268325,0.19505732606474604,0.07577747210701764,7.577747210701764e-06,7.577747210701764e-06,0.05280639310388586,0.0,0.4307080997750692,-2.108675799241958,-2.233301165568564,0.4307080997750692
390.0,0.0,0.0,0.21617699383393152,-9.916365795582564,-8.055022259366051,43.235398766786304,1.0,0.0,-7.734683403803243,0.3,0.0,False,0.003863484961335261,0.21617699383393152,0.1931757118923825,0.07577747210701764,7.577747210701764e-06,7.577747210701764e-06,0.04323670926454527,0.0,0.027949171314805454,-1.8613435362165127,-2.1816823917793213,0.027949171314805454
391.0,0.0,0.0,0.20700500738888405,-10.695447363879154,-8.248634857817397,41.40100147777681,1.0,0.0,-7.782463121827455,0.55,0.0,False,0.0038285581563333123,0.20700500738888405,0.19142935840896017,0.07577747210701764,7.577747210701764e-06,7.577747210701764e-06,0.04140225637356136,0.0,-0.7790815682965899,-2.4468125060617574,-2.9129842420516994,0.7790815682965899
392.0,0.0,0.0,0.2765523371394478,-10.342025771168048,-8.316007150894709,55.31046742788957,1.0,0.0,-7.8462372901128585,0.61,0.0,False,0.0037356600204486237,0.2765523371394479,0.18678441641679625,0.07577747210701764,7.577747210701764e-06,7.577747210701764e-06,0.055312143930146516,0.0,0.35342159271110596,-2.026018620273339,-2.4957884810551896,0.35342159271110596
393.0,0.0,0.0,0.2358707989484727,-10.510042054439833,-8.349075551638034,47.17415978969454,1.0,0.0,-7.92981921029961,0.34,0.0,False,0.0038671827637833493,0.2358707989484727,0.19336060341583752,0.07577747210701764,7.577747210701764e-06,7.577747210701764e-06,0.047175589674290246,0.0,-0.16801628327178442,-2.1609665028017986,-2.5802228441402226,0.16801628327178442
394.0,0.0,0.0,0.2457163061411606,-10.54040935321025,-8.317850869996368,49.14326122823212,1.0,0.0,-7.983228413218883,0.53,0.0,False,0.003952839675093061,0.2457163061411606,0.1976434814356442,0.07577747210701764,7.577747210701764e-06,7.577747210701764e-06,0.04914475079778728,0.0,-0.030367298770418216,-2.2225584832138825,-2.557180939991368,0.030367298770418216
395.0,0.0,0.0,0.2458768142369937,-10.308875205275093,-8.225341522546012,49.17536284739874,1.0,0.0,-8.052785894225554,0.23,0.0,False,0.003817148018001961,0.24587681423699373,0.1908588471692353,0.07577747210701764,7.577747210701764e-06,7.577747210701764e-06,0.04917685338997835,0.0,0.23153414793515736,-2.0835336827290813,-2.2560893110495392,0.23153414793515736
396.0,0.0,0.0,0.22041341363501027,-10.509805838571165,-8.166836391658798,44.08268272700205,1.0,0.0,-8.081548051223153,-0.01,0.0,False,0.004020628823874402,0.22041341363501027,0.2010329645591629,0.07577747210701764,7.577747210701764e-06,7.577747210701764e-06,0.04408401890658108,0.0,-0.2009306332960712,-2.3429694469123667,-2.428257787348011,0.2009306332960712
397.0,0.0,0.0,0.2376321817258721,-9.58370979883974,-8.060138945000594,47.526436345174425,1.0,0.0,-8.104657557068474,-0.17,0.0,False,0.003976770777894912,0.23763218172587208,0.19884004564292906,0.07577747210701764,7.577747210701764e-06,7.577747210701764e-06,0.047527876907539957,0.0,0.9260960397314246,-1.5235708538391464,-1.4790522417712655,0.9260960397314246
398.0,0.0,0.0,0.14310764037693455,-10.115627024443386,-8.205992826039314,28.62152807538691,1.0,0.0,-8.133393985482334,0.0,0.0,False,0.00400589717390234,0.14310764037693455,0.2002963764789238,0.07577747210701764,7.577747210701764e-06,7.577747210701764e-06,0.028622395615631038,0.0,-0.531917225603646,-1.9096341984040723,-1.982233038961052,0.531917225603646
399.0,0.0,0.0,0.19334973819596704,-11.175553966720484,-8.17263675229167,38.66994763919341,1.0,0.0,-8.15257917339426,0.01,0.0,False,0.003968565377533684,0.19334973819596704,0.19842977251594524,0.07577747210701764,7.577747210701764e-06,7.577747210701764e-06,0.03867111975466282,0.0,-1.059926942277098,-3.0029172144288143,-3.022974793326224,1.059926942277098
