t,mean_abs_delta_real,mean_abs_delta_planning,mean_action,price,v_true,total_demand,mean_k,xs_k_std,mean_belief,mean_correctness,mean_salience,regime_post,xs_action_std,xs_action_mean_abs,xs_belief_std,xs_sigma_mean,xs_rho_mean,xs_rho_max,mean_myopic_term,mean_hedging_term,ret,mispricing_true,mispricing_belief,vol_proxy
0.0,0.0,0.0,-0.018632516696353286,-0.25552756599928583,-0.037320915702666185,-3.7265033392706575,3.0,0.0,0.0,-0.87,0.0,False,0.013069966319145039,0.019555969268273236,0.6535102679115872,0.18289189189189195,1.8289189189189194e-05,1.8289189189189194e-05,-0.003726775953183113,0.0,0.0,-0.21820665029661965,-0.25552756599928583,0.0
1.0,0.0,0.0,0.018671676563352068,-0.422670780872822,-0.031603724172080044,3.7343353126704133,3.0,0.0,-0.18634220564467932,0.25,0.0,False,0.009909073543844077,0.018908690628160675,0.4954588051232855,0.10349970779853253,1.0349970779853254e-05,1.0349970779853254e-05,0.0037344899121157854,0.0,-0.16714321487353617,-0.39106705670074193,-0.23632857522814268,0.16714321487353617
2.0,0.0,0.0,0.03084747584327607,-0.16402261404802299,-0.028970699347737907,6.169495168655214,3.0,0.0,-0.0688011378004232,0.2,0.0,False,0.008575929102889316,0.03084747584327607,0.42879968203914864,0.07525469588680311,7.525469588680311e-06,7.525469588680309e-06,0.006169680880650717,0.0,0.258648166824799,-0.13505191470028508,-0.09522147624759979,0.258648166824799
3.0,0.0,0.0,0.015751546771502936,0.6692812087504809,0.08439989284006584,3.1503093543005876,3.0,0.0,-0.11418441535299426,0.18,0.0,False,0.00705901140114398,0.0158020053080674,0.35295274780041913,0.061701082387537146,6.170108238753715e-06,6.170108238753715e-06,0.0031503871048196653,0.0,0.8333038227985039,0.584881315910415,0.7834656241034752,0.8333038227985039
4.0,0.0,0.0,-0.06627588767462479,0.3052194089861247,0.09066386192022385,-13.255177534924957,3.0,0.0,-0.006502286895568171,0.02,0.0,False,0.006528468839457684,0.06627588767462479,0.32642521366364474,0.05427584335912398,5.427584335912399e-06,5.4275843359123984e-06,-0.013255465307738882,0.0,-0.3640617997643562,0.21455554706590085,0.31172169588169285,0.3640617997643562
5.0,0.0,0.0,-0.03151801328439384,-0.5527361530896173,-0.0734770840972723,-6.303602656878768,3.0,0.0,0.006504346105743324,0.03,0.0,False,0.006092548840217406,0.03151801328439384,0.30462896244502335,0.049911266793667725,4.991126679366772e-06,4.991126679366772e-06,-0.006303728504568234,0.0,-0.857955562075742,-0.47925906899234505,-0.5592404991953607,0.857955562075742
6.0,0.0,0.0,0.056432142880337904,-1.3852601543852292,-0.010387570150606248,11.28642857606758,3.0,0.0,-0.009968589377662969,0.07,0.0,False,0.005905180210836385,0.05643214288033789,0.29526040531494724,0.04723896911451465,4.723896911451467e-06,4.723896911451466e-06,0.011286641838760507,0.0,-0.8325240012956119,-1.374872584234623,-1.3752915650075663,0.8325240012956119
7.0,0.0,0.0,0.14153897817966937,-1.109328315211113,0.027572021072342287,28.307795635933875,3.0,0.0,0.011598604695034214,-0.06,0.0,False,0.006119158910484385,0.14153897817966937,0.30595933952267074,0.04556176663690604,4.5561766636906065e-06,4.556176663690606e-06,0.02830831153485485,0.0,0.2759318391741161,-1.1369003362834553,-1.1209269199061473,0.2759318391741161
8.0,0.0,0.0,0.11517360621178135,-1.1592478658988368,0.026123118461425968,23.03472124235627,3.0,0.0,0.030161871240933752,-0.03,0.0,False,0.006032746007611177,0.11517360621178135,0.3016386424461918,0.044492694745204016,4.449269474520401e-06,4.449269474520402e-06,0.0230351311912606,0.0,-0.04991955068772369,-1.1853709843602627,-1.1894097371397705,0.04991955068772369
9.0,0.0,0.0,0.11573388471587123,-1.2674102926413089,-0.14622278882879197,23.146776943174245,3.0,0.0,0.04243336882721966,0.1,0.0,False,0.005947675726185466,0.11573388471587123,0.29738508898460586,0.04380451768299382,4.380451768299385e-06,4.380451768299384e-06,0.023147182514757603,0.0,-0.10816242674247212,-1.121187503812517,-1.3098436614685285,0.10816242674247212
10.0,0.0,0.0,0.12228667379960526,-1.4759482462238083,-0.19504551235890144,24.45733475992105,3.0,0.0,-0.0018836704051279464,0.12,0.0,False,0.005626541882871897,0.12228667379960527,0.2813283139418448,0.0433587192744284,4.335871927442841e-06,4.3358719274428405e-06,0.02445775893356671,0.0,-0.20853795358249938,-1.2809027338649068,-1.4740645758186803,0.20853795358249938
11.0,0.0,0.0,0.13974971195326844,-0.7701648746046065,-0.2475284802634417,27.949942390653685,3.0,0.0,-0.04451704367745501,0.1,0.0,False,0.005510609176489598,0.13974971195326844,0.2755316454997045,0.04306874926707378,4.3068749267073785e-06,4.306874926707378e-06,0.027950423896204248,0.0,0.7057833716192018,-0.5226363943411647,-0.7256478309271515,0.7057833716192018
12.0,0.0,0.0,0.06739424003160935,0.3974716669337358,-0.36741478600818034,13.47884800632187,3.0,0.0,-0.0784210324646023,0.1,0.0,False,0.005214523506517899,0.06739424003160935,0.26072729331024225,0.042879635920764284,4.287963592076431e-06,4.28796359207643e-06,0.013479079192568594,0.0,1.1676365415383423,0.7648864529419162,0.4758926993983381,1.1676365415383423
13.0,0.0,0.0,-0.051424561650664724,1.0455578961309566,-0.26248161103860906,-10.284912330132945,3.0,0.0,-0.09620802508613513,0.13,0.0,False,0.005125767123549607,0.05142456165066472,0.2562894519661697,0.04275608559413131,4.2756085594131314e-06,4.275608559413132e-06,-0.010285088226417645,0.0,0.6480862291972208,1.3080395071695656,1.1417659212170919,0.6480862291972208
14.0,0.0,0.0,-0.1172622106676075,1.143563413687738,-0.15085936160530383,-23.4524421335215,3.0,0.0,-0.11678494313770915,0.07,0.0,False,0.0050631322990945015,0.1172622106676075,0.2531576953075936,0.042675277071923805,4.26752770719238e-06,4.267527707192379e-06,-0.023452842467599485,0.0,0.09800551755678133,1.2944227752930417,1.260348356825447,0.09800551755678133
15.0,0.0,0.0,-0.12346772227217699,1.5609627202123932,-0.09284852463838077,-24.693544454435397,3.0,0.0,-0.1270892315317697,0.01,0.0,False,0.004927653457131083,0.12346772227217699,0.24638372299826425,0.04262238484319971,4.2622384843199725e-06,4.262238484319972e-06,-0.024693965451742947,0.0,0.4173993065246553,1.653811244850774,1.688051951744163,0.4173993065246553
16.0,0.0,0.0,-0.1636150104556647,1.654389921166211,-0.06719455166570831,-32.72300209113294,3.0,0.0,-0.09114012147790351,-0.02,0.0,False,0.004755495081879259,0.1636150104556647,0.2377757667230963,0.04258774810914817,4.2587748109148164e-06,4.258774810914817e-06,-0.03272355952834709,0.0,0.09342720095381774,1.7215844728319194,1.7455300426441145,0.09342720095381774
17.0,0.0,0.0,-0.16397348541523663,1.5527847762111546,0.08476673945523647,-32.794697083047325,3.0,0.0,-0.07522222431851304,0.21,0.0,False,0.004793812564090922,0.16397348541523663,0.2396916484491164,0.042565058879555154,4.256505887955516e-06,4.256505887955516e-06,-0.03279525544395558,0.0,-0.10160514495505635,1.4680180367559181,1.6280070005296676,0.10160514495505635
18.0,0.0,0.0,-0.15114094499530326,1.3888683571605664,0.15900130987768668,-30.228188999060652,3.0,0.0,0.014620169308537262,-0.06,0.0,False,0.0048526675542517,0.15114094499530328,0.24263441012228817,0.042550192925283656,4.255019292528367e-06,4.2550192925283665e-06,-0.030228703482980977,0.0,-0.16391641905058818,1.2298670472828799,1.3742481878520292,0.16391641905058818
19.0,0.0,0.0,-0.13265454135117918,1.6212727884550375,0.19570765149773517,-26.530908270235837,3.0,0.0,0.04134317087628057,0.14,0.0,False,0.00469552431625772,0.1326545413511792,0.23477721456150694,0.0425404514451206,4.254045144512061e-06,4.254045144512061e-06,-0.02653135972304136,0.0,0.23240443129447108,1.4255651369573024,1.579929617578757,0.23240443129447108
20.0,0.0,0.0,-0.14828192949363397,1.1842497510987422,0.29879436247945695,-29.656385898726796,3.0,0.0,0.062294727728397996,0.24,0.0,False,0.004989266228826237,0.14828192949363397,0.24946437251024214,0.04253406740151187,4.253406740151185e-06,4.253406740151186e-06,-0.02965689045926737,0.0,-0.43702303735629533,0.8854553886192853,1.1219550233703441,0.43702303735629533
21.0,0.0,0.0,-0.09840933419070573,0.9774407888535004,0.16035078073302145,-19.681866838141147,3.0,0.0,0.13842195835078056,0.04,0.0,False,0.0047923714586830994,0.09840933419070573,0.23961959202915162,0.04252988339718566,4.252988339718564e-06,4.252988339718564e-06,-0.019682201663717792,0.0,-0.2068089622452418,0.8170900081204789,0.8390188305027199,0.2068089622452418
22.0,0.0,0.0,-0.07242573855042185,1.1998498016208614,0.1462326436332586,-14.485147710084371,3.0,0.0,0.20013548250414387,-0.03,0.0,False,0.004503209454758101,0.07242573855042185,0.2251614302810258,0.042527141159834476,4.252714115983449e-06,4.252714115983449e-06,-0.014485394113805037,0.0,0.22240901276736103,1.0536171579876028,0.9997143191167175,0.22240901276736103
23.0,0.0,0.0,-0.09523911167178241,0.9830209624286549,0.038737171058946654,-19.047822334356482,3.0,0.0,0.2531680030512475,0.01,0.0,False,0.004620151311926107,0.09523911167178241,0.23100854796392073,0.04252534382553204,4.252534382553201e-06,4.252534382553203e-06,-0.0190481463390562,0.0,-0.21682883919220652,0.9442837913697082,0.7298529593774075,0.21682883919220652
24.0,0.0,0.0,-0.07637940735631461,0.33418819263154254,-0.053026870927325,-15.275881471262924,3.0,0.0,0.2474384345231897,0.07,0.0,False,0.005287939656795574,0.07637940735631461,0.2643981071658919,0.04252416578609152,4.252416578609152e-06,4.252416578609151e-06,-0.01527614130780447,0.0,-0.6488327697971124,0.38721506355886753,0.08674975810835284,0.6488327697971124
25.0,0.0,0.0,-0.014290537450845886,0.26903202142093285,-0.12806508080400875,-2.858107490169177,3.0,0.0,0.21921064901260365,0.18,0.0,False,0.0053640658941456155,0.014297912330054832,0.2682044351987085,0.042523393647102156,4.252339364710216e-06,4.252339364710216e-06,-0.0028581561045344073,0.0,-0.06515617121060968,0.3970971022249416,0.049821372408329206,0.06515617121060968
26.0,0.0,0.0,-0.01084090525652502,1.4328055337975625,-0.059494756224570136,-2.168181051305004,3.0,0.0,0.19127977971233648,0.17,0.0,False,0.005098688787012579,0.010869267079896305,0.2549355234054787,0.042522887549586885,4.252288754958689e-06,4.252288754958688e-06,-0.002168217930075797,0.0,1.1637735123766295,1.4923002900221327,1.241525754085226,1.1637735123766295
27.0,0.0,0.0,-0.13108527800167322,1.2786276265624972,-0.09800458270824727,-26.217055600334643,3.0,0.0,0.1606206639227069,0.17,0.0,False,0.004975541178179051,0.13108527800167322,0.24877811677259018,0.04252255582707921,4.252255582707923e-06,4.252255582707922e-06,-0.02621750152492261,0.0,-0.1541779072350653,1.3766322092707444,1.1180069626397904,0.1541779072350653
28.0,0.0,0.0,-0.11457093859905951,0.9400035116239777,-0.021882160726228297,-22.914187719811903,3.0,0.0,0.12192488337557071,0.01,0.0,False,0.00517679104983195,0.11457093859905951,0.2588406531379017,0.04252233839831703,4.252233839831701e-06,4.252233839831702e-06,-0.022914577464092364,0.0,-0.3386241149385195,0.961885672350206,0.8180786282484069,0.3386241149385195
29.0,0.0,0.0,-0.07894803073539756,1.3224452216963476,-0.17272594138741698,-15.789606147079514,3.0,0.0,0.13289388145079298,0.0,0.0,False,0.00540944641002837,0.07894803073539756,0.27047347060911786,0.04252219588353538,4.252219588353537e-06,4.252219588353538e-06,-0.01578987470942774,0.0,0.38244171007236993,1.4951711630837645,1.1895513402455546,0.38244171007236993
30.0,0.0,0.0,-0.11700018151048941,1.4414080568688072,-0.10994258053333962,-23.40003630209788,3.0,0.0,0.15050641905186382,0.01,0.0,False,0.005371874595957254,0.11700018151048941,0.2685948719148729,0.042522102471379226,4.2522102471379225e-06,4.2522102471379225e-06,-0.023400434307902066,0.0,0.11896283517245965,1.5513506374021468,1.2909016378169433,0.11896283517245965
31.0,0.0,0.0,-0.12818431915348485,0.6498058461499909,-0.11201165019726743,-25.63686383069697,3.0,0.0,0.15241853112291642,-0.1,0.0,False,0.005548925401669992,0.12818431915348485,0.2774474498416735,0.042522041243776856,4.252204124377685e-06,4.252204124377686e-06,-0.025637299881555248,0.0,-0.7916022107188163,0.7618174963472584,0.4973873150270745,0.7916022107188163
32.0,0.0,0.0,-0.052674189816169115,-0.2318889576424389,0.03333481317009489,-10.534837963233823,3.0,0.0,0.15953761203943004,0.03,0.0,False,0.005252590885421674,0.05267418981616911,0.26263066102446103,0.04252200111172609,4.252200111172611e-06,4.25220011117261e-06,-0.010535017147428534,0.0,-0.8816948037924298,-0.2652237708125338,-0.39142656968186895,0.8816948037924298
33.0,0.0,0.0,0.03131186594817519,0.687548315227962,0.002172210339297289,6.2623731896350385,3.0,0.0,0.12305274892851,0.03,0.0,False,0.005136802899900275,0.03131186594817519,0.25684123713003126,0.04252197480688926,4.2521974806889265e-06,4.252197480688927e-06,0.006262479704572118,0.0,0.9194372728704009,0.6853761048886647,0.564495566299452,0.9194372728704009
34.0,0.0,0.0,-0.05767042965775447,0.6498771551802084,-0.03896237134767776,-11.534085931550894,3.0,0.0,0.08123635905118819,-0.05,0.0,False,0.005094757748040471,0.05767042965775447,0.2547389705973874,0.042521957565193544,4.2521957565193565e-06,4.252195756519356e-06,-0.011534282111481711,0.0,-0.037671160047753616,0.6888395265278862,0.5686407961290202,0.037671160047753616
35.0,0.0,0.0,-0.0552027424000085,0.8537895616438387,-0.04278955372351568,-11.0405484800017,3.0,0.0,0.11083175735260399,0.07,0.0,False,0.005045834613126063,0.0552027424000085,0.2522928034498445,0.04252194626399751,4.252194626399752e-06,4.252194626399751e-06,-0.011040736265446873,0.0,0.2039124064636303,0.8965791153673544,0.7429578042912347,0.2039124064636303
36.0,0.0,0.0,-0.07446320431265092,1.1447476616317038,-0.017230100018328903,-14.892640862530184,3.0,0.0,0.09783799453989377,-0.02,0.0,False,0.005058866774022962,0.07446320431265092,0.25294441426526626,0.04252193885654483,4.2521938856544815e-06,4.252193885654482e-06,-0.014892894167038746,0.0,0.29095809998786515,1.1619777616500326,1.04690966709181,0.29095809998786515
37.0,0.0,0.0,-0.10966855872285582,1.5759138186810948,-0.09733245334428631,-21.933711744571163,3.0,0.0,0.10914168691822562,0.06,0.0,False,0.0054530482654544,0.10966855872285582,0.2726535726435122,0.04252193400127473,4.2521934001274746e-06,4.252193400127474e-06,-0.02193408480852209,0.0,0.431166157049391,1.6732462720253811,1.4667721317628692,0.431166157049391
38.0,0.0,0.0,-0.15306473630859996,1.6989035739377554,-0.09401740335565506,-30.61294726171999,3.0,0.0,0.04803875780706635,-0.01,0.0,False,0.005131674844155498,0.15306473630859996,0.2565848332513884,0.042521930818851625,4.2521930818851625e-06,4.2521930818851625e-06,-0.030613467948156163,0.0,0.12298975525666056,1.7929209772934105,1.650864816130689,0.12298975525666056
39.0,0.0,0.0,-0.16380830505481542,2.2874349747227574,-0.0918200065078324,-32.76166101096308,3.0,0.0,0.045233912554455497,0.03,0.0,False,0.005038388048163767,0.16380830505481542,0.25192047361807596,0.04252192873290852,4.252192873290852e-06,4.252192873290853e-06,-0.03276221824419949,0.0,0.588531400785002,2.3792549812305896,2.2422010621683017,0.588531400785002
40.0,0.0,0.0,-0.2225959737249065,2.082714004200433,0.027663912211389183,-44.5191947449813,3.0,0.0,0.06078569616423431,-0.03,0.0,False,0.004979972082478982,0.22259597372490647,0.24899966291400497,0.04252192736566145,4.2521927365661454e-06,4.252192736566145e-06,-0.044519951958547584,0.0,-0.2047209705223243,2.055050091989044,2.0219283080361987,0.2047209705223243
41.0,0.0,0.0,-0.20082677278365163,2.5367713693582137,0.10755476030579797,-40.16535455673033,3.0,0.0,0.06142791142456084,-0.03,0.0,False,0.005289196122249187,0.2008267727836516,0.2644609306465023,0.04252192646948904,4.252192646948904e-06,4.252192646948905e-06,-0.04016603771712661,0.0,0.4540573651577806,2.429216609052416,2.475343457933653,0.4540573651577806
42.0,0.0,0.0,-0.24462968042214112,1.133614237290594,0.08645543910050585,-48.92593608442822,3.0,0.0,0.07440357865759115,0.1,0.0,False,0.005042397357567962,0.24462968042214112,0.25212093994063156,0.04252192588208612,4.252192588208611e-06,4.252192588208612e-06,-0.04892676825090088,0.0,-1.4031571320676197,1.047158798190088,1.0592106586330028,1.4031571320676197
43.0,0.0,0.0,-0.10178267837072857,1.1717710713460958,0.06406833663043923,-20.356535674145714,3.0,0.0,0.09042255451110412,-0.03,0.0,False,0.005109131109168459,0.10178267837072859,0.25545764170888485,0.042521925497068444,4.252192549706844e-06,4.252192549706844e-06,-0.020356881912310762,0.0,0.038156834055501854,1.1077027347156565,1.0813485168349917,0.038156834055501854
44.0,0.0,0.0,-0.10110261780114545,0.8936771391376408,0.09493451472407906,-20.22052356022909,3.0,0.0,0.11576581360597565,-0.03,0.0,False,0.005183696942770049,0.10110261780114545,0.259185949242372,0.042521925244705674,4.2521925244705684e-06,4.252192524470569e-06,-0.020220867485003145,0.0,-0.278093932208455,0.7987426244135617,0.7779113255316652,0.278093932208455
45.0,0.0,0.0,-0.06834527814592586,0.5768462635728571,0.09663659102989258,-13.669055629185173,3.0,0.0,0.16072339794486062,-0.05,0.0,False,0.005199135262074175,0.06834527814592586,0.2599578684899092,0.04252192507929264,4.252192507929263e-06,4.2521925079292635e-06,-0.013669288122020307,0.0,-0.31683087556478373,0.4802096725429645,0.41612286562799644,0.31683087556478373
46.0,0.0,0.0,-0.03584455188561583,0.8803448779374347,0.1081883902040996,-7.168910377123166,3.0,0.0,0.21020982681439843,0.08,0.0,False,0.005003317972032318,0.03584455188561583,0.2501669623551729,0.042521924970871386,4.252192497087138e-06,4.252192497087139e-06,-0.0071690323109523425,0.0,0.3034986143645776,0.7721564877333351,0.6701350511230362,0.3034986143645776
47.0,0.0,0.0,-0.06187434658174082,1.0335564416288339,0.23265615659608413,-12.374869316348164,3.0,0.0,0.21839312381996978,0.1,0.0,False,0.004968938880557284,0.06187434658174082,0.24844800047209376,0.04252192489980588,4.252192489980587e-06,4.252192489980588e-06,-0.012375079796758646,0.0,0.1532115636913992,0.8009002850327498,0.8151633178088641,0.1532115636913992
48.0,0.0,0.0,-0.08053721034555134,0.9747039511004869,0.1515592536418758,-16.107442069110267,3.0,0.0,0.2615882570384337,-0.01,0.0,False,0.005040790721641474,0.08053721034555134,0.252040607802695,0.04252192485322546,4.252192485322546e-06,4.252192485322545e-06,-0.01610771603572179,0.0,-0.05885249052834696,0.8231446974586111,0.7131156940620532,0.05885249052834696
49.0,0.0,0.0,-0.07683139163270526,1.5800067550640313,0.08033912795493636,-15.366278326541053,3.0,0.0,0.22816721518729036,0.02,0.0,False,0.005307095064252941,0.07683139163270526,0.2653558815521338,0.04252192482269396,4.252192482269395e-06,4.252192482269396e-06,-0.015366539686922415,0.0,0.6053028039635444,1.499667627109095,1.3518395398767409,0.6053028039635444
50.0,0.0,0.0,-0.1381263853550326,1.2981528602445251,0.06569688106063667,-27.625277071006522,3.0,0.0,0.20637369968013933,0.09,0.0,False,0.004994571061534449,0.1381263853550326,0.249729614970598,0.04252192480268187,4.252192480268186e-06,4.252192480268186e-06,-0.027625746940990247,0.0,-0.2818538948195062,1.2324559791838885,1.0917791605643858,0.2818538948195062
51.0,0.0,0.0,-0.1138650118807543,0.9759864450455342,-0.009584608485708732,-22.77300237615086,3.0,0.0,0.1987135345148487,0.06,0.0,False,0.005111890024384259,0.11386501188075432,0.2555955880562288,0.04252192478956478,4.252192478956478e-06,4.252192478956478e-06,-0.02277338971526152,0.0,-0.3221664151989909,0.985571053531243,0.7772729105306855,0.3221664151989909
52.0,0.0,0.0,-0.08186335655341592,1.2066256283957604,0.17618795476314603,-16.372671310683184,3.0,0.0,0.15947853263962547,-0.14,0.0,False,0.005190022518417953,0.08186335655341592,0.25950222936963335,0.0425219247809671,4.252192478096709e-06,4.25219247809671e-06,-0.016372949788498216,0.0,0.23063918335022615,1.0304376736326144,1.0471470957561348,0.23063918335022615
53.0,0.0,0.0,-0.10917711709371986,2.0703132874212344,-0.01379392578756175,-21.83542341874397,3.0,0.0,0.1573354745739268,0.2,0.0,False,0.004736886693271863,0.10917711709371986,0.2368453417712913,0.04252192477533167,4.252192477533166e-06,4.252192477533167e-06,-0.021835794810857543,0.0,0.8636876590254741,2.0841072132087963,1.9129778128473076,0.8636876590254741
54.0,0.0,0.0,-0.1970457423316239,2.276917678484469,0.09080985942909942,-39.40914846632478,3.0,0.0,0.11483124535276155,0.0,0.0,False,0.004883555791306281,0.1970457423316239,0.24417882785627387,0.0425219247716379,4.25219247716379e-06,4.252192477163789e-06,-0.039409818764613094,0.0,0.2066043910632347,2.1861078190553695,2.162086433131708,0.2066043910632347
55.0,0.0,0.0,-0.21434250578008698,1.6435717941920243,0.022787282673191703,-42.868501156017395,3.0,0.0,0.09981397028383572,-0.09,0.0,False,0.004980722262870973,0.21434250578008693,0.2490371720930355,0.04252192476921678,4.252192476921676e-06,4.252192476921677e-06,-0.04286923029338941,0.0,-0.6333458842924449,1.6207845115188326,1.5437578239081886,0.6333458842924449
56.0,0.0,0.0,-0.14754799384107434,1.7710086142333268,0.22158269176645334,-29.509598768214868,3.0,0.0,0.13344704940407154,-0.04,0.0,False,0.00500469065139096,0.1475479938410743,0.2502355966149449,0.04252192476762984,4.2521924767629835e-06,4.252192476762984e-06,-0.029510100688056092,0.0,0.12743682004130252,1.5494259224668734,1.6375615648292552,0.12743682004130252
57.0,0.0,0.0,-0.15319773833086456,1.6320352499709354,0.3187833296417057,-30.63954766617291,3.0,0.0,0.16806048565781284,0.1,0.0,False,0.0050783763432344165,0.15319773833086456,0.25391989687340477,0.042521924766589676,4.252192476658967e-06,4.252192476658967e-06,-0.030640068804973223,0.0,-0.13897336426239137,1.3132519203292297,1.4639747643131225,0.13897336426239137
58.0,0.0,0.0,-0.1381301315997715,1.0604085212410697,0.23458835504298348,-27.626026319954303,3.0,0.0,0.2389986596111631,-0.02,0.0,False,0.005171044619536144,0.13813013159977153,0.2585533303906586,0.04252192476590788,4.252192476590789e-06,4.2521924765907885e-06,-0.02762649620268138,0.0,-0.5716267287298658,0.8258201661980862,0.8214098616299066,0.5716267287298658
59.0,0.0,0.0,-0.0828346838617772,1.3495978567705063,0.16976417295058552,-16.56693677235544,3.0,0.0,0.2507045661779014,-0.04,0.0,False,0.005499472464183956,0.0828346838617772,0.27497479244996964,0.04252192476546101,4.252192476546101e-06,4.252192476546101e-06,-0.016567218554372865,0.0,0.2891893355294366,1.1798336838199208,1.098893290592605,0.2891893355294366
60.0,0.0,0.0,-0.10891260082602976,1.3669211778899142,0.13527182711993202,-21.782520165205952,3.0,0.0,0.23204407117232165,-0.16,0.0,False,0.005736758415354895,0.10891260082602974,0.2868391404577934,0.04252192476516809,4.252192476516809e-06,4.2521924765168095e-06,-0.02178289065750402,0.0,0.01732332111940793,1.2316493507699822,1.1348771067175925,0.01732332111940793
61.0,0.0,0.0,-0.11056270229306685,0.4845623054358954,0.03523751320565134,-22.11254045861337,3.0,0.0,0.26044869264311693,-0.03,0.0,False,0.0053125451911455734,0.11056270229306685,0.2656283890555133,0.042521924764976085,4.25219247649761e-06,4.25219247649761e-06,-0.022112916564126808,0.0,-0.8823588724540188,0.4493247922302441,0.22411361279277847,0.8823588724540188
62.0,0.0,0.0,-0.02893994408286609,-0.07016996431902128,0.04938475312958446,-5.787988816573218,3.0,0.0,0.2612706482647016,0.17,0.0,False,0.005675319355351469,0.02893994408286609,0.2837671743950867,0.04252192476485026,4.252192476485025e-06,4.252192476485025e-06,-0.0057880872627246085,0.0,-0.5547322697549166,-0.11955471744860574,-0.33144061258372287,0.5547322697549166
63.0,0.0,0.0,0.025069450419487594,-1.166188219744281,-0.005954088962616302,5.013890083897519,3.0,0.0,0.19515671169660942,0.07,0.0,False,0.005733468810304486,0.025069450419487594,0.2866746595058712,0.04252192476476777,4.252192476476778e-06,4.252192476476777e-06,0.005013975363637666,0.0,-1.0960182554252598,-1.1602341307816646,-1.3613449314408905,1.0960182554252598
64.0,0.0,0.0,0.13732114540999804,-0.9317615150612331,0.11450351655540744,27.46422908199961,3.0,0.0,0.1805298698822779,-0.04,0.0,False,0.0055152973368313325,0.137321145409998,0.2757660394468587,0.04252192476471372,4.252192476471372e-06,4.25219247647137e-06,0.02746469621276639,0.0,0.23442670468304794,-1.0462650316166404,-1.112291384943511,0.23442670468304794
65.0,0.0,0.0,0.1136200968364648,-1.3483402243042666,0.12265832259806056,22.72401936729296,3.0,0.0,0.2070524301527689,0.24,0.0,False,0.00502322135135844,0.1136200968364648,0.25116213555312383,0.04252192476467826,4.252192476467827e-06,4.252192476467827e-06,0.022724405873266233,0.0,-0.41657870924303353,-1.4709985469023272,-1.5553926544570356,0.41657870924303353
66.0,0.0,0.0,0.15339716966830277,-1.241752571970082,0.026336174247715047,30.679433933660555,3.0,0.0,0.20446361002946287,0.05,0.0,False,0.005181258357409362,0.15339716966830277,0.2590640194558584,0.04252192476465504,4.252192476465504e-06,4.252192476465505e-06,0.030679955750874323,0.0,0.10658765233418466,-1.268088746217797,-1.4462161819995447,0.10658765233418466
67.0,0.0,0.0,0.1372229813233929,-1.5854255688301597,-0.15441145993235844,27.444596264678577,3.0,0.0,0.18566408609330057,0.14,0.0,False,0.005417068393342971,0.13722298132339286,0.2708545713880219,0.042521924764639826,4.252192476463981e-06,4.252192476463982e-06,0.02744506306151671,0.0,-0.3436729968600778,-1.4310141088978012,-1.7710896549234603,0.3436729968600778
68.0,0.0,0.0,0.163333427275777,-1.93107710603402,-0.27150170246720734,32.666685455155395,3.0,0.0,0.13050641619028677,0.29,0.0,False,0.005432122270213057,0.16333342727577702,0.2716072684321253,0.042521924764629834,4.252192476462983e-06,4.252192476462984e-06,0.032667241072929315,0.0,-0.3456515372038602,-1.6595754035668127,-2.0615835222243066,0.3456515372038602
69.0,0.0,0.0,0.19616009471590826,-1.4955886588963418,-0.3388045372160854,39.23201894318165,3.0,0.0,0.04794343018614209,0.04,0.0,False,0.005152017511741366,0.19616009471590826,0.25760197095557347,0.0425219247646233,4.252192476462331e-06,4.25219247646233e-06,0.039232686228727394,0.0,0.4354884471376781,-1.1567841216802566,-1.543532089082484,0.4354884471376781
70.0,0.0,0.0,0.1518691213283078,-0.8022430710102959,-0.3090108218193005,30.37382426566156,3.0,0.0,0.03056554664901034,-0.02,0.0,False,0.005246191791634251,0.1518691213283078,0.2623107049725759,0.04252192476461902,4.2521924764619006e-06,4.252192476461901e-06,0.030374340884852913,0.0,0.6933455878860459,-0.4932322491909954,-0.8328086176593062,0.6933455878860459
71.0,0.0,0.0,0.08101844744310085,0.014596331407669472,-0.18144554486471146,16.20368948862017,3.0,0.0,0.02313484322349324,0.04,0.0,False,0.005126587448957655,0.08101844744310085,0.25633046240971175,0.042521924764616206,4.25219247646162e-06,4.25219247646162e-06,0.0162039650922744,0.0,0.8168394024179654,0.19604187627238093,-0.008538511815823768,0.8168394024179654
72.0,0.0,0.0,-0.010277630821783752,0.6415807013667196,-0.4444928189997539,-2.0555261643567504,3.0,0.0,0.007958628722346789,0.41,0.0,False,0.005162933559657556,0.010409788437503757,0.25814777567223973,0.04252192476461437,4.252192476461437e-06,4.252192476461436e-06,-0.002055561126179649,0.0,0.6269843699590502,1.0860735203664735,0.6336220726443729,0.6269843699590502
73.0,0.0,0.0,-0.08507394071547912,0.2502325153373708,-0.6620922038921755,-17.014788143095824,3.0,0.0,-0.08818216193339076,0.48,0.0,False,0.005435440490577723,0.08507394071547912,0.2717731801558441,0.042521924764613146,4.252192476461316e-06,4.252192476461315e-06,-0.017015077542481754,0.0,-0.39134818602934884,0.9123247192295463,0.3384146772707616,0.39134818602934884
74.0,0.0,0.0,-0.048924611041167895,0.39688638172749086,-0.5524888106516607,-9.78492220823358,3.0,0.0,-0.20917679332660344,0.18,0.0,False,0.005360082843020831,0.048924611041167895,0.2680052817562384,0.042521924764612355,4.252192476461236e-06,4.2521924764612365e-06,-0.00978508863701627,0.0,0.14665386639012007,0.9493751923791516,0.6060631750540943,0.14665386639012007
75.0,0.0,0.0,-0.0644829730983219,-0.19272038171614586,-0.34479575013301844,-12.896594619664382,3.0,0.0,-0.23902399691745682,0.01,0.0,False,0.005454565168976447,0.06448297309832192,0.27272941814187096,0.04252192476461185,4.252192476461185e-06,4.252192476461184e-06,-0.012896813973942092,0.0,-0.5896067634436367,0.15207536841687258,0.04630361520131096,0.5896067634436367
76.0,0.0,0.0,-0.002008158764527348,-0.7211990782715368,-0.2827801995009033,-0.4016317529054696,3.0,0.0,-0.24795705895638107,-0.05,0.0,False,0.005594434639191413,0.0045952377193979425,0.2797229213902147,0.04252192476461149,4.252192476461149e-06,4.25219247646115e-06,-0.0004016385841384936,0.0,-0.5284786965553909,-0.43841887877063357,-0.47324201931515575,0.5284786965553909
77.0,0.0,0.0,0.050973525505107364,-1.5269828500150755,-0.3384838468796411,10.194705101021473,3.0,0.0,-0.21280239631529882,0.03,0.0,False,0.005482800286283968,0.050973525505107364,0.27414118001030474,0.04252192476461127,4.252192476461127e-06,4.252192476461128e-06,0.01019487849967746,0.0,-0.8057837717435387,-1.1884990031354343,-1.3141804536997768,0.8057837717435387
78.0,0.0,0.0,0.13111710195955983,-1.3702020032558684,-0.31233335305943527,26.22342039191197,3.0,0.0,-0.21145298575838115,0.03,0.0,False,0.005426854610386613,0.13111710195955983,0.2713438843208478,0.042521924764611134,4.252192476461113e-06,4.252192476461114e-06,0.026223866418138942,0.0,0.15678084675920712,-1.0578686501964332,-1.1587490174974873,0.15678084675920712
79.0,0.0,0.0,0.11203111514384352,-1.7764873415946112,-0.43418323576402373,22.406223028768704,3.0,0.0,-0.2157839536617544,0.1,0.0,False,0.005200668447543442,0.11203111514384353,0.2600345280893343,0.042521924764611044,4.252192476461104e-06,4.2521924764611035e-06,0.022406604129440125,0.0,-0.4062853383387428,-1.3423041058305873,-1.5607033879328567,0.4062853383387428
80.0,0.0,0.0,0.15347895202697412,-2.633279108608755,-0.3731223590495575,30.695790405394824,3.0,0.0,-0.24986703292418722,0.1,0.0,False,0.005041819976367996,0.15347895202697412,0.25209207075784834,0.042521924764610974,4.252192476461099e-06,4.2521924764610976e-06,0.03069631250081083,0.0,-0.8567917670141436,-2.260156749559197,-2.383412075684568,0.8567917670141436
81.0,0.0,0.0,0.23969364823330574,-2.4194102069546077,-0.24357848336167476,47.93872964666115,3.0,0.0,-0.2416651902226164,-0.02,0.0,False,0.005169648137594961,0.23969364823330574,0.2584835059966939,0.042521924764610926,4.252192476461093e-06,4.252192476461093e-06,0.04793954502201611,0.0,0.21386890165414707,-2.1758317235929328,-2.177745016731991,0.21386890165414707
82.0,0.0,0.0,0.22311632427534303,-2.640029443635396,-0.2140078206415945,44.623264855068605,3.0,0.0,-0.23629166509931612,-0.1,0.0,False,0.005200637760596615,0.22311632427534303,0.26003299373546856,0.04252192476461091,4.252192476461092e-06,4.252192476461091e-06,0.044624023838685585,0.0,-0.22061923668078842,-2.426021622993802,-2.40373777853608,0.22061923668078842
83.0,0.0,0.0,0.2459311026273191,-2.209665121587039,-0.35901903058225526,49.18622052546382,3.0,0.0,-0.1881995275234072,-0.09,0.0,False,0.0053625340617521385,0.2459311026273191,0.2681278432139564,0.0425219247646109,4.25219247646109e-06,4.252192476461089e-06,0.049187057119013874,0.0,0.4303643220483573,-1.8506460910047835,-2.0214655940636317,0.4303643220483573
84.0,0.0,0.0,0.19849737882948643,-2.747622572351162,-0.5836707620604713,39.69947576589728,3.0,0.0,-0.18066613004299167,0.25,0.0,False,0.005203246233875322,0.19849737882948645,0.2601634179539905,0.04252192476461088,4.252192476461087e-06,4.252192476461088e-06,0.0397001510022747,0.0,-0.5379574507641229,-2.1639518102906905,-2.5669564423081703,0.5379574507641229
85.0,0.0,0.0,0.2522475720916994,-3.2773879033191227,-0.525981523635113,50.44951441833988,3.0,0.0,-0.22464913083913401,-0.04,0.0,False,0.005324884278518922,0.2522475720916994,0.2662453460475893,0.04252192476461086,4.252192476461086e-06,4.2521924764610866e-06,0.05045037249887372,0.0,-0.5297653309679609,-2.75140637968401,-3.0527387724799886,0.5297653309679609
86.0,0.0,0.0,0.30548941288917814,-2.5363089932845684,-0.4184509272171195,61.09788257783563,3.0,0.0,-0.22509322117275782,-0.06,0.0,False,0.005389408930460192,0.30548941288917814,0.269471592363215,0.04252192476461086,4.252192476461086e-06,4.2521924764610866e-06,0.06109892177324322,0.0,0.7410789100345543,-2.117858066067449,-2.3112157721118107,0.7410789100345543
87.0,0.0,0.0,0.22659837143715414,-2.9346996300880868,-0.443144335305799,45.31967428743083,3.0,0.0,-0.2224288244381882,0.07,0.0,False,0.005581667182324769,0.22659837143715414,0.2790845458323984,0.04252192476461086,4.252192476461086e-06,4.2521924764610866e-06,0.04532044511606524,0.0,-0.3983906368035184,-2.491555294782288,-2.7122708056498985,0.3983906368035184
88.0,0.0,0.0,0.2657440116042514,-3.5005555137514444,-0.4826821802680536,53.14880232085027,3.0,0.0,-0.2702771019185191,0.0,0.0,False,0.005487060756849326,0.2657440116042514,0.2743542044443896,0.04252192476461086,4.252192476461086e-06,4.2521924764610866e-06,0.05314970631275572,0.0,-0.5658558836633576,-3.017873333483391,-3.2302784118329253,0.5658558836633576
89.0,0.0,0.0,0.31620261290228147,-4.069395163311057,-0.6178674219712139,63.24052258045629,3.0,0.0,-0.27720301431123606,0.17,0.0,False,0.005534541203600253,0.3162026129022815,0.27672823687673587,0.04252192476461086,4.252192476461086e-06,4.2521924764610866e-06,0.0632415982193797,0.0,-0.5688396495596129,-3.4515277413398433,-3.7921921489998214,0.5688396495596129
90.0,0.0,0.0,0.37145099285025923,-4.180998975956632,-0.4293298702582973,74.29019857005184,3.0,0.0,-0.33846215701005233,0.13,0.0,False,0.005161333035332383,0.37145099285025923,0.25806774911569413,0.04252192476461086,4.252192476461086e-06,4.2521924764610866e-06,0.07429146214957254,0.0,-0.11160381264557451,-3.7516691056983342,-3.8425368189465794,0.11160381264557451
91.0,0.0,0.0,0.3804209575788278,-4.065801100850174,-0.5691537014093685,76.08419151576557,3.0,0.0,-0.35480626075261007,0.0,0.0,False,0.0049861589546170565,0.38042095757882777,0.24930900783623247,0.04252192476461086,4.252192476461086e-06,4.2521924764610866e-06,0.07608548560876974,0.0,0.11519787510645774,-3.4966473994408056,-3.710994840097564,0.11519787510645774
92.0,0.0,0.0,0.3706665141400719,-3.957189139626277,-0.2669160707790099,74.13330282801438,3.0,0.0,-0.37670851901167174,0.13,0.0,False,0.0047263201677494125,0.37066651414007196,0.23631701324862361,0.04252192476461086,4.252192476461086e-06,4.2521924764610866e-06,0.07413456373894284,0.0,0.10861196122389716,-3.690273068847267,-3.580480620614605,0.10861196122389716
93.0,0.0,0.0,0.3668886545984458,-3.56623686884777,-0.19219787649588918,73.37773091968916,3.0,0.0,-0.35905715218132356,0.02,0.0,False,0.0052279781616391685,0.3668886545984458,0.26140001960042863,0.04252192476461086,4.252192476461086e-06,4.2521924764610866e-06,0.07337897897932354,0.0,0.3909522707785067,-3.3740389923518808,-3.2071797166664466,0.3909522707785067
94.0,0.0,0.0,0.3299336552437667,-3.238741174282475,-0.27489319530783657,65.98673104875334,3.0,0.0,-0.28822458958298375,-0.08,0.0,False,0.005472440971016763,0.3299336552437667,0.2736232120444542,0.04252192476461086,4.252192476461086e-06,4.2521924764610866e-06,0.06598785339710608,0.0,0.3274956945652949,-2.9638479789746386,-2.9505165846994914,0.3274956945652949
95.0,0.0,0.0,0.29977775109161736,-3.2332252047710126,-0.22869218162114924,59.955550218323474,3.0,0.0,-0.26683016933977877,0.07,0.0,False,0.0052052821696274175,0.29977775109161736,0.26026521517445483,0.04252192476461086,4.252192476461086e-06,4.2521924764610866e-06,0.05995656998414542,0.0,0.005515969511462604,-3.0045330231498633,-2.966395035431234,0.005515969511462604
96.0,0.0,0.0,0.30097190111453015,-4.031737636454442,-0.24741954134282965,60.19438022290603,3.0,0.0,-0.24089992773141486,-0.03,0.0,False,0.005336143482509379,0.30097190111453015,0.26680830864092736,0.04252192476461086,4.252192476461086e-06,4.2521924764610866e-06,0.0601954040509153,0.0,-0.7985124316834291,-3.784318095111612,-3.7908377087230267,0.7985124316834291
97.0,0.0,0.0,0.380967891237853,-4.054012324456705,-0.22018141204347333,76.1935782475706,3.0,0.0,-0.22344220410303672,0.05,0.0,False,0.005159472908158344,0.380967891237853,0.25797474236151136,0.04252192476461086,4.252192476461086e-06,4.2521924764610866e-06,0.0761948742011006,0.0,-0.02227468800226351,-3.833830912413232,-3.8305701203536686,0.02227468800226351
98.0,0.0,0.0,0.3848347125105605,-3.9909412151509662,-0.12069817853488164,76.9669425021121,3.0,0.0,-0.22197772663587126,0.04,0.0,False,0.005325319434670736,0.38483471251056045,0.2662671039476985,0.04252192476461086,4.252192476461086e-06,4.2521924764610866e-06,0.07696825160956083,0.0,0.063071109305739,-3.8702430366160847,-3.768963488515095,0.063071109305739
99.0,0.0,0.0,0.38399856954396006,-3.682320012311905,0.0531578596107309,76.79971390879201,3.0,0.0,-0.205583379787643,0.26,0.0,False,0.005182617798311705,0.38399856954396006,0.2591319917900057,0.04252192476461086,4.252192476461086e-06,4.2521924764610866e-06,0.07680102017190017,0.0,0.30862120283906114,-3.735477871922636,-3.476736632524262,0.30862120283906114
100.0,0.0,0.0,0.35500991807575644,-3.218031303744853,-0.04354530317311346,71.00198361515129,3.0,0.0,-0.1508738779199504,-0.01,0.0,False,0.005275604918654576,0.35500991807575644,0.26378136757710585,0.04252192476461086,4.252192476461086e-06,4.2521924764610866e-06,0.07100319126641823,0.0,0.46428870856705196,-3.1744860005717395,-3.067157425824903,0.46428870856705196
101.0,0.0,0.0,0.3125023212350637,-3.513441658484585,0.004277177658916456,62.500464247012744,3.0,0.0,-0.1321453530292087,0.02,0.0,False,0.005258333944371662,0.3125023212350637,0.26291781519098495,0.04252192476461086,4.252192476461086e-06,4.2521924764610866e-06,0.06250152729850778,0.0,-0.29541035473973176,-3.5177188361435014,-3.3812963054553764,0.29541035473973176
102.0,0.0,0.0,0.3440042021681666,-4.409889604681059,0.045744296299391043,68.80084043363331,3.0,0.0,-0.0929416503932576,-0.02,0.0,False,0.00518661181276774,0.3440042021681666,0.2593316933619734,0.04252192476461086,4.252192476461086e-06,4.2521924764610866e-06,0.06880201064632153,0.0,-0.8964479461964738,-4.45563390098045,-4.3169479542878015,0.8964479461964738
103.0,0.0,0.0,0.4341675047177158,-4.460400847398954,-0.019238335474441245,86.83350094354316,3.0,0.0,-0.07332649819890727,0.04,0.0,False,0.005029861765549809,0.4341675047177158,0.25149415767450817,0.04252192476461086,4.252192476461086e-06,4.2521924764610866e-06,0.08683497786830058,0.0,-0.050511242717894866,-4.441162511924512,-4.387074349200046,0.050511242717894866
104.0,0.0,0.0,0.44527264949896894,-4.138114979819319,0.0502160186386766,89.05452989979379,3.0,0.0,-0.06812224931405118,0.12,0.0,False,0.004802667748270082,0.44527264949896894,0.24013440850688736,0.04252192476461086,4.252192476461086e-06,4.2521924764610866e-06,0.08905604460136106,0.0,0.32228586757963473,-4.188330998457995,-4.069992730505268,0.32228586757963473
105.0,0.0,0.0,0.4121633035677057,-4.486455241211654,-0.11806854579829514,82.43266071354114,3.0,0.0,-0.00757968315875966,-0.06,0.0,False,0.0053705829012421795,0.4121633035677057,0.26853028689971936,0.04252192476461086,4.252192476461086e-06,4.2521924764610866e-06,0.08243406278573799,0.0,-0.34834026139233476,-4.368386695413358,-4.478875558052894,0.34834026139233476
106.0,0.0,0.0,0.44759384118183365,-5.39381816287069,-0.12339384651338749,89.51876823636672,3.0,0.0,-0.016394314257340867,-0.06,0.0,False,0.0055712204199412875,0.44759384118183365,0.27856220549214195,0.04252192476461086,4.252192476461086e-06,4.2521924764610866e-06,0.08952029083402346,0.0,-0.9073629216590362,-5.270424316357302,-5.377423848613349,0.9073629216590362
107.0,0.0,0.0,0.5389093663732345,-5.258210498233405,0.01836977112024872,107.7818732746469,3.0,0.0,-0.010421666635122532,0.11,0.0,False,0.005213018209463125,0.5389093663732345,0.2606520188109967,0.04252192476461086,4.252192476461086e-06,4.2521924764610866e-06,0.10778370650393411,0.0,0.13560766463728502,-5.276580269353653,-5.247788831598283,0.13560766463728502
108.0,0.0,0.0,0.5262013659476047,-5.201134070193648,0.09246294328550819,105.24027318952095,3.0,0.0,-0.004609921820691118,-0.02,0.0,False,0.005384611150354172,0.5262013659476047,0.2692317023378598,0.04252192476461086,4.252192476461086e-06,4.2521924764610866e-06,0.10524206318950094,0.0,0.05707642803975688,-5.293597013479156,-5.196524148372957,0.05707642803975688
109.0,0.0,0.0,0.527029518261541,-5.3452083332080615,0.21057052525212433,105.4059036523082,3.0,0.0,0.0039150367171067665,0.05,0.0,False,0.005269927702986193,0.527029518261541,0.2634975055866562,0.04252192476461086,4.252192476461086e-06,4.2521924764610866e-06,0.10540769646944663,0.0,-0.14407426301441362,-5.555778858460186,-5.349123369925168,0.14407426301441362
110.0,0.0,0.0,0.5418715762998064,-6.145216589549162,0.17542915204337378,108.37431525996129,3.0,0.0,0.06927316396937695,-0.08,0.0,False,0.005434706287487917,0.5418715762998064,0.2717364698452553,0.04252192476461086,4.252192476461086e-06,4.2521924764610866e-06,0.10837615856591507,0.0,-0.8000082563411004,-6.320645741592536,-6.214489753518539,0.8000082563411004
111.0,0.0,0.0,0.6231781338668344,-5.600018275675437,0.07640983033454316,124.63562677336688,3.0,0.0,0.07362263690199498,-0.02,0.0,False,0.005712863892633851,0.6231781338668344,0.28564440924153556,0.04252192476461086,4.252192476461086e-06,4.2521924764610866e-06,0.12463774666305046,0.0,0.5451983138737253,-5.67642810600998,-5.673640912577431,0.5451983138737253
112.0,0.0,0.0,0.5698593627769343,-5.825886985032498,0.11667650232697296,113.97187255538685,3.0,0.0,0.08669724278779163,0.03,0.0,False,0.005579076050646708,0.5698593627769344,0.27895498869759566,0.04252192476461086,4.252192476461086e-06,4.2521924764610866e-06,0.11397381106849985,0.0,-0.22586870935706127,-5.942563487359471,-5.91258422782029,0.22586870935706127
113.0,0.0,0.0,0.5934493342913344,-5.6301823487074385,0.02408017107929844,118.68986685826688,3.0,0.0,0.09869650967865258,-0.07,0.0,False,0.005733030966686709,0.5934493342913343,0.2866527672318925,0.04252192476461086,4.252192476461086e-06,4.2521924764610866e-06,0.11869188561831817,0.0,0.1957046363250594,-5.654262519786737,-5.728878858386091,0.1957046363250594
114.0,0.0,0.0,0.5745361022165922,-4.908973058661293,0.12644504129713582,114.90722044331845,3.0,0.0,0.10873253092056176,0.12,0.0,False,0.005597894399752059,0.5745361022165922,0.27989591015382526,0.04252192476461086,4.252192476461086e-06,4.2521924764610866e-06,0.11490917486548081,0.0,0.7212092900461453,-5.035418099958429,-5.017705589581855,0.7212092900461453
115.0,0.0,0.0,0.5074095650294297,-4.352595674920924,0.31549914965264925,101.48191300588593,3.0,0.0,0.11530082536304359,0.05,0.0,False,0.005629018863927371,0.5074095650294297,0.28145213997995167,0.04252192476461086,4.252192476461086e-06,4.2521924764610866e-06,0.10148363908105416,0.0,0.5563773837403696,-4.668094824573573,-4.467896500283967,0.5563773837403696
116.0,0.0,0.0,0.461131219186432,-5.154286714771003,0.4833470884178157,92.2262438372864,3.0,0.0,0.16523047178974323,0.34,0.0,False,0.00548540065996487,0.461131219186432,0.2742711992472143,0.04252192476461086,4.252192476461086e-06,4.2521924764610866e-06,0.09222781248557683,0.0,-0.8016910398500796,-5.637633803188819,-5.319517186560747,0.8016910398500796
117.0,0.0,0.0,0.5482590864527408,-4.591719189288151,0.5119810298146348,109.65181729054817,3.0,0.0,0.25881455787843666,0.29,0.0,False,0.005047749404208894,0.5482590864527408,0.25238854341054656,0.04252192476461086,4.252192476461086e-06,4.2521924764610866e-06,0.10965368232514763,0.0,0.5625675254828524,-5.103700219102786,-4.850533747166588,0.5625675254828524
118.0,0.0,0.0,0.49203652168827056,-5.485112871931659,0.5199103451350261,98.40730433765411,3.0,0.0,0.3284207149145275,0.06,0.0,False,0.004814041697595155,0.4920365216882706,0.24070310839135217,0.04252192476461086,4.252192476461086e-06,4.2521924764610866e-06,0.09840897811773332,0.0,-0.8933936826435085,-6.005023217066685,-5.813533586846187,0.8933936826435085
119.0,0.0,0.0,0.5821594994831796,-4.48292340476656,0.48113114387493333,116.43189989663591,3.0,0.0,0.32875063929433274,-0.05,0.0,False,0.004860808153916648,0.5821594994831796,0.24304144115042536,0.04252192476461086,4.252192476461086e-06,4.2521924764610866e-06,0.11643388025161001,0.0,1.002189467165099,-4.964054548641494,-4.811674044060893,1.002189467165099
120.0,0.0,0.0,0.48774435667662325,-4.475881403748079,0.5157039036384259,97.54887133532465,3.0,0.0,0.3366058956123208,0.16,0.0,False,0.004635153155096686,0.4877443566766232,0.23175864323300302,0.04252192476461086,4.252192476461086e-06,4.2521924764610866e-06,0.09755053051457653,0.0,0.007042001018481514,-4.991585307386504,-4.8124872993603995,0.007042001018481514
121.0,0.0,0.0,0.4882493085519446,-3.970587383905273,0.4474814992421039,97.64986171038892,3.0,0.0,0.3946238611438612,0.09,0.0,False,0.0044669629628696726,0.48824930855194465,0.22334909786279875,0.04252192476461086,4.252192476461086e-06,4.2521924764610866e-06,0.09765152260735555,0.0,0.5052940198428058,-4.418068883147377,-4.365211245049134,0.5052940198428058
122.0,0.0,0.0,0.4433477790718408,-3.471084617845848,0.3918108652308029,88.66955581436817,3.0,0.0,0.4067154882731846,-0.03,0.0,False,0.004541719560768299,0.4433477790718409,0.2270869436517022,0.04252192476461086,4.252192476461086e-06,4.2521924764610866e-06,0.08867106396802762,0.0,0.4995027660594249,-3.862895483076651,-3.877800106119033,0.4995027660594249
123.0,0.0,0.0,0.3912497714335239,-2.6749246331943866,0.4553738683548815,78.24995428670478,3.0,0.0,0.4629846668176618,0.03,0.0,False,0.004830804679791625,0.3912497714335239,0.24154126106514695,0.04252192476461086,4.252192476461086e-06,4.2521924764610866e-06,0.07825128521651294,0.0,0.7961599846514615,-3.130298501549268,-3.1379093000120486,0.7961599846514615
124.0,0.0,0.0,0.311243874852248,-1.9088643335400082,0.46717011246935364,62.2487749704496,3.0,0.0,0.4414962799561114,-0.05,0.0,False,0.004877402362142512,0.311243874852248,0.24387115508980703,0.04252192476461086,4.252192476461086e-06,4.2521924764610866e-06,0.06224983374103785,0.0,0.7660602996543784,-2.3760344460093616,-2.3503606134961195,0.7660602996543784
125.0,0.0,0.0,0.24074090185806182,-1.2666539327199442,0.5137609218677129,48.14818037161236,3.0,0.0,0.4375802887712399,0.06,0.0,False,0.005015249551808823,0.24074090185806185,0.25076354388076166,0.04252192476461086,4.252192476461086e-06,4.2521924764610866e-06,0.048148999309451365,0.0,0.642210400820064,-1.780414854587657,-1.704234221491184,0.642210400820064
126.0,0.0,0.0,0.17835915189424945,-1.6260150571854113,0.45022296917000837,35.67183037884989,3.0,0.0,0.4985958688731902,0.02,0.0,False,0.004967876149356561,0.17835915189424945,0.24839486368610733,0.04252192476461086,4.252192476461086e-06,4.2521924764610866e-06,0.035672437110224955,0.0,-0.3593611244654671,-2.0762380263554197,-2.1246109260586015,0.3593611244654671
127.0,0.0,0.0,0.22191588719750563,-1.8505681704042227,0.7113260322643332,44.383177439501125,3.0,0.0,0.5169755070947382,0.21,0.0,False,0.005048007027706247,0.22191588719750563,0.2524014246401875,0.04252192476461086,4.252192476461086e-06,4.2521924764610866e-06,0.04438393233954386,0.0,-0.22455311321881144,-2.561894202668556,-2.367543677498961,0.22455311321881144
128.0,0.0,0.0,0.24516583783825432,-1.871395329068544,0.6825925937485388,49.033167567650864,3.0,0.0,0.59319099624294,-0.07,0.0,False,0.005265493987159462,0.24516583783825432,0.26327581885266893,0.04252192476461086,4.252192476461086e-06,4.2521924764610866e-06,0.04903400155796945,0.0,-0.020827158664321166,-2.5539879228170825,-2.464586325311484,0.020827158664321166
129.0,0.0,0.0,0.254534162049429,-1.7798262737437305,0.818912376607565,50.9068324098858,3.0,0.0,0.6011423325948752,0.11,0.0,False,0.005266555314366117,0.254534162049429,0.2633288854386501,0.04252192476461086,4.252192476461086e-06,4.2521924764610866e-06,0.05090769826880306,0.0,0.09156905532481341,-2.5987386503512955,-2.3809686063386057,0.09156905532481341
130.0,0.0,0.0,0.25213064011863584,-1.5576799230068938,1.0041216087318738,50.426128023727166,3.0,0.0,0.6740004078381872,0.31,0.0,False,0.005207585170556018,0.2521306401186358,0.260380365710525,0.04252192476461086,4.252192476461086e-06,4.2521924764610866e-06,0.05042698570648889,0.0,0.22214635073683664,-2.5618015317387677,-2.231680330845081,0.22214635073683664
131.0,0.0,0.0,0.24215686707576467,-1.1870650990134297,0.9936944272724846,48.43137341515293,3.0,0.0,0.7415337328431751,0.3,0.0,False,0.005142023356807793,0.24215686707576467,0.25710226108404116,0.04252192476461086,4.252192476461086e-06,4.2521924764610866e-06,0.04843219716973677,0.0,0.3706148239934641,-2.1807595262859145,-1.928598831856605,0.3706148239934641
132.0,0.0,0.0,0.20655141681251482,-1.3005025540791695,1.013783617087608,41.310283362502965,3.0,0.0,0.8639402326311654,-0.12,0.0,False,0.005752084439377512,0.20655141681251482,0.2876054449173844,0.04252192476461086,4.252192476461086e-06,4.2521924764610866e-06,0.04131098599661965,0.0,-0.11343745506573977,-2.3142861711667777,-2.164442786710335,0.11343745506573977
133.0,0.0,0.0,0.22258501446952358,-1.013235824117042,0.90746975720438,44.51700289390472,3.0,0.0,0.8784929839307448,0.01,0.0,False,0.0056599395962778735,0.22258501446952358,0.2829981831715221,0.04252192476461086,4.252192476461086e-06,4.2521924764610866e-06,0.044517760070144144,0.0,0.28726672996212743,-1.920705581321422,-1.891728808047787,0.28726672996212743
134.0,0.0,0.0,0.19391156395155723,-1.255129070236485,0.9304578633595041,38.782312790311444,3.0,0.0,0.9253949143322593,-0.02,0.0,False,0.0054244962166055885,0.19391156395155723,0.2712259641303794,0.04252192476461086,4.252192476461086e-06,4.2521924764610866e-06,0.038782972426941176,0.0,-0.24189324611944296,-2.185586933595989,-2.1805239845687443,0.24189324611944296
135.0,0.0,0.0,0.2138272630093849,-1.0550351426437161,0.8497908346908447,42.76545260187698,3.0,0.0,0.9259210428631949,0.13,0.0,False,0.00509361493235764,0.2138272630093849,0.2546818295694366,0.04252192476461086,4.252192476461086e-06,4.2521924764610866e-06,0.04276617998652719,0.0,0.2000939275927689,-1.9048259773345608,-1.980956185506911,0.2000939275927689
136.0,0.0,0.0,0.19525912391920486,-0.9026636217914509,0.8395206356595727,39.05182478384097,3.0,0.0,0.883189021591313,-0.05,0.0,False,0.005474753364587709,0.19525912391920486,0.2737388322146387,0.04252192476461086,4.252192476461086e-06,4.2521924764610866e-06,0.039052489004518694,0.0,0.15237152085226524,-1.7421842574510236,-1.7858526433827637,0.15237152085226524
137.0,0.0,0.0,0.18089062467611125,-0.9473845436232915,0.8979776035730935,36.17812493522225,3.0,0.0,0.8975976105172147,-0.1,0.0,False,0.00563923222109568,0.18089062467611122,0.28196281000982515,0.04252192476461086,4.252192476461086e-06,4.2521924764610866e-06,0.03617874027800831,0.0,-0.04472092183184062,-1.845362147196385,-1.844982154140506,0.04472092183184062
138.0,0.0,0.0,0.18677851629106634,-0.47984783094391775,1.0293683173797348,37.35570325821327,3.0,0.0,0.9062810840573253,-0.05,0.0,False,0.005655577089559505,0.18677851629106634,0.2827800569080927,0.04252192476461086,4.252192476461086e-06,4.2521924764610866e-06,0.0373563386300729,0.0,0.46753671267937374,-1.5092161483236526,-1.386128915001243,0.46753671267937374
139.0,0.0,0.0,0.14743613808960396,-0.8514932871479886,1.1708217705024055,29.48722761792079,3.0,0.0,0.9204403301974564,0.08,0.0,False,0.005654263708162177,0.14743613808960396,0.28271438755898876,0.04252192476461086,4.252192476461086e-06,4.2521924764610866e-06,0.029487729157257836,0.0,-0.3716454562040708,-2.022315057650394,-1.771933617345445,0.3716454562040708
140.0,0.0,0.0,0.1907815062349088,-0.2112332467637975,1.2650316574984974,38.15630124698176,3.0,0.0,0.9945448962939772,0.17,0.0,False,0.005459940269922023,0.1907815062349088,0.27299817433194795,0.04252192476461086,4.252192476461086e-06,4.2521924764610866e-06,0.03815695023597047,0.0,0.640260040384191,-1.4762649042622948,-1.2057781430577748,0.640260040384191
141.0,0.0,0.0,0.12988760630036097,-0.65987855116721,1.2534346346236984,25.977521260072194,3.0,0.0,1.0563623371853703,0.11,0.0,False,0.0052892527980394856,0.12988760630036097,0.2644637644480219,0.04252192476461086,4.252192476461086e-06,4.2521924764610866e-06,0.025977963103875203,0.0,-0.44864530440341244,-1.9133131857909085,-1.7162408883525804,0.44864530440341244
142.0,0.0,0.0,0.18404113702745523,-0.5093846904050806,1.505191326040462,36.808227405491046,3.0,0.0,1.0876704315949255,0.38,0.0,False,0.0050427625885448215,0.1840411370274552,0.252139201567098,0.04252192476461086,4.252192476461086e-06,4.2521924764610866e-06,0.03680885346549947,0.0,0.15049386076212934,-2.0145760164455426,-1.5970551220000062,0.15049386076212934
143.0,0.0,0.0,0.17913614881273177,-0.27602271805995215,1.5885665832919735,35.82722976254635,3.0,0.0,1.1805719480242516,0.39,0.0,False,0.005135850242554949,0.17913614881273177,0.2567936040589355,0.04252192476461086,4.252192476461086e-06,4.2521924764610866e-06,0.035827839137062535,0.0,0.23336197234512845,-1.8645893013519257,-1.4565946660842037,0.23336197234512845
144.0,0.0,0.0,0.16298318663572697,-0.4982658913037681,1.5575516475484237,32.596637327145395,3.0,0.0,1.2820148837914471,0.24,0.0,False,0.00544261006527261,0.16298318663572697,0.272131660414909,0.04252192476461086,4.252192476461086e-06,4.2521924764610866e-06,0.032597191753491836,0.0,-0.22224317324381593,-2.0558175388521915,-1.7802807750952152,0.22224317324381593
145.0,0.0,0.0,0.19039808108764972,-0.45018934189572823,1.487740338046198,38.079616217529946,3.0,0.0,1.3538438000913158,0.07,0.0,False,0.005631435828334149,0.1903980810876497,0.2815729887141604,0.04252192476461086,4.252192476461086e-06,4.2521924764610866e-06,0.038080263902206174,0.0,0.04807654940803985,-1.9379296799419263,-1.804033141987044,0.04807654940803985
146.0,0.0,0.0,0.1901282419087158,-1.196391691769339,1.4502250862983852,38.02564838174316,3.0,0.0,1.4057554000371235,0.06,0.0,False,0.0055677161297772405,0.19012824190871583,0.27838699023889385,0.04252192476461086,4.252192476461086e-06,4.2521924764610866e-06,0.03802629514849679,0.0,-0.7462023498736107,-2.646616778067724,-2.6021470918064624,0.7462023498736107
147.0,0.0,0.0,0.2710576636905915,-1.016016451568678,1.3716922266626987,54.2115327381183,3.0,0.0,1.4511335002854182,-0.12,0.0,False,0.005846435441551484,0.2710576636905915,0.29232301508601416,0.04252192476461086,4.252192476461086e-06,4.2521924764610866e-06,0.05421245480568403,0.0,0.18037524020066087,-2.387708678231377,-2.467149951854096,0.18037524020066087
148.0,0.0,0.0,0.2522549510895163,-1.3787891708259021,1.3286562993742104,50.450990217903254,3.0,0.0,1.5142425746044845,0.1,0.0,False,0.005491345613063796,0.2522549510895163,0.2745684481661149,0.04252192476461086,4.252192476461086e-06,4.2521924764610866e-06,0.050451848323538516,0.0,-0.3627727192572241,-2.7074454702001125,-2.8930317454303864,0.3627727192572241
149.0,0.0,0.0,0.28971408486759215,-1.4758351884326601,1.3889852764648043,57.942816973518426,3.0,0.0,1.5065866911567405,0.05,0.0,False,0.0052878130180798975,0.28971408486759215,0.2643917751439315,0.04252192476461086,4.252192476461086e-06,4.2521924764610866e-06,0.05794380250536931,0.0,-0.09704601760675802,-2.8648204648974644,-2.982421879589401,0.09704601760675802
150.0,0.0,0.0,0.2997157698905018,-1.5195239860022212,1.3630829997749978,59.94315397810036,3.0,0.0,1.5184132738526162,-0.07,0.0,False,0.005408109020553274,0.2997157698905018,0.2704066008436881,0.04252192476461086,4.252192476461086e-06,4.2521924764610866e-06,0.059944173533078404,0.0,-0.04368879756956101,-2.882606985777219,-3.0379372598548375,0.04368879756956101
151.0,0.0,0.0,0.3091970788672065,-0.5443063663976909,1.4483160299138391,61.8394157734413,3.0,0.0,1.521386232929445,-0.06,0.0,False,0.005403326116210035,0.3091970788672065,0.27016745460963465,0.04252192476461086,4.252192476461086e-06,4.2521924764610866e-06,0.06184046758136276,0.0,0.9752176196045302,-1.9926223963115302,-2.065692599327136,0.9752176196045302
152.0,0.0,0.0,0.21079047638377305,-0.8192193585985919,1.551206489750188,42.15809527675461,3.0,0.0,1.5725125409444658,0.07,0.0,False,0.005458553056258374,0.21079047638377305,0.27292881335383057,0.04252192476461086,4.252192476461086e-06,4.2521924764610866e-06,0.04215881233104775,0.0,-0.27491299220090093,-2.3704258483487797,-2.391731899543058,0.27491299220090093
153.0,0.0,0.0,0.24138201789669939,-0.7431738385109762,1.5364322288363672,48.27640357933988,3.0,0.0,1.5636432135239267,-0.14,0.0,False,0.005769122242350575,0.24138201789669939,0.2884573386884385,0.04252192476461086,4.252192476461086e-06,4.2521924764610866e-06,0.04827722469808864,0.0,0.07604552008761567,-2.2796060673473435,-2.3068170520349027,0.07604552008761567
154.0,0.0,0.0,0.2328034835592912,-0.06928786741449156,1.4452259679595947,46.56069671185824,3.0,0.0,1.5946521405084224,0.06,0.0,False,0.005270574354008065,0.2328034835592912,0.26352983827523396,0.04252192476461086,4.252192476461086e-06,4.2521924764610866e-06,0.04656148864866776,0.0,0.6738859710964846,-1.5145138353740863,-1.663940007922914,0.6738859710964846
155.0,0.0,0.0,0.16448840654495936,-0.12211732222026292,1.5174876822716385,32.89768130899187,3.0,0.0,1.5849104933429978,0.13,0.0,False,0.005051893570314241,0.16448840654495936,0.25259575259690364,0.04252192476461086,4.252192476461086e-06,4.2521924764610866e-06,0.032898240855704364,0.0,-0.052829454805771364,-1.6396050044919015,-1.7070278155632608,0.052829454805771364
156.0,0.0,0.0,0.17418173820167124,-0.34539651357980505,1.6264085343681092,34.836347640334246,3.0,0.0,1.5756311698533392,0.01,0.0,False,0.005242627125542472,0.17418173820167118,0.2621324709101046,0.04252192476461086,4.252192476461086e-06,4.2521924764610866e-06,0.03483694016123608,0.0,-0.22327919135954213,-1.9718050479479143,-1.9210276834331443,0.22327919135954213
157.0,0.0,0.0,0.19523385441321492,-0.7286048018771661,1.5233057409764712,39.04677088264298,3.0,0.0,1.6197370925102834,0.06,0.0,False,0.005028208551066639,0.19523385441321486,0.2514114965988604,0.04252192476461086,4.252192476461086e-06,4.2521924764610866e-06,0.03904743501736043,0.0,-0.3832082882973611,-2.2519105428536372,-2.3483418943874494,0.3832082882973611
158.0,0.0,0.0,0.23337352024865818,-0.24936613844171296,1.5594643602271367,46.67470404973164,3.0,0.0,1.6069835391486864,-0.02,0.0,False,0.004883220928198424,0.23337352024865818,0.24416208462968575,0.04252192476461086,4.252192476461086e-06,4.2521924764610866e-06,0.046675497925657485,0.0,0.4792386634354532,-1.8088304986688497,-1.8563496775903994,0.4792386634354532
159.0,0.0,0.0,0.1826836828055902,-0.27319585322035844,1.544925731181197,36.53673656111804,3.0,0.0,1.6051800180657634,-0.06,0.0,False,0.005334847858949979,0.1826836828055902,0.26674352718749533,0.04252192476461086,4.252192476461086e-06,4.2521924764610866e-06,0.0365373580034208,0.0,-0.023829714778645483,-1.8181215844015555,-1.8783758712861218,0.023829714778645483
160.0,0.0,0.0,0.1867009928109987,0.3837474386145044,1.51112358450186,37.34019856219974,3.0,0.0,1.577509529923267,-0.1,0.0,False,0.005687036783070934,0.18670099281099872,0.2843530482722978,0.04252192476461086,4.252192476461086e-06,4.2521924764610866e-06,0.037340833670344686,0.0,0.6569432918348628,-1.1273761458873557,-1.1937620913087628,0.6569432918348628
161.0,0.0,0.0,0.12147561573070031,-0.37928934224019173,1.3627883338670461,24.295123146140064,3.0,0.0,1.5938537693174755,0.04,0.0,False,0.005455068963236666,0.12147561573070031,0.27275460796199347,0.04252192476461086,4.252192476461086e-06,4.2521924764610866e-06,0.024295536374542345,0.0,-0.7630367808546961,-1.7420776761072378,-1.9731431115576672,0.7630367808546961
162.0,0.0,0.0,0.1947631469816533,-0.8090466630058784,1.4145664418363222,38.952629396330664,3.0,0.0,1.5985294228064706,0.08,0.0,False,0.0053144550932995895,0.1947631469816533,0.2657238845692776,0.04252192476461086,4.252192476461086e-06,4.2521924764610866e-06,0.03895329192982404,0.0,-0.4297573207656866,-2.2236131048422005,-2.407576085812349,0.4297573207656866
163.0,0.0,0.0,0.23517517784264977,-1.2163364428187533,1.4332352595993647,47.035035568529956,3.0,0.0,1.5683835360957536,0.01,0.0,False,0.0052454559531123586,0.23517517784264977,0.26227391289003477,0.04252192476461086,4.252192476461086e-06,4.2521924764610866e-06,0.04703583557322564,0.0,-0.40728977981287495,-2.6495717024181182,-2.7847199789145067,0.40728977981287495
164.0,0.0,0.0,0.27283449613681476,-0.6940737706284659,1.2788113962258643,54.56689922736295,3.0,0.0,1.5427551159267108,-0.02,0.0,False,0.005133772212299414,0.27283449613681476,0.2566897021043495,0.04252192476461086,4.252192476461086e-06,4.2521924764610866e-06,0.05456782733924983,0.0,0.5222626721902874,-1.9728851668543301,-2.236828886555177,0.5222626721902874
165.0,0.0,0.0,0.21518869401870933,-0.6569603534968044,1.3350180157986784,43.03773880374187,3.0,0.0,1.5120665257889812,0.17,0.0,False,0.005238301231304189,0.21518869401870938,0.2619161752784637,0.04252192476461086,4.252192476461086e-06,4.2521924764610866e-06,0.04303847081962574,0.0,0.0371134171316615,-1.9919783692954827,-2.1690268792857856,0.0371134171316615
166.0,0.0,0.0,0.215514490721616,-1.2832094772783913,1.417829481974194,43.1028981443232,3.0,0.0,1.4578589207459118,0.03,0.0,False,0.004923544101836354,0.215514490721616,0.24617825188467707,0.04252192476461086,4.252192476461086e-06,4.2521924764610866e-06,0.04310363126848259,0.0,-0.6262491237815869,-2.7010389592525854,-2.741068398024303,0.6262491237815869
167.0,0.0,0.0,0.2795290505099186,-0.9743634273350686,1.421410929581395,55.90581010198372,3.0,0.0,1.498230374174154,-0.04,0.0,False,0.005027016702173241,0.2795290505099186,0.25135190390079193,0.04252192476461086,4.252192476461086e-06,4.2521924764610866e-06,0.05590676098700075,0.0,0.30884604994332265,-2.395774356916464,-2.472593801509223,0.30884604994332265
168.0,0.0,0.0,0.25121410160444474,-1.2577396904982832,1.365207018477905,50.242820320888946,3.0,0.0,1.5121404583870683,-0.01,0.0,False,0.004892724400574986,0.25121410160444474,0.2446372602690435,0.04252192476461086,4.252192476461086e-06,4.2521924764610866e-06,0.05024367488582539,0.0,-0.2833762631632145,-2.622946708976188,-2.7698801488853517,0.2833762631632145
169.0,0.0,0.0,0.27083825330031525,-1.1033064243157553,1.340678324251398,54.16765066006305,3.0,0.0,1.5378309992450172,0.2,0.0,False,0.005069875080269241,0.27083825330031525,0.2534948319176957,0.04252192476461086,4.252192476461086e-06,4.2521924764610866e-06,0.05416857198125178,0.0,0.15443326618252784,-2.4439847485671535,-2.6411374235607727,0.15443326618252784
170.0,0.0,0.0,0.25568982763106235,-0.6106902678780013,1.44881189167738,51.13796552621247,3.0,0.0,1.4507004253240172,-0.17,0.0,False,0.0053288593608237,0.25568982763106235,0.26644410100796895,0.04252192476461086,4.252192476461086e-06,4.2521924764610866e-06,0.051138835316403,0.0,0.492616156437754,-2.0595021595553815,-2.0613906932020187,0.492616156437754
171.0,0.0,0.0,0.20626510742560472,-0.796145306551719,1.42348523932909,41.25302148512095,3.0,0.0,1.4536462141129334,-0.07,0.0,False,0.005262335425006299,0.20626510742560472,0.2631178900734701,0.04252192476461086,4.252192476461086e-06,4.2521924764610866e-06,0.04125372314528768,0.0,-0.1854550386737177,-2.219630545880809,-2.2497915206646524,0.1854550386737177
172.0,0.0,0.0,0.22582224488199304,-0.6992705366932714,1.330516220986502,45.16444897639861,3.0,0.0,1.4520046603249412,0.08,0.0,False,0.00502729795967177,0.225822244881993,0.2513659668355165,0.04252192476461086,4.252192476461086e-06,4.2521924764610866e-06,0.045165217164852646,0.0,0.09687476985844756,-2.0297867576797737,-2.1512751970182125,0.09687476985844756
173.0,0.0,0.0,0.21241737857618223,0.04143841153215988,1.2803508800508558,42.483475715236445,3.0,0.0,1.4621251542507443,0.02,0.0,False,0.005080497409533401,0.21241737857618218,0.2540259506393131,0.04252192476461086,4.252192476461086e-06,4.2521924764610866e-06,0.04248419830382706,0.0,0.7407089482254313,-1.2389124685186959,-1.4206867427185843,0.7407089482254313
174.0,0.0,0.0,0.14538823294531503,0.0301658030704028,1.3450138291458353,29.077646589063004,3.0,0.0,1.424948411047501,-0.1,0.0,False,0.005257171418121452,0.14538823294531503,0.2628596886313101,0.04252192476461086,4.252192476461086e-06,4.2521924764610866e-06,0.029078141161960197,0.0,-0.01127260846175708,-1.3148480260754325,-1.3947826079770982,0.01127260846175708
175.0,0.0,0.0,0.14288589402344695,-0.564543550064048,1.3638662386490867,28.57717880468939,3.0,0.0,1.4953516519228234,0.13,0.0,False,0.005255953068033308,0.14288589402344695,0.26279877086786996,0.04252192476461086,4.252192476461086e-06,4.2521924764610866e-06,0.02857766486528139,0.0,-0.5947093531344508,-1.9284097887131346,-2.0598952019868713,0.5947093531344508
176.0,0.0,0.0,0.20045686014860464,-0.8798780943442059,1.2300365276351304,40.09137202972093,3.0,0.0,1.4590551222210488,0.01,0.0,False,0.005163132328478689,0.20045686014860467,0.2581577141555565,0.04252192476461086,4.252192476461086e-06,4.2521924764610866e-06,0.04009205393174338,0.0,-0.31533454428015795,-2.1099146219793363,-2.3389332165652545,0.31533454428015795
177.0,0.0,0.0,0.22808756407999656,-1.2189525277577382,1.1428426661284272,45.61751281599931,3.0,0.0,1.4400676704796251,0.15,0.0,False,0.0049419676640411,0.22808756407999656,0.247099433911941,0.04252192476461086,4.252192476461086e-06,4.2521924764610866e-06,0.04561828871047918,0.0,-0.3390744334135323,-2.3617951938861657,-2.6590201982373634,0.3390744334135323
178.0,0.0,0.0,0.26105318821653245,-1.003849222019694,1.1477522903159876,52.21063764330649,3.0,0.0,1.4010460400669549,-0.01,0.0,False,0.0052174594355318855,0.26105318821653245,0.26087408105868215,0.04252192476461086,4.252192476461086e-06,4.2521924764610866e-06,0.05221152567825266,0.0,0.21510330573804426,-2.1516015123356818,-2.404895262086649,0.21510330573804426
179.0,0.0,0.0,0.23679018817679434,0.1359564012149559,1.1075399344107235,47.35803763535887,3.0,0.0,1.3916348568277277,0.16,0.0,False,0.004906221157145163,0.23679018817679437,0.24531210096709274,0.04252192476461086,4.252192476461086e-06,4.2521924764610866e-06,0.04735884313389903,0.0,1.1398056232346498,-0.9715835331957676,-1.2556784556127718,1.1398056232346498
180.0,0.0,0.0,0.11911893441384898,-0.4330408821631957,1.0718457377908344,23.823786882769795,3.0,0.0,1.3641030036210802,0.11,0.0,False,0.005178323517669524,0.11911893441384898,0.25891727684489124,0.04252192476461086,4.252192476461086e-06,4.2521924764610866e-06,0.02382419209435611,0.0,-0.5689972833781516,-1.50488661995403,-1.7971438857842759,0.5689972833781516
181.0,0.0,0.0,0.1728143848504572,-0.5343655584219538,1.0456304795837401,34.56287697009144,3.0,0.0,1.3271710711852804,0.08,0.0,False,0.005621309003781117,0.1728143848504572,0.28106664533344855,0.04252192476461086,4.252192476461086e-06,4.2521924764610866e-06,0.03456346483961334,0.0,-0.10132467625875807,-1.5799960380056939,-1.8615366296072342,0.10132467625875807
182.0,0.0,0.0,0.17962286376289596,-1.3179032485587343,0.9261704764315825,35.924572752579195,3.0,0.0,1.2951397083427283,0.19,0.0,False,0.005460944525718476,0.17962286376289596,0.2730483873352851,0.04252192476461086,4.252192476461086e-06,4.2521924764610866e-06,0.03592518378277286,0.0,-0.7835376901367805,-2.244073724990317,-2.6130429569014626,0.7835376901367805
183.0,0.0,0.0,0.25294126955227314,-0.001051688837991005,0.9137653496673855,50.588253910454625,3.0,0.0,1.2619012687564988,0.1,0.0,False,0.005786318688842945,0.25294126955227314,0.28931716466918694,0.04252192476461086,4.252192476461086e-06,4.2521924764610866e-06,0.050589114350766524,0.0,1.3168515597207433,-0.9148170385053765,-1.2629529575944898,1.3168515597207433
184.0,0.0,0.0,0.11625117212670746,0.5766862976599213,0.8825825710089888,23.250234425341493,3.0,0.0,1.2115632247121626,0.12,0.0,False,0.006313047299314317,0.11625117212670745,0.31565370718032726,0.04252192476461086,4.252192476461086e-06,4.2521924764610866e-06,0.023250629881547514,0.0,0.5777379864979123,-0.30589627334906755,-0.6348769270522413,0.5777379864979123
185.0,0.0,0.0,0.059384884020034834,1.485353169141923,0.896524100575659,11.876976804006967,3.0,0.0,1.1614847485470572,-0.02,0.0,False,0.00588237241362999,0.059384884020034834,0.2941198713304855,0.04252192476461086,4.252192476461086e-06,4.2521924764610866e-06,0.011877178815913597,0.0,0.9086668714820018,0.588829068566264,0.32386842059486587,0.9086668714820018
186.0,0.0,0.0,-0.03858001516647011,1.7252561084130549,0.8236513420471898,-7.7160030332940215,3.0,0.0,1.1705477636581214,0.27,0.0,False,0.00576191724764529,0.03858001516647011,0.28809708742132295,0.04252192476461086,4.252192476461086e-06,4.2521924764610866e-06,-0.0077161342724561465,0.0,0.23990293927113182,0.9016047663658651,0.5547083447549335,0.23990293927113182
187.0,0.0,0.0,-0.061695131892905854,2.8934788555189135,0.9565181358373172,-12.33902637858117,3.0,0.0,1.0995448149947107,-0.07,0.0,False,0.0054480625414174465,0.061695131892905854,0.2724042853813997,0.04252192476461086,4.252192476461086e-06,4.2521924764610866e-06,-0.012339236249349284,0.0,1.1682227471058586,1.9369607196815963,1.7939340405242028,1.1682227471058586
188.0,0.0,0.0,-0.1780925792302256,2.9143151810654633,1.019307046400091,-35.61851584604512,3.0,0.0,1.1082916725052137,0.05,0.0,False,0.005359096897587754,0.17809257923022556,0.2679559842749631,0.04252192476461086,4.252192476461086e-06,4.2521924764610866e-06,-0.03561912167060942,0.0,0.020836325546549794,1.8950081346653722,1.8060235085602496,0.020836325546549794
189.0,0.0,0.0,-0.1830724366805887,2.5532319945857243,1.1543749665638323,-36.61448733611774,3.0,0.0,1.1125151990203834,0.02,0.0,False,0.005367315965411833,0.18307243668058867,0.2683669394136199,0.04252192476461086,4.252192476461086e-06,4.2521924764610866e-06,-0.03661511010085991,0.0,-0.361083186479739,1.398857028021892,1.4407167955653408,0.361083186479739
190.0,0.0,0.0,-0.14581300931662508,3.0731450517811365,1.241280921626972,-29.162601863325015,3.0,0.0,1.0835518912976834,0.05,0.0,False,0.005106601654985589,0.14581300931662508,0.2553311684619363,0.04252192476461086,4.252192476461086e-06,4.2521924764610866e-06,-0.029163097881200778,0.0,0.5199130571954123,1.8318641301541645,1.9895931604834531,0.5199130571954123
191.0,0.0,0.0,-0.200680970287077,3.4256262381562617,1.0964789275825824,-40.136194057415395,3.0,0.0,1.0950709001704158,-0.1,0.0,False,0.005227254139686115,0.200680970287077,0.261363818348842,0.04252192476461086,4.252192476461086e-06,4.2521924764610866e-06,-0.04013687672180216,0.0,0.35248118637512516,2.3291473105736795,2.330555337985846,0.35248118637512516
192.0,0.0,0.0,-0.23607710594547437,3.67892374623301,1.2053632944188895,-47.215421189094876,3.0,0.0,1.0662926822047674,0.03,0.0,False,0.0049198632542228355,0.23607710594547437,0.24599420872141747,0.04252192476461086,4.252192476461086e-06,4.2521924764610866e-06,-0.047216224261915025,0.0,0.25329750807674856,2.4735604518141208,2.6126310640282426,0.25329750807674856
193.0,0.0,0.0,-0.2586914644609347,4.135855651945764,1.1521569612993314,-51.73829289218694,3.0,0.0,1.064804986436832,0.22,0.0,False,0.005095683526037447,0.2586914644609347,0.2547852596932299,0.04252192476461086,4.252192476461086e-06,4.2521924764610866e-06,-0.051739172893164084,0.0,0.4569319057127541,2.983698690646433,3.071050665508932,0.4569319057127541
194.0,0.0,0.0,-0.2981308412007735,3.580237714658926,1.3132465563583233,-59.6261682401547,3.0,0.0,1.0919541013287206,0.2,0.0,False,0.004842977054867757,0.2981308412007735,0.24214988240691765,0.04252192476461086,4.252192476461086e-06,4.2521924764610866e-06,-0.05962718240361819,0.0,-0.5556179372868382,2.266991158300603,2.4882836133302053,0.5556179372868382
195.0,0.0,0.0,-0.2379505328150727,3.010738983223747,1.2793917373679378,-47.59010656301454,3.0,0.0,1.1544838544520346,0.0,0.0,False,0.005074109931454279,0.23795053281507272,0.25370657537731767,0.04252192476461086,4.252192476461086e-06,4.2521924764610866e-06,-0.047590916008744905,0.0,-0.5694987314351794,1.731347245855809,1.8562551287717122,0.5694987314351794
196.0,0.0,0.0,-0.17772858335257705,2.7464213842040746,1.373742971151616,-35.54571667051541,3.0,0.0,1.2006817959349314,0.02,0.0,False,0.005426408686301446,0.17772858335257702,0.2713215880217818,0.04252192476461086,4.252192476461086e-06,4.2521924764610866e-06,-0.035546321256860546,0.0,-0.2643175990196722,1.3726784130524585,1.5457395882691431,0.2643175990196722
197.0,0.0,0.0,-0.1435008567977558,2.6503055743856985,1.3165847124806795,-28.70017135955116,3.0,0.0,1.2334153628907292,0.05,0.0,False,0.005514295363233211,0.1435008567977558,0.2757159405539233,0.04252192476461086,4.252192476461086e-06,4.2521924764610866e-06,-0.028700659512086325,0.0,-0.09611580981837609,1.333720861905019,1.4168902114949693,0.09611580981837609
198.0,0.0,0.0,-0.13240154858133302,2.460760291009545,1.3421380359974,-26.480309716266603,3.0,0.0,1.3113823065633363,0.04,0.0,False,0.005446100014907042,0.13240154858133302,0.2723061586386276,0.04252192476461086,4.252192476461086e-06,4.2521924764610866e-06,-0.026480760111846413,0.0,-0.1895452833761535,1.118622255012145,1.1493779844462086,0.1895452833761535
199.0,0.0,0.0,-0.10812929808261497,1.874192411329722,1.4573564556991616,-21.625859616522995,3.0,0.0,1.3262619387289323,0.17,0.0,False,0.005073821355849048,0.10812929808261497,0.25369214653570216,0.04252192476461086,4.252192476461086e-06,4.2521924764610866e-06,-0.021626227444229134,0.0,-0.586567879679823,0.4168359556305603,0.5479304726007896,0.586567879679823
200.0,0.0,0.0,-0.045625095086911135,0.4323882371613075,1.4889122908561954,-9.125019017382227,3.0,0.0,1.3794443208540068,0.04,0.0,False,0.005158889922915249,0.045625095086911135,0.25794559297540826,0.04252192476461086,4.252192476461086e-06,4.2521924764610866e-06,-0.009125174222071111,0.0,-1.4418041741684144,-1.0565240536948879,-0.9470560836926993,1.4418041741684144
201.0,0.0,0.0,0.10631073016885473,0.8144618833360137,1.6309937357786122,21.262146033770946,3.0,0.0,1.4179317601263077,0.2,0.0,False,0.005136575620672013,0.10631073016885473,0.25682987311901107,0.04252192476461086,4.252192476461086e-06,4.2521924764610866e-06,0.021262507675182753,0.0,0.3820736461747062,-0.8165318524425985,-0.6034698767902941,0.3820736461747062
202.0,0.0,0.0,0.06518861151590101,0.6168096582533705,1.4023194777995096,13.037722303180201,3.0,0.0,1.4955181415342034,-0.03,0.0,False,0.005239701134314598,0.06518861151590101,0.26198617072661695,0.04252192476461086,4.252192476461086e-06,4.2521924764610866e-06,0.013037944057855997,0.0,-0.19765222508264313,-0.7855098195461391,-0.8787084832808328,0.19765222508264313
203.0,0.0,0.0,0.08405705593728462,0.1930459180770378,1.2480769825876767,16.811411187456923,3.0,0.0,1.466361858221195,0.06,0.0,False,0.005187847300752729,0.08405705593728462,0.25939346802389945,0.04252192476461086,4.252192476461086e-06,4.2521924764610866e-06,0.016811697127665715,0.0,-0.4237637401763327,-1.0550310645106389,-1.2733159401441572,0.4237637401763327
204.0,0.0,0.0,0.1212627968402099,0.648087282420519,1.3032387791168776,24.25255936804198,3.0,0.0,1.4573980889652582,0.09,0.0,False,0.005156698832830253,0.1212627968402099,0.25783603800531163,0.04252192476461086,4.252192476461086e-06,4.2521924764610866e-06,0.02425297187248983,0.0,0.45504136434348125,-0.6551514966963585,-0.8093108065447392,0.45504136434348125
205.0,0.0,0.0,0.0749721499380153,0.3941643425085012,1.371525913756768,14.994429987603061,3.0,0.0,1.4056996681167555,-0.05,0.0,False,0.005662049169134601,0.07497214993801529,0.2831036622628739,0.04252192476461086,4.252192476461086e-06,4.2521924764610866e-06,0.014994685023328114,0.0,-0.25392293991201786,-0.9773615712482667,-1.0115353256082544,0.25392293991201786
206.0,0.0,0.0,0.10497675636620915,0.10740875913758247,1.5270967722249156,20.99535127324183,3.0,0.0,1.3978247216012667,0.04,0.0,False,0.005723743422264258,0.10497675636620915,0.2861883880361487,0.04252192476461086,4.252192476461086e-06,4.2521924764610866e-06,0.020995708376822235,0.0,-0.2867555833709187,-1.419688013087333,-1.2904159624636842,0.2867555833709187
207.0,0.0,0.0,0.1402320530885354,0.44293753547630793,1.6028063988056,28.046410617707078,3.0,0.0,1.4439542252392727,0.11,0.0,False,0.0053945999877144995,0.1402320530885354,0.26973114632959894,0.04252192476461086,4.252192476461086e-06,4.2521924764610866e-06,0.0280468876506235,0.0,0.33552877633872547,-1.1598688633292922,-1.0010166897629649,0.33552877633872547
208.0,0.0,0.0,0.1112080603703009,0.1222193644816828,1.6325839774533177,22.24161207406018,3.0,0.0,1.50975910470699,0.09,0.0,False,0.005232616703077832,0.1112080603703009,0.26163194765856035,0.04252192476461086,4.252192476461086e-06,4.2521924764610866e-06,0.022241990374913655,0.0,-0.32071817099462513,-1.5103646129716348,-1.3875397402253071,0.32071817099462513
209.0,0.0,0.0,0.14567476839616855,1.078274786576382,1.6855833893528263,29.13495367923371,3.0,0.0,1.5550417830831968,-0.03,0.0,False,0.005336581850339373,0.14567476839616855,0.2668302271256283,0.04252192476461086,4.252192476461086e-06,4.2521924764610866e-06,0.029135449226849866,0.0,0.9560554220946992,-0.6073086027764443,-0.47676699650681487,0.9560554220946992
210.0,0.0,0.0,0.05901157342215622,-0.15257305032568347,1.7055670313139926,11.802314684431243,3.0,0.0,1.5789980203010758,0.16,0.0,False,0.005487747570817452,0.05901157342215622,0.2743885452888192,0.04252192476461086,4.252192476461086e-06,4.2521924764610866e-06,0.011802515426432464,0.0,-1.2308478369020655,-1.858140081639676,-1.7315710706267593,1.2308478369020655
211.0,0.0,0.0,0.18464620948149205,0.7213588787838178,1.7940789045937422,36.92924189629841,3.0,0.0,1.6684030672263699,0.15,0.0,False,0.005375154510907281,0.18464620948149205,0.2687588683549426,0.04252192476461086,4.252192476461086e-06,4.2521924764610866e-06,0.03692987001460571,0.0,0.8739319291095012,-1.0727200258099243,-0.9470441884425521,0.8739319291095012
212.0,0.0,0.0,0.09738737171422951,1.8952852228824055,1.6936704890963905,19.477474342845902,3.0,0.0,1.6939283020503735,-0.09,0.0,False,0.005402142889749376,0.09738737171422951,0.27010829303503636,0.04252192476461086,4.252192476461086e-06,4.2521924764610866e-06,0.019477805629316634,0.0,1.1739263440985876,0.20161473378601502,0.20135692083203205,1.1739263440985876
213.0,0.0,0.0,-0.021060660321596272,2.4254860369420825,1.5981512804843305,-4.212132064319254,3.0,0.0,1.6952533014185769,0.04,0.0,False,0.005192732355182124,0.021060660321596272,0.2596377217839788,0.04252192476461086,4.252192476461086e-06,4.2521924764610866e-06,-0.004212203707199706,0.0,0.530200814059677,0.827334756457752,0.7302327355235056,0.530200814059677
214.0,0.0,0.0,-0.07678562861990511,2.340872675171848,1.4915384946965058,-15.357125723981023,3.0,0.0,1.6846741419673745,0.06,0.0,False,0.0050317977675987885,0.07678562861990511,0.2515909581885699,0.04252192476461086,4.252192476461086e-06,4.2521924764610866e-06,-0.01535738692868817,0.0,-0.08461336177023471,0.849334180475342,0.6561985332044733,0.08461336177023471
215.0,0.0,0.0,-0.06928710475139081,2.5238363129654577,1.6632365801686293,-13.857420950278163,3.0,0.0,1.6576134253794164,-0.02,0.0,False,0.004977903857675519,0.06928710475139081,0.2488962512340425,0.04252192476461086,4.252192476461086e-06,4.2521924764610866e-06,-0.013857656646960355,0.0,0.1829636377936099,0.8605997327968284,0.8662228875860414,0.1829636377936099
216.0,0.0,0.0,-0.08667290782561579,1.7928852076475303,1.8056007650786972,-17.33458156512316,3.0,0.0,1.6479868965526634,0.11,0.0,False,0.005031163394988778,0.08667290782561579,0.25155923942319564,0.04252192476461086,4.252192476461086e-06,4.2521924764610866e-06,-0.017334876403778687,0.0,-0.7309511053179274,-0.012715557431166813,0.14489831109486695,0.7309511053179274
217.0,0.0,0.0,-0.005380878171193041,2.37524295387832,1.8070990778811629,-1.0761756342386082,3.0,0.0,1.6570888072149725,0.12,0.0,False,0.005126167849957301,0.006195136470557059,0.25630948237048323,0.04252192476461086,4.252192476461086e-06,4.2521924764610866e-06,-0.0010761939385845146,0.0,0.5823577462307896,0.5681438759971571,0.7181541466633474,0.5823577462307896
218.0,0.0,0.0,-0.054745512625883855,2.8491254224680227,2.0662446391748404,-10.949102525176771,3.0,0.0,1.7390752819091162,0.25,0.0,False,0.005482569733801741,0.054745512625883855,0.2741296523371757,0.04252192476461086,4.252192476461086e-06,4.2521924764610866e-06,-0.010949288755150402,0.0,0.47388246858970273,0.7828807832931823,1.1100501405589065,0.47388246858970273
219.0,0.0,0.0,-0.09734260986832693,2.4497723717205395,2.058349480073523,-19.468521973665386,3.0,0.0,1.8277761881966368,0.11,0.0,False,0.005477188650492928,0.09734260986832691,0.2738605970276649,0.04252192476461086,4.252192476461086e-06,4.2521924764610866e-06,-0.019468853107867976,0.0,-0.3993530507474832,0.3914228916470166,0.6219961835239027,0.3993530507474832
220.0,0.0,0.0,-0.055157906582490895,2.183205390432352,2.114035817918112,-11.03158131649818,3.0,0.0,1.8756786278090885,0.19,0.0,False,0.005207039362908881,0.055157906582490895,0.26035307521212414,0.04252192476461086,4.252192476461086e-06,4.2521924764610866e-06,-0.011031768949328629,0.0,-0.2665669812881877,0.06916957251424005,0.3075267626232634,0.2665669812881877
221.0,0.0,0.0,-0.021034349000587867,2.5153225576899643,2.2184059095109028,-4.206869800117573,3.0,0.0,1.8981815787938618,0.3,0.0,False,0.005408538738567642,0.021034349000587867,0.2704280868357687,0.04252192476461086,4.252192476461086e-06,4.2521924764610866e-06,-0.004206941353493765,0.0,0.3321171672576124,0.2969166481790615,0.6171409788961024,0.3321171672576124
222.0,0.0,0.0,-0.04896187079518381,2.599625244481886,2.249012545153515,-9.792374159036763,3.0,0.0,1.972857428321445,0.17,0.0,False,0.0054932356420752575,0.04896187079518381,0.2746629500185262,0.04252192476461086,4.252192476461086e-06,4.2521924764610866e-06,-0.009792540714567432,0.0,0.08430268679192165,0.35061269932837114,0.6267678161604409,0.08430268679192165
223.0,0.0,0.0,-0.04702429219449208,2.257379026336941,2.3424928883111944,-9.404858438898415,3.0,0.0,2.025693439973195,0.33,0.0,False,0.0052467796125820485,0.04702429219449208,0.2623400961449421,0.04252192476461086,4.252192476461086e-06,4.2521924764610866e-06,-0.009405018403291391,0.0,-0.34224621814494505,-0.08511386197425352,0.2316855863637457,0.34224621814494505
224.0,0.0,0.0,-0.007292077940210476,2.910957167985334,2.337746030274423,-1.4584155880420953,3.0,0.0,2.129372324719892,0.18,0.0,False,0.0053266694726273,0.007813393125710423,0.2663346061325577,0.04252192476461086,4.252192476461086e-06,4.2521924764610866e-06,-0.0014584403937917792,0.0,0.653578141648393,0.5732111377109108,0.781584843265442,0.653578141648393
225.0,0.0,0.0,-0.06695074156538106,3.904780509829501,2.3125445548784445,-13.39014831307621,3.0,0.0,2.1844566965688883,0.03,0.0,False,0.005288843202775504,0.06695074156538106,0.26444328459773897,0.04252192476461086,4.252192476461086e-06,4.2521924764610866e-06,-0.013390376062059428,0.0,0.9938233418441671,1.5922359549510565,1.7203238132606127,0.9938233418441671
226.0,0.0,0.0,-0.16329867878075105,3.485414271714689,2.204595870043327,-32.65973575615021,3.0,0.0,2.241435517959545,-0.15,0.0,False,0.00561042254287402,0.16329867878075105,0.2805223199735273,0.04252192476461086,4.252192476461086e-06,4.2521924764610866e-06,-0.03266029125571876,0.0,-0.419366238114812,1.280818401671362,1.2439787537551439,0.419366238114812
227.0,0.0,0.0,-0.11853451139274826,3.477181575551247,2.2470515401451365,-23.706902278549652,3.0,0.0,2.2717590031513257,0.14,0.0,False,0.005130295881288641,0.11853451139274826,0.2565158848147094,0.04252192476461086,4.252192476461086e-06,4.2521924764610866e-06,-0.023707305502081083,0.0,-0.008232696163442021,1.2301300354061104,1.2054225723999212,0.008232696163442021
228.0,0.0,0.0,-0.12110347786035666,4.105622688187682,2.1064852595645336,-24.22069557207133,3.0,0.0,2.3000439562093304,0.11,0.0,False,0.0048622142799559925,0.12110347786035666,0.24311174775134864,0.04252192476461086,4.252192476461086e-06,4.2521924764610866e-06,-0.02422110753455751,0.0,0.6284411126364353,1.9991374286231487,1.8055787319783518,0.6284411126364353
229.0,0.0,0.0,-0.18513560697578083,4.171293316321417,2.15441225441555,-37.027121395156165,3.0,0.0,2.2661210491828103,-0.02,0.0,False,0.005144735970836432,0.18513560697578083,0.25723789236220096,0.04252192476461086,4.252192476461086e-06,4.2521924764610866e-06,-0.03702775117826626,0.0,0.06567062813373514,2.0168810619058672,1.905172267138607,0.06567062813373514
230.0,0.0,0.0,-0.19435670075188216,3.9502838073942854,2.055031190083512,-38.87134015037643,3.0,0.0,2.2542272568181203,0.01,0.0,False,0.0050250380453011395,0.1943567007518822,0.2512529706365055,0.04252192476461086,4.252192476461086e-06,4.2521924764610866e-06,-0.03887200130124561,0.0,-0.221009508927132,1.8952526173107733,1.6960565505761651,0.221009508927132
231.0,0.0,0.0,-0.17723752204144053,3.2646749286272922,1.9093442388898383,-35.447504408288104,3.0,0.0,2.227684986697563,0.08,0.0,False,0.005460225539657299,0.17723752204144053,0.2730124378793628,0.04252192476461086,4.252192476461086e-06,4.2521924764610866e-06,-0.03544810732417058,0.0,-0.6856088787669932,1.355330689737454,1.036989941929729,0.6856088787669932
232.0,0.0,0.0,-0.11207130273622887,3.997257505160235,1.9919184526151954,-22.414260547245775,3.0,0.0,2.1778709045769933,0.05,0.0,False,0.005567852574127361,0.1120713027362289,0.2783938124854093,0.04252192476461086,4.252192476461086e-06,4.2521924764610866e-06,-0.02241464178462492,0.0,0.7325825765329426,2.0053390525450396,1.8193866005832415,0.7325825765329426
233.0,0.0,0.0,-0.18293981539867205,4.655712978142375,2.1109560684554896,-36.58796307973441,3.0,0.0,2.1439380738274885,0.02,0.0,False,0.005233483298502958,0.182939815398672,0.26167527761406323,0.04252192476461086,4.252192476461086e-06,4.2521924764610866e-06,-0.03658858539333352,0.0,0.6584554729821406,2.544756909686886,2.511774904314887,0.6584554729821406
234.0,0.0,0.0,-0.25065420018285073,5.090135902437698,2.006854987022623,-50.13084003657015,3.0,0.0,2.167820456408182,0.05,0.0,False,0.0050525180524606935,0.25065420018285073,0.25262697683699714,0.04252192476461086,4.252192476461086e-06,4.2521924764610866e-06,-0.0501316926968678,0.0,0.4344229242953226,3.083280915415075,2.9223154460295158,0.4344229242953226
235.0,0.0,0.0,-0.29947984825917834,5.572066897948786,1.8948134580301093,-59.89596965183567,3.0,0.0,2.14911768481866,0.25,0.0,False,0.005068822346924399,0.29947984825917834,0.25344219502663234,0.04252192476461086,4.252192476461086e-06,4.2521924764610866e-06,-0.059896988404269776,0.0,0.481930995511088,3.677253439918677,3.422949213130126,0.481930995511088
236.0,0.0,0.0,-0.3501594943004494,4.52936676878767,1.7769520704511084,-70.03189886008988,3.0,0.0,2.095273747548037,0.04,0.0,False,0.005195533027414846,0.3501594943004494,0.2597777559910647,0.04252192476461086,4.252192476461086e-06,4.2521924764610866e-06,-0.07003309001147859,0.0,-1.0427001291611155,2.752414698336562,2.4340930212396334,1.0427001291611155
237.0,0.0,0.0,-0.2481788233614279,4.70391345011049,1.7323089476770173,-49.63576467228558,3.0,0.0,2.070397507665935,0.09,0.0,False,0.005387706532229575,0.2481788233614279,0.2693864720897378,0.04252192476461086,4.252192476461086e-06,4.2521924764610866e-06,-0.04963660891199608,0.0,0.1745466813228198,2.9716045024334727,2.6335159424445553,0.1745466813228198
238.0,0.0,0.0,-0.268844812604904,4.395220888054696,1.8717623110093198,-53.7689625209808,3.0,0.0,2.047525769967118,-0.02,0.0,False,0.005472343816388483,0.26884481260490395,0.27361835429238424,0.04252192476461086,4.252192476461086e-06,4.2521924764610866e-06,-0.05376987706100355,0.0,-0.30869256205579454,2.5234585770453757,2.347695118087578,0.30869256205579454
239.0,0.0,0.0,-0.24102553293642429,3.54996079193477,1.7713084924796194,-48.20510658728486,3.0,0.0,2.015408165066978,0.04,0.0,False,0.005676590041263826,0.24102553293642429,0.28383070896086454,0.04252192476461086,4.252192476461086e-06,4.2521924764610866e-06,-0.04820592649336465,0.0,-0.8452600961199255,1.7786522994551508,1.534552626867792,0.8452600961199255
240.0,0.0,0.0,-0.16086794954353714,2.622364773382695,1.8684926351082525,-32.17358990870743,3.0,0.0,1.984914314342566,0.13,0.0,False,0.005582184778592507,0.16086794954353714,0.27911042575583117,0.04252192476461086,4.252192476461086e-06,4.2521924764610866e-06,-0.03217413713956827,0.0,-0.9275960185520753,0.7538721382744424,0.6374504590401289,0.9275960185520753
241.0,0.0,0.0,-0.0696153228527547,2.42331795468912,1.8308873550814722,-13.923064570550938,3.0,0.0,1.941247094425163,0.07,0.0,False,0.005447351754332015,0.0696153228527547,0.272368745876008,0.04252192476461086,4.252192476461086e-06,4.2521924764610866e-06,-0.013923301383745616,0.0,-0.19904681869357477,0.592430599607648,0.4820708602639572,0.19904681869357477
242.0,0.0,0.0,-0.049326180687936816,2.8508015928706674,1.87327182374559,-9.865236137587363,3.0,0.0,1.9261967439675445,0.01,0.0,False,0.005135887794785682,0.049326180687936816,0.2567954816784561,0.04252192476461086,4.252192476461086e-06,4.2521924764610866e-06,-0.009865403932405389,0.0,0.4274836381815472,0.9775297691250773,0.9246048489031229,0.4274836381815472
243.0,0.0,0.0,-0.09175381639327115,2.5614997151987478,1.7777164406654904,-18.35076327865423,3.0,0.0,1.9300456605890317,0.31,0.0,False,0.00476653204747449,0.09175381639327115,0.23832761578431003,0.04252192476461086,4.252192476461086e-06,4.2521924764610866e-06,-0.018351075401237215,0.0,-0.2893018776719196,0.7837832745332574,0.631454054609716,0.2893018776719196
244.0,0.0,0.0,-0.06657201547847608,2.6566662986350966,1.821645010021509,-13.314403095695214,3.0,0.0,1.933243921193569,0.02,0.0,False,0.004933119044887017,0.06657201547847608,0.24665700107293526,0.04252192476461086,4.252192476461086e-06,4.2521924764610866e-06,-0.013314629556350937,0.0,0.09516658343634887,0.8350212886135877,0.7234223774415276,0.09516658343634887
245.0,0.0,0.0,-0.07395411306331635,3.1582884610352946,1.856824064415098,-14.790822612663272,3.0,0.0,1.89576540656282,-0.06,0.0,False,0.004794214503332529,0.07395411306331635,0.2397117444627685,0.04252192476461086,4.252192476461086e-06,4.2521924764610866e-06,-0.01479107418529206,0.0,0.501622162400198,1.3014643966201966,1.2625230544724746,0.501622162400198
246.0,0.0,0.0,-0.11956779152012677,2.926750770757568,1.9269031591599544,-23.913558304025354,3.0,0.0,1.9171094446457753,-0.02,0.0,False,0.004821364558686363,0.11956779152012677,0.2410692530028232,0.04252192476461086,4.252192476461086e-06,4.2521924764610866e-06,-0.023913965042506626,0.0,-0.23153769027772642,0.9998476115976138,1.009641326111793,0.23153769027772642
247.0,0.0,0.0,-0.09408087317968328,3.7124798815879227,1.9412532531151891,-18.816174635936655,3.0,0.0,1.9625851245708517,0.01,0.0,False,0.004909101429753044,0.09408087317968328,0.2454561152098604,0.04252192476461086,4.252192476461086e-06,4.2521924764610866e-06,-0.01881649467456066,0.0,0.7857291108303546,1.7712266284727336,1.749894757017071,0.7857291108303546
248.0,0.0,0.0,-0.16858921513749173,3.451350550474165,2.10953968933027,-33.71784302749835,3.0,0.0,1.985922036461681,-0.04,0.0,False,0.005162213786950103,0.16858921513749173,0.25811178688383646,0.04252192476461086,4.252192476461086e-06,4.2521924764610866e-06,-0.03371841652409348,0.0,-0.2611293311137577,1.341810861143895,1.465428514012484,0.2611293311137577
249.0,0.0,0.0,-0.1362419055177895,3.5203560911053136,2.282921101600894,-27.2483811035579,3.0,0.0,2.026551886523396,0.28,0.0,False,0.005062098230044408,0.13624190551778953,0.2531059877530208,0.04252192476461086,4.252192476461086e-06,4.2521924764610866e-06,-0.027248844563031657,0.0,0.0690055406311485,1.2374349895044197,1.4938042045819175,0.0690055406311485
250.0,0.0,0.0,-0.1343956506261156,4.1688116966913995,2.325093224601493,-26.87913012522312,3.0,0.0,2.08890252895599,0.21,0.0,False,0.005047065194491334,0.1343956506261156,0.2523543327791991,0.04252192476461086,4.252192476461086e-06,4.2521924764610866e-06,-0.026879587304218654,0.0,0.648455605586086,1.8437184720899067,2.0799091677354093,0.648455605586086
251.0,0.0,0.0,-0.1927367255082586,3.4439062863950802,2.5225509995333115,-38.54734510165172,3.0,0.0,2.1763710110354357,0.24,0.0,False,0.0048880412692880945,0.1927367255082586,0.2444031027090201,0.04252192476461086,4.252192476461086e-06,4.2521924764610866e-06,-0.038548000741787096,0.0,-0.7249054102963193,0.9213552868617687,1.2675352753596445,0.7249054102963193
252.0,0.0,0.0,-0.11409033093360023,3.2115710572650995,2.535929096294393,-22.818066186720046,3.0,0.0,2.2414034639261082,0.18,0.0,False,0.005022528717861878,0.11409033093360023,0.25112750373103515,0.04252192476461086,4.252192476461086e-06,4.2521924764610866e-06,-0.02281845429230719,0.0,-0.23233522912998072,0.6756419609707067,0.9701675933389913,0.23233522912998072
253.0,0.0,0.0,-0.08419214906064885,3.2259484749505063,2.6410862588487567,-16.83842981212977,3.0,0.0,2.3029787203567373,0.23,0.0,False,0.005214456646727049,0.08419214906064885,0.26072394098001844,0.04252192476461086,4.252192476461086e-06,4.2521924764610866e-06,-0.01683871621189018,0.0,0.01437741768540679,0.5848622161017496,0.922969754593769,0.01437741768540679
254.0,0.0,0.0,-0.076031196722684,2.655522539949271,2.8211007966779023,-15.206239344536801,3.0,0.0,2.369631666597471,0.38,0.0,False,0.005360124399433938,0.07603119672268402,0.268007359585729,0.04252192476461086,4.252192476461086e-06,4.2521924764610866e-06,-0.015206497982863151,0.0,-0.5704259350012353,-0.16557825672863125,0.28589087335179997,0.5704259350012353
255.0,0.0,0.0,-0.008974112946437443,2.4031618255020124,2.7167517181346374,-1.7948225892874887,3.0,0.0,2.465620342759533,0.35,0.0,False,0.0052068764901490715,0.009305067395234822,0.2603449315395054,0.04252192476461086,4.252192476461086e-06,4.2521924764610866e-06,-0.0017948531168821209,0.0,-0.2523607144472586,-0.31358989263262504,-0.06245851725752072,0.2523607144472586
256.0,0.0,0.0,0.020289197289274544,2.694762965182802,2.7264865340273263,4.057839457854909,3.0,0.0,2.565779502502119,0.03,0.0,False,0.005553983857510514,0.020289197289274544,0.27770037370594436,0.04252192476461086,4.252192476461086e-06,4.2521924764610866e-06,0.0040579084764190785,0.0,0.2916011396807896,-0.03172356884452432,0.12898346268068295,0.2916011396807896
257.0,0.0,0.0,-0.0035241718263360577,2.5971418651545424,2.760801048273878,-0.7048343652672115,3.0,0.0,2.6060581120733612,0.2,0.0,False,0.005001759073587415,0.004848983174065228,0.2500890171014858,0.04252192476461086,4.252192476461086e-06,4.2521924764610866e-06,-0.0007048463535817748,0.0,-0.09762110002825963,-0.1636591831193357,-0.008916246918818871,0.09762110002825963
258.0,0.0,0.0,0.012592883247736008,2.562371069436633,2.8695411945156897,2.5185766495472017,3.0,0.0,2.659520497646595,0.13,0.0,False,0.00492387259452734,0.012592883247736008,0.24619467658906702,0.04252192476461086,4.252192476461086e-06,4.2521924764610866e-06,0.0025186194872557676,0.0,-0.03477079571790931,-0.3071701250790566,-0.09714942820996209,0.03477079571790931
259.0,0.0,0.0,0.021441520354693044,2.0109195908427413,2.988611545176298,4.288304070938609,3.0,0.0,2.723073375000072,0.15,0.0,False,0.0053886194960711155,0.021441520354693048,0.2694321204759197,0.04252192476461086,4.252192476461086e-06,4.2521924764610866e-06,0.004288377009405686,0.0,-0.5514514785938918,-0.9776919543335567,-0.7121537841573309,0.5514514785938918
260.0,0.0,0.0,0.07942870974014564,1.596661511491786,2.859076487199038,15.885741948029127,3.0,0.0,2.77679083165714,0.02,0.0,False,0.0054691929660508655,0.07942870974014564,0.2734608111056024,0.04252192476461086,4.252192476461086e-06,4.2521924764610866e-06,0.015886012143809764,0.0,-0.4142580793509554,-1.262414975707252,-1.1801293201653542,0.4142580793509554
261.0,0.0,0.0,0.12544017823778306,2.102731010538066,2.950745780209091,25.08803564755661,3.0,0.0,2.8052235755522954,0.1,0.0,False,0.005218722804263753,0.12544017823778306,0.2609372497638799,0.04252192476461086,4.252192476461086e-06,4.2521924764610866e-06,0.025088462362367833,0.0,0.50606949904628,-0.8480147696710252,-0.7024925650142295,0.50606949904628
262.0,0.0,0.0,0.0784794484709291,2.063164273608845,2.9806246714217193,15.69588969418582,3.0,0.0,2.8510899636587226,0.1,0.0,False,0.004965243889384365,0.0784794484709291,0.24826325012785372,0.04252192476461086,4.252192476461086e-06,4.2521924764610866e-06,0.01569615666082689,0.0,-0.03956673692922097,-0.9174603978128744,-0.7879256900498777,0.03956673692922097
263.0,0.0,0.0,0.08647953073533925,2.402359637651646,3.0063015539008546,17.29590614706785,3.0,0.0,2.887542180733373,0.08,0.0,False,0.0050009783132531245,0.08647953073533925,0.2500499789187741,0.04252192476461086,4.252192476461086e-06,4.2521924764610866e-06,0.017296200327904892,0.0,0.33919536404280093,-0.6039419162492088,-0.48518254308172715,0.33919536404280093
264.0,0.0,0.0,0.051091473684161996,2.632671170889572,2.8112267856096995,10.2182947368324,3.0,0.0,2.9279779673427346,-0.08,0.0,False,0.005092784455759905,0.051091473684161996,0.25464030556298256,0.04252192476461086,4.252192476461086e-06,4.2521924764610866e-06,0.010218468536717368,0.0,0.2303115332379262,-0.1785556147201275,-0.2953067964531626,0.2303115332379262
265.0,0.0,0.0,0.025731639540374416,2.4421551638994803,2.7872142061013467,5.146327908074883,3.0,0.0,2.913285237032266,-0.02,0.0,False,0.0054754532210599905,0.025731639540374416,0.27377382518704907,0.04252192476461086,4.252192476461086e-06,4.2521924764610866e-06,0.005146415440409923,0.0,-0.19051600699009175,-0.34505904220186645,-0.47113007313278565,0.19051600699009175
266.0,0.0,0.0,0.050494933761960244,2.7262397378968455,2.8679537234481067,10.09898675239205,3.0,0.0,2.889993037087519,-0.08,0.0,False,0.005670326454872573,0.05049493376196026,0.2835175283096031,0.04252192476461086,4.252192476461086e-06,4.2521924764610866e-06,0.010099158523003592,0.0,0.2840845739973652,-0.14171398555126125,-0.16375329919067338,0.2840845739973652
267.0,0.0,0.0,0.016502901272447627,3.712492792206947,2.729282764177397,3.3005802544895255,3.0,0.0,2.9471152372279543,0.18,0.0,False,0.005553183431235514,0.016541092364529636,0.27766035222201596,0.04252192476461086,4.252192476461086e-06,4.2521924764610866e-06,0.0033006363930609146,0.0,0.9862530543101014,0.9832100280295499,0.7653775549789925,0.9862530543101014
268.0,0.0,0.0,-0.08197227664919879,3.083447004172638,2.803905598102006,-16.394455329839758,3.0,0.0,2.891272259296953,0.01,0.0,False,0.005639747893612838,0.08197227664919879,0.2819885937453199,0.04252192476461086,4.252192476461086e-06,4.2521924764610866e-06,-0.016394734178172464,0.0,-0.629045788034309,0.2795414060706318,0.19217474487568476,0.629045788034309
269.0,0.0,0.0,-0.018815404833067186,2.615888218469075,2.7508048257432174,-3.7630809666134373,3.0,0.0,2.8927525976200577,-0.03,0.0,False,0.005423561419997371,0.018815404833067186,0.2711792241012218,0.04252192476461086,4.252192476461086e-06,4.2521924764610866e-06,-0.00376314497171957,0.0,-0.467558785703563,-0.13491660727414256,-0.27686437915098283,0.467558785703563
270.0,0.0,0.0,0.02757084431185456,3.271184890615616,2.75538435160012,5.514168862370912,3.0,0.0,2.8952889555058228,0.1,0.0,False,0.005570040828838829,0.027570844311854567,0.2785032256862267,0.04252192476461086,4.252192476461086e-06,4.2521924764610866e-06,0.005514262651201501,0.0,0.655296672146541,0.5158005390154958,0.375895935109793,0.655296672146541
271.0,0.0,0.0,-0.03726015324277177,3.5779502585249805,2.7985989733156615,-7.452030648554355,3.0,0.0,2.8916025234144573,0.04,0.0,False,0.004936316135779953,0.03726015324277177,0.24681685629731426,0.04252192476461086,4.252192476461086e-06,4.2521924764610866e-06,-0.007452157397890018,0.0,0.3067653679093647,0.779351285209319,0.6863477351105232,0.3067653679093647
272.0,0.0,0.0,-0.06473680813765641,3.393247324498739,2.8900721722002323,-12.947361627531281,3.0,0.0,2.898575436320734,-0.06,0.0,False,0.005052412224656111,0.06473680813765641,0.25262168542426794,0.04252192476461086,4.252192476461086e-06,4.2521924764610866e-06,-0.012947581845289671,0.0,-0.18470293402624138,0.5031751522985068,0.4946718881780052,0.18470293402624138
273.0,0.0,0.0,-0.047804535921730056,3.8295083172590427,2.6936345742203818,-9.56090718434601,3.0,0.0,2.9305684134799916,-0.08,0.0,False,0.005281150040424427,0.047804535921730056,0.26405862484454473,0.04252192476461086,4.252192476461086e-06,4.2521924764610866e-06,-0.009561069802924906,0.0,0.4362609927603036,1.135873743038661,0.8989399037790511,0.4362609927603036
274.0,0.0,0.0,-0.09578886914456625,3.1522480396782155,2.4788069633419028,-19.15777382891325,3.0,0.0,2.91519180157704,0.2,0.0,False,0.005503533363483799,0.09578886914456625,0.275177838278348,0.04252192476461086,4.252192476461086e-06,4.2521924764610866e-06,-0.019158099677694627,0.0,-0.6772602775808272,0.6734410763363128,0.2370562381011756,0.6772602775808272
275.0,0.0,0.0,-0.02829404463385546,2.325502644840481,2.5298385743445806,-5.6588089267710915,3.0,0.0,2.871599260177946,-0.01,0.0,False,0.005560925212455016,0.02829404463385546,0.27804744292896827,0.04252192476461086,4.252192476461086e-06,4.2521924764610866e-06,-0.005658905175740794,0.0,-0.8267453948377343,-0.2043359295040994,-0.5460966153374649,0.8267453948377343
276.0,0.0,0.0,0.0453868908490008,1.7414194715108287,2.5626045632367545,9.07737816980016,3.0,0.0,2.8693015777534754,0.3,0.0,False,0.0057008286882679945,0.0453868908490008,0.28504264646444255,0.04252192476461086,4.252192476461086e-06,4.2521924764610866e-06,0.009077532564180275,0.0,-0.5840831733296525,-0.8211850917259258,-1.1278821062426467,0.5840831733296525
277.0,0.0,0.0,0.10245284189287078,1.2364299527807394,2.6013054131977156,20.490568378574157,3.0,0.0,2.7793812030202787,0.07,0.0,False,0.005215768500396888,0.1024528418928708,0.26078953394242316,0.04252192476461086,4.252192476461086e-06,4.2521924764610866e-06,0.020490916896454964,0.0,-0.5049895187300892,-1.3648754604169762,-1.5429512502395393,0.5049895187300892
278.0,0.0,0.0,0.14682595745000918,1.8889633321380868,2.5609419485098894,29.365191490001834,3.0,0.0,2.7659696728997094,0.12,0.0,False,0.005186366217555137,0.14682595745000918,0.2593194135491273,0.04252192476461086,4.252192476461086e-06,4.2521924764610866e-06,0.02936569095366329,0.0,0.6525333793573473,-0.6719786163718027,-0.8770063407616226,0.6525333793573473
279.0,0.0,0.0,0.07827972897309034,1.179554223649767,2.5082722558593353,15.655945794618066,3.0,0.0,2.704720743892411,0.01,0.0,False,0.005157414640683661,0.07827972897309034,0.25787182855016966,0.04252192476461086,4.252192476461086e-06,4.2521924764610866e-06,0.015656212081865427,0.0,-0.7094091084883198,-1.3287180322095684,-1.5251665202426439,0.7094091084883198
280.0,0.0,0.0,0.14315941992379738,1.2057778995403337,2.482840949174101,28.631883984759476,3.0,0.0,2.671777264892719,0.15,0.0,False,0.005033919639223638,0.14315941992379738,0.25169705222094263,0.04252192476461086,4.252192476461086e-06,4.2521924764610866e-06,0.02863237097581534,0.0,0.026223675890566733,-1.2770630496337674,-1.4659993653523853,0.026223675890566733
281.0,0.0,0.0,0.1397268100376184,1.88129156077779,2.3816406141993665,27.945362007523677,3.0,0.0,2.611178859958156,-0.05,0.0,False,0.005541878301777057,0.13972681003761836,0.2770950933455138,0.04252192476461086,4.252192476461086e-06,4.2521924764610866e-06,0.027945837321734845,0.0,0.6755136612374564,-0.5003490534215764,-0.729887299180366,0.6755136612374564
282.0,0.0,0.0,0.07072547190331685,1.219003817586414,2.414880248615883,14.14509438066337,3.0,0.0,2.603075707181036,0.02,0.0,False,0.005586313844682864,0.07072547190331685,0.27931687993822824,0.04252192476461086,4.252192476461086e-06,4.2521924764610866e-06,0.014145334970295942,0.0,-0.6622877431913761,-1.1958764310294692,-1.384071889594622,0.6622877431913761
283.0,0.0,0.0,0.13361006688860064,1.1605504789577532,2.3068351347289386,26.722013377720128,3.0,0.0,2.588561316726934,0.17,0.0,False,0.005130353061670827,0.1336100668886006,0.2565187438459759,0.04252192476461086,4.252192476461086e-06,4.2521924764610866e-06,0.026722467884364415,0.0,-0.058453338628660756,-1.1462846557711854,-1.4280108377691807,0.058453338628660756
284.0,0.0,0.0,0.13767518532054857,1.6030455379591635,2.4342363034663763,27.535037064109712,3.0,0.0,2.555132893258479,0.01,0.0,False,0.005000915996369179,0.13767518532054857,0.25004686306132756,0.04252192476461086,4.252192476461086e-06,4.2521924764610866e-06,0.02753550539922801,0.0,0.4424950590014103,-0.8311907655072128,-0.9520873552993157,0.4424950590014103
285.0,0.0,0.0,0.09046559593106533,2.3236126088065236,2.3448140768021504,18.093119186213066,3.0,0.0,2.537331603232598,0.03,0.0,False,0.005200543275683297,0.09046559593106533,0.26002826946971436,0.04252192476461086,4.252192476461086e-06,4.2521924764610866e-06,0.018093426926605597,0.0,0.7205670708473602,-0.02120146799562672,-0.21371899442607445,0.7205670708473602
286.0,0.0,0.0,0.014795619164133703,2.65757319317609,2.274832306285993,2.9591238328267404,3.0,0.0,2.507720731126136,0.16,0.0,False,0.004973854981585128,0.01479899559634267,0.24869380656869292,0.04252192476461086,4.252192476461086e-06,4.2521924764610866e-06,0.0029591741636691166,0.0,0.3339605843695663,0.382740886890097,0.14985246204995395,0.3339605843695663
287.0,0.0,0.0,-0.025119928100276842,2.679860828084923,2.2798908967639764,-5.0239856200553685,3.0,0.0,2.4715719461388854,0.2,0.0,False,0.005080689732857659,0.025119928100276842,0.25403556684641576,0.04252192476461086,4.252192476461086e-06,4.2521924764610866e-06,-0.00502407107150743,0.0,0.02228763490883301,0.3999699313209466,0.20828888194603756,0.02228763490883301
288.0,0.0,0.0,-0.02730871914875353,3.1088105256078267,2.3517740303475656,-5.461743829750706,3.0,0.0,2.406368571434858,0.07,0.0,False,0.005060014823878178,0.02730871914875353,0.25300181700175706,0.04252192476461086,4.252192476461086e-06,4.2521924764610866e-06,-0.005461836726899769,0.0,0.4289496975229037,0.7570364952602611,0.7024419541729685,0.4289496975229037
289.0,0.0,0.0,-0.06790479834222493,3.3236156119398292,2.423606535433558,-13.580959668444986,3.0,0.0,2.4067678305008826,0.01,0.0,False,0.00530886822498587,0.06790479834222493,0.26544453996576967,0.04252192476461086,4.252192476461086e-06,4.2521924764610866e-06,-0.013581190662880842,0.0,0.21480508633200257,0.9000090765062714,0.9168477814389466,0.21480508633200257
290.0,0.0,0.0,-0.08581887478182099,2.808838116804261,2.3308836847632115,-17.163774956364197,3.0,0.0,2.4297481049719467,-0.16,0.0,False,0.0051493684652702395,0.08581887478182099,0.2574695180688043,0.04252192476461086,4.252192476461086e-06,4.2521924764610866e-06,-0.017164066889821774,0.0,-0.5147774951355681,0.4779544320410496,0.3790900118323144,0.5147774951355681
291.0,0.0,0.0,-0.034799688455586855,2.1114492785723207,2.4380989251521723,-6.959937691117371,3.0,0.0,2.465408618202936,0.07,0.0,False,0.005061295002551696,0.034799688455586855,0.2530658262076113,0.04252192476461086,4.252192476461086e-06,4.2521924764610866e-06,-0.006960056070592739,0.0,-0.6973888382319404,-0.3266496465798516,-0.3539593396306153,0.6973888382319404
292.0,0.0,0.0,0.033581853056052456,2.345716128518647,2.50056738306465,6.7163706112104915,3.0,0.0,2.4608338334997213,-0.14,0.0,False,0.005116452455691077,0.033581853056052456,0.2558237105915857,0.04252192476461086,4.252192476461086e-06,4.2521924764610866e-06,0.006716484847927057,0.0,0.23426684994632652,-0.1548512545460028,-0.1151177049810741,0.23426684994632652
293.0,0.0,0.0,0.012652092053088369,1.7223482226206486,2.426901370015568,2.5304184106176737,3.0,0.0,2.44727494895799,0.02,0.0,False,0.005212983023239685,0.012652092053088366,0.26065025949234377,0.04252192476461086,4.252192476461086e-06,4.2521924764610866e-06,0.0025304614497391725,0.0,-0.6233679058979986,-0.7045531473949194,-0.7249267263373416,0.6233679058979986
294.0,0.0,0.0,0.07853112435147903,1.1726311034240933,2.536225872054665,15.706224870295808,3.0,0.0,2.4722397390060626,-0.06,0.0,False,0.00558470398747723,0.07853112435147905,0.2792363867356754,0.04252192476461086,4.252192476461086e-06,4.2521924764610866e-06,0.01570649201272476,0.0,-0.5497171191965553,-1.3635947686305716,-1.2996086355819694,0.5497171191965553
295.0,0.0,0.0,0.1341162709083336,0.658354253739426,2.5285936302853322,26.823254181666723,3.0,0.0,2.507676162608245,0.07,0.0,False,0.005543088928015024,0.1341162709083336,0.27715562491480294,0.04252192476461086,4.252192476461086e-06,4.2521924764610866e-06,0.02682371041028523,0.0,-0.5142768496846672,-1.8702393765459062,-1.849321908868819,0.5142768496846672
296.0,0.0,0.0,0.1866257744282304,0.5601575655098859,2.349322554943088,37.32515488564608,3.0,0.0,2.5138223269173343,-0.07,0.0,False,0.005367822263435951,0.1866257744282304,0.26839225442246967,0.04252192476461086,4.252192476461086e-06,4.2521924764610866e-06,0.03732578973791768,0.0,-0.09819668822954009,-1.789164989433202,-1.9536647614074485,0.09819668822954009
297.0,0.0,0.0,0.19848542434215155,1.3456326742741576,2.5052906081806263,39.69708486843031,3.0,0.0,2.524651676457425,0.04,0.0,False,0.00507673328135672,0.19848542434215155,0.2538377434301891,0.04252192476461086,4.252192476461086e-06,4.2521924764610866e-06,0.03969776006414168,0.0,0.7854751087642716,-1.1596579339064688,-1.1790190021832676,0.7854751087642716
298.0,0.0,0.0,0.11947878183941851,1.3392634411307884,2.4644674022759894,23.895756367883703,3.0,0.0,2.545054008842803,0.03,0.0,False,0.004908681242669524,0.11947878183941851,0.2454351057663486,0.04252192476461086,4.252192476461086e-06,4.2521924764610866e-06,0.023896162803577224,0.0,-0.006369233143369124,-1.125203961145201,-1.2057905677120144,0.006369233143369124
299.0,0.0,0.0,0.12244232866280468,0.9103978158576536,2.516064376555764,24.488465732560936,3.0,0.0,2.540445895007203,0.03,0.0,False,0.005227803334325239,0.12244232866280468,0.2613912781975622,0.04252192476461086,4.252192476461086e-06,4.2521924764610866e-06,0.024488882249468796,0.0,-0.4288656252731349,-1.6056665606981104,-1.6300480791495495,0.4288656252731349
300.0,0.0,0.0,0.16427216121293103,0.36671494128435134,2.5056215629435856,32.854432242586206,3.0,0.0,2.5637127601762706,-0.17,0.0,False,0.005776951360963992,0.164272161212931,0.2888487962836553,0.04252192476461086,4.252192476461086e-06,4.2521924764610866e-06,0.0328549910536884,0.0,-0.5436828745733022,-2.1389066216592343,-2.1969978188919193,0.5436828745733022
301.0,0.0,0.0,0.21712743347316263,0.3327683718030623,2.466164232498229,43.425486694632525,3.0,0.0,2.553154353829362,-0.02,0.0,False,0.005569372101507423,0.21712743347316263,0.27846978917747844,0.04252192476461086,4.252192476461086e-06,4.2521924764610866e-06,0.04342622530560301,0.0,-0.033946569481289046,-2.133395860695167,-2.2203859820262997,0.033946569481289046
302.0,0.0,0.0,0.2231020520231415,-0.5315565001035909,2.628763848140192,44.6204104046283,3.0,0.0,2.5380354393979276,0.13,0.0,False,0.005446146196464501,0.22310205202314154,0.2723084677263191,0.04252192476461086,4.252192476461086e-06,4.2521924764610866e-06,0.0446211693396948,0.0,-0.8643248719066532,-3.1603203482437827,-3.0695919395015183,0.8643248719066532
303.0,0.0,0.0,0.3175072239839073,-1.3998017224643768,2.8747803484706047,63.50144479678146,3.0,0.0,2.56383632567783,0.36,0.0,False,0.005340799329480909,0.3175072239839073,0.26704110197938175,0.04252192476461086,4.252192476461086e-06,4.2521924764610866e-06,0.06350252487365195,0.0,-0.8682452223607859,-4.274582070934981,-3.9636380481422067,0.8682452223607859
304.0,0.0,0.0,0.4070283580246866,-1.367156603840808,2.9195499619345404,81.40567160493733,3.0,0.0,2.6435832448269307,0.13,0.0,False,0.004971319257663443,0.4070283580246867,0.24856701983348958,0.04252192476461086,4.252192476461086e-06,4.2521924764610866e-06,0.08140705620938701,0.0,0.03264511862356878,-4.286706565775349,-4.010739848667739,0.03264511862356878
305.0,0.0,0.0,0.40590895827828133,-1.091223459051408,2.8697000904115586,81.18179165565627,3.0,0.0,2.6705683959285706,0.02,0.0,False,0.00514677679628263,0.40590895827828133,0.25733993406841005,0.04252192476461086,4.252192476461086e-06,4.2521924764610866e-06,0.0811831724521996,0.0,0.2759331447894,-3.960923549462967,-3.761791854979979,0.2759331447894
306.0,0.0,0.0,0.38914514982679177,-0.3897383362761473,2.9603060900048055,77.82902996535836,3.0,0.0,2.6920192790929263,0.32,0.0,False,0.00520758789440608,0.38914514982679177,0.26038050190360723,0.04252192476461086,4.252192476461086e-06,4.2521924764610866e-06,0.07783035373579204,0.0,0.7014851227752608,-3.350044426280953,-3.0817576153690736,0.7014851227752608
307.0,0.0,0.0,0.32388092254662754,-0.5495391221939115,2.9603408912882223,64.7761845093255,3.0,0.0,2.800310775220423,-0.01,0.0,False,0.00539101130762637,0.32388092254662754,0.26955171156220453,0.04252192476461086,4.252192476461086e-06,4.2521924764610866e-06,0.06477728626785825,0.0,-0.15980078591776425,-3.509880013482134,-3.3498498974143347,0.15980078591776425
308.0,0.0,0.0,0.34054439372100803,-0.736798061273195,2.897421606659097,68.1088787442016,3.0,0.0,2.849139749391231,-0.04,0.0,False,0.005730653084281391,0.34054439372100803,0.28653387260606605,0.04252192476461086,4.252192476461086e-06,4.2521924764610866e-06,0.06811003718752273,0.0,-0.18725893907928348,-3.6342196679322925,-3.5859378106644257,0.18725893907928348
309.0,0.0,0.0,0.35916122399252726,-1.1577243488750601,2.905354209340036,71.83224479850546,3.0,0.0,2.8559772180316094,-0.01,0.0,False,0.005669222891347898,0.35916122399252726,0.2834623498987412,0.04252192476461086,4.252192476461086e-06,4.2521924764610866e-06,0.07183346657143379,0.0,-0.4209262876018651,-4.063078558215096,-4.013701566906669,0.4209262876018651
310.0,0.0,0.0,0.4045171831210852,-0.7852783375907255,2.845781368185073,80.90343662421704,3.0,0.0,2.8548905397847992,0.14,0.0,False,0.005278230576154277,0.4045171831210852,0.263912651010331,0.04252192476461086,4.252192476461086e-06,4.2521924764610866e-06,0.08090481268630381,0.0,0.37244601128433463,-3.6310597057757987,-3.6401688773755247,0.37244601128433463
311.0,0.0,0.0,0.3701032842210785,0.0457099330330627,3.023901473382957,74.02065684421571,3.0,0.0,2.887533486581921,0.04,0.0,False,0.005346312665791756,0.3701032842210785,0.26731676996711234,0.04252192476461086,4.252192476461086e-06,4.2521924764610866e-06,0.0740219158391827,0.0,0.8309882706237882,-2.978191540349894,-2.841823553548858,0.8309882706237882
312.0,0.0,0.0,0.2921945834477834,0.5871217285854592,3.047925799475533,58.43891668955668,3.0,0.0,2.91583319214009,0.09,0.0,False,0.005076048519606801,0.2921945834477834,0.2538035051971063,0.04252192476461086,4.252192476461086e-06,4.2521924764610866e-06,0.05843991065941759,0.0,0.5414117955523965,-2.460804070890074,-2.328711463554631,0.5414117955523965
313.0,0.0,0.0,0.23866201484825672,0.19699068109884782,3.0071206229137375,47.732402969651346,3.0,0.0,2.967717890891363,0.07,0.0,False,0.005028451932285812,0.23866201484825672,0.25142366571156427,0.04252192476461086,4.252192476461086e-06,4.2521924764610866e-06,0.04773321483565826,0.0,-0.39013104748661137,-2.8101299418148895,-2.770727209792515,0.39013104748661137
314.0,0.0,0.0,0.27576117349856966,0.096545944622565,2.9605719044317604,55.15223469971393,3.0,0.0,2.9737926189092216,0.08,0.0,False,0.004977551197798926,0.27576117349856966,0.24887861816523396,0.04252192476461086,4.252192476461086e-06,4.2521924764610866e-06,0.05515317276739484,0.0,-0.10044473647628283,-2.8640259598091955,-2.8772466742866567,0.10044473647628283
315.0,0.0,0.0,0.29248065817509916,0.05723830678087227,2.995299426056698,58.49613163501983,3.0,0.0,2.9546610455639044,-0.02,0.0,False,0.004921693320244407,0.29248065817509916,0.24608571241158567,0.04252192476461086,4.252192476461086e-06,4.2521924764610866e-06,0.05849712657803246,0.0,-0.03930763784169272,-2.938061119275826,-2.8974227387830322,0.03930763784169272
316.0,0.0,0.0,0.2948235864858348,0.4520665037405382,3.0283384150754937,58.964717297166956,3.0,0.0,3.0214147105762637,0.0,0.0,False,0.004854296844273095,0.2948235864858348,0.24271587428388075,0.04252192476461086,4.252192476461086e-06,4.2521924764610866e-06,0.058965720210211396,0.0,0.3948281969596659,-2.5762719113349557,-2.5693482068357256,0.3948281969596659
317.0,0.0,0.0,0.25651426784576953,0.3120237706353227,2.929962578378215,51.3028535691539,3.0,0.0,3.0055368539710337,-0.1,0.0,False,0.004935724501047335,0.25651426784576953,0.2467872744348962,0.04252192476461086,4.252192476461086e-06,4.2521924764610866e-06,0.05130372616387529,0.0,-0.14004273310521548,-2.6179388077428922,-2.693513083335711,0.14004273310521548
318.0,0.0,0.0,0.27170101695083915,1.418368091342552,2.9565623104760848,54.34020339016783,3.0,0.0,3.0172637196002223,0.02,0.0,False,0.004795924968864169,0.27170101695083915,0.23979726810301186,0.04252192476461086,4.252192476461086e-06,4.2521924764610866e-06,0.05434112764625377,0.0,1.1063443207072292,-1.5381942191335327,-1.5988956282576703,1.1063443207072292
319.0,0.0,0.0,0.1650870194616245,1.4045685745409493,2.954716392326057,33.0174038923249,3.0,0.0,3.0290917063947176,-0.11,0.0,False,0.005252395881237194,0.16508701946162446,0.26262091077177213,0.04252192476461086,4.252192476461086e-06,4.2521924764610866e-06,0.0330179654753626,0.0,-0.01379951680160274,-1.5501478177851076,-1.6245231318537683,0.01379951680160274
320.0,0.0,0.0,0.16686476662775054,1.1592656583480734,3.081134499304638,33.37295332555011,3.0,0.0,3.069273385047901,-0.08,0.0,False,0.005366759249964952,0.1668647666277505,0.2683391035229128,0.04252192476461086,4.252192476461086e-06,4.2521924764610866e-06,0.03337352095602059,0.0,-0.24530291619287592,-1.9218688409565647,-1.9100077266998277,0.24530291619287592
321.0,0.0,0.0,0.19109108705930766,1.6485914942517987,3.046166909498985,38.21821741186153,3.0,0.0,3.0732517178737147,0.04,0.0,False,0.005201739645863461,0.19109108705930766,0.2600880882330823,0.04252192476461086,4.252192476461086e-06,4.2521924764610866e-06,0.03821886745396356,0.0,0.48932583590372536,-1.3975754152471862,-1.424660223621916,0.48932583590372536
322.0,0.0,0.0,0.14131826645789233,0.8197003458255354,2.9263929761940797,28.263653291578464,3.0,0.0,3.070217156745283,0.02,0.0,False,0.0050132654892494355,0.14131826645789233,0.25066434033096147,0.04252192476461086,4.252192476461086e-06,4.2521924764610866e-06,0.02826413401950983,0.0,-0.8288911484262633,-2.1066926303685443,-2.2505168109197475,0.8288911484262633
323.0,0.0,0.0,0.22571084646808334,1.3188818995770186,2.9700043712145954,45.14216929361667,3.0,0.0,3.0618042044541913,0.03,0.0,False,0.0051754147269591644,0.22571084646808334,0.2587718366909364,0.04252192476461086,4.252192476461086e-06,4.2521924764610866e-06,0.045142937103122324,0.0,0.4991815537514832,-1.6511224716375767,-1.7429223048771727,0.4991815537514832
324.0,0.0,0.0,0.18084726697607872,1.9213884358370001,3.1533035893360637,36.16945339521575,3.0,0.0,3.0768567988045272,0.02,0.0,False,0.004877687316571628,0.18084726697607872,0.24388540287184673,0.04252192476461086,4.252192476461086e-06,4.2521924764610866e-06,0.0361700685905102,0.0,0.6025065362599815,-1.2319151534990636,-1.155468362967527,0.6025065362599815
325.0,0.0,0.0,0.12758900273790405,1.3321986873158582,3.2814686465900444,25.517800547580812,3.0,0.0,3.127393019207205,0.12,0.0,False,0.005307708211944047,0.12758900273790405,0.2653865390670486,0.04252192476461086,4.252192476461086e-06,4.2521924764610866e-06,0.02551823457213325,0.0,-0.5891897485211419,-1.9492699592741862,-1.7951943318913466,0.5891897485211419
326.0,0.0,0.0,0.19226856139794393,1.3341072206067244,3.254769177583357,38.453712279588785,3.0,0.0,3.1973055898659157,0.1,0.0,False,0.005049921424380227,0.1922685613979439,0.2524971448809056,0.04252192476461086,4.252192476461086e-06,4.2521924764610866e-06,0.0384543663271518,0.0,0.0019085332908661545,-1.9206619569766326,-1.8631983692591914,0.0019085332908661545
327.0,0.0,0.0,0.192735443439548,1.6169240045293887,3.1681040354591037,38.5470886879096,3.0,0.0,3.254925179441807,0.09,0.0,False,0.0047468197144137966,0.192735443439548,0.23734199494024363,0.04252192476461086,4.252192476461086e-06,4.2521924764610866e-06,0.038547744323683714,0.0,0.2828167839226643,-1.551180030929715,-1.6380011749124181,0.2828167839226643
328.0,0.0,0.0,0.16429731278027268,1.2633054018072807,3.251211198370672,32.85946255605454,3.0,0.0,3.2615026324123293,-0.07,0.0,False,0.005041943282489785,0.16429731278027268,0.25209823609015375,0.04252192476461086,4.252192476461086e-06,4.2521924764610866e-06,0.03286002145271582,0.0,-0.353618602722108,-1.9879057965633913,-1.9981972306050486,0.353618602722108
329.0,0.0,0.0,0.20166881623349917,0.20532792407311318,3.2441720938200387,40.33376324669983,3.0,0.0,3.2599320635219793,-0.07,0.0,False,0.005500076565033606,0.20166881623349917,0.2750049976208898,0.04252192476461086,4.252192476461086e-06,4.2521924764610866e-06,0.040334449271481186,0.0,-1.0579774777341675,-3.0388441697469255,-3.054604139448866,1.0579774777341675
330.0,0.0,0.0,0.312854041876051,0.1599547555575941,3.439489367392095,62.5708083752102,3.0,0.0,3.2800364408734266,0.07,0.0,False,0.005410929008873444,0.312854041876051,0.2705476008592533,0.04252192476461086,4.252192476461086e-06,4.2521924764610866e-06,0.06257187262316723,0.0,-0.04537316851551906,-3.279534611834501,-3.1200816853158324,0.04537316851551906
331.0,0.0,0.0,0.32563222773417366,-0.30034344569724314,3.5266126870367707,65.12644554683473,3.0,0.0,3.3339348586137745,0.24,0.0,False,0.005246337086442234,0.32563222773417366,0.262317969743866,0.04252192476461086,4.252192476461086e-06,4.2521924764610866e-06,0.06512755326285154,0.0,-0.4602982012548372,-3.826956132734014,-3.6342783043110174,0.4602982012548372
332.0,0.0,0.0,0.3728265922935216,-0.34467178545942234,3.4822223882774592,74.56531845870433,3.0,0.0,3.4163462654447705,0.02,0.0,False,0.005400738328313449,0.37282659229352155,0.2700380646646167,0.04252192476461086,4.252192476461086e-06,4.2521924764610866e-06,0.074566586717656,0.0,-0.0443283397621792,-3.8268941737368816,-3.761018050904193,0.0443283397621792
333.0,0.0,0.0,0.3844114344557978,0.19785158496020988,3.5169266451429753,76.88228689115955,3.0,0.0,3.4280017437595074,0.06,0.0,False,0.005239428274567661,0.3844114344557978,0.2619725276812576,0.04252192476461086,4.252192476461086e-06,4.2521924764610866e-06,0.07688359455872659,0.0,0.5425233704196322,-3.319075060182765,-3.2301501587992973,0.5425233704196322
334.0,0.0,0.0,0.3320767750092667,0.18284650700082228,3.5355012754648323,66.41535500185334,3.0,0.0,3.499524288669024,0.0,0.0,False,0.005363000227957836,0.33207677500926663,0.2681511516233528,0.04252192476461086,4.252192476461086e-06,4.2521924764610866e-06,0.06641648464054128,0.0,-0.015005077959387603,-3.35265476846401,-3.3166777816682016,0.015005077959387603
335.0,0.0,0.0,0.3365216341884777,-0.656889570884408,3.5304338321265245,67.30432683769554,3.0,0.0,3.5186899377710885,-0.01,0.0,False,0.005597148245137074,0.3365216341884778,0.2798586022644366,0.04252192476461086,4.252192476461086e-06,4.2521924764610866e-06,0.06730547159663659,0.0,-0.8397360778852303,-4.187323403010932,-4.175579508655496,0.8397360778852303
336.0,0.0,0.0,0.41949832302441414,-0.8931879521093056,3.4332797297529,83.89966460488283,3.0,0.0,3.5481343966236487,0.12,0.0,False,0.005361755092396257,0.4194983230244142,0.268088894580546,0.04252192476461086,4.252192476461086e-06,4.2521924764610866e-06,0.08390109162890522,0.0,-0.23629838122489755,-4.326467681862206,-4.441322348732954,0.23629838122489755
337.0,0.0,0.0,0.4439743166993364,-0.9045786337563791,3.2875250803556,88.79486333986728,3.0,0.0,3.538182848740382,0.01,0.0,False,0.005247667243424804,0.44397431669933646,0.2623844778757987,0.04252192476461086,4.252192476461086e-06,4.2521924764610866e-06,0.08879637362484455,0.0,-0.011390681647073575,-4.192103714111979,-4.442761482496761,0.011390681647073575
338.0,0.0,0.0,0.4467457975395912,-0.8779172057096533,3.5488318570968174,89.34915950791824,3.0,0.0,3.546649608096514,0.03,0.0,False,0.005152668728536755,0.4467457975395912,0.2576345319337978,0.04252192476461086,4.252192476461086e-06,4.2521924764610866e-06,0.0893506792207514,0.0,0.026661428046725888,-4.42674906280647,-4.424566813806167,0.026661428046725888
339.0,0.0,0.0,0.4457641194715518,-0.7501231402640699,3.4224782668671443,89.15282389431036,3.0,0.0,3.562974324095488,0.08,0.0,False,0.004885193226469238,0.4457641194715518,0.24426069996255598,0.04252192476461086,4.252192476461086e-06,4.2521924764610866e-06,0.08915434026773045,0.0,0.12779406544558336,-4.172601407131214,-4.313097464359558,0.12779406544558336
340.0,0.0,0.0,0.4333082504505639,-0.8681225642691219,3.4596826081942846,86.66165009011279,3.0,0.0,3.579818762747615,-0.03,0.0,False,0.00494052826682536,0.4333082504505639,0.2470274637451243,0.04252192476461086,4.252192476461086e-06,4.2521924764610866e-06,0.08666312409191101,0.0,-0.11799942400505203,-4.327805172463407,-4.4479413270167365,0.11799942400505203
341.0,0.0,0.0,0.441839532202713,-1.7329621592692286,3.435947811818517,88.3679064405426,3.0,0.0,3.5830514897456927,0.01,0.0,False,0.005363109459935001,0.44183953220271294,0.2681566132454348,0.04252192476461086,4.252192476461086e-06,4.2521924764610866e-06,0.08836940946353908,0.0,-0.8648395950001067,-5.1689099710877455,-5.316013649014922,0.8648395950001067
342.0,0.0,0.0,0.5296952902603957,-1.2754921547457072,3.4242078907592144,105.93905805207915,3.0,0.0,3.5503666970947347,-0.06,0.0,False,0.005306704184085022,0.5296952902603957,0.2653363374606314,0.04252192476461086,4.252192476461086e-06,4.2521924764610866e-06,0.10594085993747954,0.0,0.4574700045235214,-4.699700045504922,-4.825858851840442,0.4574700045235214
343.0,0.0,0.0,0.4824342715856267,-0.8462755194470166,3.4336040298179435,96.48685431712534,3.0,0.0,3.5641033616511253,0.1,0.0,False,0.005114776825442455,0.4824342715856267,0.25573992872289947,0.04252192476461086,4.252192476461086e-06,4.2521924764610866e-06,0.09648849543285093,0.0,0.4292166352986906,-4.27987954926496,-4.410378881098142,0.4292166352986906
344.0,0.0,0.0,0.43678674051696686,-0.7080442560770807,3.2679617891096435,87.35734810339338,3.0,0.0,3.5489531312795566,0.12,0.0,False,0.005106538142906155,0.43678674051696686,0.2553279928444613,0.04252192476461086,4.252192476461086e-06,4.2521924764610866e-06,0.08735883393810871,0.0,0.13823126336993596,-3.976006045186724,-4.256997387356638,0.13823126336993596
345.0,0.0,0.0,0.4178402118807081,-0.46883080081860773,3.1453046565164433,83.56804237614162,3.0,0.0,3.52168475078724,0.14,0.0,False,0.005127040131463255,0.4178402118807081,0.2563530966312364,0.04252192476461086,4.252192476461086e-06,4.2521924764610866e-06,0.0835694637597018,0.0,0.23921345525847293,-3.614135457335051,-3.9905155516058475,0.23921345525847293
346.0,0.0,0.0,0.38366745557716514,-0.38735652895663875,3.079721502423617,76.73349111543303,3.0,0.0,3.470446699580261,0.45,0.0,False,0.004980915466266262,0.38366745557716514,0.24904683230387667,0.04252192476461086,4.252192476461086e-06,4.2521924764610866e-06,0.07673479625217772,0.0,0.08147427186196898,-3.4670780313802556,-3.8578032285369,0.08147427186196898
347.0,0.0,0.0,0.3691705200948463,-0.23800573550277443,3.006717434959227,73.83410401896926,3.0,0.0,3.367925326346443,0.27,0.0,False,0.00482647852376236,0.36917052009484635,0.24132495234390144,0.04252192476461086,4.252192476461086e-06,4.2521924764610866e-06,0.07383535984091566,0.0,0.14935079345386432,-3.2447231704620014,-3.6059310618492173,0.14935079345386432
348.0,0.0,0.0,0.35001217546006325,0.22814816585293196,3.0498342972907455,70.00243509201265,3.0,0.0,3.3044271611972236,0.08,0.0,False,0.004818379782700357,0.3500121754600633,0.2409200135689309,0.04252192476461086,4.252192476461086e-06,4.2521924764610866e-06,0.07000362574226104,0.0,0.4661539013557064,-2.8216861314378137,-3.0762789953442917,0.4661539013557064
349.0,0.0,0.0,0.30180300080751704,0.5983135848933411,3.0944143072374786,60.360600161503406,3.0,0.0,3.2621904350548125,-0.03,0.0,False,0.005040476895867932,0.301803000807517,0.25202491644729313,0.04252192476461086,4.252192476461086e-06,4.2521924764610866e-06,0.06036162681669734,0.0,0.3701654190404091,-2.4961007223441376,-2.6638768501614716,0.3701654190404091
350.0,0.0,0.0,0.2641610179360871,1.9201208010918958,3.2322538598988904,52.832203587217414,3.0,0.0,3.246242340150569,0.05,0.0,False,0.005025557941537094,0.2641610179360871,0.25127896555883816,0.04252192476461086,4.252192476461086e-06,4.2521924764610866e-06,0.052833102194190754,0.0,1.3218072161985548,-1.3121330588069946,-1.3261215390586734,1.3218072161985548
351.0,0.0,0.0,0.12738807445293066,2.323909406536023,2.9516735842936868,25.477614890586132,3.0,0.0,3.2399799274288608,0.16,0.0,False,0.005122227838238399,0.12738807445293066,0.25611248094685374,0.04252192476461086,4.252192476461086e-06,4.2521924764610866e-06,0.025478048231632883,0.0,0.4037886054441273,-0.6277641777576637,-0.9160705208928377,0.4037886054441273
352.0,0.0,0.0,0.08137572519121161,2.4398424178866303,2.788801147277386,16.27514503824232,3.0,0.0,3.1940286295517897,0.19,0.0,False,0.005114718867793421,0.08137572519121161,0.25573703082812543,0.04252192476461086,4.252192476461086e-06,4.2521924764610866e-06,0.01627542185726236,0.0,0.11593301135060718,-0.3489587293907559,-0.7541862116651594,0.11593301135060718
353.0,0.0,0.0,0.06294339304016282,1.791783210584092,2.626898233347807,12.588678608032563,3.0,0.0,3.1376839597104595,0.29,0.0,False,0.004919195384043072,0.06294339304016282,0.24596081507043366,0.04252192476461086,4.252192476461086e-06,4.2521924764610866e-06,0.012588892725059949,0.0,-0.6480592073025382,-0.835115022763715,-1.3459007491263675,0.6480592073025382
354.0,0.0,0.0,0.1168356615480392,1.6297761654469398,2.501617152573473,23.36713230960784,3.0,0.0,3.0692897306593743,0.53,0.0,False,0.004953527085872657,0.1168356615480392,0.2476774074611631,0.04252192476461086,4.252192476461086e-06,4.2521924764610866e-06,0.02336752975409462,0.0,-0.16200704513715225,-0.8718409871265331,-1.4395135652124345,0.16200704513715225
355.0,0.0,0.0,0.12522410119913804,2.5529743690442346,2.595628786530624,25.044820239827608,3.0,0.0,2.9601646664505337,0.19,0.0,False,0.004968577365131285,0.12522410119913804,0.2484299246239287,0.04252192476461086,4.252192476461086e-06,4.2521924764610866e-06,0.02504524621960103,0.0,0.9231982035972948,-0.04265441748638921,-0.4071902974062991,0.9231982035972948
356.0,0.0,0.0,0.025773651947446588,2.868112834936667,2.5513581995232126,5.154730389489318,3.0,0.0,2.8820438012873684,0.36,0.0,False,0.005084574283321804,0.025773651947446588,0.2542297951955158,0.04252192476461086,4.252192476461086e-06,4.2521924764610866e-06,0.005154818064739623,0.0,0.31513846589243233,0.3167546354134543,-0.013930966350701457,0.31513846589243233
357.0,0.0,0.0,-0.007082664332537189,3.0485068515580123,2.445962793460109,-1.416532866507438,3.0,0.0,2.8107163682451453,0.02,0.0,False,0.004932983996690315,0.0075143055855978955,0.24665024863438756,0.04252192476461086,4.252192476461086e-06,4.2521924764610866e-06,-0.0014165569598865774,0.0,0.18039401662134535,0.6025440580979033,0.237790483312867,0.18039401662134535
358.0,0.0,0.0,-0.027541515769022022,2.812407116292217,2.5301785914694954,-5.5083031538044045,3.0,0.0,2.7972846857686955,0.06,0.0,False,0.004941820615051593,0.02754151576902202,0.2470920814312016,0.04252192476461086,4.252192476461086e-06,4.2521924764610866e-06,-0.00550839684286693,0.0,-0.2360997352657952,0.28222852482272165,0.01512243052352158,0.2360997352657952
359.0,0.0,0.0,-0.0005881369395830551,2.2770442922421887,2.809120331362684,-0.11762738791661102,3.0,0.0,2.773085838276485,0.02,0.0,False,0.0049194982658694085,0.004072897035267267,0.24597595922614607,0.04252192476461086,4.252192476461086e-06,4.2521924764610866e-06,-0.00011762938860527931,0.0,-0.5353628240500283,-0.5320760391204953,-0.4960415460342964,0.5353628240500283
360.0,0.0,0.0,0.05559710770355081,2.4351901361890014,2.9280314339958324,11.119421540710162,3.0,0.0,2.806525621852813,0.03,0.0,False,0.0049810736925998775,0.05559710770355081,0.24905474365419786,0.04252192476461086,4.252192476461086e-06,4.2521924764610866e-06,0.01111961066758842,0.0,0.15814584394681264,-0.49284129780683106,-0.3713354856638116,0.15814584394681264
361.0,0.0,0.0,0.040606160998032416,2.9097284806536563,2.802223569992568,8.121232199606483,3.0,0.0,2.8330271897578507,0.02,0.0,False,0.00498029677682726,0.040606160998032416,0.24901589770038718,0.04252192476461086,4.252192476461086e-06,4.2521924764610866e-06,0.008121370331188949,0.0,0.4745383444646549,0.10750491066108836,0.07670129089580557,0.4745383444646549
362.0,0.0,0.0,-0.00508302861782454,2.311856957488409,2.899041245933277,-1.016605723564908,3.0,0.0,2.8412603794299396,0.07,0.0,False,0.004861050963674409,0.005786275904577539,0.24305358168993718,0.04252192476461086,4.252192476461086e-06,4.2521924764610866e-06,-0.0010166230147042189,0.0,-0.5978715231652472,-0.5871842884448677,-0.5294034219415304,0.5978715231652472
363.0,0.0,0.0,0.054188199667314946,2.289316161580907,2.935861482393736,10.83763993346299,3.0,0.0,2.8588971137746086,-0.01,0.0,False,0.004848606441014579,0.05418819966731494,0.24243135291112036,0.04252192476461086,4.252192476461086e-06,4.2521924764610866e-06,0.010837824267603107,0.0,-0.022540795907502353,-0.6465453208128293,-0.5695809521937019,0.022540795907502353
364.0,0.0,0.0,0.059248323619724284,1.9706429247866795,2.8682138026934165,11.849664723944857,3.0,0.0,2.853750475094305,0.07,0.0,False,0.0045652676432336925,0.059248323619724284,0.22826435278152088,0.04252192476461086,4.252192476461086e-06,4.2521924764610866e-06,0.011849866271308579,0.0,-0.3186732367942273,-0.8975708779067371,-0.8831075503076256,0.3186732367942273
365.0,0.0,0.0,0.09373083970799462,1.3924750369846426,2.861777394058121,18.746167941598923,3.0,0.0,2.881811994541946,-0.15,0.0,False,0.004879566801654863,0.09373083970799462,0.24397937752560522,0.04252192476461086,4.252192476461086e-06,4.2521924764610866e-06,0.01874648678950024,0.0,-0.5781678878020369,-1.4693023570734782,-1.4893369575573034,0.5781678878020369
366.0,0.0,0.0,0.15382333434759196,1.9639413110780106,3.00200668017959,30.76466686951839,3.0,0.0,2.9079712499451955,0.05,0.0,False,0.0050593001115127245,0.15382333434759196,0.2529660812315297,0.04252192476461086,4.252192476461086e-06,4.2521924764610866e-06,0.03076519013643335,0.0,0.571466274093368,-1.0380653691015795,-0.9440299388671849,0.571466274093368
367.0,0.0,0.0,0.1021849533996099,1.3020023546325739,3.139563791165221,20.43699067992198,3.0,0.0,2.930741084781811,0.17,0.0,False,0.0050563558322603485,0.10218495339960992,0.2528188666429288,0.04252192476461086,4.252192476461086e-06,4.2521924764610866e-06,0.020437338286515914,0.0,-0.6619389564454368,-1.8375614365326474,-1.6287387301492373,0.6619389564454368
368.0,0.0,0.0,0.174940954755215,1.8723383919589869,3.3462102280289736,34.988190951043,3.0,0.0,2.985812570578611,0.29,0.0,False,0.004974544513821186,0.17494095475521498,0.24872828332709707,0.04252192476461086,4.252192476461086e-06,4.2521924764610866e-06,0.03498878605460178,0.0,0.570336037326413,-1.4738718360699867,-1.1134741786196243,0.570336037326413
369.0,0.0,0.0,0.12488729677209275,2.2113188194104496,3.4022063710574506,24.97745935441855,3.0,0.0,3.0514490963153036,0.29,0.0,False,0.005044835831286704,0.12488729677209273,0.25224286414498354,0.04252192476461086,4.252192476461086e-06,4.2521924764610866e-06,0.02497788418847104,0.0,0.33898042745146273,-1.190887551647001,-0.840130276904854,0.33898042745146273
370.0,0.0,0.0,0.09716603661053481,2.0016511077254133,3.371736907848924,19.433207322106963,3.0,0.0,3.1212379119211,0.17,0.0,False,0.0050523950280435105,0.09716603661053481,0.2526208255899818,0.04252192476461086,4.252192476461086e-06,4.2521924764610866e-06,0.019433537855653327,0.0,-0.20966771168503628,-1.3700858001235106,-1.1195868041956865,0.20966771168503628
371.0,0.0,0.0,0.1263705333357534,1.9845142202591,3.4327345365022777,25.274106667150683,3.0,0.0,3.182999843950289,0.31,0.0,False,0.005133148791840997,0.1263705333357534,0.2566585309488834,0.04252192476461086,4.252192476461086e-06,4.2521924764610866e-06,0.025274536546787605,0.0,-0.017136887466313366,-1.4482203162431777,-1.198485623691189,0.017136887466313366
372.0,0.0,0.0,0.13276531776619582,2.06869567468028,3.40528625845788,26.553063553239163,3.0,0.0,3.265383308674501,0.05,0.0,False,0.0051342016117896985,0.13276531776619582,0.2567111721701582,0.04252192476461086,4.252192476461086e-06,4.2521924764610866e-06,0.02655351518626698,0.0,0.08418145442118008,-1.3365905837775998,-1.196687633994221,0.08418145442118008
373.0,0.0,0.0,0.12812492090304695,1.8327206066109571,3.3463324075015084,25.62498418060939,3.0,0.0,3.3121956251053235,-0.1,0.0,False,0.0052280113004652485,0.12812492090304695,0.2614016765487783,0.04252192476461086,4.252192476461086e-06,4.2521924764610866e-06,0.025625420028215825,0.0,-0.2359750680693229,-1.5136118008905513,-1.4794750184943664,0.2359750680693229
374.0,0.0,0.0,0.15585188039194067,1.7722157238793477,3.4143326709546287,31.170376078388134,3.0,0.0,3.3499721243019835,-0.06,0.0,False,0.005280232862776271,0.15585188039194067,0.2640127657671362,0.04252192476461086,4.252192476461086e-06,4.2521924764610866e-06,0.03117090624588833,0.0,-0.06050488273160948,-1.642116947075281,-1.5777564004226359,0.06050488273160948
375.0,0.0,0.0,0.16581208462830374,1.9687687623077121,3.511026565849387,33.16241692566075,3.0,0.0,3.391272546140024,-0.03,0.0,False,0.005260576226079891,0.16581208462830374,0.26302992975312706,0.04252192476461086,4.252192476461086e-06,4.2521924764610866e-06,0.033162980975181285,0.0,0.19655303842836447,-1.542257803541675,-1.422503783832312,0.19655303842836447
376.0,0.0,0.0,0.1525743456410338,2.0882365662127653,3.5310923349653147,30.51486912820676,3.0,0.0,3.4303718234073215,0.0,0.0,False,0.0051070922434846315,0.1525743456410338,0.25535569799119223,0.04252192476461086,4.252192476461086e-06,4.2521924764610866e-06,0.03051538814638748,0.0,0.11946780390505318,-1.4428557687525494,-1.3421352571945562,0.11946780390505318
377.0,0.0,0.0,0.13853169299094054,2.5700237153103407,3.4054809427811543,27.706338598188108,3.0,0.0,3.4945446574922805,0.04,0.0,False,0.005059899146196342,0.13853169299094054,0.2529960330930711,0.04252192476461086,4.252192476461086e-06,4.2521924764610866e-06,0.027706809846922392,0.0,0.48178714909757536,-0.8354572274708136,-0.9245209421819398,0.48178714909757536
378.0,0.0,0.0,0.08819856947095392,2.7794632771409087,3.3045259830117306,17.639713894190784,3.0,0.0,3.473582949293304,-0.11,0.0,False,0.005251683625254101,0.08819856947095392,0.262585297821185,0.04252192476461086,4.252192476461086e-06,4.2521924764610866e-06,0.01764001392274982,0.0,0.209439561830568,-0.5250627058708219,-0.6941196721523952,0.209439561830568
379.0,0.0,0.0,0.06415405279676055,3.389434086245253,3.266219130949505,12.83081055935211,3.0,0.0,3.452028161884556,0.1,0.0,False,0.005105440964913859,0.06415405279676055,0.2552731337115759,0.04252192476461086,4.252192476461086e-06,4.2521924764610866e-06,0.01283102879472863,0.0,0.6099708091043445,0.12321495529574822,-0.06259407563930264,0.6099708091043445
380.0,0.0,0.0,0.00583752332620685,3.669186935773627,3.367355212337572,1.1675046652413699,3.0,0.0,3.4210174448775454,0.06,0.0,False,0.0049071758224315505,0.006507781847808354,0.24535983443438314,0.04252192476461086,4.252192476461086e-06,4.2521924764610866e-06,0.0011675245229751448,0.0,0.27975284952837365,0.301831723436055,0.24816949089608142,0.27975284952837365
381.0,0.0,0.0,-0.023471068567735016,4.9247859511610645,3.387146604201897,-4.694213713547003,3.0,0.0,3.44781056062096,0.04,0.0,False,0.004629047282427362,0.02347106856773502,0.23145334830136943,0.04252192476461086,4.252192476461086e-06,4.2521924764610866e-06,-0.004694293556008436,0.0,1.2555990153874377,1.5376393469591676,1.4769753905401046,1.2555990153874377
382.0,0.0,0.0,-0.14444695739698243,4.898902250843967,3.400358515520785,-28.889391479396487,3.0,0.0,3.434471259921218,-0.12,0.0,False,0.005056348829202615,0.14444695739698243,0.2528185164885532,0.04252192476461086,4.252192476461086e-06,4.2521924764610866e-06,-0.02888988285031945,0.0,-0.02588370031709797,1.4985437353231816,1.4644309909227484,0.02588370031709797
383.0,0.0,0.0,-0.14245297699246232,4.848368471293385,3.4790189623397763,-28.490595398492463,3.0,0.0,3.480285666377967,-0.01,0.0,False,0.005600620712748885,0.1424529769924623,0.28003222638330705,0.04252192476461086,4.252192476461086e-06,4.2521924764610866e-06,-0.02849107998641349,0.0,-0.05053377955058114,1.3693495089536092,1.3680828049154186,0.05053377955058114
384.0,0.0,0.0,-0.1336646997939674,5.19765274685799,3.580246724840054,-26.732939958793477,3.0,0.0,3.4743421940454944,-0.01,0.0,False,0.005584962038966434,0.1336646997939674,0.2792492893649999,0.04252192476461086,4.252192476461086e-06,4.2521924764610866e-06,-0.02673339465128468,0.0,0.34928427556460484,1.6174060220179363,1.723310552812496,0.34928427556460484
385.0,0.0,0.0,-0.16946087769277113,5.424180698716802,3.4808542388719204,-33.89217553855423,3.0,0.0,3.5116930549521714,0.07,0.0,False,0.005308624814195203,0.16946087769277113,0.2654323693744849,0.04252192476461086,4.252192476461086e-06,4.2521924764610866e-06,-0.03389275200031831,0.0,0.22652795185881214,1.943326459844882,1.912487643764631,0.22652795185881214
386.0,0.0,0.0,-0.18707272500757924,4.854998543495311,3.6212106873628236,-37.41454500151585,3.0,0.0,3.503007940916822,0.11,0.0,False,0.005365643554083956,0.18707272500757927,0.2682833184916553,0.04252192476461086,4.252192476461086e-06,4.2521924764610866e-06,-0.0374151813741969,0.0,-0.5691821552214913,1.2337878561324875,1.3519906025784891,0.5691821552214913
387.0,0.0,0.0,-0.13259624377557364,4.456736707756798,3.4387835806068217,-26.519248755114727,3.0,0.0,3.5534136751793204,0.12,0.0,False,0.005440567979363834,0.1325962437755736,0.27202955568530324,0.04252192476461086,4.252192476461086e-06,4.2521924764610866e-06,-0.026519699812996872,0.0,-0.3982618357385128,1.0179531271499767,0.9033230325774779,0.3982618357385128
388.0,0.0,0.0,-0.09301511174406767,3.9596188037549247,3.4695126333981725,-18.603022348813532,3.0,0.0,3.5290079145020665,-0.02,0.0,False,0.005470256579374128,0.09301511174406767,0.27351399199789994,0.04252192476461086,4.252192476461086e-06,4.2521924764610866e-06,-0.01860333876199475,0.0,-0.4971179040018736,0.4901061703567522,0.4306108892528582,0.4971179040018736
389.0,0.0,0.0,-0.04325529313713469,2.775133822178269,3.4717849963708916,-8.651058627426938,3.0,0.0,3.526565814408205,0.0,0.0,False,0.005423127429160031,0.04325529313713469,0.2711575244670842,0.04252192476461086,4.252192476461086e-06,4.2521924764610866e-06,-0.008651205770666885,0.0,-1.1844849815766558,-0.6966511741926227,-0.7514319922299362,1.1844849815766558
390.0,0.0,0.0,0.0797057404387979,2.6460609876027097,3.55882342969601,15.94114808775958,3.0,0.0,3.527056675891976,0.08,0.0,False,0.005325701120653744,0.07970574043879788,0.26628618832799905,0.04252192476461086,4.252192476461086e-06,4.2521924764610866e-06,0.015941419225926495,0.0,-0.12907283457555918,-0.9127624420933005,-0.8809956882892664,0.12907283457555918
391.0,0.0,0.0,0.09915307950131462,2.6939399540113387,3.788386915337777,19.830615900262924,3.0,0.0,3.5722081727737383,0.13,0.0,False,0.005272874718305925,0.09915307950131463,0.2636448569792065,0.04252192476461086,4.252192476461086e-06,4.2521924764610866e-06,0.019830953193211612,0.0,0.04787896640862899,-1.0944469613264385,-0.8782682187623996,0.04787896640862899
392.0,0.0,0.0,0.09592911040709191,2.9190533795795703,3.813083537099108,19.185822081418383,3.0,0.0,3.637612863514789,0.06,0.0,False,0.00566999777650255,0.09592911040709191,0.28350109432122184,0.04252192476461086,4.252192476461086e-06,4.2521924764610866e-06,0.019186148407264004,0.0,0.22511342556823166,-0.8940301575195377,-0.7185594839352185,0.22511342556823166
393.0,0.0,0.0,0.0718228248442591,3.0587151861550663,3.7097245544158763,14.36456496885182,3.0,0.0,3.653251453534334,0.09,0.0,False,0.005442631284115068,0.0718228248442591,0.2721327213615433,0.04252192476461086,4.252192476461086e-06,4.2521924764610866e-06,0.014364809291393254,0.0,0.13966180657549598,-0.65100936826081,-0.5945362673792678,0.13966180657549598
394.0,0.0,0.0,0.06309149150950824,3.305259872806835,3.671315117638193,12.618298301901648,3.0,0.0,3.637296898245933,-0.02,0.0,False,0.005191571131715251,0.06309149150950825,0.25957966036374786,0.04252192476461086,4.252192476461086e-06,4.2521924764610866e-06,0.012618512922721448,0.0,0.24654468665176887,-0.36605524483135765,-0.33203702543909763,0.24654468665176887
395.0,0.0,0.0,0.04031972433361863,3.145161816956004,3.763820590837531,8.063944866723725,3.0,0.0,3.6896435151084246,0.02,0.0,False,0.0050987225857589006,0.04031972433361863,0.25493721332543595,0.04252192476461086,4.252192476461086e-06,4.2521924764610866e-06,0.008064082023923272,0.0,-0.16009805585083114,-0.6186587738815268,-0.5444816981524205,0.16009805585083114
396.0,0.0,0.0,0.0598642663037148,3.9738458935477414,3.7373268022487864,11.97285326074296,3.0,0.0,3.7084656885044445,-0.07,0.0,False,0.005317716414589798,0.059864266303714796,0.2658869513271764,0.04252192476461086,4.252192476461086e-06,4.2521924764610866e-06,0.01197305690338325,0.0,0.8286840765917374,0.236519091298955,0.26538020504329696,0.8286840765917374
397.0,0.0,0.0,-0.02480307077747592,4.8849766229884795,3.641375941387693,-4.960614155495184,3.0,0.0,3.743817207712291,0.04,0.0,False,0.005197213675924984,0.02480307077747592,0.2598617887738937,0.04252192476461086,4.252192476461086e-06,4.2521924764610866e-06,-0.00496069852908117,0.0,0.911130729440738,1.2436006816007863,1.1411594152761886,0.911130729440738
398.0,0.0,0.0,-0.11412020079984825,4.571955166040833,3.7668454807569542,-22.82404015996965,3.0,0.0,3.7258099124014348,-0.03,0.0,False,0.00522979198560653,0.11412020079984825,0.2614907111844332,0.04252192476461086,4.252192476461086e-06,4.2521924764610866e-06,-0.022824428367166298,0.0,-0.3130214569476468,0.8051096852838784,0.8461452536393979,0.3130214569476468
399.0,0.0,0.0,-0.08424089142517444,4.1953051110587225,3.760394431578021,-16.848178285034887,3.0,0.0,3.743750351937036,0.06,0.0,False,0.005440790730446883,0.08424089142517444,0.2720406932868146,0.04252192476461086,4.252192476461086e-06,4.2521924764610866e-06,-0.016848464850604122,0.0,-0.3766500549821101,0.4349106794807014,0.45155475912168663,0.3766500549821101
