t,mean_abs_delta_real,mean_abs_delta_planning,mean_action,price,v_true,total_demand,mean_k,xs_k_std,mean_belief,mean_correctness,mean_salience,regime_post,xs_action_std,xs_action_mean_abs,xs_belief_std,xs_sigma_mean,xs_rho_mean,xs_rho_max,mean_myopic_term,mean_hedging_term,ret,mispricing_true,mispricing_belief,vol_proxy
0.0,0.0,0.0,0.0028184038703230746,0.016561238994230325,0.005237303047817048,0.5636807740646149,1.0,0.0,0.0,-0.97,0.0,False,0.009735560303192557,0.008190657144309277,0.48679726635040815,0.39548192771084345,3.954819277108434e-05,3.954819277108435e-05,0.0005637699407618893,0.0,0.0,0.011323935946413278,0.016561238994230325,0.0
1.0,0.0,0.0,-0.00341837997990739,0.8142295707189978,0.04967291562590117,-0.683675995981478,1.0,0.0,0.028189611842209254,0.16,0.0,False,0.008655462992247344,0.007303807204544055,0.4327839563439779,0.24970892072370304,2.4970892072370302e-05,2.4970892072370302e-05,-0.0006837442822743409,0.0,0.7976683317247675,0.7645566550930967,0.7860399588767886,0.7976683317247675
2.0,0.0,0.0,-0.06558850701969116,0.43970168516499625,0.2989045487384969,-13.117701403938232,1.0,0.0,-0.017626828804720603,0.36,0.0,False,0.007945746493066381,0.06558850701969116,0.39729469694449593,0.1855657283607953,1.8556572836079535e-05,1.8556572836079532e-05,-0.013118675064196606,0.0,-0.37452788555400157,0.14079713642649933,0.45732851396971685,0.37452788555400157
3.0,0.0,0.0,-0.0214913409346547,0.23309997430492566,0.4302296639483584,-4.298268186930939,1.0,0.0,0.15828364562670041,0.23,0.0,False,0.007338472698194603,0.021491340934654702,0.3669291510388233,0.15033452654348473,1.5033452654348474e-05,1.503345265434847e-05,-0.0042985266542904165,0.0,-0.2066017108600706,-0.19712968964343272,0.07481632867822524,0.2066017108600706
4.0,0.0,0.0,0.004324052479473683,0.5775557044244168,0.44712453634412913,0.8648104958947366,1.0,0.0,0.2247721213656284,0.23,0.0,False,0.00670569587755128,0.006356750986385032,0.3352891059884885,0.12861039341098898,1.28610393410989e-05,1.2861039341098898e-05,0.0008648549847698035,0.0,0.34445573011949115,0.1304311680802877,0.35278358305878843,0.34445573011949115
5.0,0.0,0.0,-0.024013949758981003,0.11736964200765004,0.5678590313988199,-4.802789951796201,1.0,0.0,0.276343279690115,0.32,0.0,False,0.006087010361369047,0.024013949758981003,0.3043539951966398,0.11424748706068398,1.1424748706068395e-05,1.1424748706068397e-05,-0.004803009431961842,0.0,-0.4601860624167668,-0.45048938939116984,-0.15897363768246497,0.4601860624167668
6.0,0.0,0.0,0.025660909098942374,0.5848407365543711,0.5778697500571939,5.1321818197884745,1.0,0.0,0.33740248916753507,0.15,0.0,False,0.005851948078213034,0.025660909098942374,0.2926004559605836,0.10430885206491432,1.0430885206491433e-05,1.0430885206491434e-05,0.005132395950352586,0.0,0.46747109454672103,0.006970986497177201,0.247438247386836,0.46747109454672103
7.0,0.0,0.0,-0.014056277645783346,1.4631238315911315,0.6341183323843762,-2.811255529156669,1.0,0.0,0.373992116296929,0.22,0.0,False,0.005709431930163092,0.014056277645783346,0.2854743716630888,0.09721299660661761,9.721299660661762e-06,9.721299660661762e-06,-0.0028113648443236694,0.0,0.8782830950367604,0.8290054992067553,1.0891317152942024,0.8782830950367604
8.0,0.0,0.0,-0.09626817830501803,1.5669084193508855,0.6180222965369666,-19.253635661003607,1.0,0.0,0.44427112783218226,0.21,0.0,False,0.00544622396133652,0.09626817830501803,0.272313704223587,0.09203282049648383,9.20328204964838e-06,9.203282049648383e-06,-0.01925434444103838,0.0,0.10378458775975408,0.9488861228139189,1.1226372915187033,0.10378458775975408
9.0,0.0,0.0,-0.10198938156137694,1.7817078518545997,0.7448985892695579,-20.397876312275386,1.0,0.0,0.5003977493810838,0.27,0.0,False,0.005215697451354251,0.10198938156137694,0.260787172414207,0.08818941343401722,8.818941343401728e-06,8.818941343401726e-06,-0.020398595856628666,0.0,0.21479943250371414,1.0368092625850418,1.2813101024735158,0.21479943250371414
10.0,0.0,0.0,-0.11951893358154903,1.8186009836235866,0.740144270744814,-23.903786716309806,1.0,0.0,0.5469696318184348,0.21,0.0,False,0.005039373451983099,0.11951893358154905,0.25197082197820514,0.08530342395407306,8.530342395407304e-06,8.530342395407304e-06,-0.023904602339293205,0.0,0.0368931317689869,1.0784567128787725,1.2716313518051519,0.0368931317689869
11.0,0.0,0.0,-0.11545479473224937,2.2733410554897886,0.9113713357329388,-23.090958946449874,1.0,0.0,0.5864675391678006,0.44,0.0,False,0.00484492364093544,0.11545479473224937,0.24224819551919144,0.08311678650488098,8.311678650488098e-06,8.311678650488098e-06,-0.02309172663859103,0.0,0.454740071866202,1.3619697197568499,1.6868735163219881,0.454740071866202
12.0,0.0,0.0,-0.15281337636223136,1.668891153285379,1.0280195184139795,-30.56267527244627,1.0,0.0,0.6640050551434699,0.53,0.0,False,0.004770475276724562,0.15281337636223136,0.23852570658175856,0.08144872021105272,8.144872021105273e-06,8.144872021105272e-06,-0.030563670980651225,0.0,-0.6044499022044096,0.6408716348713994,1.0048860981419092,0.6044499022044096
13.0,0.0,0.0,-0.08611771747404239,1.4771917813787938,1.115236060465216,-17.223543494808478,1.0,0.0,0.7451450595977956,0.43,0.0,False,0.004490056347299205,0.08611771747404239,0.22450461719569728,0.0801696280765907,8.016962807659075e-06,8.016962807659074e-06,-0.01722409581241102,0.0,-0.19169937190658515,0.36195572091357775,0.7320467217809982,0.19169937190658515
14.0,0.0,0.0,-0.058847022050699714,1.91959387260749,1.2146022373489256,-11.769404410139943,1.0,0.0,0.8076794584180519,0.53,0.0,False,0.004340549019884634,0.05884702205069972,0.21702916952394,0.07918490036140627,7.918490036140629e-06,7.918490036140629e-06,-0.01176977719083429,0.0,0.4424020912286961,0.7049916352585643,1.111914414189438,0.4424020912286961
15.0,0.0,0.0,-0.09566696009444443,1.5637685179387204,1.1737776107954363,-19.133392018888888,1.0,0.0,0.8886982618939087,0.45,0.0,False,0.004280266012717021,0.09566696009444443,0.21401497902385308,0.07842447161267904,7.842447161267904e-06,7.842447161267904e-06,-0.01913399222464551,0.0,-0.3558253546687695,0.3899909071432841,0.6750702560448117,0.3558253546687695
16.0,0.0,0.0,-0.055303752901562496,1.8660091769002534,1.2471111533222543,-11.060750580312499,1.0,0.0,0.9628867585090642,0.33,0.0,False,0.004245532714889035,0.055303752901562496,0.21227828801798104,0.07783586373121831,7.78358637312183e-06,7.783586373121831e-06,-0.011061094946862067,0.0,0.30224065896153296,0.6188980235779991,0.9031224183911891,0.30224065896153296
17.0,0.0,0.0,-0.0833552612282258,1.9406911575416421,1.196099397344406,-16.67105224564516,1.0,0.0,1.0107094658462221,0.12,0.0,False,0.00435480392348229,0.08335526122822579,0.21774188103513045,0.07737942031791788,7.73794203179179e-06,7.737942031791787e-06,-0.016671568240195958,0.0,0.07468198064138876,0.744591760197236,0.92998169169542,0.07468198064138876
18.0,0.0,0.0,-0.08631479317552372,2.439479865649148,1.2637888804564326,-17.262958635104745,1.0,0.0,1.0324243147090244,0.26,0.0,False,0.004325114796036997,0.08631479317552372,0.21625740551090425,0.07702496386752834,7.702496386752833e-06,7.702496386752835e-06,-0.01726349050251408,0.0,0.49878870810750575,1.1756909851927153,1.4070555509401235,0.49878870810750575
19.0,0.0,0.0,-0.13323425250438028,2.1938166355018427,1.2224304677173221,-26.64685050087606,1.0,0.0,1.0775099838172775,0.12,0.0,False,0.004273490643294151,0.13323425250438028,0.21367617210400122,0.07674940373398333,7.674940373398337e-06,7.674940373398335e-06,-0.026647668546552542,0.0,-0.24566323014730518,0.9713861677845206,1.1163066516845652,0.24566323014730518
20.0,0.0,0.0,-0.10369154285596424,2.6522098828287466,1.3359460155056382,-20.73830857119285,1.0,0.0,1.1070862123581613,0.3,0.0,False,0.00418982294803928,0.10369154285596427,0.20949275074237006,0.07653499567330325,7.653499567330326e-06,7.653499567330328e-06,-0.020738943448876522,0.0,0.4583932473269039,1.3162638673231084,1.5451236704705853,0.4583932473269039
21.0,0.0,0.0,-0.1455981343726823,2.2210935455647665,1.216788937392699,-29.119626874536458,1.0,0.0,1.1568615267832807,0.12,0.0,False,0.0041055555716204084,0.1455981343726823,0.20527934624754826,0.07636805789007794,7.636805789007794e-06,7.636805789007795e-06,-0.029120516391483747,0.0,-0.43111633726398013,1.0043046081720675,1.0642320187814858,0.43111633726398013
22.0,0.0,0.0,-0.09848579801738179,2.451454324671563,1.1363106649165837,-19.697159603476358,1.0,0.0,1.1961729438681514,-0.1,0.0,False,0.004354433193356251,0.09848579801738179,0.2177233195344863,0.07623801307922962,7.623801307922961e-06,7.623801307922962e-06,-0.01969776026782161,0.0,0.23036077910679653,1.3151436597549793,1.2552813808034116,0.23036077910679653
23.0,0.0,0.0,-0.12122874462985349,2.4892835976167027,1.0586768221690337,-24.245748925970698,1.0,0.0,1.2361980235831613,-0.04,0.0,False,0.004325466037742724,0.12122874462985349,0.21627494851997484,0.07613666709092755,7.613666709092755e-06,7.613666709092754e-06,-0.024246487316554564,0.0,0.037829272945139714,1.430606775447669,1.2530855740335414,0.037829272945139714
24.0,0.0,0.0,-0.12581224868018398,2.6595228615956485,1.0266611833873658,-25.1624497360368,1.0,0.0,1.2391207286101702,0.08,0.0,False,0.004083282070731814,0.12581224868018398,0.20416565636102302,0.07605766172517958,7.605766172517959e-06,7.605766172517959e-06,-0.02516321524905054,0.0,0.17023926397894584,1.6328616782082828,1.4204021329854783,0.17023926397894584
25.0,0.0,0.0,-0.14406407446921426,2.706458743140389,1.1420826937356352,-28.81281489384285,1.0,0.0,1.2311132658876092,0.09,0.0,False,0.004011692166961823,0.14406407446921426,0.2005861327120269,0.07599605714348504,7.599605714348504e-06,7.599605714348505e-06,-0.028813690751317515,0.0,0.046935881544740266,1.5643760494047536,1.4753454772527796,0.046935881544740266
26.0,0.0,0.0,-0.1449064201451953,2.2797064706944474,1.3203786834124513,-28.981284029039063,1.0,0.0,1.218827375395329,0.17,0.0,False,0.003795090185937141,0.1449064201451953,0.18975595044462584,0.07594801167850262,7.594801167850264e-06,7.594801167850261e-06,-0.028982164450711573,0.0,-0.4267522724459414,0.9593277872819961,1.0608790952991185,0.4267522724459414
27.0,0.0,0.0,-0.10050220206373252,1.9661544418470387,1.249570971316391,-20.100440412746504,1.0,0.0,1.2573395149159894,0.0,0.0,False,0.0038614495707075163,0.10050220206373252,0.19307394415889742,0.07591053539720918,7.591053539720918e-06,7.59105353972092e-06,-0.020101050742190832,0.0,-0.31355202884740874,0.7165834705306477,0.7088149269310493,0.31355202884740874
28.0,0.0,0.0,-0.06705644530337992,2.5867419708653197,1.3271449259600416,-13.411289060675985,1.0,0.0,1.2746463041772864,-0.05,0.0,False,0.003923529447207109,0.06705644530337992,0.19617796097292792,0.07588129986214319,7.588129986214318e-06,7.588129986214319e-06,-0.013411696124005827,0.0,0.620587529018281,1.259597044905278,1.3120956666880332,0.620587529018281
29.0,0.0,0.0,-0.12650962126765075,2.626832446538246,1.4224558111968646,-25.301924253530153,1.0,0.0,1.295564547162071,0.09,0.0,False,0.004009921788308989,0.12650962126765075,0.20049761034852742,0.07585849092897277,7.585849092897274e-06,7.5858490928972765e-06,-0.025302691994022776,0.0,0.04009047567292656,1.2043766353413816,1.3312678993761753,0.04009047567292656
30.0,0.0,0.0,-0.13230872504127064,2.6840528961464654,1.3125384084160314,-26.461745008254127,1.0,0.0,1.3215977740440255,0.06,0.0,False,0.00397789117879467,0.13230872504127064,0.19889606736988438,0.0758406946332553,7.58406946332553e-06,7.5840694633255315e-06,-0.026462547753015105,0.0,0.05722044960821915,1.371514487730434,1.36245512210244,0.05722044960821915
31.0,0.0,0.0,-0.1348121570665167,3.3048883934417272,1.221621069840335,-26.96243141330334,1.0,0.0,1.3036950241974743,-0.14,0.0,False,0.004103992601719151,0.1348121570665167,0.20520118604926504,0.07582680859941437,7.582680859941435e-06,7.582680859941435e-06,-0.026963249197152806,0.0,0.6208354972952619,2.083267323601392,2.0011933692442527,0.6208354972952619
32.0,0.0,0.0,-0.19773868038506895,3.46893249332382,1.2341476138296146,-39.54773607701379,1.0,0.0,1.335880213603145,0.02,0.0,False,0.00402245471029128,0.19773868038506898,0.20112426034615624,0.07581597318505708,7.58159731850571e-06,7.581597318505709e-06,-0.03954893540796011,0.0,0.1640440998820929,2.234784879494206,2.1330522797206752,0.1640440998820929
33.0,0.0,0.0,-0.2135574504484683,3.688431736389785,1.2313366707837647,-42.71149008969366,1.0,0.0,1.3274266308385898,-0.1,0.0,False,0.003964867914310301,0.2135574504484683,0.19824489854949237,0.07580751791624726,7.580751791624726e-06,7.580751791624725e-06,-0.04271278522069566,0.0,0.21949924306596502,2.4570950656060204,2.3610051055511954,0.21949924306596502
34.0,0.0,0.0,-0.23178113726953453,2.7478755723425534,1.3647459244983025,-46.356227453906904,1.0,0.0,1.3332770425378828,0.06,0.0,False,0.003906837802881337,0.23178113726953456,0.19534337085356152,0.07580091978879354,7.580091978879353e-06,7.580091978879353e-06,-0.046357632981124455,0.0,-0.9405561640472317,1.383129647844251,1.4145985298046706,0.9405561640472317
35.0,0.0,0.0,-0.13723884206989098,2.4069460046339857,1.4403850429007612,-27.447768413978196,1.0,0.0,1.370532517577466,-0.04,0.0,False,0.00402043720922064,0.13723884206989098,0.20102338412171789,0.07579577078909383,7.579577078909383e-06,7.579577078909382e-06,-0.027448600577576084,0.0,-0.34092956770856775,0.9665609617332245,1.0364134870565196,0.34092956770856775
36.0,0.0,0.0,-0.099521618153757,2.488931864932989,1.5883750127570693,-19.9043236307514,1.0,0.0,1.3754351410245598,0.18,0.0,False,0.003979492145560924,0.099521618153757,0.1989761153414667,0.0757917525852373,7.579175258523732e-06,7.579175258523731e-06,-0.019904927059606697,0.0,0.08198586029900312,0.9005568521759195,1.113496723908429,0.08198586029900312
37.0,0.0,0.0,-0.10280604340655834,1.8347550028886759,1.6037799600698783,-20.56120868131167,1.0,0.0,1.4116921085071163,0.29,0.0,False,0.003996926605298174,0.10280604340655834,0.19984784487260301,0.07578861679880576,7.578861679880579e-06,7.578861679880576e-06,-0.020561831998813892,0.0,-0.6541768620443129,0.23097504281879755,0.42306289438155953,0.6541768620443129
38.0,0.0,0.0,-0.03522346643652771,2.2770540834954107,1.5820878635564903,-7.044693287305543,1.0,0.0,1.460832473228264,-0.02,0.0,False,0.004178491138249582,0.03522346643652771,0.20892614027166997,0.07578616962277836,7.578616962277834e-06,7.5786169622778345e-06,-0.007044906841815262,0.0,0.44229908060673484,0.6949662199389204,0.8162216102671467,0.44229908060673484
39.0,0.0,0.0,-0.0791527101995507,2.1302927446006437,1.6481069719214363,-15.83054203991014,1.0,0.0,1.4825069912653885,0.05,0.0,False,0.004237137007215073,0.0791527101995507,0.21185845590221303,0.07578425982564119,7.5784259825641195e-06,7.5784259825641195e-06,-0.015831021918637864,0.0,-0.14676133889476706,0.48218577267920737,0.6477857533352551,0.14676133889476706
40.0,0.0,0.0,-0.058519643735331216,1.6166842407692132,1.729375706467795,-11.703928747066243,1.0,0.0,1.4854969888521257,0.24,0.0,False,0.004166737584338644,0.058519643735331216,0.20833845805149961,0.07578276939476822,7.578276939476819e-06,7.5782769394768205e-06,-0.011704283526830925,0.0,-0.5136085038314304,-0.1126914656985818,0.13118725191708758,0.5136085038314304
41.0,0.0,0.0,-0.004286767175525086,1.2449701170459377,1.7730967263741895,-0.8573534351050173,1.0,0.0,1.5450741333440001,0.19,0.0,False,0.004225322139226248,0.004890907808704295,0.21126770796980532,0.07578160623748331,7.5781606237483355e-06,7.578160623748335e-06,-0.0008573794235562426,0.0,-0.3717141237232755,-0.5281266093282517,-0.3001040162980624,0.3717141237232755
42.0,0.0,0.0,0.037012534074546355,0.46834464169464096,1.7192453090098867,7.4025068149092705,1.0,0.0,1.5738149447234517,0.19,0.0,False,0.004097913695330146,0.037012534074546355,0.20489723748031816,0.07578069848672941,7.578069848672939e-06,7.578069848672941e-06,0.007402731200063659,0.0,-0.7766254753512968,-1.2509006673152459,-1.1054703030288109,0.7766254753512968
43.0,0.0,0.0,0.11738489719752958,0.24806765620871893,1.6832632800236909,23.476979439505914,1.0,0.0,1.6151094819698257,0.08,0.0,False,0.003951646731567365,0.11738489719752955,0.19758383385711847,0.07577999005824664,7.5779990058246634e-06,7.577999005824663e-06,0.023477691068220598,0.0,-0.22027698548592203,-1.435195623814972,-1.3670418257611068,0.22027698548592203
44.0,0.0,0.0,0.14183459049633979,0.3222642590686814,1.6177002792214308,28.36691809926796,1.0,0.0,1.6422380908016496,0.05,0.0,False,0.0038497408497816573,0.1418345904963398,0.1924885011450573,0.07577943718399627,7.577943718399631e-06,7.577943718399629e-06,0.028367777944387364,0.0,0.07419660285996246,-1.2954360201527493,-1.3199738317329683,0.07419660285996246
45.0,0.0,0.0,0.13682769016981905,0.7298720389348348,1.644104270393817,27.36553803396381,1.0,0.0,1.6664673018993208,-0.05,0.0,False,0.00392058874168791,0.13682769016981905,0.1960309225759787,0.07577900570718792,7.5779005707187905e-06,7.577900570718793e-06,0.027366367520983176,0.0,0.4076077798661534,-0.9142322314589821,-0.936595262964486,0.4076077798661534
46.0,0.0,0.0,0.09632431224178457,0.7817102980178025,1.539697734334418,19.264862448356915,1.0,0.0,1.6905930040984432,-0.08,0.0,False,0.0038824995278340236,0.09632431224178457,0.19412644744493365,0.07577866897151055,7.577866897151055e-06,7.577866897151055e-06,0.01926544639018558,0.0,0.051838259082967686,-0.7579874363166156,-0.9088827060806407,0.051838259082967686
47.0,0.0,0.0,0.09249113513225597,0.9934239925800512,1.7853891315407837,18.498227026451193,1.0,0.0,1.6931516579935364,0.03,0.0,False,0.004049028740161806,0.09249113513225599,0.2024529711528127,0.07577840617399134,7.577840617399135e-06,7.577840617399136e-06,0.01849878772866671,0.0,0.21171369456224876,-0.7919651389607325,-0.6997276654134852,0.21171369456224876
48.0,0.0,0.0,0.07421095265961128,0.5462104971623079,1.699415687313298,14.842190531922256,1.0,0.0,1.706656693494389,-0.04,0.0,False,0.0038384751197005755,0.07421095265961128,0.19192521034872606,0.07577820107961909,7.5778201079619125e-06,7.577820107961911e-06,0.014842640414312549,0.0,-0.44721349541774336,-1.15320519015099,-1.1604461963320811,0.44721349541774336
49.0,0.0,0.0,0.12138215552503916,0.5424985961209747,1.5793859048265149,24.27643110500783,1.0,0.0,1.7355616370386278,-0.19,0.0,False,0.004149088658351321,0.12138215552503916,0.2074560049666188,0.07577804101825933,7.577804101825934e-06,7.577804101825932e-06,0.024277166947588566,0.0,-0.003711901041333121,-1.0368873087055401,-1.193063040917653,0.003711901041333121
50.0,0.0,0.0,0.1204557667697477,1.029583576182801,1.5413959914310849,24.09115335394954,1.0,0.0,1.7600780429225,0.06,0.0,False,0.003938598588726554,0.12045576676974769,0.1969314217302948,0.07577791610185457,7.577791610185456e-06,7.577791610185456e-06,0.024091883579375094,0.0,0.4870849800618262,-0.5118124152482839,-0.7304944667396991,0.4870849800618262
51.0,0.0,0.0,0.07081348733152582,1.0610139257327862,1.5259752271862659,14.162697466305163,1.0,0.0,1.7471019032533925,0.1,0.0,False,0.003993243206899858,0.0708134873315258,0.19966367334128993,0.07577781861352735,7.577781861352734e-06,7.577781861352734e-06,0.014163126750380013,0.0,0.03143034954998525,-0.4649613014534797,-0.6860879775206064,0.03143034954998525
52.0,0.0,0.0,0.06537668631744381,0.6792908293296565,1.5339883606714173,13.075337263488763,1.0,0.0,1.7377452799560509,0.12,0.0,False,0.004057228538846975,0.06537668631744381,0.20286296418044678,0.07577774253083158,7.577774253083158e-06,7.5777742530831585e-06,0.01307573358830176,0.0,-0.38172309640312974,-0.8546975313417609,-1.0584544506263944,0.38172309640312974
53.0,0.0,0.0,0.10527507724970776,1.3712566580144914,1.4928055750465434,21.055015449941553,1.0,0.0,1.7148055593957403,-0.09,0.0,False,0.0038559480870832335,0.10527507724970776,0.19279886532822368,0.07577768315369257,7.5777683153692564e-06,7.5777683153692564e-06,0.021055653645221266,0.0,0.6919658286848349,-0.12154891703205206,-0.34354890138124894,0.6919658286848349
54.0,0.0,0.0,0.03911895058752802,1.4544919886063674,1.4900709692364236,7.823790117505603,1.0,0.0,1.7320814893339722,-0.24,0.0,False,0.004154241275276924,0.03911895058752802,0.20771363775677917,0.07577763681404524,7.5777636814045205e-06,7.577763681404523e-06,0.007824027263038989,0.0,0.08323533059187604,-0.035578980630056156,-0.2775895007276048,0.08323533059187604
55.0,0.0,0.0,0.02976226998794231,0.9638107301867097,1.487507592604982,5.952453997588462,1.0,0.0,1.7624609855979227,0.16,0.0,False,0.0038873455586107136,0.02976226998794231,0.19436875079913232,0.07577760064923067,7.577760064923067e-06,7.577760064923067e-06,0.005952634421294017,0.0,-0.4906812584196577,-0.5236968624182724,-0.798650255411213,0.4906812584196577
56.0,0.0,0.0,0.07537548892404686,1.2485255671395952,1.4142135378293614,15.07509778480937,1.0,0.0,1.752125965052838,0.26,0.0,False,0.0037974806426677196,0.07537548892404686,0.18987547095270818,0.0757775724251497,7.577757242514966e-06,7.577757242514968e-06,0.01507555472307249,0.0,0.28471483695288546,-0.16568797068976626,-0.5036003979132428,0.28471483695288546
57.0,0.0,0.0,0.04530315978558173,1.5983413683138927,1.3684129354607812,9.060631957116346,1.0,0.0,1.7175941782850337,0.16,0.0,False,0.0038605197437013784,0.04530315978558173,0.19302744988871615,0.07577755039824796,7.577755039824795e-06,7.577755039824794e-06,0.00906090659203314,0.0,0.34981580117429756,0.2299284328531115,-0.11925280997114096,0.34981580117429756
58.0,0.0,0.0,0.008347910119785498,1.4309787593274281,1.5589147236023313,1.6695820239570995,1.0,0.0,1.701574329807782,-0.07,0.0,False,0.0039041434446480043,0.008348250227320194,0.1952086514641978,0.07577753320780568,7.577753320780569e-06,7.57775332078057e-06,0.0016696326302965212,0.0,-0.1673626089864646,-0.12793596427490317,-0.27059557048035376,0.1673626089864646
59.0,0.0,0.0,0.024930827575348702,2.3329832278737483,1.4929062098591543,4.98616551506974,1.0,0.0,1.6818236324319293,0.05,0.0,False,0.004046568593769155,0.024930827575348705,0.20232996288311633,0.07577751979187808,7.577751979187806e-06,7.577751979187805e-06,0.004986316649626883,0.0,0.9020044685463202,0.840077018014594,0.651159595441819,0.9020044685463202
60.0,0.0,0.0,-0.06648282648298565,2.9988611939816803,1.528636419679855,-13.296565296597128,1.0,0.0,1.6802964810623156,0.07,0.0,False,0.004073605159419193,0.06648282648298565,0.20368180140922432,0.07577750932169237,7.577750932169239e-06,7.577750932169238e-06,-0.01329696832578335,0.0,0.6658779661079319,1.4702247743018253,1.3185647129193647,0.6658779661079319
61.0,0.0,0.0,-0.13332118724905362,3.24629361498317,1.4706178836803103,-26.664237449810724,1.0,0.0,1.6681297735288745,0.0,0.0,False,0.004040150096985968,0.13332118724905362,0.20200903561169148,0.07577750115045034,7.577750115045038e-06,7.577750115045036e-06,-0.026665045663399875,0.0,0.24743242100148954,1.7756757313028595,1.5781638414542953,0.24743242100148954
62.0,0.0,0.0,-0.1594682968938107,3.5308967033373175,1.4980352445136227,-31.893659378762138,1.0,0.0,1.6655988077590445,0.13,0.0,False,0.003915096811630107,0.1594682968938107,0.19575632396264625,0.0757774947733717,7.577749477337168e-06,7.577749477337169e-06,-0.031894626100079294,0.0,0.2846030883541477,2.032861458823695,1.865297895578273,0.2846030883541477
63.0,0.0,0.0,-0.1893066579316852,3.82795837302501,1.4749074602628578,-37.86133158633704,1.0,0.0,1.6515502255048922,-0.03,0.0,False,0.004186128880963408,0.18930665793168516,0.2093080301198632,0.075777489796511,7.577748979651099e-06,7.5777489796511e-06,-0.03786247919230795,0.0,0.29706166968769265,2.3530509127621526,2.1764081475201182,0.29706166968769265
64.0,0.0,0.0,-0.21700594484669822,4.337617466833951,1.4019551947699331,-43.40118896933964,1.0,0.0,1.6377583981037669,-0.09,0.0,False,0.004180484571535596,0.21700594484669822,0.2090258125098334,0.07577748591242173,7.577748591242176e-06,7.577748591242176e-06,-0.04340250449256521,0.0,0.5096590938089407,2.9356622720640178,2.699859068730184,0.5096590938089407
65.0,0.0,0.0,-0.2708558914490897,4.10633153418316,1.284807664781318,-54.171178289817945,1.0,0.0,1.6578167037333855,0.27,0.0,False,0.004096275731898764,0.2708558914490897,0.2048153386222589,0.07577748288116361,7.577748288116364e-06,7.577748288116362e-06,-0.054172820259589714,0.0,-0.231285932650791,2.821523869401842,2.448514830449774,0.231285932650791
66.0,0.0,0.0,-0.25084212891280117,4.485950084351191,1.1762190468860012,-50.168425782560234,1.0,0.0,1.6289559284546664,0.3,0.0,False,0.004150316161910173,0.25084212891280117,0.20751738059801902,0.07577748051548007,7.577748051548008e-06,7.5777480515480085e-06,-0.050169946425800055,0.0,0.3796185501680309,3.3097310374651894,2.8569941558965244,0.3796185501680309
67.0,0.0,0.0,-0.2934701779943298,4.11451929115364,1.1177998884210378,-58.69403559886595,1.0,0.0,1.5978152041324685,0.34,0.0,False,0.0043635724995290375,0.2934701779943298,0.2181802782790619,0.07577747866923067,7.577747866923064e-06,7.577747866923065e-06,-0.05869581465979692,0.0,-0.37143079319755046,2.9967194027326025,2.516704087021172,0.37143079319755046
68.0,0.0,0.0,-0.26020486641794016,3.943735361965093,1.0980779293383367,-52.04097328358804,1.0,0.0,1.5511371122571282,0.33,0.0,False,0.004044150626526054,0.26020486641794016,0.20220906360396274,0.07577747722836292,7.5777477228362955e-06,7.5777477228362955e-06,-0.052042550685102065,0.0,-0.17078392918854757,2.845657432626756,2.3925982497079645,0.17078392918854757
69.0,0.0,0.0,-0.2472395099613574,4.327350491947964,1.0639305744249687,-49.44790199227148,1.0,0.0,1.5123720386325403,0.39,0.0,False,0.003960470755770801,0.2472395099613574,0.19802503836093027,0.07577747610386716,7.577747610386715e-06,7.5777476103867154e-06,-0.04944940079579852,0.0,0.3836151299828714,3.263419917522995,2.814978453315424,0.3836151299828714
70.0,0.0,0.0,-0.28984917300574115,4.394293323844666,0.9520824288161863,-57.96983460114823,1.0,0.0,1.4712465864212312,0.36,0.0,False,0.004055575173797839,0.2898491730057411,0.2027802952961282,0.07577747522627731,7.577747522627736e-06,7.577747522627733e-06,-0.05797159171091539,0.0,0.0669428318967018,3.4422108950284795,2.9230467374234346,0.0669428318967018
71.0,0.0,0.0,-0.2990681881492499,3.957004088387429,1.081769420505987,-59.813637629849985,1.0,0.0,1.4287489416979213,0.17,0.0,False,0.0041535396920127495,0.2990681881492499,0.20767855832437881,0.07577747454138026,7.577747454138024e-06,7.577747454138025e-06,-0.05981545062667268,0.0,-0.4372892354572371,2.875234667881442,2.5282551466895073,0.4372892354572371
72.0,0.0,0.0,-0.25382847174288864,4.433061920422109,1.2368495689934706,-50.765694348577725,1.0,0.0,1.403498129192097,-0.14,0.0,False,0.004153642161851853,0.25382847174288864,0.2076836818551474,0.0757774740068663,7.577747400686627e-06,7.577747400686627e-06,-0.05076723309535105,0.0,0.4760578320346798,3.1962123514286382,3.0295637912300117,0.4760578320346798
73.0,0.0,0.0,-0.300779687166333,4.029249028967167,1.4251913298558463,-60.1559374332666,1.0,0.0,1.4186231985564455,0.04,0.0,False,0.004202798028853453,0.300779687166333,0.21014149382975583,0.07577747358971576,7.577747358971578e-06,7.577747358971577e-06,-0.06015776080543356,0.0,-0.40381289145494126,2.604057699111321,2.610625830410722,0.40381289145494126
74.0,0.0,0.0,-0.2630161315555728,3.608192262755499,1.2799850484155377,-52.60322631111456,1.0,0.0,1.4251510871347772,-0.08,0.0,False,0.004468631491001111,0.2630161315555728,0.22343326765807223,0.07577747326415916,7.577747326415918e-06,7.5777473264159154e-06,-0.05260482075486245,0.0,-0.42105676621166843,2.3282072143399613,2.1830411756207218,0.42105676621166843
75.0,0.0,0.0,-0.21903809519601347,2.8757274252507674,1.3642422582802376,-43.80761903920269,1.0,0.0,1.3989880599220532,-0.07,0.0,False,0.004574365821413621,0.21903809519601347,0.2287200242400938,0.07577747301008513,7.577747301008512e-06,7.577747301008514e-06,-0.04380894688140838,0.0,-0.7324648375047316,1.5114851669705298,1.4767393653287142,0.7324648375047316
76.0,0.0,0.0,-0.14718759742814483,2.5565150737273497,1.2165049792140221,-29.437519485628968,1.0,0.0,1.4177283200286308,0.12,0.0,False,0.00440710689925785,0.14718759742814483,0.22035701476000868,0.07577747281179825,7.577747281179824e-06,7.577747281179825e-06,-0.029438411759200526,0.0,-0.31921235152341776,1.3400100945133275,1.1387867536987188,0.31921235152341776
77.0,0.0,0.0,-0.11447141932139983,1.8112764716939616,1.2774441066561804,-22.894283864279966,1.0,0.0,1.4037956834485075,0.0,0.0,False,0.0041717309229806305,0.11447141932139983,0.20858812676516128,0.07577747265704927,7.577747265704929e-06,7.577747265704929e-06,-0.022894977807409237,0.0,-0.7452386020333881,0.5338323650377812,0.4074807882454541,0.7452386020333881
78.0,0.0,0.0,-0.04056850212627076,2.882196651083245,1.3546045328344836,-8.113700425254152,1.0,0.0,1.4117575087391139,0.04,0.0,False,0.003987075810075966,0.04056850212627076,0.1993553011564368,0.07577747253627864,7.577747253627861e-06,7.577747253627862e-06,-0.008113946357674998,0.0,1.0709201793892835,1.5275921182487615,1.4704391423441312,1.0709201793892835
79.0,0.0,0.0,-0.148906876249779,2.4561638074800296,1.2412622666407946,-29.7813752499558,1.0,0.0,1.4055760795384753,0.07,0.0,False,0.0038044520301928992,0.14890687624977902,0.1902240429684393,0.07577747244202561,7.577747244202561e-06,7.577747244202561e-06,-0.029782277946052295,0.0,-0.42603284360321547,1.214901540839235,1.0505877279415543,0.42603284360321547
80.0,0.0,0.0,-0.10551363959182622,2.2530868916148252,1.2706299209130392,-21.102727918365243,1.0,0.0,1.393071469651899,-0.02,0.0,False,0.003718635060187141,0.10551363959182622,0.18593316195318466,0.07577747236846775,7.577747236846778e-06,7.577747236846776e-06,-0.021103367558070896,0.0,-0.20307691586520438,0.9824569707017861,0.8600154219629261,0.20307691586520438
81.0,0.0,0.0,-0.086264542424659,2.227478818013793,1.1535475482537603,-17.2529084849318,1.0,0.0,1.4009874337772248,0.04,0.0,False,0.0037975020912142583,0.086264542424659,0.1898765433862607,0.07577747231106102,7.577747231106104e-06,7.577747231106103e-06,-0.01725343143368702,0.0,-0.02560807360103201,1.073931269760033,0.8264913842365684,0.02560807360103201
82.0,0.0,0.0,-0.08647416594798177,2.2956566896592348,1.21254504863222,-17.294833189596353,1.0,0.0,1.390408782823361,0.12,0.0,False,0.0038449007622114693,0.08647416594798177,0.19224649489487783,0.07577747226625915,7.577747226625914e-06,7.5777472266259145e-06,-0.017295357409120894,0.0,0.06817787164544153,1.0831116410270147,0.9052479068358739,0.06817787164544153
83.0,0.0,0.0,-0.09090716901660559,2.5477330739353112,1.2939259673752905,-18.181433803321116,1.0,0.0,1.3627043945654165,-0.09,0.0,False,0.0038851133103495767,0.0909071690166056,0.1942571375378087,0.07577747223129438,7.57774722312944e-06,7.577747223129441e-06,-0.018181984896383122,0.0,0.2520763842760765,1.2538071065600207,1.1850286793698948,0.2520763842760765
84.0,0.0,0.0,-0.11305355322170417,2.9791253603293697,1.418715015484445,-22.610710644340834,1.0,0.0,1.3865505559158007,-0.07,0.0,False,0.004026653987949976,0.11305355322170417,0.20133422504580203,0.07577747220400688,7.5777472204006916e-06,7.577747220400691e-06,-0.02261139599214638,0.0,0.43139228639405847,1.5604103448449247,1.592574804413569,0.43139228639405847
85.0,0.0,0.0,-0.1539913470977615,3.256993591468962,1.5510075419687352,-30.798269419552298,1.0,0.0,1.417154707155836,0.03,0.0,False,0.004119156217524463,0.1539913470977615,0.20595937157245156,0.07577747218271093,7.577747218271092e-06,7.577747218271093e-06,-0.03079920293848001,0.0,0.27786823113959214,1.7059860495002266,1.839838884313126,0.27786823113959214
86.0,0.0,0.0,-0.17857282532899618,2.398574684296136,1.5491830801325364,-35.714565065799235,1.0,0.0,1.4391535439766494,0.16,0.0,False,0.003910615742922962,0.17857282532899618,0.19553226882902613,0.07577747216609089,7.577747216609089e-06,7.577747216609091e-06,-0.03571564760138013,0.0,-0.8584189071728257,0.8493916041635998,0.9594211403194868,0.8584189071728257
87.0,0.0,0.0,-0.08926583536415697,3.005145977131619,1.7021369615434216,-17.853167072831393,1.0,0.0,1.4711976791924954,0.23,0.0,False,0.0038773995035758105,0.08926583536415694,0.19387144427645503,0.07577747215312015,7.577747215312016e-06,7.577747215312016e-06,-0.01785370821587902,0.0,0.6065712928354827,1.3030090155881973,1.5339482979391235,0.6065712928354827
88.0,0.0,0.0,-0.14745173004427586,3.146879383044412,1.6648166287765376,-29.490346008855173,1.0,0.0,1.5058825089577994,0.13,0.0,False,0.0038203137935311103,0.14745173004427586,0.19101713714516588,0.07577747214299738,7.5777472142997385e-06,7.577747214299739e-06,-0.029491239883630904,0.0,0.14173340591279304,1.4820627542678744,1.6409968740866125,0.14173340591279304
89.0,0.0,0.0,-0.15871361286355726,3.1022175956066858,1.6499075661415947,-31.742722572711454,1.0,0.0,1.53057280909203,0.04,0.0,False,0.0038892796748124085,0.15871361286355726,0.19446545733953136,0.07577747213509727,7.57774721350973e-06,7.577747213509728e-06,-0.03174368471873064,0.0,-0.0446617874377262,1.452310029465091,1.5716447865146557,0.0446617874377262
90.0,0.0,0.0,-0.15431614905958688,3.1612217128328255,1.472311654154467,-30.863229811917375,1.0,0.0,1.5596831198269592,0.12,0.0,False,0.0038402228894724275,0.15431614905958688,0.19201259948553615,0.07577747212893182,7.5777472128931844e-06,7.577747212893183e-06,-0.03086416529984321,0.0,0.05900411722613974,1.6889100586783585,1.6015385930058663,0.05900411722613974
91.0,0.0,0.0,-0.1598853584431701,3.9113660515788706,1.4754590422734501,-31.977071688634016,1.0,0.0,1.5589976365723965,-0.02,0.0,False,0.00399724087717528,0.15988535844317006,0.19986355836280972,0.07577747212412012,7.57774721241201e-06,7.577747212412012e-06,-0.03197804093795267,0.0,0.7501443387460451,2.4359070093054207,2.352368415006474,0.7501443387460451
92.0,0.0,0.0,-0.23424720276981056,4.139369707800406,1.5100283596499802,-46.84944055396211,1.0,0.0,1.5623075498596632,0.02,0.0,False,0.0039092077253769925,0.23424720276981056,0.19546186741824664,0.0757774721203649,7.577747212036492e-06,7.577747212036491e-06,-0.04685086059607151,0.0,0.2280036562215355,2.629341348150426,2.577062157940743,0.2280036562215355
93.0,0.0,0.0,-0.2556583774882876,3.9282154099359627,1.7249672718637359,-51.131675497657525,1.0,0.0,1.5688052705763824,0.02,0.0,False,0.003926020898369793,0.2556583774882876,0.19630253243818546,0.07577747211743423,7.57774721174342e-06,7.577747211743423e-06,-0.05113322533755893,0.0,-0.2111542978644434,2.203248138072227,2.3594101393595803,0.2111542978644434
94.0,0.0,0.0,-0.23293565943841066,4.735365344464014,1.7875024272269684,-46.58713188768213,1.0,0.0,1.5826890671896734,0.12,0.0,False,0.0038534671996315315,0.23293565943841066,0.19267482001159295,0.07577747211514707,7.577747211514706e-06,7.577747211514704e-06,-0.04658854397901666,0.0,0.8071499345280508,2.947862917237045,3.15267627727434,0.8071499345280508
95.0,0.0,0.0,-0.31019461485956773,4.418953204052422,1.7700076118961519,-62.03892297191354,1.0,0.0,1.5987705591746684,0.15,0.0,False,0.0038590467975197374,0.31019461485956773,0.19295380202004211,0.07577747211336205,7.577747211336206e-06,7.577747211336206e-06,-0.06204080341876616,0.0,-0.3164121404115914,2.64894559215627,2.820182644877754,0.3164121404115914
96.0,0.0,0.0,-0.27782453255794254,5.114194860778527,1.7160310246820196,-55.564906511588504,1.0,0.0,1.6333016670494513,0.08,0.0,False,0.0039913429451252135,0.27782453255794254,0.19956865952565425,0.07577747211196902,7.5777472111969e-06,7.5777472111969e-06,-0.055566590726087405,0.0,0.6952416567261048,3.3981638360965074,3.4808931937290755,0.6952416567261048
97.0,0.0,0.0,-0.34342126861997957,4.6078807042876315,1.732247795704079,-68.68425372399591,1.0,0.0,1.6406026142691568,0.04,0.0,False,0.004054436017308458,0.34342126861997957,0.20272333703998402,0.07577747211088182,7.577747211088183e-06,7.5777472110881835e-06,-0.06868633559586841,0.0,-0.5063141564908955,2.875632908583553,2.9672780900184748,0.5063141564908955
98.0,0.0,0.0,-0.29123732013553083,5.005717412914594,1.7793408959478663,-58.24746402710616,1.0,0.0,1.6798520566007071,0.0,0.0,False,0.004209244672711368,0.29123732013553083,0.2104638284651724,0.07577747211003336,7.5777472110033345e-06,7.5777472110033345e-06,-0.05824922955195978,0.0,0.3978367086269623,3.2263765169667273,3.3258653563138867,0.3978367086269623
99.0,0.0,0.0,-0.32918072589230746,4.902835593420064,1.7521636546587733,-65.83614517846149,1.0,0.0,1.6953971567928037,0.12,0.0,False,0.003978036952298734,0.32918072589230746,0.1989033548428577,0.07577747210937115,7.577747210937115e-06,7.577747210937117e-06,-0.06583814072200174,0.0,-0.10288181949453001,3.1506719387612905,3.2074384366272604,0.10288181949453001
100.0,0.0,0.0,-0.31803171561460475,4.620541799201414,1.8200126149636535,-63.606343122920954,1.0,0.0,1.7137854315751455,0.04,0.0,False,0.0038560443192936908,0.3180317156146048,0.19280367697113882,0.0757774721088544,7.577747210885437e-06,7.5777472108854385e-06,-0.06360827107946813,0.0,-0.2822937942186501,2.80052918423776,2.906756367626268,0.2822937942186501
101.0,0.0,0.0,-0.2855288801643613,4.857549307192416,1.8051477987981015,-57.10577603287226,1.0,0.0,1.7223979390767192,0.11,0.0,False,0.0037026835266967383,0.2855288801643613,0.18513557923482524,0.0757774721084511,7.577747210845108e-06,7.577747210845109e-06,-0.057107506952295994,0.0,0.23700750799100234,3.052401508394315,3.1351513681156966,0.23700750799100234
102.0,0.0,0.0,-0.30683337459368093,4.075718444990958,1.776154645186741,-61.36667491873619,1.0,0.0,1.7651448142740378,0.08,0.0,False,0.0035710803182035446,0.30683337459368093,0.17855536894737326,0.07577747210813633,7.577747210813634e-06,7.577747210813632e-06,-0.06136853498923983,0.0,-0.781830862201458,2.299563799804217,2.3105736307169202,0.781830862201458
103.0,0.0,0.0,-0.22267927471054247,5.177201919414764,1.8855016683128074,-44.53585494210849,1.0,0.0,1.7890993059681821,0.01,0.0,False,0.0036393900560347755,0.22267927471054244,0.18197088172063108,0.07577747210789067,7.577747210789067e-06,7.577747210789068e-06,-0.04453720485768144,0.0,1.101483474423806,3.2917002511019566,3.388102613446582,1.101483474423806
104.0,0.0,0.0,-0.3292206535521887,5.099058011260458,1.9450954149690798,-65.84413071043774,1.0,0.0,1.8488413275228919,0.2,0.0,False,0.003780946633021049,0.3292206535521886,0.18904876420394248,0.07577747210769896,7.577747210769899e-06,7.577747210769897e-06,-0.06584612649602552,0.0,-0.07814390815430627,3.153962596291378,3.250216683737566,0.07814390815430627
105.0,0.0,0.0,-0.3212048649913866,5.504909805492003,1.8480020410556854,-64.24097299827733,1.0,0.0,1.8848706463484186,-0.01,0.0,False,0.003877705516471772,0.3212048649913866,0.19388674503719666,0.07577747210754936,7.577747210754937e-06,7.577747210754936e-06,-0.0642429201909378,0.0,0.4058517942315456,3.656907764436318,3.6200391591435848,0.4058517942315456
106.0,0.0,0.0,-0.35883013170268685,4.99252326477148,1.8986329995540299,-71.76602634053737,1.0,0.0,1.8868876608831033,0.01,0.0,False,0.003902728073816261,0.35883013170268685,0.1951378823851519,0.07577747210743258,7.577747210743258e-06,7.577747210743259e-06,-0.07176820162327734,0.0,-0.5123865407205237,3.09389026521745,3.105635603888376,0.5123865407205237
107.0,0.0,0.0,-0.30556195858024987,5.484023558896269,1.9788010338715065,-61.11239171604998,1.0,0.0,1.9164725322636529,0.1,0.0,False,0.003978367606905027,0.30556195858024987,0.19891988769845328,0.07577747210734144,7.577747210734148e-06,7.577747210734146e-06,-0.06111424407903671,0.0,0.4915002941247897,3.505222525024763,3.5675510266326165,0.4915002941247897
108.0,0.0,0.0,-0.350758256302123,5.547494401542361,2.08718872701958,-70.1516512604246,1.0,0.0,1.9367879054050134,0.25,0.0,False,0.0036515383760695273,0.350758256302123,0.18257830232521355,0.07577747210727036,7.577747210727035e-06,7.577747210727035e-06,-0.07015377761023033,0.0,0.06347084264609126,3.4603056745227807,3.610706496137347,0.06347084264609126
109.0,0.0,0.0,-0.35516760869615926,5.959058096364388,1.9869894376910875,-71.03352173923186,1.0,0.0,1.976308098005122,0.02,0.0,False,0.0037155348992391917,0.3551676086961592,0.18577815273117054,0.07577747210721485,7.577747210721488e-06,7.577747210721485e-06,-0.07103567481920128,0.0,0.4115636948220276,3.972068658673301,3.9827499983592665,0.4115636948220276
110.0,0.0,0.0,-0.39423669827645214,5.50150399626873,2.1151542690347034,-78.84733965529043,1.0,0.0,1.9956837460629597,-0.02,0.0,False,0.0037944436149130695,0.3942366982764521,0.1897236184123795,0.07577747210717153,7.5777472107171526e-06,7.5777472107171526e-06,-0.07884972957801269,0.0,-0.457554100095658,3.386349727234027,3.5058202502057707,0.457554100095658
111.0,0.0,0.0,-0.34367764876311596,5.300901559820999,2.175877710827285,-68.7355297526232,1.0,0.0,2.0165417422978353,0.18,0.0,False,0.004019744711646112,0.34367764876311596,0.20098875861276946,0.0757774721071377,7.5777472107137695e-06,7.577747210713772e-06,-0.06873761317871088,0.0,-0.20060243644773124,3.125023848993714,3.2843598175231636,0.20060243644773124
112.0,0.0,0.0,-0.31981472217378565,5.259634251906223,2.109878378717731,-63.962944434757134,1.0,0.0,2.064597293520359,0.06,0.0,False,0.004044804519523094,0.31981472217378565,0.20224175850146298,0.07577747210711135,7.577747210711135e-06,7.5777472107111335e-06,-0.06396488320016071,0.0,-0.04126730791477584,3.149755873188492,3.195036958385864,0.04126730791477584
113.0,0.0,0.0,-0.31151470351604454,5.128436476676991,2.2317024408023136,-62.30294070320891,1.0,0.0,2.1026331643272016,0.19,0.0,False,0.0038988482544167103,0.31151470351604454,0.1949438899451597,0.07577747210709075,7.577747210709075e-06,7.577747210709075e-06,-0.06230482915263919,0.0,-0.13119777522923215,2.8967340358746774,3.0258033123497894,0.13119777522923215
114.0,0.0,0.0,-0.2952685600754767,4.691834308517768,2.177158201973176,-59.05371201509534,1.0,0.0,2.1443691877619977,-0.14,0.0,False,0.004124542653406424,0.2952685600754767,0.20622869540740066,0.07577747210707467,7.577747210707468e-06,7.5777472107074684e-06,-0.059055501977937415,0.0,-0.43660216815922315,2.514676106544592,2.54746512075577,0.43660216815922315
115.0,0.0,0.0,-0.25063077162078784,4.553989848235402,2.044667142869771,-50.12615432415757,1.0,0.0,2.175639002396851,0.03,0.0,False,0.003896541294746729,0.25063077162078784,0.19482854108758285,0.07577747210706212,7.5777472107062165e-06,7.577747210706214e-06,-0.050127673685948636,0.0,-0.1378444602823654,2.5093227053656313,2.3783508458385514,0.1378444602823654
116.0,0.0,0.0,-0.233883025535654,4.633169739580596,2.1509882495104664,-46.7766051071308,1.0,0.0,2.185431631478364,-0.07,0.0,False,0.0037569828333846914,0.233883025535654,0.1878505651425439,0.07577747210705234,7.577747210705233e-06,7.577747210705234e-06,-0.04677802294154227,0.0,0.07917989134519399,2.48218149007013,2.4477381081022322,0.07917989134519399
117.0,0.0,0.0,-0.23988186720385063,4.158284175817973,2.1195818729059166,-47.976373440770125,1.0,0.0,2.2150709775566453,-0.1,0.0,False,0.0038030575630549537,0.23988186720385063,0.19015431908318975,0.07577747210704468,7.57774721070447e-06,7.577747210704469e-06,-0.0479778276410706,0.0,-0.4748855637626237,2.038702302912056,1.9432131982613274,0.4748855637626237
118.0,0.0,0.0,-0.1905954159757687,4.311215222716255,2.150316436884411,-38.11908319515374,1.0,0.0,2.2342601793345875,-0.09,0.0,False,0.003689178054117605,0.1905954159757687,0.18446030048881568,0.07577747210703875,7.577747210703874e-06,7.5777472107038745e-06,-0.038120238613503665,0.0,0.1529310468982823,2.160898785831844,2.0769550433816675,0.1529310468982823
119.0,0.0,0.0,-0.20555151565565047,3.822683796183979,2.217318295692748,-41.110303131130095,1.0,0.0,2.2522578018661985,0.01,0.0,False,0.003663713246000369,0.20555151565565047,0.18318705043466,0.0757774721070341,7.577747210703411e-06,7.5777472107034094e-06,-0.041111549215627076,0.0,-0.4885314265322762,1.6053655004912306,1.5704259943177803,0.4885314265322762
120.0,0.0,0.0,-0.15518350486631025,4.423432656999287,2.335741319300624,-31.036700973262047,1.0,0.0,2.2556221852885314,-0.05,0.0,False,0.0038287310370813564,0.15518350486631025,0.19143800251186469,0.07577747210703047,7.577747210703047e-06,7.577747210703047e-06,-0.0310376417192302,0.0,0.6007488608153082,2.087691337698663,2.1678104717107556,0.6007488608153082
121.0,0.0,0.0,-0.21593208246761075,4.4138488111686085,2.2753734061811555,-43.18641649352215,1.0,0.0,2.2707899504523206,0.09,0.0,False,0.0036625094097160345,0.21593208246761075,0.18312685816432495,0.07577747210702765,7.577747210702763e-06,7.577747210702764e-06,-0.043187725506591244,0.0,-0.009583845830678506,2.138475404987453,2.143058860716288,0.009583845830678506
122.0,0.0,0.0,-0.21326717803425813,4.123957666391204,2.2123611787387345,-42.65343560685162,1.0,0.0,2.2640300183864004,-0.01,0.0,False,0.003600304704770258,0.21326717803425813,0.18001659934845957,0.07577747210702544,7.577747210702544e-06,7.577747210702543e-06,-0.04265472846486542,0.0,-0.2898911447774042,1.9115964876524698,1.859927648004804,0.2898911447774042
123.0,0.0,0.0,-0.18101762201447777,3.593935430757379,2.4059168552700565,-36.20352440289555,1.0,0.0,2.2810962265878554,0.05,0.0,False,0.0036187169200075763,0.18101762201447777,0.1809372170864812,0.0757774721070237,7.577747210702369e-06,7.577747210702371e-06,-0.036204621759204275,0.0,-0.5300222356338251,1.1880185754873227,1.3128392041695238,0.5300222356338251
124.0,0.0,0.0,-0.12569908192966944,3.743711979214052,2.3686463364551766,-25.139816385933887,1.0,0.0,2.313712860957413,0.01,0.0,False,0.0036034588495592857,0.12569908192966944,0.1801743077829766,0.07577747210702236,7.577747210702234e-06,7.577747210702236e-06,-0.025140578392853552,0.0,0.14977654845667265,1.3750656427588752,1.4299991182566387,0.14977654845667265
125.0,0.0,0.0,-0.13950759033161764,3.136473757316799,2.327787652930087,-27.901518066323526,1.0,0.0,2.336896985667312,0.04,0.0,False,0.003379342142567711,0.13950759033161764,0.16896838751841028,0.07577747210702132,7.577747210702129e-06,7.577747210702131e-06,-0.027902363782517682,0.0,-0.6072382218972527,0.808686104386712,0.799576771649487,0.6072382218972527
126.0,0.0,0.0,-0.0767144364278006,3.050504136222453,2.33685806958908,-15.34288728556012,1.0,0.0,2.3485832182352016,0.0,0.0,False,0.0034913300921849376,0.0767144364278006,0.17456782743009025,0.07577747210702046,7.577747210702047e-06,7.577747210702049e-06,-0.015343352340121368,0.0,-0.08596962109434614,0.7136460666333728,0.7019209179872514,0.08596962109434614
127.0,0.0,0.0,-0.06598736779128059,2.7957946427088807,2.5074366733635953,-13.197473558256117,1.0,0.0,2.3693003269084607,-0.05,0.0,False,0.00360212274518204,0.06598736779128059,0.18010750205788123,0.07577747210701986,7.577747210701988e-06,7.577747210701986e-06,-0.01319787358369859,0.0,-0.2547094935135723,0.28835796934528535,0.42649431580041997,0.2547094935135723
128.0,0.0,0.0,-0.03434578137883292,3.165180317656476,2.669269592559113,-6.869156275766585,1.0,0.0,2.3906054565300368,0.38,0.0,False,0.0038108727886910676,0.03434578137883292,0.1905450833260856,0.07577747210701936,7.577747210701936e-06,7.5777472107019365e-06,-0.006869364485108055,0.0,0.36938567494759544,0.49591072509736334,0.7745748611264394,0.36938567494759544
129.0,0.0,0.0,-0.06722564055046185,2.4128441978495236,2.53999588121655,-13.44512811009237,1.0,0.0,2.4523238157380995,0.0,0.0,False,0.003902309141463012,0.06722564055046185,0.1951169356087612,0.07577747210701898,7.577747210701896e-06,7.577747210701897e-06,-0.013445535642132316,0.0,-0.7523361198069525,-0.12715168336702654,-0.0394796178885759,0.7523361198069525
130.0,0.0,0.0,0.011011100067141481,1.8881535931320712,2.6940187849196433,2.2022200134282963,1.0,0.0,2.49289844120635,0.15,0.0,False,0.004027298649756478,0.011034339682803606,0.2013664583803794,0.07577747210701867,7.577747210701865e-06,7.577747210701866e-06,0.002202286764388729,0.0,-0.5246906047174524,-0.8058651917875721,-0.6047448480742788,0.5246906047174524
131.0,0.0,0.0,0.06993883235077399,1.453949078794917,2.7049020778571897,13.987766470154797,1.0,0.0,2.5229593704875795,0.23,0.0,False,0.0038756387382076997,0.06993883235077397,0.19378340534091684,0.07577747210701846,7.577747210701843e-06,7.577747210701844e-06,0.013988190449975386,0.0,-0.43420451433715423,-1.2509529990622728,-1.0690102916926625,0.43420451433715423
132.0,0.0,0.0,0.1138102651740709,2.5267878539636164,2.582411023259451,22.76205303481418,1.0,0.0,2.587568415579399,-0.02,0.0,False,0.0038059174137976834,0.1138102651740709,0.19029731270388747,0.07577747210701824,7.5777472107018255e-06,7.5777472107018255e-06,0.02276274296992158,0.0,1.0728387751686994,-0.05562316929583444,-0.0607805616157826,1.0728387751686994
133.0,0.0,0.0,0.00960063145037366,2.123954805585946,2.6805177121700265,1.9201262900747322,1.0,0.0,2.5920948518065985,0.05,0.0,False,0.003873359116752663,0.00960213455660393,0.1936694234044453,0.07577747210701812,7.577747210701811e-06,7.57774721070181e-06,0.0019201844905602568,0.0,-0.40283304837767053,-0.5565629065840807,-0.46814004622065264,0.40283304837767053
134.0,0.0,0.0,0.052458617378742384,2.143060337665811,2.711737060704057,10.491723475748477,1.0,0.0,2.622797806025263,0.09,0.0,False,0.0038945176018745486,0.0524586173787424,0.19472735567722216,0.07577747210701802,7.577747210701799e-06,7.577747210701799e-06,0.010492041487851869,0.0,0.019105532079865206,-0.5686767230382461,-0.47973746835945175,0.019105532079865206
135.0,0.0,0.0,0.05359871831396228,2.901253688224399,2.7402507986499227,10.719743662792457,1.0,0.0,2.648560855280445,0.06,0.0,False,0.0038479453410836264,0.05359871831396228,0.1923987249920351,0.0757774721070179,7.577747210701789e-06,7.577747210701791e-06,0.010720068586360819,0.0,0.7581933505585878,0.16100288957447617,0.25269283294395395,0.7581933505585878
136.0,0.0,0.0,-0.020961101890591062,2.54963218916784,2.5078080213854905,-4.192220378118212,1.0,0.0,2.6790678286823435,0.07,0.0,False,0.0037850109782884738,0.020961101890591062,0.18925198300724283,0.07577747210701782,7.577747210701785e-06,7.577747210701784e-06,-0.004192347447500416,0.0,-0.35162149905655893,0.04182416778234943,-0.12943563951450354,0.35162149905655893
137.0,0.0,0.0,0.01599696963703902,1.3023363780330621,2.6434750269194707,3.1993939274078036,1.0,0.0,2.6916347274219192,0.03,0.0,False,0.003744183499807646,0.01599696963703902,0.1872105936141859,0.07577747210701778,7.577747210701776e-06,7.577747210701779e-06,0.003199490903466578,0.0,-1.2472958111347778,-1.3411386488864085,-1.389298349388857,1.2472958111347778
138.0,0.0,0.0,0.1434184090782858,1.4273278402416059,2.7454251571811508,28.68368181565716,1.0,0.0,2.709607946587832,0.05,0.0,False,0.003796683912529326,0.1434184090782858,0.18983563414201265,0.07577747210701771,7.577747210701773e-06,7.577747210701773e-06,0.02868455123982834,0.0,0.12499146220854374,-1.318097316939545,-1.2822801063462264,0.12499146220854374
139.0,0.0,0.0,0.13182775612322925,1.4751477186330788,2.8125643549827646,26.365551224645852,1.0,0.0,2.736574808238387,-0.03,0.0,False,0.0037173532476477192,0.13182775612322925,0.18586907084054613,0.07577747210701768,7.577747210701771e-06,7.577747210701769e-06,0.026366350384519,0.0,0.04781987839147295,-1.3374166363496858,-1.2614270896053081,0.04781987839147295
140.0,0.0,0.0,0.13085700660274893,2.5935063172440582,2.940614933439843,26.171401320549787,1.0,0.0,2.74565534934446,0.16,0.0,False,0.003639001036819353,0.1308570066027489,0.18195143061246546,0.07577747210701767,7.577747210701768e-06,7.577747210701767e-06,0.02617219459559195,0.0,1.1183585986109794,-0.3471086161957846,-0.15214903210040198,1.1183585986109794
141.0,0.0,0.0,0.019341975235163653,2.448514485319542,2.8092006306164183,3.8683950470327306,1.0,0.0,2.7837673647264056,0.01,0.0,False,0.003638073057551284,0.019341975235163653,0.1819050312974624,0.07577747210701766,7.577747210701764e-06,7.5777472107017645e-06,0.0038685123010233162,0.0,-0.14499183192451603,-0.36068614529687615,-0.33525287940686344,0.14499183192451603
142.0,0.0,0.0,0.03515626797105231,1.8170153530051543,2.8677811396182653,7.031253594210463,1.0,0.0,2.786933398025639,0.04,0.0,False,0.0035299163386283494,0.03515626797105231,0.1764971543721019,0.07577747210701764,7.577747210701764e-06,7.577747210701764e-06,0.007031466716844712,0.0,-0.6314991323143879,-1.050765786613111,-0.9699180450204847,0.6314991323143879
143.0,0.0,0.0,0.1006136002569803,2.010835433189674,2.8572346773985946,20.12272005139606,1.0,0.0,2.8000904852956428,0.1,0.0,False,0.003656909428850088,0.1006136002569803,0.18284685699926562,0.07577747210701764,7.577747210701764e-06,7.577747210701764e-06,0.020123329986317072,0.0,0.1938200801845198,-0.8463992442089205,-0.7892550521059687,0.1938200801845198
144.0,0.0,0.0,0.0825637347676544,2.613948175044084,2.853412492442434,16.51274695353088,1.0,0.0,2.823189476796392,0.02,0.0,False,0.003777572889405733,0.0825637347676544,0.18888007574490795,0.07577747210701764,7.577747210701764e-06,7.577747210701764e-06,0.01651324746742677,0.0,0.6031127418544098,-0.23946431739835017,-0.20924130175230804,0.6031127418544098
145.0,0.0,0.0,0.02500139740367246,2.5511612155913403,2.9141571767995456,5.000279480734492,1.0,0.0,2.836504063221759,0.09,0.0,False,0.003644040244100694,0.02500139740367246,0.18220339288582446,0.07577747210701764,7.577747210701764e-06,7.577747210701764e-06,0.005000431043001539,0.0,-0.06278695945274348,-0.3629959612082052,-0.28534284763041873,0.06278695945274348
146.0,0.0,0.0,0.032090071904777986,2.392479513740836,2.882061992468075,6.418014380955597,1.0,0.0,2.86397162179428,-0.01,0.0,False,0.003708779846315728,0.032090071904777986,0.1854403975255932,0.07577747210701764,7.577747210701764e-06,7.577747210701764e-06,0.00641820891584375,0.0,-0.15868170185050445,-0.48958247872723915,-0.471492108053444,0.15868170185050445
147.0,0.0,0.0,0.04889827319615252,2.9164245691477926,2.907932443366524,9.779654639230504,1.0,0.0,2.872074093161763,-0.02,0.0,False,0.00384377616166147,0.04889827319615252,0.19219026444127785,0.07577747210701764,7.577747210701764e-06,7.577747210701764e-06,0.009779951067986889,0.0,0.5239450554069567,0.008492125781268456,0.04435047598602937,0.5239450554069567
148.0,0.0,0.0,-0.001104304185965472,2.802739249320701,2.8333092607376122,-0.2208608371930944,1.0,0.0,2.8814807726400264,-0.12,0.0,False,0.0038294300934826465,0.003126361837115681,0.19147295559679278,0.07577747210701764,7.577747210701764e-06,7.577747210701764e-06,-0.00022086753165273727,0.0,-0.11368531982709174,-0.030570011416911402,-0.0787415233193256,0.11368531982709174
149.0,0.0,0.0,0.010743584425501653,2.3763776446465497,2.844716208536481,2.1487168851003307,1.0,0.0,2.90538110888124,0.05,0.0,False,0.0040080362001299824,0.010747025859954287,0.20040332860075588,0.07577747210701764,7.577747210701764e-06,7.577747210701764e-06,0.0021487820143403264,0.0,-0.4263616046741512,-0.46833856388993134,-0.5290034642346901,0.4263616046741512
150.0,0.0,0.0,0.05705429664661,2.64270245836055,3.084122031500409,11.410859329322,1.0,0.0,2.910179164184063,0.2,0.0,False,0.004000427286014173,0.057054296646609985,0.20002288001204405,0.07577747210701764,7.577747210701764e-06,7.577747210701764e-06,0.011411205201130876,0.0,0.2663248137140002,-0.44141957313985936,-0.26747670582351324,0.2663248137140002
151.0,0.0,0.0,0.033103168035636704,2.9546849444172905,3.130007599075873,6.620633607127341,1.0,0.0,2.9469422282645126,0.07,0.0,False,0.004179929569551161,0.033103168035636704,0.20899806220003986,0.07577747210701764,7.577747210701764e-06,7.577747210701764e-06,0.006620834283558057,0.0,0.3119824860567406,-0.17532265465858243,0.007742716152777884,0.3119824860567406
152.0,0.0,0.0,0.0062801282324487576,3.2233223125034285,3.2800656544101185,1.2560256464897515,1.0,0.0,2.973746681088879,0.27,0.0,False,0.004144196064898566,0.006534211575081177,0.20721137342843685,0.07577747210701764,7.577747210701764e-06,7.577747210701764e-06,0.001256063717580614,0.0,0.26863736808613803,-0.05674334190669006,0.24957563141454964,0.26863736808613803
153.0,0.0,0.0,-0.01965200137731674,2.9292545136508457,3.217221498323706,-3.930400275463348,1.0,0.0,3.017488606202988,0.05,0.0,False,0.0040015792995265744,0.01965200137731674,0.20008048112414747,0.07577747210701764,7.577747210701764e-06,7.577747210701764e-06,-0.003930519408879478,0.0,-0.29406779885258283,-0.2879669846728605,-0.08823409255214232,0.29406779885258283
154.0,0.0,0.0,0.01209603437093702,3.3052409401045457,3.0336232440506854,2.4192068741874038,1.0,0.0,3.0267948528353306,-0.08,0.0,False,0.004054060853567491,0.012096034370937021,0.20270457871079078,0.07577747210701764,7.577747210701764e-06,7.577747210701764e-06,0.0024192802021843125,0.0,0.37598642645370006,0.2716176960538603,0.27844608726921516,0.37598642645370006
155.0,0.0,0.0,-0.02590673051711815,3.8520413986742494,2.8904917207568164,-5.18134610342363,1.0,0.0,3.0502194403947516,-0.04,0.0,False,0.004204255411672983,0.02590673051711815,0.21021436352288503,0.07577747210701764,7.577747210701764e-06,7.577747210701764e-06,-0.005181503153957467,0.0,0.5468004585697037,0.9615496779174331,0.8018219582794979,0.5468004585697037
156.0,0.0,0.0,-0.08037149965093789,3.6124616579651314,2.9685034518567,-16.07429993018758,1.0,0.0,3.046163819200619,-0.01,0.0,False,0.004221342326495735,0.08037149965093791,0.21106871573803873,0.07577747210701764,7.577747210701764e-06,7.577747210701764e-06,-0.016074787154421344,0.0,-0.23957974070911803,0.6439582061084312,0.5662978387645126,0.23957974070911803
157.0,0.0,0.0,-0.05739000743232558,2.7090013766818695,2.9139079443505547,-11.478001486465116,1.0,0.0,3.048295950419506,0.03,0.0,False,0.004113528876466139,0.05739000743232559,0.2056780023874054,0.07577747210701764,7.577747210701764e-06,7.577747210701764e-06,-0.011478349393403748,0.0,-0.903460281283262,-0.2049065676686852,-0.3392945737376367,0.903460281283262
158.0,0.0,0.0,0.03526424281631813,2.281928687139482,2.9846472992513324,7.052848563263626,1.0,0.0,3.038539839293439,-0.07,0.0,False,0.0040192496663445055,0.035264242816318125,0.20096400616012267,0.07577747210701764,7.577747210701764e-06,7.577747210701764e-06,0.007053062340457781,0.0,-0.42707268954238753,-0.7027186121118505,-0.7566111521539569,0.42707268954238753
159.0,0.0,0.0,0.0766905315186228,3.1924249009334162,2.989147347941371,15.33810630372456,1.0,0.0,3.0616571660209324,-0.02,0.0,False,0.003977447496113361,0.0766905315186228,0.19887388181025148,0.07577747210701764,7.577747210701764e-06,7.577747210701764e-06,0.01533857121337062,0.0,0.9104962137939343,0.20327755299204542,0.13076773491248384,0.9104962137939343
160.0,0.0,0.0,-0.013324355675766574,3.8288971207592764,2.9548977263866414,-2.664871135153315,1.0,0.0,3.0488630593987747,-0.13,0.0,False,0.004066749450133649,0.013324355675766574,0.20333901334664756,0.07577747210701764,7.577747210701764e-06,7.577747210701764e-06,-0.0026649519094204704,0.0,0.6364722198258601,0.873999394372635,0.7800340613605017,0.6364722198258601
161.0,0.0,0.0,-0.07294275219081267,4.010290788111067,3.0276522497145475,-14.588550438162535,1.0,0.0,3.059176295745798,-0.13,0.0,False,0.004130286423440646,0.07294275219081267,0.20651588608535346,0.07577747210701764,7.577747210701764e-06,7.577747210701764e-06,-0.014588992628201281,0.0,0.18139366735179108,0.9826385383965199,0.9511144923652695,0.18139366735179108
162.0,0.0,0.0,-0.08798396570462556,4.373590177026023,2.959007058603038,-17.59679314092511,1.0,0.0,3.0994419617643025,-0.07,0.0,False,0.004102721241393371,0.08798396570462554,0.20513761653889068,0.07577747210701764,7.577747210701764e-06,7.577747210701764e-06,-0.017597326513083898,0.0,0.36329938891495583,1.4145831184229851,1.2741482152617207,0.36329938891495583
163.0,0.0,0.0,-0.12482545266703783,3.086960460369304,2.8885340498704677,-24.965090533407565,1.0,0.0,3.1304177950522774,0.04,0.0,False,0.00400327470565847,0.1248254526670378,0.20016525207311023,0.07577747210701764,7.577747210701764e-06,7.577747210701764e-06,-0.024965847244253995,0.0,-1.2866297166567193,0.19842641049883625,-0.043457334682973414,1.2866297166567193
164.0,0.0,0.0,0.002885352582861574,2.9609646518870707,3.016256247985421,0.5770705165723148,1.0,0.0,3.1252883555693574,0.02,0.0,False,0.003846169789525618,0.003986085836792985,0.19230994674140062,0.07577747210701764,7.577747210701764e-06,7.577747210701764e-06,0.0005770880080177578,0.0,-0.12599580848223324,-0.055291596098350215,-0.16432370368228666,0.12599580848223324
165.0,0.0,0.0,0.01705527065048156,1.9010985892172,3.0928976794648135,3.4110541300963115,1.0,0.0,3.115815079421544,-0.1,0.0,False,0.0039859700174824444,0.01705527065048156,0.1993000111077813,0.07577747210701764,7.577747210701764e-06,7.577747210701764e-06,0.0034111575217365127,0.0,-1.0598660626698706,-1.1917990902476134,-1.214716490204344,1.0598660626698706
166.0,0.0,0.0,0.1220318352468993,1.6807868065697187,2.9311773694025858,24.40636704937986,1.0,0.0,3.131523820418366,0.12,0.0,False,0.0039040263487232375,0.1220318352468993,0.19520279662240062,0.07577747210701764,7.577747210701764e-06,7.577747210701764e-06,0.024407106824893332,0.0,-0.2203117826474814,-1.250390562832867,-1.4507370138486475,0.2203117826474814
167.0,0.0,0.0,0.14535139590565216,2.460866183474563,3.184467053058466,29.07027918113043,1.0,0.0,3.12146317800615,-0.05,0.0,False,0.004020614843810593,0.14535139590565216,0.20103226555067558,0.07577747210701764,7.577747210701764e-06,7.577747210701764e-06,0.029071160323361246,0.0,0.7800793769048442,-0.7236008695839029,-0.6605969945315873,0.7800793769048442
168.0,0.0,0.0,0.0703796599021599,2.8003878238785456,3.261623566510637,14.07593198043198,1.0,0.0,3.1343558374329836,0.17,0.0,False,0.004034949334228797,0.07037965990215991,0.20174899550274294,0.07577747210701764,7.577747210701764e-06,7.577747210701764e-06,0.014076358632616116,0.0,0.3395216404039827,-0.4612357426320912,-0.33396801355443806,0.3395216404039827
169.0,0.0,0.0,0.04043097742200342,3.1592521930045265,3.247361633804126,8.086195484400683,1.0,0.0,3.164689448459737,0.02,0.0,False,0.003940254072551931,0.040430977422003404,0.19701419654006197,0.07577747210701764,7.577747210701764e-06,7.577747210701764e-06,0.008086440583124486,0.0,0.35886436912598096,-0.08810944079959926,-0.005437255455210455,0.35886436912598096
170.0,0.0,0.0,0.007494245358051527,2.7879431177254794,3.2786578896358796,1.4988490716103053,1.0,0.0,3.2047129168848985,0.01,0.0,False,0.004101597286298453,0.007622643270909779,0.20508141835829238,0.07577747210701764,7.577747210701764e-06,7.577747210701764e-06,0.001498894502863524,0.0,-0.3713090752790471,-0.49071477191040014,-0.41676979915941903,0.3713090752790471
171.0,0.0,0.0,0.04461729386689857,3.229902526994084,3.2091454232920724,8.923458773379714,1.0,0.0,3.2341974860598843,0.01,0.0,False,0.004089144748907612,0.04461729386689857,0.20445878677064136,0.07577747210701764,7.577747210701764e-06,7.577747210701764e-06,0.008923729250189421,0.0,0.44195940926860455,0.02075710370201156,-0.004294959065800352,0.44195940926860455
172.0,0.0,0.0,0.0008826792119014452,3.0981769800693946,3.208645106966859,0.17653584238028905,1.0,0.0,3.234132961323172,0.09,0.0,False,0.003960467004294639,0.0033194070047358744,0.19802485078562168,0.07577747210701764,7.577747210701764e-06,7.577747210701764e-06,0.0001765411933156896,0.0,-0.1317255469246894,-0.11046812689746455,-0.1359559812537774,0.1317255469246894
173.0,0.0,0.0,0.017958132528902573,3.7625183235143624,3.147261272652343,3.5916265057805146,1.0,0.0,3.238729653549095,-0.16,0.0,False,0.004007059244220753,0.017958132528902573,0.20035448043513823,0.07577747210701764,7.577747210701764e-06,7.577747210701764e-06,0.0035917353707065045,0.0,0.6643413434449679,0.6152570508620196,0.5237886699652674,0.6643413434449679
174.0,0.0,0.0,-0.04862450785721689,3.9010078475015617,3.029135295634974,-9.724901571443379,1.0,0.0,3.2777651094678544,-0.11,0.0,False,0.004248122473797714,0.04862450785721689,0.212407733249797,0.07577747210701764,7.577747210701764e-06,7.577747210701764e-06,-0.009725196340592712,0.0,0.13848952398719927,0.8718725518665877,0.6232427380337073,0.13848952398719927
175.0,0.0,0.0,-0.05989437834427486,4.5097439443235,3.1497747134967646,-11.978875668854972,1.0,0.0,3.2762548217307543,-0.02,0.0,False,0.004057025511579437,0.05989437834427486,0.20285281273465955,0.07577747210701764,7.577747210701764e-06,7.577747210701764e-06,-0.011979238757670313,0.0,0.608736096821938,1.359969230826735,1.2334891225927453,0.608736096821938
176.0,0.0,0.0,-0.11964357316880259,5.422174249347527,3.1582580944590277,-23.928714633760517,1.0,0.0,3.302041370835892,-0.02,0.0,False,0.003925910698524636,0.11964357316880259,0.19629702240417404,0.07577747210701764,7.577747210701764e-06,7.577747210701764e-06,-0.02392943993126666,0.0,0.912430305024027,2.263916154888499,2.1201328785116345,0.912430305024027
177.0,0.0,0.0,-0.21112771672873504,5.567610445535106,3.081219159152291,-42.225543345747006,1.0,0.0,3.313262881197832,-0.09,0.0,False,0.004090782761263446,0.21112771672873504,0.2045406880090552,0.07577747210701764,7.577747210701764e-06,7.577747210701764e-06,-0.04222682323402153,0.0,0.1454361961875792,2.486391286382815,2.254347564337274,0.1454361961875792
178.0,0.0,0.0,-0.2249349487823588,6.332975636168555,3.1950334829547367,-44.986989756471765,1.0,0.0,3.3108170884368513,0.03,0.0,False,0.003979559725730083,0.2249349487823588,0.1989794940913847,0.07577747210701764,7.577747210701764e-06,7.577747210701764e-06,-0.044988353346283365,0.0,0.7653651906334495,3.1379421532138188,3.022158547731704,0.7653651906334495
179.0,0.0,0.0,-0.29967351183330415,6.07062621540353,3.340615613899701,-59.93470236666083,1.0,0.0,3.3181757327024837,0.08,0.0,False,0.0039052360615120163,0.29967351183330415,0.19526328272018437,0.07577747210701764,7.577747210701764e-06,7.577747210701764e-06,-0.05993651903298927,0.0,-0.262349420765025,2.7300106015038295,2.7524504827010468,0.262349420765025
180.0,0.0,0.0,-0.2739704031889325,5.3734866383425075,3.1991263186966696,-54.7940806377865,1.0,0.0,3.336126975329596,0.0,0.0,False,0.003826088114579396,0.27397040318893245,0.19130585538539663,0.07577747210701764,7.577747210701764e-06,7.577747210701764e-06,-0.054795741487967814,0.0,-0.6971395770610229,2.174360319645838,2.0373596630129116,0.6971395770610229
181.0,0.0,0.0,-0.20360259747625808,5.0594840619867485,3.182666029723503,-40.720519495251615,1.0,0.0,3.3308183795912787,-0.01,0.0,False,0.003821280315417218,0.20360259747625808,0.1910654636056735,0.07577747210701764,7.577747210701764e-06,7.577747210701764e-06,-0.04072175376511068,0.0,-0.314002576355759,1.8768180322632455,1.7286656823954698,0.314002576355759
182.0,0.0,0.0,-0.17167826027239427,5.3028175615809845,3.195033651829225,-34.33565205447886,1.0,0.0,3.337383521129173,-0.09,0.0,False,0.004075963589192831,0.17167826027239427,0.2037997237907275,0.07577747210701764,7.577747210701764e-06,7.577747210701764e-06,-0.0343366927941587,0.0,0.243333499594236,2.1077839097517597,1.9654340404518114,0.243333499594236
183.0,0.0,0.0,-0.19603939598029055,5.102435384553073,3.207298260830231,-39.20787919605811,1.0,0.0,3.3426364125399117,-0.01,0.0,False,0.004215051884919163,0.19603939598029055,0.2107541912758413,0.07577747210701764,7.577747210701764e-06,7.577747210701764e-06,-0.039209067616641384,0.0,-0.20038217702791172,1.8951371237228418,1.759798972013161,0.20038217702791172
184.0,0.0,0.0,-0.17315140918084398,4.847988297501687,3.325402846315839,-34.6302818361688,1.0,0.0,3.3423493249287772,-0.04,0.0,False,0.004211968378142499,0.17315140918084398,0.2106000147687064,0.07577747210701764,7.577747210701764e-06,7.577747210701764e-06,-0.03463133150630099,0.0,-0.2544470870513855,1.522585451185848,1.50563897257291,0.2544470870513855
185.0,0.0,0.0,-0.14493194400733897,5.229256135632265,3.425954132450278,-28.986388801467793,1.0,0.0,3.3708556878642373,0.16,0.0,False,0.0041057909291965095,0.14493194400733897,0.20529110209211351,0.07577747210701764,7.577747210701764e-06,7.577747210701764e-06,-0.028987267400917515,0.0,0.38126783813057763,1.803302003181987,1.8584004477680276,0.38126783813057763
186.0,0.0,0.0,-0.18056573549600224,5.06833399369796,3.566330174991442,-36.11314709920045,1.0,0.0,3.398613944546577,0.2,0.0,False,0.003958995294799153,0.18056573549600224,0.1979512647532353,0.07577747210701764,7.577747210701764e-06,7.577747210701764e-06,-0.03611424171610448,0.0,-0.16092214193430454,1.5020038187065183,1.6697200491513833,0.16092214193430454
187.0,0.0,0.0,-0.1636806680987427,4.370293208025861,3.531897396345338,-32.73613361974854,1.0,0.0,3.423530366597319,-0.06,0.0,False,0.0041285352836717614,0.1636806680987427,0.20642832843342454,0.07577747210701764,7.577747210701764e-06,7.577747210701764e-06,-0.03273712587681034,0.0,-0.6980407856720996,0.8383958116805226,0.9467628414285416,0.6980407856720996
188.0,0.0,0.0,-0.09011884031596634,3.925657953286589,3.573189902005107,-18.02376806319327,1.0,0.0,3.4314652961742285,0.17,0.0,False,0.004108422895044338,0.09011884031596633,0.20542270138172353,0.07577747210701764,7.577747210701764e-06,7.577747210701764e-06,-0.01802431437728609,0.0,-0.4446352547392718,0.35246805128148173,0.4941926571123605,0.4446352547392718
189.0,0.0,0.0,-0.045922823670074255,4.002138881084644,3.511946009011803,-9.18456473401485,1.0,0.0,3.4690706599766568,-0.11,0.0,False,0.004125229033743388,0.04592282367007426,0.2062630146843096,0.07577747210701764,7.577747210701764e-06,7.577747210701764e-06,-0.009184843125144443,0.0,0.07648092779805493,0.490192872072841,0.5330682211079871,0.07648092779805493
190.0,0.0,0.0,-0.05130511486323938,2.462434135522252,3.5939542406269154,-10.261022972647876,1.0,0.0,3.466412317008398,0.07,0.0,False,0.004085037963226774,0.05130511486323938,0.2042534459305903,0.07577747210701764,7.577747210701764e-06,7.577747210701764e-06,-0.01026133399204388,0.0,-1.5397047455623918,-1.1315201051046633,-1.0039781814861457,1.5397047455623918
191.0,0.0,0.0,0.10910140305922993,3.21216206822244,3.7288325340736947,21.820280611845984,1.0,0.0,3.489068293592698,0.29,0.0,False,0.004060711721409137,0.10910140305922994,0.20303712462280288,0.07577747210701764,7.577747210701764e-06,7.577747210701764e-06,0.021820942001116297,0.0,0.7497279327001878,-0.5166704658512549,-0.27690622537025833,0.7497279327001878
192.0,0.0,0.0,0.03719255714464191,3.512559306958717,3.799375511918457,7.438511428928383,1.0,0.0,3.553489503257186,0.13,0.0,False,0.004187157087822528,0.03719255714464191,0.20935944085202354,0.07577747210701764,7.577747210701764e-06,7.577747210701764e-06,0.007438736895856774,0.0,0.3003972387362772,-0.2868162049597398,-0.040930196298468946,0.3003972387362772
193.0,0.0,0.0,0.011429741213696215,4.817450667372464,3.7535139154218613,2.2859482427392432,1.0,0.0,3.584101731458667,0.24,0.0,False,0.003906384002101694,0.011429741213696215,0.19532068018460852,0.07577747210701764,7.577747210701764e-06,7.577747210701764e-06,0.0022860175315658686,0.0,1.3048913604137469,1.0639367519506027,1.233348935913797,1.3048913604137469
194.0,0.0,0.0,-0.11700631224071528,5.228888866882241,3.763799189823669,-23.401262448143058,1.0,0.0,3.626861049680159,0.07,0.0,False,0.0037480723922079058,0.11700631224071528,0.18740503970765107,0.07577747210701764,7.577747210701764e-06,7.577747210701764e-06,-0.023401971758173035,0.0,0.4114381995097771,1.4650896770585722,1.602027817202082,0.4114381995097771
195.0,0.0,0.0,-0.15504725517299803,4.807033454551043,3.834045162672078,-31.009451034599604,1.0,0.0,3.647343212752501,0.14,0.0,False,0.003801230632507094,0.15504725517299803,0.19006297186359578,0.07577747210701764,7.577747210701764e-06,7.577747210701764e-06,-0.03101039095460143,0.0,-0.4218554123311984,0.9729882918789645,1.1596902417985415,0.4218554123311984
196.0,0.0,0.0,-0.10732548381314093,4.933279834472689,3.876605558477304,-21.465096762628185,1.0,0.0,3.6783575697069915,0.07,0.0,False,0.004135543894711831,0.10732548381314093,0.20677876164090214,0.07577747210701764,7.577747210701764e-06,7.577747210701764e-06,-0.021465747386006387,0.0,0.12624637992164622,1.0566742759953849,1.2549222647656975,0.12624637992164622
197.0,0.0,0.0,-0.11572565944659235,4.968165091812795,3.957155392120285,-23.14513188931847,1.0,0.0,3.7337379521503546,0.28,0.0,False,0.004094245261357055,0.11572565944659235,0.20471381432563315,0.07577747210701764,7.577747210701764e-06,7.577747210701764e-06,-0.02314583343583677,0.0,0.034885257340105724,1.0110096996925098,1.23442713966244,0.034885257340105724
198.0,0.0,0.0,-0.11355324913896572,5.655014073526551,4.01201539774728,-22.710649827793144,1.0,0.0,3.7759793930171126,0.31,0.0,False,0.004020985574969323,0.11355324913896574,0.20105080224907737,0.07577747210701764,7.577747210701764e-06,7.577747210701764e-06,-0.02271133820483032,0.0,0.686848981713756,1.6429986757792703,1.879034680509438,0.686848981713756
199.0,0.0,0.0,-0.1759723294741515,6.092066710860918,4.199308395936023,-35.1944658948303,1.0,0.0,3.832589576532292,0.45,0.0,False,0.004021298346694693,0.1759723294741515,0.20106644095385112,0.07577747210701764,7.577747210701764e-06,7.577747210701764e-06,-0.03519553266580962,0.0,0.43705263733436706,1.8927583149248948,2.2594771343286255,0.43705263733436706
200.0,0.0,0.0,-0.2134828350430984,5.894552862282006,4.265998064380409,-42.69656700861968,1.0,0.0,3.8952241050935954,0.34,0.0,False,0.004237547420076349,0.2134828350430984,0.2118789765569746,0.07577747210701764,7.577747210701764e-06,7.577747210701764e-06,-0.04269786117397901,0.0,-0.19751384857891185,1.6285547979015966,1.9993287571884104,0.19751384857891185
201.0,0.0,0.0,-0.18965114810245443,6.014432958633088,4.2431319316622735,-37.930229620490884,1.0,0.0,3.957157474482047,0.29,0.0,False,0.00432519048118785,0.18965114810245443,0.21626116281939772,0.07577747210701764,7.577747210701764e-06,7.577747210701764e-06,-0.03793137931454559,0.0,0.11988009635108199,1.7713010269708143,2.057275484151041,0.11988009635108199
202.0,0.0,0.0,-0.1965644873116699,6.634739149738872,4.229915256174295,-39.31289746233398,1.0,0.0,3.997969524834536,0.33,0.0,False,0.004369238324737507,0.1965644873116699,0.21846357168605174,0.07577747210701764,7.577747210701764e-06,7.577747210701764e-06,-0.03931408906610063,0.0,0.6203061911057839,2.4048238935645765,2.6367696249043355,0.6203061911057839
203.0,0.0,0.0,-0.2562116471842812,6.373018454344021,4.24222785076417,-51.24232943685624,1.0,0.0,4.048713609716618,0.15,0.0,False,0.00436159842258529,0.2562116471842812,0.21808157368377853,0.07577747210701764,7.577747210701764e-06,7.577747210701764e-06,-0.051243882630762315,0.0,-0.26172069539485054,2.130790603579851,2.3243048446274033,0.26172069539485054
204.0,0.0,0.0,-0.22597788517013023,7.167063339736086,4.217931652295716,-45.195577034026044,1.0,0.0,4.072525602541322,0.13,0.0,False,0.00447972254066736,0.22597788517013026,0.22398782434361733,0.07577747210701764,7.577747210701764e-06,7.577747210701764e-06,-0.04519694694627638,0.0,0.794044885392065,2.94913168744037,3.0945377371947638,0.794044885392065
205.0,0.0,0.0,-0.30245581349374495,7.550194981233938,4.417060687081694,-60.49116269874899,1.0,0.0,4.11315398247827,0.28,0.0,False,0.0042177834966946005,0.30245581349374495,0.21089077289958633,0.07577747210701764,7.577747210701764e-06,7.577747210701764e-06,-0.060492996231812535,0.0,0.38313164149785184,3.133134294152244,3.437040998755668,0.38313164149785184
206.0,0.0,0.0,-0.3363174971352824,6.343893072197636,4.339219378227412,-67.26349942705649,1.0,0.0,4.142390608113787,0.34,0.0,False,0.0038633873155710266,0.33631749713528253,0.193170829567174,0.07577747210701764,7.577747210701764e-06,7.577747210701764e-06,-0.06726553823478752,0.0,-1.206301909036302,2.004673693970224,2.201502464083849,1.206301909036302
207.0,0.0,0.0,-0.2122756851837016,6.442904399990728,4.284523139084635,-42.45513703674032,1.0,0.0,4.186892583432325,0.22,0.0,False,0.0037573526760132357,0.2122756851837016,0.1878690574140998,0.07577747210701764,7.577747210701764e-06,7.577747210701764e-06,-0.042456423884173915,0.0,0.09901132779309219,2.1583812609060935,2.256011816558403,0.09901132779309219
208.0,0.0,0.0,-0.2180185946346144,6.532196355089019,4.447779748100999,-43.60371892692288,1.0,0.0,4.221055791786557,0.37,0.0,False,0.003787423773315903,0.2180185946346144,0.1893726236727918,0.07577747210701764,7.577747210701764e-06,7.577747210701764e-06,-0.04360504058874552,0.0,0.08929195509829135,2.084416606988021,2.3111405633024624,0.08929195509829135
209.0,0.0,0.0,-0.22516349473304387,7.1192545100877895,4.37549135958303,-45.032698946608775,1.0,0.0,4.262635849154718,0.07,0.0,False,0.003739710483249526,0.22516349473304387,0.18698694109151048,0.07577747210701764,7.577747210701764e-06,7.577747210701764e-06,-0.045034063921900624,0.0,0.5870581549987701,2.7437631505047593,2.856618660933072,0.5870581549987701
210.0,0.0,0.0,-0.28220053124872213,6.298724844603837,4.315592136894745,-56.440106249744424,1.0,0.0,4.280476096156375,-0.03,0.0,False,0.0037886100896856434,0.28220053124872213,0.18943193994075916,0.07577747210701764,7.577747210701764e-06,7.577747210701764e-06,-0.056441816992211624,0.0,-0.8205296654839529,1.9831327077090917,2.018248748447462,0.8205296654839529
211.0,0.0,0.0,-0.19755272873189056,6.898676584897734,4.417511891312456,-39.510545746378114,1.0,0.0,4.297142275386145,0.1,0.0,False,0.003829213645462474,0.19755272873189056,0.19146213311377472,0.07577747210701764,7.577747210701764e-06,7.577747210701764e-06,-0.039511743341014295,0.0,0.5999517402938972,2.481164693585278,2.601534309511589,0.5999517402938972
212.0,0.0,0.0,-0.25531009634627677,6.994057743945227,4.379948554588865,-51.06201926925535,1.0,0.0,4.323122707052978,0.08,0.0,False,0.0037549694972702995,0.25531009634627677,0.18774989757399668,0.07577747210701764,7.577747210701764e-06,7.577747210701764e-06,-0.05106356699782338,0.0,0.09538115904749311,2.6141091893563617,2.6709350368922493,0.09538115904749311
213.0,0.0,0.0,-0.26145975916222153,7.740298946566067,4.364111563609132,-52.291951832444305,1.0,0.0,4.345478887666446,0.03,0.0,False,0.003907553581426821,0.26145975916222153,0.19537915959400376,0.07577747210701764,7.577747210701764e-06,7.577747210701764e-06,-0.05229353684120202,0.0,0.7462412026208405,3.3761873829569353,3.3948200588996214,0.7462412026208405
214.0,0.0,0.0,-0.33717343243442216,8.284924808964252,4.293153052555453,-67.43468648688443,1.0,0.0,4.37936108852498,0.05,0.0,False,0.0038532122545977317,0.33717343243442216,0.1926620726633072,0.07577747210701764,7.577747210701764e-06,7.577747210701764e-06,-0.0674367304834252,0.0,0.5446258623981848,3.9917717564087996,3.9055637204392726,0.5446258623981848
215.0,0.0,0.0,-0.3930379376629947,8.288266866899372,4.197842441727795,-78.60758753259894,1.0,0.0,4.368436871469992,0.1,0.0,False,0.003752821870623509,0.3930379376629947,0.18764251542794858,0.07577747210701764,7.577747210701764e-06,7.577747210701764e-06,-0.07860997018825237,0.0,0.003342057935119769,4.090424425171577,3.91982999542938,0.003342057935119769
216.0,0.0,0.0,-0.39264307170521806,9.157096556607385,4.21028401617179,-78.5286143410436,1.0,0.0,4.354396515227518,0.01,0.0,False,0.0036908270412928826,0.39264307170521806,0.18454275047235985,0.07577747210701764,7.577747210701764e-06,7.577747210701764e-06,-0.07853099460295965,0.0,0.8688296897080132,4.946812540435595,4.802700041379867,0.8688296897080132
217.0,0.0,0.0,-0.4774426640679662,8.70207394707315,4.2027353992768335,-95.48853281359324,1.0,0.0,4.361687382350124,-0.09,0.0,False,0.0036222259629958772,0.47744266406796626,0.18111267056542824,0.07577747210701764,7.577747210701764e-06,7.577747210701764e-06,-0.09549142714351339,0.0,-0.455022609534236,4.499338547796316,4.340386564723025,0.455022609534236
218.0,0.0,0.0,-0.43462406688694877,8.782304784609199,4.18609436469418,-86.92481337738975,1.0,0.0,4.382489018936932,0.17,0.0,False,0.00375732454374457,0.4346240668869487,0.18786765079000747,0.07577747210701764,7.577747210701764e-06,7.577747210701764e-06,-0.08692744813447259,0.0,0.08023083753604965,4.596210419915018,4.399815765672267,0.08023083753604965
219.0,0.0,0.0,-0.4407879747533483,8.823019974306243,4.2341663349865035,-88.15759495066966,1.0,0.0,4.355668604638138,-0.1,0.0,False,0.003622252649269328,0.4407879747533483,0.18111400488921178,0.07577747210701764,7.577747210701764e-06,7.577747210701764e-06,-0.08816026707429786,0.0,0.04071518969704435,4.58885363931974,4.467351369668105,0.04071518969704435
220.0,0.0,0.0,-0.44313372063352047,8.860532236272679,4.249225333180079,-88.6267441267041,1.0,0.0,4.37425802808341,-0.14,0.0,False,0.0038702067519627618,0.44313372063352047,0.19351180397055903,0.07577747210701764,7.577747210701764e-06,7.577747210701764e-06,-0.08862943047059998,0.0,0.037512261966435645,4.6113069030926,4.486274208189269,0.037512261966435645
221.0,0.0,0.0,-0.44725445570986216,7.973930723102204,4.270525407607022,-89.45089114197243,1.0,0.0,4.391514870205267,-0.02,0.0,False,0.004046637799783898,0.44725445570986216,0.20233342320910996,0.07577747210701764,7.577747210701764e-06,7.577747210701764e-06,-0.08945360246639,0.0,-0.8866015131704748,3.703405315495182,3.582415852896937,0.8866015131704748
222.0,0.0,0.0,-0.3542871612534039,8.019841303160632,4.3774635105265505,-70.85743225068079,1.0,0.0,4.38781822011385,-0.02,0.0,False,0.004094650322513231,0.35428716125340387,0.2047340675369146,0.07577747210701764,7.577747210701764e-06,7.577747210701764e-06,-0.07085957999324405,0.0,0.045910580058428074,3.6423777926340817,3.632023083046782,0.045910580058428074
223.0,0.0,0.0,-0.3535382563165457,8.417072811279466,4.541549091922032,-70.70765126330913,1.0,0.0,4.43092487564077,0.11,0.0,False,0.0039670097081295755,0.35353825631654573,0.19835198845631632,0.07577747210701764,7.577747210701764e-06,7.577747210701764e-06,-0.07070979446589697,0.0,0.3972315081188338,3.8755237193574343,3.986147935638696,0.3972315081188338
224.0,0.0,0.0,-0.39174435921193373,7.040595475836913,4.567996829896722,-78.34887184238674,1.0,0.0,4.484324788818395,0.06,0.0,False,0.0036841143011021186,0.39174435921193373,0.18420711091944944,0.07577747210701764,7.577747210701764e-06,7.577747210701764e-06,-0.0783512466561712,0.0,-1.3764773354425532,2.4725986459401907,2.556270687018518,1.3764773354425532
225.0,0.0,0.0,-0.25266733633577637,7.387216028412842,4.503505343530387,-50.533467267155274,1.0,0.0,4.499480792173866,-0.11,0.0,False,0.00395356629671708,0.25266733633577637,0.19767981279215294,0.07577747210701764,7.577747210701764e-06,7.577747210701764e-06,-0.05053499897491085,0.0,0.3466205525759296,2.8837106848824554,2.887735236238976,0.3466205525759296
226.0,0.0,0.0,-0.28423964500718124,7.344560695681823,4.573540128532988,-56.84792900143625,1.0,0.0,4.513826380018994,0.05,0.0,False,0.004015647495987825,0.2842396450071813,0.20078389627747184,0.07577747210701764,7.577747210701764e-06,7.577747210701764e-06,-0.05684965210532065,0.0,-0.04265533273101951,2.7710205671488346,2.830734315662829,0.04265533273101951
227.0,0.0,0.0,-0.2791152163641275,7.292699714995493,4.641886185388891,-55.8230432728255,1.0,0.0,4.544711883532177,0.13,0.0,False,0.003997499110697008,0.2791152163641275,0.1998764701367372,0.07577747210701764,7.577747210701764e-06,7.577747210701764e-06,-0.055824735311645425,0.0,-0.05186098068632994,2.6508135296066015,2.747987831463316,0.05186098068632994
228.0,0.0,0.0,-0.272683299264,6.299538983079882,4.621405805052556,-54.53665985279999,1.0,0.0,4.553302778812937,0.03,0.0,False,0.004007670301784001,0.272683299264,0.2003850335448226,0.07577747210701764,7.577747210701764e-06,7.577747210701764e-06,-0.05453831290036189,0.0,-0.9931607319156113,1.6781331780273252,1.7462362042669444,0.9931607319156113
229.0,0.0,0.0,-0.17073544500717083,6.551600166101313,4.588589236437891,-34.14708900143417,1.0,0.0,4.565763406099975,0.02,0.0,False,0.0039507092881840905,0.17073544500717083,0.19753696128301898,0.07577747210701764,7.577747210701764e-06,7.577747210701764e-06,-0.03414812402562472,0.0,0.2520611830214312,1.9630109296634215,1.9858367600013374,0.2520611830214312
230.0,0.0,0.0,-0.1946847157283718,6.515232714216725,4.5121359387763045,-38.936943145674356,1.0,0.0,4.592119843506066,-0.04,0.0,False,0.003967344712818622,0.1946847157283718,0.19836873881769765,0.07577747210701764,7.577747210701764e-06,7.577747210701764e-06,-0.03893812335398026,0.0,-0.03636745188458779,2.0030967754404205,1.9231128707106588,0.03636745188458779
231.0,0.0,0.0,-0.19005042153460366,6.834920978598057,4.514612069999602,-38.01008430692073,1.0,0.0,4.604679245239518,-0.08,0.0,False,0.004013633313859215,0.19005042153460366,0.20068318640789318,0.07577747210701764,7.577747210701764e-06,7.577747210701764e-06,-0.03801123642143161,0.0,0.31968826438133213,2.320308908598455,2.2302417333585387,0.31968826438133213
232.0,0.0,0.0,-0.22106854882708024,6.865074528277139,4.547354576915604,-44.21370976541605,1.0,0.0,4.614656491168106,0.01,0.0,False,0.0038894640736559833,0.2210685488270802,0.19447467735157595,0.07577747210701764,7.577747210701764e-06,7.577747210701764e-06,-0.04421504991652408,0.0,0.030153549679082126,2.3177199513615356,2.250418037109033,0.030153549679082126
233.0,0.0,0.0,-0.22315923622795858,6.362586835147733,4.523144143743466,-44.631847245591715,1.0,0.0,4.624151730248295,0.0,0.0,False,0.0036336606284036697,0.22315923622795852,0.18168440816826806,0.07577747210701764,7.577747210701764e-06,7.577747210701764e-06,-0.0446332000707642,0.0,-0.5024876931294067,1.8394426914042663,1.7384351048994375,0.5024876931294067
234.0,0.0,0.0,-0.1709726561395449,6.758924355727681,4.641336964165393,-34.19453122790898,1.0,0.0,4.633397613783562,-0.02,0.0,False,0.003821692665909043,0.1709726561395449,0.19108608128649912,0.07577747210701764,7.577747210701764e-06,7.577747210701764e-06,-0.03419556769010944,0.0,0.396337520579948,2.117587391562288,2.1255267419441184,0.396337520579948
235.0,0.0,0.0,-0.2085627154027531,5.939530632256293,4.714429336999787,-41.71254308055062,1.0,0.0,4.652795494373877,-0.12,0.0,False,0.003947731822824336,0.2085627154027531,0.19738808688690723,0.07577747210701764,7.577747210701764e-06,7.577747210701764e-06,-0.041713807419397654,0.0,-0.8193937234713875,1.225101295256506,1.286735137882416,0.8193937234713875
236.0,0.0,0.0,-0.12290118010025015,5.829104075716303,5.055160140571903,-24.58023602005003,1.0,0.0,4.673218179923407,0.19,0.0,False,0.003999161980083911,0.12290118010025015,0.19995961423612255,0.07577747210701764,7.577747210701764e-06,7.577747210701764e-06,-0.024580981065663997,0.0,-0.11042655653999045,0.7739439351443993,1.1558858957928955,0.11042655653999045
237.0,0.0,0.0,-0.1046375368430479,6.430967759020368,5.161894833895184,-20.92750736860958,1.0,0.0,4.710472265550058,0.51,0.0,False,0.00404936035100546,0.10463753684304787,0.2024695518017282,0.07577747210701764,7.577747210701764e-06,7.577747210701764e-06,-0.020928141697245134,0.0,0.6018636833040656,1.269072925125184,1.7204954934703105,0.6018636833040656
238.0,0.0,0.0,-0.15408697373130395,6.453811848235264,5.394258209384408,-30.81739474626079,1.0,0.0,4.782689061445677,0.72,0.0,False,0.003960284048632351,0.15408697373130395,0.19801570293318774,0.07577747210701764,7.577747210701764e-06,7.577747210701764e-06,-0.030818328844890715,0.0,0.022844089214896002,1.059553638850856,1.6711227867895868,0.022844089214896002
239.0,0.0,0.0,-0.14904743547271873,6.252157388457792,5.319174654803312,-29.809487094543748,1.0,0.0,4.890039640100561,0.55,0.0,False,0.0038328772267898757,0.14904743547271873,0.19164531356822942,0.07577747210701764,7.577747210701764e-06,7.577747210701764e-06,-0.029810390642727592,0.0,-0.20165445977747254,0.9329827336544794,1.3621177483572309,0.20165445977747254
240.0,0.0,0.0,-0.12084259268782377,6.500482668790791,5.375038114956385,-24.168518537564754,1.0,0.0,4.963281021318657,0.52,0.0,False,0.0038154161898231857,0.12084259268782375,0.19077225510412882,0.07577747210701764,7.577747210701764e-06,7.577747210701764e-06,-0.02416925110370927,0.0,0.24832528033299894,1.1254445538344058,1.5372016474721333,0.24832528033299894
241.0,0.0,0.0,-0.13788943365832793,6.452404890287663,5.439422362631635,-27.577886731665583,1.0,0.0,5.043685675848572,0.57,0.0,False,0.0038983350898612254,0.1378894336583279,0.19491823152295396,0.07577747210701764,7.577747210701764e-06,7.577747210701764e-06,-0.027578722638348298,0.0,-0.04807777850312789,1.0129825276560274,1.408719214439091,0.04807777850312789
242.0,0.0,0.0,-0.12519483716470473,6.21764060948263,5.6161691250447126,-25.038967432940947,1.0,0.0,5.121536087643948,0.5,0.0,False,0.00407314662825868,0.12519483716470473,0.2036588746767091,0.07577747210701764,7.577747210701764e-06,7.577747210701764e-06,-0.025039726383052286,0.0,-0.23476428080503275,0.6014714844379174,1.096104521838682,0.23476428080503275
243.0,0.0,0.0,-0.0912995064865461,6.497306644058498,5.647922068079959,-18.25990129730922,1.0,0.0,5.200409083899212,0.7,0.0,False,0.0040719410346233735,0.0912995064865461,0.2035985945381595,0.07577747210701764,7.577747210701764e-06,7.577747210701764e-06,-0.01826045476877963,0.0,0.27966603457586814,0.8493845759785392,1.2968975601592865,0.27966603457586814
244.0,0.0,0.0,-0.11314818073636722,6.740252019207647,5.724326075402245,-22.629636147273445,1.0,0.0,5.304610952388138,0.4,0.0,False,0.0042030214433631235,0.11314818073636722,0.21015266463985716,0.07577747210701764,7.577747210701764e-06,7.577747210701764e-06,-0.02263032206872446,0.0,0.24294537514914882,1.015925943805402,1.4356410668195085,0.24294537514914882
245.0,0.0,0.0,-0.13161085185283444,6.8904511551329986,5.782359306581887,-26.32217037056689,1.0,0.0,5.365781966279278,0.42,0.0,False,0.004235224601921114,0.13161085185283444,0.21176283476912638,0.07577747210701764,7.577747210701764e-06,7.577747210701764e-06,-0.02632296821553342,0.0,0.1501991359253516,1.108091848551112,1.5246691888537205,0.1501991359253516
246.0,0.0,0.0,-0.1418103073742511,6.700576087795792,5.709924378874619,-28.362061474850222,1.0,0.0,5.424093634991027,0.3,0.0,False,0.004313676920965328,0.1418103073742511,0.2156854804459292,0.07577747210701764,7.577747210701764e-06,7.577747210701764e-06,-0.028362921150464713,0.0,-0.18987506733720672,0.990651708921173,1.276482452804765,0.18987506733720672
247.0,0.0,0.0,-0.11844443076034837,6.523900900324804,5.6624687003950696,-23.688886152069674,1.0,0.0,5.472294351257432,0.3,0.0,False,0.004075345472656323,0.11844443076034837,0.20376881772970554,0.07577747210701764,7.577747210701764e-06,7.577747210701764e-06,-0.023689604180192468,0.0,-0.17667518747098754,0.8614321999297347,1.0516065490673725,0.17667518747098754
248.0,0.0,0.0,-0.0967874320794992,7.644595883348037,5.69157413290342,-19.357486415899842,1.0,0.0,5.5160869030945685,0.17,0.0,False,0.004094211029775741,0.0967874320794992,0.20471210273359755,0.07577747210701764,7.577747210701764e-06,7.577747210701764e-06,-0.019358073156008432,0.0,1.120694983023233,1.9530217504446172,2.1285089802534687,1.120694983023233
249.0,0.0,0.0,-0.2064995940236794,7.530020889262094,5.734784618397572,-41.29991880473588,1.0,0.0,5.55598990799514,0.07,0.0,False,0.004057811888325408,0.2064995940236794,0.2028921318699063,0.07577747210701764,7.577747210701764e-06,7.577747210701764e-06,-0.04130117063662788,0.0,-0.11457499408594352,1.795236270864522,1.9740309812669539,0.11457499408594352
250.0,0.0,0.0,-0.18767982565872324,7.485586976832846,5.767324585960722,-37.535965131744646,1.0,0.0,5.579521703025113,0.19,0.0,False,0.004076423146759918,0.18767982565872324,0.2038227018432024,0.07577747210701764,7.577747210701764e-06,7.577747210701764e-06,-0.03753710287534339,0.0,-0.044433912429247435,1.7182623908721242,1.9060652738077328,0.044433912429247435
251.0,0.0,0.0,-0.18094526849329984,7.174315275185287,5.779282200549658,-36.18905369865997,1.0,0.0,5.653151523161093,0.0,0.0,False,0.004396264760119802,0.1809452684932998,0.21981490369514128,0.07577747210701764,7.577747210701764e-06,7.577747210701764e-06,-0.03619015061635066,0.0,-0.31127170164755924,1.395033074635629,1.5211637520241936,0.31127170164755924
252.0,0.0,0.0,-0.1473943995186603,8.149097050886441,5.848605781002334,-29.478879903732057,1.0,0.0,5.676065734024669,0.15,0.0,False,0.004208564971150465,0.1473943995186603,0.21042984312959687,0.07577747210701764,7.577747210701764e-06,7.577747210701764e-06,-0.029479773430960966,0.0,0.9747817757011541,2.300491269884107,2.473031316861772,0.9747817757011541
253.0,0.0,0.0,-0.23985477032850308,8.0860388771801,6.054960314312292,-47.97095406570062,1.0,0.0,5.700315434123694,0.37,0.0,False,0.004373302836972156,0.23985477032850308,0.21866679883777654,0.07577747210701764,7.577747210701764e-06,7.577747210701764e-06,-0.047972408101735725,0.0,-0.06305817370634159,2.0310785628678074,2.3857234430564054,0.06305817370634159
254.0,0.0,0.0,-0.22535772684630434,7.865447296035399,6.0454514432130715,-45.07154536926087,1.0,0.0,5.750458469660571,0.55,0.0,False,0.004178876829138802,0.2253577268463043,0.20894542478055186,0.07577747210701764,7.577747210701764e-06,7.577747210701764e-06,-0.045072911522017284,0.0,-0.22059158114470012,1.819995852822328,2.1149888263748284,0.22059158114470012
255.0,0.0,0.0,-0.19958023933303817,6.7905360613662396,5.993030864044349,-39.916047866607634,1.0,0.0,5.832376223522757,0.26,0.0,False,0.004077625744348633,0.19958023933303817,0.20388283217828712,0.07577747210701764,7.577747210701764e-06,7.577747210701764e-06,-0.03991725775232092,0.0,-1.0749112346691598,0.7975051973218905,0.9581598378434828,1.0749112346691598
256.0,0.0,0.0,-0.08972604373806613,7.725636506840088,6.093878730471976,-17.945208747613226,1.0,0.0,5.869569284274924,0.1,0.0,False,0.004155439398405797,0.08972604373806613,0.2077735443637554,0.07577747210701764,7.577747210701764e-06,7.577747210701764e-06,-0.017945752680513554,0.0,0.9351004454738483,1.6317577763681115,1.856067222565164,0.9351004454738483
257.0,0.0,0.0,-0.17829734266319694,7.978277366351741,6.105386196473137,-35.65946853263939,1.0,0.0,5.893241627921697,0.32,0.0,False,0.004147968215953926,0.1782973426631969,0.2073999824104252,0.07577747210701764,7.577747210701764e-06,7.577747210701764e-06,-0.03566054939820166,0.0,0.2526408595116534,1.8728911698786046,2.0850357384300446,0.2526408595116534
258.0,0.0,0.0,-0.19860883037544658,7.784846363863466,6.172411185408046,-39.72176607508931,1.0,0.0,5.942595525598568,0.34,0.0,False,0.004036191450196656,0.19860883037544652,0.20181110177175798,0.07577747210701764,7.577747210701764e-06,7.577747210701764e-06,-0.039722970071974006,0.0,-0.19343100248827483,1.6124351784554207,1.8422508382648983,0.19343100248827483
259.0,0.0,0.0,-0.17712405977326387,7.113344186932617,6.060174879331506,-35.424811954652775,1.0,0.0,5.992113812221757,-0.05,0.0,False,0.004267899961480478,0.17712405977326387,0.21339661512737532,0.07577747210701764,7.577747210701764e-06,7.577747210701764e-06,-0.03542588570759603,0.0,-0.6715021769308498,1.0531693076011104,1.1212303747108594,0.6715021769308498
260.0,0.0,0.0,-0.10540873443453626,7.2082128007738575,6.291578110558757,-21.08174688690725,1.0,0.0,6.013538656063335,0.36,0.0,False,0.004330975248957546,0.10540873443453626,0.2165504033996579,0.07577747210701764,7.577747210701764e-06,7.577747210701764e-06,-0.021082385890659697,0.0,0.0948686138412409,0.9166346902151004,1.1946741447105227,0.0948686138412409
261.0,0.0,0.0,-0.1110372621043913,7.28123531079868,6.111840926903246,-22.20745242087826,1.0,0.0,6.059216904550087,0.07,0.0,False,0.004230999032692243,0.11103726210439127,0.21155155470666806,0.07577747210701764,7.577747210701764e-06,7.577747210701764e-06,-0.022208125545620027,0.0,0.0730225100248223,1.1693943838954342,1.2220184062485924,0.0730225100248223
262.0,0.0,0.0,-0.11628022930829687,8.12390234023037,6.0890416815861395,-23.256045861659373,1.0,0.0,6.097798109114786,0.06,0.0,False,0.0038714054637310922,0.11628022930829687,0.1935717400131523,0.07577747210701764,7.577747210701764e-06,7.577747210701764e-06,-0.023256750770064376,0.0,0.8426670294316896,2.03486065864423,2.0261042311155837,0.8426670294316896
263.0,0.0,0.0,-0.19930314018885287,8.75912203239515,6.076263874245778,-39.860628037770574,1.0,0.0,6.118388960606548,0.0,0.0,False,0.00372900436228379,0.19930314018885287,0.18645163098680972,0.07577747210701764,7.577747210701764e-06,7.577747210701764e-06,-0.03986183624366678,0.0,0.6352196921647799,2.6828581581493713,2.6407330717886017,0.6352196921647799
264.0,0.0,0.0,-0.26020055845349216,9.287984174004114,6.142441203863943,-52.04011169069843,1.0,0.0,6.130795424901111,0.03,0.0,False,0.003763001258911964,0.2602005584534921,0.18815148869921286,0.07577747210701764,7.577747210701764e-06,7.577747210701764e-06,-0.052041689065990264,0.0,0.5288621416089647,3.1455429701401707,3.1571887491030033,0.5288621416089647
265.0,0.0,0.0,-0.3115754132196167,9.696866575921275,6.126462033505094,-62.31508264392333,1.0,0.0,6.157017861157429,0.03,0.0,False,0.0036362568561097504,0.3115754132196167,0.18181422053724997,0.07577747210701764,7.577747210701764e-06,7.577747210701764e-06,-0.062316971461385054,0.0,0.4088824019171611,3.570404542416181,3.5398487147638464,0.4088824019171611
266.0,0.0,0.0,-0.35312703112381355,9.196508843708932,6.118433532172405,-70.62540622476271,1.0,0.0,6.172111989822029,0.08,0.0,False,0.0037140561042290996,0.35312703112381366,0.18570421242036925,0.07577747210701764,7.577747210701764e-06,7.577747210701764e-06,-0.070627546934441,0.0,-0.5003577322123434,3.0780753115365265,3.024396853886903,0.5003577322123434
267.0,0.0,0.0,-0.30340095204034484,9.304704439850775,6.108572497122881,-60.68019040806897,1.0,0.0,6.165462469314386,-0.04,0.0,False,0.003660227090618416,0.30340095204034484,0.18301274134470202,0.07577747210701764,7.577747210701764e-06,7.577747210701764e-06,-0.060682029670705885,0.0,0.10819559614184371,3.1961319427278942,3.139241970536389,0.10819559614184371
268.0,0.0,0.0,-0.3119856070766076,9.705596533008247,6.127685727820828,-62.39712141532152,1.0,0.0,6.162384368519583,-0.16,0.0,False,0.0038113877845772134,0.31198560707660755,0.19057083331551825,0.07577747210701764,7.577747210701764e-06,7.577747210701764e-06,-0.06239901271944068,0.0,0.40089209315747176,3.577910805187419,3.543212164488664,0.40089209315747176
269.0,0.0,0.0,-0.35220900639059183,10.580192620341833,6.11935285258874,-70.44180127811836,1.0,0.0,6.184730161681513,0.1,0.0,False,0.003688347019146412,0.35220900639059183,0.18441874842538747,0.07577747210701764,7.577747210701764e-06,7.577747210701764e-06,-0.07044393642259132,0.0,0.8745960873335861,4.460839767753093,4.395462458660321,0.8745960873335861
270.0,0.0,0.0,-0.44112274430742204,10.515770350208928,5.992372020740091,-88.22454886148441,1.0,0.0,6.183373021561545,0.12,0.0,False,0.0036880732691504437,0.44112274430742204,0.18440506082186858,0.07577747210701764,7.577747210701764e-06,7.577747210701764e-06,-0.08822722301453646,0.0,-0.06442227013290491,4.523398329468837,4.332397328647383,0.06442227013290491
271.0,0.0,0.0,-0.4347408812990849,10.273153230633962,5.913901029835341,-86.94817625981698,1.0,0.0,6.1687980414353545,-0.01,0.0,False,0.0038265443681701357,0.4347408812990849,0.19132866823780242,0.07577747210701764,7.577747210701764e-06,7.577747210701764e-06,-0.08695081172504651,0.0,-0.242617119574966,4.359252200798621,4.104355189198608,0.242617119574966
272.0,0.0,0.0,-0.4107729651595172,10.635965461127531,5.895144423878321,-82.15459303190345,1.0,0.0,6.168196819393053,-0.04,0.0,False,0.0039349149131897914,0.4107729651595173,0.19674723654901483,0.07577747210701764,7.577747210701764e-06,7.577747210701764e-06,-0.08215708319998628,0.0,0.36281223049356903,4.74082103724921,4.467768641734478,0.36281223049356903
273.0,0.0,0.0,-0.448555990611615,10.47833345199182,5.902085768440841,-89.711198122323,1.0,0.0,6.165267942354246,0.12,0.0,False,0.003868381408571651,0.448555990611615,0.19342053610940402,0.07577747210701764,7.577747210701764e-06,7.577747210701764e-06,-0.08971391733684275,0.0,-0.15763200913571218,4.576247683550978,4.313065509637573,0.15763200913571218
274.0,0.0,0.0,-0.4325887542122834,9.988684300464238,6.018075414735635,-86.51775084245668,1.0,0.0,6.150235602816051,-0.05,0.0,False,0.003993820525200993,0.4325887542122834,0.19969253946816687,0.07577747210701764,7.577747210701764e-06,7.577747210701764e-06,-0.08652037326116506,0.0,-0.4896491515275816,3.970608885728603,3.838448697648187,0.4896491515275816
275.0,0.0,0.0,-0.3839812770680273,9.507731827938558,6.009006068211501,-76.79625541360546,1.0,0.0,6.152282007457709,0.04,0.0,False,0.004102126872418544,0.38398127706802737,0.2051078978649505,0.07577747210701764,7.577747210701764e-06,7.577747210701764e-06,-0.0767985831664073,0.0,-0.4809524725256793,3.4987257597270576,3.3554498204808496,0.4809524725256793
276.0,0.0,0.0,-0.33385909647975937,9.516165077299506,6.117990621148702,-66.77181929595187,1.0,0.0,6.148726044131405,-0.03,0.0,False,0.004141165104565705,0.33385909647975937,0.2070598242634013,0.07577747210701764,7.577747210701764e-06,7.577747210701764e-06,-0.06677384320048486,0.0,0.008433249360948025,3.3981744561508043,3.3674390331681012,0.008433249360948025
277.0,0.0,0.0,-0.33080734014431185,9.310317626775305,6.272087520693566,-66.16146802886237,1.0,0.0,6.169014368149112,0.09,0.0,False,0.004133909107858197,0.33080734014431185,0.20669702167882045,0.07577747210701764,7.577747210701764e-06,7.577747210701764e-06,-0.06616347343318511,0.0,-0.2058474505242014,3.0382301060817394,3.141303258626193,0.2058474505242014
278.0,0.0,0.0,-0.3104014882909711,9.152779681367788,6.1507298194849,-62.08029765819421,1.0,0.0,6.207966337136438,0.15,0.0,False,0.0038898730273416683,0.3104014882909711,0.19449512519080753,0.07577747210701764,7.577747210701764e-06,7.577747210701764e-06,-0.06208217935914477,0.0,-0.1575379454075172,3.002049861882888,2.94481334423135,0.1575379454075172
279.0,0.0,0.0,-0.2981697193593082,8.684765579432524,6.051798576541109,-59.63394387186164,1.0,0.0,6.206185136664994,0.08,0.0,False,0.0038284192238485838,0.2981697193593082,0.1914224117320839,0.07577747210701764,7.577747210701764e-06,7.577747210701764e-06,-0.05963575142197178,0.0,-0.46801410193526394,2.632967002891415,2.47858044276753,0.46801410193526394
280.0,0.0,0.0,-0.2500480805892478,8.306039307533718,6.0328520799217955,-50.00961611784956,1.0,0.0,6.170969515036749,-0.09,0.0,False,0.003898494100900794,0.2500480805892478,0.1949261821351796,0.07577747210701764,7.577747210701764e-06,7.577747210701764e-06,-0.050011131947279124,0.0,-0.37872627189880603,2.2731872276119223,2.135069792496969,0.37872627189880603
281.0,0.0,0.0,-0.21153812445291614,8.314280847498031,6.116722483453091,-42.30762489058323,1.0,0.0,6.184190033482787,-0.06,0.0,False,0.004187573520217865,0.21153812445291617,0.20938026262957135,0.07577747210701764,7.577747210701764e-06,7.577747210701764e-06,-0.04230890726681169,0.0,0.008241539964313205,2.19755836404494,2.1300908140152437,0.008241539964313205
282.0,0.0,0.0,-0.21169953981972792,8.555800132704775,6.102090235315208,-42.339907963945585,1.0,0.0,6.190577913882931,0.04,0.0,False,0.0040563740294567345,0.2116995398197279,0.20282023838168606,0.07577747210701764,7.577747210701764e-06,7.577747210701764e-06,-0.042341191318698505,0.0,0.24151928520674382,2.453709897389567,2.3652222188218435,0.24151928520674382
283.0,0.0,0.0,-0.23765292605044278,8.035872012923289,6.1533258391810675,-47.53058521008855,1.0,0.0,6.197205239020885,0.15,0.0,False,0.003938418101650931,0.2376529260504428,0.1969223972993858,0.07577747210701764,7.577747210701764e-06,7.577747210701764e-06,-0.04753202589820933,0.0,-0.5199281197814862,1.882546173742221,1.8386667739024034,0.5199281197814862
284.0,0.0,0.0,-0.18670600110003044,7.036063672026912,5.9790255154227125,-37.34120022000609,1.0,0.0,6.179180828510475,0.11,0.0,False,0.003756612633175407,0.18670600110003044,0.18783205499181546,0.07577747210701764,7.577747210701764e-06,7.577747210701764e-06,-0.037342332060132495,0.0,-0.9998083408963767,1.0570381566041993,0.8568828435164368,0.9998083408963767
285.0,0.0,0.0,-0.0878957578892452,7.685652939219073,5.840637569842768,-17.57915157784904,1.0,0.0,6.168741261379033,0.06,0.0,False,0.003821470727571874,0.0878957578892452,0.19107498428555103,0.07577747210701764,7.577747210701764e-06,7.577747210701764e-06,-0.017579684415278657,0.0,0.6495892671921615,1.8450153693763056,1.5169116778400404,0.6495892671921615
286.0,0.0,0.0,-0.15342989807910068,8.580803866886724,5.7352600287686935,-30.685979615820138,1.0,0.0,6.1570727905427525,0.14,0.0,False,0.003816479098347245,0.15342989807910068,0.19082540093305436,0.07577747210701764,7.577747210701764e-06,7.577747210701764e-06,-0.030686909731157695,0.0,0.8951509276676504,2.8455438381180302,2.4237310763439712,0.8951509276676504
287.0,0.0,0.0,-0.2472708879346351,7.9643453359572,5.743712698830858,-49.45417758692702,1.0,0.0,6.151295825778958,0.37,0.0,False,0.0037123427507903995,0.2472708879346351,0.18561854409926618,0.07577747210701764,7.577747210701764e-06,7.577747210701764e-06,-0.04945567658059304,0.0,-0.6164585309295241,2.220632637126341,1.8130495101782413,0.6164585309295241
288.0,0.0,0.0,-0.18951081986253254,7.665530923832151,5.739163399182582,-37.90216397250651,1.0,0.0,6.1080012997263085,0.3,0.0,False,0.0036229382579548402,0.18951081986253254,0.18114828558325594,0.07577747210701764,7.577747210701764e-06,7.577747210701764e-06,-0.037903312815870116,0.0,-0.2988144121250489,1.926367524649569,1.5575296241058423,0.2988144121250489
289.0,0.0,0.0,-0.16282386848687908,7.762470526039346,5.6782433523061995,-32.56477369737581,1.0,0.0,6.069165334077545,0.23,0.0,False,0.003512424362800344,0.16282386848687908,0.17562254895321308,0.07577747210701764,7.577747210701764e-06,7.577747210701764e-06,-0.03256576076038828,0.0,0.09693960220719511,2.0842271737331464,1.6933051919618007,0.09693960220719511
290.0,0.0,0.0,-0.1734702881301677,7.058253779927534,5.723129509260033,-34.69405762603354,1.0,0.0,6.037230547057598,0.15,0.0,False,0.0034473515703189114,0.1734702881301677,0.1723688846738829,0.07577747210701764,7.577747210701764e-06,7.577747210701764e-06,-0.03469510922925834,0.0,-0.7042167461118121,1.3351242706675004,1.0210232328699353,0.7042167461118121
291.0,0.0,0.0,-0.10498546436413586,6.723736712674991,5.619918968667967,-20.99709287282717,1.0,0.0,6.02770191903807,0.12,0.0,False,0.003383268665592548,0.10498546436413586,0.1691647151573621,0.07577747210701764,7.577747210701764e-06,7.577747210701764e-06,-0.020997729310652188,0.0,-0.33451706725254304,1.1038177440070234,0.6960347936369207,0.33451706725254304
292.0,0.0,0.0,-0.07763691547385711,6.9457832321681705,5.478236300680994,-15.527383094771421,1.0,0.0,6.008359358620688,0.51,0.0,False,0.003535928190521361,0.07763691547385712,0.1767977492445672,0.07577747210701764,7.577747210701764e-06,7.577747210701764e-06,-0.015527853741540708,0.0,0.22204651949317977,1.4675469314871767,0.9374238735474822,0.22204651949317977
293.0,0.0,0.0,-0.1040083637434709,5.886570769402178,5.3817505958497724,-20.80167274869418,1.0,0.0,5.947338142290437,0.37,0.0,False,0.0036582679252060725,0.1040083637434709,0.1829147823317819,0.07577747210701764,7.577747210701764e-06,7.577747210701764e-06,-0.02080230326318688,0.0,-1.0592124627659922,0.5048201735524058,-0.060767372888258286,1.0592124627659922
294.0,0.0,0.0,-0.0033534190095488845,6.29063119682222,5.358099395607876,-0.6706838019097769,1.0,0.0,5.90566018727905,0.35,0.0,False,0.0037776943990838457,0.00416001851014829,0.18888615127485206,0.07577747210701764,7.577747210701764e-06,7.577747210701764e-06,-0.0006707041308449656,0.0,0.4040604274200419,0.9325318012143438,0.38497100954317,0.4040604274200419
295.0,0.0,0.0,-0.04683040443045233,5.966429855649215,5.536846614185679,-9.366080886090467,1.0,0.0,5.853035308738612,0.16,0.0,False,0.004028528043257017,0.046830404430452326,0.20142792852120797,0.07577747210701764,7.577747210701764e-06,7.577747210701764e-06,-0.009366364779112428,0.0,-0.3242013411730049,0.4295832414635363,0.11339454691060347,0.3242013411730049
296.0,0.0,0.0,-0.015892553117499517,6.348844230128835,5.500458771515544,-3.1785106234999034,1.0,0.0,5.82230940906937,0.1,0.0,False,0.003849755845005642,0.01589255311749952,0.1924892508741129,0.07577747210701764,7.577747210701764e-06,7.577747210701764e-06,-0.0031786069665698828,0.0,0.38241437447961957,0.8483854586132908,0.5265348210594647,0.38241437447961957
297.0,0.0,0.0,-0.054685613705795576,6.566329233334915,5.595242529721675,-10.937122741159115,1.0,0.0,5.807498302986718,-0.02,0.0,False,0.00395628825733027,0.054685613705795576,0.1978159118541288,0.07577747210701764,7.577747210701764e-06,7.577747210701764e-06,-0.010937454253652367,0.0,0.21748500320607977,0.9710867036132393,0.7588309303481964,0.21748500320607977
298.0,0.0,0.0,-0.07522018187430898,6.837294744674284,5.651400933152467,-15.044036374861797,1.0,0.0,5.801967373383043,0.07,0.0,False,0.0038564572348789264,0.07522018187430897,0.19282432290684903,0.07577747210701764,7.577747210701764e-06,7.577747210701764e-06,-0.01504449237102507,0.0,0.2709655113393694,1.185893811521817,1.035327371291241,0.2709655113393694
299.0,0.0,0.0,-0.10154562886903497,6.623676059332812,5.701339494214743,-20.309125773806993,1.0,0.0,5.8140989146156565,-0.06,0.0,False,0.003929179094468477,0.10154562886903498,0.19646044343972,0.07577747210701764,7.577747210701764e-06,7.577747210701764e-06,-0.020309741358826964,0.0,-0.21361868534147188,0.9223365651180693,0.8095771447171556,0.21361868534147188
300.0,0.0,0.0,-0.08045137576376943,6.755580984139403,5.82648902786202,-16.090275152753886,1.0,0.0,5.82179998162864,0.06,0.0,False,0.003763547925148659,0.08045137576376944,0.18817882221817256,0.07577747210701764,7.577747210701764e-06,7.577747210701764e-06,-0.016090762861208772,0.0,0.13190492480659088,0.9290919562773832,0.9337810025107629,0.13190492480659088
301.0,0.0,0.0,-0.09299268264933022,7.112222088038195,5.741210033207254,-18.598536529866045,1.0,0.0,5.819131819685704,-0.04,0.0,False,0.003744921542269683,0.09299268264933022,0.18724749601692273,0.07577747210701764,7.577747210701764e-06,7.577747210701764e-06,-0.01859910026562743,0.0,0.35664110389879156,1.3710120548309401,1.2930902683524907,0.35664110389879156
302.0,0.0,0.0,-0.12702763547137827,7.5556978494331215,5.756106789275316,-25.405527094275655,1.0,0.0,5.825618923894024,-0.14,0.0,False,0.0038794923203325903,0.12702763547137827,0.19397608590723495,0.07577747210701764,7.577747210701764e-06,7.577747210701764e-06,-0.025406297155088603,0.0,0.44347576139492695,1.7995910601578053,1.7300789255390976,0.44347576139492695
303.0,0.0,0.0,-0.17056732515170875,8.246402580688592,5.801449694450799,-34.11346503034175,1.0,0.0,5.841897604158894,0.0,0.0,False,0.003732647059839824,0.17056732515170878,0.1866337672447835,0.07577747210701764,7.577747210701764e-06,7.577747210701764e-06,-0.03411449903536422,0.0,0.6907047312554706,2.444952886237793,2.404504976529698,0.6907047312554706
304.0,0.0,0.0,-0.2361330080152557,8.139407641077904,5.767743790329692,-47.22660160305114,1.0,0.0,5.849959972112415,-0.07,0.0,False,0.0035091562407425403,0.2361330080152557,0.1754591416120728,0.07577747210701764,7.577747210701764e-06,7.577747210701764e-06,-0.047228033077198014,0.0,-0.10699493961068818,2.371663850748212,2.2894476689654892,0.10699493961068818
305.0,0.0,0.0,-0.22590157642935896,8.110435912355124,5.836032978172044,-45.18031528587179,1.0,0.0,5.884983032723896,0.02,0.0,False,0.003417285771464554,0.22590157642935896,0.1708655833396138,0.07577747210701764,7.577747210701764e-06,7.577747210701764e-06,-0.04518168473552695,0.0,-0.0289717287227802,2.2744029341830796,2.225452879631228,0.0289717287227802
306.0,0.0,0.0,-0.22340672131218464,6.81497497055302,5.804142344363966,-44.68134426243693,1.0,0.0,5.880306285532283,-0.04,0.0,False,0.003807515719945673,0.22340672131218464,0.19037722861686499,0.07577747210701764,7.577747210701764e-06,7.577747210701764e-06,-0.044682698587901575,0.0,-1.2954609418021041,1.0108326261890532,0.9346686850207364,1.2954609418021041
307.0,0.0,0.0,-0.09319083853504279,6.607389971839546,5.845577408023166,-18.638167707008556,1.0,0.0,5.876284053250315,0.03,0.0,False,0.0038089491852213043,0.09319083853504279,0.1904489024237684,0.07577747210701764,7.577747210701764e-06,7.577747210701764e-06,-0.01863873264402101,0.0,-0.20758499871347347,0.7618125638163802,0.7311059185892308,0.20758499871347347
308.0,0.0,0.0,-0.07243473704428133,6.026604399575051,5.7728703257905805,-14.486947408856265,1.0,0.0,5.883031276371754,-0.05,0.0,False,0.0039919230814880755,0.07243473704428133,0.19959766656360356,0.07577747210701764,7.577747210701764e-06,7.577747210701764e-06,-0.014487386519230061,0.0,-0.580785572264495,0.25373407378447066,0.1435731232032973,0.580785572264495
309.0,0.0,0.0,-0.010523919400913366,5.920523432691132,5.82974849363916,-2.1047838801826733,1.0,0.0,5.883015156790403,-0.04,0.0,False,0.003835480620673871,0.010529639922229985,0.1917754842488223,0.07577747210701764,7.577747210701764e-06,7.577747210701764e-06,-0.002104847677779938,0.0,-0.1060809668839191,0.09077493905197187,0.037508275900728805,0.1060809668839191
310.0,0.0,0.0,0.0026569395619366947,6.588104007500353,5.879645631349072,0.531387912387339,1.0,0.0,5.921361218185873,-0.22,0.0,False,0.0039171013191020235,0.00383647152268624,0.19585655009528094,0.07577747210701764,7.577747210701764e-06,7.577747210701764e-06,0.000531404019158369,0.0,0.6675805748092207,0.708458376151281,0.6667427893144797,0.6675805748092207
311.0,0.0,0.0,-0.06034932007769484,6.556209551030082,5.840086986529952,-12.069864015538968,1.0,0.0,5.947093834991318,-0.1,0.0,False,0.00397221975042011,0.06034932007769484,0.1986124925448622,0.07577747210701764,7.577747210701764e-06,7.577747210701764e-06,-0.012070229862280173,0.0,-0.03189445647027078,0.7161225645001297,0.6091157160387644,0.03189445647027078
312.0,0.0,0.0,-0.05579509060064253,7.358685697787332,6.0580195135982065,-11.159018120128506,1.0,0.0,5.984587941128811,0.09,0.0,False,0.004004376039460201,0.05579509060064252,0.20022031918047822,0.07577747210701764,7.577747210701764e-06,7.577747210701764e-06,-0.011159356358439147,0.0,0.8024761467572503,1.3006661841891258,1.3740977566585215,0.8024761467572503
313.0,0.0,0.0,-0.13211733695010638,6.168701296168189,6.220243485364365,-26.423467390021276,1.0,0.0,5.998237504969048,0.22,0.0,False,0.003932995891149725,0.13211733695010638,0.19665128471991844,0.07577747210701764,7.577747210701764e-06,7.577747210701764e-06,-0.026424268305377363,0.0,-1.1899844016191432,-0.05154218919617559,0.17046379119914068,1.1899844016191432
314.0,0.0,0.0,-0.007484163494544631,5.613043263430125,6.2471890327403985,-1.4968326989089262,1.0,0.0,6.037462270697192,0.37,0.0,False,0.003953602794248884,0.007594608987994383,0.19768163768257155,0.07577747210701764,7.577747210701764e-06,7.577747210701764e-06,-0.0014968780690443576,0.0,-0.555658032738064,-0.6341457693102734,-0.42441900726706727,0.555658032738064
315.0,0.0,0.0,0.053405489534685636,6.18133396796556,6.267385741277783,10.681097906937127,1.0,0.0,6.093856825567791,0.18,0.0,False,0.003962892468149592,0.05340548953468563,0.19814612489734693,0.07577747210701764,7.577747210701764e-06,7.577747210701764e-06,0.01068142165912329,0.0,0.5682907045354346,-0.08605177331222347,0.08747714239776894,0.5682907045354346
316.0,0.0,0.0,0.00029758686168954114,6.522430553173813,6.452983118344766,0.05951737233790823,1.0,0.0,6.147118393441949,0.35,0.0,False,0.004068452779105312,0.003266101390073281,0.2034241804406005,0.07577747210701764,7.577747210701764e-06,7.577747210701764e-06,5.951917635464667e-05,0.0,0.3410965852082537,0.0694474348290477,0.37531215973186427,0.3410965852082537
317.0,0.0,0.0,-0.03022332414180139,5.591541228305604,6.321430478134017,-6.044664828360278,1.0,0.0,6.184309949334356,0.05,0.0,False,0.0041044710022063915,0.030223324141801386,0.20522510524250398,0.07577747210701764,7.577747210701764e-06,7.577747210701764e-06,-0.006044848046740061,0.0,-0.9308893248682093,-0.7298892498284131,-0.5927687210287518,0.9308893248682093
318.0,0.0,0.0,0.0653357973798958,5.713213025098149,6.406724372735423,13.067159475979159,1.0,0.0,6.2201858605202895,0.08,0.0,False,0.004064305213402002,0.0653357973798958,0.2032168005839748,0.07577747210701764,7.577747210701764e-06,7.577747210701764e-06,0.01306755555150287,0.0,0.12167179679254492,-0.6935113476372736,-0.5069728354221406,0.12167179679254492
319.0,0.0,0.0,0.057921404540460165,6.266697773182449,6.456356565926654,11.584280908092033,1.0,0.0,6.244923957012379,0.27,0.0,False,0.003957000495099144,0.05792140454046016,0.19785152401243042,0.07577747210701764,7.577747210701764e-06,7.577747210701764e-06,0.011584632036440617,0.0,0.5534847480843004,-0.18965879274420505,0.02177381617007068,0.5534847480843004
320.0,0.0,0.0,0.005008301196903345,5.761708696620417,6.276459983441224,1.001660239380669,1.0,0.0,6.292449016190835,-0.03,0.0,False,0.00408979668360779,0.005357766714225796,0.20449138375266007,0.07577747210701764,7.577747210701764e-06,7.577747210701764e-06,0.0010016906004629397,0.0,-0.5049890765620324,-0.5147512868208066,-0.5307403195704179,0.5049890765620324
321.0,0.0,0.0,0.05708503183361065,7.181254280330263,6.280534199649532,11.417006366722129,1.0,0.0,6.316782682733504,0.03,0.0,False,0.003999794050504372,0.05708503183361063,0.19999121799662906,0.07577747210701764,7.577747210701764e-06,7.577747210701764e-06,0.011417352424852376,0.0,1.419545583709846,0.9007200806807312,0.8644715975967587,1.419545583709846
322.0,0.0,0.0,-0.08430408936299616,7.908171739458292,6.244051439591326,-16.86081787259923,1.0,0.0,6.332580643753561,0.07,0.0,False,0.003845194460501528,0.08430408936299616,0.19226117992065625,0.07577747210701764,7.577747210701764e-06,7.577747210701764e-06,-0.01686132893678892,0.0,0.7269174591280292,1.6641202998669664,1.5755910957047314,0.7269174591280292
323.0,0.0,0.0,-0.1575960895795583,7.796059727689843,6.283141187998021,-31.519217915911664,1.0,0.0,6.338181444946401,0.03,0.0,False,0.0037801693735575194,0.1575960895795583,0.18900990093627226,0.07577747210701764,7.577747210701764e-06,7.577747210701764e-06,-0.031520173287334655,0.0,-0.1121120117684491,1.5129185396918219,1.457878282743442,0.1121120117684491
324.0,0.0,0.0,-0.14517341490131264,6.9803515788566255,6.281176690215158,-29.034682980262527,1.0,0.0,6.332151132496299,-0.07,0.0,False,0.0037636524599930035,0.14517341490131264,0.1881840489999967,0.07577747210701764,7.577747210701764e-06,7.577747210701764e-06,-0.02903556304354547,0.0,-0.8157081488332176,0.6991748886414673,0.6482004463603266,0.8157081488332176
325.0,0.0,0.0,-0.06232658076355453,6.934494524609768,6.194775440791394,-12.465316152710907,1.0,0.0,6.344270574304727,-0.08,0.0,False,0.0038640891487679205,0.062326580763554525,0.19320592149293445,0.07577747210701764,7.577747210701764e-06,7.577747210701764e-06,-0.012465693985906596,0.0,-0.04585705424685749,0.7397190838183736,0.5902239503050408,0.04585705424685749
326.0,0.0,0.0,-0.057206252821637736,6.846950469778342,6.266758775944199,-11.441250564327547,1.0,0.0,6.3570621564674035,0.02,0.0,False,0.0037793158336590165,0.057206252821637736,0.18896722361795168,0.07577747210701764,7.577747210701764e-06,7.577747210701764e-06,-0.01144159735731783,0.0,-0.08754405483142591,0.5801916938341432,0.48988831331093863,0.08754405483142591
327.0,0.0,0.0,-0.049790529214333995,6.814751942298915,6.227894046753176,-9.958105842866798,1.0,0.0,6.362410321667254,0.05,0.0,False,0.003909009771131607,0.04979052921433398,0.19545196963097483,0.07577747210701764,7.577747210701764e-06,7.577747210701764e-06,-0.009958407680614637,0.0,-0.03219852747942742,0.5868578955457391,0.4523416206316604,0.03219852747942742
328.0,0.0,0.0,-0.045375700745405805,7.802474824977521,6.266042691888743,-9.075140149081161,1.0,0.0,6.349026312632809,0.01,0.0,False,0.0038647698742329786,0.045375700745405805,0.19323995802410562,0.07577747210701764,7.577747210701764e-06,7.577747210701764e-06,-0.009075415223468514,0.0,0.9877228826786064,1.5364321330887778,1.4534485123447123,0.9877228826786064
329.0,0.0,0.0,-0.14222473026675495,7.82007895765738,6.284153542653829,-28.44494605335099,1.0,0.0,6.360977742565369,-0.02,0.0,False,0.0039147246900828,0.14222473026675495,0.195737717743845,0.07577747210701764,7.577747210701764e-06,7.577747210701764e-06,-0.028445808241259977,0.0,0.01760413267985861,1.5359254150035504,1.4591012150920104,0.01760413267985861
330.0,0.0,0.0,-0.14043676015122195,8.0721514825043,6.545912503864409,-28.08735203024439,1.0,0.0,6.38017363515732,0.13,0.0,False,0.003862572102993271,0.14043676015122195,0.1931300686294125,0.07577747210701764,7.577747210701764e-06,7.577747210701764e-06,-0.028088203379207068,0.0,0.2520725248469198,1.5262389786398902,1.6919778473469798,0.2520725248469198
331.0,0.0,0.0,-0.16309814242859652,7.52984482132701,6.622348936050918,-32.6196284857193,1.0,0.0,6.4156581464317854,0.1,0.0,False,0.0038606033021699455,0.16309814242859652,0.19303162784229247,0.07577747210701764,7.577747210701764e-06,7.577747210701764e-06,-0.032620617211422044,0.0,-0.5423066611772898,0.9074958852760915,1.1141866748952243,0.5423066611772898
332.0,0.0,0.0,-0.10074580427622916,8.748596267823503,6.785571306424538,-20.14916085524583,1.0,0.0,6.4411082623936435,0.53,0.0,False,0.004056604702087263,0.10074580427622916,0.20283177210061143,0.07577747210701764,7.577747210701764e-06,7.577747210701764e-06,-0.02014977159160768,0.0,1.2187514464964933,1.9630249613989648,2.3074880054298594,1.2187514464964933
333.0,0.0,0.0,-0.21754291134330117,8.280740918404037,6.576461018179191,-43.508582268660234,1.0,0.0,6.5223486072528525,0.13,0.0,False,0.0036894965629614375,0.21754291134330117,0.18447622605168634,0.07577747210701764,7.577747210701764e-06,7.577747210701764e-06,-0.04350990104681854,0.0,-0.46785534941946594,1.7042799002248463,1.7583923111511846,0.46785534941946594
334.0,0.0,0.0,-0.16549872951877315,8.334448549717939,6.847729732860031,-33.09974590375463,1.0,0.0,6.573084730131011,0.31,0.0,False,0.003754904707039901,0.1654987295187732,0.18774665803792853,0.07577747210701764,7.577747210701764e-06,7.577747210701764e-06,-0.0331007491821808,0.0,0.05370763131390177,1.4867188168579082,1.7613638195869274,0.05370763131390177
335.0,0.0,0.0,-0.16768252606666512,7.9607963649139535,6.976521148149078,-33.53650521333302,1.0,0.0,6.625690917839509,0.26,0.0,False,0.003821676214580327,0.1676825260666651,0.1910852587138301,0.07577747210701764,7.577747210701764e-06,7.577747210701764e-06,-0.033537521730265425,0.0,-0.3736521848039853,0.9842752167648756,1.3351054470744446,0.3736521848039853
336.0,0.0,0.0,-0.12538826021227362,7.194764163586504,6.85827821740165,-25.077652042454723,1.0,0.0,6.6575597562615805,0.36,0.0,False,0.003793345403780953,0.12538826021227362,0.18966870743967526,0.07577747210701764,7.577747210701764e-06,7.577747210701764e-06,-0.025078412165125945,0.0,-0.7660322013274499,0.3364859461848537,0.5372044073249231,0.7660322013274499
337.0,0.0,0.0,-0.04492672527045772,8.347465156416732,6.832141561570016,-8.985345054091544,1.0,0.0,6.706866254764265,0.06,0.0,False,0.004008995507556703,0.04492672527045773,0.2004512943355614,0.07577747210701764,7.577747210701764e-06,7.577747210701764e-06,-0.008985617406721401,0.0,1.152700992830228,1.5153235948467154,1.6405989016524671,1.152700992830228
338.0,0.0,0.0,-0.15569383162244424,8.962647860120274,6.825052432640121,-31.13876632448885,1.0,0.0,6.745479888713572,0.02,0.0,False,0.004193332430745592,0.15569383162244427,0.20966821033793617,0.07577747210701764,7.577747210701764e-06,7.577747210701764e-06,-0.031139710164135283,0.0,0.6151827037035424,2.1375954274801527,2.2171679714067025,0.6151827037035424
339.0,0.0,0.0,-0.21515613033570374,9.367148983834158,6.872860269293162,-43.03122606714075,1.0,0.0,6.790467849767376,0.09,0.0,False,0.0041069037793975945,0.21515613033570374,0.20534674502381264,0.07577747210701764,7.577747210701764e-06,7.577747210701764e-06,-0.043032530376270195,0.0,0.40450112371388336,2.4942887145409953,2.5766811340667815,0.40450112371388336
340.0,0.0,0.0,-0.252957616741172,8.934491960895484,6.956654635267634,-50.5915233482344,1.0,0.0,6.811005036824913,0.01,0.0,False,0.004265984223903959,0.25295761674117195,0.21330082752270063,0.07577747210701764,7.577747210701764e-06,7.577747210701764e-06,-0.05059305681571387,0.0,-0.4326570229386739,1.9778373256278492,2.123486924070571,0.4326570229386739
341.0,0.0,0.0,-0.20748069639946512,9.096310304679971,6.998504298013912,-41.49613927989302,1.0,0.0,6.837476973978706,0.13,0.0,False,0.004208743754027972,0.20748069639946506,0.21043878234121072,0.07577747210701764,7.577747210701764e-06,7.577747210701764e-06,-0.04149739705937658,0.0,0.16181834378448734,2.097806006666059,2.2588333307012647,0.16181834378448734
342.0,0.0,0.0,-0.21922753019583574,8.175605297424879,6.918710729189143,-43.84550603916715,1.0,0.0,6.859606385087414,0.12,0.0,False,0.003883026663720801,0.21922753019583574,0.1941528044157636,0.07577747210701764,7.577747210701764e-06,7.577747210701764e-06,-0.04384683502974071,0.0,-0.9207050072550924,1.2568945682357358,1.3159989123374647,0.9207050072550924
343.0,0.0,0.0,-0.12359942227498528,8.396488833123719,7.009242076888806,-24.719884454997057,1.0,0.0,6.903951940181344,0.02,0.0,False,0.00409151857672297,0.12359942227498528,0.20457747906082266,0.07577747210701764,7.577747210701764e-06,7.577747210701764e-06,-0.024720633733461103,0.0,0.22088353569884056,1.3872467562349131,1.4925368929423755,0.22088353569884056
344.0,0.0,0.0,-0.14166606369046011,9.121631111697742,7.1382668194443895,-28.333212738092023,1.0,0.0,6.939564244416157,0.18,0.0,False,0.004242933543653146,0.14166606369046011,0.21214828477654857,0.07577747210701764,7.577747210701764e-06,7.577747210701764e-06,-0.028334071539279405,0.0,0.7251422785740225,1.983364292253352,2.182066867281584,0.7251422785740225
345.0,0.0,0.0,-0.21012150301248414,9.438309657441186,7.1856786488790885,-42.02430060249683,1.0,0.0,6.979774520738171,0.29,0.0,False,0.004165153808330916,0.2101215030124841,0.20825926854067842,0.07577747210701764,7.577747210701764e-06,7.577747210701764e-06,-0.04202557439095103,0.0,0.3166785457434447,2.2526310085620977,2.4585351367030155,0.3166785457434447
346.0,0.0,0.0,-0.2385354299155511,8.724271864839181,7.222329740085769,-47.70708598311022,1.0,0.0,7.020336469191234,0.15,0.0,False,0.004200726167188917,0.2385354299155511,0.21003789996149563,0.07577747210701764,7.577747210701764e-06,7.577747210701764e-06,-0.04770853202110342,0.0,-0.7140377926020047,1.5019421247534126,1.7039353956479477,0.7140377926020047
347.0,0.0,0.0,-0.16002344587512,8.74316527915822,7.365428134944015,-32.004689175024,1.0,0.0,7.052864980226243,0.37,0.0,False,0.00425130834845584,0.16002344587512,0.21256702818979095,0.07577747210701764,7.577747210701764e-06,7.577747210701764e-06,-0.0320056592614494,0.0,0.018893414319038015,1.3777371442142048,1.6903002989319766,0.018893414319038015
348.0,0.0,0.0,-0.15636838339766804,8.770543999708453,7.388587523075485,-31.273676679533608,1.0,0.0,7.123976775226952,0.31,0.0,False,0.004299867162554272,0.15636838339766806,0.21499498729303346,0.07577747210701764,7.577747210701764e-06,7.577747210701764e-06,-0.03127462460841532,0.0,0.027378720550233382,1.3819564766329675,1.646567224481501,0.027378720550233382
349.0,0.0,0.0,-0.1526324562706958,9.09500339261396,7.61242065752297,-30.52649125413916,1.0,0.0,7.179422199177484,0.45,0.0,False,0.004199188805787018,0.1526324562706958,0.20996103130891394,0.07577747210701764,7.577747210701764e-06,7.577747210701764e-06,-0.030527416535263398,0.0,0.3244593929055064,1.4825827350909897,1.9155811934364753,0.3244593929055064
350.0,0.0,0.0,-0.17763282992921423,9.528666104775592,7.6072136964721855,-35.52656598584284,1.0,0.0,7.244161606493008,0.41,0.0,False,0.0041390454509518115,0.17763282992921423,0.20695384077959658,0.07577747210701764,7.577747210701764e-06,7.577747210701764e-06,-0.03552764282302803,0.0,0.43366271216163277,1.9214524083034066,2.284504498282584,0.43366271216163277
351.0,0.0,0.0,-0.21405037969759658,10.366591385467535,7.630689860184228,-42.810075939519315,1.0,0.0,7.318607790487743,0.53,0.0,False,0.004051030615246267,0.21405037969759658,0.2025530656466106,0.07577747210701764,7.577747210701764e-06,7.577747210701764e-06,-0.04281137354542051,0.0,0.8379252806919428,2.7359015252833068,3.047983594979792,0.8379252806919428
352.0,0.0,0.0,-0.29176619533354703,10.15276910540351,7.7836776809516435,-58.353239066709406,1.0,0.0,7.388081206816244,0.42,0.0,False,0.004105047376654196,0.29176619533354703,0.20525392418327526,0.07577747210701764,7.577747210701764e-06,7.577747210701764e-06,-0.05835500779768465,0.0,-0.2138222800640257,2.3690914244518657,2.7646878985872654,0.2138222800640257
353.0,0.0,0.0,-0.26417395826699236,9.878079234606187,7.7336227924311745,-52.83479165339847,1.0,0.0,7.448818885608424,0.36,0.0,False,0.004105129380681424,0.26417395826699236,0.20525802441570698,0.07577747210701764,7.577747210701764e-06,7.577747210701764e-06,-0.05283639311604326,0.0,-0.27468987079732265,2.144456442175012,2.4292603489977624,0.27468987079732265
354.0,0.0,0.0,-0.23280429963903798,9.841722657481247,7.717715892092543,-46.5608599278076,1.0,0.0,7.510929430559818,0.24,0.0,False,0.003940121232799997,0.23280429963903798,0.19700755450213397,0.07577747210701764,7.577747210701764e-06,7.577747210701764e-06,-0.0465622712228189,0.0,-0.03635657712493945,2.124006765388704,2.330793226921429,0.03635657712493945
355.0,0.0,0.0,-0.22301982986195823,9.674701717485648,7.762324673790681,-44.60396597239165,1.0,0.0,7.549948031609198,0.35,0.0,False,0.0038288917482084688,0.22301982986195823,0.1914460381291117,0.07577747210701764,7.577747210701764e-06,7.577747210701764e-06,-0.04460531795246158,0.0,-0.16702093999559864,1.9123770436949679,2.124753685876451,0.16702093999559864
356.0,0.0,0.0,-0.2020528657411541,9.513219883724984,7.754709995606022,-40.410573148230824,1.0,0.0,7.611439859466983,0.14,0.0,False,0.0037408646045523114,0.2020528657411541,0.18704464759393172,0.07577747210701764,7.577747210701764e-06,7.577747210701764e-06,-0.04041179802338082,0.0,-0.16148183376066427,1.7585098881189625,1.9017800242580014,0.16148183376066427
357.0,0.0,0.0,-0.1839775174668077,8.84687168158539,7.7796155992072125,-36.795503493361544,1.0,0.0,7.654096504797121,0.09,0.0,False,0.0038070222417839377,0.18397751746680777,0.19035255452180558,0.07577747210701764,7.577747210701764e-06,7.577747210701764e-06,-0.03679661879300591,0.0,-0.666348202139595,1.0672560823781767,1.1927751767882686,0.666348202139595
358.0,0.0,0.0,-0.11346865598657879,8.712986936890053,7.991647312025177,-22.69373119731576,1.0,0.0,7.673375002300918,0.32,0.0,False,0.003610877749053073,0.11346865598657879,0.1805452555685932,0.07577747210701764,7.577747210701764e-06,7.577747210701764e-06,-0.0226944190615364,0.0,-0.13388474469533662,0.7213396248648758,1.0396119345891348,0.13388474469533662
359.0,0.0,0.0,-0.0930159066209753,8.676492780679489,8.136342231703061,-18.60318132419506,1.0,0.0,7.712142129880032,0.47,0.0,False,0.0037338429062918435,0.0930159066209753,0.1866935600204756,0.07577747210701764,7.577747210701764e-06,7.577747210701764e-06,-0.018603745200743687,0.0,-0.036494156210563844,0.5401505489764276,0.9643506507994566,0.036494156210563844
360.0,0.0,0.0,-0.08389287286148141,7.539219144559161,8.084390963134597,-16.778574572296282,1.0,0.0,7.782792628128954,0.27,0.0,False,0.0038093897939446217,0.08389287286148144,0.1904709330268754,0.07577747210701764,7.577747210701764e-06,7.577747210701764e-06,-0.016779083143629102,0.0,-1.1372736361203275,-0.5451718185754357,-0.2435734835697927,1.1372736361203275
361.0,0.0,0.0,0.03586754375617759,8.350619077169005,8.126732464970047,7.173508751235517,1.0,0.0,7.837532266115509,0.41,0.0,False,0.0037326968832273153,0.03586754375617758,0.18663625843303552,0.07577747210701764,7.577747210701764e-06,7.577747210701764e-06,0.007173726185731569,0.0,0.8113999326098442,0.22388661219895845,0.5130868110534967,0.8113999326098442
362.0,0.0,0.0,-0.042171938745425665,8.652089227894011,8.156858818107217,-8.434387749085133,1.0,0.0,7.897908171879919,0.16,0.0,False,0.003862588209187753,0.042171938745425665,0.19313087394523903,0.07577747210701764,7.577747210701764e-06,7.577747210701764e-06,-0.008434643401780812,0.0,0.30147015072500594,0.4952304097867941,0.754181056014092,0.30147015072500594
363.0,0.0,0.0,-0.06950693219901757,8.168700409790034,7.941477737004229,-13.901386439803515,1.0,0.0,7.92888371130019,-0.19,0.0,False,0.003951776121530789,0.06950693219901757,0.19759030335456357,0.07577747210701764,7.577747210701764e-06,7.577747210701764e-06,-0.013901807801379807,0.0,-0.48338881810397716,0.2272226727858051,0.239816698489844,0.48338881810397716
364.0,0.0,0.0,-0.02169159477257679,7.861701347847443,8.017190446640617,-4.3383189545153575,1.0,0.0,7.956993570605756,0.02,0.0,False,0.0038362502166232374,0.02169159477257679,0.19181396433788078,0.07577747210701764,7.577747210701764e-06,7.577747210701764e-06,-0.004338450452256324,0.0,-0.30699906194259086,-0.15548909879317385,-0.09529222275831284,0.30699906194259086
365.0,0.0,0.0,0.012849753089552803,8.145155775046383,8.159548611823169,2.5699506179105605,1.0,0.0,7.951776243393177,0.13,0.0,False,0.003990737519346315,0.012849753089552803,0.19953838800732104,0.07577747210701764,7.577747210701764e-06,7.577747210701764e-06,0.0025700285150647793,0.0,0.2834544271989401,-0.0143928367767856,0.1933795316532061,0.2834544271989401
366.0,0.0,0.0,-0.012019998717723652,8.14992680691758,8.170487029286107,-2.4039997435447304,1.0,0.0,7.990203747352004,0.21,0.0,False,0.004032336822055832,0.012019998717723652,0.2016183689042469,0.07577747210701764,7.577747210701764e-06,7.577747210701764e-06,-0.0024040726106019645,0.0,0.004771031871197096,-0.020560222368526837,0.15972305956557697,0.004771031871197096
367.0,0.0,0.0,-0.009401367625116994,8.35862629620859,8.131366376754416,-1.8802735250233986,1.0,0.0,8.02495123364356,0.04,0.0,False,0.004053116586498377,0.009412350138652981,0.20265736499956424,0.07577747210701764,7.577747210701764e-06,7.577747210701764e-06,-0.0018803305175413604,0.0,0.2086994892910088,0.22725991945417334,0.33367506256503,0.2086994892910088
368.0,0.0,0.0,-0.028133281195778386,8.437915303427326,8.210104585558108,-5.626656239155677,1.0,0.0,8.055909568607046,0.19,0.0,False,0.003849991956704738,0.028133281195778386,0.19250105654852748,0.07577747210701764,7.577747210701764e-06,7.577747210701764e-06,-0.005626826787377788,0.0,0.07928900721873688,0.22781071786921814,0.38200573482028055,0.07928900721873688
369.0,0.0,0.0,-0.03672098145176695,8.470407637957205,8.03497856709693,-7.34419629035339,1.0,0.0,8.07728282490615,0.01,0.0,False,0.003833652861903053,0.03672098145176695,0.1916840956177667,0.07577747210701764,7.577747210701764e-06,7.577747210701764e-06,-0.007344418898518331,0.0,0.032492334529878875,0.43542907086027505,0.3931248130510543,0.032492334529878875
370.0,0.0,0.0,-0.03820781307860896,8.774783966761367,8.114161728185557,-7.641562615721792,1.0,0.0,8.070691575793917,-0.02,0.0,False,0.003765515157781887,0.03820781307860896,0.18827718459519355,0.07577747210701764,7.577747210701764e-06,7.577747210701764e-06,-0.007641794237285802,0.0,0.3043763288041621,0.6606222385758098,0.7040923909674497,0.3043763288041621
371.0,0.0,0.0,-0.06605585359404899,9.158987627995538,8.155570854133739,-13.211170718809798,1.0,0.0,8.088315030713666,0.06,0.0,False,0.0037656475498108856,0.06605585359404899,0.18828380424680516,0.07577747210701764,7.577747210701764e-06,7.577747210701764e-06,-0.013211571159423605,0.0,0.3842036612341708,1.0034167738617992,1.070672597281872,0.3842036612341708
372.0,0.0,0.0,-0.10210604572330363,8.910218979269308,8.311828611180182,-20.421209144660725,1.0,0.0,8.11420040309286,0.12,0.0,False,0.0037720652447980996,0.1021060457233036,0.18860469142774938,0.07577747210701764,7.577747210701764e-06,7.577747210701764e-06,-0.020421828127012754,0.0,-0.24876864872623017,0.5983903680891256,0.7960185761764471,0.24876864872623017
373.0,0.0,0.0,-0.07210573317741609,9.132148140710656,8.249672697361419,-14.421146635483217,1.0,0.0,8.137888484072343,0.15,0.0,False,0.0038848749936782564,0.07210573317741607,0.1942452216139452,0.07577747210701764,7.577747210701764e-06,7.577747210701764e-06,-0.014421583751385619,0.0,0.22192916144134855,0.8824754433492377,0.9942596566383131,0.22192916144134855
374.0,0.0,0.0,-0.08983991689207593,7.695161699565363,8.32079754432131,-17.967983378415187,1.0,0.0,8.189134327544226,0.08,0.0,False,0.003962084241222668,0.08983991689207596,0.19810571324477372,0.07577747210701764,7.577747210701764e-06,7.577747210701764e-06,-0.017968528001631862,0.0,-1.4369864411452937,-0.6256358447559478,-0.493972627978863,1.4369864411452937
375.0,0.0,0.0,0.056669546453505054,8.2854408015283,8.428722339920425,11.33390929070101,1.0,0.0,8.233714932580916,0.09,0.0,False,0.003952465799244328,0.05666954645350504,0.19762478750155069,0.07577747210701764,7.577747210701764e-06,7.577747210701764e-06,0.0113342528300958,0.0,0.5902791019629365,-0.14328153839212554,0.051725868947382736,0.5902791019629365
376.0,0.0,0.0,0.002693388895476424,8.90866323381771,8.505192042484747,0.5386777790952848,1.0,0.0,8.261878635475291,0.32,0.0,False,0.003947161701049411,0.003947021273637065,0.19735958058214903,0.07577747210701764,7.577747210701764e-06,7.577747210701764e-06,0.0005386941068277089,0.0,0.6232224322894115,0.4034711913329634,0.6467845983424194,0.6232224322894115
377.0,0.0,0.0,-0.053501922644409644,9.884072113163416,8.53470519877961,-10.700384528881928,1.0,0.0,8.312375710974074,0.31,0.0,False,0.003960008655305169,0.05350192264440963,0.19800193316248552,0.07577747210701764,7.577747210701764e-06,7.577747210701764e-06,-0.010700708865660245,0.0,0.9754088793457054,1.3493669143838058,1.5716964021893425,0.9754088793457054
378.0,0.0,0.0,-0.14692915639440654,9.81007773292646,8.60357726300325,-29.38583127888131,1.0,0.0,8.37362373617136,0.23,0.0,False,0.004011440923614151,0.1469291563944065,0.20057356606497104,0.07577747210701764,7.577747210701764e-06,7.577747210701764e-06,-0.02938672198573576,0.0,-0.07399438023695559,1.2065004699232098,1.4364539967551,0.07399438023695559
379.0,0.0,0.0,-0.13372276996485832,10.355370108399832,8.777096899678332,-26.744553992971667,1.0,0.0,8.4147248796191,0.32,0.0,False,0.0039344662205448395,0.13372276996485832,0.19672480174676338,0.07577747210701764,7.577747210701764e-06,7.577747210701764e-06,-0.026745364640706447,0.0,0.5452923754733714,1.5782732087215,1.9406452287807312,0.5452923754733714
380.0,0.0,0.0,-0.18167249095337895,10.658631130256037,8.83376992974528,-36.33449819067579,1.0,0.0,8.472799367410524,0.52,0.0,False,0.0039495399952098505,0.18167249095337895,0.19747849619127664,0.07577747210701764,7.577747210701764e-06,7.577747210701764e-06,-0.03633559951689944,0.0,0.30326102185620485,1.8248612005107567,2.1858317628455133,0.30326102185620485
381.0,0.0,0.0,-0.20526587762319623,10.343040132655645,8.778408167068326,-41.053175524639244,1.0,0.0,8.538576365455464,0.36,0.0,False,0.004224137347454338,0.20526587762319617,0.21120846784496697,0.07577747210701764,7.577747210701764e-06,7.577747210701764e-06,-0.0410544198775551,0.0,-0.3155909976003919,1.5646319655873189,1.8044637672001809,0.3155909976003919
382.0,0.0,0.0,-0.16842041170257668,9.393009471524046,8.837912885287595,-33.68408234051534,1.0,0.0,8.605894581377497,0.32,0.0,False,0.0040846685243033885,0.16842041170257668,0.20423497384444528,0.07577747210701764,7.577747210701764e-06,7.577747210701764e-06,-0.03368510333062251,0.0,-0.9500306611315992,0.5550965862364503,0.7871148901465492,0.9500306611315992
383.0,0.0,0.0,-0.06877487916472835,8.565496190803312,8.846931786201836,-13.754975832945671,1.0,0.0,8.658772203264629,0.32,0.0,False,0.004125042436200391,0.06877487916472835,0.2062536847364603,0.07577747210701764,7.577747210701764e-06,7.577747210701764e-06,-0.013755392756705322,0.0,-0.8275132807207335,-0.2814355953985235,-0.09327601246131678,0.8275132807207335
384.0,0.0,0.0,0.019689838037553756,8.106857734170651,8.836291746528559,3.9379676075107515,1.0,0.0,8.705234621944324,0.21,0.0,False,0.0038478689315976622,0.019689838037553756,0.1923949044887863,0.07577747210701764,7.577747210701764e-06,7.577747210701764e-06,0.003938086970298462,0.0,-0.4586384566326611,-0.729434012357908,-0.5983768877736733,0.4586384566326611
385.0,0.0,0.0,0.06893846335024963,9.143907300756482,8.898507552123505,13.787692670049925,1.0,0.0,8.762402031409612,0.24,0.0,False,0.003797706462603959,0.06893846335024963,0.18988676203317567,0.07577747210701764,7.577747210701764e-06,7.577747210701764e-06,0.013788110585481744,0.0,1.0370495665858304,0.24539974863297687,0.381505269346869,1.0370495665858304
386.0,0.0,0.0,-0.03377776595835311,9.36831051942715,8.827399716145703,-6.755553191670622,1.0,0.0,8.796268487585564,0.04,0.0,False,0.003888790704017157,0.03377776595835311,0.19444100861450336,0.07577747210701764,7.577747210701764e-06,7.577747210701764e-06,-0.006755757957616371,0.0,0.22440321867066793,0.5409108032814469,0.5720420318415851,0.22440321867066793
387.0,0.0,0.0,-0.05363763057145911,9.605865183854831,8.84014646671289,-10.727526114291821,1.0,0.0,8.806116843204363,-0.05,0.0,False,0.0038888716859074705,0.0536376305714591,0.19444505773970205,0.07577747210701764,7.577747210701764e-06,7.577747210701764e-06,-0.010727851273752196,0.0,0.23755466442768203,0.765718717141942,0.7997483406504688,0.23755466442768203
388.0,0.0,0.0,-0.07499889931112516,9.487287591397976,8.927190705376216,-14.999779862225031,1.0,0.0,8.831913891092286,0.13,0.0,False,0.003866139120819152,0.07499889931112516,0.19330842087220457,0.07577747210701764,7.577747210701764e-06,7.577747210701764e-06,-0.015000234516939808,0.0,-0.11857759245685529,0.5600968860217606,0.6553737003056899,0.11857759245685529
389.0,0.0,0.0,-0.06102560922629941,8.706005889147315,9.024396622911421,-12.205121845259882,1.0,0.0,8.855847774608577,0.04,0.0,False,0.003978271215420051,0.06102560922629941,0.19891506808768286,0.07577747210701764,7.577747210701764e-06,7.577747210701764e-06,-0.012205491791768587,0.0,-0.7812817022506611,-0.3183907337641063,-0.14984188546126198,0.7812817022506611
390.0,0.0,0.0,0.02306423357665929,8.830893040033462,9.165436580589997,4.612846715331858,1.0,0.0,8.877008377302978,0.33,0.0,False,0.004040816451787323,0.023064233576659286,0.20204235360364595,0.07577747210701764,7.577747210701764e-06,7.577747210701764e-06,0.0046129865342176635,0.0,0.12488715088614732,-0.3345435405565347,-0.04611533726951578,0.12488715088614732
391.0,0.0,0.0,0.01552790309504273,8.005259892229773,9.193062229554325,3.105580619008546,1.0,0.0,8.93665696366049,0.35,0.0,False,0.0037986142808220024,0.015527903095042728,0.18993215328803867,0.07577747210701764,7.577747210701764e-06,7.577747210701764e-06,0.003105674751514724,0.0,-0.8256331478036891,-1.1878023373245519,-0.931397071430716,0.8256331478036891
392.0,0.0,0.0,0.10387699782292797,7.9644150183732005,9.322192166878613,20.775399564585594,1.0,0.0,8.986177954310108,0.41,0.0,False,0.0039496862637339635,0.10387699782292796,0.1974858096729016,0.07577747210701764,7.577747210701764e-06,7.577747210701764e-06,0.020776029282718135,0.0,-0.04084487385657276,-1.3577771485054129,-1.0217629359369074,0.04084487385657276
393.0,0.0,0.0,0.11320936488342744,7.759547341415317,9.298335802470818,22.641872976685487,1.0,0.0,9.044069228140577,0.33,0.0,False,0.004008415453305616,0.11320936488342744,0.2004222914032318,0.07577747210701764,7.577747210701764e-06,7.577747210701764e-06,0.022642559269044092,0.0,-0.20486767695788366,-1.5387884610555016,-1.2845218867252601,0.20486767695788366
394.0,0.0,0.0,0.13647193183996228,7.193971524643888,9.267453450609011,27.294386367992455,1.0,0.0,9.096551560804922,0.08,0.0,False,0.004001885382320847,0.13647193183996228,0.200095785379832,0.07577747210701764,7.577747210701764e-06,7.577747210701764e-06,0.02729521368156393,0.0,-0.5655758167714291,-2.0734819259651234,-1.9025800361610345,0.5655758167714291
395.0,0.0,0.0,0.19736200666885548,7.257567067495943,9.232596371048139,39.472401333771096,1.0,0.0,9.12431836730498,0.23,0.0,False,0.0035881489099171705,0.19736200666885548,0.17940880500012812,0.07577747210701764,7.577747210701764e-06,7.577747210701764e-06,0.039473597772221175,0.0,0.06359554285205515,-1.975029303552196,-1.866751299809037,0.06359554285205515
396.0,0.0,0.0,0.19166843107531353,6.846053628582002,9.112487109011854,38.333686215062706,1.0,0.0,9.167666369302218,0.03,0.0,False,0.0037351568973073165,0.19166843107531356,0.18675926006910382,0.07577747210701764,7.577747210701764e-06,7.577747210701764e-06,0.03833484813819308,0.0,-0.411513438913941,-2.2664334804298516,-2.321612740720216,0.411513438913941
397.0,0.0,0.0,0.23322699667276772,6.0642363292977555,9.173200712248757,46.645399334553545,1.0,0.0,9.174323998995025,-0.1,0.0,False,0.003852723764394926,0.23322699667276772,0.19263764796808427,0.07577747210701764,7.577747210701764e-06,7.577747210701764e-06,0.046646813192018445,0.0,-0.7818172992842465,-3.108964382951002,-3.1100876696972692,0.7818172992842465
398.0,0.0,0.0,0.3127720783589181,5.630999933846299,9.155352539786028,62.55441567178363,1.0,0.0,9.178411962070852,-0.09,0.0,False,0.0039655012921910975,0.3127720783589181,0.1982765670878727,0.07577747210701764,7.577747210701764e-06,7.577747210701764e-06,0.0625563117436111,0.0,-0.4332363954514564,-3.524352605939729,-3.547412028224553,0.4332363954514564
399.0,0.0,0.0,0.35570686384661193,6.124850574509249,9.178895432312386,71.14137276932239,1.0,0.0,9.192075618274151,-0.01,0.0,False,0.004114558916052709,0.35570686384661193,0.205729504757003,0.07577747210701764,7.577747210701764e-06,7.577747210701764e-06,0.07114352911833832,0.0,0.49385064066295037,-3.0540448578031363,-3.0672250437649016,0.49385064066295037
