t,mean_abs_delta_real,mean_abs_delta_planning,mean_action,price,v_true,total_demand,mean_k,xs_k_std,mean_belief,mean_correctness,mean_salience,regime_post,xs_action_std,xs_action_mean_abs,xs_belief_std,xs_sigma_mean,xs_rho_mean,xs_rho_max,mean_myopic_term,mean_hedging_term,ret,mispricing_true,mispricing_belief,vol_proxy
0.0,0.0,0.0,-0.006699506963130114,0.3610669574729782,-0.1342940099469868,-1.3399013926260228,3.0,0.0,0.0,-0.76,0.0,False,0.013511327847691731,0.011955266587550712,0.6755787479461467,0.18289189189189195,1.8289189189189194e-05,1.8289189189189194e-05,-0.0013399994136735552,0.0,0.0,0.49536096741996494,0.3610669574729782,0.0
1.0,0.0,0.0,-0.042882315264966414,0.6961858330667497,-0.048919869454175396,-8.576463052993283,3.0,0.0,-0.06700119605881726,0.18,0.0,False,0.010303800068524096,0.042882315264966414,0.5151953356276863,0.10349970779853253,1.0349970779853254e-05,1.0349970779853254e-05,-0.008576818113886381,0.0,0.33511887559377157,0.7451057025209251,0.763187029125567,0.33511887559377157
2.0,0.0,0.0,-0.07298371219456093,0.7946514560161242,-0.07065452219576993,-14.596742438912186,3.0,0.0,-0.06777838671218399,0.15,0.0,False,0.00871484899440701,0.07298371219456092,0.4357457288869043,0.07525469588680311,7.525469588680311e-06,7.525469588680309e-06,-0.01459718182497086,0.0,0.09846562294937444,0.8653059782118941,0.8624298427283081,0.09846562294937444
3.0,0.0,0.0,-0.08759271821426184,1.4421589606198824,-0.20165467212033994,-17.518543642852368,3.0,0.0,-0.03367875071418837,0.14,0.0,False,0.007705347546924416,0.08759271821426182,0.3852697544876399,0.061701082387537146,6.170108238753715e-06,6.170108238753715e-06,-0.01751897600542649,0.0,0.6475075046037582,1.6438136327402222,1.4758377113340708,0.6475075046037582
4.0,0.0,0.0,-0.15788442656119422,1.1749463409430645,-0.32500439133420905,-31.576885312238844,3.0,0.0,-0.0813027489541097,0.13,0.0,False,0.006711797415609473,0.1578844265611942,0.33559169222279955,0.05427584335912398,5.427584335912399e-06,5.4275843359123984e-06,-0.031577570853350403,0.0,-0.26721261967681786,1.4999507322772736,1.256249089897174,0.26721261967681786
5.0,0.0,0.0,-0.13688567362827697,1.4855273227327856,-0.3875554179726798,-27.37713472565539,3.0,0.0,-0.13672815154408421,0.07,0.0,False,0.006559445859217204,0.13688567362827694,0.3279739299121217,0.049911266793667725,4.991126679366772e-06,4.991126679366772e-06,-0.02737768129391754,0.0,0.31058098178972116,1.8730827407054655,1.6222554742768698,0.31058098178972116
6.0,0.0,0.0,-0.16481551734268202,1.1068607941239406,-0.3028582540992486,-32.9631034685364,3.0,0.0,-0.19394455602658892,0.0,0.0,False,0.005924651760312868,0.16481551734268202,0.29623398738785095,0.04723896911451465,4.723896911451467e-06,4.723896911451466e-06,-0.03296372632280475,0.0,-0.3786665286088451,1.4097190482231892,1.3008053501505294,0.3786665286088451
7.0,0.0,0.0,-0.13107850848930896,2.1709767937448383,-0.32478587018791655,-26.215701697861792,3.0,0.0,-0.1626667792696999,0.16,0.0,False,0.005530154763571337,0.13107850848930896,0.2765089979966709,0.04556176663690604,4.5561766636906065e-06,4.556176663690606e-06,-0.026216179469158173,0.0,1.0641159996208978,2.495762663932755,2.3336435730145384,1.0641159996208978
8.0,0.0,0.0,-0.2389700934501491,1.9853716829980923,-0.268711392939338,-47.79401869002982,3.0,0.0,-0.20395415161122368,0.1,0.0,False,0.005298012181722796,0.2389700934501491,0.26490178770033357,0.044492694745204016,4.449269474520401e-06,4.449269474520402e-06,-0.04779486928011899,0.0,-0.18560511074674602,2.25408307593743,2.189325834609316,0.18560511074674602
9.0,0.0,0.0,-0.21978715104197033,1.9790597789524027,-0.21151947616208183,-43.957430208394065,3.0,0.0,-0.21877730287375777,-0.03,0.0,False,0.005327280116583351,0.2197871510419703,0.26636517262384785,0.04380451768299382,4.380451768299385e-06,4.380451768299384e-06,-0.0439582004186317,0.0,-0.006311904045689598,2.1905792551144847,2.1978370818261603,0.006311904045689598
10.0,0.0,0.0,-0.21418948200490928,1.950691108736831,-0.07803975969445795,-42.837896400981855,3.0,0.0,-0.21254796577233037,0.1,0.0,False,0.005549733284633557,0.21418948200490928,0.2774878673783155,0.0433587192744284,4.335871927442841e-06,4.3358719274428405e-06,-0.04283863935629023,0.0,-0.028368670215571656,2.028730868431289,2.1632390745091614,0.028368670215571656
11.0,0.0,0.0,-0.20528806994338336,1.7143947397889003,-0.08743064493454886,-41.05761398867667,3.0,0.0,-0.16288147600479874,0.19,0.0,False,0.0052114545899781825,0.20528806994338336,0.26057385175306436,0.04306874926707378,4.3068749267073785e-06,4.306874926707378e-06,-0.041058321305663316,0.0,-0.2362963689479307,1.801825384723449,1.877276215793699,0.2362963689479307
12.0,0.0,0.0,-0.18148226396307787,1.3406330422910722,-0.10830688757159872,-36.296452792615575,3.0,0.0,-0.10223379819906267,0.03,0.0,False,0.005333235635529397,0.18148226396307787,0.2666629252124815,0.042879635920764284,4.287963592076431e-06,4.28796359207643e-06,-0.036297075341418454,0.0,-0.37376169749782817,1.4489399298626708,1.4428668404901348,0.37376169749782817
13.0,0.0,0.0,-0.1467916352628266,0.8583892417208059,-0.2697011900771853,-29.358327052565322,3.0,0.0,-0.10046680930890046,-0.07,0.0,False,0.005547526079373529,0.1467916352628266,0.2773774899211759,0.04275608559413131,4.2756085594131314e-06,4.275608559413132e-06,-0.029358829149276292,0.0,-0.4822438005702663,1.1280904317979912,0.9588560510297064,0.4822438005702663
14.0,0.0,0.0,-0.10189285898098363,0.92354815278801,-0.3578164296158253,-20.378571796196727,3.0,0.0,-0.12731469151580266,0.09,0.0,False,0.005323059996516079,0.10189285898098366,0.266154135641105,0.042675277071923805,4.26752770719238e-06,4.267527707192379e-06,-0.020378919659191305,0.0,0.06515891106720406,1.2813645824038353,1.0508628443038126,0.06515891106720406
15.0,0.0,0.0,-0.11704021669738401,1.0582917182066933,-0.391931436260385,-23.4080433394768,3.0,0.0,-0.16056108961897364,0.19,0.0,False,0.005296452938648191,0.11704021669738401,0.2648237756696869,0.04262238484319971,4.2622384843199725e-06,4.262238484319972e-06,-0.02340844242042847,0.0,0.13474356541868338,1.4502231544670783,1.2188528078256669,0.13474356541868338
16.0,0.0,0.0,-0.13657993191661705,0.020876117359776458,-0.39927027986410585,-27.31598638332341,3.0,0.0,-0.24687895685162084,0.13,0.0,False,0.005273839998766292,0.13657993191661702,0.2636931229431618,0.04258774810914817,4.2587748109148164e-06,4.258774810914817e-06,-0.02731645171188064,0.0,-1.0374156008469169,0.4201463972238823,0.2677550742113973,1.0374156008469169
17.0,0.0,0.0,-0.03715339584649476,-0.39177147566950304,-0.5589141247344922,-7.430679169298952,3.0,0.0,-0.30753668411816215,0.11,0.0,False,0.005229066183028403,0.03715339584649477,0.26145442202897,0.042565058879555154,4.256505887955516e-06,4.256505887955516e-06,-0.007430805683678988,0.0,-0.4126475930292795,0.16714264906498916,-0.08423479155134089,0.4126475930292795
18.0,0.0,0.0,0.0060441066924180106,-0.9864319009660023,-0.3320529720773041,1.2088213384836022,3.0,0.0,-0.35066574828758024,-0.08,0.0,False,0.005423331174908044,0.006730457023597626,0.27116771256434113,0.042550192925283656,4.255019292528367e-06,4.2550192925283665e-06,0.0012088419126285242,0.0,-0.5946604252964993,-0.6543789288886982,-0.6357661526784221,0.5946604252964993
19.0,0.0,0.0,0.06401793463401861,-1.1107694941573902,-0.377639346867386,12.803586926803723,3.0,0.0,-0.33132912285579386,0.12,0.0,False,0.005029216854019212,0.0640179346340186,0.25146191242673754,0.0425404514451206,4.254045144512061e-06,4.254045144512061e-06,0.012803804794024098,0.0,-0.12433759319138793,-0.7331301472900043,-0.7794403713015964,0.12433759319138793
20.0,0.0,0.0,0.07697918614168042,-1.4815598301776614,-0.23666027459479047,15.395837228336084,3.0,0.0,-0.34623893786661664,0.07,0.0,False,0.004932866160322356,0.07697918614168042,0.24664435709042654,0.04253406740151187,4.253406740151185e-06,4.253406740151186e-06,0.015396099166253303,0.0,-0.3707903360202711,-1.2448995555828708,-1.1353208923110447,0.3707903360202711
21.0,0.0,0.0,0.12169887450191429,-1.2197567366289217,-0.16323880408976044,24.339774900382857,3.0,0.0,-0.3409612615511268,0.11,0.0,False,0.00490819092161982,0.1216988745019143,0.24541058980492889,0.04252988339718566,4.252988339718564e-06,4.252988339718564e-06,0.0243401889657372,0.0,0.26180309354873965,-1.0565179325391614,-0.8787954750777949,0.26180309354873965
22.0,0.0,0.0,0.0906904444496286,-1.1461334470870006,-0.21999484131197,18.13808888992572,3.0,0.0,-0.2645452059638085,-0.07,0.0,False,0.005084046245650919,0.0906904444496286,0.2542033933323077,0.042527141159834476,4.252714115983449e-06,4.252714115983449e-06,0.018138397433040205,0.0,0.0736232895419211,-0.9261386057750306,-0.8815882411231921,0.0736232895419211
23.0,0.0,0.0,0.08309378344260587,-1.0803165868533655,-0.3497615843134203,16.618756688521174,3.0,0.0,-0.3128330081059713,-0.04,0.0,False,0.005044751699638086,0.08309378344260587,0.252238657630907,0.04252534382553204,4.252534382553201e-06,4.252534382553203e-06,0.016619039374655895,0.0,0.06581686023363509,-0.7305550025399452,-0.7674835787473941,0.06581686023363509
24.0,0.0,0.0,0.07898734367259144,-0.3364940530862863,-0.18118889592233195,15.797468734518288,3.0,0.0,-0.3151779447023885,0.06,0.0,False,0.00506918240811434,0.07898734367259143,0.2534601982194826,0.04252416578609152,4.252416578609152e-06,4.252416578609151e-06,0.015797737443047407,0.0,0.7438225337670792,-0.15530515716395438,-0.021316108383897803,0.7438225337670792
25.0,0.0,0.0,0.010265000044932132,-0.4194369265230307,-0.1562801391079921,2.0530000089864266,3.0,0.0,-0.29042635577296483,0.08,0.0,False,0.004947320385654385,0.010280176553960291,0.2473670711669805,0.042523393647102156,4.252339364710216e-06,4.252339364710216e-06,0.0020530349290489493,0.0,-0.08294287343674439,-0.2631567874150386,-0.1290105707500659,0.08294287343674439
26.0,0.0,0.0,0.024386884214196772,-0.1478360722467416,-0.040860212489778946,4.877376842839355,3.0,0.0,-0.23384187012377658,0.2,0.0,False,0.004763257823463359,0.02438688421419677,0.23816390391055195,0.042522887549586885,4.252288754958689e-06,4.252288754958688e-06,0.0048774598025453945,0.0,0.2716008542762891,-0.10697585975696267,0.08600579787703497,0.2716008542762891
27.0,0.0,0.0,0.0012951728860092486,-1.035635666669873,0.08881549435475425,0.25903457720184975,3.0,0.0,-0.17556289937738742,0.16,0.0,False,0.0050220778944091585,0.004246525251942118,0.2511049624783961,0.04252255582707921,4.252255582707923e-06,4.252255582707922e-06,0.00025903898310802273,0.0,-0.8877995944231314,-1.1244511610246273,-0.8600727672924855,0.8877995944231314
28.0,0.0,0.0,0.09847095039911069,-2.384434852961936,0.14392333522721668,19.69419007982214,3.0,0.0,-0.13488406801634237,0.21,0.0,False,0.0051652276340657995,0.09847095039911072,0.2582624798910768,0.04252233839831703,4.252233839831701e-06,4.252233839831702e-06,0.019694525055603773,0.0,-1.348799186292063,-2.5283581881891526,-2.2495507849455936,1.348799186292063
29.0,0.0,0.0,0.24638251237049186,-2.600672208675152,0.19314313776286718,49.27650247409837,3.0,0.0,-0.05090522660338916,0.3,0.0,False,0.005170487569132311,0.24638251237049189,0.2585254777590418,0.04252219588353538,4.252219588353537e-06,4.252219588353538e-06,0.04927734060857074,0.0,-0.21623735571321623,-2.793815346438019,-2.549766982071763,0.21623735571321623
30.0,0.0,0.0,0.2676555490803008,-2.9631832876498274,0.21432981260716594,53.531109816060166,3.0,0.0,0.07944265437025075,-0.02,0.0,False,0.005173388744763778,0.2676555490803008,0.25867053715502064,0.042522102471379226,4.2522102471379225e-06,4.2522102471379225e-06,0.053532020314323345,0.0,-0.36251107897467527,-3.177513100256993,-3.042625942020078,0.36251107897467527
31.0,0.0,0.0,0.313139636665853,-2.651575717411224,0.3910307958110869,62.6279273331706,3.0,0.0,0.07594018851128213,0.4,0.0,False,0.004629502100199442,0.313139636665853,0.23147608928936822,0.042522041243776856,4.252204124377685e-06,4.252204124377686e-06,0.06262899255556464,0.0,0.3116075702386034,-3.042606513222311,-2.7275159059225063,0.3116075702386034
32.0,0.0,0.0,0.2866725926240732,-2.17470358680508,0.34204558226390747,57.33451852481464,3.0,0.0,0.1682796556914271,0.06,0.0,False,0.00481098329759122,0.28667259262407324,0.24055018774274678,0.04252200111172609,4.252200111172611e-06,4.25220011117261e-06,0.05733549371205216,0.0,0.47687213060614386,-2.5167491690689876,-2.342983242496507,0.47687213060614386
33.0,0.0,0.0,0.2405931640096055,-1.872006324692317,0.2885485597616187,48.1186328019211,3.0,0.0,0.2152111582910209,0.1,0.0,False,0.004757345551639311,0.2405931640096055,0.23786828904060403,0.04252197480688926,4.2521974806889265e-06,4.252197480688927e-06,0.04811945123815766,0.0,0.30269726211276304,-2.1605548844539357,-2.087217482983338,0.30269726211276304
34.0,0.0,0.0,0.2143855819679771,-1.3696487326722755,0.3444620984651485,42.87711639359542,3.0,0.0,0.23127920577326955,0.02,0.0,False,0.00502607021523966,0.21438558196797708,0.25130457935370504,0.042521957565193544,4.2521957565193565e-06,4.252195756519356e-06,0.042877845678063874,0.0,0.5023575920200416,-1.714110831137424,-1.600927938445545,0.5023575920200416
35.0,0.0,0.0,0.16426574980716208,-0.8810265441906303,0.319301688914594,32.853149961432415,3.0,0.0,0.2718950754605487,-0.02,0.0,False,0.005198803726053485,0.16426574980716208,0.2599412916189376,0.04252194626399751,4.252194626399752e-06,4.252194626399751e-06,0.03285370875100723,0.0,0.4886221884816452,-1.2003282331052243,-1.152921619651179,0.4886221884816452
36.0,0.0,0.0,0.12014105433980644,-0.2979144237337935,0.3195829441363085,24.02821086796129,3.0,0.0,0.2730436898962764,0.16,0.0,False,0.004827173350937814,0.12014105433980646,0.2413596938507411,0.04252193885654483,4.2521938856544815e-06,4.252193885654482e-06,0.0240286195566688,0.0,0.5831121204568368,-0.617497367870102,-0.5709581136300699,0.5831121204568368
37.0,0.0,0.0,0.06329974777423561,-0.2908618657060089,0.4626697970148316,12.659949554847122,3.0,0.0,0.3204095423602675,-0.03,0.0,False,0.00499150291146727,0.06329974777423561,0.2495762068151503,0.04252193400127473,4.2521934001274746e-06,4.252193400127474e-06,0.012660164884147262,0.0,0.0070525580277845945,-0.7535316627208405,-0.6112714080662764,0.0070525580277845945
38.0,0.0,0.0,0.06861291799618047,-0.8635834525683584,0.5540015046382445,13.722583599236092,3.0,0.0,0.3350965121470477,0.21,0.0,False,0.005034408423450106,0.06861291799618047,0.25172149153633877,0.042521930818851625,4.2521930818851625e-06,4.2521930818851625e-06,0.013722817002543792,0.0,-0.5727215868623495,-1.417584957206603,-1.198679964715406,0.5727215868623495
39.0,0.0,0.0,0.13346929607071317,-1.4077873538918286,0.5831322474701647,26.693859214142634,3.0,0.0,0.3952819020245568,0.15,0.0,False,0.004829220030223716,0.13346929607071317,0.24146202824993562,0.04252192873290852,4.252192873290852e-06,4.252192873290853e-06,0.02669431324196366,0.0,-0.5442039013234702,-1.9909196013619934,-1.8030692559163854,0.5442039013234702
40.0,0.0,0.0,0.19516041375229723,-0.5869366086442602,0.7126630162673524,39.032082750459445,3.0,0.0,0.471137884998251,0.25,0.0,False,0.004980145720618044,0.19516041375229723,0.2490083448578752,0.04252192736566145,4.2521927365661454e-06,4.252192736566145e-06,0.03903274663539152,0.0,0.8208507452475684,-1.2995996249116126,-1.0580744936425113,0.8208507452475684
41.0,0.0,0.0,0.1189742063300965,-0.3729350329498131,0.9004356291231251,23.7948412660193,3.0,0.0,0.5438582766158336,0.29,0.0,False,0.004622132875556766,0.11897420633009652,0.2311076264878096,0.04252192646948904,4.252192646948904e-06,4.252192646948905e-06,0.02379524598529461,0.0,0.2140015756944471,-1.2733706620729381,-0.9167933095656468,0.2140015756944471
42.0,0.0,0.0,0.10764543093053794,-0.313943194577765,1.13694048610965,21.529086186107588,3.0,0.0,0.6028307497189707,0.34,0.0,False,0.004649938569738497,0.10764543093053795,0.23249791710864093,0.04252192588208612,4.252192588208611e-06,4.252192588208612e-06,0.021529452367833372,0.0,0.05899183837204813,-1.450883680687415,-0.9167739442967356,0.05899183837204813
43.0,0.0,0.0,0.11507950424634915,-0.5436600107409086,1.1647011220434007,23.01590084926983,3.0,0.0,0.7035421628107447,0.55,0.0,False,0.004741409367462277,0.11507950424634915,0.2370714764423932,0.042521925497068444,4.252192549706844e-06,4.252192549706844e-06,0.023016292319773677,0.0,-0.22971681616314366,-1.7083611327843093,-1.2472021735516532,0.22971681616314366
44.0,0.0,0.0,0.13990754548632842,-1.0427952425653797,1.083459432721559,27.981509097265683,3.0,0.0,0.836876314896255,0.05,0.0,False,0.005069663110870869,0.13990754548632844,0.2534842334027225,0.042521925244705674,4.2521925244705684e-06,4.252192524470569e-06,0.02798198502629716,0.0,-0.49913523182447106,-2.1262546752869387,-1.8796715574616347,0.49913523182447106
45.0,0.0,0.0,0.19355159610802303,-1.904170835618615,1.1787059823843264,38.71031922160461,3.0,0.0,0.8554451898133268,0.15,0.0,False,0.0052042965690816245,0.19355159610802303,0.2602159349376252,0.04252192507929264,4.252192507929263e-06,4.2521925079292635e-06,0.038710977633722374,0.0,-0.8613755930532354,-3.0828768180029416,-2.759616025431942,0.8613755930532354
46.0,0.0,0.0,0.2857899243446329,-1.6750401399983068,1.1283455490362557,57.15798486892658,3.0,0.0,0.8927618694471924,0.25,0.0,False,0.0051642948785716805,0.2857899243446329,0.2582158419073807,0.042521924970871386,4.252192497087138e-06,4.252192497087139e-06,0.05715895705181025,0.0,0.2291306956203083,-2.8033856890345623,-2.567802009445499,0.2291306956203083
47.0,0.0,0.0,0.2734815922358819,-1.6135645843330282,1.1953587512850168,54.69631844717639,3.0,0.0,0.9537891695163124,0.19,0.0,False,0.005514371339972802,0.2734815922358819,0.2757197394070601,0.04252192489980588,4.252192489980587e-06,4.252192489980588e-06,0.05469724876031863,0.0,0.061475555665278625,-2.808923335618045,-2.5673537538493405,0.061475555665278625
48.0,0.0,0.0,0.27452360805563386,-1.778931190984891,1.3693522789555774,54.904721611126774,3.0,0.0,1.0598339271791444,0.27,0.0,False,0.005446676011715801,0.27452360805563386,0.2723349586015303,0.04252192485322546,4.252192485322546e-06,4.252192485322545e-06,0.05490565546893436,0.0,-0.16536660665186287,-3.1482834699404685,-2.8387651181640354,0.16536660665186287
49.0,0.0,0.0,0.2946884079116251,-1.758600872855254,1.351521061023319,58.93768158232502,3.0,0.0,1.1317298625844687,0.09,0.0,False,0.0054391240776921704,0.29468840791162504,0.27195736029473433,0.04252192482269396,4.252192482269395e-06,4.252192482269396e-06,0.058938684035528564,0.0,0.020330318129637037,-3.110121933878573,-2.890330735439723,0.020330318129637037
50.0,0.0,0.0,0.3029501387749835,-0.7030523081234952,1.473658380145794,60.5900277549967,3.0,0.0,1.168015541722996,0.35,0.0,False,0.005325451832835204,0.3029501387749835,0.2662737238840722,0.04252192480268187,4.252192480268186e-06,4.252192480268186e-06,0.06059105831245616,0.0,1.0555485647317588,-2.1767106882692895,-1.8710678498464912,1.0555485647317588
51.0,0.0,0.0,0.20471424033631702,-0.4179929856576541,1.5588410602942853,40.942848067263405,3.0,0.0,1.2709649250096804,0.25,0.0,False,0.005704851780721903,0.20471424033631705,0.285243801942487,0.04252192478956478,4.252192478956478e-06,4.252192478956478e-06,0.04094354445178471,0.0,0.2850593224658411,-1.9768340459519393,-1.6889579106673345,0.2850593224658411
52.0,0.0,0.0,0.1825419520697913,-0.5073243368494762,1.6016134244678222,36.50839041395826,3.0,0.0,1.3441336194573292,0.24,0.0,False,0.005549714517039324,0.1825419520697913,0.2774869057746825,0.0425219247809671,4.252192478096709e-06,4.25219247809671e-06,0.036509011374130235,0.0,-0.08933135119182212,-2.108937761317298,-1.8514579563068054,0.08933135119182212
53.0,0.0,0.0,0.19187800036036567,-0.7644744719877801,1.5963400580154907,38.375600072073134,3.0,0.0,1.4074653452160348,0.04,0.0,False,0.005724906084719031,0.19187800036036562,0.286246521406081,0.04252192477533167,4.252192477533166e-06,4.252192477533167e-06,0.038376252791049406,0.0,-0.25715013513830387,-2.360814530003271,-2.171939817203815,0.25715013513830387
54.0,0.0,0.0,0.22560555018293804,-0.7385249027975279,1.7543642243792568,45.12111003658761,3.0,0.0,1.4114964618636656,0.32,0.0,False,0.005584891272727712,0.22560555018293804,0.27924575103801835,0.0425219247716379,4.25219247716379e-06,4.252192477163789e-06,0.045121877487902876,0.0,0.025949569190252153,-2.4928891271767846,-2.1500213646611934,0.025949569190252153
55.0,0.0,0.0,0.22971342268153128,-0.36345960537508815,1.7999640813264965,45.94268453630625,3.0,0.0,1.4916289957527642,0.22,0.0,False,0.00545267930247232,0.22971342268153122,0.2726351244157115,0.04252192476921678,4.252192476921676e-06,4.252192476921677e-06,0.0459434659615337,0.0,0.37506529742243977,-2.163423686701585,-1.8550886011278522,0.37506529742243977
56.0,0.0,0.0,0.2004108797751232,0.4672167171671291,1.851110795213628,40.08217595502464,3.0,0.0,1.5586581633021737,0.3,0.0,False,0.005534511140486688,0.2004108797751232,0.2767267337146661,0.04252192476762984,4.2521924767629835e-06,4.252192476762984e-06,0.040082857700633905,0.0,0.8306763225422172,-1.383894078046499,-1.0914414461350446,0.8306763225422172
57.0,0.0,0.0,0.12598914386313864,-0.5360854627999231,2.0097680152092865,25.19782877262773,3.0,0.0,1.6406918016579053,0.3,0.0,False,0.005198483883567667,0.12598914386313864,0.2599252994260863,0.042521924766589676,4.252192476658967e-06,4.252192476658967e-06,0.025198257354877053,0.0,-1.003302179967052,-2.5458534780092097,-2.1767772644578285,1.003302179967052
58.0,0.0,0.0,0.23141868459947454,-0.8257646872005452,2.004137942054864,46.283736919894906,3.0,0.0,1.727134942302999,-0.06,0.0,False,0.005560005384265978,0.23141868459947454,0.27800145132395204,0.04252192476590788,4.252192476590789e-06,4.2521924765907885e-06,0.04628452414597915,0.0,-0.2896792244006221,-2.8299026292554093,-2.552899629503544,0.2896792244006221
59.0,0.0,0.0,0.26449131937284753,-1.414041042346816,2.091412195536447,52.8982638745695,3.0,0.0,1.778150585034302,0.19,0.0,False,0.005259105310698773,0.2644913193728475,0.26295638367134033,0.04252192476546101,4.252192476546101e-06,4.252192476546101e-06,0.05289916360514237,0.0,-0.5882763551462707,-3.505453237883263,-3.192191627381118,0.5882763551462707
60.0,0.0,0.0,0.33356037441323655,-1.2956766224168361,2.0586335735516745,66.71207488264731,3.0,0.0,1.819204739927848,0.15,0.0,False,0.005766972032395518,0.33356037441323655,0.28834982773353035,0.04252192476516809,4.252192476516809e-06,4.2521924765168095e-06,0.06671320956815407,0.0,0.11836441992997981,-3.3543101959685107,-3.114881362344684,0.11836441992997981
61.0,0.0,0.0,0.3278613758555201,-1.3976543823413161,2.0192981275765165,65.57227517110402,3.0,0.0,1.9216336199312785,0.21,0.0,False,0.0052528283434236595,0.3278613758555201,0.26264253397304105,0.042521924764976085,4.25219247649761e-06,4.25219247649761e-06,0.06557339047010219,0.0,-0.10197775992448,-3.4169525099178326,-3.319288002272595,0.10197775992448
62.0,0.0,0.0,0.34410462610571907,-1.718401890462358,1.9918597371909594,68.82092522114381,3.0,0.0,1.9830068426221539,-0.05,0.0,False,0.0052910018859052225,0.3441046261057191,0.26455121921318175,0.04252192476485026,4.252192476485025e-06,4.252192476485025e-06,0.06882209577544823,0.0,-0.3207475081210418,-3.7102616276533174,-3.701408733084512,0.3207475081210418
63.0,0.0,0.0,0.37730928714793804,-0.9960538336647611,2.018229447926328,75.46185742958761,3.0,0.0,2.043465038670989,0.0,0.0,False,0.0050444888599591176,0.37730928714793804,0.25222551550483474,0.04252192476476777,4.252192476476778e-06,4.252192476476777e-06,0.07546314093749962,0.0,0.7223480567975968,-3.014283281591089,-3.03951887233575,0.7223480567975968
64.0,0.0,0.0,0.30197394587125126,-1.1641104643612814,1.7357225762283242,60.39478917425025,3.0,0.0,2.0547712006026306,0.17,0.0,False,0.004986341633625745,0.30197394587125126,0.24931814182550632,0.04252192476471372,4.252192476471372e-06,4.25219247647137e-06,0.06039581641095485,0.0,-0.16805663069652033,-2.8998330405896056,-3.218881664963912,0.16805663069652033
65.0,0.0,0.0,0.31496710721479054,-1.7023746287311574,1.7616837402977046,62.99342144295811,3.0,0.0,2.0237498276147887,0.03,0.0,False,0.005114989001945466,0.3149671072147905,0.25575053759316085,0.04252192476467826,4.252192476467827e-06,4.252192476467827e-06,0.0629944928790131,0.0,-0.538264164369876,-3.464058369028862,-3.7261244563459464,0.538264164369876
66.0,0.0,0.0,0.3658916226380675,-0.9363513776751456,1.7808898110713935,73.1783245276135,3.0,0.0,1.985627572824807,0.06,0.0,False,0.005050620513447622,0.3658916226380674,0.25253209948290856,0.04252192476465504,4.252192476465504e-06,4.252192476465505e-06,0.07317956919560496,0.0,0.7660232510560118,-2.7172411887465393,-2.9219789504999527,0.7660232510560118
67.0,0.0,0.0,0.28317383366971,-0.47324416047543816,1.6933199596630646,56.634766733941994,3.0,0.0,1.9566193897297686,0.25,0.0,False,0.005346811649767123,0.28317383366971,0.26734171927196965,0.042521924764639826,4.252192476463981e-06,4.252192476463982e-06,0.056635730017562017,0.0,0.4631072171997075,-2.166564120138503,-2.429863550205207,0.4631072171997075
68.0,0.0,0.0,0.23377332220726202,0.20614381216069616,1.637243292522061,46.754664441452405,3.0,0.0,1.8954471645042092,0.1,0.0,False,0.005237313041312386,0.233773322207262,0.2618667655687749,0.042521924764629834,4.252192476462983e-06,4.252192476462984e-06,0.04675545967740045,0.0,0.6793879726361343,-1.4310994803613648,-1.689303352343513,0.6793879726361343
69.0,0.0,0.0,0.16128276050498844,0.029615729589657608,1.655176616062763,32.25655210099769,3.0,0.0,1.8645387640552777,0.05,0.0,False,0.005221062340861986,0.16128276050498844,0.2610542270911995,0.0425219247646233,4.252192476462331e-06,4.25219247646233e-06,0.03225710074293742,0.0,-0.17652808257103855,-1.6255608864731055,-1.8349230344656202,0.17652808257103855
70.0,0.0,0.0,0.17964523891665465,0.92905501503252,1.6904344794112514,35.92904778333093,3.0,0.0,1.8190057074776218,0.02,0.0,False,0.0048858071753848185,0.17964523891665468,0.2442913975388666,0.04252192476461902,4.2521924764619006e-06,4.252192476461901e-06,0.0359296588896391,0.0,0.8994392854428623,-0.7613794643787314,-0.8899506924451018,0.8994392854428623
71.0,0.0,0.0,0.08874770794854796,1.678842508938462,1.7314337266876392,17.74954158970959,3.0,0.0,1.826106313062873,0.03,0.0,False,0.005005378838656765,0.08874770794854796,0.25027000612455025,0.042521924764616206,4.25219247646162e-06,4.25219247646162e-06,0.017749843486294714,0.0,0.749787493905942,-0.05259121774917719,-0.14726380412441098,0.749787493905942
72.0,0.0,0.0,0.011414703309060598,2.1640285658475547,1.6740164219378553,2.2829406618121197,3.0,0.0,1.8165509631348022,0.06,0.0,False,0.004835774412080391,0.011534229956153717,0.24178974873619813,0.04252192476461437,4.252192476461437e-06,4.252192476461436e-06,0.002282979491659431,0.0,0.48518605690909267,0.4900121439096994,0.3474776027127524,0.48518605690909267
73.0,0.0,0.0,-0.03501156013361465,1.942224049924351,1.6450442339453324,-7.00231202672293,3.0,0.0,1.7929919689048444,0.04,0.0,False,0.004654424611817074,0.03501156013361465,0.23272222016631947,0.042521924764613146,4.252192476461316e-06,4.252192476461315e-06,-0.007002431126930558,0.0,-0.2218045159232036,0.29717981597901866,0.1492320810195067,0.2218045159232036
74.0,0.0,0.0,-0.012691257667128118,2.0497327702830197,1.7230183181336756,-2.5382515334256235,3.0,0.0,1.8139055207167791,-0.04,0.0,False,0.005031371794708967,0.012697963850426423,0.2515696594535129,0.042521924764612355,4.252192476461236e-06,4.2521924764612365e-06,-0.0025382947057783394,0.0,0.10750872035866865,0.32671445214934414,0.23582724956624057,0.10750872035866865
75.0,0.0,0.0,-0.022046022325567866,1.9852607316171629,1.8701060674564554,-4.409204465113573,3.0,0.0,1.8153087749695516,0.13,0.0,False,0.00481330634346894,0.022046022325567866,0.24066634052869798,0.04252192476461185,4.252192476461185e-06,4.252192476461184e-06,-0.004409279459938892,0.0,-0.06447203866585682,0.11515466416070752,0.1699519566476113,0.06447203866585682
76.0,0.0,0.0,-0.012737953358456724,1.9064357637490221,1.8698661274749662,-2.547590671691345,3.0,0.0,1.8292678598308278,-0.06,0.0,False,0.00515018995701691,0.012738869675662042,0.2575105928307948,0.04252192476461149,4.252192476461149e-06,4.25219247646115e-06,-0.002547634002890639,0.0,-0.07882496786814075,0.03656963627405596,0.07716790391819428,0.07882496786814075
77.0,0.0,0.0,-0.003090521335855127,1.5027160867859566,1.8621926530495136,-0.6181042671710254,3.0,0.0,1.857878489821124,-0.04,0.0,False,0.005074445703080628,0.004767956354850817,0.2537233640300234,0.04252192476461127,4.252192476461127e-06,4.252192476461128e-06,-0.0006181147803195791,0.0,-0.40371967696306554,-0.35947656626355706,-0.35516240303516744,0.40371967696306554
78.0,0.0,0.0,0.04426435397770005,1.8490037772539716,1.9602931113808555,8.85287079554001,3.0,0.0,1.8755298933158924,0.07,0.0,False,0.004744012648223608,0.04426435397770005,0.2372016410339249,0.042521924764611134,4.252192476461113e-06,4.252192476461114e-06,0.008853021371342092,0.0,0.346287690468015,-0.11128933412688391,-0.02652611606192079,0.346287690468015
79.0,0.0,0.0,0.014711904862978676,1.8862801076827658,2.0077914814312288,2.942380972595735,3.0,0.0,1.9453690375906048,0.0,0.0,False,0.0049157296949597015,0.014746224347643909,0.24578752987942626,0.042521924764611044,4.252192476461104e-06,4.2521924764611035e-06,0.002942431018663865,0.0,0.03727633042879419,-0.12151137374846299,-0.05908892990783898,0.03727633042879419
80.0,0.0,0.0,0.014219120691792509,1.1416582980535344,2.0377125757447314,2.8438241383585017,3.0,0.0,1.996125953776317,-0.01,0.0,False,0.004826836705893797,0.014248530067531826,0.2413428615266261,0.042521924764610974,4.252192476461099e-06,4.2521924764610976e-06,0.002843872508103244,0.0,-0.7446218096292314,-0.896054277691197,-0.8544676557227826,0.7446218096292314
81.0,0.0,0.0,0.08925015638697766,1.780304746575937,2.007059574680662,17.85003127739553,3.0,0.0,2.028474337722592,-0.07,0.0,False,0.005139287795769448,0.08925015638697766,0.25696548245051737,0.042521924764610926,4.252192476461093e-06,4.252192476461093e-06,0.017850334883179334,0.0,0.6386464485224026,-0.22675482810472514,-0.24816959114665482,0.6386464485224026
82.0,0.0,0.0,0.030048138343093694,0.8375513991344499,2.1221095461783506,6.009627668618739,3.0,0.0,2.0341788373654857,-0.04,0.0,False,0.00527177527236562,0.030048138343093694,0.26358988444843845,0.04252192476461091,4.252192476461092e-06,4.252192476461091e-06,0.006009729884558327,0.0,-0.9427533474414871,-1.2845581470439007,-1.1966274382310358,0.9427533474414871
83.0,0.0,0.0,0.12714242934404288,0.3159262051145034,2.205184043570469,25.428485868808576,3.0,0.0,2.0807925185302634,0.0,0.0,False,0.005262273535427257,0.1271424293440429,0.26311479558135964,0.0425219247646109,4.25219247646109e-06,4.252192476461089e-06,0.025428918374234655,0.0,-0.5216251940199464,-1.8892578384559657,-1.76486631341576,0.5216251940199464
84.0,0.0,0.0,0.18469323072954474,0.6645416695458339,2.3208743581675675,36.93864614590895,3.0,0.0,2.109002724278952,0.15,0.0,False,0.005380646591726667,0.18469323072954474,0.26903347356358104,0.04252192476461088,4.252192476461087e-06,4.252192476461088e-06,0.03693927442417028,0.0,0.3486154644313305,-1.6563326886217336,-1.4444610547331183,0.3486154644313305
85.0,0.0,0.0,0.15725532967108272,1.2652142164905962,2.228218003992557,31.451065934216544,3.0,0.0,2.1628977799682567,0.02,0.0,False,0.005506356619403141,0.15725532967108272,0.2753190016745665,0.04252192476461086,4.252192476461086e-06,4.2521924764610866e-06,0.03145160087588561,0.0,0.6006725469447622,-0.9630037875019608,-0.8976835634776605,0.6006725469447622
86.0,0.0,0.0,0.09676503803483155,0.7988010194935986,2.1923313380175045,19.35300760696631,3.0,0.0,2.237128400253145,-0.04,0.0,False,0.005382328241250835,0.09676503803483154,0.2691175563973244,0.04252192476461086,4.252192476461086e-06,4.2521924764610866e-06,0.019353336776419976,0.0,-0.46641319699699757,-1.3935303185239059,-1.4383273807595465,0.46641319699699757
87.0,0.0,0.0,0.14261099127391302,0.7742843106450008,2.1321653570067567,28.522198254782605,3.0,0.0,2.2328851700172465,0.04,0.0,False,0.005356312609612503,0.14261099127391305,0.2678167692842341,0.04252192476461086,4.252192476461086e-06,4.2521924764610866e-06,0.028522683380227058,0.0,-0.0245167088485978,-1.3578810463617559,-1.4586008593722457,0.0245167088485978
88.0,0.0,0.0,0.14457326498674763,-0.7270092652491978,1.9657823745285405,28.914652997349528,3.0,0.0,2.224941252701935,-0.03,0.0,False,0.005456281818960649,0.14457326498674763,0.2728152510060574,0.04252192476461086,4.252192476461086e-06,4.2521924764610866e-06,0.02891514479793801,0.0,-1.5012935758941985,-2.6927916397777385,-2.951950517951133,1.5012935758941985
89.0,0.0,0.0,0.2914662976223728,-0.46064564144439024,1.9451201185996467,58.29325952447456,3.0,0.0,2.2200476981799593,0.02,0.0,False,0.005584617285948046,0.2914662976223728,0.27923205164078274,0.04252192476461086,4.252192476461086e-06,4.2521924764610866e-06,0.0582942510168968,0.0,0.2663636238048076,-2.405765760044037,-2.6806933396243497,0.2663636238048076
90.0,0.0,0.0,0.2618387093887585,-0.35706872468871115,1.8605687836248919,52.36774187775169,3.0,0.0,2.1877156795144215,0.12,0.0,False,0.005556318409268687,0.2618387093887585,0.2778171017902012,0.04252192476461086,4.252192476461086e-06,4.2521924764610866e-06,0.05236863258483628,0.0,0.1035769167556791,-2.217637508313603,-2.5447844042031327,0.1035769167556791
91.0,0.0,0.0,0.25037317368162204,0.2935812489695568,1.8275955130751416,50.074634736324406,3.0,0.0,2.1577971218726972,0.04,0.0,False,0.005651317087520134,0.25037317368162204,0.28256705590040665,0.04252192476461086,4.252192476461086e-06,4.2521924764610866e-06,0.05007548644064311,0.0,0.6506499736582679,-1.5340142641055847,-1.8642158729031404,0.6506499736582679
92.0,0.0,0.0,0.1826169305520195,0.7514682703408779,1.8144875150670352,36.5233861104039,3.0,0.0,2.1467162438737786,0.09,0.0,False,0.005433586450488252,0.1826169305520195,0.2716804777571837,0.04252192476461086,4.252192476461086e-06,4.2521924764610866e-06,0.03652400732563287,0.0,0.45788702137132115,-1.0630192447261573,-1.3952479735329006,0.45788702137132115
93.0,0.0,0.0,0.13171957835711143,0.45005993259632965,1.7948470079706333,26.343915671422288,3.0,0.0,2.119789380606658,0.24,0.0,False,0.005275635374790844,0.13171957835711143,0.2637828903903946,0.04252192476461086,4.252192476461086e-06,4.2521924764610866e-06,0.026344363747117034,0.0,-0.3014083377445483,-1.3447870753743036,-1.6697294480103284,0.3014083377445483
94.0,0.0,0.0,0.15855520420674674,-0.19596642098537242,1.7291733395169135,31.711040841349348,3.0,0.0,2.0686920587619957,0.25,0.0,False,0.0050711846875993345,0.15855520420674674,0.25356031256263545,0.04252192476461086,4.252192476461086e-06,4.2521924764610866e-06,0.031711580204852985,0.0,-0.6460263535817021,-1.925139760502286,-2.264658479747368,0.6460263535817021
95.0,0.0,0.0,0.21804491907243737,-0.05649413895077579,1.8226198297910048,43.60898381448747,3.0,0.0,2.035645685026117,0.12,0.0,False,0.005005642651620953,0.21804491907243737,0.25028319682884875,0.04252192476461086,4.252192476461086e-06,4.2521924764610866e-06,0.043609725546504975,0.0,0.13947228203459663,-1.8791139687417806,-2.0921398239768925,0.13947228203459663
96.0,0.0,0.0,0.2017424089524211,0.015238299653901707,1.790247866956055,40.34848179048422,3.0,0.0,1.9845291281872193,0.01,0.0,False,0.004961476597765834,0.20174240895242107,0.24807488474596473,0.04252192476461086,4.252192476461086e-06,4.2521924764610866e-06,0.040349168065608836,0.0,0.0717324386046775,-1.7750095673021533,-1.9692908285333175,0.0717324386046775
97.0,0.0,0.0,0.19030611403066863,0.8968716552756313,1.7226896107271703,38.06122280613373,3.0,0.0,1.9609728429511097,0.25,0.0,False,0.0047329829106281,0.19030611403066863,0.23665015180912113,0.04252192476461086,4.252192476461086e-06,4.2521924764610866e-06,0.03806187017796199,0.0,0.8816333556217296,-0.825817955451539,-1.0641011876754785,0.8816333556217296
98.0,0.0,0.0,0.10183962686279789,0.2993568935148663,1.8143071891257374,20.36792537255958,3.0,0.0,1.9183399008719015,-0.17,0.0,False,0.005036753853643469,0.10183962686279789,0.2518387635445155,0.04252192476461086,4.252192476461086e-06,4.2521924764610866e-06,0.02036827180444259,0.0,-0.597514761760765,-1.5149502956108711,-1.6189830073570353,0.597514761760765
99.0,0.0,0.0,0.1618969350292437,0.8165312589807994,1.8594091910894102,32.37938700584874,3.0,0.0,1.9152895759883668,-0.05,0.0,False,0.005125536848568573,0.1618969350292437,0.2562779321668899,0.04252192476461086,4.252192476461086e-06,4.2521924764610866e-06,0.032379937737050175,0.0,0.5171743654659331,-1.0428779321086108,-1.0987583170075674,0.5171743654659331
100.0,0.0,0.0,0.11156721070809368,0.1710641222153919,1.9417940975138033,22.313442141618737,3.0,0.0,1.9183606646537563,-0.01,0.0,False,0.004919049426455762,0.11156721070809368,0.2459535171600362,0.04252192476461086,4.252192476461086e-06,4.2521924764610866e-06,0.02231382166420811,0.0,-0.6454671367654075,-1.7707299752984114,-1.7472965424383644,0.6454671367654075
101.0,0.0,0.0,0.1782921246602,0.4667316139316608,1.9716691194005258,35.65842493204,3.0,0.0,1.9322270863244346,-0.04,0.0,False,0.004920295147329554,0.17829212466019995,0.246015803468578,0.04252192476461086,4.252192476461086e-06,4.2521924764610866e-06,0.03565903143540587,0.0,0.2956674917162689,-1.504937505468865,-1.4654954723927738,0.2956674917162689
102.0,0.0,0.0,0.15371011112115546,-0.055973953027930734,2.0003323812680747,30.74202222423109,3.0,0.0,1.9540232754389444,0.09,0.0,False,0.005081158520847444,0.15371011112115546,0.2540590063455739,0.04252192476461086,4.252192476461086e-06,4.2521924764610866e-06,0.030742545105990123,0.0,-0.5227055669595915,-2.0563063342960053,-2.009997228466875,0.5227055669595915
103.0,0.0,0.0,0.20798411621292603,0.07237249586721732,1.9697426078999758,41.59682324258521,3.0,0.0,2.0038654053921174,-0.06,0.0,False,0.005046320202811932,0.2079841162129261,0.25231708303683664,0.04252192476461086,4.252192476461086e-06,4.2521924764610866e-06,0.041597530750372064,0.0,0.12834644889514807,-1.8973701120327584,-1.9314929095249,0.12834644889514807
104.0,0.0,0.0,0.19804599032810105,-0.10124334370218983,2.045667482832779,39.60919806562021,3.0,0.0,2.023911428526037,-0.05,0.0,False,0.005140199565264051,0.19804599032810105,0.25701107111909827,0.04252192476461086,4.252192476461086e-06,4.2521924764610866e-06,0.03960987176649153,0.0,-0.17361583956940715,-2.146910826534969,-2.125154772228227,0.17361583956940715
105.0,0.0,0.0,0.22079648297421411,-0.2939298467367573,2.1797908327019444,44.15929659484282,3.0,0.0,2.052874505631729,0.17,0.0,False,0.004944793486017883,0.22079648297421411,0.24724072561157706,0.04252192476461086,4.252192476461086e-06,4.2521924764610866e-06,0.04416004768696398,0.0,-0.19268650303456747,-2.473720679438702,-2.3468043523684865,0.19268650303456747
106.0,0.0,0.0,0.24242359617464626,-0.7362918840658932,2.2065402125140707,48.48471923492925,3.0,0.0,2.1067684294971354,0.02,0.0,False,0.005019464116502608,0.24242359617464626,0.2509742730115079,0.04252192476461086,4.252192476461086e-06,4.2521924764610866e-06,0.048485543896856005,0.0,-0.44236203732913587,-2.9428320965799637,-2.8430603135630284,0.44236203732913587
107.0,0.0,0.0,0.28664196731948627,-0.4615716425384667,2.2029044057435563,57.32839346389726,3.0,0.0,2.130357656599291,-0.04,0.0,False,0.005232729632467366,0.28664196731948627,0.2616375941520469,0.04252192476461086,4.252192476461086e-06,4.2521924764610866e-06,0.05732936854520447,0.0,0.27472024152742647,-2.664476048282023,-2.5919292991377576,0.27472024152742647
108.0,0.0,0.0,0.25771364778833966,-0.33262735073477834,2.1175618334598316,51.54272955766793,3.0,0.0,2.13018873196981,-0.04,0.0,False,0.005068868877220956,0.25771364778833966,0.25344452155135305,0.04252192476461086,4.252192476461086e-06,4.2521924764610866e-06,0.051543606232367464,0.0,0.12894429180368838,-2.4501891841946097,-2.462816082704588,0.12894429180368838
109.0,0.0,0.0,0.2499200724982334,1.0897913222902404,2.2603122678980685,49.984014499646676,3.0,0.0,2.1156196277466375,0.06,0.0,False,0.005478223502547154,0.2499200724982334,0.27391233985039576,0.04252192476461086,4.252192476461086e-06,4.2521924764610866e-06,0.04998486466263317,0.0,1.4224186730250188,-1.170520945607828,-1.025828305456397,1.4224186730250188
110.0,0.0,0.0,0.1122865151577135,1.6189898633981121,2.252489440296764,22.4573030315427,3.0,0.0,2.1666265096601522,0.01,0.0,False,0.005176133535655615,0.11228651515771348,0.2588077772785845,0.04252192476461086,4.252192476461086e-06,4.2521924764610866e-06,0.02245768500101844,0.0,0.5291985411078717,-0.633499576898652,-0.5476366462620401,0.5291985411078717
111.0,0.0,0.0,0.05865013304869373,0.8730371786383708,2.2661259860841794,11.730026609738745,3.0,0.0,2.2126803470611223,-0.04,0.0,False,0.005328090791207097,0.05865013304869374,0.26640567236373364,0.04252192476461086,4.252192476461086e-06,4.2521924764610866e-06,0.011730226122213964,0.0,-0.7459526847597413,-1.3930888074458085,-1.3396431684227514,0.7459526847597413
112.0,0.0,0.0,0.13410456743028357,1.292633819908491,2.2147818991960375,26.820913486056714,3.0,0.0,2.2055036634677734,-0.05,0.0,False,0.005431270122772639,0.13410456743028354,0.27156466087892955,0.04252192476461086,4.252192476461086e-06,4.2521924764610866e-06,0.026821369674863038,0.0,0.4195966412701202,-0.9221480792875465,-0.9128698435592824,0.4195966412701202
113.0,0.0,0.0,0.09861504797395221,1.217123727839508,2.255244870361743,19.72300959479044,3.0,0.0,2.2141113648628394,0.02,0.0,False,0.005340751738508209,0.09861504797395221,0.2670387224206285,0.04252192476461086,4.252192476461086e-06,4.2521924764610866e-06,0.01972334505749602,0.0,-0.07551009206898307,-1.038121142522235,-0.9969876370233315,0.07551009206898307
114.0,0.0,0.0,0.10874694030024809,0.415532049006742,2.40101707428565,21.74938806004962,3.0,0.0,2.278805266156265,0.13,0.0,False,0.005121479993764569,0.10874694030024809,0.2560750885641633,0.04252192476461086,4.252192476461086e-06,4.2521924764610866e-06,0.0217497579888137,0.0,-0.8015916788327659,-1.985485025278908,-1.8632732171495232,0.8015916788327659
115.0,0.0,0.0,0.18837156719783288,-0.016056099365268084,2.398698297397677,37.674313439566575,3.0,0.0,2.304616251488057,0.01,0.0,False,0.005400446134099198,0.18837156719783288,0.2700234548917809,0.04252192476461086,4.252192476461086e-06,4.2521924764610866e-06,0.03767495423057043,0.0,-0.4315881483720101,-2.4147543967629455,-2.320672350853325,0.4315881483720101
116.0,0.0,0.0,0.2349577767824067,-0.08307636294238671,2.511403624601644,46.99155535648134,3.0,0.0,2.2992877705931094,0.14,0.0,False,0.005188066644666084,0.2349577767824067,0.25940443526620177,0.04252192476461086,4.252192476461086e-06,4.2521924764610866e-06,0.04699235462163525,0.0,-0.06702026357711863,-2.5944799875440303,-2.382364133535496,0.06702026357711863
117.0,0.0,0.0,0.24520233161391183,-0.2571978522959217,2.4780501462044957,49.040466322782365,3.0,0.0,2.333571622743333,0.05,0.0,False,0.005244018224676148,0.24520233161391178,0.26220202616254945,0.04252192476461086,4.252192476461086e-06,4.2521924764610866e-06,0.049041300437243265,0.0,-0.17412148935353497,-2.735247998500417,-2.5907694750392545,0.17412148935353497
118.0,0.0,0.0,0.2601496062827059,0.1910125048179785,2.469539952642172,52.02992125654118,3.0,0.0,2.3689990855722143,-0.08,0.0,False,0.005483118388944136,0.2601496062827059,0.2741570852109448,0.04252192476461086,4.252192476461086e-06,4.2521924764610866e-06,0.05203080621773698,0.0,0.44821035711390017,-2.2785274478241933,-2.1779865807542356,0.44821035711390017
119.0,0.0,0.0,0.22220358235821408,0.4274704461097004,2.506376425007695,44.440716471642816,3.0,0.0,2.3443535208410644,0.14,0.0,False,0.0053979416694670225,0.22220358235821408,0.2698982311276989,0.04252192476461086,4.252192476461086e-06,4.2521924764610866e-06,0.04444147235034955,0.0,0.23645794129172193,-2.078905978897995,-1.916883074731364,0.23645794129172193
120.0,0.0,0.0,0.20383321303734853,0.7113015467047967,2.6704407645346886,40.766642607469706,3.0,0.0,2.413095571020174,0.16,0.0,False,0.005689747492015923,0.20383321303734853,0.28448858429587,0.04252192476461086,4.252192476461086e-06,4.2521924764610866e-06,0.0407673359949652,0.0,0.2838311005950963,-1.9591392178298919,-1.7017940243153773,0.2838311005950963
121.0,0.0,0.0,0.18069668729835972,0.06486636938467139,2.693844834071562,36.13933745967194,3.0,0.0,2.46584591338593,0.05,0.0,False,0.005812118807816262,0.18069668729835972,0.29060717610320635,0.04252192476461086,4.252192476461086e-06,4.2521924764610866e-06,0.03613995214273356,0.0,-0.6464351773201253,-2.628978464686891,-2.4009795440012587,0.6464351773201253
122.0,0.0,0.0,0.25222872408015135,1.0324403065960897,2.7113336908085848,50.44574481603027,3.0,0.0,2.518306837543104,0.25,0.0,False,0.005451549641544364,0.25222872408015135,0.2725786411291367,0.04252192476461086,4.252192476461086e-06,4.2521924764610866e-06,0.050446602832448076,0.0,0.9675739372114183,-1.6788933842124951,-1.4858665309470145,0.9675739372114183
123.0,0.0,0.0,0.15547507382378958,1.8684440057061438,2.7658900899106142,31.095014764757916,3.0,0.0,2.5872072364403262,0.06,0.0,False,0.005395696934927397,0.1554750738237896,0.26978599392346536,0.04252192476461086,4.252192476461086e-06,4.2521924764610866e-06,0.031095543650460317,0.0,0.8360036991100541,-0.8974460842044705,-0.7187632307341825,0.8360036991100541
124.0,0.0,0.0,0.07943868750068662,1.9335272955009821,2.759353396965306,15.887737500137325,3.0,0.0,2.587224100330943,0.22,0.0,False,0.005050039745206038,0.07943868750068661,0.25250306094735236,0.04252192476461086,4.252192476461086e-06,4.2521924764610866e-06,0.015888007729859707,0.0,0.06508328979483835,-0.8258261014643238,-0.653696804829961,0.06508328979483835
125.0,0.0,0.0,0.0780001025964717,1.8133805664405833,2.764074308466524,15.600020519294338,3.0,0.0,2.6628477701424758,0.08,0.0,False,0.004930823017111658,0.07800010259647168,0.2465421991960097,0.04252192476461086,4.252192476461086e-06,4.2521924764610866e-06,0.015600285855325604,0.0,-0.1201467290603988,-0.9506937420259405,-0.8494672037018924,0.1201467290603988
126.0,0.0,0.0,0.09507800313725076,1.2724341475884773,2.893442583648391,19.01560062745015,3.0,0.0,2.713544905038169,0.13,0.0,False,0.005244699386245968,0.09507800313725077,0.2622360843858619,0.04252192476461086,4.252192476461086e-06,4.2521924764610866e-06,0.01901592405805054,0.0,-0.540946418852106,-1.6210084360599135,-1.4411107574496917,0.540946418852106
127.0,0.0,0.0,0.15295333319534232,1.747743170707899,2.9516475602888432,30.590666639068463,3.0,0.0,2.764180812311571,0.16,0.0,False,0.00485367084016409,0.15295333319534232,0.24268457394533594,0.04252192476461086,4.252192476461086e-06,4.2521924764610866e-06,0.03059118694646612,0.0,0.4753090231194217,-1.2039043895809443,-1.016437641603672,0.4753090231194217
128.0,0.0,0.0,0.10842971392588954,1.8229355779235943,2.999011285295352,21.685942785177907,3.0,0.0,2.801999998892532,0.09,0.0,False,0.0048000261648319,0.10842971392588954,0.24000232877335217,0.04252192476461086,4.252192476461086e-06,4.2521924764610866e-06,0.02168631163482049,0.0,0.07519240721569531,-1.1760757073717578,-0.9790644209689379,0.07519240721569531
129.0,0.0,0.0,0.10496465846634839,1.2827261989940333,2.962255933073453,20.99293169326968,3.0,0.0,2.832063363167482,0.18,0.0,False,0.004558915422684888,0.1049646584663484,0.2279467404035374,0.04252192476461086,4.252192476461086e-06,4.2521924764610866e-06,0.02099328875569618,0.0,-0.540209378929561,-1.6795297340794197,-1.5493371641734488,0.540209378929561
130.0,0.0,0.0,0.16086291117033283,1.5136820906941606,2.9507817577493882,32.17258223406657,3.0,0.0,2.8726044790836283,-0.13,0.0,False,0.00489864428586724,0.16086291117033283,0.24493325579228079,0.04252192476461086,4.252192476461086e-06,4.2521924764610866e-06,0.032173129447788176,0.0,0.2309558917001273,-1.4370996670552276,-1.3589223883894677,0.2309558917001273
131.0,0.0,0.0,0.1365219259211711,1.589238884163308,2.8417089450834605,27.30438518423422,3.0,0.0,2.8913895117003907,0.08,0.0,False,0.004945769990204493,0.1365219259211711,0.24728955102852174,0.04252192476461086,4.252192476461086e-06,4.2521924764610866e-06,0.027304849596264447,0.0,0.07555679346914745,-1.2524700609201525,-1.3021506275370827,0.07555679346914745
132.0,0.0,0.0,0.1269386769428048,1.1098304762173097,2.7559701338823452,25.387735388560962,3.0,0.0,2.8789303757811835,-0.03,0.0,False,0.0051115277448354375,0.1269386769428048,0.2555774740017628,0.04252192476461086,4.252192476461086e-06,4.2521924764610866e-06,0.025388167200874442,0.0,-0.47940840794599837,-1.6461396576650356,-1.7690998995638738,0.47940840794599837
133.0,0.0,0.0,0.17628632455815663,0.6449844438150516,2.9348462772055135,35.257264911631324,3.0,0.0,2.858652641975708,-0.05,0.0,False,0.005279892039880413,0.17628632455815663,0.263995724549881,0.04252192476461086,4.252192476461086e-06,4.2521924764610866e-06,0.03525786459178773,0.0,-0.4648460324022581,-2.2898618333904617,-2.213668198160656,0.4648460324022581
134.0,0.0,0.0,0.2214386417739069,1.5115684583773075,2.847446439922555,44.28772835478138,3.0,0.0,2.872731201968024,0.15,0.0,False,0.005283262431517047,0.2214386417739069,0.2641642448482905,0.04252192476461086,4.252192476461086e-06,4.2521924764610866e-06,0.044288481631359504,0.0,0.8665840145622559,-1.3358779815452475,-1.3611627435907165,0.8665840145622559
135.0,0.0,0.0,0.14166717219746053,1.76485367592456,3.021812023953274,28.333434439492105,3.0,0.0,2.8594179415404453,0.19,0.0,False,0.005003990196922429,0.1416671721974605,0.2502005737425948,0.04252192476461086,4.252192476461086e-06,4.2521924764610866e-06,0.02833391635430991,0.0,0.25328521754725264,-1.256958348028714,-1.0945642656158852,0.25328521754725264
136.0,0.0,0.0,0.12129525904866367,1.9052256374215577,3.0835154656530124,24.259051809732735,3.0,0.0,2.9282703001561,0.22,0.0,False,0.0047429987386448744,0.12129525904866366,0.2371509453394213,0.04252192476461086,4.252192476461086e-06,4.2521924764610866e-06,0.02425946442460856,0.0,0.1403719614969976,-1.1782898282314547,-1.0230446627345422,0.1403719614969976
137.0,0.0,0.0,0.11122511606665661,1.5792166933135636,3.1513646052040425,22.245023213331322,3.0,0.0,2.9778320549505937,0.06,0.0,False,0.005025696086028395,0.11122511606665661,0.251285872812774,0.04252192476461086,4.252192476461086e-06,4.2521924764610866e-06,0.022245401572203834,0.0,-0.3260089441079941,-1.5721479118904789,-1.39861536163703,0.3260089441079941
138.0,0.0,0.0,0.1489081376307541,1.8409931327546323,3.3070861905917703,29.781627526150825,3.0,0.0,3.017500445618209,0.27,0.0,False,0.005240972736244608,0.1489081376307541,0.2620497510934723,0.04252192476461086,4.252192476461086e-06,4.2521924764610866e-06,0.029782134072846876,0.0,0.26177643944106865,-1.466093057837138,-1.1765073128635768,0.26177643944106865
139.0,0.0,0.0,0.13567907446039462,1.8520857771673072,3.4594791954304513,27.135814892078923,3.0,0.0,3.068329728924229,0.43,0.0,False,0.00515215916472532,0.13567907446039462,0.25760905363488784,0.04252192476461086,4.252192476461086e-06,4.2521924764610866e-06,0.027136276436948027,0.0,0.011092644412674879,-1.6073934182631442,-1.2162439517569217,0.011092644412674879
140.0,0.0,0.0,0.1425696986374229,2.1495126321461906,3.462626196061102,28.513939727484576,3.0,0.0,3.197812724035559,0.33,0.0,False,0.004731808724093967,0.1425696986374229,0.23659144223277112,0.04252192476461086,4.252192476461086e-06,4.2521924764610866e-06,0.028514424712462235,0.0,0.29742685497888344,-1.3131135639149112,-1.0483000918893683,0.29742685497888344
141.0,0.0,0.0,0.12006369510461813,2.3093955304265092,3.579784589281239,24.012739020923625,3.0,0.0,3.2778130752315304,0.25,0.0,False,0.004923959040960168,0.12006369510461813,0.24619899892908778,0.04252192476461086,4.252192476461086e-06,4.2521924764610866e-06,0.024013147446339714,0.0,0.15988289828031865,-1.2703890588547297,-0.9684175448050212,0.15988289828031865
142.0,0.0,0.0,0.10762268449245434,2.1671049656710286,3.5802635514906935,21.52453689849087,3.0,0.0,3.3501751098894217,0.17,0.0,False,0.004754898545712354,0.10762268449245437,0.2377459382228088,0.04252192476461086,4.252192476461086e-06,4.2521924764610866e-06,0.02152490300282954,0.0,-0.14229056475548063,-1.413158585819665,-1.183070144218393,0.14229056475548063
143.0,0.0,0.0,0.12617107909852154,1.1698910366098936,3.640645009480569,25.234215819704307,3.0,0.0,3.3856452569695166,0.14,0.0,False,0.004926574343942046,0.12617107909852154,0.24632976463422024,0.04252192476461086,4.252192476461086e-06,4.2521924764610866e-06,0.025234645020849874,0.0,-0.997213929061135,-2.4707539728706753,-2.215754220359623,0.997213929061135
144.0,0.0,0.0,0.23003913816881766,1.5822652126383603,3.5898227916978476,46.00782763376353,3.0,0.0,3.4288425818419075,-0.05,0.0,False,0.005289519324748214,0.23003913816881766,0.26447709084012444,0.04252192476461086,4.252192476461086e-06,4.2521924764610866e-06,0.0460086101669901,0.0,0.4123741760284667,-2.0075575790594873,-1.8465773692035472,0.4123741760284667
145.0,0.0,0.0,0.19391184619256008,2.105829463871606,3.6318691003658117,38.78236923851202,3.0,0.0,3.4703313268326985,0.08,0.0,False,0.005419596432221381,0.19391184619256008,0.2709809738694277,0.04252192476461086,4.252192476461086e-06,4.2521924764610866e-06,0.038783028876101855,0.0,0.5235642512332457,-1.5260396364942057,-1.3645018629610925,0.5235642512332457
146.0,0.0,0.0,0.14542014120399152,2.090586823340413,3.5469776880027113,29.084028240798304,3.0,0.0,3.5214249020886323,0.06,0.0,False,0.0054060794834518925,0.14542014120399152,0.2703051235571199,0.04252192476461086,4.252192476461086e-06,4.2521924764610866e-06,0.029084522922239082,0.0,-0.015242640531193175,-1.4563908646622985,-1.4308380787482196,0.015242640531193175
147.0,0.0,0.0,0.15012286486665033,2.2155267294317107,3.4410118527182836,30.024572973330066,3.0,0.0,3.5600617936330377,-0.16,0.0,False,0.005754669979068018,0.15012286486665033,0.28773472245162035,0.04252192476461086,4.252192476461086e-06,4.2521924764610866e-06,0.03002508365221176,0.0,0.1249399060912979,-1.2254851232865729,-1.344535064201327,0.1249399060912979
148.0,0.0,0.0,0.13754611802491878,2.9176798058417703,3.420608906535502,27.509223604983756,3.0,0.0,3.591847389572741,0.1,0.0,False,0.005747868277243039,0.13754611802491878,0.2873946359142641,0.04252192476461086,4.252192476461086e-06,4.2521924764610866e-06,0.027509691501048733,0.0,0.7021530764100596,-0.5029291006937315,-0.6741675837309709,0.7021530764100596
149.0,0.0,0.0,0.0677262849016298,2.5949170573090297,3.6114676798055205,13.54525698032596,3.0,0.0,3.5910171533093087,-0.03,0.0,False,0.0058187063348518085,0.0677262849016298,0.2909365538555554,0.04252192476461086,4.252192476461086e-06,4.2521924764610866e-06,0.01354548736750559,0.0,-0.3227627485327407,-1.0165506224964909,-0.996100096000279,0.3227627485327407
150.0,0.0,0.0,0.09747006891630317,3.5330885002495194,3.483753322813876,19.494013783260634,3.0,0.0,3.594957054118024,0.15,0.0,False,0.005494725932002822,0.09747006891630317,0.2747374648317545,0.04252192476461086,4.252192476461086e-06,4.2521924764610866e-06,0.019494345351045706,0.0,0.9381714429404897,0.049335177435643196,-0.06186855386850443,0.9381714429404897
151.0,0.0,0.0,0.003750922392490122,4.026495114539848,3.5340715017095046,0.7501844784980244,3.0,0.0,3.5696384695467462,0.02,0.0,False,0.005291505796579379,0.005098008826962506,0.2645764148540258,0.04252192476461086,4.252192476461086e-06,4.2521924764610866e-06,0.0007501972381589489,0.0,0.49340661429032906,0.49242361283034386,0.4568566449931022,0.49340661429032906
152.0,0.0,0.0,-0.04412948691851185,4.168633419431654,3.528421659143904,-8.82589738370237,3.0,0.0,3.570598521656619,-0.01,0.0,False,0.005380581838205633,0.044129486918511845,0.2690302358737622,0.04252192476461086,4.252192476461086e-06,4.2521924764610866e-06,-0.008826047500721848,0.0,0.14213830489180523,0.6402117602877495,0.5980348977750345,0.14213830489180523
153.0,0.0,0.0,-0.059011921591295285,4.555985746037232,3.5802087352679552,-11.802384318259056,3.0,0.0,3.585190863001117,0.11,0.0,False,0.0051580313362626995,0.05901192159129529,0.257902663460237,0.04252192476461086,4.252192476461086e-06,4.2521924764610866e-06,-0.011802585061444658,0.0,0.38735232660557806,0.9757770107692765,0.9707948830361146,0.38735232660557806
154.0,0.0,0.0,-0.10112752240633202,5.778161993817431,3.4708801150545057,-20.225504481266405,3.0,0.0,3.578501657016251,-0.09,0.0,False,0.005333325427004041,0.10112752240633202,0.2666674052665148,0.04252192476461086,4.252192476461086e-06,4.2521924764610866e-06,-0.020225848490755545,0.0,1.2221762477801992,2.3072818787629252,2.19966033680118,1.2221762477801992
155.0,0.0,0.0,-0.22104342974326,5.874922687019391,3.5599952785596387,-44.208685948652,3.0,0.0,3.544689021289415,-0.05,0.0,False,0.00521654002061399,0.22104342974326002,0.2608281101173109,0.04252192476461086,4.252192476461086e-06,4.2521924764610866e-06,-0.04420943788082174,0.0,0.09676069320196046,2.3149274084597526,2.3302336657299763,0.09676069320196046
156.0,0.0,0.0,-0.22862560773879198,6.088882164416241,3.484954843102065,-45.7251215477584,3.0,0.0,3.567680700424387,-0.12,0.0,False,0.0056072661348368765,0.22862560773879198,0.2803644989005874,0.04252192476461086,4.252192476461086e-06,4.2521924764610866e-06,-0.045725899272522644,0.0,0.21395947739685006,2.6039273213141763,2.5212014639918543,0.21395947739685006
157.0,0.0,0.0,-0.25317331260773357,6.747802300084796,3.304439172922213,-50.634662521546716,3.0,0.0,3.588618001627016,0.13,0.0,False,0.005553911399198494,0.25317331260773357,0.2776967507749379,0.04252192476461086,4.252192476461086e-06,4.2521924764610866e-06,-0.050635523751208646,0.0,0.6589201356685548,3.4433631271625833,3.15918429845778,0.6589201356685548
158.0,0.0,0.0,-0.31822669527062436,6.094769424978659,3.520720642790172,-63.645339054124875,3.0,0.0,3.557095211256153,0.03,0.0,False,0.0054208921657117794,0.3182266952706244,0.271045760819433,0.04252192476461086,4.252192476461086e-06,4.2521924764610866e-06,-0.06364642157844927,0.0,-0.6530328751061374,2.5740487821884868,2.537674213722506,0.6530328751061374
159.0,0.0,0.0,-0.25008841900046835,5.0812377909239475,3.4537888663596097,-50.01768380009367,3.0,0.0,3.565467689320584,-0.12,0.0,False,0.005660494098591177,0.2500884190004684,0.2830259084050798,0.04252192476461086,4.252192476461086e-06,4.2521924764610866e-06,-0.050018534535751114,0.0,-1.0135316340547114,1.6274489245643378,1.5157701016033633,1.0135316340547114
160.0,0.0,0.0,-0.1477422576782355,4.921347389792408,3.5292737479715806,-29.548451535647104,3.0,0.0,3.5938320637692915,-0.04,0.0,False,0.005854283957845131,0.1477422576782355,0.2927154425693664,0.04252192476461086,4.252192476461086e-06,4.2521924764610866e-06,-0.02954895411632325,0.0,-0.1598904011315394,1.3920736418208275,1.3275153260231165,0.1598904011315394
161.0,0.0,0.0,-0.12812953214613124,4.784151892984424,3.6499139965230345,-25.625906429226248,3.0,0.0,3.6037838027157663,0.0,0.0,False,0.005664429262079248,0.12812953214613124,0.28322266741613694,0.04252192476461086,4.252192476461086e-06,4.2521924764610866e-06,-0.025626342292518936,0.0,-0.13719549680798426,1.1342378964613893,1.1803680902686575,0.13719549680798426
162.0,0.0,0.0,-0.11497523466577268,4.45160083007166,3.6521583557877175,-22.995046933154537,3.0,0.0,3.6400248267594666,0.03,0.0,False,0.005827777811034247,0.11497523466577268,0.2913901295933604,0.04252192476461086,4.252192476461086e-06,4.2521924764610866e-06,-0.022995438048953674,0.0,-0.3325510629127635,0.7994424742839428,0.8115760033121937,0.3325510629127635
163.0,0.0,0.0,-0.0737565196576356,4.618663638749532,3.8225862899318668,-14.751303931527122,3.0,0.0,3.6343751014853067,0.21,0.0,False,0.0054737660364257805,0.0737565196576356,0.2736894655966269,0.04252192476461086,4.252192476461086e-06,4.2521924764610866e-06,-0.014751554831994616,0.0,0.16706280867787182,0.7960773488176653,0.9842885372642254,0.16706280867787182
164.0,0.0,0.0,-0.08437055030054877,5.542912093123252,3.957656257032036,-16.874110060109754,3.0,0.0,3.714019952149406,0.22,0.0,False,0.005238091388728807,0.08437055030054877,0.26190568310508006,0.04252192476461086,4.252192476461086e-06,4.2521924764610866e-06,-0.01687439706674471,0.0,0.9242484543737195,1.5852558360912155,1.8288921409738457,0.9242484543737195
165.0,0.0,0.0,-0.1759962965860134,6.00187028350953,3.91416708222068,-35.19925931720268,3.0,0.0,3.774940197753084,-0.07,0.0,False,0.005537883173418677,0.17599629658601346,0.2768953360781921,0.04252192476461086,4.252192476461086e-06,4.2521924764610866e-06,-0.03519985801075948,0.0,0.4589581903862783,2.08770320128885,2.226930085756446,0.4589581903862783
166.0,0.0,0.0,-0.2177504000599627,5.698548799094434,4.017446259922528,-43.55008001199254,3.0,0.0,3.782911708756708,0.15,0.0,False,0.005438619759002474,0.21775040005996268,0.27193214425302475,0.04252192476461086,4.252192476461086e-06,4.2521924764610866e-06,-0.04355082074213308,0.0,-0.303321484415096,1.6811025391719063,1.915637090337726,0.303321484415096
167.0,0.0,0.0,-0.17973549286902607,5.480216317442402,3.981563248716398,-35.947098573805214,3.0,0.0,3.8243199870792615,0.25,0.0,False,0.005050800653077105,0.17973549286902607,0.252541106502682,0.04252192476461086,4.252192476461086e-06,4.2521924764610866e-06,-0.03594770998713376,0.0,-0.21833248165203223,1.4986530687260036,1.6558963303631402,0.21833248165203223
168.0,0.0,0.0,-0.15670935297127722,5.77342864391094,3.919532735584127,-31.341870594255447,3.0,0.0,3.9011556569086485,-0.05,0.0,False,0.0053345458703835565,0.15670935297127722,0.26672842769496863,0.04252192476461086,4.252192476461086e-06,4.2521924764610866e-06,-0.031342403678654,0.0,0.293212326468538,1.8538959083268125,1.8722729870022912,0.293212326468538
169.0,0.0,0.0,-0.1821387108180024,6.516031701420107,4.100418305695361,-36.42774216360048,3.0,0.0,3.9130894698130465,0.08,0.0,False,0.004969797261005423,0.18213871081800234,0.2484909196769972,0.04252192476461086,4.252192476461086e-06,4.2521924764610866e-06,-0.036428361752050484,0.0,0.7426030575091671,2.415613395724746,2.6029422316070603,0.7426030575091671
170.0,0.0,0.0,-0.2509707470312981,6.591831422523738,4.191826058228209,-50.194149406259626,3.0,0.0,3.952002811288127,0.26,0.0,False,0.004644686194850491,0.25097074703129807,0.23223529724750921,0.04252192476461086,4.252192476461086e-06,4.2521924764610866e-06,-0.050195003143367195,0.0,0.07579972110363098,2.400005364295529,2.6398286112356106,0.07579972110363098
171.0,0.0,0.0,-0.25038545615785546,6.559280802508312,4.276621027464385,-50.07709123157109,3.0,0.0,4.006270872311012,0.2,0.0,False,0.004665922989360211,0.25038545615785546,0.233297141488142,0.04252192476461086,4.252192476461086e-06,4.2521924764610866e-06,-0.05007794297767157,0.0,-0.03255062001542619,2.2826597750439266,2.5530099301973,0.03255062001542619
172.0,0.0,0.0,-0.24058182412982965,6.524813786948846,4.276852035739516,-48.11636482596593,3.0,0.0,4.087923626587542,0.22,0.0,False,0.0048476411142667234,0.24058182412982965,0.24238308636848982,0.04252192476461086,4.252192476461086e-06,4.2521924764610866e-06,-0.04811718322266394,0.0,-0.03446701555946596,2.2479617512093295,2.436890160361304,0.03446701555946596
173.0,0.0,0.0,-0.2279524901407405,6.1077497561169185,4.4152460108755225,-45.590498028148104,3.0,0.0,4.153411411198891,0.25,0.0,False,0.005164939736900859,0.2279524901407405,0.25824808496093743,0.04252192476461086,4.252192476461086e-06,4.2521924764610866e-06,-0.045591273463141624,0.0,-0.4170640308319271,1.692503745241396,1.9543383449180274,0.4170640308319271
174.0,0.0,0.0,-0.17809312365361463,6.583396884207742,4.539456360906961,-35.61862473072293,3.0,0.0,4.245240420648265,0.33,0.0,False,0.005267565426337108,0.17809312365361463,0.26337939125195914,0.04252192476461086,4.252192476461086e-06,4.2521924764610866e-06,-0.03561923055713922,0.0,0.47564712809082366,2.0439405233007815,2.3381564635594776,0.47564712809082366
175.0,0.0,0.0,-0.22171792441508006,6.785460997896305,4.541441954062686,-44.343584883016014,3.0,0.0,4.326780655268748,0.09,0.0,False,0.005201549296507627,0.22171792441508006,0.26007857072482055,0.04252192476461086,4.252192476461086e-06,4.2521924764610866e-06,-0.04434433910964094,0.0,0.20206411368856259,2.244019043833619,2.4586803426275567,0.20206411368856259
176.0,0.0,0.0,-0.2400689205765607,6.290177565914876,4.48632527323259,-48.01378411531214,3.0,0.0,4.366170500692439,-0.09,0.0,False,0.005220750930607829,0.24006892057656068,0.2610386565122828,0.04252192476461086,4.252192476461086e-06,4.2521924764610866e-06,-0.04801460076724586,0.0,-0.495283431981429,1.8038522926822855,1.9240070652224368,0.495283431981429
177.0,0.0,0.0,-0.188159079479218,6.229995283428203,4.409403368472377,-37.6318158958436,3.0,0.0,4.384720751167805,0.11,0.0,False,0.004869873157838732,0.188159079479218,0.24349469327383672,0.04252192476461086,4.252192476461086e-06,4.2521924764610866e-06,-0.03763245596401958,0.0,-0.060182282486672456,1.820591914955826,1.8452745322603983,0.060182282486672456
178.0,0.0,0.0,-0.18110253523660647,5.608693062152564,4.258093847741589,-36.22050704732129,3.0,0.0,4.408546766691591,-0.07,0.0,False,0.0048807777617278,0.18110253523660647,0.24403992578671385,0.04252192476461086,4.252192476461086e-06,4.2521924764610866e-06,-0.03622112311097188,0.0,-0.6213022212756396,1.350599214410975,1.2001462954609723,0.6213022212756396
179.0,0.0,0.0,-0.11766980739695551,4.693493254107402,4.360725026531025,-23.533961479391103,3.0,0.0,4.41893142692025,-0.12,0.0,False,0.005021067143779148,0.11766980739695551,0.25105442471615397,0.04252192476461086,4.252192476461086e-06,4.2521924764610866e-06,-0.02353436176142478,0.0,-0.9151998080451618,0.33276822757637703,0.27456182718715194,0.9151998080451618
180.0,0.0,0.0,-0.027427453545615266,4.604723343994206,4.29296429493845,-5.485490709123053,3.0,0.0,4.431969970449524,-0.09,0.0,False,0.005398620157295094,0.027427453545615266,0.2699321556633555,0.04252192476461086,4.252192476461086e-06,4.2521924764610866e-06,-0.005485584010175607,0.0,-0.08876991011319557,0.31175904905575624,0.17275337354468245,0.08876991011319557
181.0,0.0,0.0,-0.018720284798683547,3.794619193073772,4.210633980543696,-3.7440569597367093,3.0,0.0,4.419212887310668,0.08,0.0,False,0.005266081878504717,0.01872028479868355,0.26330521354492303,0.04252192476461086,4.252192476461086e-06,4.2521924764610866e-06,-0.003744120641269262,0.0,-0.8101041509204343,-0.4160147874699236,-0.6245936942368964,0.8101041509204343
182.0,0.0,0.0,0.05798875168263466,4.590949274885157,4.295168235922572,11.597750336526932,3.0,0.0,4.417516515894662,0.06,0.0,False,0.0052724649547626935,0.05798875168263466,0.26362436871492534,0.04252192476461086,4.252192476461086e-06,4.2521924764610866e-06,0.011597947599155023,0.0,0.7963300818113845,0.295781038962585,0.17343275899049448,0.7963300818113845
183.0,0.0,0.0,-0.021928168024621476,4.289504296953371,4.212211604420266,-4.385633604924295,3.0,0.0,4.374519038866799,-0.07,0.0,False,0.005524505945007919,0.02192816802462148,0.27622647181352666,0.04252192476461086,4.252192476461086e-06,4.2521924764610866e-06,-0.004385708198839981,0.0,-0.3014449779317854,0.07729269253310544,-0.08501474191342773,0.3014449779317854
184.0,0.0,0.0,0.004683034379839384,4.163353085803408,4.124150383863936,0.9366068759678768,3.0,0.0,4.371662932499388,0.19,0.0,False,0.0052671260347163015,0.005734628486090383,0.2633574215774999,0.04252192476461086,4.252192476461086e-06,4.2521924764610866e-06,0.0009366228064309821,0.0,-0.12615121114996342,0.039202701939471396,-0.20830984669597985,0.12615121114996342
185.0,0.0,0.0,0.013739181039607619,4.170531610631711,4.114794067925096,2.747836207921524,3.0,0.0,4.336335636409943,0.06,0.0,False,0.005430319211145308,0.013746400030907036,0.2715171150953901,0.04252192476461086,4.252192476461086e-06,4.2521924764610866e-06,0.0027478829450365855,0.0,0.007178524828303168,0.05573754270661535,-0.1658040257782316,0.007178524828303168
186.0,0.0,0.0,0.007701592298171305,5.662263767757036,3.9320034440747875,1.540318459634261,3.0,0.0,4.3007478172815965,0.21,0.0,False,0.005567189020205518,0.008147729148260454,0.2783606346482391,0.04252192476461086,4.252192476461086e-06,4.2521924764610866e-06,0.0015403446584451189,0.0,1.491732157125325,1.7302603236822485,1.3615159504754395,1.491732157125325
187.0,0.0,0.0,-0.1453117421155781,6.193423889801544,3.882533127376336,-29.06234842311562,3.0,0.0,4.2475491710460656,0.15,0.0,False,0.005601449281957597,0.1453117421155781,0.2800736550199045,0.04252192476461086,4.252192476461086e-06,4.2521924764610866e-06,-0.02906284273581093,0.0,0.5311601220445077,2.3108907624252075,1.9458747187554781,0.5311601220445077
188.0,0.0,0.0,-0.20433850982373833,5.918076677255768,3.8985251758716277,-40.86770196474767,3.0,0.0,4.209115451926428,0.24,0.0,False,0.005622994972598222,0.20433850982373833,0.2811509441327568,0.04252192476461086,4.252192476461086e-06,4.2521924764610866e-06,-0.040868397071131206,0.0,-0.27534721254577565,2.0195515013841403,1.7089612253293396,0.27534721254577565
189.0,0.0,0.0,-0.18022392702411655,5.283195900656343,3.972578958344307,-36.04478540482331,3.0,0.0,4.149995347230456,0.11,0.0,False,0.005577817026081238,0.1802239270241165,0.2788920372016415,0.04252192476461086,4.252192476461086e-06,4.2521924764610866e-06,-0.036045398479677616,0.0,-0.6348807765994247,1.3106169423120364,1.1332005534258878,0.6348807765994247
190.0,0.0,0.0,-0.11552852187972462,4.51113407393666,4.030694316781012,-23.105704375944924,3.0,0.0,4.115799089673277,-0.04,0.0,False,0.005481647418212935,0.11552852187972462,0.27408353636164223,0.04252192476461086,4.252192476461086e-06,4.2521924764610866e-06,-0.023106097373883045,0.0,-0.7720618267196837,0.480439757155648,0.39533498426338287,0.7720618267196837
191.0,0.0,0.0,-0.033972987187012,4.766813915003848,4.170574730810686,-6.7945974374024,3.0,0.0,4.127886119383521,0.08,0.0,False,0.005136908667529263,0.033972987187012,0.2568465255326825,0.04252192476461086,4.252192476461086e-06,4.2521924764610866e-06,-0.006794713004655396,0.0,0.2556798410671881,0.5962391841931618,0.6389277956203268,0.2556798410671881
192.0,0.0,0.0,-0.05933072558845199,5.039247172746624,4.17787195643247,-11.866145117690397,3.0,0.0,4.171396979082513,-0.04,0.0,False,0.005446898745580056,0.05933072558845199,0.27234609534209603,0.04252192476461086,4.252192476461086e-06,4.2521924764610866e-06,-0.011866346945364153,0.0,0.27243325774277594,0.8613752163141539,0.8678501936641103,0.27243325774277594
193.0,0.0,0.0,-0.08521851523764253,4.631717417899492,4.177687516687368,-17.043703047528506,3.0,0.0,4.1734940448360796,0.07,0.0,False,0.005494180935896107,0.08521851523764253,0.27471021491054726,0.04252192476461086,4.252192476461086e-06,4.2521924764610866e-06,-0.017043992938719298,0.0,-0.4075297548471317,0.45402990121212383,0.45822337306341243,0.4075297548471317
194.0,0.0,0.0,-0.04728445710274658,5.237447073834171,4.105643380837339,-9.456891420549315,3.0,0.0,4.187043902093731,0.01,0.0,False,0.005290529204523017,0.04728445710274656,0.2645275850435748,0.04252192476461086,4.252192476461086e-06,4.2521924764610866e-06,-0.00945705226995554,0.0,0.6057296559346792,1.131803692996832,1.0504031717404398,0.6057296559346792
195.0,0.0,0.0,-0.11064158838158157,5.546916469600926,4.040646146829298,-22.128317676316314,3.0,0.0,4.158862793741389,0.1,0.0,False,0.005076683141492107,0.11064158838158157,0.2538352364262983,0.04252192476461086,4.252192476461086e-06,4.2521924764610866e-06,-0.02212869405017964,0.0,0.3094693957667545,1.5062703227716279,1.3880536758595365,0.3094693957667545
196.0,0.0,0.0,-0.1405532267420208,5.096935853502899,3.951763313036127,-28.110645348404162,3.0,0.0,4.131007666551872,-0.12,0.0,False,0.005455784649681869,0.1405532267420208,0.27279039243641545,0.04252192476461086,4.252192476461086e-06,4.2521924764610866e-06,-0.028111123473869692,0.0,-0.44998061609802686,1.1451725404667719,0.965928186951027,0.44998061609802686
197.0,0.0,0.0,-0.09455691748778974,4.104648907280106,4.0179187494678175,-18.91138349755795,3.0,0.0,4.141354319212055,-0.02,0.0,False,0.005115545532862206,0.09455691748778974,0.2557783642573216,0.04252192476461086,4.252192476461086e-06,4.2521924764610866e-06,-0.01891170515556069,0.0,-0.9922869462227926,0.08673015781228877,-0.03670541193194854,0.9922869462227926
198.0,0.0,0.0,0.0026205162198021754,4.4964631959723755,3.90460518633522,0.5241032439604351,3.0,0.0,4.151346574914346,0.07,0.0,False,0.00535819833927516,0.0047493246023482105,0.26791105616829125,0.04252192476461086,4.252192476461086e-06,4.2521924764610866e-06,0.0005241121582740126,0.0,0.3918142886922693,0.5918580096371557,0.34511662105802987,0.3918142886922693
199.0,0.0,0.0,-0.03782522718451714,3.7456459022219644,4.0138060145915775,-7.565045436903428,3.0,0.0,4.130854626625095,-0.12,0.0,False,0.005590761101829365,0.03782522718451714,0.27953924374108297,0.04252192476461086,4.252192476461086e-06,4.2521924764610866e-06,-0.007565174108473448,0.0,-0.7508172937504112,-0.2681601123696131,-0.3852087244031308,0.7508172937504112
200.0,0.0,0.0,0.034385417810899176,3.3727307313477635,3.9190259462461285,6.877083562179835,3.0,0.0,4.118202882119881,0.15,0.0,False,0.005446531942778287,0.03438541781089918,0.2723277551240218,0.04252192476461086,4.252192476461086e-06,4.2521924764610866e-06,0.006877200532414382,0.0,-0.3729151708742009,-0.5462952148983651,-0.7454721507721178,0.3729151708742009
201.0,0.0,0.0,0.06942146196743403,3.808921286714571,3.8547385607409885,13.884292393486804,3.0,0.0,4.0895073910017015,0.17,0.0,False,0.004979534951169741,0.06942146196743403,0.24897780625553972,0.04252192476461086,4.252192476461086e-06,4.2521924764610866e-06,0.013884528547217247,0.0,0.4361905553668075,-0.045817274026417554,-0.2805861042871305,0.4361905553668075
202.0,0.0,0.0,0.02185625300570364,4.277044914442029,3.748512683393156,4.371250601140728,3.0,0.0,4.066960110693017,0.23,0.0,False,0.004941549247935895,0.02185625300570364,0.2470785130177214,0.04252192476461086,4.252192476461086e-06,4.2521924764610866e-06,0.004371324950420252,0.0,0.46812362772745786,0.5285322310488727,0.2100848037490115,0.46812362772745786
203.0,0.0,0.0,-0.02789627831911382,3.8863296753147383,3.6300551509757897,-5.579255663822764,3.0,0.0,4.027488463621337,0.17,0.0,False,0.005069539375907146,0.02789627831911382,0.25347804662821694,0.04252192476461086,4.252192476461086e-06,4.2521924764610866e-06,-0.005579350559695075,0.0,-0.39071523912729056,0.2562745243389486,-0.14115878830659856,0.39071523912729056
204.0,0.0,0.0,0.007500585907186464,3.427469577196595,3.683013296645754,1.5001171814372927,3.0,0.0,3.998076200233651,0.09,0.0,False,0.005566297891534212,0.008009272477608433,0.27831607802521136,0.04252192476461086,4.252192476461086e-06,4.2521924764610866e-06,0.0015001426964767672,0.0,-0.45886009811814343,-0.2555437194491592,-0.5706066230370563,0.45886009811814343
205.0,0.0,0.0,0.053587699195233415,3.9392320674132515,3.9203769342468635,10.717539839046683,3.0,0.0,3.961337129083351,0.04,0.0,False,0.00536671646498318,0.053587699195233415,0.26833696426472775,0.04252192476461086,4.252192476461086e-06,4.2521924764610866e-06,0.010717722130440614,0.0,0.5117624902166567,0.018855133166387983,-0.022105061670099513,0.5117624902166567
206.0,0.0,0.0,0.008536535660504291,3.473348785116861,3.980525906875078,1.7073071321008582,3.0,0.0,3.963357962409496,-0.07,0.0,False,0.00573309992650726,0.008998277080847284,0.28665621523758167,0.04252192476461086,4.252192476461086e-06,4.2521924764610866e-06,0.0017073361711715457,0.0,-0.46588328229639053,-0.5071771217582168,-0.49000917729263493,0.46588328229639053
207.0,0.0,0.0,0.055431161808506414,3.771444561793093,4.030323211136296,11.086232361701283,3.0,0.0,4.02459923896793,0.05,0.0,False,0.00552415251305618,0.05543116180850642,0.27620880014079674,0.04252192476461086,4.252192476461086e-06,4.2521924764610866e-06,0.011086420924074834,0.0,0.2980957766762322,-0.2588786493432029,-0.253154677174837,0.2980957766762322
208.0,0.0,0.0,0.028130978032877958,4.33451294424359,4.1315556024410744,5.626195606575592,3.0,0.0,4.027672188400385,0.02,0.0,False,0.005654768295024574,0.028130978032877955,0.28273961700938866,0.04252192476461086,4.252192476461086e-06,4.2521924764610866e-06,0.005626291300835193,0.0,0.563068382450497,0.20295734180251568,0.30684075584320514,0.563068382450497
209.0,0.0,0.0,-0.022587526689265336,3.5403496369087297,4.165395249910776,-4.517505337853067,3.0,0.0,4.052760323038529,0.08,0.0,False,0.005312082159838215,0.022587526689265336,0.26560523739170044,0.04252192476461086,4.252192476461086e-06,4.2521924764610866e-06,-0.004517582174735179,0.0,-0.7941633073348604,-0.6250456130020461,-0.5124106861297997,0.7941633073348604
210.0,0.0,0.0,0.0581022324513161,3.2542796740356077,4.1065709198513005,11.62044649026322,3.0,0.0,4.108632875025385,-0.1,0.0,False,0.005448126510566892,0.0581022324513161,0.27240748385247254,0.04252192476461086,4.252192476461086e-06,4.2521924764610866e-06,0.011620644138923325,0.0,-0.28606996287312203,-0.8522912458156928,-0.854353200989777,0.28606996287312203
211.0,0.0,0.0,0.09030548025692563,3.0257727455820085,4.112704042650922,18.061096051385125,3.0,0.0,4.121384314515675,0.03,0.0,False,0.005341642780008948,0.09030548025692564,0.2670832746851094,0.04252192476461086,4.252192476461086e-06,4.2521924764610866e-06,0.01806140324710584,0.0,-0.2285069284535992,-1.0869312970689133,-1.0956115689336663,0.2285069284535992
212.0,0.0,0.0,0.11762414094489607,3.4176496157783385,4.2567418589065165,23.524828188979214,3.0,0.0,4.15735367641905,0.06,0.0,False,0.005282922502593685,0.11762414094489607,0.2641472483298501,0.04252192476461086,4.252192476461086e-06,4.2521924764610866e-06,0.02352522831566752,0.0,0.39187687019633,-0.839092243128178,-0.7397040606407117,0.39187687019633
213.0,0.0,0.0,0.07886638565431632,3.580800770144572,4.26984267121625,15.773277130863264,3.0,0.0,4.202039163055327,0.13,0.0,False,0.00520944509357454,0.07886638565431632,0.2604733622568886,0.04252192476461086,4.252192476461086e-06,4.2521924764610866e-06,0.01577354541376384,0.0,0.16315115436623362,-0.6890419010716782,-0.6212383929107546,0.16315115436623362
214.0,0.0,0.0,0.06966075384307466,3.5217356475890442,4.441914310474763,13.932150768614932,3.0,0.0,4.206330240074087,0.18,0.0,False,0.005299773796885848,0.06966075384307466,0.26498981662720567,0.04252192476461086,4.252192476461086e-06,4.2521924764610866e-06,0.013932387736354003,0.0,-0.05906512255552787,-0.9201786628857187,-0.684594592485043,0.05906512255552787
215.0,0.0,0.0,0.07994962448150038,4.155953009662371,4.43663516415688,15.989924896300076,3.0,0.0,4.277423119121988,0.02,0.0,False,0.005244265176177732,0.07994962448150038,0.2622143737901329,0.04252192476461086,4.252192476461086e-06,4.2521924764610866e-06,0.015990196864096976,0.0,0.6342173620733265,-0.2806821544945093,-0.12147010945961689,0.6342173620733265
216.0,0.0,0.0,0.017090293517076707,3.989417109211673,4.368849008409849,3.4180587034153413,3.0,0.0,4.321248890463633,-0.09,0.0,False,0.005267138258914352,0.017090293517076707,0.2633580327900014,0.04252192476461086,4.252192476461086e-06,4.2521924764610866e-06,0.003418116840142141,0.0,-0.16653590045069766,-0.37943189919817577,-0.3318317812519602,0.16653590045069766
217.0,0.0,0.0,0.03514164300809375,4.498935421308074,4.428054074397315,7.02832860161875,3.0,0.0,4.326859578394013,-0.07,0.0,False,0.005528589644686022,0.03514164300809375,0.2764306576656657,0.04252192476461086,4.252192476461086e-06,4.2521924764610866e-06,0.007028448144334433,0.0,0.5095183120964011,0.07088134691075876,0.17207584291406075,0.5095183120964011
218.0,0.0,0.0,-0.0057921858992716025,5.626927728366725,4.4987288030337105,-1.1584371798543205,3.0,0.0,4.340841010744111,0.14,0.0,False,0.005369045654272515,0.006584512951741922,0.26845342422440255,0.04252192476461086,4.252192476461086e-06,4.2521924764610866e-06,-0.0011584568833619788,0.0,1.1279923070586513,1.128198925333015,1.2860867176226147,1.1279923070586513
219.0,0.0,0.0,-0.11417773769786145,6.226004365972157,4.537914867946922,-22.83554753957229,3.0,0.0,4.441012330840893,0.05,0.0,False,0.00522792185917526,0.11417773769786145,0.2613972044652628,0.04252192476461086,4.252192476461086e-06,4.2521924764610866e-06,-0.02283593594249448,0.0,0.5990766376054317,1.688089498025235,1.784992035131264,0.5990766376054317
220.0,0.0,0.0,-0.16716158941124312,6.567088620203967,4.717620661633013,-33.432317882248626,3.0,0.0,4.485126076102251,0.3,0.0,False,0.004935064285322065,0.16716158941124312,0.24675426350826443,0.04252192476461086,4.252192476461086e-06,4.2521924764610866e-06,-0.033432886522432904,0.0,0.3410842542318102,1.849467958570954,2.0819625441017164,0.3410842542318102
221.0,0.0,0.0,-0.19675817005265653,6.538342228250451,4.725303754894444,-39.351634010531306,3.0,0.0,4.554352931697085,0.1,0.0,False,0.004825285240015369,0.19675817005265656,0.24126528790284815,0.04252192476461086,4.252192476461086e-06,4.2521924764610866e-06,-0.0393523033305735,0.0,-0.028746391953516692,1.8130384733560065,1.9839892965533652,0.028746391953516692
222.0,0.0,0.0,-0.18998572969951597,6.408555961311388,4.724873704029629,-37.99714593990319,3.0,0.0,4.599465086996885,0.06,0.0,False,0.004737576805063503,0.18998572969951597,0.2368798475075975,0.04252192476461086,4.252192476461086e-06,4.2521924764610866e-06,-0.037997792221867416,0.0,-0.12978626693906303,1.6836822572817587,1.8090908743145029,0.12978626693906303
223.0,0.0,0.0,-0.1690938246988951,6.408797023923599,4.920584206711846,-33.81876493977902,3.0,0.0,4.63844453846077,0.31,0.0,False,0.0044948870457316254,0.1690938246988951,0.22474530794282518,0.04252192476461086,4.252192476461086e-06,4.2521924764610866e-06,-0.03381934015292443,0.0,0.00024106261221135128,1.4882128172117532,1.770352485462829,0.00024106261221135128
224.0,0.0,0.0,-0.1631887094227452,5.981056544140363,4.887312235432466,-32.63774188454904,3.0,0.0,4.717581763347979,0.09,0.0,False,0.0048263866380205064,0.16318870942274522,0.24132035803727286,0.04252192476461086,4.252192476461086e-06,4.2521924764610866e-06,-0.032638297010030466,0.0,-0.42774047978323626,1.0937443087078966,1.263474780792384,0.42774047978323626
225.0,0.0,0.0,-0.11624543501528066,5.532662378870651,5.065288960519225,-23.249087003056133,3.0,0.0,4.7768752342060266,0.13,0.0,False,0.005081201691441273,0.11624543501528066,0.25406116488444375,0.04252192476461086,4.252192476461086e-06,4.2521924764610866e-06,-0.023249482439745995,0.0,-0.4483941652697121,0.46737341835142576,0.755787144664624,0.4483941652697121
226.0,0.0,0.0,-0.0673254058068114,5.905036301075002,4.953644100028071,-13.46508116136228,3.0,0.0,4.818577479089347,0.0,0.0,False,0.004887277950677235,0.0673254058068114,0.2443649366161883,0.04252192476461086,4.252192476461086e-06,4.2521924764610866e-06,-0.013465310184855655,0.0,0.3723739222043516,0.9513922010469313,1.086458821985655,0.3723739222043516
227.0,0.0,0.0,-0.0994394559326521,6.33001471336924,4.940194667582332,-19.88789118653042,3.0,0.0,4.859394006773335,0.02,0.0,False,0.004722994788433189,0.09943945593265209,0.23615074357580465,0.04252192476461086,4.252192476461086e-06,4.2521924764610866e-06,-0.01988822945365713,0.0,0.42497841229423816,1.3898200457869088,1.4706207065959056,0.42497841229423816
228.0,0.0,0.0,-0.13728450170144277,6.591414058260926,4.947542959164959,-27.456900340288552,3.0,0.0,4.910620599963163,0.0,0.0,False,0.004678971409784737,0.13728450170144277,0.23394956528358815,0.04252192476461086,4.252192476461086e-06,4.2521924764610866e-06,-0.027457367346402944,0.0,0.2613993448916858,1.6438710990959668,1.6807934582977628,0.2613993448916858
229.0,0.0,0.0,-0.16479976091054155,6.576929351912009,4.694446340330198,-32.95995218210831,3.0,0.0,4.957140508348551,-0.03,0.0,False,0.00506788347149326,0.16479976091054155,0.25339525105546146,0.04252192476461086,4.252192476461086e-06,4.2521924764610866e-06,-0.03296051278796725,0.0,-0.01448470634891752,1.8824830115818108,1.619788843563458,0.01448470634891752
230.0,0.0,0.0,-0.166263604855678,6.891626581811163,4.743916887672391,-33.2527209711356,3.0,0.0,4.943381411140339,0.16,0.0,False,0.00486445896032938,0.166263604855678,0.24322398224725866,0.04252192476461086,4.252192476461086e-06,4.2521924764610866e-06,-0.033253286556610334,0.0,0.3146972298991546,2.147709694138772,1.9482451706708241,0.3146972298991546
231.0,0.0,0.0,-0.200687740329917,6.506757741725312,4.711805026584191,-40.1375480659834,3.0,0.0,4.914257954112747,0.13,0.0,False,0.00476867741206781,0.200687740329917,0.23843488447010125,0.04252192476461086,4.252192476461086e-06,4.2521924764610866e-06,-0.04013823075340009,0.0,-0.38486884008585154,1.7949527151411209,1.5924997876125646,0.38486884008585154
232.0,0.0,0.0,-0.16358893964132426,6.659766836895623,4.6482925130854325,-32.717787928264855,3.0,0.0,4.8847065103670175,0.09,0.0,False,0.004837899303832851,0.16358893964132426,0.2418959937755936,0.04252192476461086,4.252192476461086e-06,4.2521924764610866e-06,-0.03271834441522523,0.0,0.15300909517031158,2.011474323810191,1.7750603265286058,0.15300909517031158
233.0,0.0,0.0,-0.17860796495371656,6.1574486915152935,4.74189519824354,-35.72159299074331,3.0,0.0,4.870833564729152,-0.09,0.0,False,0.0050726308782097565,0.17860796495371656,0.2536326224006306,0.04252192476461086,4.252192476461086e-06,4.2521924764610866e-06,-0.03572220056851559,0.0,-0.5023181453803298,1.4155534932717533,1.2866151267861419,0.5023181453803298
234.0,0.0,0.0,-0.13160342195657782,6.311253100629957,4.678242554963191,-26.320684391315563,3.0,0.0,4.873649213586219,0.11,0.0,False,0.0051461939770054135,0.13160342195657784,0.2573107929806362,0.04252192476461086,4.252192476461086e-06,4.2521924764610866e-06,-0.02632113207187649,0.0,0.1538044091146631,1.6330105456667656,1.4376038870437373,0.1538044091146631
235.0,0.0,0.0,-0.1485689224898109,6.3353820335277655,4.549127433494071,-29.71378449796218,3.0,0.0,4.841386491795481,0.02,0.0,False,0.0051741487316548885,0.1485689224898109,0.25870853665655985,0.04252192476461086,4.252192476461086e-06,4.2521924764610866e-06,-0.029714289890736684,0.0,0.02412893289780893,1.7862546000336943,1.4939955417322848,0.02412893289780893
236.0,0.0,0.0,-0.15735726495117278,6.507321730729777,4.477631951874641,-31.471452990234557,3.0,0.0,4.825532288549127,0.18,0.0,False,0.0051920142011794195,0.15735726495117278,0.25960181393115717,0.04252192476461086,4.252192476461086e-06,4.2521924764610866e-06,-0.03147198827866089,0.0,0.17193969720201174,2.0296897788551362,1.6817894421806505,0.17193969720201174
237.0,0.0,0.0,-0.17545887500507337,6.225523965089231,4.55025818517763,-35.091775001014675,3.0,0.0,4.761775928347133,0.01,0.0,False,0.005359475941071539,0.17545887500507337,0.2679749365297407,0.04252192476461086,4.252192476461086e-06,4.2521924764610866e-06,-0.03509237186640324,0.0,-0.2817977656405466,1.6752657799116006,1.463748036742098,0.2817977656405466
238.0,0.0,0.0,-0.14766571326516717,5.810924401749809,4.76857285531737,-29.533142653033433,3.0,0.0,4.7526956764336346,-0.01,0.0,False,0.005324840131833959,0.14766571326516717,0.2662431387039553,0.04252192476461086,4.252192476461086e-06,4.2521924764610866e-06,-0.02953364497332543,0.0,-0.4145995633394213,1.0423515464324398,1.0582287253161748,0.4145995633394213
239.0,0.0,0.0,-0.10189476640043012,6.120153745029784,4.750169150575954,-20.378953280086023,3.0,0.0,4.748835437285812,0.04,0.0,False,0.0051081716301961165,0.10189476640043012,0.2554096675562545,0.04252192476461086,4.252192476461086e-06,4.2521924764610866e-06,-0.020379299899539377,0.0,0.3092293432799744,1.3699845944538298,1.3713183077439721,0.3092293432799744
240.0,0.0,0.0,-0.1366774496630411,5.260473440510891,4.661493790596795,-27.33548993260822,3.0,0.0,4.791955073937555,0.06,0.0,False,0.005193091163542772,0.1366774496630411,0.2596556622782973,0.04252192476461086,4.252192476461086e-06,4.2521924764610866e-06,-0.027335954873689703,0.0,-0.8596803045188928,0.5989796499140958,0.4685183665733357,0.8596803045188928
241.0,0.0,0.0,-0.054432472954795565,5.454350253900572,4.626194302149411,-10.886494590959114,3.0,0.0,4.753350189458216,0.14,0.0,False,0.004921059652231165,0.05443247295479558,0.24605402887619968,0.04252192476461086,4.252192476461086e-06,4.2521924764610866e-06,-0.010886679756053326,0.0,0.19387681338968132,0.8281559517511612,0.701000064442356,0.19387681338968132
242.0,0.0,0.0,-0.0707143317863258,5.604161467684619,4.697926372820641,-14.142866357265161,3.0,0.0,4.716137138095338,-0.04,0.0,False,0.0050350319875495575,0.0707143317863258,0.2517526698737346,0.04252192476461086,4.252192476461086e-06,4.2521924764610866e-06,-0.014143106909001954,0.0,0.14981121378404705,0.9062350948639786,0.8880243295892818,0.14981121378404705
243.0,0.0,0.0,-0.08409444710790981,5.627907610011187,4.787795967481859,-16.81888942158196,3.0,0.0,4.747191901489835,-0.09,0.0,False,0.005394188720233191,0.08409444710790982,0.26971058286809413,0.04252192476461086,4.252192476461086e-06,4.2521924764610866e-06,-0.016819175488985778,0.0,0.023746142326567465,0.8401116425293278,0.8807157085213522,0.023746142326567465
244.0,0.0,0.0,-0.08213009607173825,5.259930919529604,4.691856354756636,-16.42601921434765,3.0,0.0,4.7631991173167565,-0.05,0.0,False,0.005268382610984366,0.08213009607173825,0.2634202506580633,0.04252192476461086,4.252192476461086e-06,4.2521924764610866e-06,-0.016426298599540923,0.0,-0.36797669048158266,0.5680745647729681,0.49673180221284774,0.36797669048158266
245.0,0.0,0.0,-0.04922285021562769,5.232115319660835,4.533489155924125,-9.844570043125538,3.0,0.0,4.806589187644975,0.1,0.0,False,0.0053810561844608576,0.04922285021562769,0.26905395328737397,0.04252192476461086,4.252192476461086e-06,4.2521924764610866e-06,-0.009844737486440214,0.0,-0.027815599868769247,0.6986261637367104,0.4255261320158601,0.027815599868769247
246.0,0.0,0.0,-0.050379193685126174,4.9380849639840445,4.46930496531817,-10.075838737025235,3.0,0.0,4.76769195212166,0.19,0.0,False,0.005082911097976097,0.05037919368512618,0.25414663557462125,0.04252192476461086,4.252192476461086e-06,4.2521924764610866e-06,-0.010076010113919185,0.0,-0.2940303556767905,0.46877999866587494,0.17039301186238465,0.2940303556767905
247.0,0.0,0.0,-0.02281260829508177,4.116100467310118,4.601696932726494,-4.562521659016354,3.0,0.0,4.728312671708156,-0.17,0.0,False,0.005553717578442073,0.022812608295081763,0.2776870596959088,0.04252192476461086,4.252192476461086e-06,4.2521924764610866e-06,-0.004562599261567457,0.0,-0.8219844966739265,-0.4855964654163758,-0.6122122043980376,0.8219844966739265
248.0,0.0,0.0,0.058918826531461244,3.8929844717707263,4.55820303269654,11.78376530629225,3.0,0.0,4.709954030853159,-0.01,0.0,False,0.005834653332875748,0.058918826531461244,0.2917339071472376,0.04252192476461086,4.252192476461086e-06,4.2521924764610866e-06,0.011783965732792705,0.0,-0.22311599553939176,-0.6652185609258141,-0.8169695590824326,0.22311599553939176
249.0,0.0,0.0,0.08057450901336695,3.6512180210384577,4.5751643036568534,16.11490180267339,3.0,0.0,4.7053012593342745,0.08,0.0,False,0.005839254908333401,0.08057450901336695,0.2919639868984595,0.04252192476461086,4.252192476461086e-06,4.2521924764610866e-06,0.016115175896164693,0.0,-0.24176645073226855,-0.9239462826183957,-1.0540832382958167,0.24176645073226855
250.0,0.0,0.0,0.10112625427570311,2.6336506318845405,4.492142219527594,20.225250855140622,3.0,0.0,4.698746692820446,0.22,0.0,False,0.005413814935215983,0.10112625427570311,0.2706918977899559,0.04252192476461086,4.252192476461086e-06,4.2521924764610866e-06,0.020225594860315912,0.0,-1.0175673891539172,-1.8584915876430532,-2.0650960609359057,1.0175673891539172
251.0,0.0,0.0,0.20055427700597017,2.800503688470752,4.489459539114507,40.11085540119404,3.0,0.0,4.6625020642103685,0.08,0.0,False,0.005548156842429561,0.20055427700597023,0.27740902171301723,0.04252192476461086,4.252192476461086e-06,4.2521924764610866e-06,0.04011153763460326,0.0,0.1668530565862114,-1.688955850643755,-1.8619983757396166,0.1668530565862114
252.0,0.0,0.0,0.18472686862777665,3.1620844817906857,4.600532073707426,36.94537372555533,3.0,0.0,4.639236041713631,0.09,0.0,False,0.005148908462536617,0.1847268686277766,0.2574465178343221,0.04252192476461086,4.252192476461086e-06,4.2521924764610866e-06,0.03694600211824403,0.0,0.36158079331993376,-1.4384475919167405,-1.4771515599229454,0.36158079331993376
253.0,0.0,0.0,0.1505545268202856,2.871797493300164,4.590354131878395,30.11090536405712,3.0,0.0,4.647811649458565,0.0,0.0,False,0.004976532544238203,0.1505545268202856,0.24882768527062227,0.04252192476461086,4.252192476461086e-06,4.2521924764610866e-06,0.030111417511340343,0.0,-0.2902869884905215,-1.7185566385782307,-1.7760141561584009,0.2902869884905215
254.0,0.0,0.0,0.1808134431874983,3.6823108100482136,4.556370939748593,36.16268863749966,3.0,0.0,4.667661759334853,0.04,0.0,False,0.00502761903292965,0.18081344318749834,0.2513820205666738,0.04252192476461086,4.252192476461086e-06,4.2521924764610866e-06,0.0361633037177344,0.0,0.8105133167480494,-0.8740601297003794,-0.985350949286639,0.8105133167480494
255.0,0.0,0.0,0.09904043258857748,3.232562180111254,4.621056491113246,19.808086517715495,3.0,0.0,4.679970367853284,0.03,0.0,False,0.005293620043361125,0.09904043258857748,0.26468212764262233,0.04252192476461086,4.252192476461086e-06,4.2521924764610866e-06,0.019808423427468726,0.0,-0.4497486299369595,-1.3884943110019923,-1.4474081877420297,0.4497486299369595
256.0,0.0,0.0,0.14508138409678498,3.259514544637536,4.6498414828589665,29.016276819356996,3.0,0.0,4.672736192883104,0.01,0.0,False,0.0050655885118498665,0.14508138409678498,0.2532805025853613,0.04252192476461086,4.252192476461086e-06,4.2521924764610866e-06,0.029016770348434334,0.0,0.026952364526282135,-1.3903269382214303,-1.4132216482455675,0.026952364526282135
257.0,0.0,0.0,0.1498380374397677,3.0161495878974103,5.060388089077121,29.96760748795354,3.0,0.0,4.683406866777599,0.34,0.0,False,0.004790737038318627,0.1498380374397677,0.23953787047273084,0.04252192476461086,4.252192476461086e-06,4.2521924764610866e-06,0.029968117197926518,0.0,-0.24336495674012593,-2.044238501179711,-1.6672572788801885,0.24336495674012593
258.0,0.0,0.0,0.1824577676972588,3.059354890099464,5.112754666559749,36.49155353945176,3.0,0.0,4.757926776043986,0.25,0.0,False,0.005073926721136836,0.18245776769725874,0.25369741482249325,0.04252192476461086,4.252192476461086e-06,4.2521924764610866e-06,0.036492174213250156,0.0,0.04320530220205354,-2.0533997764602856,-1.698571885944522,0.04320530220205354
259.0,0.0,0.0,0.1873857090739894,3.4143831186769082,5.223381957294491,37.47714181479788,3.0,0.0,4.840766057147349,0.34,0.0,False,0.005382840795699536,0.1873857090739894,0.26914318422873346,0.04252192476461086,4.252192476461086e-06,4.2521924764610866e-06,0.0374777792521692,0.0,0.3550282285774444,-1.8089988386175824,-1.4263829384704412,0.3550282285774444
260.0,0.0,0.0,0.1676310857438446,4.039207434585126,5.482911893417077,33.52621714876892,3.0,0.0,4.933251820844472,0.61,0.0,False,0.005089996692922121,0.1676310857438446,0.2545009168283881,0.04252192476461086,4.252192476461086e-06,4.2521924764610866e-06,0.03352678738605743,0.0,0.6248243159082181,-1.4437044588319505,-0.8940443862593455,0.6248243159082181
261.0,0.0,0.0,0.11531611506952964,4.273303917029446,5.52083993232514,23.06322301390593,3.0,0.0,5.090729616097433,0.38,0.0,False,0.005233295351874182,0.11531611506952963,0.2616658802426652,0.04252192476461086,4.252192476461086e-06,4.2521924764610866e-06,0.02306361528929141,0.0,0.23409648244431924,-1.2475360152956947,-0.8174256990679876,0.23409648244431924
262.0,0.0,0.0,0.09890267579893894,4.125208699928261,5.529052365284287,19.78053515978779,3.0,0.0,5.192393102596267,0.14,0.0,False,0.005532062331451793,0.09890267579893894,0.2766042927422808,0.04252192476461086,4.252192476461086e-06,4.2521924764610866e-06,0.019780871600928306,0.0,-0.14809521710118467,-1.4038436653560264,-1.0671844026680057,0.14809521710118467
263.0,0.0,0.0,0.11425085030599506,4.733006251487872,5.445761798278576,22.850170061199012,3.0,0.0,5.262351702679531,-0.08,0.0,False,0.005556641546093098,0.11425085030599505,0.27783325870012365,0.04252192476461086,4.252192476461086e-06,4.2521924764610866e-06,0.02285055871283125,0.0,0.607797551559611,-0.7127555467907039,-0.5293454511916593,0.607797551559611
264.0,0.0,0.0,0.06089189538834061,4.967266537619558,5.459656023971924,12.178379077668122,3.0,0.0,5.267741493818516,0.24,0.0,False,0.005413755038192509,0.06089189538834061,0.2706889029260475,0.04252192476461086,4.252192476461086e-06,4.2521924764610866e-06,0.012178586216034877,0.0,0.23426028613168626,-0.4923894863523657,-0.3004749561989577,0.23426028613168626
265.0,0.0,0.0,0.036765176246293024,5.120529114701587,5.297743697706866,7.353035249258605,3.0,0.0,5.34193815157425,0.12,0.0,False,0.0052289941555220334,0.036765176246293024,0.261450819510582,0.04252192476461086,4.252192476461086e-06,4.2521924764610866e-06,0.007353160314811459,0.0,0.15326257708202906,-0.17721458300527893,-0.22140903687266267,0.15326257708202906
266.0,0.0,0.0,0.018816659926061876,5.300750357892539,5.135227444062722,3.763331985212375,3.0,0.0,5.334926116712779,0.12,0.0,False,0.005152652679580257,0.018816659926061876,0.2576337294825607,0.04252192476461086,4.252192476461086e-06,4.2521924764610866e-06,0.0037633959945880075,0.0,0.18022124319095134,0.16552291382981643,-0.03417575882024071,0.18022124319095134
267.0,0.0,0.0,-0.0026155545588961156,5.630940450408706,5.188632048336194,-0.5231109117792231,3.0,0.0,5.308699714565194,0.15,0.0,False,0.005032967004519416,0.0044762966307923206,0.25164942028319237,0.04252192476461086,4.252192476461086e-06,4.2521924764610866e-06,-0.0005231198092145227,0.0,0.33019009251616716,0.4423084020725119,0.3222407358435113,0.33019009251616716
268.0,0.0,0.0,-0.03326253158603901,6.294429921098145,5.2300411730600835,-6.652506317207801,3.0,0.0,5.274594256211507,-0.14,0.0,False,0.005310535156608421,0.03326253158603901,0.26552788690130297,0.04252192476461086,4.252192476461086e-06,4.2521924764610866e-06,-0.006652619467675904,0.0,0.6634894706894396,1.0643887480380618,1.0198356648866387,0.6634894706894396
269.0,0.0,0.0,-0.09894117010196092,6.264311182084267,5.380719329543191,-19.788234020392185,3.0,0.0,5.298308062613988,0.14,0.0,False,0.00551690634516913,0.09894117010196092,0.2758464902058391,0.04252192476461086,4.252192476461086e-06,4.2521924764610866e-06,-0.019788570592480292,0.0,-0.030118739013878404,0.883591852541076,0.9660031194702787,0.030118739013878404
270.0,0.0,0.0,-0.0923103158214037,5.871885545592729,5.4580613749549265,-18.46206316428074,3.0,0.0,5.3049971842335815,0.1,0.0,False,0.005300773435211414,0.0923103158214037,0.26503979875601663,0.04252192476461086,4.252192476461086e-06,4.2521924764610866e-06,-0.018462377179929813,0.0,-0.39242563649153794,0.4138241706378025,0.5668883613591476,0.39242563649153794
271.0,0.0,0.0,-0.04710032837872446,5.12353019471392,5.475069495050369,-9.420065675744892,3.0,0.0,5.34118839780871,0.11,0.0,False,0.005164235723988108,0.04710032837872446,0.25821288416561994,0.04252192476461086,4.252192476461086e-06,4.2521924764610866e-06,-0.009420225898793162,0.0,-0.7483553508788088,-0.35153930033644887,-0.21765820309479,0.7483553508788088
272.0,0.0,0.0,0.03613412852561083,5.382885716269939,5.547906710125761,7.226825705122166,3.0,0.0,5.400872247822386,0.07,0.0,False,0.00541336800259042,0.03613412852561083,0.2706695510636556,0.04252192476461086,4.252192476461086e-06,4.2521924764610866e-06,0.007226948624015053,0.0,0.25935552155601904,-0.1650209938558218,-0.017986531552447005,0.25935552155601904
273.0,0.0,0.0,0.016215571494316787,4.419847343196175,5.71130025993246,3.2431142988633574,3.0,0.0,5.484879162433502,0.12,0.0,False,0.005557788652846492,0.016215571494316787,0.2778906142816793,0.04252192476461086,4.252192476461086e-06,4.2521924764610866e-06,0.0032431694600136866,0.0,-0.9630383730737639,-1.2914529167362847,-1.0650318192373263,0.9630383730737639
274.0,0.0,0.0,0.11728545312603558,4.475285205776653,5.645375186442573,23.457090625207115,3.0,0.0,5.545044878799663,0.08,0.0,False,0.005551069847180744,0.11728545312603558,0.2775546725699092,0.04252192476461086,4.252192476461086e-06,4.2521924764610866e-06,0.02345748959976768,0.0,0.05543786258047767,-1.17008998066592,-1.0697596730230101,0.05543786258047767
275.0,0.0,0.0,0.11527510116628865,5.314354650379599,5.667300620143683,23.055020233257732,3.0,0.0,5.592726810472599,0.0,0.0,False,0.0056254895991233395,0.11527510116628865,0.28127567598939435,0.04252192476461086,4.252192476461086e-06,4.2521924764610866e-06,0.023055412369124596,0.0,0.8390694446029459,-0.3529459697640842,-0.27837216009300025,0.8390694446029459
276.0,0.0,0.0,0.03518260901001791,4.414299539270666,5.591131800150135,7.036521802003581,3.0,0.0,5.628060726035434,-0.07,0.0,False,0.005290616814738909,0.03518260901001791,0.26453196557299613,0.04252192476461086,4.252192476461086e-06,4.2521924764610866e-06,0.007036641484074932,0.0,-0.9000551111089328,-1.1768322608794692,-1.213761186764768,0.9000551111089328
277.0,0.0,0.0,0.12393464918247526,4.547172487348579,5.521643934979283,24.78692983649505,3.0,0.0,5.666188220641044,0.06,0.0,False,0.00520321533446065,0.12393464918247528,0.26016187297668736,0.04252192476461086,4.252192476461086e-06,4.2521924764610866e-06,0.024787351429888596,0.0,0.13287294807791294,-0.9744714476307044,-1.119015733292465,0.13287294807791294
278.0,0.0,0.0,0.10775977726031387,4.504399923360174,5.464941726136204,21.551955452062774,3.0,0.0,5.653672380794559,0.09,0.0,False,0.0053712043128292175,0.10775977726031388,0.26856135761118927,0.04252192476461086,4.252192476461086e-06,4.2521924764610866e-06,0.021552322022755335,0.0,-0.04277256398840468,-0.9605418027760297,-1.1492724574343844,0.04277256398840468
279.0,0.0,0.0,0.10952295696438567,5.563969252114211,5.379121262512064,21.904591392877133,3.0,0.0,5.624793170717424,0.13,0.0,False,0.005549014133854167,0.10952295696438567,0.27745188646651586,0.04252192476461086,4.252192476461086e-06,4.2521924764610866e-06,0.021904963961447765,0.0,1.0595693287540362,0.18484798960214643,-0.06082391860321312,1.0595693287540362
280.0,0.0,0.0,0.0032605044535663976,5.375176508850314,5.513322701649149,0.6521008907132795,3.0,0.0,5.599652778638711,-0.05,0.0,False,0.005137411489526112,0.0050914663997226,0.25687166673942974,0.04252192476461086,4.252192476461086e-06,4.2521924764610866e-06,0.0006521119821001217,0.0,-0.18879274326389694,-0.13814619279883544,-0.22447626978839708,0.18879274326389694
281.0,0.0,0.0,0.020719703163747764,5.5484632093706265,5.5026160201778165,4.143940632749553,3.0,0.0,5.5965749898645,0.01,0.0,False,0.005123021946133632,0.020719703163747764,0.25615218651045035,0.04252192476461086,4.252192476461086e-06,4.2521924764610866e-06,0.004144011115782568,0.0,0.17328670052031292,0.045847189192810056,-0.048111780493873546,0.17328670052031292
282.0,0.0,0.0,0.0059157440494993305,5.52119212559837,5.627319331464052,1.1831488098998661,3.0,0.0,5.582377945696087,0.05,0.0,False,0.005173504208591503,0.006551134451768814,0.25867631036635874,0.04252192476461086,4.252192476461086e-06,4.2521924764610866e-06,0.0011831689337201668,0.0,-0.02727108377225651,-0.1061272058656817,-0.06118582009771689,0.02727108377225651
283.0,0.0,0.0,0.007935877112641073,5.543611294321542,5.621103755845891,1.5871754225282146,3.0,0.0,5.607621907609737,0.05,0.0,False,0.005103022889558666,0.008162698592909157,0.25515222942971016,0.04252192476461086,4.252192476461086e-06,4.2521924764610866e-06,0.001587202418314984,0.0,0.022419168723171623,-0.07749246152434974,-0.06401061328819502,0.022419168723171623
284.0,0.0,0.0,0.009154348999883393,5.29885249025289,5.727456337171325,1.8308697999766785,3.0,0.0,5.6005525839686285,-0.01,0.0,False,0.005221282969829962,0.009293549145064533,0.26106525858650614,0.04252192476461086,4.252192476461086e-06,4.2521924764610866e-06,0.001830900940687416,0.0,-0.2447588040686517,-0.4286038469184348,-0.3017000937157386,0.2447588040686517
285.0,0.0,0.0,0.0387984201174564,4.975036441331708,5.882420720538051,7.75968402349128,3.0,0.0,5.635156730623073,0.25,0.0,False,0.005304987352949281,0.0387984201174564,0.26525049553882946,0.04252192476461086,4.252192476461086e-06,4.2521924764610866e-06,0.007759816005610157,0.0,-0.32381604892118165,-0.9073842792063429,-0.6601202892913651,0.32381604892118165
286.0,0.0,0.0,0.07942793967458314,4.902653159655492,6.026890211790357,15.885587934916629,3.0,0.0,5.68684494034496,0.31,0.0,False,0.005265050137234703,0.07942793967458314,0.2632536262620642,0.04252192476461086,4.252192476461086e-06,4.2521924764610866e-06,0.015885858128077704,0.0,-0.072383281676216,-1.1242370521348644,-0.7841917806894676,0.072383281676216
287.0,0.0,0.0,0.09685589845604092,4.427821756286939,6.094730527008665,19.371179691208184,3.0,0.0,5.769332725221914,0.39,0.0,False,0.005046495554930114,0.09685589845604092,0.2523258506800272,0.04252192476461086,4.252192476461086e-06,4.2521924764610866e-06,0.019371509169745334,0.0,-0.4748314033685537,-1.6669087707217267,-1.3415109689349753,0.4748314033685537
288.0,0.0,0.0,0.1526508274719892,5.195451227146101,6.174204332576676,30.530165494397835,3.0,0.0,5.871232736712036,0.23,0.0,False,0.005158394108072002,0.1526508274719892,0.257920802127831,0.04252192476461086,4.252192476461086e-06,4.2521924764610866e-06,0.030530684772749818,0.0,0.7676294708591627,-0.9787531054305747,-0.675781509565935,0.7676294708591627
289.0,0.0,0.0,0.08819878316503457,5.802911182115715,6.384971257242899,17.639756633006915,3.0,0.0,5.954362486041833,0.5,0.0,False,0.004769308450382968,0.08819878316503456,0.2384664365200239,0.04252192476461086,4.252192476461086e-06,4.2521924764610866e-06,0.01764005666229288,0.0,0.607459954969614,-0.5820600751271838,-0.15145130392611783,0.607459954969614
290.0,0.0,0.0,0.034986833666217035,6.150897462724465,6.475143231581351,6.997366733243407,3.0,0.0,6.077457810706557,0.31,0.0,False,0.004735960846466245,0.034986833666217035,0.23679904923416625,0.04252192476461086,4.252192476461086e-06,4.2521924764610866e-06,0.006997485749338034,0.0,0.34798628060874925,-0.32424576885688605,0.0734396520179077,0.34798628060874925
291.0,0.0,0.0,0.008829383123986841,6.531696985249216,6.371788383299031,1.7658766247973683,3.0,0.0,6.1527869573154295,0.16,0.0,False,0.0052381031396262195,0.008956508303310233,0.261906270652449,0.04252192476461086,4.252192476461086e-06,4.2521924764610866e-06,0.0017659066600588444,0.0,0.38079952252475113,0.15990860195018453,0.37891002793378625,0.38079952252475113
292.0,0.0,0.0,-0.029175162433988953,5.5863144101323545,6.387775215868509,-5.8350324867977905,3.0,0.0,6.239193171176157,0.06,0.0,False,0.005006849471842728,0.029175162433988957,0.2503435380965191,0.04252192476461086,4.252192476461086e-06,4.2521924764610866e-06,-0.005835131733100732,0.0,-0.9453825751168612,-0.8014608057361547,-0.6528787610438025,0.9453825751168612
293.0,0.0,0.0,0.07234455984696772,6.236076539723793,6.4582529107986915,14.468911969393544,3.0,0.0,6.239939157989016,0.09,0.0,False,0.005208793540563005,0.07234455984696772,0.2604407844677854,0.04252192476461086,4.252192476461086e-06,4.2521924764610866e-06,0.014469158066741554,0.0,0.6497621295914389,-0.22217637107489807,-0.003862618265222828,0.6497621295914389
294.0,0.0,0.0,0.011846415647646382,5.705774866453167,6.5501074852501,2.3692831295292764,3.0,0.0,6.309775389751686,0.16,0.0,False,0.004926797630416816,0.011846415647646385,0.2463409290054316,0.04252192476461086,4.252192476461086e-06,4.2521924764610866e-06,0.00236932342794951,0.0,-0.5303016732706265,-0.8443326187969333,-0.6040005232985193,0.5303016732706265
295.0,0.0,0.0,0.06921562860018268,6.113913298605292,6.528928579302433,13.843125720036538,3.0,0.0,6.354543214862232,0.16,0.0,False,0.004830606661552825,0.06921562860018268,0.24153136011110637,0.04252192476461086,4.252192476461086e-06,4.2521924764610866e-06,0.01384336117357548,0.0,0.40813843215212486,-0.41501528069714144,-0.24062991625693986,0.40813843215212486
296.0,0.0,0.0,0.03450670390288033,6.638097255405647,6.535084321488883,6.901340780576067,3.0,0.0,6.3979458683637525,0.14,0.0,False,0.00491038681820603,0.03450670390288033,0.2455203849057957,0.04252192476461086,4.252192476461086e-06,4.2521924764610866e-06,0.006901458163394306,0.0,0.5241839568003552,0.10301293391676403,0.24015138704189454,0.5241839568003552
297.0,0.0,0.0,-0.017318276994298113,7.0786590857457625,6.4495962835428475,-3.4636553988596224,3.0,0.0,6.458987674091431,0.1,0.0,False,0.004928418309133538,0.017318276994298113,0.2464219632858396,0.04252192476461086,4.252192476461086e-06,4.2521924764610866e-06,-0.0034637143111268254,0.0,0.44056183034011553,0.629062802202915,0.6196714116543314,0.44056183034011553
298.0,0.0,0.0,-0.05980588372655972,7.032471325906622,6.388105174711063,-11.961176745311944,3.0,0.0,6.4649108034303095,-0.01,0.0,False,0.0050066714466603535,0.059805883726559726,0.25033463679955054,0.04252192476461086,4.252192476461086e-06,4.2521924764610866e-06,-0.011961380189349915,0.0,-0.046187759839140696,0.644366151195559,0.5675605224763123,0.046187759839140696
299.0,0.0,0.0,-0.05905568559764039,7.103554089321586,6.2943031482935545,-11.811137119528079,3.0,0.0,6.480587533173724,-0.05,0.0,False,0.005207909790738538,0.05905568559764039,0.2603965967886684,0.04252192476461086,4.252192476461086e-06,4.2521924764610866e-06,-0.011811338011587428,0.0,0.07108276341496378,0.8092509410280311,0.6229665561478619,0.07108276341496378
300.0,0.0,0.0,-0.06497129656414793,6.435179702942095,6.340029371531744,-12.994259312829588,3.0,0.0,6.441901914123119,0.11,0.0,False,0.004964440987676399,0.06497129656414793,0.24822310487175075,0.04252192476461086,4.252192476461086e-06,4.2521924764610866e-06,-0.012994480328256525,0.0,-0.6683743863794902,0.09515033141035101,-0.006722211181023674,0.6683743863794902
301.0,0.0,0.0,-0.002129088398611399,6.281872823371783,6.339466542812209,-0.4258176797222798,3.0,0.0,6.453827310157185,0.07,0.0,False,0.0050270002340742055,0.004403786688444865,0.25135108049233895,0.04252192476461086,4.252192476461086e-06,4.2521924764610866e-06,-0.0004258249223264187,0.0,-0.1533068795703123,-0.05759371944042613,-0.1719544867854017,0.1533068795703123
302.0,0.0,0.0,0.01601466391463661,5.903825877949472,6.602289452894071,3.202932782927322,3.0,0.0,6.413888366291298,0.09,0.0,False,0.005291452145836589,0.01601466391463661,0.2645737323054796,0.04252192476461086,4.252192476461086e-06,4.2521924764610866e-06,0.0032029872606423983,0.0,-0.37804694542231143,-0.6984635749445998,-0.5100624883418261,0.37804694542231143
303.0,0.0,0.0,0.05727438607451205,6.129171941316326,6.568261970230452,11.45487721490241,3.0,0.0,6.442022867389819,-0.01,0.0,False,0.005312787402336052,0.05727438607451206,0.2656404996665336,0.04252192476461086,4.252192476461086e-06,4.2521924764610866e-06,0.011455072047444783,0.0,0.22534606336685403,-0.4390900289141264,-0.3128509260734935,0.22534606336685403
304.0,0.0,0.0,0.03527755871053786,5.669366725768139,6.462772997551476,7.055511742107572,3.0,0.0,6.47658191578027,-0.04,0.0,False,0.0051516828397639184,0.03527755871053786,0.2575852372855465,0.04252192476461086,4.252192476461086e-06,4.2521924764610866e-06,0.00705563174717307,0.0,-0.45980521554818665,-0.7934062717833372,-0.8072151900121307,0.45980521554818665
305.0,0.0,0.0,0.08127086108143805,4.863357862728363,6.415155650455804,16.25417221628761,3.0,0.0,6.481955028770191,0.0,0.0,False,0.005293949382563319,0.08127086108143805,0.26469859467275264,0.04252192476461086,4.252192476461086e-06,4.2521924764610866e-06,0.01625444867858726,0.0,-0.8060088630397759,-1.5517977877274411,-1.6185971660418277,0.8060088630397759
306.0,0.0,0.0,0.1687691453266135,5.085437737736213,6.4983279385352315,33.7538290653227,3.0,0.0,6.48209261554972,-0.03,0.0,False,0.004952728901317337,0.1687691453266135,0.24763749806369537,0.04252192476461086,4.252192476461086e-06,4.2521924764610866e-06,0.03375440317399346,0.0,0.2220798750078501,-1.4128902007990183,-1.396654877813507,0.2220798750078501
307.0,0.0,0.0,0.14632408895427276,4.518349514279852,6.41305556409838,29.26481779085455,3.0,0.0,6.551085197938997,0.0,0.0,False,0.005028651545720032,0.14632408895427276,0.25143364642571503,0.04252192476461086,4.252192476461086e-06,4.2521924764610866e-06,0.02926531554729011,0.0,-0.567088223456361,-1.8947060498185282,-2.032735683659145,0.567088223456361
308.0,0.0,0.0,0.19812981807429042,4.318300264833856,6.340680508608305,39.62596361485809,3.0,0.0,6.548709737188448,0.06,0.0,False,0.004888607325793544,0.19812981807429042,0.24443140565464178,0.04252192476461086,4.252192476461086e-06,4.2521924764610866e-06,0.03962663760088955,0.0,-0.20004924944599622,-2.0223802437744487,-2.2304094723545917,0.20004924944599622
309.0,0.0,0.0,0.21902115267435943,4.191209662064129,6.532142454477715,43.804230534871884,3.0,0.0,6.499689819328843,0.05,0.0,False,0.004787211045893761,0.21902115267435943,0.23936157010182765,0.04252192476461086,4.252192476461086e-06,4.2521924764610866e-06,0.043804975587781805,0.0,-0.1270906027697274,-2.3409327924135868,-2.3084801572647144,0.1270906027697274
310.0,0.0,0.0,0.23259726809220127,4.599337143095605,6.515584892693049,46.51945361844025,3.0,0.0,6.508558357582327,0.01,0.0,False,0.004882547081241034,0.23259726809220127,0.2441283921385499,0.04252192476461086,4.252192476461086e-06,4.2521924764610866e-06,0.04652024485375847,0.0,0.40812748103147634,-1.916247749597444,-1.9092212144867222,0.40812748103147634
311.0,0.0,0.0,0.19845494708967135,5.064267003602978,6.680982393539101,39.69098941793427,3.0,0.0,6.51723179540381,0.06,0.0,False,0.00523611807651467,0.19845494708967135,0.261807017074828,0.04252192476461086,4.252192476461086e-06,4.2521924764610866e-06,0.03969166450996996,0.0,0.4649298605073735,-1.6167153899361226,-1.4529647918008317,0.4649298605073735
312.0,0.0,0.0,0.1526412142152134,5.806065358124321,6.505513775974271,30.52824284304268,3.0,0.0,6.583928807423963,-0.07,0.0,False,0.0056183084568354295,0.15264121421521337,0.28091661734821893,0.04252192476461086,4.252192476461086e-06,4.2521924764610866e-06,0.03052876208869287,0.0,0.7417983545213422,-0.6994484178499505,-0.7778634492996419,0.7417983545213422
313.0,0.0,0.0,0.08207431776581708,5.2122298393641175,6.6304296344768305,16.414863553163418,3.0,0.0,6.590711598746245,0.15,0.0,False,0.005132320785706061,0.08207431776581708,0.25661713046609463,0.04252192476461086,4.252192476461086e-06,4.2521924764610866e-06,0.016415142748613422,0.0,-0.5938355187602031,-1.418199795112713,-1.3784817593821277,0.5938355187602031
314.0,0.0,0.0,0.14395380317793555,5.125370893304106,6.565037193909494,28.79076063558711,3.0,0.0,6.6268259855723155,-0.06,0.0,False,0.005126049868007013,0.14395380317793555,0.25630358324788477,0.04252192476461086,4.252192476461086e-06,4.2521924764610866e-06,0.02879125032892788,0.0,-0.08685894606001199,-1.4396663006053885,-1.50145509226821,0.08685894606001199
315.0,0.0,0.0,0.15719141095489836,5.710948515823832,6.724037237927412,31.438282190979674,3.0,0.0,6.6517984771074135,0.03,0.0,False,0.0051620356220471045,0.15719141095489836,0.258102878600807,0.04252192476461086,4.252192476461086e-06,4.2521924764610866e-06,0.03143881691521391,0.0,0.5855776225197262,-1.0130887221035803,-0.9408499612835817,0.5855776225197262
316.0,0.0,0.0,0.10124605947715719,6.65072021792902,6.81239283686103,20.249211895431436,3.0,0.0,6.697318423259839,0.08,0.0,False,0.004874331196804694,0.10124605947715716,0.24371759616995683,0.04252192476461086,4.252192476461086e-06,4.2521924764610866e-06,0.02024955630815281,0.0,0.9397717021051886,-0.1616726189320099,-0.04659820533081849,0.9397717021051886
317.0,0.0,0.0,0.008627078684995841,6.504486604871149,6.825869437248354,1.7254157369991683,3.0,0.0,6.723430636482021,0.08,0.0,False,0.004824998280038444,0.008749743565272191,0.24125093984299145,0.04252192476461086,4.252192476461086e-06,4.2521924764610866e-06,0.0017254450840736397,0.0,-0.14623361305787164,-0.3213828323772052,-0.2189440316108726,0.14623361305787164
318.0,0.0,0.0,0.029339384694005714,6.2450413176652315,6.935828728909775,5.8678769388011425,3.0,0.0,6.736992838978932,0.11,0.0,False,0.0049270250357004,0.029339384694005714,0.24635229931795935,0.04252192476461086,4.252192476461086e-06,4.2521924764610866e-06,0.0058679767437454355,0.0,-0.2594452872059172,-0.6907874112445436,-0.4919515213137009,0.2594452872059172
319.0,0.0,0.0,0.060213126139165254,6.413759253734588,6.933536350082471,12.042625227833051,3.0,0.0,6.797886689646748,0.11,0.0,False,0.004897103366085091,0.060213126139165254,0.244856209475559,0.04252192476461086,4.252192476461086e-06,4.2521924764610866e-06,0.012042830057203628,0.0,0.16871793606935626,-0.5197770963478829,-0.38412743591216003,0.16871793606935626
320.0,0.0,0.0,0.04570361178925569,6.358392182459275,7.041326584534782,9.140722357851137,3.0,0.0,6.847185380946981,0.08,0.0,False,0.004951226573062393,0.045703611789255694,0.24756238133153877,0.04252192476461086,4.252192476461086e-06,4.2521924764610866e-06,0.009140877829633392,0.0,-0.05536707127531315,-0.6829344020755075,-0.4887931984877065,0.05536707127531315
321.0,0.0,0.0,0.05233628636643334,6.863476331878333,7.0836478393768205,10.467257273286668,3.0,0.0,6.870805088654854,0.06,0.0,False,0.005001422364995831,0.05233628636643334,0.2500721816003191,0.04252192476461086,4.252192476461086e-06,4.2521924764610866e-06,0.010467435307700128,0.0,0.5050841494190585,-0.22017150749848735,-0.007328756776520784,0.5050841494190585
322.0,0.0,0.0,0.00926335803913255,7.835459720539471,7.039523474474587,1.85267160782651,3.0,0.0,6.881766173321764,0.14,0.0,False,0.0050711883516927165,0.009406681183005638,0.25356049576808354,0.04252192476461086,4.252192476461086e-06,4.2521924764610866e-06,0.0018527031193576037,0.0,0.9719833886611378,0.7959362460648842,0.953693547217707,0.9719833886611378
323.0,0.0,0.0,-0.08072632290290015,7.088558890113941,7.0683934224822655,-16.14526458058003,3.0,0.0,6.956111881748726,0.13,0.0,False,0.004897124771987966,0.08072632290290015,0.24485727977525384,0.04252192476461086,4.252192476461086e-06,4.2521924764610866e-06,-0.016145539190502642,0.0,-0.7469008304255302,0.02016546763167515,0.13244700836521428,0.7469008304255302
324.0,0.0,0.0,-0.0020475983718622375,7.216401571517034,7.082764767505692,-0.40951967437244746,3.0,0.0,7.028179328317325,0.06,0.0,False,0.004601422773291194,0.00413744041749026,0.23007211697132451,0.04252192476461086,4.252192476461086e-06,4.2521924764610866e-06,-0.0004095266397687422,0.0,0.1278426814030933,0.13363680401134204,0.18822224319970893,0.1278426814030933
325.0,0.0,0.0,-0.011216328915210773,6.2727785594176595,7.084664519711004,-2.2432657830421547,3.0,0.0,7.068082471056199,0.03,0.0,False,0.004881225104677597,0.01125495037739947,0.2440622930293131,0.04252192476461086,4.252192476461086e-06,4.2521924764610866e-06,-0.0022433039380714516,0.0,-0.9436230120993745,-0.8118859602933446,-0.7953039116385394,0.9436230120993745
326.0,0.0,0.0,0.09114637921055349,7.035628199164224,7.265462322995226,18.2292758421107,3.0,0.0,7.104235897665456,0.09,0.0,False,0.005017583587344765,0.09114637921055349,0.25088024615379717,0.04252192476461086,4.252192476461086e-06,4.2521924764610866e-06,0.018229585898350612,0.0,0.7628496397465643,-0.22983412383100266,-0.06860769850123205,0.7628496397465643
327.0,0.0,0.0,0.014445062813813534,6.690008670668152,7.139606027427235,2.889012562762707,3.0,0.0,7.184261730120591,-0.05,0.0,False,0.005275320555951312,0.014445062813813534,0.2637671493814845,0.04252192476461086,4.252192476461086e-06,4.2521924764610866e-06,0.002889061701103694,0.0,-0.3456195284960719,-0.4495973567590834,-0.494253059452439,0.3456195284960719
328.0,0.0,0.0,0.050150746034520036,6.385569656928762,7.237837654910649,10.030149206904007,3.0,0.0,7.180081898461729,0.09,0.0,False,0.005370965808219449,0.050150746034520036,0.2685494323299924,0.04252192476461086,4.252192476461086e-06,4.2521924764610866e-06,0.010030319806678557,0.0,-0.30443901373938953,-0.8522679979818868,-0.7945122415329671,0.30443901373938953
329.0,0.0,0.0,0.08349460235133142,6.3854532901512515,7.409828042209327,16.698920470266284,3.0,0.0,7.1915267935446,0.12,0.0,False,0.005205660438031791,0.08349460235133142,0.26028412867509704,0.04252192476461086,4.252192476461086e-06,4.2521924764610866e-06,0.016699204497154486,0.0,-0.00011636677751081237,-1.0243747520580753,-0.8060735033933488,0.00011636677751081237
330.0,0.0,0.0,0.08517839366805205,6.488530949181593,7.2415619292699525,17.03567873361041,3.0,0.0,7.2205334321980725,0.03,0.0,False,0.0048722963508321965,0.08517839366805205,0.2436158534387041,0.04252192476461086,4.252192476461086e-06,4.2521924764610866e-06,0.017035968488318076,0.0,0.10307765903034127,-0.7530309800883597,-0.7320024830164797,0.10307765903034127
331.0,0.0,0.0,0.07636340689024168,6.600174978767313,7.1695898007507255,15.272681378048336,3.0,0.0,7.2372553365780075,-0.06,0.0,False,0.004854903006019498,0.07636340689024168,0.24274618250007668,0.04252192476461086,4.252192476461086e-06,4.2521924764610866e-06,0.015272941146467142,0.0,0.11164402958572062,-0.5694148219834121,-0.637080357810694,0.11164402958572062
332.0,0.0,0.0,0.06779053797341188,6.262319035296172,7.1668280635387775,13.558107594682376,3.0,0.0,7.252181253679222,-0.02,0.0,False,0.004838245234459993,0.06779053797341188,0.24191329038049886,0.04252192476461086,4.252192476461086e-06,4.2521924764610866e-06,0.01355833820043422,0.0,-0.33785594347114145,-0.9045090282426056,-0.9898622183830499,0.33785594347114145
333.0,0.0,0.0,0.10852931752078669,5.802877495800678,7.337161017350637,21.70586350415734,3.0,0.0,7.278094771422209,0.0,0.0,False,0.005152419519017941,0.10852931752078669,0.2576220714048727,0.04252192476461086,4.252192476461086e-06,4.2521924764610866e-06,0.021706232692625407,0.0,-0.4594415394954936,-1.534283521549959,-1.4752172756215307,0.4594415394954936
334.0,0.0,0.0,0.1561304260272045,5.975608456663595,7.438738583827379,31.2260852054409,3.0,0.0,7.3476352848814095,0.12,0.0,False,0.005224088170942764,0.1561304260272045,0.261205519238559,0.04252192476461086,4.252192476461086e-06,4.2521924764610866e-06,0.03122661632048079,0.0,0.17273096086291684,-1.463130127163784,-1.3720268282178143,0.17273096086291684
335.0,0.0,0.0,0.14573973202670204,4.855936891082351,7.5134649389029535,29.14794640534041,3.0,0.0,7.364214950903866,0.0,0.0,False,0.005520191378938848,0.14573973202670204,0.2760107425927549,0.04252192476461086,4.252192476461086e-06,4.2521924764610866e-06,0.029148442173945913,0.0,-1.1196715655812444,-2.6575280478206027,-2.5082780598215155,1.1196715655812444
336.0,0.0,0.0,0.26134394939628314,4.085392127149152,7.404636242617239,52.26878987925663,3.0,0.0,7.433036762600215,0.06,0.0,False,0.005503427885515471,0.26134394939628314,0.2751725643575059,0.04252192476461086,4.252192476461086e-06,4.2521924764610866e-06,0.0522696789032966,0.0,-0.7705447639331986,-3.319244115468087,-3.347644635451063,0.7705447639331986
337.0,0.0,0.0,0.33717886799547026,3.829754040242043,7.34811470010683,67.43577359909405,3.0,0.0,7.469431949283949,-0.01,0.0,False,0.005166441964492353,0.3371788679954703,0.2583231966599003,0.04252192476461086,4.252192476461086e-06,4.2521924764610866e-06,0.06743692059377332,0.0,-0.2556380869071093,-3.518360659864787,-3.6396779090419065,0.2556380869071093
338.0,0.0,0.0,0.3598721031086495,4.3564955326502695,7.251854771153308,71.97442062172989,3.0,0.0,7.457252494576137,0.01,0.0,False,0.005498336890159536,0.3598721031086495,0.27491801350731454,0.04252192476461086,4.252192476461086e-06,4.2521924764610866e-06,0.0719756448128838,0.0,0.5267414924082265,-2.8953592385030387,-3.1007569619258675,0.5267414924082265
339.0,0.0,0.0,0.3057935795540602,5.1796579571377555,7.265926262726182,61.15871591081204,3.0,0.0,7.428551583601001,0.04,0.0,False,0.005417322896842226,0.3057935795540602,0.2708672966170945,0.04252192476461086,4.252192476461086e-06,4.2521924764610866e-06,0.0611597561409154,0.0,0.823162424487486,-2.086268305588426,-2.2488936264632455,0.823162424487486
340.0,0.0,0.0,0.2286524164467282,4.774471292291848,7.520488240516421,45.73048328934564,3.0,0.0,7.414496342848785,0.1,0.0,False,0.005152306356356592,0.2286524164467282,0.25761641324774587,0.04252192476461086,4.252192476461086e-06,4.2521924764610866e-06,0.04573126110530613,0.0,-0.4051866648459077,-2.7460169482245735,-2.640025050556937,0.4051866648459077
341.0,0.0,0.0,0.27235633523468195,5.286594825037285,7.501787870254273,54.47126704693639,3.0,0.0,7.466230735309282,-0.04,0.0,False,0.005169351993985022,0.272356335234682,0.25846869875323386,0.04252192476461086,4.252192476461086e-06,4.2521924764610866e-06,0.05447219353224443,0.0,0.512123532745437,-2.2151930452169886,-2.1796359102719975,0.512123532745437
342.0,0.0,0.0,0.2239914076849357,5.220343981511126,7.560511558293732,44.79828153698714,3.0,0.0,7.498092550216645,0.12,0.0,False,0.0049576130059077895,0.22399140768493575,0.24788170433162568,0.04252192476461086,4.252192476461086e-06,4.2521924764610866e-06,0.044799043497409936,0.0,-0.0662508435261584,-2.340167576782606,-2.277748568705519,0.0662508435261584
343.0,0.0,0.0,0.2344497989783764,6.067851115282386,7.537267947101997,46.88995979567528,3.0,0.0,7.526556524615566,-0.11,0.0,False,0.004908579748509095,0.2344497989783764,0.24543003103674854,0.04252192476461086,4.252192476461086e-06,4.2521924764610866e-06,0.04689075733282102,0.0,0.8475071337712601,-1.4694168318196104,-1.45870540933318,0.8475071337712601
344.0,0.0,0.0,0.15291918880078983,6.28551392612851,7.383032582237264,30.58383776015797,3.0,0.0,7.564891817578453,-0.08,0.0,False,0.005002108753906781,0.15291918880078983,0.25010650119179945,0.04252192476461086,4.252192476461086e-06,4.2521924764610866e-06,0.030584357951405287,0.0,0.21766281084612338,-1.097518656108754,-1.2793778914499434,0.21766281084612338
345.0,0.0,0.0,0.13350965339732843,5.8811075288079655,7.510538888576782,26.701930679465686,3.0,0.0,7.597075515381489,-0.05,0.0,False,0.004947217981814476,0.13350965339732845,0.24736195091687788,0.04252192476461086,4.252192476461086e-06,4.2521924764610866e-06,0.026702384844529435,0.0,-0.4044063973205443,-1.6294313597688168,-1.7159679865735233,0.4044063973205443
346.0,0.0,0.0,0.17303833831210544,5.930499749980358,7.580364015426867,34.607667662421086,3.0,0.0,7.620638845538979,0.01,0.0,False,0.0050078490116590305,0.17303833831210544,0.250393515299846,0.04252192476461086,4.252192476461086e-06,4.2521924764610866e-06,0.03460825629377433,0.0,0.0493922211723925,-1.6498642654465092,-1.6901390955586209,0.0493922211723925
347.0,0.0,0.0,0.16624429072047342,5.795801004702516,7.459815390692754,33.24885814409468,3.0,0.0,7.611527701545034,0.09,0.0,False,0.005004791105640815,0.16624429072047342,0.25024061934879505,0.04252192476461086,4.252192476461086e-06,4.2521924764610866e-06,0.03324942366386776,0.0,-0.1346987452778423,-1.6640143859902379,-1.8157266968425185,0.1346987452778423
348.0,0.0,0.0,0.1729010364942634,6.101910815198275,7.302934312448596,34.58020729885268,3.0,0.0,7.592978002321202,0.22,0.0,False,0.0051611167960259816,0.17290103649426336,0.2580569371043995,0.04252192476461086,4.252192476461086e-06,4.2521924764610866e-06,0.0345807954631409,0.0,0.3061098104957596,-1.201023497250321,-1.491067187122927,0.3061098104957596
349.0,0.0,0.0,0.14240362450435495,6.024387068740737,7.2446376539127675,28.480724900870992,3.0,0.0,7.524848130069476,0.06,0.0,False,0.005349537205659427,0.14240362450435495,0.2674779976460642,0.04252192476461086,4.252192476461086e-06,4.2521924764610866e-06,0.02848120932090771,0.0,-0.07752374645753868,-1.2202505851720309,-1.500461061328739,0.07752374645753868
350.0,0.0,0.0,0.14241780656300504,5.911009478194418,7.2728974042061205,28.483561312601008,3.0,0.0,7.52597733662286,0.3,0.0,False,0.00526687289679342,0.142417806563005,0.2633447646275362,0.04252192476461086,4.252192476461086e-06,4.2521924764610866e-06,0.028484045780881394,0.0,-0.11337759054631835,-1.3618879260117023,-1.6149678584284421,0.11337759054631835
351.0,0.0,0.0,0.15514843344728527,5.533179861186738,7.38929871301048,31.029686689457055,3.0,0.0,7.448595413767065,0.06,0.0,False,0.005184838849567116,0.15514843344728527,0.2592430448249931,0.04252192476461086,4.252192476461086e-06,4.2521924764610866e-06,0.03103021446401398,0.0,-0.3778296170076798,-1.8561188518237417,-1.9154155525803267,0.3778296170076798
352.0,0.0,0.0,0.1902794396215451,6.28810578741267,7.386809134409735,38.05588792430902,3.0,0.0,7.462526798717342,0.09,0.0,False,0.004981087379224502,0.1902794396215451,0.249055427988339,0.04252192476461086,4.252192476461086e-06,4.2521924764610866e-06,0.03805653520539789,0.0,0.7549259262259316,-1.0987033469970653,-1.1744210113046716,0.7549259262259316
353.0,0.0,0.0,0.117907064758556,6.877496239079113,7.544999644975015,23.5814129517112,3.0,0.0,7.436014712642267,0.04,0.0,False,0.005107435780151734,0.117907064758556,0.2553728748975865,0.04252192476461086,4.252192476461086e-06,4.2521924764610866e-06,0.02358181404083262,0.0,0.5893904516664428,-0.6675034058959026,-0.5585184735631543,0.5893904516664428
354.0,0.0,0.0,0.06015788166925171,6.770924000157766,7.599830098600586,12.031576333850342,3.0,0.0,7.467201503174913,0.01,0.0,False,0.005050818890149469,0.06015788166925171,0.25254201836017764,0.04252192476461086,4.252192476461086e-06,4.2521924764610866e-06,0.012031780975293624,0.0,-0.1065722389213466,-0.82890609844282,-0.6962775030171464,0.1065722389213466
355.0,0.0,0.0,0.07827577164749282,6.158804146391154,7.585202264713538,15.655154329498563,3.0,0.0,7.4790878459162204,-0.07,0.0,False,0.005159610384187733,0.07827577164749282,0.25798161619220944,0.04252192476461086,4.252192476461086e-06,4.2521924764610866e-06,0.015655420603284134,0.0,-0.6121198537666119,-1.4263981183223837,-1.3202836995250662,0.6121198537666119
356.0,0.0,0.0,0.14006452568664143,6.009738566734679,7.5894079090836115,28.012905137328286,3.0,0.0,7.5536983588150575,0.08,0.0,False,0.005115878416493266,0.14006452568664143,0.2557950085096489,0.04252192476461086,4.252192476461086e-06,4.2521924764610866e-06,0.028013381600360123,0.0,-0.14906557965647504,-1.5796693423489323,-1.5439597920803783,0.14906557965647504
357.0,0.0,0.0,0.1552060290108651,5.691314042871407,7.695750373110996,31.04120580217302,3.0,0.0,7.559479182323685,-0.05,0.0,False,0.005117053340971822,0.1552060290108651,0.2558537549833769,0.04252192476461086,4.252192476461086e-06,4.2521924764610866e-06,0.03104173377265505,0.0,-0.31842452386327214,-2.0044363302395887,-1.8681651394522776,0.31842452386327214
358.0,0.0,0.0,0.19151005424542614,6.255197233599317,7.6879188152270155,38.30201084908523,3.0,0.0,7.561831855138772,0.16,0.0,False,0.004642341699166958,0.1915100542454261,0.23211807196487017,0.04252192476461086,4.252192476461086e-06,4.2521924764610866e-06,0.03830266231640449,0.0,0.5638831907279096,-1.4327215816276988,-1.3066346215394553,0.5638831907279096
359.0,0.0,0.0,0.13831261080528462,6.055823825042198,7.663865022870667,27.662522161056923,3.0,0.0,7.606455302206258,0.07,0.0,False,0.004879693988106544,0.13831261080528465,0.24398573687523034,0.04252192476461086,4.252192476461086e-06,4.2521924764610866e-06,0.02766299266453068,0.0,-0.19937340855711838,-1.6080411978284683,-1.5506314771640595,0.19937340855711838
360.0,0.0,0.0,0.16231745885588322,5.8318465012058756,7.836654907250383,32.46349177117664,3.0,0.0,7.638352748244315,0.04,0.0,False,0.005157875489909008,0.16231745885588322,0.25789487110941794,0.04252192476461086,4.252192476461086e-06,4.2521924764610866e-06,0.032464043932890596,0.0,-0.22397732383632274,-2.004808406044507,-1.8065062470384392,0.22397732383632274
361.0,0.0,0.0,0.18923946833744704,6.1221262621978125,7.923886204749518,37.84789366748941,3.0,0.0,7.679032923854896,0.09,0.0,False,0.005379473624449205,0.18923946833744704,0.26897482495032393,0.04252192476461086,4.252192476461086e-06,4.2521924764610866e-06,0.03784853741086686,0.0,0.290279760991937,-1.8017599425517057,-1.5569066616570835,0.290279760991937
362.0,0.0,0.0,0.16690312500265103,5.8488167857822475,7.943226645906262,33.38062500053021,3.0,0.0,7.724281418712519,0.14,0.0,False,0.005594376945283693,0.1669031250026511,0.27972003668256246,0.04252192476461086,4.252192476461086e-06,4.2521924764610866e-06,0.0333811927614859,0.0,-0.273309476415565,-2.0944098601240144,-1.8754646329302718,0.273309476415565
363.0,0.0,0.0,0.1990283736341392,6.045664411684277,7.809119739248953,39.80567472682784,3.0,0.0,7.791192997434942,-0.03,0.0,False,0.005744820294560214,0.19902837363413922,0.2872422361320924,0.04252192476461086,4.252192476461086e-06,4.2521924764610866e-06,0.039806351769511264,0.0,0.19684762590202975,-1.7634553275646754,-1.745528585750665,0.19684762590202975
364.0,0.0,0.0,0.17764823460370774,5.8653530805793235,7.776749102568476,35.52964692074155,3.0,0.0,7.839142837471286,0.04,0.0,False,0.0057814550450506355,0.17764823460370774,0.28907398144551394,0.04252192476461086,4.252192476461086e-06,4.2521924764610866e-06,0.035530251233761176,0.0,-0.1803113311049538,-1.9113960219891526,-1.9737897568919625,0.1803113311049538
365.0,0.0,0.0,0.19126514402017175,5.691354407301571,7.842084160818651,38.25302880403435,3.0,0.0,7.8221845274456845,0.11,0.0,False,0.005578725385115939,0.19126514402017178,0.2789374553465025,0.04252192476461086,4.252192476461086e-06,4.2521924764610866e-06,0.038253679438232824,0.0,-0.17399867327775276,-2.15072975351708,-2.1308301201441138,0.17399867327775276
366.0,0.0,0.0,0.21022592767003073,5.824641860970073,7.778931772701982,42.045185534006144,3.0,0.0,7.77804518559136,-0.05,0.0,False,0.005527855736656572,0.21022592767003068,0.2763939621081572,0.04252192476461086,4.252192476461086e-06,4.2521924764610866e-06,0.04204590066785161,0.0,0.13328745366850203,-1.9542899117319097,-1.953403324621287,0.13328745366850203
367.0,0.0,0.0,0.20148055014798424,5.498853750862307,7.82922873892193,40.296110029596846,3.0,0.0,7.793658380057275,0.05,0.0,False,0.005360956148902742,0.20148055014798424,0.2680489472360072,0.04252192476461086,4.252192476461086e-06,4.2521924764610866e-06,0.04029679541394601,0.0,-0.32578811010776576,-2.3303749880596234,-2.294804629194968,0.32578811010776576
368.0,0.0,0.0,0.2342269254478558,4.902603121001065,7.937511016113515,46.84538508957116,3.0,0.0,7.839490199153887,0.1,0.0,False,0.0051958156861224005,0.2342269254478558,0.25979188898653843,0.04252192476461086,4.252192476461086e-06,4.2521924764610866e-06,0.046846181868559204,0.0,-0.5962506298612418,-3.0349078951124495,-2.9368870781528216,0.5962506298612418
369.0,0.0,0.0,0.2910607096323279,5.270187016288722,7.83558182385313,58.21214192646558,3.0,0.0,7.841172804239371,-0.11,0.0,False,0.005549264205821332,0.2910607096323279,0.27746439011804197,0.04252192476461086,4.252192476461086e-06,4.2521924764610866e-06,0.05821313203918313,0.0,0.3675838952876571,-2.5653948075644077,-2.570985787950649,0.3675838952876571
370.0,0.0,0.0,0.2569158411424778,5.965741408439968,7.72655082147035,51.383168228495556,3.0,0.0,7.813272099632326,0.04,0.0,False,0.005240871396388718,0.2569158411424778,0.2620446840791319,0.04252192476461086,4.252192476461086e-06,4.2521924764610866e-06,0.05138404218926469,0.0,0.6955543921512453,-1.7608094130303824,-1.8475306911923584,0.6955543921512453
371.0,0.0,0.0,0.18895168126473028,6.5890637060922135,7.775927173122854,37.790336252946055,3.0,0.0,7.839400050493837,-0.05,0.0,False,0.005241774822022248,0.1889516812647303,0.2620898555528855,0.04252192476461086,4.252192476461086e-06,4.2521924764610866e-06,0.037790979017346855,0.0,0.6233222976522459,-1.1868634670306406,-1.2503363444016236,0.6233222976522459
372.0,0.0,0.0,0.12262103339818788,6.70619667940292,7.789573581312748,24.524206679637576,3.0,0.0,7.855298394033143,0.0,0.0,False,0.0053425358964616695,0.1226210333981879,0.26712793069763063,0.04252192476461086,4.252192476461086e-06,4.2521924764610866e-06,0.0245246238044524,0.0,0.11713297331070649,-1.083376901909828,-1.1491017146302234,0.11713297331070649
373.0,0.0,0.0,0.1111846941049332,6.607669870467201,7.642657818985457,22.23693882098664,3.0,0.0,7.815300110485874,-0.1,0.0,False,0.0056962425762824825,0.1111846941049332,0.2848133398901154,0.04252192476461086,4.252192476461086e-06,4.2521924764610866e-06,0.02223731704235417,0.0,-0.09852680893571897,-1.034987948518256,-1.2076302400186734,0.09852680893571897
374.0,0.0,0.0,0.1252883377239057,6.99868706303587,7.706081754165733,25.057667544781143,3.0,0.0,7.81806725938824,-0.07,0.0,False,0.005534674305157307,0.1252883377239057,0.27673489198288737,0.04252192476461086,4.252192476461086e-06,4.2521924764610866e-06,0.025058093743070487,0.0,0.3910171925686692,-0.7073946911298625,-0.8193801963523697,0.3910171925686692
375.0,0.0,0.0,0.08900042299071034,7.488077136077651,7.7892603647229475,17.800084598142067,3.0,0.0,7.86057988521261,0.07,0.0,False,0.005262244712055947,0.08900042299071034,0.26311335440666606,0.04252192476461086,4.252192476461086e-06,4.2521924764610866e-06,0.017800387354397908,0.0,0.48939007304178084,-0.30118322864529645,-0.3725027491349593,0.48939007304178084
376.0,0.0,0.0,0.03698046094971187,7.466346312333485,7.728961484819096,7.396092189942374,3.0,0.0,7.888710215289425,0.08,0.0,False,0.005160472688256457,0.03698046094971187,0.25802473157897976,0.04252192476461086,4.252192476461086e-06,4.2521924764610866e-06,0.007396217987837712,0.0,-0.021730823744166017,-0.26261517248561095,-0.42236390295594006,0.021730823744166017
377.0,0.0,0.0,0.03601375830566604,7.571920416561106,7.626406144082557,7.202751661133208,3.0,0.0,7.85788960797666,0.1,0.0,False,0.005453125652941169,0.03601375830566604,0.2726574420340521,0.04252192476461086,4.252192476461086e-06,4.2521924764610866e-06,0.007202874170557962,0.0,0.10557410422762104,-0.054485727521450755,-0.2859691914155542,0.10557410422762104
378.0,0.0,0.0,0.022880528764691984,7.0612304177924425,7.689215779645794,4.576105752938397,3.0,0.0,7.826491552261752,-0.02,0.0,False,0.005617373894033724,0.02288052876469198,0.28086988900943666,0.04252192476461086,4.252192476461086e-06,4.2521924764610866e-06,0.004576183586537246,0.0,-0.5106899987686635,-0.6279853618533515,-0.7652611344693092,0.5106899987686635
379.0,0.0,0.0,0.07550398702379534,6.3775681547441625,7.70669098073386,15.100797404759067,3.0,0.0,7.80073056882864,-0.03,0.0,False,0.005442394877180152,0.07550398702379534,0.2721209009645351,0.04252192476461086,4.252192476461086e-06,4.2521924764610866e-06,0.015101054249655353,0.0,-0.68366226304828,-1.3291228259896979,-1.4231624140844774,0.68366226304828
380.0,0.0,0.0,0.1398994269963035,6.8285729847787175,7.628678864732811,27.979885399260702,3.0,0.0,7.816286340904673,0.11,0.0,False,0.005309126809947947,0.1398994269963035,0.2654574692688512,0.04252192476461086,4.252192476461086e-06,4.2521924764610866e-06,0.0279803613006698,0.0,0.45100483003455505,-0.8001058799540939,-0.9877133561259557,0.45100483003455505
381.0,0.0,0.0,0.09561404877578696,7.415651902063623,7.805646183473902,19.12280975515739,3.0,0.0,7.776592168671743,0.07,0.0,False,0.005203063514284806,0.09561404877578696,0.2601542819356167,0.04252192476461086,4.252192476461086e-06,4.2521924764610866e-06,0.01912313500924541,0.0,0.5870789172849058,-0.3899942814102788,-0.36094026660811984,0.5870789172849058
382.0,0.0,0.0,0.039202742384149086,7.8365801350915865,7.806817446135123,7.8405484768298175,3.0,0.0,7.7847338010035285,-0.11,0.0,False,0.005329761167787394,0.039202742384149086,0.2664891915478866,0.04252192476461086,4.252192476461086e-06,4.2521924764610866e-06,0.007840681834347727,0.0,0.4209282330279631,0.02976268895646328,0.051846334088057944,0.4209282330279631
383.0,0.0,0.0,-0.0049569835211792,8.302861691027033,7.741631868082963,-0.99139670423584,3.0,0.0,7.807687660785425,0.05,0.0,False,0.005206914531421807,0.005770620911375246,0.26034683361123007,0.04252192476461086,4.252192476461086e-06,4.2521924764610866e-06,-0.0009914135666025648,0.0,0.4662815559354465,0.5612298229440702,0.4951740302416079,0.4662815559354465
384.0,0.0,0.0,-0.05134552563741994,8.199933990282188,7.817303622603947,-10.269105127483988,3.0,0.0,7.7870092459773925,0.0,0.0,False,0.005098694892592924,0.051345525637419925,0.25493582866124925,0.04252192476461086,4.252192476461086e-06,4.2521924764610866e-06,-0.010269279791587524,0.0,-0.10292770074484459,0.38263036767824143,0.41292474430479587,0.10292770074484459
385.0,0.0,0.0,-0.038370249824846304,8.389210267343193,7.849823813059938,-7.674049964969261,3.0,0.0,7.789395518099943,-0.01,0.0,False,0.004943950220646122,0.038370249824846304,0.2471985621637027,0.04252192476461086,4.252192476461086e-06,4.2521924764610866e-06,-0.007674180490564335,0.0,0.1892762770610048,0.5393864542832549,0.59981474924325,0.1892762770610048
386.0,0.0,0.0,-0.054178187337008195,9.218283307676616,8.023708306302726,-10.83563746740164,3.0,0.0,7.816223334149345,0.1,0.0,False,0.004878621425043386,0.054178187337008195,0.24393210849403524,0.04252192476461086,4.252192476461086e-06,4.2521924764610866e-06,-0.010835821767482417,0.0,0.829073040333423,1.1945750013738898,1.4020599735272716,0.829073040333423
387.0,0.0,0.0,-0.13448292459658331,9.061361065802824,7.971217929959027,-26.896584919316663,3.0,0.0,7.847416875169083,0.11,0.0,False,0.005034767014194892,0.13448292459658331,0.2517394211496654,0.04252192476461086,4.252192476461086e-06,4.2521924764610866e-06,-0.026897042395195508,0.0,-0.1569222418737919,1.090143135843797,1.2139441906337414,0.1569222418737919
388.0,0.0,0.0,-0.11388250900506326,8.411873925333483,8.062199535993257,-22.776501801012653,3.0,0.0,7.873425469346776,0.13,0.0,False,0.004790733077814451,0.11388250900506326,0.2395376724466801,0.04252192476461086,4.252192476461086e-06,4.2521924764610866e-06,-0.022776889199643734,0.0,-0.6494871404693416,0.3496743893402261,0.5384484559867069,0.6494871404693416
389.0,0.0,0.0,-0.04521418004957081,8.136174132595064,8.043585928468062,-9.042836009914163,3.0,0.0,7.922511763234793,0.1,0.0,False,0.004457866529367328,0.045214180049570805,0.22289427425369226,0.04252192476461086,4.252192476461086e-06,4.2521924764610866e-06,-0.009042989816777126,0.0,-0.2756997927384184,0.09258820412700253,0.2136623693602715,0.2756997927384184
390.0,0.0,0.0,-0.010723913516585519,8.10309580974533,8.062062850246395,-2.144782703317104,3.0,0.0,7.959722511867963,0.08,0.0,False,0.0050345608783915795,0.010747209039199212,0.2517291143156734,0.04252192476461086,4.252192476461086e-06,4.2521924764610866e-06,-0.002144819183277481,0.0,-0.03307832284973422,0.04103295949893493,0.14337329787736675,0.03307832284973422
391.0,0.0,0.0,-0.006551845836129727,7.632202263233428,7.900431939213187,-1.3103691672259454,3.0,0.0,8.028932717421991,0.06,0.0,False,0.004660435898564542,0.006820218406649791,0.2330227857817503,0.04252192476461086,4.252192476461086e-06,4.2521924764610866e-06,-0.0013103914548988297,0.0,-0.47089354651190174,-0.2682296759797591,-0.396730454188563,0.47089354651190174
392.0,0.0,0.0,0.03550446194003513,6.813041848906933,7.891929551945102,7.100892388007026,3.0,0.0,8.037575958398554,0.1,0.0,False,0.004819202349855424,0.03550446194003512,0.2409611421015699,0.04252192476461086,4.252192476461086e-06,4.2521924764610866e-06,0.007101013164938206,0.0,-0.819160414326495,-1.078887703038169,-1.2245341094916204,0.819160414326495
393.0,0.0,0.0,0.12036585678060102,6.235749511274191,8.006694671208113,24.073171356120206,3.0,0.0,7.987254431224077,0.03,0.0,False,0.00505678014400282,0.12036585678060102,0.2528400823202651,0.04252192476461086,4.252192476461086e-06,4.2521924764610866e-06,0.02407358080941161,0.0,-0.5772923376327421,-1.7709451599339214,-1.7515049199498858,0.5772923376327421
394.0,0.0,0.0,0.17609605727577798,5.975589634193841,8.119329375645526,35.219211455155595,3.0,0.0,8.016726007652473,-0.02,0.0,False,0.005163987079519037,0.17609605727577798,0.25820045188930224,0.04252192476461086,4.252192476461086e-06,4.2521924764610866e-06,0.03521981048807227,0.0,-0.2601598770803504,-2.143739741451685,-2.041136373458632,0.2601598770803504
395.0,0.0,0.0,0.20653575591422732,6.578821081080527,8.25837298341799,41.307151182845466,3.0,0.0,7.996747523748463,0.11,0.0,False,0.005141635382566475,0.20653575591422732,0.2570828622894883,0.04252192476461086,4.252192476461086e-06,4.2521924764610866e-06,0.041307853763687855,0.0,0.603231446886686,-1.6795519023374634,-1.4179264426679365,0.603231446886686
396.0,0.0,0.0,0.14939505794713892,6.979454268924871,8.20722746597487,29.879011589427783,3.0,0.0,8.040991104825483,0.06,0.0,False,0.005362009160759145,0.14939505794713892,0.2681015980527078,0.04252192476461086,4.252192476461086e-06,4.2521924764610866e-06,0.029879519792499917,0.0,0.40063318784434454,-1.2277731970499994,-1.061536835900612,0.40063318784434454
397.0,0.0,0.0,0.11183443309680546,6.889846020926737,8.16976377332945,22.366886619361093,3.0,0.0,8.072803423378986,0.13,0.0,False,0.005243340118729302,0.11183443309680548,0.2621681207210353,0.04252192476461086,4.252192476461086e-06,4.2521924764610866e-06,0.022367267050971425,0.0,-0.08960824799813416,-1.2799177524027128,-1.1829574024522485,0.08960824799813416
398.0,0.0,0.0,0.12300127091750625,6.501490954116214,8.055140883157621,24.60025418350125,3.0,0.0,8.097822376969676,-0.02,0.0,False,0.005247846903314647,0.12300127091750625,0.2623934609084883,0.04252192476461086,4.252192476461086e-06,4.2521924764610866e-06,0.024600672601785063,0.0,-0.3883550668105231,-1.5536499290414074,-1.5963314228534617,0.3883550668105231
399.0,0.0,0.0,0.1596585386391185,7.373032319710883,7.92475361365661,31.9317077278237,3.0,0.0,8.119884881355738,0.13,0.0,False,0.004950120889719159,0.1596585386391185,0.2475070969292981,0.04252192476461086,4.252192476461086e-06,4.2521924764610866e-06,0.031932250844583676,0.0,0.8715413655946689,-0.551721293945727,-0.7468525616448547,0.8715413655946689
