t,mean_abs_delta_real,mean_abs_delta_planning,mean_action,price,v_true,total_demand,mean_k,xs_k_std,mean_belief,mean_correctness,mean_salience,regime_post,xs_action_std,xs_action_mean_abs,xs_belief_std,xs_sigma_mean,xs_rho_mean,xs_rho_max,mean_myopic_term,mean_hedging_term,ret,mispricing_true,mispricing_belief,vol_proxy
0.0,0.0,0.0,-0.017788457787698036,1.1472187357718566,0.002322305538710375,-3.557691557539607,3.0,0.0,0.0,-1.0,0.0,False,0.01253416269153174,0.018600802401525188,0.6267195965602266,0.18289189189189195,1.8289189189189194e-05,1.8289189189189194e-05,-0.003557951821955471,0.0,0.0,1.1448964302331464,1.1472187357718566,0.0
1.0,0.0,0.0,-0.12562634010698923,1.6496029412452662,0.0045717685507496025,-25.125268021397844,3.0,0.0,-0.17790084470047343,0.19,0.0,False,0.009870088428148113,0.12562634010698923,0.49350952916374696,0.10349970779853253,1.0349970779853254e-05,1.0349970779853254e-05,-0.02512630819379151,0.0,0.5023842054734096,1.6450311726945166,1.8275037859457397,0.5023842054734096
2.0,0.0,0.0,-0.17515894119892628,2.236394965110666,0.09024887866811898,-35.03178823978526,3.0,0.0,-0.10910967674549925,0.17,0.0,False,0.008309722670200923,0.17515894119892628,0.41548926023830834,0.07525469588680311,7.525469588680311e-06,7.525469588680309e-06,-0.035032842754477656,0.0,0.5867920238653996,2.146146086442547,2.345504641856165,0.5867920238653996
3.0,0.0,0.0,-0.22281510021344428,2.742959312324233,0.09816377435676109,-44.563020042688855,3.0,0.0,-0.10205237840825405,0.28,0.0,False,0.007262774870354828,0.22281510021344428,0.3631409841230946,0.061701082387537146,6.170108238753715e-06,6.170108238753715e-06,-0.04456411987053124,0.0,0.5065643472135672,2.644795537967472,2.845011690732487,0.5065643472135672
4.0,0.0,0.0,-0.28005137317389683,3.0924041624364853,-0.0653973790193355,-56.010274634779364,3.0,0.0,0.008175223311945647,-0.01,0.0,False,0.006787092151620943,0.28005137317389683,0.33935644945679955,0.05427584335912398,5.427584335912399e-06,5.4275843359123984e-06,-0.05601149063013648,0.0,0.34944485011225224,3.1578015414558207,3.0842289391245394,0.34944485011225224
5.0,0.0,0.0,-0.3119993688059358,2.86847290364568,0.15783085593862467,-62.39987376118716,3.0,0.0,-0.057630419537049594,0.07,0.0,False,0.0065132444162459046,0.3119993688059358,0.32566384623369404,0.049911266793667725,4.991126679366772e-06,4.991126679366772e-06,-0.06240111953766822,0.0,-0.2239312587908051,2.7106420477070556,2.92610332318273,0.2239312587908051
6.0,0.0,0.0,-0.28425332385363156,2.190992745261548,0.24783993424201423,-56.85066477072631,3.0,0.0,-0.027667387041553058,0.2,0.0,False,0.0058801295438941255,0.28425332385363156,0.2940078660509958,0.04723896911451465,4.723896911451467e-06,4.723896911451466e-06,-0.05685173899237065,0.0,-0.6774801583841321,1.9431528110195337,2.218660132303101,0.6774801583841321
7.0,0.0,0.0,-0.2104989658704895,1.505354493432662,0.21732188360170523,-42.0997931740979,3.0,0.0,0.02587252593943596,0.1,0.0,False,0.005738568956523152,0.2104989658704895,0.2869297551228558,0.04556176663690604,4.5561766636906065e-06,4.556176663690606e-06,-0.04210056042698298,0.0,-0.6856382518288862,1.2880326098309567,1.479481967493226,0.6856382518288862
8.0,0.0,0.0,-0.14599723075713883,1.1802431106142743,0.13814750558319278,-29.199446151427765,3.0,0.0,0.08595513303285175,0.04,0.0,False,0.0056725271720665105,0.14599723075713883,0.2836276205334251,0.044492694745204016,4.449269474520401e-06,4.449269474520402e-06,-0.029199965813933373,0.0,-0.3251113828183876,1.0420956050310815,1.0942879775814225,0.3251113828183876
9.0,0.0,0.0,-0.1151055092645281,0.531460610423175,0.1914429784031152,-23.02110185290562,3.0,0.0,0.04534970681016545,-0.03,0.0,False,0.005772841293219786,0.11510550926452812,0.2886433290436318,0.04380451768299382,4.380451768299385e-06,4.380451768299384e-06,-0.02302150522244394,0.0,-0.6487825001910993,0.34001763202005986,0.48611090361300957,0.6487825001910993
10.0,0.0,0.0,-0.04712420630289413,1.1648948965576222,0.2627356303603403,-9.424841260578825,3.0,0.0,0.02916280726241448,0.24,0.0,False,0.005692464033885217,0.04712420630289413,0.2846244357840109,0.0433587192744284,4.335871927442841e-06,4.3358719274428405e-06,-0.009425004719488657,0.0,0.6334342861344472,0.9021592661972819,1.1357320892952079,0.6334342861344472
11.0,0.0,0.0,-0.10587040503567235,-0.16246286485661954,0.30272497949336546,-21.174081007134472,3.0,0.0,0.06020833116807326,0.09,0.0,False,0.005775764780690147,0.10587040503567234,0.28878948280933314,0.04306874926707378,4.3068749267073785e-06,4.306874926707378e-06,-0.021174445782037782,0.0,-1.3273577614142418,-0.465187844349985,-0.2226711960246928,1.3273577614142418
12.0,0.0,0.0,0.027949009661406617,-0.903514549563861,0.24400266523601083,5.589801932281324,3.0,0.0,0.10616804767125192,0.08,0.0,False,0.005508348044009321,0.027949009661406617,0.2754185831802593,0.042879635920764284,4.287963592076431e-06,4.28796359207643e-06,0.0055898978073389,0.0,-0.7410516847072415,-1.1475172147998718,-1.0096825972351129,0.7410516847072415
13.0,0.0,0.0,0.10212436661014763,-1.293461476792188,0.13933590324543133,20.424873322029526,3.0,0.0,0.11703322397423949,0.02,0.0,False,0.005368895408330065,0.10212436661014765,0.2684459181812614,0.04275608559413131,4.2756085594131314e-06,4.275608559413132e-06,0.020425222635588797,0.0,-0.3899469272283269,-1.4327973800376193,-1.4104947007664275,0.3899469272283269
14.0,0.0,0.0,0.13736401520246333,-1.5655457858593929,0.16564815114921405,27.472803040492668,3.0,0.0,0.11775094872841532,-0.1,0.0,False,0.0051559183967355435,0.13736401520246333,0.2577970199880079,0.042675277071923805,4.26752770719238e-06,4.267527707192379e-06,0.027473272002284034,0.0,-0.27208430906720493,-1.731193937008607,-1.6832967345878083,0.27208430906720493
15.0,0.0,0.0,0.16482443267040672,-2.053063755752789,0.05669914726964331,32.964886534081344,3.0,0.0,0.08020798546948749,-0.02,0.0,False,0.005088685825277633,0.16482443267040672,0.25443537572350966,0.04262238484319971,4.2622384843199725e-06,4.262238484319972e-06,0.03296544854851796,0.0,-0.48751796989339624,-2.1097629030224323,-2.1332717412222766,0.48751796989339624
16.0,0.0,0.0,0.21687481555770902,-1.7640223939777413,0.18014307941065688,43.3749631115418,3.0,0.0,0.08273366689667822,0.03,0.0,False,0.004794397799664573,0.21687481555770902,0.23972091089625772,0.04258774810914817,4.2587748109148164e-06,4.258774810914817e-06,0.04337570200519629,0.0,0.2890413617750478,-1.9441654733883982,-1.8467560608744196,0.2890413617750478
17.0,0.0,0.0,0.186171398441805,-1.7376233353620572,0.07494597017693494,37.234279688361,3.0,0.0,0.11573058087438026,-0.12,0.0,False,0.004890934580654997,0.186171398441805,0.24454776994734187,0.042565058879555154,4.256505887955516e-06,4.256505887955516e-06,0.03723491363738551,0.0,0.026399058615684146,-1.8125693055389922,-1.8533539162364374,0.026399058615684146
18.0,0.0,0.0,0.18152873456615864,-2.769821840702509,0.15278962484618158,36.30574691323173,3.0,0.0,0.09773121242299065,-0.07,0.0,False,0.005030925764892844,0.18152873456615864,0.25154735857895155,0.042550192925283656,4.255019292528367e-06,4.2550192925283665e-06,0.036306364837216616,0.0,-1.0321985053404517,-2.9226114655486906,-2.8675530531254996,1.0321985053404517
19.0,0.0,0.0,0.28067105585363766,-2.9181096493915164,0.020839802826655707,56.13421117072753,3.0,0.0,0.07770263071291447,-0.02,0.0,False,0.00496984339425261,0.28067105585363766,0.24849322680953853,0.0425404514451206,4.254045144512061e-06,4.254045144512061e-06,0.05613516635653801,0.0,-0.1482878086890076,-2.9389494522181723,-2.9958122801044307,0.1482878086890076
20.0,0.0,0.0,0.29588376602736666,-3.021553463954857,0.007321770748627816,59.17675320547333,3.0,0.0,0.036948417200985434,-0.01,0.0,False,0.004956103331175061,0.29588376602736666,0.24780622057491877,0.04253406740151187,4.253406740151185e-06,4.253406740151186e-06,0.05917776001239474,0.0,-0.10344381456334073,-3.028875234703485,-3.0585018811558426,0.10344381456334073
21.0,0.0,0.0,0.30635072755700754,-3.416990507527989,-0.05324440096603718,61.27014551140151,3.0,0.0,0.04079093658238565,0.02,0.0,False,0.0046213829209184555,0.30635072755700754,0.2310701287803067,0.04252988339718566,4.252988339718564e-06,4.252988339718564e-06,0.06127118783182623,0.0,-0.39543704357313203,-3.363746106561952,-3.457781444110375,0.39543704357313203
22.0,0.0,0.0,0.33834752622125636,-4.05554120173335,-0.06958238076364949,67.66950524425127,3.0,0.0,0.04201895691882448,0.08,0.0,False,0.0046764860637595294,0.33834752622125636,0.2338252975758913,0.042527141159834476,4.252714115983449e-06,4.252714115983449e-06,0.0676706563555966,0.0,-0.6385506942053607,-3.9859588209697003,-4.097560158652175,0.6385506942053607
23.0,0.0,0.0,0.39648125108488413,-4.546483475755842,-0.24588391657276393,79.29625021697683,3.0,0.0,-0.03344330055038326,0.14,0.0,False,0.004849034099414725,0.3964812510848841,0.24245273600494777,0.04252534382553204,4.252534382553201e-06,4.252534382553203e-06,0.0792975990513627,0.0,-0.49094227402249224,-4.300599559183079,-4.513040175205459,0.49094227402249224
24.0,0.0,0.0,0.4408899175382587,-4.997802467052419,-0.33055075116140786,88.17798350765173,3.0,0.0,-0.09064438837689387,0.17,0.0,False,0.005035128490301942,0.4408899175382587,0.25175749508829043,0.04252416578609152,4.252416578609152e-06,4.252416578609151e-06,0.08817948337934935,0.0,-0.45131899129657693,-4.667251715891011,-4.907158078675526,0.45131899129657693
25.0,0.0,0.0,0.4782347113965841,-4.65009182670663,-0.3478817193168659,95.64694227931682,3.0,0.0,-0.13749055799352383,0.16,0.0,False,0.004838142328918968,0.4782347113965841,0.2419081451171021,0.042523393647102156,4.252339364710216e-06,4.252339364710216e-06,0.09564856916542977,0.0,0.347710640345789,-4.302210107389764,-4.512601268713106,0.347710640345789
26.0,0.0,0.0,0.4337685177161934,-4.278654685025994,-0.5965974730145609,86.75370354323869,3.0,0.0,-0.21535367227213886,0.35,0.0,False,0.005152820614145067,0.4337685177161934,0.25764212627131106,0.042522887549586885,4.252288754958689e-06,4.252288754958688e-06,0.08675517914415609,0.0,0.37143714168063635,-3.6820572120114328,-4.063301012753855,0.37143714168063635
27.0,0.0,0.0,0.3863222359396267,-4.074977072178758,-0.6742589682466065,77.26444718792534,3.0,0.0,-0.31231442409519,0.35,0.0,False,0.005142513411201358,0.3863222359396267,0.2571267639241362,0.04252255582707921,4.252255582707923e-06,4.252255582707922e-06,0.07726576137504466,0.0,0.20367761284723596,-3.4007181039321512,-3.762662648083568,0.20367761284723596
28.0,0.0,0.0,0.36343841063569216,-3.427671478209734,-0.5148760350726059,72.68768212713843,3.0,0.0,-0.4153501885855022,0.04,0.0,False,0.005051759553361283,0.3634384106356921,0.2525890517312103,0.04252233839831703,4.252233839831701e-06,4.252233839831702e-06,0.07268891846196797,0.0,0.6473055939690235,-2.9127954431371283,-3.012321289624232,0.6473055939690235
29.0,0.0,0.0,0.29390493248753097,-2.728427887341931,-0.6025538575037593,58.78098649750619,3.0,0.0,-0.4405156945664157,0.17,0.0,False,0.005114031137936097,0.29390493248753097,0.2557026441959738,0.04252219588353538,4.252219588353537e-06,4.252219588353538e-06,0.05878198629190371,0.0,0.6992435908678032,-2.1258740298381715,-2.287912192775515,0.6992435908678032
30.0,0.0,0.0,0.21566076535919268,-2.7317862073390056,-0.7862733525292065,43.13215307183854,3.0,0.0,-0.488559665918871,0.22,0.0,False,0.0054549712452175055,0.21566076535919268,0.27274972204510667,0.042522102471379226,4.2522102471379225e-06,4.2522102471379225e-06,0.043132886696652106,0.0,-0.003358319997074588,-1.945512854809799,-2.2432265414201344,0.003358319997074588
31.0,0.0,0.0,0.21495441812520386,-2.330371230489283,-0.6306611049857923,42.99088362504077,3.0,0.0,-0.5717743820041853,-0.11,0.0,False,0.005573294815691306,0.21495441812520386,0.27866592572392535,0.042522041243776856,4.252204124377685e-06,4.252204124377686e-06,0.042991614845982094,0.0,0.4014149768497224,-1.6997101255034908,-1.758596848485098,0.4014149768497224
32.0,0.0,0.0,0.17225866631267,-2.0349525294488275,-0.6565410180682044,34.451733262534,3.0,0.0,-0.582196324583803,-0.05,0.0,False,0.005600266972141569,0.17225866631267003,0.2800145392798705,0.04252200111172609,4.252200111172611e-06,4.25220011117261e-06,0.03445231924269834,0.0,0.29541870104045564,-1.378411511380623,-1.4527562048650244,0.29541870104045564
33.0,0.0,0.0,0.13848182170588447,-1.7904362746310831,-0.7121359090052759,27.696364341176892,3.0,0.0,-0.60774794344658,0.13,0.0,False,0.005232296031579264,0.13848182170588447,0.26161591401676343,0.04252197480688926,4.2521974806889265e-06,4.252197480688927e-06,0.027696835420816482,0.0,0.24451625481774442,-1.0783003656258072,-1.1826883311845031,0.24451625481774442
34.0,0.0,0.0,0.10598669144800604,-2.1237931946703195,-0.7963907622115995,21.19733828960121,3.0,0.0,-0.6501048697873134,0.17,0.0,False,0.005466815708598995,0.10598669144800603,0.27334194772847764,0.042521957565193544,4.2521957565193565e-06,4.252195756519356e-06,0.021197698828995817,0.0,-0.33335692003923634,-1.32740243245872,-1.473688324883006,0.33335692003923634
35.0,0.0,0.0,0.13888638281812718,-1.17270346102093,-0.9189878200960088,27.777276563625435,3.0,0.0,-0.7305468263430417,-0.03,0.0,False,0.005449014360878089,0.13888638281812718,0.2724518765573837,0.04252194626399751,4.252194626399752e-06,4.252194626399751e-06,0.027777749019161014,0.0,0.9510897336493895,-0.25371564092492116,-0.44215663467788824,0.9510897336493895
36.0,0.0,0.0,0.039272167931771663,-2.3597245483834373,-0.8955419508246916,7.854433586354332,3.0,0.0,-0.7348998378925135,0.13,0.0,False,0.005131670153078827,0.03927216793177166,0.25658459869676375,0.04252193885654483,4.2521938856544815e-06,4.252193885654482e-06,0.007854567180084147,0.0,-1.1870210873625073,-1.4641825975587457,-1.6248247104909237,1.1870210873625073
37.0,0.0,0.0,0.15237094130154322,-3.007448017003646,-1.016647925843037,30.474188260308644,3.0,0.0,-0.7799734320595958,0.21,0.0,False,0.005019049438319493,0.15237094130154322,0.2509535390144194,0.04252193400127473,4.2521934001274746e-06,4.252193400127474e-06,0.030474706586673377,0.0,-0.6477234686202089,-1.9908000911606092,-2.2274745849440505,0.6477234686202089
38.0,0.0,0.0,0.21224300117836065,-3.021666733330028,-1.01734579111217,42.44860023567213,3.0,0.0,-0.8359827398324576,0.14,0.0,False,0.004880009205502684,0.21224300117836065,0.24400149781220326,0.042521930818851625,4.2521930818851625e-06,4.2521930818851625e-06,0.042449322231179074,0.0,-0.01421871632638183,-2.0043209422178583,-2.1856839934975705,0.01421871632638183
39.0,0.0,0.0,0.2073734822796528,-3.5464627710286103,-1.049163882393536,41.47469645593056,3.0,0.0,-0.8849728803089764,0.14,0.0,False,0.0048839602467955715,0.20737348227965285,0.2441990507168264,0.04252192873290852,4.252192873290852e-06,4.252192873290853e-06,0.041475401886565705,0.0,-0.5247960376985823,-2.497298888635074,-2.661489890719634,0.5247960376985823
40.0,0.0,0.0,0.25838019203618084,-3.2693076951079805,-1.0642656275053735,51.67603840723617,3.0,0.0,-0.9478878209313265,0.13,0.0,False,0.005096689460840792,0.25838019203618084,0.2548355566473348,0.04252192736566145,4.2521927365661454e-06,4.252192736566145e-06,0.051676917349399394,0.0,0.2771550759206298,-2.205042067602607,-2.321419874176654,0.2771550759206298
41.0,0.0,0.0,0.22908681784478127,-3.091495568224842,-1.0559338514196008,45.81736356895625,3.0,0.0,-0.9626059165480106,0.01,0.0,False,0.004876340448264699,0.22908681784478127,0.24381805917018487,0.04252192646948904,4.252192646948904e-06,4.252192646948905e-06,0.0458181428626684,0.0,0.17781212688313852,-2.0355617168052413,-2.128889651676831,0.17781212688313852
42.0,0.0,0.0,0.2069253231673753,-3.043679950464757,-1.0499332589244779,41.38506463347506,3.0,0.0,-0.9783908105960518,0.09,0.0,False,0.004846587448698969,0.20692532316737533,0.2423304028661098,0.04252192588208612,4.252192588208611e-06,4.252192588208612e-06,0.041385768539542324,0.0,0.047815617760084805,-1.9937466915402793,-2.0652891398687054,0.047815617760084805
43.0,0.0,0.0,0.20260688697036325,-2.163650973353502,-1.0363336047321057,40.52137739407265,3.0,0.0,-1.0221983422348138,-0.06,0.0,False,0.0050792458171173265,0.20260688697036325,0.2539633707524274,0.042521925497068444,4.252192549706844e-06,4.252192549706844e-06,0.0405220666099382,0.0,0.8800289771112553,-1.1273173686213962,-1.141452631118688,0.8800289771112553
44.0,0.0,0.0,0.11281997282082541,-1.9710070266624928,-0.9732607300889728,22.563994564165082,3.0,0.0,-1.0175680045863607,-0.13,0.0,False,0.005270099787854208,0.11281997282082543,0.2635061098666564,0.042521925244705674,4.2521925244705684e-06,4.252192524470569e-06,0.022564378348329184,0.0,0.19264394669100904,-0.99774629657352,-0.9534390220761322,0.19264394669100904
45.0,0.0,0.0,0.09122267317003858,-2.1147600559842434,-1.011898689717958,18.244534634007717,3.0,0.0,-1.035427258532996,-0.06,0.0,False,0.005181510601139311,0.09122267317003858,0.25907663169599343,0.04252192507929264,4.252192507929263e-06,4.2521925079292635e-06,0.018244844949782107,0.0,-0.1437530293217506,-1.1028613662662854,-1.0793327974512474,0.1437530293217506
46.0,0.0,0.0,0.10748369941550308,-2.0397412450528196,-0.7925517767521431,21.496739883100616,3.0,0.0,-1.0587609001437375,0.03,0.0,False,0.005446122391018954,0.1074836994155031,0.27230727744898614,0.042521924970871386,4.252192497087138e-06,4.252192497087139e-06,0.021497105514650026,0.0,0.07501881093142382,-1.2471894683006766,-0.9809803449090821,0.07501881093142382
47.0,0.0,0.0,0.10409895822413262,-2.1573118555677997,-0.7036153130543148,20.819791644826523,3.0,0.0,-1.0399002097602033,0.14,0.0,False,0.005066960587570448,0.10409895822413263,0.2533491066631102,0.04252192489980588,4.252192489980587e-06,4.252192489980588e-06,0.020820145762367445,0.0,-0.11757061051498008,-1.453696542513485,-1.1174116458075964,0.11757061051498008
48.0,0.0,0.0,0.11844029291682989,-1.8530335254148003,-0.8046811985181446,23.68805858336598,3.0,0.0,-0.998729530371075,0.08,0.0,False,0.004994135028892015,0.11844029291682989,0.24970781324577274,0.04252192485322546,4.252192485322546e-06,4.252192485322545e-06,0.02368846148639154,0.0,0.30427833015299943,-1.0483523268966557,-0.8543039950437252,0.30427833015299943
49.0,0.0,0.0,0.08992445904520494,-1.6449420176667902,-0.8437574882531378,17.984891809040988,3.0,0.0,-0.972883744853327,-0.02,0.0,False,0.005131457297928155,0.08992445904520494,0.25657395589361504,0.04252192482269396,4.252192482269395e-06,4.252192482269396e-06,0.01798519770862722,0.0,0.2080915077480101,-0.8011845294136524,-0.6720582728134632,0.2080915077480101
50.0,0.0,0.0,0.06387870135952095,-1.386163458401558,-1.0040589409112146,12.77574027190419,3.0,0.0,-0.9537698161573148,0.05,0.0,False,0.005203719157619895,0.06387870135952095,0.2601870642417683,0.04252192480268187,4.252192480268186e-06,4.252192480268186e-06,0.01277595757060705,0.0,0.2587785592652321,-0.38210451749034346,-0.43239364224424326,0.2587785592652321
51.0,0.0,0.0,0.040605439439011286,-1.282061771387228,-1.1114920196163445,8.121087887802258,3.0,0.0,-1.0061414228449022,-0.05,0.0,False,0.0050767215413240726,0.040605439439011286,0.25383715642606147,0.04252192478956478,4.252192478956478e-06,4.252192478956478e-06,0.008121226016930253,0.0,0.10410168701433009,-0.17056975177088352,-0.27592034854232583,0.10410168701433009
52.0,0.0,0.0,0.02686092338823901,-0.8496600254009812,-1.1054385939454243,5.372184677647802,3.0,0.0,-0.9801004309042359,-0.06,0.0,False,0.005154293868713789,0.026860923388239012,0.25771578928817035,0.0425219247809671,4.252192478096709e-06,4.25219247809671e-06,0.00537227605151237,0.0,0.4324017459862468,0.25577856854444314,0.13044040550325475,0.4324017459862468
53.0,0.0,0.0,-0.021768718653774076,-0.2517947196433723,-1.2376199168181659,-4.3537437307548155,3.0,0.0,-1.0134468266140189,0.1,0.0,False,0.005034554435494466,0.021768718653774076,0.2517287921694482,0.04252192477533167,4.252192477533166e-06,4.252192477533167e-06,-0.0043538177822652945,0.0,0.5978653057576089,0.9858251971747936,0.7616521069706466,0.5978653057576089
54.0,0.0,0.0,-0.08648744930729148,0.15691386721161882,-1.1460939689140757,-17.297489861458295,3.0,0.0,-1.067351840177807,0.05,0.0,False,0.0049944674687447885,0.08648744930729148,0.24972443530908933,0.0425219247716379,4.25219247716379e-06,4.252192477163789e-06,-0.017297784069232314,0.0,0.4087085868549911,1.3030078361256945,1.2242657073894259,0.4087085868549911
55.0,0.0,0.0,-0.12841522272321618,0.10394219007094639,-1.121525501983531,-25.683044544643234,3.0,0.0,-1.1166876007803526,0.03,0.0,False,0.004790899809081552,0.12841522272321618,0.2395460090454839,0.04252192476921678,4.252192476921676e-06,4.252192476921677e-06,-0.02568348137978092,0.0,-0.05297167714067243,1.2254676920544774,1.2206297908512989,0.05297167714067243
56.0,0.0,0.0,-0.12767376053680862,0.6344319316581296,-1.265959449569783,-25.534752107361722,3.0,0.0,-1.1272656623327424,0.19,0.0,False,0.004909515822376767,0.12767376053680862,0.24547683492915062,0.04252192476762984,4.2521924767629835e-06,4.252192476762984e-06,-0.02553518642023816,0.0,0.5304897415871832,1.9003913812279127,1.761697593990872,0.5304897415871832
57.0,0.0,0.0,-0.1799431185794921,0.3934441084999044,-1.1863640255782153,-35.98862371589842,3.0,0.0,-1.1728225599673412,-0.02,0.0,False,0.0050425160175167245,0.17994311857949208,0.25212687296326985,0.042521924766589676,4.252192476658967e-06,4.252192476658967e-06,-0.0359892358355156,0.0,-0.2409878231582252,1.5798081340781196,1.5662666684672457,0.2409878231582252
58.0,0.0,0.0,-0.15971613104681903,0.4647783827594299,-1.146904337692247,-31.943226209363807,3.0,0.0,-1.1650375117755432,-0.11,0.0,False,0.005243613784474656,0.15971613104681903,0.262181804066487,0.04252192476590788,4.252192476590789e-06,4.2521924765907885e-06,-0.03194376952203821,0.0,0.07133427425952549,1.6116827204516768,1.629815894534973,0.07133427425952549
59.0,0.0,0.0,-0.16506776719505445,0.9221641014054669,-1.2299539879766819,-33.01355343901089,3.0,0.0,-1.2037511591548276,-0.09,0.0,False,0.005304774091364576,0.16506776719505445,0.26523983241425286,0.04252192476546101,4.252192476546101e-06,4.252192476546101e-06,-0.033014114956557455,0.0,0.457385718646037,2.1521180893821485,2.1259152605602942,0.457385718646037
60.0,0.0,0.0,-0.21833965215395168,1.512296238438998,-1.2416219309540615,-43.667930430790335,3.0,0.0,-1.1859343841870045,-0.01,0.0,False,0.005239378944745443,0.21833965215395168,0.2619700611796586,0.04252192476516809,4.252192476516809e-06,4.2521924765168095e-06,-0.04366867316541307,0.0,0.5901321370335311,2.7539181693930592,2.6982306226260024,0.5901321370335311
61.0,0.0,0.0,-0.2808443289520597,1.146339179107721,-1.365238048359843,-56.16886579041194,3.0,0.0,-1.261278841245361,0.02,0.0,False,0.00531294034028557,0.2808443289520597,0.26564814659652575,0.042521924764976085,4.25219247649761e-06,4.25219247649761e-06,-0.05616982114966371,0.0,-0.36595705933127687,2.511577227467564,2.407618020353082,0.36595705933127687
62.0,0.0,0.0,-0.25093448078585107,1.2735167508567942,-1.4277471803182054,-50.18689615717021,3.0,0.0,-1.2962067612887325,0.13,0.0,False,0.0051013425361858865,0.25093448078585107,0.255068211403812,0.04252192476485026,4.252192476485025e-06,4.252192476485025e-06,-0.05018774977090954,0.0,0.12717757174907307,2.7012639311749993,2.5697235121455266,0.12717757174907307
63.0,0.0,0.0,-0.26696431541695476,0.6207802981160947,-1.4327404363471654,-53.39286308339096,3.0,0.0,-1.3630589798363553,0.07,0.0,False,0.005304728105460761,0.26696431541695476,0.26523753310928494,0.04252192476476777,4.252192476476778e-06,4.252192476476777e-06,-0.0533937712264522,0.0,-0.6527364527406995,2.0535207344632602,1.98383927795245,0.6527364527406995
64.0,0.0,0.0,-0.20389401751711844,1.0046762666473468,-1.4252809816692562,-40.77880350342369,3.0,0.0,-1.3961831624954306,0.1,0.0,False,0.004985153834380745,0.20389401751711844,0.24925875161071873,0.04252192476471372,4.252192476471372e-06,4.25219247647137e-06,-0.04077949709776024,0.0,0.3838959685312521,2.4299572483166028,2.4008594291427774,0.3838959685312521
65.0,0.0,0.0,-0.24314194648569443,0.7611264926580935,-1.40044502280294,-48.62838929713889,3.0,0.0,-1.4182032268854547,-0.1,0.0,False,0.004947262203610097,0.24314194648569443,0.24736416201606098,0.04252192476467826,4.252192476467827e-06,4.252192476467827e-06,-0.04862921640270636,0.0,-0.24354977398925326,2.1615715154610333,2.1793297195435484,0.24354977398925326
66.0,0.0,0.0,-0.22673929750735877,0.05028810565529018,-1.5218852292726854,-45.34785950147175,3.0,0.0,-1.426794892527377,-0.02,0.0,False,0.005294753828941509,0.22673929750735877,0.2647388171626953,0.04252192476465504,4.252192476465504e-06,4.252192476465505e-06,-0.045348630809500017,0.0,-0.7108383870028033,1.5721733349279756,1.4770829981826672,0.7108383870028033
67.0,0.0,0.0,-0.1526654503019371,-0.1306503846486772,-1.42283072352495,-30.53309006038742,3.0,0.0,-1.506314689372245,0.09,0.0,False,0.004952758110487711,0.15266545030193707,0.24763895852842427,0.042521924764639826,4.252192476463981e-06,4.252192476463982e-06,-0.030533609388482506,0.0,-0.1809384903039674,1.2921803388762727,1.3756643047235677,0.1809384903039674
68.0,0.0,0.0,-0.1318795779272595,-0.28092079643023216,-1.4833874073970403,-26.375915585451896,3.0,0.0,-1.4763988555080414,-0.08,0.0,False,0.005024024909201727,0.1318795779272595,0.25120231361613243,0.042521924764629834,4.252192476462983e-06,4.252192476462984e-06,-0.026376364205423542,0.0,-0.15027041178155495,1.202466610966808,1.1954780590778094,0.15027041178155495
69.0,0.0,0.0,-0.11645567002869388,-0.4429035300001074,-1.5661942768258719,-23.291134005738776,3.0,0.0,-1.4494742027887257,0.07,0.0,False,0.00485353652319536,0.11645567002869388,0.24267785806834236,0.0425219247646233,4.252192476462331e-06,4.25219247646233e-06,-0.023291530157593426,0.0,-0.16198273356987525,1.1232907468257645,1.0065706727886183,0.16198273356987525
70.0,0.0,0.0,-0.10490099051315292,-1.4497716872734094,-1.6545356288388593,-20.980198102630585,3.0,0.0,-1.4455022563133684,0.22,0.0,False,0.004786953193715314,0.10490099051315294,0.23934867743808344,0.04252192476461902,4.2521924764619006e-06,4.252192476461901e-06,-0.02098055494847533,0.0,-1.006868157273302,0.20476394156544986,-0.004269430960041065,1.006868157273302
71.0,0.0,0.0,-0.002698255138132332,-0.7385909453537611,-1.3885433312018702,-0.5396510276264664,3.0,0.0,-1.491935738091769,0.07,0.0,False,0.0047742585880563015,0.004341495643322227,0.23871394445613753,0.042521924764616206,4.25219247646162e-06,4.25219247646162e-06,-0.0005396602063875952,0.0,0.7111807419196483,0.6499523858481091,0.7533447927380079,0.7111807419196483
72.0,0.0,0.0,-0.07131237575648303,-0.7164834046707039,-1.4874023103043537,-14.262475151296606,3.0,0.0,-1.4767548123297427,-0.03,0.0,False,0.00475975288064325,0.07131237575648303,0.23798865600143188,0.04252192476461437,4.252192476461437e-06,4.252192476461436e-06,-0.014262717737423207,0.0,0.022107540683057203,0.7709189056336497,0.7602714076590388,0.022107540683057203
73.0,0.0,0.0,-0.07387487708862112,-0.056091375823166256,-1.43936801476,-14.774975417724225,3.0,0.0,-1.4517298646159742,-0.06,0.0,False,0.004872089868981356,0.07387487708862112,0.243605529302262,0.042521924764613146,4.252192476461316e-06,4.252192476461315e-06,-0.014775226720812867,0.0,0.6603920288475377,1.3832766389368338,1.395638488792808,0.6603920288475377
74.0,0.0,0.0,-0.1423471787792956,-0.7274657572578874,-1.3588438513894918,-28.46943575585912,3.0,0.0,-1.455247882066742,-0.01,0.0,False,0.005082669699791527,0.1423471787792956,0.2541345656140693,0.042521924764612355,4.252192476461236e-06,4.2521924764612365e-06,-0.028469919983882184,0.0,-0.6713743814347212,0.6313780941316044,0.7277821248088546,0.6713743814347212
75.0,0.0,0.0,-0.07194346768442308,-0.06729203592689559,-1.2244992131125165,-14.388693536884617,3.0,0.0,-1.4795934279962533,0.16,0.0,False,0.005201107945725962,0.07194346768442308,0.26005650309190187,0.04252192476461185,4.252192476461185e-06,4.252192476461184e-06,-0.014388938269821567,0.0,0.6601737213309918,1.157207177185621,1.4123013920693577,0.6601737213309918
76.0,0.0,0.0,-0.13634102687441169,-0.19701779873610098,-1.2598065498583837,-27.26820537488234,3.0,0.0,-1.4469157299757183,0.09,0.0,False,0.005225618345535234,0.13634102687441169,0.2612820282935124,0.04252192476461149,4.252192476461149e-06,4.25219247646115e-06,-0.027268669171541127,0.0,-0.1297257628092054,1.0627887511222827,1.2498979312396172,0.1297257628092054
77.0,0.0,0.0,-0.1252972926201887,0.3380504948992823,-1.3253705899287824,-25.059458524037744,3.0,0.0,-1.4307312920854465,-0.2,0.0,False,0.0052025587511717155,0.1252972926201887,0.2601290436726447,0.04252192476461127,4.252192476461127e-06,4.252192476461128e-06,-0.02505988475278931,0.0,0.5350682936353832,1.6634210848280646,1.7687817869847287,0.5350682936353832
78.0,0.0,0.0,-0.18422811639558337,0.594927748641942,-1.4967054587704907,-36.84562327911667,3.0,0.0,-1.450017364348237,-0.03,0.0,False,0.005357646170969496,0.18422811639558334,0.2678834476356117,0.042521924764611134,4.252192476461113e-06,4.252192476461114e-06,-0.0368462499751802,0.0,0.2568772537426597,2.091633207412433,2.0449451129901792,0.2568772537426597
79.0,0.0,0.0,-0.21647206609704533,0.7969144794155577,-1.7500479420101582,-43.294413219409066,3.0,0.0,-1.5042698377270736,0.22,0.0,False,0.005268215925553025,0.21647206609704533,0.2634119163510574,0.042521924764611044,4.252192476461104e-06,4.2521924764611035e-06,-0.04329514960099045,0.0,0.20198673077361573,2.546962421425716,2.3011843171426314,0.20198673077361573
80.0,0.0,0.0,-0.23826247091157898,1.2262207453924803,-1.5690353653851286,-47.6524941823158,3.0,0.0,-1.5698389363730505,-0.02,0.0,False,0.005648679095320573,0.23826247091157904,0.2824351557295662,0.042521924764610974,4.252192476461099e-06,4.2521924764610976e-06,-0.04765330468917831,0.0,0.42930626597692256,2.7952561107776086,2.7960596817655308,0.42930626597692256
81.0,0.0,0.0,-0.2842473864589053,1.1877571878956712,-1.547828243728202,-56.84947729178106,3.0,0.0,-1.5857608865945416,0.05,0.0,False,0.005308979354448555,0.2842473864589053,0.265450096462531,0.042521924764610926,4.252192476461093e-06,4.252192476461093e-06,-0.05685044422734793,0.0,-0.038463557496809075,2.735585431623873,2.773518074490213,0.038463557496809075
82.0,0.0,0.0,-0.2832111288359305,1.1871238452120605,-1.5519134016045621,-56.642225767186105,3.0,0.0,-1.6163135529264772,0.03,0.0,False,0.005021084455044158,0.2832111288359305,0.251055290283085,0.04252192476461091,4.252192476461092e-06,4.252192476461091e-06,-0.056643189177674476,0.0,-0.0006333426836107048,2.739037246816623,2.803437398138538,0.0006333426836107048
83.0,0.0,0.0,-0.2835517540314937,1.283874103050978,-1.5711995987371485,-56.710350806298734,3.0,0.0,-1.6444143138751952,-0.07,0.0,False,0.005462105964548572,0.2835517540314937,0.2731064595237229,0.0425219247646109,4.25219247646109e-06,4.252192476461089e-06,-0.05671131537550529,0.0,0.09675025783891744,2.8550737017881263,2.928288416926173,0.09675025783891744
84.0,0.0,0.0,-0.29403849080695926,1.3417999460227366,-1.5818133309361746,-58.80769816139185,3.0,0.0,-1.648453980934632,-0.09,0.0,False,0.005303464192958811,0.29403849080695926,0.26517433721546757,0.04252192476461088,4.252192476461087e-06,4.252192476461088e-06,-0.058808698403745294,0.0,0.05792584297175862,2.9236132769589114,2.9902539269573687,0.05792584297175862
85.0,0.0,0.0,-0.29739524347490187,1.9812256456597206,-1.5954282679305065,-59.47904869498038,3.0,0.0,-1.6565733204315314,-0.03,0.0,False,0.005707954922686472,0.29739524347490187,0.28539895970047247,0.04252192476461086,4.252192476461086e-06,4.2521924764610866e-06,-0.059480060356132014,0.0,0.639425699636984,3.576653913590227,3.637798966091252,0.639425699636984
86.0,0.0,0.0,-0.36271814231898447,2.0087910598751177,-1.5216845139393582,-72.54362846379689,3.0,0.0,-1.632215717817121,0.05,0.0,False,0.005230256509968937,0.36271814231898447,0.2615139375013158,0.04252192476461086,4.252192476461086e-06,4.2521924764610866e-06,-0.07254486233643484,0.0,0.027565414215397155,3.530475573814476,3.6410067776922386,0.027565414215397155
87.0,0.0,0.0,-0.3653937342620894,2.2272029469359844,-1.6180069782672886,-73.07874685241788,3.0,0.0,-1.6460328948979122,0.04,0.0,False,0.005418926964619222,0.3653937342620894,0.27094750034698445,0.04252192476461086,4.252192476461086e-06,4.2521924764610866e-06,-0.07307998982672266,0.0,0.21841188706086667,3.8452099252032728,3.8732358418338966,0.21841188706086667
88.0,0.0,0.0,-0.39025903245979576,2.143500651238261,-1.7487212324093588,-78.05180649195916,3.0,0.0,-1.6452239689701602,0.14,0.0,False,0.005018727151782399,0.39025903245979576,0.2509374246188117,0.04252192476461086,4.252192476461086e-06,4.2521924764610866e-06,-0.0780531340515314,0.0,-0.08370229569772336,3.89222188364762,3.7887246202084213,0.08370229569772336
89.0,0.0,0.0,-0.3860590586307604,2.625345804686287,-1.8994852432547589,-77.21181172615208,3.0,0.0,-1.675470350488054,0.08,0.0,False,0.005272128713054402,0.3860590586307604,0.26360755655802237,0.04252192476461086,4.252192476461086e-06,4.2521924764610866e-06,-0.07721312499850738,0.0,0.48184515344802614,4.524831047941046,4.300816155174341,0.48184515344802614
90.0,0.0,0.0,-0.43943874239013964,2.6652661352100098,-1.9019691877489375,-87.88774847802793,3.0,0.0,-1.7171720149405678,0.21,0.0,False,0.005004398138015239,0.43943874239013975,0.25022097088396755,0.04252192476461086,4.252192476461086e-06,4.2521924764610866e-06,-0.08788924333416284,0.0,0.03992033052372257,4.567235322958947,4.382438150150578,0.03992033052372257
91.0,0.0,0.0,-0.4515582654222668,2.5225904226279834,-1.9313006272921576,-90.31165308445335,3.0,0.0,-1.7691350481208172,0.11,0.0,False,0.005258799681539352,0.4515582654222668,0.2629411021483895,0.04252192476461086,4.252192476461086e-06,4.2521924764610866e-06,-0.09031318916804867,0.0,-0.14267571258202638,4.453891049920141,4.2917254707488,0.14267571258202638
92.0,0.0,0.0,-0.44581236696730964,2.752884076350493,-2.001068304451257,-89.16247339346192,3.0,0.0,-1.8504125246455987,0.18,0.0,False,0.004916264490229654,0.4458123669673097,0.24581426975662657,0.04252192476461086,4.252192476461086e-06,4.2521924764610866e-06,-0.08916398993100742,0.0,0.23029365372250954,4.75395238080175,4.603296600996091,0.23029365372250954
93.0,0.0,0.0,-0.47104727453668915,2.7661514827560105,-1.9606555193241624,-94.20945490733783,3.0,0.0,-1.9356280310447442,-0.03,0.0,False,0.004935811153960303,0.47104727453668915,0.24679160709896772,0.04252192476461086,4.252192476461086e-06,4.2521924764610866e-06,-0.0942110572874656,0.0,0.013267406405517601,4.726807002080173,4.701779513800755,0.013267406405517601
94.0,0.0,0.0,-0.47670681126168163,2.197406072857152,-2.0965816662100476,-95.34136225233632,3.0,0.0,-1.9576888182002352,0.02,0.0,False,0.004969382764993904,0.4767068112616816,0.2484701947882955,0.04252192476461086,4.252192476461086e-06,4.2521924764610866e-06,-0.09534298388473379,0.0,-0.5687454098988587,4.2939877390672,4.155094891057387,0.5687454098988587
95.0,0.0,0.0,-0.4203662787309868,0.9513373781397154,-2.1365970055680763,-84.07325574619736,3.0,0.0,-2.0010179823166165,0.1,0.0,False,0.00474968221320981,0.4203662787309868,0.23748512048863907,0.04252192476461086,4.252192476461086e-06,4.2521924764610866e-06,-0.08407468572277897,0.0,-1.2460686947174364,3.0879343837077915,2.952355360456332,1.2460686947174364
96.0,0.0,0.0,-0.3074954029118573,0.21958936208259838,-2.3347058706063737,-61.49908058237146,3.0,0.0,-2.006346088369101,0.38,0.0,False,0.004877783851371641,0.3074954029118573,0.2438902296323717,0.04252192476461086,4.252192476461086e-06,4.2521924764610866e-06,-0.06150012660163458,0.0,-0.731748016057117,2.554295232688972,2.2259354504516997,0.731748016057117
97.0,0.0,0.0,-0.23865478932375248,0.14131907487010192,-2.3636730546136366,-47.73095786475049,3.0,0.0,-2.1236820274607946,0.1,0.0,False,0.005100051045004258,0.23865478932375248,0.25500363657014696,0.04252192476461086,4.252192476461086e-06,4.2521924764610866e-06,-0.047731769706178054,0.0,-0.07827028721249646,2.5049921294837385,2.2650011023308965,0.07827028721249646
98.0,0.0,0.0,-0.23384320187735372,0.17300489608586653,-2.3621921848335536,-46.768640375470746,3.0,0.0,-2.167009271459905,0.09,0.0,False,0.005108895435658709,0.2338432018773537,0.2554458579832722,0.04252192476461086,4.252192476461086e-06,4.2521924764610866e-06,-0.04676943584913115,0.0,0.031685821215764604,2.53519708091942,2.3400141675457715,0.031685821215764604
99.0,0.0,0.0,-0.2437404009570693,-0.6459227187416293,-2.4674354234626312,-48.74808019141386,3.0,0.0,-2.1971626612186173,0.13,0.0,False,0.005144579509462632,0.2437404009570693,0.2572300692602458,0.04252192476461086,4.252192476461086e-06,4.2521924764610866e-06,-0.04874890933276748,0.0,-0.8189276148274959,1.8215127047210018,1.5512399424769878,0.8189276148274959
100.0,0.0,0.0,-0.16743442885160256,-1.2252353155970366,-2.449722953938081,-33.48688577032051,3.0,0.0,-2.264450935039782,0.25,0.0,False,0.004908496712659764,0.16743442885160256,0.24542587922662779,0.04252192476461086,4.252192476461086e-06,4.2521924764610866e-06,-0.033487455338633496,0.0,-0.5793125968554073,1.2244876383410443,1.0392156194427455,0.5793125968554073
101.0,0.0,0.0,-0.11424554410886102,-0.7320309848504173,-2.529404496980524,-22.849108821772205,3.0,0.0,-2.3203026054285862,0.28,0.0,False,0.004289751617400507,0.11424554410886101,0.21448849291250302,0.04252192476461086,4.252192476461086e-06,4.2521924764610866e-06,-0.022849497455354143,0.0,0.4932043307466193,1.7973735121301067,1.588271620578169,0.4932043307466193
102.0,0.0,0.0,-0.170408745363167,-1.455484958145771,-2.6963292042450475,-34.0817490726334,3.0,0.0,-2.367715046387802,0.28,0.0,False,0.004898002684306454,0.170408745363167,0.24490117557783084,0.04252192476461086,4.252192476461086e-06,4.2521924764610866e-06,-0.034082328758796396,0.0,-0.7234539732953537,1.2408442460992766,0.9122300882420311,0.7234539732953537
103.0,0.0,0.0,-0.10619967139431098,-0.3789087247504388,-2.746558330040844,-21.239934278862197,3.0,0.0,-2.436154669021333,0.29,0.0,False,0.005021981654121826,0.10619967139431101,0.25110015042772155,0.04252192476461086,4.252192476461086e-06,4.2521924764610866e-06,-0.021240295542480983,0.0,1.0765762333953321,2.367649605290405,2.0572459442708944,1.0765762333953321
104.0,0.0,0.0,-0.2242043326719302,-0.09168065985326218,-2.8287646761661978,-44.840866534386045,3.0,0.0,-2.517504251161065,0.37,0.0,False,0.004860021641998812,0.22420433267193018,0.24300211538731362,0.04252192476461086,4.252192476461086e-06,4.2521924764610866e-06,-0.044841629219124185,0.0,0.2872280648971766,2.7370840163129357,2.425823591307803,0.2872280648971766
105.0,0.0,0.0,-0.2578392436108977,-0.2631362482235105,-2.7713776605556655,-51.56784872217955,3.0,0.0,-2.6209997194685677,0.11,0.0,False,0.005267008287006211,0.2578392436108977,0.263351534166961,0.04252192476461086,4.252192476461086e-06,4.2521924764610866e-06,-0.05156872582412334,0.0,-0.17145558837024832,2.508241412332155,2.3578634712450572,0.17145558837024832
106.0,0.0,0.0,-0.2433994462708506,0.34346126227267093,-2.8396226722879874,-48.67988925417012,3.0,0.0,-2.670127915066827,-0.06,0.0,False,0.005414665532709991,0.2433994462708506,0.2707344278455015,0.04252192476461086,4.252192476461086e-06,4.2521924764610866e-06,-0.048680717235684706,0.0,0.6065975104961814,3.183083934560658,3.0135891773394983,0.6065975104961814
107.0,0.0,0.0,-0.30427828712605814,0.0967999426485669,-2.737058325367199,-60.85565742521163,3.0,0.0,-2.6971824599967236,-0.08,0.0,False,0.0055692845862929255,0.30427828712605814,0.2784654133981471,0.04252192476461086,4.252192476461086e-06,4.2521924764610866e-06,-0.06085669250068485,0.0,-0.24666131962410404,2.8338582680157662,2.7939824026452906,0.24666131962410404
108.0,0.0,0.0,-0.281510761219776,0.8034348901117492,-2.7111742826711183,-56.3021522439552,3.0,0.0,-2.6993863014800707,-0.01,0.0,False,0.005465547749211692,0.281510761219776,0.27327854948863545,0.04252192476461086,4.252192476461086e-06,4.2521924764610866e-06,-0.05630310987023586,0.0,0.7066349474631823,3.514609172782867,3.5028211915918197,0.7066349474631823
109.0,0.0,0.0,-0.3536073703063375,-0.18780510007861517,-2.753074136807219,-70.7214740612675,3.0,0.0,-2.7183675214462353,0.01,0.0,False,0.00548541715341095,0.3536073703063376,0.27427202392302497,0.04252192476461086,4.252192476461086e-06,4.2521924764610866e-06,-0.07072267694143226,0.0,-0.9912399901903644,2.565269036728604,2.53056242136762,0.9912399901903644
110.0,0.0,0.0,-0.253284000496002,-0.7750262598098132,-2.6464540476903218,-50.6568000992004,3.0,0.0,-2.732713993281604,-0.02,0.0,False,0.0053715562732377965,0.253284000496002,0.26857895570644835,0.04252192476461086,4.252192476461086e-06,4.2521924764610866e-06,-0.050657661705393695,0.0,-0.587221159731198,1.8714277878805086,1.9576877334717908,0.587221159731198
111.0,0.0,0.0,-0.19193078135321717,-1.1298697264413244,-2.616926381162542,-38.38615627064343,3.0,0.0,-2.7206989556546985,0.1,0.0,False,0.005098316964492756,0.1919307813532172,0.2549169321758897,0.04252192476461086,4.252192476461086e-06,4.2521924764610866e-06,-0.03838680916916673,0.0,-0.35484346663151123,1.4870566547212174,1.590829229213374,0.35484346663151123
112.0,0.0,0.0,-0.15720340166674138,-0.8722667918192643,-2.593996031420235,-31.440680333348276,3.0,0.0,-2.6943748796732065,0.03,0.0,False,0.005150761763156081,0.15720340166674138,0.25753918325932484,0.04252192476461086,4.252192476461086e-06,4.2521924764610866e-06,-0.0314412150983718,0.0,0.2576029346220602,1.721729239600971,1.8221080878539424,0.2576029346220602
113.0,0.0,0.0,-0.18226923872888975,-1.85860620902596,-2.6034502166705527,-36.45384774577795,3.0,0.0,-2.701937166064829,-0.1,0.0,False,0.00540980658813329,0.18226923872888975,0.27049147958360814,0.04252192476461086,4.252192476461086e-06,4.2521924764610866e-06,-0.036454467778249906,0.0,-0.9863394172066958,0.7448440076445926,0.843330957038869,0.9863394172066958
114.0,0.0,0.0,-0.0772762255444038,-2.505885654547498,-2.4350180267274473,-15.45524510888076,3.0,0.0,-2.6949979313024404,0.27,0.0,False,0.005354158851344192,0.0772762255444038,0.2677090809129088,0.04252192476461086,4.252192476461086e-06,4.2521924764610866e-06,-0.015455507982470853,0.0,-0.647279445521538,-0.07086762782005085,0.18911227675494224,0.647279445521538
115.0,0.0,0.0,-0.011920669227561314,-2.8667003224198786,-2.5891963095846937,-2.3841338455122627,3.0,0.0,-2.6313848941392406,-0.08,0.0,False,0.005421362865911531,0.01200129862830111,0.271069295929496,0.04252192476461086,4.252192476461086e-06,4.2521924764610866e-06,-0.002384174396523833,0.0,-0.3608146678723805,-0.2775040128351849,-0.235315428280638,0.3608146678723805
116.0,0.0,0.0,0.020673428059277774,-2.3291269967799173,-2.5798217502869925,4.134685611855555,3.0,0.0,-2.625094881272111,0.0,0.0,False,0.00546458956333962,0.020673428059277774,0.2732306399913124,0.04252192476461086,4.252192476461086e-06,4.2521924764610866e-06,0.004134755937472718,0.0,0.5375733256399613,0.25069475350707515,0.2959678844921938,0.5375733256399613
117.0,0.0,0.0,-0.03517797096511218,-2.4546634735255943,-2.5813376548031197,-7.035594193022436,3.0,0.0,-2.6599616464573383,-0.01,0.0,False,0.0055969030338571014,0.03517797096511218,0.27984634164830363,0.04252192476461086,4.252192476461086e-06,4.2521924764610866e-06,-0.007035713859316366,0.0,-0.12553647674567703,0.1266741812775254,0.20529817293174402,0.12553647674567703
118.0,0.0,0.0,-0.026230567228267505,-1.9652073740774019,-2.733348428593685,-5.246113445653501,3.0,0.0,-2.6809141856062126,0.0,0.0,False,0.005842082812661282,0.026230567228267505,0.2921053827160932,0.04252192476461086,4.252192476461086e-06,4.2521924764610866e-06,-0.0052462026752105725,0.0,0.48945609944819246,0.768141054516283,0.7157068115288108,0.48945609944819246
119.0,0.0,0.0,-0.07985046590062814,-2.2315869068686753,-2.6927509761571558,-15.970093180125627,3.0,0.0,-2.7169747226793004,0.01,0.0,False,0.005706876054686574,0.07985046590062812,0.28534501607109986,0.04252192476461086,4.252192476461086e-06,4.2521924764610866e-06,-0.01597036481061086,0.0,-0.26637953279127347,0.4611640692884804,0.48538781581062507,0.26637953279127347
120.0,0.0,0.0,-0.05829121225928352,-2.1186012324113035,-2.736182871065288,-11.658242451856704,3.0,0.0,-2.7637290100611995,0.02,0.0,False,0.005293352638970908,0.05829121225928352,0.26466875736625867,0.04252192476461086,4.252192476461086e-06,4.2521924764610866e-06,-0.011658440743376892,0.0,0.11298567445737184,0.6175816386539843,0.645127777649896,0.11298567445737184
121.0,0.0,0.0,-0.06589885254776337,-2.3314235648705455,-2.6103959815673368,-13.179770509552673,3.0,0.0,-2.814511422734221,0.01,0.0,False,0.0053511297926964446,0.06589885254776337,0.26755762733651445,0.04252192476461086,4.252192476461086e-06,4.2521924764610866e-06,-0.013179994680283453,0.0,-0.21282233245924198,0.2789724166967913,0.4830878578636755,0.21282233245924198
122.0,0.0,0.0,-0.04428854602050374,-2.4248012819367877,-2.582829940518402,-8.857709204100749,3.0,0.0,-2.777603768619187,0.1,0.0,False,0.005229218916473459,0.04428854602050375,0.2614620576059396,0.04252192476461086,4.252192476461086e-06,4.2521924764610866e-06,-0.00885785986219786,0.0,-0.0933777170662422,0.1580286585816144,0.35280248668239933,0.0933777170662422
123.0,0.0,0.0,-0.02705528236800143,-2.4645673161964874,-2.351094708666631,-5.411056473600286,3.0,0.0,-2.7743184412466917,0.37,0.0,False,0.004960064293962992,0.027055282368001428,0.24800426925555322,0.04252192476461086,4.252192476461086e-06,4.2521924764610866e-06,-0.005411148508623438,0.0,-0.03976603425969971,-0.11347260752985644,0.3097511250502043,0.03976603425969971
124.0,0.0,0.0,-0.016971261743874446,-2.444905195719214,-2.3465294767205997,-3.3942523487748892,3.0,0.0,-2.6953598578302085,0.35,0.0,False,0.005006602351362996,0.016971261743874443,0.25033118201999227,0.04252192476461086,4.252192476461086e-06,4.2521924764610866e-06,-0.003394310080586602,0.0,0.019662120477273337,-0.0983757189986143,0.25045466211099443,0.019662120477273337
125.0,0.0,0.0,-0.01045619264762163,-1.972193734189795,-2.383316152514706,-2.091238529524326,3.0,0.0,-2.634283541888807,0.25,0.0,False,0.005518837196225527,0.010560787189593017,0.2759430331691765,0.04252192476461086,4.252192476461086e-06,4.2521924764610866e-06,-0.002091274098768044,0.0,0.472711461529419,0.4111224183249109,0.662089807699012,0.472711461529419
126.0,0.0,0.0,-0.05752963588688759,-2.533428234942956,-2.320738881799026,-11.505927177377517,3.0,0.0,-2.5494693452826156,0.02,0.0,False,0.005182800023604556,0.05752963588688759,0.2591411030933911,0.04252192476461086,4.252192476461086e-06,4.2521924764610866e-06,-0.011506122878213261,0.0,-0.561234500753161,-0.21268935314392978,0.016041110339659603,0.561234500753161
127.0,0.0,0.0,0.0034420418108609533,-2.0723089836831385,-2.4405528126474962,0.6884083621721907,3.0,0.0,-2.547502324412915,0.09,0.0,False,0.005205688368399579,0.004920406044294052,0.26028552519942466,0.04252192476461086,4.252192476461086e-06,4.2521924764610866e-06,0.0006884200711018348,0.0,0.46111925125981745,0.3682438289643577,0.47519334072977637,0.46111925125981745
128.0,0.0,0.0,-0.04394506249762037,-2.734458786026627,-2.3968438954713536,-8.789012499524073,3.0,0.0,-2.499007085023132,-0.03,0.0,False,0.005430408630197387,0.04394506249762037,0.2715215860670053,0.04252192476461086,4.252192476461086e-06,4.2521924764610866e-06,-0.00878916198917971,0.0,-0.6621498023434884,-0.3376148905552734,-0.2354517010034951,0.6621498023434884
129.0,0.0,0.0,0.018992353001658413,-1.654391404230557,-2.535264408667704,3.7984706003316826,3.0,0.0,-2.5117689518025483,0.02,0.0,False,0.005466272594309493,0.01899235300165841,0.2733147918976346,0.04252192476461086,4.252192476461086e-06,4.2521924764610866e-06,0.0037985352073693925,0.0,1.08006738179607,0.8808730044371469,0.8573775475719914,1.08006738179607
130.0,0.0,0.0,-0.09249977513631467,-1.4789931786348933,-2.507893428471044,-18.499955027262935,3.0,0.0,-2.5445312180530157,0.03,0.0,False,0.00497642855700523,0.09249977513631467,0.24882248588686498,0.04252192476461086,4.252192476461086e-06,4.2521924764610866e-06,-0.018500269687403252,0.0,0.17539822559566365,1.0289002498361508,1.0655380394181224,0.17539822559566365
131.0,0.0,0.0,-0.11170761520951805,-1.6921108306064592,-2.4831377155883683,-22.34152304190361,3.0,0.0,-2.579408821936098,0.06,0.0,False,0.004693565484236463,0.11170761520951807,0.23467927210901512,0.04252192476461086,4.252192476461086e-06,4.2521924764610866e-06,-0.02234190304211252,0.0,-0.21311765197156585,0.7910268849819091,0.887297991329639,0.21311765197156585
132.0,0.0,0.0,-0.09044593040980944,-1.6810611165883975,-2.5311591902321253,-18.089186081961888,3.0,0.0,-2.596093080844121,0.04,0.0,False,0.0047406755565004635,0.09044593040980942,0.23703478573826986,0.04252192476461086,4.252192476461086e-06,4.2521924764610866e-06,-0.018089493755457434,0.0,0.011049714018061652,0.8500980736437278,0.9150319642557234,0.011049714018061652
133.0,0.0,0.0,-0.09379076776923138,-2.087268308057277,-2.682107324857853,-18.758153553846277,3.0,0.0,-2.5965893643797933,-0.03,0.0,False,0.00504398540535441,0.09379076776923138,0.25220034266756003,0.04252192476461086,4.252192476461086e-06,4.2521924764610866e-06,-0.018758472605607247,0.0,-0.4062071914688794,0.5948390168005759,0.5093210563225163,0.4062071914688794
134.0,0.0,0.0,-0.05441233584905805,-2.6254602636057056,-2.740561007840346,-10.88246716981161,3.0,0.0,-2.618988735100564,0.1,0.0,False,0.005113990478415894,0.05441233584905805,0.2557006112043865,0.04252192476461086,4.252192476461086e-06,4.2521924764610866e-06,-0.010882652266404634,0.0,-0.5381919555484287,0.11510074423464056,-0.006471528505141766,0.5381919555484287
135.0,0.0,0.0,-0.0008651192257158717,-2.783599592852309,-2.714056467303086,-0.17302384514317434,3.0,0.0,-2.6314032351341132,-0.15,0.0,False,0.005194634458094984,0.004334563807200323,0.25973282733402714,0.04252192476461086,4.252192476461086e-06,4.2521924764610866e-06,-0.00017302678805343062,0.0,-0.15813932924660357,-0.06954312554922337,-0.15219635771819595,0.15813932924660357
136.0,0.0,0.0,0.007244870828584774,-2.4950230461229332,-2.8612979710331494,1.4489741657169548,3.0,0.0,-2.6341116397955373,0.22,0.0,False,0.005351538867507479,0.0077684470622969085,0.26757808116403947,0.04252192476461086,4.252192476461086e-06,4.2521924764610866e-06,0.0014489988108803418,0.0,0.28857654672937594,0.3662749249102162,0.13908859367260407,0.28857654672937594
137.0,0.0,0.0,-0.027124511271847885,-1.1990471424358813,-2.9747331036499696,-5.424902254369577,3.0,0.0,-2.7111493442372,0.35,0.0,False,0.00537775376338185,0.027124511271847885,0.26888883153129706,0.04252192476461086,4.252192476461086e-06,4.2521924764610866e-06,-0.005424994524891427,0.0,1.295975903687052,1.7756859612140883,1.5121022018013186,1.295975903687052
138.0,0.0,0.0,-0.1594415628569778,-0.7614618049681126,-2.8408299842964047,-31.888312571395563,3.0,0.0,-2.7662739257735494,0.01,0.0,False,0.005554254523937627,0.15944156285697783,0.2777139070848462,0.04252192476461086,4.252192476461086e-06,4.2521924764610866e-06,-0.03188885495006045,0.0,0.43758533746776873,2.0793681793282923,2.004812120805437,0.43758533746776873
139.0,0.0,0.0,-0.20149515413796681,-0.23493032115191126,-2.831195877160345,-40.29903082759336,3.0,0.0,-2.793496669816358,0.06,0.0,False,0.005121898114535978,0.2014951541379668,0.25609599469163025,0.04252192476461086,4.252192476461086e-06,4.2521924764610866e-06,-0.0402997162616215,0.0,0.5265314838162013,2.596265556008434,2.558566348664447,0.5265314838162013
140.0,0.0,0.0,-0.25387671967476316,-0.6242156967910497,-2.768206672785033,-50.77534393495263,3.0,0.0,-2.776456186156702,-0.11,0.0,False,0.005458110914280429,0.25387671967476316,0.27290670616092966,0.04252192476461086,4.252192476461086e-06,4.2521924764610866e-06,-0.050776207557422175,0.0,-0.38928537563913845,2.1439909759939835,2.1522404893656524,0.38928537563913845
141.0,0.0,0.0,-0.22333130274795188,-0.7268887597020215,-2.8910590756180783,-44.666260549590376,3.0,0.0,-2.773751494533408,0.13,0.0,False,0.005213092192908195,0.22333130274795188,0.2606557179989798,0.04252192476461086,4.252192476461086e-06,4.2521924764610866e-06,-0.044667020264508125,0.0,-0.10267306291097178,2.164170315916057,2.0468627348313864,0.10267306291097178
142.0,0.0,0.0,-0.2094920690866687,-0.7702247765744318,-2.8262406662865085,-41.89841381733374,3.0,0.0,-2.857576206654831,0.06,0.0,False,0.005255636029949049,0.20949206908666873,0.26278291889625166,0.04252192476461086,4.252192476461086e-06,4.2521924764610866e-06,-0.04189912645478347,0.0,-0.04333601687241029,2.056015889712077,2.0873514300803993,0.04333601687241029
143.0,0.0,0.0,-0.20331378594313004,0.41947100426897554,-2.6343911800307858,-40.66275718862601,3.0,0.0,-2.821853990598709,0.05,0.0,False,0.005011816227910494,0.20331378594313002,0.2505918769558876,0.04252192476461086,4.252192476461086e-06,4.2521924764610866e-06,-0.04066344880916583,0.0,1.1896957808434072,3.0538621842997613,3.2413249948676843,1.1896957808434072
144.0,0.0,0.0,-0.3198622210706031,1.0483959657059412,-2.626344476004136,-63.972444214120614,3.0,0.0,-2.8034058624732774,0.03,0.0,False,0.005206738504391695,0.3198622210706031,0.26033803222229945,0.04252192476461086,4.252192476461086e-06,4.2521924764610866e-06,-0.06397353230207775,0.0,0.6289249614369656,3.6747404417100773,3.8518018281792186,0.6289249614369656
145.0,0.0,0.0,-0.38164865055791386,1.192363322478498,-2.6703572846201937,-76.32973011158278,3.0,0.0,-2.7792192122235484,0.06,0.0,False,0.005242796398239757,0.3816486505579138,0.26214093458095783,0.04252192476461086,4.252192476461086e-06,4.2521924764610866e-06,-0.07633102838087866,0.0,0.1439673567725568,3.8627206070986917,3.9715825347020464,0.1439673567725568
146.0,0.0,0.0,-0.39552725085925744,2.687792406822747,-2.6680727237386033,-79.10545017185149,3.0,0.0,-2.7681716820492217,0.0,0.0,False,0.005319807272189154,0.39552725085925744,0.26599149465168076,0.04252192476461086,4.252192476461086e-06,4.2521924764610866e-06,-0.07910679565253045,0.0,1.495429084344249,5.35586513056135,5.455964088871969,1.495429084344249
147.0,0.0,0.0,-0.5453530794063176,3.197904797359423,-2.7133687184125366,-109.07061588126352,3.0,0.0,-2.7629932790140894,0.04,0.0,False,0.0052001313743475774,0.5453530794063175,0.26000767431535404,0.04252192476461086,4.252192476461086e-06,4.2521924764610866e-06,-0.10907247103038398,0.0,0.5101123905366758,5.91127351577196,5.960898076373512,0.5101123905366758
148.0,0.0,0.0,-0.5981695847015872,3.413821553576904,-2.769496218263128,-119.63391694031743,3.0,0.0,-2.7658543345534854,-0.02,0.0,False,0.005364489603492165,0.5981695847015872,0.2682256207167249,0.04252192476461086,4.252192476461086e-06,4.2521924764610866e-06,-0.11963595175743107,0.0,0.21591675621748108,6.1833177718400325,6.179675888130389,0.21591675621748108
149.0,0.0,0.0,-0.6230798396868762,4.020521857314751,-2.706264865586013,-124.61596793737523,3.0,0.0,-2.7839182262668287,-0.01,0.0,False,0.00516436652196106,0.6230798396868762,0.2582194240920763,0.04252192476461086,4.252192476461086e-06,4.2521924764610866e-06,-0.1246180874926876,0.0,0.6067003037378473,6.726786722900764,6.80444008358158,0.6067003037378473
150.0,0.0,0.0,-0.6836388092229478,3.6748583481155936,-2.6279363234405415,-136.72776184458957,3.0,0.0,-2.817109316062178,0.0,0.0,False,0.005046121268680058,0.6836388092229478,0.2523071362879474,0.04252192476461086,4.252192476461086e-06,4.2521924764610866e-06,-0.13673008740574166,0.0,-0.34566350919915756,6.302794671556136,6.491967664177771,0.34566350919915756
151.0,0.0,0.0,-0.6481314499298746,3.0836449592371364,-2.69127182230192,-129.62628998597492,3.0,0.0,-2.816011583104779,-0.05,0.0,False,0.005118728526860978,0.6481314499298746,0.25593751463399556,0.04252192476461086,4.252192476461086e-06,4.2521924764610866e-06,-0.1296284947603398,0.0,-0.5912133888784572,5.774916781539057,5.899656542341916,0.5912133888784572
152.0,0.0,0.0,-0.5877289881947712,3.1240209410890776,-2.671419987477164,-117.54579763895423,3.0,0.0,-2.8065939501669033,0.0,0.0,False,0.005014093329516791,0.5877289881947712,0.250705732520336,0.04252192476461086,4.252192476461086e-06,4.2521924764610866e-06,-0.11754779693987816,0.0,0.040375981851941134,5.795440928566242,5.930614891255981,0.040375981851941134
153.0,0.0,0.0,-0.5915752448702665,3.3463155831769584,-2.607568441955072,-118.3150489740533,3.0,0.0,-2.7937698795496595,0.02,0.0,False,0.0052939370159760185,0.5915752448702665,0.2646979763407584,0.04252192476461086,4.252192476461086e-06,4.2521924764610866e-06,-0.11831706135894055,0.0,0.22229464208788086,5.95388402513203,6.140085462726618,0.22229464208788086
154.0,0.0,0.0,-0.6160696509881859,2.5162756186570463,-2.748292772138073,-123.21393019763718,3.0,0.0,-2.791857282203856,-0.06,0.0,False,0.005497138388667279,0.6160696509881859,0.2748580881778887,0.04252192476461086,4.252192476461086e-06,4.2521924764610866e-06,-0.12321602590611365,0.0,-0.8300399645199121,5.2645683907951195,5.308132900860903,0.8300399645199121
155.0,0.0,0.0,-0.5345090635383769,2.4749960790721097,-2.755391669630453,-106.90181270767539,3.0,0.0,-2.8145119090416397,-0.07,0.0,False,0.005597105838095711,0.5345090635383769,0.27985648190335216,0.04252192476461086,4.252192476461086e-06,4.2521924764610866e-06,-0.10690363096827857,0.0,-0.041279539584936575,5.2303877487025625,5.2895079881137494,0.041279539584936575
156.0,0.0,0.0,-0.5338961445138942,2.1993106057143774,-2.8477498514985125,-106.77922890277885,3.0,0.0,-2.8289286584976465,0.06,0.0,False,0.005517959404185392,0.5338961445138942,0.2758991433805428,0.04252192476461086,4.252192476461086e-06,4.2521924764610866e-06,-0.10678104507839116,0.0,-0.2756854733577323,5.04706045721289,5.028239264212024,0.2756854733577323
157.0,0.0,0.0,-0.5114712219425944,2.260716923290237,-3.026081251791222,-102.29424438851888,3.0,0.0,-2.864078877525273,0.19,0.0,False,0.005417761300286469,0.5114712219425944,0.2708892168825155,0.04252192476461086,4.252192476461086e-06,4.2521924764610866e-06,-0.10229598428038593,0.0,0.06140631757585968,5.28679817508146,5.124795800815511,0.06140631757585968
158.0,0.0,0.0,-0.5218192075708863,2.222805740193741,-3.0235445241600383,-104.36384151417725,3.0,0.0,-2.915510357415654,0.06,0.0,False,0.005449058648425869,0.5218192075708863,0.2724540909436028,0.04252192476461086,4.252192476461086e-06,4.2521924764610866e-06,-0.10436561660719593,0.0,-0.03791118309649599,5.246350264353779,5.138316097609395,0.03791118309649599
159.0,0.0,0.0,-0.5186338695291579,1.844038538565823,-2.8072961645933483,-103.72677390583158,3.0,0.0,-2.9575860962040452,0.03,0.0,False,0.005443882410960512,0.5186338695291579,0.272195277969817,0.04252192476461086,4.252192476461086e-06,4.2521924764610866e-06,-0.10372853816315997,0.0,-0.3787672016279182,4.651334703159171,4.801624634769868,0.3787672016279182
160.0,0.0,0.0,-0.48021877413477226,2.0940960848743,-2.8077763994531852,-96.04375482695445,3.0,0.0,-2.9636432216497353,0.05,0.0,False,0.005381856413814021,0.48021877413477226,0.2690939649251687,0.04252192476461086,4.252192476461086e-06,4.2521924764610866e-06,-0.09604538840613483,0.0,0.2500575463084771,4.901872484327486,5.057739306524035,0.2500575463084771
161.0,0.0,0.0,-0.5012535230851677,1.3934179348639062,-2.835106724215789,-100.25070461703353,3.0,0.0,-2.9582513019148164,0.02,0.0,False,0.005075417554761883,0.5012535230851677,0.2537719568207111,0.04252192476461086,4.252192476461086e-06,4.2521924764610866e-06,-0.10025240975095062,0.0,-0.7006781500103938,4.228524659079695,4.351669236778722,0.7006781500103938
162.0,0.0,0.0,-0.42612427971069944,1.5768246011688973,-2.89080710943533,-85.22485594213988,3.0,0.0,-2.9185457173003546,0.11,0.0,False,0.005017730528432147,0.4261242797106993,0.25088759323940746,0.04252192476461086,4.252192476461086e-06,4.2521924764610866e-06,-0.08522630550594096,0.0,0.18340666630499114,4.467631710604227,4.495370318469252,0.18340666630499114
163.0,0.0,0.0,-0.44342491748213625,1.0631194815896998,-2.8343142668655585,-88.68498349642725,3.0,0.0,-2.8679154603658943,-0.07,0.0,False,0.005060579197259196,0.4434249174821363,0.2530300357907992,0.04252192476461086,4.252192476461086e-06,4.2521924764610866e-06,-0.08868649191249149,0.0,-0.5137051195791975,3.897433748455258,3.931034941955594,0.5137051195791975
164.0,0.0,0.0,-0.39447281771590076,1.1031960954452162,-2.9766220479597814,-78.89456354318015,3.0,0.0,-2.8575188500573603,0.11,0.0,False,0.0049408152528937575,0.39447281771590087,0.24704181310956008,0.04252192476461086,4.252192476461086e-06,4.2521924764610866e-06,-0.07889590543695223,0.0,0.04007661385551642,4.079818143404998,3.9607149455025765,0.04007661385551642
165.0,0.0,0.0,-0.40399776520813807,-0.16971581134906932,-3.0774736312421704,-80.79955304162762,3.0,0.0,-2.881692564286687,0.18,0.0,False,0.0051563621110917775,0.403997765208138,0.2578192018467975,0.04252192476461086,4.252192476461086e-06,4.2521924764610866e-06,-0.08080092733678995,0.0,-1.2729119067942856,2.907757819893101,2.7119767529376175,1.2729119067942856
166.0,0.0,0.0,-0.2807320460726665,-0.7205284885816583,-3.159887133672444,-56.1464092145333,3.0,0.0,-2.9368674504490464,0.04,0.0,False,0.005192249104171769,0.2807320460726665,0.2596135591307172,0.04252192476461086,4.252192476461086e-06,4.2521924764610866e-06,-0.05614736419182787,0.0,-0.550812677232589,2.4393586450907856,2.216338961867388,0.550812677232589
167.0,0.0,0.0,-0.23453755817345165,-1.0396295785083522,-3.2606369199112097,-46.90751163469033,3.0,0.0,-2.977095958410442,0.23,0.0,False,0.005093795282454648,0.23453755817345162,0.2546908471126311,0.04252192476461086,4.252192476461086e-06,4.2521924764610866e-06,-0.04690830947036998,0.0,-0.31910108992669395,2.2210073414028573,1.9374663799020897,0.31910108992669395
168.0,0.0,0.0,-0.21198896306672094,-1.1260033986054103,-3.33259921932361,-42.39779261334419,3.0,0.0,-3.0659539352581877,0.29,0.0,False,0.0052329361931696215,0.2119889630667209,0.2616479222310766,0.04252192476461086,4.252192476461086e-06,4.2521924764610866e-06,-0.042398513744576836,0.0,-0.08637382009705807,2.2065958207181997,1.9399505366527774,0.08637382009705807
169.0,0.0,0.0,-0.20653450403497492,-0.976824808899656,-3.255770621212219,-41.30690080699498,3.0,0.0,-3.1595642800692514,0.01,0.0,False,0.004920676565085865,0.20653450403497495,0.24603487443748667,0.04252192476461086,4.252192476461086e-06,4.2521924764610866e-06,-0.041307603383578806,0.0,0.14917858970575437,2.278945812312563,2.1827394711695955,0.14917858970575437
170.0,0.0,0.0,-0.2302685093098099,-1.2184808479329252,-3.3888934882133057,-46.05370186196198,3.0,0.0,-3.191392350178367,0.23,0.0,False,0.004796168566305106,0.2302685093098099,0.23980944802684992,0.04252192476461086,4.252192476461086e-06,4.2521924764610866e-06,-0.04605448517544943,0.0,-0.24165603903326927,2.1704126402803805,1.972911502245442,0.24165603903326927
171.0,0.0,0.0,-0.20990477296694907,-2.279009524073575,-3.326408272362462,-41.98095459338981,3.0,0.0,-3.2795588592988953,0.02,0.0,False,0.005132416084490075,0.20990477296694907,0.2566218954255568,0.04252192476461086,4.252192476461086e-06,4.2521924764610866e-06,-0.04198166863475064,0.0,-1.0605286761406498,1.0473987482888871,1.0005493352253203,1.0605286761406498
172.0,0.0,0.0,-0.11006996221627025,-2.4152859408093335,-3.5131324307862237,-22.01399244325405,3.0,0.0,-3.317573205377233,0.13,0.0,False,0.005009991352582462,0.11006996221627025,0.25050063280149987,0.04252192476461086,4.252192476461086e-06,4.2521924764610866e-06,-0.02201436687259406,0.0,-0.1362764167357584,1.0978464899768903,0.9022872645678994,0.1362764167357584
173.0,0.0,0.0,-0.10073496971880276,-1.8742307374284242,-3.537599903441125,-20.146993943760553,3.0,0.0,-3.379732548169537,0.02,0.0,False,0.004980621343812667,0.10073496971880276,0.24903212611866357,0.04252192476461086,4.252192476461086e-06,4.2521924764610866e-06,-0.0201473366178877,0.0,0.5410552033809093,1.663369166012701,1.505501810741113,0.5410552033809093
174.0,0.0,0.0,-0.16026170341943285,-2.052371378518719,-3.642954033894559,-32.05234068388657,3.0,0.0,-3.4226570552213773,0.09,0.0,False,0.005064212494900267,0.16026170341943285,0.2532117014453268,0.04252192476461086,4.252192476461086e-06,4.2521924764610866e-06,-0.03205288585245602,0.0,-0.17814064109029482,1.5905826553758402,1.3702856767026583,0.17814064109029482
175.0,0.0,0.0,-0.1459512167010181,-2.4999197906987725,-3.6333553286418647,-29.190243340203622,3.0,0.0,-3.4768818448032284,0.08,0.0,False,0.004812836937037273,0.1459512167010181,0.2406428701073144,0.04252192476461086,4.252192476461086e-06,4.2521924764610866e-06,-0.029190739828224902,0.0,-0.4475484121800535,1.1334355379430923,0.9769620541044559,0.4475484121800535
176.0,0.0,0.0,-0.1034330836993779,-2.739103610889054,-3.590428716966363,-20.68661673987558,3.0,0.0,-3.511914576162178,-0.02,0.0,False,0.004793073261052565,0.10343308369937791,0.2396546821061312,0.04252192476461086,4.252192476461086e-06,4.2521924764610866e-06,-0.020686968592283674,0.0,-0.23918382019028162,0.8513251060773088,0.7728109652731239,0.23918382019028162
177.0,0.0,0.0,-0.08627780053133932,-2.7630903258302015,-3.6839947049068518,-17.255560106267865,3.0,0.0,-3.5342726185615665,0.23,0.0,False,0.004908395959651271,0.08627780053133932,0.24542084155478205,0.04252192476461086,4.252192476461086e-06,4.2521924764610866e-06,-0.0172558536008713,0.0,-0.023986714941147458,0.9209043790766502,0.771182292731365,0.023986714941147458
178.0,0.0,0.0,-0.08879034684750393,-2.529755085828226,-3.6417465525316723,-17.758069369500788,3.0,0.0,-3.601899959693162,-0.04,0.0,False,0.005105114940206525,0.08879034684750393,0.2552568324068932,0.04252192476461086,4.252192476461086e-06,4.2521924764610866e-06,-0.01775837141113231,0.0,0.23333524000197547,1.1119914667034463,1.0721448738649357,0.23333524000197547
179.0,0.0,0.0,-0.11659395477617761,-2.7252314824355786,-3.703136355934532,-23.31879095523552,3.0,0.0,-3.6510126719874822,0.03,0.0,False,0.005299217243381889,0.11659395477617761,0.264961988833679,0.04252192476461086,4.252192476461086e-06,4.2521924764610866e-06,-0.023319187577498825,0.0,-0.1954763966073525,0.9779048734989533,0.9257811895519037,0.1954763966073525
180.0,0.0,0.0,-0.0977580884816712,-2.6463713439267877,-3.676476447007613,-19.55161769633424,3.0,0.0,-3.6957194225868655,-0.02,0.0,False,0.005335282491152706,0.0977580884816712,0.26676525889003866,0.04252192476461086,4.252192476461086e-06,4.2521924764610866e-06,-0.01955195024388685,0.0,0.07886013850879081,1.030105103080825,1.0493480786600777,0.07886013850879081
181.0,0.0,0.0,-0.1088368124048597,-3.333727610214515,-3.5480587867576916,-21.76736248097194,3.0,0.0,-3.7028331515627078,-0.06,0.0,False,0.005188119653771796,0.1088368124048597,0.25940708573275767,0.04252192476461086,4.252192476461086e-06,4.2521924764610866e-06,-0.02176773271545751,0.0,-0.6873562662877273,0.21433117654317657,0.36910554134819273,0.6873562662877273
182.0,0.0,0.0,-0.036155128408012174,-4.018278265485299,-3.7268343949067617,-7.231025681602435,3.0,0.0,-3.7347626077291274,-0.09,0.0,False,0.005225276054851588,0.036155128408012174,0.26126491368655574,0.04252192476461086,4.252192476461086e-06,4.2521924764610866e-06,-0.007231148671931451,0.0,-0.6845506552707841,-0.2914438705785374,-0.2835156577561717,0.6845506552707841
183.0,0.0,0.0,0.030384667553289457,-3.7211537460416095,-3.5063386697229286,6.0769335106578914,3.0,0.0,-3.695286581222886,0.06,0.0,False,0.004635755597101726,0.030384667553289457,0.23178876546133984,0.04252192476461086,4.252192476461086e-06,4.2521924764610866e-06,0.006077036871382192,0.0,0.29712451944368956,-0.2148150763186809,-0.02586716481872342,0.29712451944368956
184.0,0.0,0.0,0.0021916665338289204,-4.077266256268149,-3.569302020549843,0.4383333067657841,3.0,0.0,-3.7144251298796664,-0.03,0.0,False,0.004806357445369174,0.004122080007309802,0.24031889414630708,0.04252192476461086,4.252192476461086e-06,4.2521924764610866e-06,0.00043834076224443837,0.0,-0.3561125102265392,-0.5079642357183056,-0.3628411263884823,0.3561125102265392
185.0,0.0,0.0,0.03741496390445925,-4.812076898455711,-3.5402885643121476,7.48299278089185,3.0,0.0,-3.6992366147339233,0.01,0.0,False,0.00479350781505871,0.03741496390445925,0.23967640989882882,0.04252192476461086,4.252192476461086e-06,4.2521924764610866e-06,0.00748312005685306,0.0,-0.7348106421875622,-1.2717883341435634,-1.1128402837217877,0.7348106421875622
186.0,0.0,0.0,0.11055915315851783,-4.089605300460022,-3.6112930621621286,22.111830631703565,3.0,0.0,-3.7031086624421556,-0.03,0.0,False,0.004867386422351293,0.11055915315851784,0.24337035597076087,0.04252192476461086,4.252192476461086e-06,4.2521924764610866e-06,0.022112206725143736,0.0,0.722471597995689,-0.47831223829789327,-0.38649663801786627,0.722471597995689
187.0,0.0,0.0,0.04382433915270847,-4.327918409679438,-3.3636623089773736,8.764867830541693,3.0,0.0,-3.7064618609305704,0.16,0.0,False,0.005097619537004048,0.04382433915270847,0.25488206065317454,0.04252192476461086,4.252192476461086e-06,4.2521924764610866e-06,0.008765016909527959,0.0,-0.2383131092194164,-0.9642561007020647,-0.6214565487488679,0.2383131092194164
188.0,0.0,0.0,0.07010282518290753,-4.000176139964671,-3.3722681251462747,14.020565036581505,3.0,0.0,-3.651352591456676,0.1,0.0,False,0.005198146959851085,0.07010282518290753,0.2599084531686239,0.04252192476461086,4.252192476461086e-06,4.2521924764610866e-06,0.014020803508132123,0.0,0.3277422697147676,-0.627908014818396,-0.3488235485079949,0.3277422697147676
189.0,0.0,0.0,0.03936558863290732,-3.3140474936951887,-3.3545767835932736,7.873117726581463,3.0,0.0,-3.626875253315073,0.08,0.0,False,0.004840092491988123,0.03936558863290732,0.24200565364965007,0.04252192476461086,4.252192476461086e-06,4.2521924764610866e-06,0.007873251638059893,0.0,0.686128646269482,0.04052928989808491,0.3128277596198843,0.686128646269482
190.0,0.0,0.0,-0.02422930748518036,-3.181422553188675,-3.2229380329324697,-4.845861497036072,3.0,0.0,-3.606511884132607,0.24,0.0,False,0.004496115644410754,0.02422930748518036,0.22480673813799348,0.04252192476461086,4.252192476461086e-06,4.2521924764610866e-06,-0.004845943918828793,0.0,0.13262494050651386,0.04151547974379488,0.4250893309439321,0.13262494050651386
191.0,0.0,0.0,-0.029976198565329404,-3.15361193594859,-3.1273739504563913,-5.995239713065881,3.0,0.0,-3.556345719930942,0.31,0.0,False,0.004935250225478627,0.029976198565329404,0.24676356055562523,0.04252192476461086,4.252192476461086e-06,4.2521924764610866e-06,-0.005995341684285084,0.0,0.027810617240084934,-0.02623798549219858,0.40273378398235193,0.027810617240084934
192.0,0.0,0.0,-0.02526665056923465,-3.1198504306222326,-3.090973929182792,-5.05333011384693,3.0,0.0,-3.4811909120702693,0.36,0.0,False,0.004765511069505053,0.025266650569234654,0.23827656666876842,0.04252192476461086,4.252192476461086e-06,4.2521924764610866e-06,-0.005053416064410612,0.0,0.033761505326357355,-0.02887650143944054,0.36134048144803677,0.033761505326357355
193.0,0.0,0.0,-0.021910128074991132,-2.827189629866431,-3.1290350546017263,-4.382025614998226,3.0,0.0,-3.406283813574009,0.23,0.0,False,0.004940025825744281,0.021910128074991132,0.2470023415842465,0.04252192476461086,4.252192476461086e-06,4.2521924764610866e-06,-0.004382100147546703,0.0,0.29266080075580136,0.3018454247352951,0.5790941837075776,0.29266080075580136
194.0,0.0,0.0,-0.05322504041332603,-2.9300339697381936,-3.2158696612827864,-10.645008082665205,3.0,0.0,-3.3389563696762314,-0.07,0.0,False,0.00491420086603807,0.05322504041332603,0.24571108810830097,0.04252192476461086,4.252192476461086e-06,4.2521924764610866e-06,-0.010645189140388428,0.0,-0.10284433987176245,0.28583569154459276,0.4089223999380378,0.10284433987176245
195.0,0.0,0.0,-0.04427005683880903,-3.32588129225774,-3.2685373122368984,-8.854011367761807,3.0,0.0,-3.359451350155511,-0.04,0.0,False,0.005116420422132947,0.04427005683880903,0.2558221089068686,0.04252192476461086,4.252192476461086e-06,4.2521924764610866e-06,-0.008854161962963536,0.0,-0.39584732251954646,-0.057343980020841734,0.03357005789777112,0.39584732251954646
196.0,0.0,0.0,-0.003448525850878788,-3.580997806298601,-3.3760303207663274,-0.6897051701757576,3.0,0.0,-3.3727439503664147,-0.07,0.0,False,0.005328151187662067,0.005066669959833359,0.266408692199323,0.04252192476461086,4.252192476461086e-06,4.2521924764610866e-06,-0.000689716901162417,0.0,-0.2551165140408611,-0.20496748553227384,-0.20825385593218648,0.2551165140408611
197.0,0.0,0.0,0.014315702283791563,-3.583483953242134,-3.5516652330098073,2.8631404567583125,3.0,0.0,-3.360367283956312,0.19,0.0,False,0.005513289969908499,0.014332078970429263,0.27566567067393144,0.04252192476461086,4.252192476461086e-06,4.2521924764610866e-06,0.0028631891550484727,0.0,-0.0024861469435326633,-0.03181872023232657,-0.22311666928582197,0.0024861469435326633
198.0,0.0,0.0,0.012820017625761439,-3.1101176079621236,-3.6863610034377374,2.564003525152288,3.0,0.0,-3.4378377398046087,0.09,0.0,False,0.005454444724013556,0.01288720720937691,0.27272339586811867,0.04252192476461086,4.252192476461086e-06,4.2521924764610866e-06,0.0025640471355128434,0.0,0.4733663452800103,0.5762433954756139,0.32772013184248516,0.4733663452800103
199.0,0.0,0.0,-0.04545247519886812,-3.2670437432561092,-3.8601602211199504,-9.090495039773625,3.0,0.0,-3.4552810513253944,0.28,0.0,False,0.005906543321501579,0.04545247519886812,0.2953284218630326,0.04252192476461086,4.252192476461086e-06,4.2521924764610866e-06,-0.009090649657254616,0.0,-0.1569261352939857,0.5931164778638411,0.18823730806928518,0.1569261352939857
200.0,0.0,0.0,-0.04122463355917606,-4.167408768912211,-4.022359981568477,-8.244926711835213,3.0,0.0,-3.564652023584458,0.44,0.0,False,0.006022856697154836,0.04122463355917607,0.30114411537503843,0.04252192476461086,4.252192476461086e-06,4.2521924764610866e-06,-0.00824506694730023,0.0,-0.900365025656102,-0.14504878734373428,-0.6027567453277531,0.900365025656102
201.0,0.0,0.0,0.04195528008935489,-3.7715374481831785,-4.079315663120346,8.391056017870978,3.0,0.0,-3.6792988436017025,0.28,0.0,False,0.00571956532438798,0.04195528008935489,0.285979482254031,0.04252192476461086,4.252192476461086e-06,4.2521924764610866e-06,0.00839119873880517,0.0,0.39587132072903275,0.30777821493716795,-0.09223860458147604,0.39587132072903275
202.0,0.0,0.0,-0.009829402518950644,-3.492211114908132,-4.187556897369978,-1.9658805037901288,3.0,0.0,-3.7478470479223454,0.41,0.0,False,0.005544970272992449,0.009903049759903845,0.2772496925636662,0.04252192476461086,4.252192476461086e-06,4.2521924764610866e-06,-0.0019659139408570976,0.0,0.2793263332750464,0.6953457824618461,0.2556359330142133,0.2793263332750464
203.0,0.0,0.0,-0.048226217404036265,-2.905201776938652,-4.320252549225692,-9.645243480807252,3.0,0.0,-3.869833563198257,0.43,0.0,False,0.005550876754184811,0.048226217404036265,0.2775450178790591,0.04252192476461086,4.252192476461086e-06,4.2521924764610866e-06,-0.00964540753383671,0.0,0.5870093379694801,1.4150507722870396,0.9646317862596052,0.5870093379694801
204.0,0.0,0.0,-0.11723121676572384,-2.9082578766679155,-4.4179896864947,-23.44624335314477,3.0,0.0,-3.9744835423064346,0.46,0.0,False,0.005058735892366496,0.11723121676572384,0.25293787015425984,0.04252192476461086,4.252192476461086e-06,4.2521924764610866e-06,-0.023446642143207366,0.0,-0.0030560997292634617,1.5097318098267842,1.0662256656385192,0.0030560997292634617
205.0,0.0,0.0,-0.12388567452519178,-3.625722943184612,-4.425807676502314,-24.777134905038356,3.0,0.0,-4.077538869080786,0.33,0.0,False,0.0047394419995250335,0.1238856745251918,0.23697310762723225,0.04252192476461086,4.252192476461086e-06,4.2521924764610866e-06,-0.024777556331832873,0.0,-0.7174650665166964,0.8000847333177026,0.4518159258961738,0.7174650665166964
206.0,0.0,0.0,-0.05801580425992743,-3.391434653031441,-4.459634726737185,-11.603160851985486,3.0,0.0,-4.14714096120649,0.14,0.0,False,0.004989489878006812,0.05801580425992743,0.24947555471390662,0.04252192476461086,4.252192476461086e-06,4.2521924764610866e-06,-0.011603358206639396,0.0,0.23428829015317065,1.0682000737057442,0.7557063081750486,0.23428829015317065
207.0,0.0,0.0,-0.0886719390389387,-3.8774553053720204,-4.49895531899983,-17.73438780778774,3.0,0.0,-4.205893320502205,0.24,0.0,False,0.005079396127309653,0.0886719390389387,0.25397088629398246,0.04252192476461086,4.252192476461086e-06,4.2521924764610866e-06,-0.01773468944662674,0.0,-0.48602065234057923,0.6215000136278093,0.32843801513018445,0.48602065234057923
208.0,0.0,0.0,-0.05137679320644889,-3.8022580040110827,-4.568325931284629,-10.275358641289777,3.0,0.0,-4.27817289592843,0.38,0.0,False,0.004914811612558418,0.05137679320644889,0.24574162556416898,0.04252192476461086,4.252192476461086e-06,4.2521924764610866e-06,-0.010275533411757439,0.0,0.07519730136093772,0.766067927273546,0.47591489191734704,0.07519730136093772
209.0,0.0,0.0,-0.061328658153652196,-3.8552447884336973,-4.553666229227376,-12.26573163073044,3.0,0.0,-4.391234160637185,0.05,0.0,False,0.004570602290373581,0.061328658153652196,0.2285310862727126,0.04252192476461086,4.252192476461086e-06,4.2521924764610866e-06,-0.012265940254850352,0.0,-0.05298678442261462,0.6984214407936791,0.5359893722034879,0.05298678442261462
210.0,0.0,0.0,-0.05774490295128166,-3.5185130380793055,-4.439978062327225,-11.548980590256331,3.0,0.0,-4.4155576246105435,-0.12,0.0,False,0.004947241836372695,0.05774490295128166,0.24736314364986048,0.04252192476461086,4.252192476461086e-06,4.2521924764610866e-06,-0.011549177023374557,0.0,0.33673175035439185,0.9214650242479197,0.897044586531238,0.33673175035439185
211.0,0.0,0.0,-0.08707101363531125,-3.326810572005842,-4.278723349930327,-17.41420272706225,3.0,0.0,-4.432706095068608,0.09,0.0,False,0.004768142043771057,0.08707101363531125,0.23840811594143904,0.04252192476461086,4.252192476461086e-06,4.2521924764610866e-06,-0.017414498919970045,0.0,0.19170246607346364,0.9519127779244849,1.1058955230627658,0.19170246607346364
212.0,0.0,0.0,-0.10613966990346331,-3.1264342775472502,-4.323829569984455,-21.22793398069266,3.0,0.0,-4.389241686567872,0.0,0.0,False,0.004695695373596018,0.10613966990346331,0.2347857670298278,0.04252192476461086,4.252192476461086e-06,4.2521924764610866e-06,-0.021228295040202003,0.0,0.20037629445859162,1.1973952924372049,1.2628074090206218,0.20037629445859162
213.0,0.0,0.0,-0.12699528755723047,-2.768340903669034,-4.413188805718791,-25.399057511446095,3.0,0.0,-4.388229837355765,-0.04,0.0,False,0.004837622451775369,0.12699528755723047,0.24188215111385808,0.04252192476461086,4.252192476461086e-06,4.2521924764610866e-06,-0.025399489516334143,0.0,0.35809337387821616,1.644847902049757,1.619888933686731,0.35809337387821616
214.0,0.0,0.0,-0.1645623540130676,-2.029134940656928,-4.508313007470001,-32.91247080261352,3.0,0.0,-4.396414153539869,-0.01,0.0,False,0.005270675203501326,0.16456235401306762,0.2635348807713385,0.04252192476461086,4.252192476461086e-06,4.2521924764610866e-06,-0.03291303060087603,0.0,0.7392059630121062,2.479178066813073,2.367279212882941,0.7392059630121062
215.0,0.0,0.0,-0.24510781418021893,-1.2122096067212782,-4.610614689643529,-49.021562836043785,3.0,0.0,-4.4139994313398905,0.3,0.0,False,0.005087579329174458,0.24510781418021893,0.25438004812705023,0.04252192476461086,4.252192476461086e-06,4.2521924764610866e-06,-0.049022396628980995,0.0,0.8169253339356497,3.3984050829222507,3.2017898246186123,0.8169253339356497
216.0,0.0,0.0,-0.33335009863819204,-1.207784568351337,-4.5953769226851335,-66.6700197276384,3.0,0.0,-4.4802651947392835,0.11,0.0,False,0.005078017562888937,0.33335009863819204,0.2539019577798506,0.04252192476461086,4.252192476461086e-06,4.2521924764610866e-06,-0.06667115369784166,0.0,0.0044250383699411255,3.3875923543337967,3.2724806263879467,0.0044250383699411255
217.0,0.0,0.0,-0.3379665182709218,-1.1271553892335018,-4.741393329930511,-67.59330365418435,3.0,0.0,-4.545781466542268,0.13,0.0,False,0.005065293424565785,0.3379665182709218,0.2532657481584187,0.04252192476461086,4.252192476461086e-06,4.2521924764610866e-06,-0.0675944533282447,0.0,0.08062917911783529,3.6142379406970093,3.418626077308766,0.08062917911783529
218.0,0.0,0.0,-0.3518001845120825,-1.0948840999285938,-4.715253323016081,-70.3600369024165,3.0,0.0,-4.587521605994866,0.03,0.0,False,0.004967020182092845,0.3518001845120825,0.24835206514093458,0.04252192476461086,4.252192476461086e-06,4.2521924764610866e-06,-0.07036123363500595,0.0,0.03227128930490797,3.6203692230874873,3.4926375060662718,0.03227128930490797
219.0,0.0,0.0,-0.36618383646918423,-0.8156716315552506,-4.956320319563775,-73.23676729383685,3.0,0.0,-4.645232030459213,0.39,0.0,False,0.005095530473209685,0.36618383646918423,0.25477760701930136,0.04252192476461086,4.252192476461086e-06,4.2521924764610866e-06,-0.07323801295586355,0.0,0.27921246837334324,4.1406486880085245,3.829560398903962,0.27921246837334324
220.0,0.0,0.0,-0.400935839441054,-1.2245882887863082,-5.076225388389576,-80.1871678882108,3.0,0.0,-4.756800318828154,0.3,0.0,False,0.005321552338778914,0.4009358394410539,0.2660787483521867,0.04252192476461086,4.252192476461086e-06,4.2521924764610866e-06,-0.08018853176749925,0.0,-0.40891665723105763,3.851637099603267,3.532212030041846,0.40891665723105763
221.0,0.0,0.0,-0.36330449048544416,-0.7769340658963275,-5.037395544307549,-72.66089809708883,3.0,0.0,-4.825115268783787,0.08,0.0,False,0.0055468285842045295,0.36330449048544416,0.27734260851936504,0.04252192476461086,4.252192476461086e-06,4.2521924764610866e-06,-0.07266213396433051,0.0,0.4476542228899807,4.260461478411222,4.048181202887459,0.4476542228899807
222.0,0.0,0.0,-0.41013004413110177,-1.118014241733978,-5.03185072397045,-82.02600882622035,3.0,0.0,-4.857710435671802,-0.01,0.0,False,0.005401225237768565,0.41013004413110177,0.2700624102408942,0.04252192476461086,4.252192476461086e-06,4.2521924764610866e-06,-0.08202740398179822,0.0,-0.3410801758376505,3.913836482236472,3.7396961939378235,0.3410801758376505
223.0,0.0,0.0,-0.377729014876784,-1.3043406005677327,-4.997409096083109,-75.5458029753568,3.0,0.0,-4.878321704801741,0.0,0.0,False,0.0055094189769650664,0.377729014876784,0.27547212020374945,0.04252192476461086,4.252192476461086e-06,4.2521924764610866e-06,-0.0755470879110731,0.0,-0.1863263588337547,3.693068495515376,3.5739811042340084,0.1863263588337547
224.0,0.0,0.0,-0.36395734341326436,-1.046252487031915,-5.050987525388615,-72.79146868265288,3.0,0.0,-4.895384699325574,0.1,0.0,False,0.005629660335745408,0.36395734341326436,0.28148421370723664,0.04252192476461086,4.252192476461086e-06,4.2521924764610866e-06,-0.07279270677073016,0.0,0.25808811353581773,4.0047350383567,3.849132212293659,0.25808811353581773
225.0,0.0,0.0,-0.3956051577824833,-1.0433609526594816,-5.162379503077862,-79.12103155649666,3.0,0.0,-4.943991415534244,0.13,0.0,False,0.005616253378589745,0.3956051577824833,0.2808138629990053,0.04252192476461086,4.252192476461086e-06,4.2521924764610866e-06,-0.07912237730219468,0.0,0.002891534372433391,4.11901855041838,3.900630462874762,0.002891534372433391
226.0,0.0,0.0,-0.404009516880135,-1.5080911206344265,-5.303082559986811,-80.801903376027,3.0,0.0,-5.002388174320522,0.21,0.0,False,0.005125354718814214,0.404009516880135,0.25626882564044945,0.04252192476461086,4.252192476461086e-06,4.2521924764610866e-06,-0.08080327771116547,0.0,-0.46473016797494493,3.794991439352385,3.494297053686096,0.46473016797494493
227.0,0.0,0.0,-0.358344791290734,-1.775200932587357,-5.289441405350899,-71.6689582581468,3.0,0.0,-5.083542017772232,0.0,0.0,False,0.005243160591680736,0.358344791290734,0.2621591443304378,0.04252192476461086,4.252192476461086e-06,4.2521924764610866e-06,-0.07167017725378373,0.0,-0.2671098119529305,3.5142404727635417,3.308341085184875,0.2671098119529305
228.0,0.0,0.0,-0.33413116413805616,-1.7402225604342036,-5.267676632549486,-66.82623282761124,3.0,0.0,-5.091615221093037,0.14,0.0,False,0.004682618854367216,0.3341311641380561,0.2341319382881938,0.04252192476461086,4.252192476461086e-06,4.2521924764610866e-06,-0.06682736945479585,0.0,0.03497837215315336,3.5274540721152827,3.3513926606588336,0.03497837215315336
229.0,0.0,0.0,-0.3430960741943256,-2.786285927776389,-5.325507034374924,-68.61921483886512,3.0,0.0,-5.11658361346903,0.07,0.0,False,0.005046616646884071,0.3430960741943256,0.2523319053034704,0.04252192476461086,4.252192476461086e-06,4.2521924764610866e-06,-0.06862038196233854,0.0,-1.0460633673421853,2.5392211065985353,2.3302976856926407,1.0460633673421853
230.0,0.0,0.0,-0.24603278303728704,-3.643294846581469,-5.360137588766999,-49.20655660745741,3.0,0.0,-5.171256247904726,0.17,0.0,False,0.004930338138821374,0.24603278303728704,0.24651795517840566,0.04252192476461086,4.252192476461086e-06,4.2521924764610866e-06,-0.04920739354689773,0.0,-0.85700891880508,1.7168427421855297,1.5279614013232568,0.85700891880508
231.0,0.0,0.0,-0.1626491591771497,-3.029209941993834,-5.340853332799277,-32.52983183542994,3.0,0.0,-5.246666067086706,-0.07,0.0,False,0.00518382167058884,0.16264915917714964,0.2591921856598173,0.04252192476461086,4.252192476461086e-06,4.2521924764610866e-06,-0.03253038512550197,0.0,0.6140849045876351,2.3116433908054432,2.2174561250928724,0.6140849045876351
232.0,0.0,0.0,-0.22565181938785986,-3.2031236110174883,-5.428895367446488,-45.13036387757197,3.0,0.0,-5.269821019129512,0.15,0.0,False,0.005082926365267113,0.22565181938785986,0.254147398942418,0.04252192476461086,4.252192476461086e-06,4.2521924764610866e-06,-0.04513113148628287,0.0,-0.17391366902365446,2.225771756429,2.0666974081120233,0.17391366902365446
233.0,0.0,0.0,-0.2161001511969914,-3.522798765120584,-5.553180782344202,-43.220030239398284,3.0,0.0,-5.285776111620866,0.2,0.0,False,0.005340939834422766,0.21610015119699139,0.26704812725634736,0.04252192476461086,4.252192476461086e-06,4.2521924764610866e-06,-0.043220765355822054,0.0,-0.31967515410309577,2.030382017223618,1.7629773465002816,0.31967515410309577
234.0,0.0,0.0,-0.193898954032961,-4.256446359215868,-5.699705155571468,-38.7797908065922,3.0,0.0,-5.364171067959254,0.34,0.0,False,0.0054905227906271465,0.193898954032961,0.2745273068693424,0.04252192476461086,4.252192476461086e-06,4.2521924764610866e-06,-0.03878045040032627,0.0,-0.733647594095284,1.4432587963556003,1.107724708743386,0.733647594095284
235.0,0.0,0.0,-0.12814698716788955,-4.450338820155286,-5.726107393417306,-25.62939743357791,3.0,0.0,-5.461829530233868,0.22,0.0,False,0.005271440327539592,0.12814698716788958,0.2635731371359246,0.04252192476461086,4.252192476461086e-06,4.2521924764610866e-06,-0.025629833356248036,0.0,-0.19389246093941814,1.2757685732620194,1.011490710078582,0.19389246093941814
236.0,0.0,0.0,-0.11176869706550958,-3.761433599247961,-5.752917844113818,-22.353739413101916,3.0,0.0,-5.537943476177499,0.06,0.0,False,0.005317647591116717,0.11176869706550958,0.2658835101388898,0.04252192476461086,4.252192476461086e-06,4.2521924764610866e-06,-0.022354119621095393,0.0,0.6889052209073254,1.9914842448658572,1.7765098769295378,0.6889052209073254
237.0,0.0,0.0,-0.18876516995103376,-3.4311773492022715,-5.964978611318326,-37.75303399020675,3.0,0.0,-5.568049553911019,0.27,0.0,False,0.005594609939346836,0.18876516995103373,0.2797316864352564,0.04252192476461086,4.252192476461086e-06,4.2521924764610866e-06,-0.037753676120144644,0.0,0.33025625004568937,2.5338012621160546,2.136872204708747,0.33025625004568937
238.0,0.0,0.0,-0.22811171605499908,-3.471100416055953,-5.92331684317024,-45.622343210999816,3.0,0.0,-5.649125432050071,0.19,0.0,False,0.00530811009350788,0.22811171605499908,0.26540663323068414,0.04252192476461086,4.252192476461086e-06,4.2521924764610866e-06,-0.045623119187638415,0.0,-0.03992306685368163,2.452216427114287,2.178025015994118,0.03992306685368163
239.0,0.0,0.0,-0.2281217369782157,-3.224018482552933,-5.768146610794695,-45.62434739564314,3.0,0.0,-5.7123430084984,0.11,0.0,False,0.005298641087798898,0.2281217369782157,0.2649331809320333,0.04252192476461086,4.252192476461086e-06,4.2521924764610866e-06,-0.045625123406370316,0.0,0.24708193350301988,2.5441281282417614,2.4883245259454667,0.24708193350301988
240.0,0.0,0.0,-0.26149289686604804,-3.772991811314328,-6.055856077583672,-52.29857937320961,3.0,0.0,-5.752366286714793,0.23,0.0,False,0.005265839037804138,0.26149289686604804,0.2632930714582638,0.04252192476461086,4.252192476461086e-06,4.2521924764610866e-06,-0.05229946890393007,0.0,-0.5489733287613947,2.2828642662693444,1.9793744754004647,0.5489733287613947
241.0,0.0,0.0,-0.2144282754106098,-4.015958815217773,-5.9512676948419285,-42.88565508212196,3.0,0.0,-5.839003047119847,0.04,0.0,False,0.00520311464210554,0.2144282754106098,0.2601568383375237,0.04252192476461086,4.252192476461086e-06,4.2521924764610866e-06,-0.0428863845112598,0.0,-0.24296700390344483,1.9353088796241558,1.8230442319020739,0.24296700390344483
242.0,0.0,0.0,-0.19233496664346958,-4.412500097327669,-6.008896866347326,-38.46699332869392,3.0,0.0,-5.917320154935396,0.01,0.0,False,0.00538499793507787,0.19233496664346958,0.26925104165627867,0.04252192476461086,4.252192476461086e-06,4.2521924764610866e-06,-0.03846764760215029,0.0,-0.39654128210989636,1.5963967690196572,1.504820057607727,0.39654128210989636
243.0,0.0,0.0,-0.15494480841041203,-4.579250352116894,-6.0109620200033325,-30.988961682082405,3.0,0.0,-5.9393493739173735,0.03,0.0,False,0.0054351284173987215,0.15494480841041203,0.27175757643054427,0.04252192476461086,4.252192476461086e-06,4.2521924764610866e-06,-0.030989488763959995,0.0,-0.16675025478922478,1.4317116678864386,1.3600990218004796,0.16675025478922478
244.0,0.0,0.0,-0.13860161085016573,-5.22968863713773,-5.9561534787425545,-27.720322170033146,3.0,0.0,-5.961981124189217,-0.11,0.0,False,0.005685269104663866,0.13860161085016576,0.2842646639761189,0.04252192476461086,4.252192476461086e-06,4.2521924764610866e-06,-0.027720793656609777,0.0,-0.6504382850208357,0.7264648416048249,0.7322924870514873,0.6504382850208357
245.0,0.0,0.0,-0.075765917545606,-4.283908116930522,-5.927715549764234,-15.153183509121202,3.0,0.0,-5.965295928654894,-0.1,0.0,False,0.005637099413613097,0.075765917545606,0.2818561691822406,0.04252192476461086,4.252192476461086e-06,4.2521924764610866e-06,-0.015153441245036894,0.0,0.9457805202072072,1.6438074328337118,1.6813878117243712,0.9457805202072072
246.0,0.0,0.0,-0.17129427774022785,-3.863853144192593,-5.978845108024718,-34.25885554804557,3.0,0.0,-5.9873639211570175,0.1,0.0,False,0.005343846621138119,0.17129427774022785,0.2671934672101258,0.04252192476461086,4.252192476461086e-06,4.2521924764610866e-06,-0.03425943824655905,0.0,0.42005497273792924,2.1149919638321246,2.1235107769644244,0.42005497273792924
247.0,0.0,0.0,-0.21148828301945297,-3.75930324452199,-5.826473191965314,-42.297656603890594,3.0,0.0,-5.996887313144753,0.14,0.0,False,0.005225498680023318,0.21148828301945297,0.2612760449924745,0.04252192476461086,4.252192476461086e-06,4.2521924764610866e-06,-0.042298376031940144,0.0,0.10454989967060335,2.067169947443324,2.237584068622763,0.10454989967060335
248.0,0.0,0.0,-0.222651507945841,-3.171662311834132,-5.875297842581294,-44.5303015891682,3.0,0.0,-5.978780938831417,-0.03,0.0,False,0.005310603598809462,0.22265150794584102,0.2655313090259064,0.04252192476461086,4.252192476461086e-06,4.2521924764610866e-06,-0.044531058991601105,0.0,0.587640932687858,2.7036355307471625,2.8071186269972848,0.587640932687858
249.0,0.0,0.0,-0.28102996700813654,-2.9424643264099535,-5.924041596102874,-56.2059934016273,3.0,0.0,-5.985865661833746,0.02,0.0,False,0.005252525537413299,0.28102996700813654,0.2626273936081436,0.04252192476461086,4.252192476461086e-06,4.2521924764610866e-06,-0.0562069493923713,0.0,0.22919798542417835,2.98157726969292,3.043401335423792,0.22919798542417835
250.0,0.0,0.0,-0.30454869547120317,-1.9123041573667705,-5.804538461694518,-60.909739094240635,3.0,0.0,-5.982021731591064,-0.08,0.0,False,0.00545147007292694,0.30454869547120317,0.27257466268134845,0.04252192476461086,4.252192476461086e-06,4.2521924764610866e-06,-0.06091077508957261,0.0,1.030160169043183,3.8922343043277476,4.069717574224294,1.030160169043183
251.0,0.0,0.0,-0.4049721693692234,-2.255380547757036,-5.7779837060098975,-80.99443387384468,3.0,0.0,-5.988016031105562,0.01,0.0,False,0.005628741322917811,0.4049721693692234,0.2814382628704657,0.04252192476461086,4.252192476461086e-06,4.2521924764610866e-06,-0.08099581148367617,0.0,-0.3430763903902654,3.5226031582528616,3.732635483348526,0.3430763903902654
252.0,0.0,0.0,-0.37042368913572593,-2.678440773891185,-5.859656446440816,-74.08473782714519,3.0,0.0,-5.9621119520395895,0.16,0.0,False,0.005477860350708633,0.3704236891357259,0.2738941821812602,0.04252192476461086,4.252192476461086e-06,4.2521924764610866e-06,-0.07408599791204623,0.0,-0.4230602261341492,3.181215672549631,3.2836711781484045,0.4230602261341492
253.0,0.0,0.0,-0.32670362716516443,-2.198923143553224,-5.864485223003565,-65.34072543303289,3.0,0.0,-5.959696194755494,0.13,0.0,False,0.005308146263473435,0.3267036271651644,0.26540844173665196,0.04252192476461086,4.252192476461086e-06,4.2521924764610866e-06,-0.06534183679367148,0.0,0.4795176303379609,3.665562079450341,3.7607730512022695,0.4795176303379609
254.0,0.0,0.0,-0.3740667228892898,-2.5548070304683983,-5.922008322024811,-74.81334457785796,3.0,0.0,-5.945546505878099,0.07,0.0,False,0.004834401228120941,0.3740667228892899,0.2417210892462734,0.04252192476461086,4.252192476461086e-06,4.2521924764610866e-06,-0.07481461705541088,0.0,-0.35588388691517414,3.367201291556413,3.3907394754097004,0.35588388691517414
255.0,0.0,0.0,-0.33919923680855796,-3.1655110849363073,-5.9127991037008,-67.83984736171159,3.0,0.0,-5.939669902631357,-0.01,0.0,False,0.00511105440750322,0.3391992368085579,0.25555380703451586,0.04252192476461086,4.252192476461086e-06,4.2521924764610866e-06,-0.06784100122915929,0.0,-0.610704054467909,2.7472880187644924,2.7741588176950494,0.610704054467909
256.0,0.0,0.0,-0.2789130216352168,-4.727900246927744,-5.925390464990506,-55.78260432704336,3.0,0.0,-5.946871515576113,-0.05,0.0,False,0.005107526654618052,0.2789130216352168,0.2553774186402233,0.04252192476461086,4.252192476461086e-06,4.2521924764610866e-06,-0.05578355311649062,0.0,-1.5623891619914367,1.1974902180627618,1.2189712686483691,1.5623891619914367
257.0,0.0,0.0,-0.12503845479302553,-4.350040726600013,-5.947986196069014,-25.007690958605107,3.0,0.0,-5.954700600881082,0.03,0.0,False,0.005270789852560438,0.12503845479302553,0.2635406132486696,0.04252192476461086,4.252192476461086e-06,4.2521924764610866e-06,-0.02500811630685781,0.0,0.37785952032773107,1.5979454694690007,1.6046598742810687,0.37785952032773107
258.0,0.0,0.0,-0.1667241899698411,-4.5781094595420555,-6.145837663360181,-33.34483799396822,3.0,0.0,-5.978311379236835,0.14,0.0,False,0.005265788913496691,0.1667241899698411,0.26329056523223454,0.04252192476461086,4.252192476461086e-06,4.2521924764610866e-06,-0.03334540514623354,0.0,-0.22806873294204255,1.5677282038181257,1.40020191969478,0.22806873294204255
259.0,0.0,0.0,-0.1510965305525809,-4.560331109272003,-6.278599483734104,-30.21930611051618,3.0,0.0,-6.017318073465734,0.17,0.0,False,0.005321112947062744,0.1510965305525809,0.2660567786729591,0.04252192476461086,4.252192476461086e-06,4.2521924764610866e-06,-0.03021982010155491,0.0,0.017778350270052812,1.7182683744621015,1.4569869641937316,0.017778350270052812
260.0,0.0,0.0,-0.15849186924378958,-5.335720779439398,-6.271094822094691,-31.698373848757914,3.0,0.0,-6.089106889644385,0.04,0.0,False,0.005386059228805213,0.15849186924378958,0.2693041065682871,0.04252192476461086,4.252192476461086e-06,4.2521924764610866e-06,-0.03169891299681251,0.0,-0.775389670167395,0.935374042655293,0.7533861102049872,0.775389670167395
261.0,0.0,0.0,-0.08108847235497631,-5.937248448145517,-6.135872835290739,-16.217694470995262,3.0,0.0,-6.145283498606595,0.11,0.0,False,0.00507596564027539,0.08108847235497631,0.25379936121291474,0.04252192476461086,4.252192476461086e-06,4.2521924764610866e-06,-0.016217970312855975,0.0,-0.6015276687061197,0.19862438714522135,0.20803505046107773,0.6015276687061197
262.0,0.0,0.0,-0.02271424392588962,-5.276418642894821,-6.057491721856266,-4.542848785177924,3.0,0.0,-6.146622743178764,-0.15,0.0,False,0.005401873528780465,0.02271424392588962,0.27009482492932213,0.04252192476461086,4.252192476461086e-06,4.2521924764610866e-06,-0.004542926053119066,0.0,0.660829805250696,0.7810730789614446,0.8702041002839422,0.660829805250696
263.0,0.0,0.0,-0.0832168804115711,-5.099574362673694,-5.919285766817231,-16.64337608231422,3.0,0.0,-6.16439571667127,0.27,0.0,False,0.004960102426600814,0.08321688041157108,0.24800617589555168,0.04252192476461086,4.252192476461086e-06,4.2521924764610866e-06,-0.016643659164464725,0.0,0.1768442802211272,0.8197114041435372,1.0648213539975755,0.1768442802211272
264.0,0.0,0.0,-0.10174803491771961,-4.214945350018546,-5.939241618603666,-20.34960698354392,3.0,0.0,-6.108605139720172,0.04,0.0,False,0.004745232255815029,0.10174803491771961,0.23726262167279624,0.04252192476461086,4.252192476461086e-06,4.2521924764610866e-06,-0.02034995310385499,0.0,0.8846290126551484,1.7242962685851202,1.8936597897016263,0.8846290126551484
265.0,0.0,0.0,-0.1940989002673121,-3.8045403776784683,-5.935711466499838,-38.81978005346242,3.0,0.0,-6.117076344462317,-0.15,0.0,False,0.004876184750340801,0.1940989002673121,0.2438102742408455,0.04252192476461086,4.252192476461086e-06,4.2521924764610866e-06,-0.038820440327361504,0.0,0.41040497234007756,2.13117108882137,2.312535966783849,0.41040497234007756
266.0,0.0,0.0,-0.23358060940304656,-3.5393611882250378,-5.990559111609495,-46.716121880609315,3.0,0.0,-6.155975619985835,-0.03,0.0,False,0.004874946924087422,0.23358060940304654,0.2437483826650027,0.04252192476461086,4.252192476461086e-06,4.2521924764610866e-06,-0.04671691646099852,0.0,0.26517918945343055,2.4511979233844574,2.616614431760797,0.26517918945343055
267.0,0.0,0.0,-0.259581289840122,-3.5870245943367545,-5.965595389122419,-51.916257968024404,3.0,0.0,-6.140396133194429,0.02,0.0,False,0.004831989949747368,0.2595812898401221,0.24160052481493383,0.04252192476461086,4.252192476461086e-06,4.2521924764610866e-06,-0.05191714099595571,0.0,-0.04766340611171671,2.3785707947856647,2.5533715388576743,0.04766340611171671
268.0,0.0,0.0,-0.2566467611523619,-4.897120834243076,-6.081354971011676,-51.32935223047238,3.0,0.0,-6.1352292761066405,-0.1,0.0,False,0.00508168995891714,0.2566467611523619,0.2540855783620474,0.04252192476461086,4.252192476461086e-06,4.2521924764610866e-06,-0.05133022527590148,0.0,-1.3100962399063212,1.1842341367686,1.2381084418635648,1.3100962399063212
269.0,0.0,0.0,-0.12688252169118183,-4.9084680600243455,-5.945813670415376,-25.376504338236366,3.0,0.0,-6.1535467714317145,0.03,0.0,False,0.005094521202667854,0.12688252169118183,0.2547271432776291,0.04252192476461086,4.252192476461086e-06,4.2521924764610866e-06,-0.02537693595952431,0.0,-0.011347225781269898,1.0373456103910303,1.245078711407369,0.011347225781269898
270.0,0.0,0.0,-0.12273389188566107,-4.571682569363842,-5.935238410601806,-24.546778377132213,3.0,0.0,-6.165973027600099,0.02,0.0,False,0.005131177612219804,0.12273389188566107,0.256559971548732,0.04252192476461086,4.252192476461086e-06,4.2521924764610866e-06,-0.02454719588586221,0.0,0.33678549066050323,1.3635558412379636,1.594290458236257,0.33678549066050323
271.0,0.0,0.0,-0.15153576081316908,-4.42288533609522,-5.738784599787546,-30.307152162633816,3.0,0.0,-6.1358330732875395,0.21,0.0,False,0.0051366233657729665,0.15153576081316908,0.2568322603842098,0.04252192476461086,4.252192476461086e-06,4.2521924764610866e-06,-0.030307667647819482,0.0,0.14879723326862226,1.3158992636923257,1.7129477371923194,0.14879723326862226
272.0,0.0,0.0,-0.16629846528332817,-4.805429839405332,-5.895958600634381,-33.25969305666563,3.0,0.0,-6.087072395456634,-0.09,0.0,False,0.00539966968057094,0.16629846528332817,0.26998463205028644,0.04252192476461086,4.252192476461086e-06,4.2521924764610866e-06,-0.03326025876072646,0.0,-0.382544503310112,1.0905287612290486,1.2816425560513016,0.382544503310112
273.0,0.0,0.0,-0.1287591280220277,-4.015734795298681,-6.008043996611785,-25.751825604405543,3.0,0.0,-6.085905345582646,-0.02,0.0,False,0.005407059339034284,0.1287591280220277,0.2703541165445662,0.04252192476461086,4.252192476461086e-06,4.2521924764610866e-06,-0.0257522636094194,0.0,0.7896950441066508,1.9923092013131036,2.070170550283965,0.7896950441066508
274.0,0.0,0.0,-0.21172128325652134,-3.9733320114318444,-6.059408995488652,-42.34425665130427,3.0,0.0,-6.093048495055381,-0.12,0.0,False,0.005329329834076104,0.21172128325652134,0.2664676247706164,0.04252192476461086,4.252192476461086e-06,4.2521924764610866e-06,-0.04234497687195993,0.0,0.042402783866836824,2.0860769840568074,2.1197164836235367,0.042402783866836824
275.0,0.0,0.0,-0.21501975632002218,-4.8091136103830685,-6.050021838235741,-43.003951264004435,3.0,0.0,-6.132992641846281,0.03,0.0,False,0.005313562604611927,0.21501975632002213,0.26567925994514285,0.04252192476461086,4.252192476461086e-06,4.2521924764610866e-06,-0.04300468270520626,0.0,-0.8357815989512241,1.2409082278526729,1.3238790314632123,0.8357815989512241
276.0,0.0,0.0,-0.12856734177506873,-3.9368798198039374,-6.034371655760069,-25.713468355013745,3.0,0.0,-6.12357528990157,0.18,0.0,False,0.004814920001430091,0.12856734177506873,0.2407470237698347,0.04252192476461086,4.252192476461086e-06,4.2521924764610866e-06,-0.02571390570762075,0.0,0.8722337905791311,2.097491835956131,2.1866954700976327,0.8722337905791311
277.0,0.0,0.0,-0.21450043912821448,-3.5141647711635597,-5.8165899124827,-42.9000878256429,3.0,0.0,-6.094814362787925,0.0,0.0,False,0.004817849571398372,0.21450043912821448,0.2408935028911036,0.04252192476461086,4.252192476461086e-06,4.2521924764610866e-06,-0.042900817500262915,0.0,0.4227150486403777,2.30242514131914,2.5806495916243657,0.4227150486403777
278.0,0.0,0.0,-0.2502266855206639,-3.1063591723535007,-5.785329419039817,-50.045337104132784,3.0,0.0,-6.081929815943753,0.23,0.0,False,0.004902233076148398,0.2502266855206639,0.24511269606935007,0.04252192476461086,4.252192476461086e-06,4.2521924764610866e-06,-0.05004618831013691,0.0,0.40780559881005907,2.6789702466863163,2.9755706435902525,0.40780559881005907
279.0,0.0,0.0,-0.29460107005927566,-2.9264561223612566,-6.020807239309424,-58.92021401185514,3.0,0.0,-6.016484826971675,-0.01,0.0,False,0.005078010131991208,0.29460107005927566,0.25390158623338427,0.04252192476461086,4.252192476461086e-06,4.2521924764610866e-06,-0.058921216167956654,0.0,0.17990304999224405,3.0943511169481677,3.0900287046104187,0.17990304999224405
280.0,0.0,0.0,-0.31127571035283363,-3.4636320517422883,-5.883142174863979,-62.25514207056673,3.0,0.0,-6.052432507968938,0.0,0.0,False,0.0054581104744869215,0.3112757103528336,0.2729066841711609,0.04252192476461086,4.252192476461086e-06,4.2521924764610866e-06,-0.06225620094945105,0.0,-0.5371759293810316,2.4195101231216904,2.5888004562266493,0.5371759293810316
281.0,0.0,0.0,-0.2545036626183607,-3.2652237292245494,-5.855047535054209,-50.90073252367214,3.0,0.0,-6.039279406101273,0.11,0.0,False,0.005056989575293935,0.2545036626183607,0.252850553929348,0.04252192476461086,4.252192476461086e-06,4.2521924764610866e-06,-0.05090159827883827,0.0,0.19840832251773888,2.5898238058296594,2.7740556768767237,0.19840832251773888
282.0,0.0,0.0,-0.2746303860674701,-3.703321885477945,-5.900819260129098,-54.92607721349402,3.0,0.0,-6.008722787853864,-0.06,0.0,False,0.005256888464725409,0.2746303860674701,0.26284554090134926,0.04252192476461086,4.252192476461086e-06,4.2521924764610866e-06,-0.05492701143453064,0.0,-0.43809815625339565,2.197497374651153,2.3054009023759185,0.43809815625339565
283.0,0.0,0.0,-0.22879168470413577,-3.439422664994818,-5.852589187858214,-45.75833694082716,3.0,0.0,-6.011585978962319,0.16,0.0,False,0.0049429619620056636,0.22879168470413577,0.2471491490215664,0.04252192476461086,4.252192476461086e-06,4.2521924764610866e-06,-0.045759115230541984,0.0,0.2638992204831272,2.4131665228633965,2.5721633139675015,0.2638992204831272
284.0,0.0,0.0,-0.2513994081357943,-3.7687439563219196,-5.84652457340652,-50.279881627158865,3.0,0.0,-5.99128737583332,0.02,0.0,False,0.005255928537775777,0.25139940813579437,0.26279754434977803,0.04252192476461086,4.252192476461086e-06,4.2521924764610866e-06,-0.05028073682245986,0.0,-0.32932129132710175,2.0777806170846005,2.2225434195114,0.32932129132710175
285.0,0.0,0.0,-0.21663504724695226,-3.7376298017612624,-5.851549455717088,-43.32700944939045,3.0,0.0,-5.953470196286352,0.01,0.0,False,0.005035635685543265,0.21663504724695226,0.2517828549017721,0.04252192476461086,4.252192476461086e-06,4.2521924764610866e-06,-0.043327746385391254,0.0,0.031114154560657248,2.113919653955826,2.2158403945250895,0.031114154560657248
286.0,0.0,0.0,-0.21907960476061317,-3.9312246562215662,-5.816615577936249,-43.81592095212263,3.0,0.0,-5.935140487487343,-0.02,0.0,False,0.005030143613978052,0.2190796047606132,0.25150825015584416,0.04252192476461086,4.252192476461086e-06,4.2521924764610866e-06,-0.04381666620387133,0.0,-0.1935948544603039,1.8853909217146825,2.0039158312657763,0.1935948544603039
287.0,0.0,0.0,-0.2006713059870831,-4.476214455445265,-5.872595166199595,-40.13426119741662,3.0,0.0,-5.928472427799748,0.01,0.0,False,0.004946726960961756,0.2006713059870831,0.2473373997698461,0.04252192476461086,4.252192476461086e-06,4.2521924764610866e-06,-0.04013494382892795,0.0,-0.544989799223699,1.3963807107543298,1.4522579723544826,0.544989799223699
288.0,0.0,0.0,-0.15062660106095005,-4.054651113405978,-5.8792725253287035,-30.125320212190008,3.0,0.0,-5.937980380743273,-0.09,0.0,False,0.0051858763573998734,0.15062660106095005,0.25929492043721514,0.04252192476461086,4.252192476461086e-06,4.2521924764610866e-06,-0.03012583260465102,0.0,0.42156334203928747,1.8246214119227258,1.8833292673372952,0.42156334203928747
289.0,0.0,0.0,-0.19428324799058622,-2.7102267593036684,-5.779498174334224,-38.856649598117244,3.0,0.0,-5.982512490719753,-0.07,0.0,False,0.005375763100096557,0.19428324799058622,0.26878929794379836,0.04252192476461086,4.252192476461086e-06,4.2521924764610866e-06,-0.03885731049911926,0.0,1.3444243541023093,3.0692714150305553,3.2722857314160843,1.3444243541023093
290.0,0.0,0.0,-0.33027554084775784,-2.32811624981086,-5.817869533115736,-66.05510816955157,3.0,0.0,-5.9975248998001085,0.09,0.0,False,0.005132458601828002,0.33027554084775784,0.25662402130149264,0.04252192476461086,4.252192476461086e-06,4.2521924764610866e-06,-0.06605623168091009,0.0,0.38211050949280834,3.4897532833048763,3.6694086499892484,0.38211050949280834
291.0,0.0,0.0,-0.36469167851039147,-3.159404470419021,-5.802166687817158,-72.93833570207829,3.0,0.0,-6.013052387539741,0.04,0.0,False,0.005202468837749914,0.36469167851039147,0.2601245479824382,0.04252192476461086,4.252192476461086e-06,4.2521924764610866e-06,-0.07293957628817228,0.0,-0.8312882206081609,2.6427622173981367,2.85364791712072,0.8312882206081609
292.0,0.0,0.0,-0.27559399382497674,-3.0610994150706463,-5.837694360577166,-55.11879876499535,3.0,0.0,-5.9751105718753506,0.16,0.0,False,0.005194051039542475,0.27559399382497674,0.25970365628236136,0.04252192476461086,4.252192476461086e-06,4.2521924764610866e-06,-0.05511973626397455,0.0,0.09830505534837464,2.77659494550652,2.9140111568047042,0.09830505534837464
293.0,0.0,0.0,-0.2885801123859551,-3.8520398336587176,-6.040985750480156,-57.71602247719102,3.0,0.0,-5.91540300260414,-0.01,0.0,False,0.005373981401888844,0.2885801123859551,0.2687002126546065,0.04252192476461086,4.252192476461086e-06,4.2521924764610866e-06,-0.057717004151562896,0.0,-0.7909404185880713,2.1889459168214387,2.063363168945423,0.7909404185880713
294.0,0.0,0.0,-0.21536209256763528,-4.070935398571616,-5.951714238186283,-43.072418513527055,3.0,0.0,-5.946961893839332,-0.02,0.0,False,0.005300743927240669,0.21536209256763528,0.2650383233512057,0.04252192476461086,4.252192476461086e-06,4.2521924764610866e-06,-0.04307315111926762,0.0,-0.21889556491289852,1.880778839614667,1.8760264952677161,0.21889556491289852
295.0,0.0,0.0,-0.19759401169354807,-3.7580012384933688,-6.020841609131452,-39.51880233870961,3.0,0.0,-6.005706547388554,0.1,0.0,False,0.004933777044011319,0.1975940116935481,0.2466899011690472,0.04252192476461086,4.252192476461086e-06,4.2521924764610866e-06,-0.039519474502067345,0.0,0.31293416007824737,2.262840370638083,2.2477053088951853,0.31293416007824737
296.0,0.0,0.0,-0.23213088899365902,-4.4564023363907,-6.071147592078387,-46.42617779873181,3.0,0.0,-6.046917525895591,-0.05,0.0,False,0.005078457570240734,0.232130888993659,0.25392395824099023,0.04252192476461086,4.252192476461086e-06,4.2521924764610866e-06,-0.04642696744754981,0.0,-0.6984010978973312,1.6147452556876871,1.5905151895048908,0.6984010978973312
297.0,0.0,0.0,-0.16456760648300953,-4.665461154983704,-6.001900453093586,-32.91352129660191,3.0,0.0,-6.079359481690943,0.0,0.0,False,0.005114084267682614,0.16456760648300953,0.25570530068766306,0.04252192476461086,4.252192476461086e-06,4.2521924764610866e-06,-0.032914081112731954,0.0,-0.2090588185930038,1.336439298109882,1.4138983267072396,0.2090588185930038
298.0,0.0,0.0,-0.13830721221492395,-4.327391122201403,-5.833841876022138,-27.661442442984793,3.0,0.0,-6.102113389877701,0.17,0.0,False,0.005143797626787734,0.13830721221492395,0.25719097496026516,0.04252192476461086,4.252192476461086e-06,4.2521924764610866e-06,-0.02766191292809395,0.0,0.3380700327823005,1.5064507538207348,1.7747222676762977,0.3380700327823005
299.0,0.0,0.0,-0.17055404217600256,-4.551590397860927,-5.8824964665322526,-34.11080843520051,3.0,0.0,-6.048562682577304,0.05,0.0,False,0.005157063419032868,0.17055404217600256,0.25785426739295697,0.04252192476461086,4.252192476461086e-06,4.2521924764610866e-06,-0.03411138861562542,0.0,-0.22419927565952413,1.3309060686713252,1.4969722847163762,0.22419927565952413
300.0,0.0,0.0,-0.14398516239294698,-4.148510237025592,-5.7627542083904775,-28.797032478589397,3.0,0.0,-6.0329678053921745,0.13,0.0,False,0.005260737691994125,0.14398516239294698,0.263038003083168,0.04252192476461086,4.252192476461086e-06,4.2521924764610866e-06,-0.028797522278606043,0.0,0.4030801608353354,1.6142439713648855,1.8844575683665825,0.4030801608353354
301.0,0.0,0.0,-0.1791395036440799,-4.833138797345954,-5.619333185226677,-35.82790072881598,3.0,0.0,-5.9914726344216085,0.24,0.0,False,0.004929534434143535,0.1791395036440799,0.2464777697736384,0.04252192476461086,4.252192476461086e-06,4.2521924764610866e-06,-0.03582851011474444,0.0,-0.6846285603203617,0.7861943878807232,1.1583338370756548,0.6846285603203617
302.0,0.0,0.0,-0.10258922043741672,-5.418655995274306,-5.544769303752151,-20.517844087483343,3.0,0.0,-5.939943360248872,0.38,0.0,False,0.004803592694801752,0.10258922043741674,0.24018065603012342,0.04252192476461086,4.252192476461086e-06,4.2521924764610866e-06,-0.020518193069288437,0.0,-0.5855171979283522,0.1261133084778452,0.5212873649745662,0.5855171979283522
303.0,0.0,0.0,-0.0403419835774167,-5.344659681724646,-5.5447974751418965,-8.06839671548334,3.0,0.0,-5.859052813175685,0.11,0.0,False,0.004965366316863643,0.04034198357741669,0.24826937152784684,0.04252192476461086,4.252192476461086e-06,4.2521924764610866e-06,-0.008068533948403034,0.0,0.07399631354966019,0.2001377934172508,0.5143931314510395,0.07399631354966019
304.0,0.0,0.0,-0.03830373945143557,-5.87347627571926,-5.447233118664711,-7.660747890287114,3.0,0.0,-5.822084408142425,0.35,0.0,False,0.004988642164168007,0.03830373945143557,0.24943316884173422,0.04252192476461086,4.252192476461086e-06,4.2521924764610866e-06,-0.0076608781896312225,0.0,-0.5288165939946143,-0.4262431570545493,-0.051391867576835004,0.5288165939946143
305.0,0.0,0.0,0.01929387152535939,-5.810812393689567,-5.419834082515003,3.8587743050718775,3.0,0.0,-5.727705219982637,0.08,0.0,False,0.0051108861831116745,0.01929387152535939,0.25554539577917246,0.04252192476461086,4.252192476461086e-06,4.2521924764610866e-06,0.0038588399377970646,0.0,0.06266388202969342,-0.39097831117456394,-0.08310717370692977,0.06266388202969342
306.0,0.0,0.0,0.012213891877882783,-6.1921111004899085,-5.586152270790713,2.4427783755765566,3.0,0.0,-5.680533458402899,0.0,0.0,False,0.005350569669084348,0.012254826690459193,0.26752962103682193,0.04252192476461086,4.252192476461086e-06,4.2521924764610866e-06,0.0024428199240552036,0.0,-0.38129870680034195,-0.6059588296991958,-0.5115776420870093,0.38129870680034195
307.0,0.0,0.0,0.05527999778277113,-6.290279174830921,-5.530085944305856,11.055999556554227,3.0,0.0,-5.688670878119781,0.07,0.0,False,0.005323902984244187,0.05527999778277113,0.26619628112522004,0.04252192476461086,4.252192476461086e-06,4.2521924764610866e-06,0.011056187604707137,0.0,-0.09816807434101271,-0.7601932305250649,-0.6016082967111407,0.09816807434101271
308.0,0.0,0.0,0.06292461983052554,-7.138023228830673,-5.571453555282607,12.584923966105109,3.0,0.0,-5.639299369602664,-0.07,0.0,False,0.005482246239550307,0.06292461983052554,0.27411347755582605,0.04252192476461086,4.252192476461086e-06,4.2521924764610866e-06,0.012585138019270924,0.0,-0.8477440539997518,-1.5665696735480656,-1.4987238592280088,0.8477440539997518
309.0,0.0,0.0,0.14158570307641452,-6.875449952301141,-5.835193890364447,28.317140615282902,3.0,0.0,-5.6610195981459155,0.12,0.0,False,0.0050707075109595965,0.14158570307641452,0.25353645362919613,0.04252192476461086,4.252192476461086e-06,4.2521924764610866e-06,0.02831762225296398,0.0,0.26257327652953233,-1.0402560619366934,-1.2144303541552253,0.26257327652953233
310.0,0.0,0.0,0.11074980300116298,-6.208713905705046,-5.962670220102801,22.149960600232596,3.0,0.0,-5.72213609558346,0.11,0.0,False,0.0051539093984850496,0.11074980300116298,0.2576965656949909,0.04252192476461086,4.252192476461086e-06,4.2521924764610866e-06,0.022150337342213867,0.0,0.6667360465960943,-0.24604368560224543,-0.4865778101215863,0.6667360465960943
311.0,0.0,0.0,0.04110438727178365,-6.769236514548742,-5.942440435099945,8.22087745435673,3.0,0.0,-5.767928375815558,0.11,0.0,False,0.005484447850117883,0.04110438727178365,0.2742235585522884,0.04252192476461086,4.252192476461086e-06,4.2521924764610866e-06,0.008221017280775199,0.0,-0.5605226088436952,-0.8267960794487967,-1.001308138733184,0.5605226088436952
312.0,0.0,0.0,0.09906580094273623,-7.213878258048226,-5.867286741186318,19.813160188547247,3.0,0.0,-5.797661293798895,0.01,0.0,False,0.005241488438770974,0.09906580094273626,0.2620755363294339,0.04252192476461086,4.252192476461086e-06,4.2521924764610866e-06,0.019813497184597014,0.0,-0.44464174349948404,-1.346591516861908,-1.4162169642493305,0.44464174349948404
313.0,0.0,0.0,0.13739222637491685,-7.418937053061209,-5.789612972119658,27.478445274983372,3.0,0.0,-5.778557442778708,-0.03,0.0,False,0.005379663363253465,0.13739222637491685,0.2689843119308772,0.04252192476461086,4.252192476461086e-06,4.2521924764610866e-06,0.027478912647549043,0.0,-0.20505879501298363,-1.6293240809415517,-1.6403796102825012,0.20505879501298363
314.0,0.0,0.0,0.15301449643619616,-7.113329942459775,-5.674680475500033,30.602899287239232,3.0,0.0,-5.839926783389493,-0.09,0.0,False,0.0049413829896460485,0.15301449643619616,0.24707020006788097,0.04252192476461086,4.252192476461086e-06,4.2521924764610866e-06,0.0306034198026983,0.0,0.305607110601434,-1.4386494669597427,-1.2734031590702823,0.305607110601434
315.0,0.0,0.0,0.11941636034058004,-6.612684553523331,-5.84507806285952,23.883272068116007,3.0,0.0,-5.888759556344723,-0.15,0.0,False,0.005049340881179191,0.11941636034058004,0.2524681175974249,0.04252192476461086,4.252192476461086e-06,4.2521924764610866e-06,0.023883678291467852,0.0,0.5006453889364444,-0.7676064906638107,-0.7239249971786084,0.5006453889364444
316.0,0.0,0.0,0.0672182459985806,-7.247833990894228,-5.962837539085957,13.44364919971612,3.0,0.0,-5.9191409499865255,0.03,0.0,False,0.004997205220176055,0.0672182459985806,0.24986132346272474,0.04252192476461086,4.252192476461086e-06,4.2521924764610866e-06,0.013443877858679738,0.0,-0.635149437370897,-1.2849964518082713,-1.3286930409077025,0.635149437370897
317.0,0.0,0.0,0.13008186638925087,-7.193825816857294,-6.015134371153134,26.016373277850175,3.0,0.0,-5.940487802291529,0.02,0.0,False,0.005165134871890226,0.13008186638925087,0.25825784175189337,0.04252192476461086,4.252192476461086e-06,4.2521924764610866e-06,0.026016815782475403,0.0,0.05400817403693381,-1.1786914457041604,-1.2533380145657649,0.05400817403693381
318.0,0.0,0.0,0.12428186947879924,-6.810963278883953,-5.991351243762371,24.856373895759848,3.0,0.0,-5.946987670345042,0.08,0.0,False,0.005197151394770629,0.12428186947879924,0.2598586747029344,0.04252192476461086,4.252192476461086e-06,4.2521924764610866e-06,0.024856796670306394,0.0,0.3828625379733408,-0.8196120351215823,-0.8639756085389116,0.3828625379733408
319.0,0.0,0.0,0.08091788408241501,-6.889772766960554,-6.105218406171599,16.183576816483004,3.0,0.0,-5.950980698547784,0.19,0.0,False,0.005367007583499244,0.08091788408241501,0.26835152025242553,0.04252192476461086,4.252192476461086e-06,4.2521924764610866e-06,0.01618385207804685,0.0,-0.07880948807660104,-0.7845543607889551,-0.93879206841277,0.07880948807660104
320.0,0.0,0.0,0.08479301452576499,-8.050448091855397,-6.235264176604514,16.958602905152997,3.0,0.0,-6.001767234138908,0.1,0.0,False,0.0055172465806296225,0.08479301452576497,0.27586350205120114,0.04252192476461086,4.252192476461086e-06,4.2521924764610866e-06,0.016958891348901203,0.0,-1.160675324894843,-1.8151839152508833,-2.048680857716489,1.160675324894843
321.0,0.0,0.0,0.19056645324546015,-8.096181358664905,-6.277813016375164,38.11329064909203,3.0,0.0,-6.041824593891985,0.29,0.0,False,0.005631008846664857,0.19056645324546018,0.28155163953991547,0.04252192476461086,4.252192476461086e-06,4.2521924764610866e-06,0.038113938906526486,0.0,-0.045733266809508066,-1.818368342289741,-2.054356764772921,0.045733266809508066
322.0,0.0,0.0,0.19571400430208857,-8.044430845334261,-6.191080864084829,39.142800860417715,3.0,0.0,-6.1447430431388605,0.05,0.0,False,0.005590037239069213,0.19571400430208857,0.2795030504491751,0.04252192476461086,4.252192476461086e-06,4.2521924764610866e-06,0.03914346662848001,0.0,0.051750513330643955,-1.8533499812494325,-1.899687802195401,0.051750513330643955
323.0,0.0,0.0,0.1841904018903151,-8.037408731411851,-6.354173150720736,36.83808037806302,3.0,0.0,-6.13899970496319,0.16,0.0,False,0.005355350229747753,0.18419040189031505,0.2677686500863854,0.04252192476461086,4.252192476461086e-06,4.2521924764610866e-06,0.03683870694583162,0.0,0.007022113922410256,-1.6832355806911155,-1.898409026448661,0.007022113922410256
324.0,0.0,0.0,0.17624438592640757,-8.050937486001073,-6.407088921060402,35.248877185281515,3.0,0.0,-6.202487665779055,0.12,0.0,False,0.00499184210790409,0.17624438592640762,0.24959316670887718,0.04252192476461086,4.252192476461086e-06,4.2521924764610866e-06,0.03524947672277362,0.0,-0.013528754589222203,-1.6438485649406713,-1.8484498202220188,0.013528754589222203
325.0,0.0,0.0,0.1747887925188541,-8.2837718813949,-6.463548074527276,34.95775850377082,3.0,0.0,-6.274927400895185,0.07,0.0,False,0.0052404586739146315,0.1747887925188541,0.26202404786767886,0.04252192476461086,4.252192476461086e-06,4.2521924764610866e-06,0.03495835308971331,0.0,-0.23283439539382655,-1.8202238068676238,-2.0088444804997145,0.23283439539382655
326.0,0.0,0.0,0.19845496591765216,-8.633146387335627,-6.489651152187949,39.69099318353043,3.0,0.0,-6.303012399033109,-0.12,0.0,False,0.005212837251948153,0.1984549659176522,0.26064297089677474,0.04252192476461086,4.252192476461086e-06,4.2521924764610866e-06,0.03969166827563017,0.0,-0.3493745059407267,-2.143495235147678,-2.330133988302518,0.3493745059407267
327.0,0.0,0.0,0.2258478735342437,-9.570882621493482,-6.476631627991242,45.16957470684874,3.0,0.0,-6.2991800287827315,0.13,0.0,False,0.005069034531305988,0.2258478735342437,0.2534528042908242,0.04252192476461086,4.252192476461086e-06,4.2521924764610866e-06,0.04517034298248478,0.0,-0.937736234157855,-3.0942509935022393,-3.27170259271075,0.937736234157855
328.0,0.0,0.0,0.3150874358683718,-10.056460628473538,-6.338515299222367,63.017487173674354,3.0,0.0,-6.374619634561759,-0.1,0.0,False,0.005265177885309818,0.3150874358683718,0.2632600136929803,0.04252192476461086,4.252192476461086e-06,4.2521924764610866e-06,0.063018559019056,0.0,-0.48557800698005593,-3.7179453292511706,-3.681840993911779,0.48557800698005593
329.0,0.0,0.0,0.3637076877092468,-10.355281742821756,-6.209885451041485,72.74153754184935,3.0,0.0,-6.419941272188555,-0.11,0.0,False,0.005102985438183012,0.36370768770924683,0.25515035685296483,0.04252192476461086,4.252192476461086e-06,4.2521924764610866e-06,0.07274277478066296,0.0,-0.29882111434821823,-4.145396291780271,-3.935340470633201,0.29882111434821823
330.0,0.0,0.0,0.39399413801229377,-10.484000664283158,-6.2753725449082385,78.79882760245876,3.0,0.0,-6.419306423626409,0.02,0.0,False,0.004898424485674088,0.39399413801229377,0.24492226573589151,0.04252192476461086,4.252192476461086e-06,4.2521924764610866e-06,0.07880016786788717,0.0,-0.1287189214614024,-4.20862811937492,-4.064694240656749,0.1287189214614024
331.0,0.0,0.0,0.409286909635518,-10.849918554747337,-6.2424019186244735,81.8573819271036,3.0,0.0,-6.415256595753351,0.14,0.0,False,0.004939165732649455,0.409286909635518,0.24695933674664103,0.04252192476461086,4.252192476461086e-06,4.2521924764610866e-06,0.08185877421455755,0.0,-0.36591789046417844,-4.607516636122863,-4.434661958993986,0.36591789046417844
332.0,0.0,0.0,0.44789506042284977,-10.870330193232958,-6.270535697509441,89.57901208456995,3.0,0.0,-6.391044549592088,0.07,0.0,False,0.004716495810226261,0.4478950604228498,0.23582579328371295,0.04252192476461086,4.252192476461086e-06,4.2521924764610866e-06,0.08958053570689607,0.0,-0.020411638485620998,-4.599794495723517,-4.4792856436408695,0.020411638485620998
333.0,0.0,0.0,0.4497597691505164,-10.350415590551092,-6.334387192698863,89.95195383010328,3.0,0.0,-6.370872723718535,0.07,0.0,False,0.004724917930913407,0.4497597691505164,0.23624690110869423,0.04252192476461086,4.252192476461086e-06,4.2521924764610866e-06,0.08995348379568277,0.0,0.5199146026818653,-4.01602839785223,-3.979542866832557,0.5199146026818653
334.0,0.0,0.0,0.3988444372790323,-10.727639356838953,-6.4280942896290405,79.76888745580646,3.0,0.0,-6.372636878472468,0.06,0.0,False,0.004761147918078816,0.3988444372790323,0.23805840816980858,0.04252192476461086,4.252192476461086e-06,4.2521924764610866e-06,0.07977024422068955,0.0,-0.3772237662878606,-4.2995450672099125,-4.355002478366485,0.3772237662878606
335.0,0.0,0.0,0.43370537192998115,-9.19198896249789,-6.435312277380548,86.74107438599623,3.0,0.0,-6.361886419594999,-0.03,0.0,False,0.005163130438537735,0.43370537192998115,0.2581576196581069,0.04252192476461086,4.252192476461086e-06,4.2521924764610866e-06,0.08674254973869829,0.0,1.5356503943410633,-2.756676685117342,-2.8301025429028908,1.5356503943410633
336.0,0.0,0.0,0.28047497110701713,-8.479980313595435,-6.510267667981834,56.094994221403425,3.0,0.0,-6.39049342760317,-0.05,0.0,False,0.005484436114076333,0.28047497110701713,0.27422297174771576,0.04252192476461086,4.252192476461086e-06,4.2521924764610866e-06,0.056095948324195934,0.0,0.7120086489024544,-1.9697126456136012,-2.0894868859922653,0.7120086489024544
337.0,0.0,0.0,0.2041704487859331,-8.018900922882098,-6.59146037136169,40.83408975718662,3.0,0.0,-6.387179619749622,0.09,0.0,False,0.005321412108123072,0.2041704487859331,0.26607173678958,0.04252192476461086,4.252192476461086e-06,4.2521924764610866e-06,0.040834784291870284,0.0,0.46107939071333703,-1.4274405515204078,-1.6317213031324762,0.46107939071333703
338.0,0.0,0.0,0.1535941220485261,-7.694427980908621,-6.66735960174576,30.71882440970522,3.0,0.0,-6.4382324171337935,0.2,0.0,False,0.005208778661411438,0.1535941220485261,0.2604400405070436,0.04252192476461086,4.252192476461086e-06,4.2521924764610866e-06,0.03071934689689964,0.0,0.3244729419734771,-1.027068379162861,-1.2561955637748277,0.3244729419734771
339.0,0.0,0.0,0.11322706702944033,-8.114651094074848,-6.736223451660136,22.645413405888064,3.0,0.0,-6.482927046808329,0.25,0.0,False,0.005183623167299494,0.11322706702944033,0.2591822604531463,0.04252192476461086,4.252192476461086e-06,4.2521924764610866e-06,0.022645798574876273,0.0,-0.4202231131662266,-1.378427642414712,-1.6317240472665189,0.4202231131662266
340.0,0.0,0.0,0.1514842841132802,-7.914157128979559,-6.767659875392056,30.296856822656036,3.0,0.0,-6.562133237450091,0.02,0.0,False,0.005390532095449994,0.1514842841132802,0.26952775085150066,0.04252192476461086,4.252192476461086e-06,4.2521924764610866e-06,0.03029737213273138,0.0,0.20049396509528883,-1.146497253587503,-1.352023891529468,0.20049396509528883
341.0,0.0,0.0,0.12689075160024058,-7.744168935845578,-6.8523272051789785,25.378150320048114,3.0,0.0,-6.5997760459253865,0.25,0.0,False,0.005277542000815602,0.12689075160024058,0.2638782220969995,0.04252192476461086,4.252192476461086e-06,4.2521924764610866e-06,0.025378581969332067,0.0,0.16998819313398084,-0.8918417306665996,-1.1443928899201916,0.16998819313398084
342.0,0.0,0.0,0.10553593476138914,-7.5649279918796735,-6.715336968299077,21.10718695227783,3.0,0.0,-6.64522263478219,-0.06,0.0,False,0.005281041758745948,0.10553593476138914,0.2640532107375991,0.04252192476461086,4.252192476461086e-06,4.2521924764610866e-06,0.02110754595803748,0.0,0.17924094396590462,-0.8495910235805963,-0.9197053570974836,0.17924094396590462
343.0,0.0,0.0,0.08245536508648188,-7.141119188076175,-6.870857750962412,16.491073017296376,3.0,0.0,-6.6887871502762986,0.1,0.0,False,0.005212035168669876,0.08245536508648188,0.26060286656233034,0.04252192476461086,4.252192476461086e-06,4.2521924764610866e-06,0.01649135350897011,0.0,0.4238088038034986,-0.2702614371137626,-0.4523320377998763,0.4238088038034986
344.0,0.0,0.0,0.031860182363037566,-7.071082703104195,-7.021973743250143,6.372036472607513,3.0,0.0,-6.740356810210702,0.21,0.0,False,0.005337056841616451,0.031860182363037566,0.2668539767904699,0.04252192476461086,4.252192476461086e-06,4.2521924764610866e-06,0.006372144852648849,0.0,0.0700364849719799,-0.049108959854051726,-0.33072589289349263,0.0700364849719799
345.0,0.0,0.0,0.025524261272254684,-8.054118225514614,-6.793748622028966,5.104852254450937,3.0,0.0,-6.822510590664413,-0.04,0.0,False,0.005609296319188264,0.025524261272254684,0.2804660085497935,0.04252192476461086,4.252192476461086e-06,4.2521924764610866e-06,0.0051049390813391275,0.0,-0.983035522410419,-1.260369603485648,-1.2316076348502012,0.983035522410419
346.0,0.0,0.0,0.12475611950328055,-8.259405390978051,-6.76265321776848,24.95122390065611,3.0,0.0,-6.815834663678061,0.11,0.0,False,0.005431973767059898,0.12475611950328055,0.2715998432428941,0.04252192476461086,4.252192476461086e-06,4.2521924764610866e-06,0.024951648288477707,0.0,-0.20528716546343695,-1.496752173209571,-1.4435707272999903,0.20528716546343695
347.0,0.0,0.0,0.13983927733744708,-8.44043986926847,-6.84669327358066,27.967855467489418,3.0,0.0,-6.806530506130173,0.03,0.0,False,0.005339086003558817,0.13983927733744708,0.26695543531900756,0.04252192476461086,4.252192476461086e-06,4.2521924764610866e-06,0.027968331164285046,0.0,-0.1810344782904192,-1.5937465956878105,-1.6339093631382973,0.1810344782904192
348.0,0.0,0.0,0.1552718649149225,-8.96985999217181,-6.78161336194576,31.054372982984503,3.0,0.0,-6.860982886427431,0.02,0.0,False,0.004846333910696804,0.1552718649149225,0.24231772591206982,0.04252192476461086,4.252192476461086e-06,4.2521924764610866e-06,0.031054901177423128,0.0,-0.5294201229033391,-2.1882466302260495,-2.1088771057443783,0.5294201229033391
349.0,0.0,0.0,0.20469062710801691,-9.39939356660729,-6.761658535633896,40.93812542160338,3.0,0.0,-6.887688207826456,-0.08,0.0,False,0.005016022642767563,0.20469062710801686,0.2508021985930653,0.04252192476461086,4.252192476461086e-06,4.2521924764610866e-06,0.04093882172579819,0.0,-0.42953357443548157,-2.6377350309733947,-2.5117053587808345,0.42953357443548157
350.0,0.0,0.0,0.2502894417424071,-9.392910089934832,-6.912355255614775,50.05788834848141,3.0,0.0,-6.922910201894413,-0.05,0.0,False,0.00501677132155656,0.2502894417424071,0.25083963269169146,0.04252192476461086,4.252192476461086e-06,4.2521924764610866e-06,0.05005873976796587,0.0,0.0064834766724590764,-2.4805548343200563,-2.4699998880404186,0.0064834766724590764
351.0,0.0,0.0,0.24794686560931836,-9.42971297420563,-6.890410820526022,49.58937312186367,3.0,0.0,-6.896445935239167,0.03,0.0,False,0.004913847937811173,0.24794686560931836,0.24569344162192017,0.04252192476461086,4.252192476461086e-06,4.2521924764610866e-06,0.04959021657251432,0.0,-0.036802884270798586,-2.539302153679608,-2.5332670389664633,0.036802884270798586
352.0,0.0,0.0,0.25255233103076713,-9.034714024223522,-6.836361038074502,50.51046620615343,3.0,0.0,-6.913388717951825,-0.06,0.0,False,0.005156077390300848,0.25255233103076713,0.2578049657467167,0.04252192476461086,4.252192476461086e-06,4.2521924764610866e-06,0.050511325323397784,0.0,0.39499894998210827,-2.19835298614902,-2.1213253062716966,0.39499894998210827
353.0,0.0,0.0,0.21154508457807733,-8.19875290087738,-6.930125035371066,42.309016915615466,3.0,0.0,-6.9041359688418655,0.05,0.0,False,0.004778132392206701,0.2115450845780773,0.2389076354872655,0.04252192476461086,4.252192476461086e-06,4.2521924764610866e-06,0.04230973653688912,0.0,0.8359611233461415,-1.2686278655063141,-1.294616932035515,0.8359611233461415
354.0,0.0,0.0,0.12568596937215726,-7.984737761366015,-6.880261184814407,25.13719387443145,3.0,0.0,-6.919218201921898,-0.04,0.0,False,0.004778715032277725,0.12568596937215726,0.23893676761469163,0.04252192476461086,4.252192476461086e-06,4.2521924764610866e-06,0.02513762142536009,0.0,0.21401513951136586,-1.1044765765516074,-1.065519559444117,0.21401513951136586
355.0,0.0,0.0,0.09373040305319658,-7.798264054175624,-7.041218655307096,18.746080610639314,3.0,0.0,-6.941866485109141,0.21,0.0,False,0.004778865045076013,0.09373040305319655,0.2389442682865001,0.04252192476461086,4.252192476461086e-06,4.2521924764610866e-06,0.01874639945705524,0.0,0.18647370719039102,-0.7570453988685273,-0.8563975690664822,0.18647370719039102
356.0,0.0,0.0,0.07081154664183323,-7.170803123602385,-7.231471998166172,14.162309328366645,3.0,0.0,-7.047413802848316,0.14,0.0,False,0.004698483106116846,0.07081154664183323,0.234925154248568,0.04252192476461086,4.252192476461086e-06,4.2521924764610866e-06,0.014162550210803055,0.0,0.627460930573239,0.060668874563787334,-0.12338932075406817,0.627460930573239
357.0,0.0,0.0,0.0047977555096350155,-6.615786793348477,-7.2513379375819245,0.9595511019270031,3.0,0.0,-7.090133532540998,0.08,0.0,False,0.0049583033117179915,0.005682157410708956,0.2479162197689014,0.04252192476461086,4.252192476461086e-06,4.2521924764610866e-06,0.0009595674226415091,0.0,0.555016330253908,0.6355511442334478,0.4743467391925211,0.555016330253908
358.0,0.0,0.0,-0.05853315090346517,-6.323023480829348,-7.370787914934086,-11.706630180693034,3.0,0.0,-7.12282454845704,0.21,0.0,False,0.0048955915211338465,0.05853315090346517,0.24478061690656402,0.04252192476461086,4.252192476461086e-06,4.2521924764610866e-06,-0.011706829295225468,0.0,0.2927633125191287,1.0477644341047379,0.7998010676276923,0.2927633125191287
359.0,0.0,0.0,-0.09431152407232996,-6.253754899065639,-7.430930940237665,-18.86230481446599,3.0,0.0,-7.201130747094322,0.1,0.0,False,0.004886484426817797,0.09431152407232996,0.24432526025450563,0.04252192476461086,4.252192476461086e-06,4.2521924764610866e-06,-0.018862625637704255,0.0,0.06926858176370931,1.177176041172026,0.9473758480286838,0.06926858176370931
360.0,0.0,0.0,-0.11004688007260706,-6.318422204610027,-7.430731825165991,-22.00937601452141,3.0,0.0,-7.266158773090301,0.24,0.0,False,0.004637721233115291,0.11004688007260706,0.2318870476799313,0.04252192476461086,4.252192476461086e-06,4.2521924764610866e-06,-0.022009750365341984,0.0,-0.06466730554438804,1.1123096205559646,0.9477365684802743,0.06466730554438804
361.0,0.0,0.0,-0.10605810740587131,-5.845583587723709,-7.496836872465957,-21.211621481174262,3.0,0.0,-7.354247096817484,0.01,0.0,False,0.004579980473322367,0.1060581074058713,0.2289999974140439,0.04252192476461086,4.252192476461086e-06,4.2521924764610866e-06,-0.02121198226322923,0.0,0.47283861688631745,1.651253284742248,1.5086635090937746,0.47283861688631745
362.0,0.0,0.0,-0.15655800666874783,-6.434357179860269,-7.457008774275429,-31.311601333749568,3.0,0.0,-7.379025827643058,0.06,0.0,False,0.004700807092281846,0.15655800666874783,0.2350413540509198,0.04252192476461086,4.252192476461086e-06,4.2521924764610866e-06,-0.03131213390330742,0.0,-0.58877359213656,1.0226515944151595,0.9446686477827884,0.58877359213656
363.0,0.0,0.0,-0.10511176709960762,-6.686068458407682,-7.66121059264904,-21.022353419921526,3.0,0.0,-7.411196940150091,0.24,0.0,False,0.00467195621336533,0.10511176709960762,0.2335988039711195,0.04252192476461086,4.252192476461086e-06,4.2521924764610866e-06,-0.02102271098277328,0.0,-0.25171127854741293,0.9751421342413575,0.7251284817424084,0.25171127854741293
364.0,0.0,0.0,-0.08023401664503522,-7.100693714908734,-7.613683151127431,-16.046803329007044,3.0,0.0,-7.4854971986296075,-0.06,0.0,False,0.004931120613245855,0.08023401664503521,0.24655707906599128,0.04252192476461086,4.252192476461086e-06,4.2521924764610866e-06,-0.016047076264232005,0.0,-0.41462525650105153,0.5129894362186977,0.3848034837208738,0.41462525650105153
365.0,0.0,0.0,-0.04436876988573773,-7.182193236555422,-7.824942014429157,-8.873753977147546,3.0,0.0,-7.48842568338213,0.29,0.0,False,0.004925254562081939,0.044368769885737736,0.2462637752606166,0.04252192476461086,4.252192476461086e-06,4.2521924764610866e-06,-0.008873904908145349,0.0,-0.0814995216466885,0.6427487778737344,0.3062324468267077,0.0814995216466885
366.0,0.0,0.0,-0.042521896947895675,-6.919607151749148,-7.743849615644649,-8.504379389579135,3.0,0.0,-7.544390846993585,0.28,0.0,False,0.004758629660098575,0.042521896947895675,0.23793249473539066,0.04252192476461086,4.252192476461086e-06,4.2521924764610866e-06,-0.008504524037996284,0.0,0.26258608480627377,0.8242424638955006,0.624783695244437,0.26258608480627377
367.0,0.0,0.0,-0.07324245280834078,-6.4048629346469905,-7.908269959654699,-14.648490561668156,3.0,0.0,-7.607421246598893,0.13,0.0,False,0.0050071461038851345,0.07324245280834078,0.2503583697617063,0.04252192476461086,4.252192476461086e-06,4.2521924764610866e-06,-0.014648739713414132,0.0,0.5147442171021579,1.503407025007708,1.2025583119519023,0.5147442171021579
368.0,0.0,0.0,-0.1352023244244197,-6.12703376842626,-8.06328806511795,-27.040464884883942,3.0,0.0,-7.652047251882895,0.48,0.0,False,0.004841891426856773,0.1352023244244197,0.2420956007755535,0.04252192476461086,4.252192476461086e-06,4.2521924764610866e-06,-0.027040924807973613,0.0,0.2778291662207302,1.9362542966916898,1.5250134834566342,0.2778291662207302
369.0,0.0,0.0,-0.17437608220787734,-5.585336416476683,-8.148715371814257,-34.87521644157547,3.0,0.0,-7.756914924206523,0.42,0.0,False,0.005141982693354188,0.17437608220787734,0.25710022790271553,0.04252192476461086,4.252192476461086e-06,4.2521924764610866e-06,-0.03487580962358498,0.0,0.5416973519495771,2.5633789553375737,2.1715785077298397,0.5416973519495771
370.0,0.0,0.0,-0.233369269492824,-5.322918375460632,-8.17132176948,-46.6738538985648,3.0,0.0,-7.870831664538274,0.26,0.0,False,0.004897875057303372,0.233369269492824,0.24489479420054197,0.04252192476461086,4.252192476461086e-06,4.2521924764610866e-06,-0.04667464776003069,0.0,0.26241804101605126,2.8484033940193685,2.547913289077642,0.26241804101605126
371.0,0.0,0.0,-0.26766533335925674,-5.194296626496936,-8.253485327773141,-53.533066671851344,3.0,0.0,-7.919078727957519,0.36,0.0,False,0.0050030942448526135,0.26766533335925674,0.250155775948616,0.04252192476461086,4.252192476461086e-06,4.2521924764610866e-06,-0.053533977199592936,0.0,0.12862174896369627,3.059188701276206,2.7247821014605833,0.12862174896369627
372.0,0.0,0.0,-0.27635608682936263,-4.724297176013796,-7.896434682320303,-55.27121736587253,3.0,0.0,-7.999628617279033,0.02,0.0,False,0.005079241503740423,0.27635608682936263,0.2539631550826465,0.04252192476461086,4.252192476461086e-06,4.2521924764610866e-06,-0.055272157457293615,0.0,0.4699994504831393,3.1721375063065063,3.2753314412652363,0.4699994504831393
373.0,0.0,0.0,-0.3205432739746832,-4.8714525968607205,-7.754566260084598,-64.10865479493664,3.0,0.0,-7.957916250754221,0.04,0.0,False,0.005050648043667456,0.3205432739746832,0.25253347599975345,0.04252192476461086,4.252192476461086e-06,4.2521924764610866e-06,-0.06410974519965836,0.0,-0.14715542084692412,2.8831136632238774,3.0864636538935004,0.14715542084692412
374.0,0.0,0.0,-0.30661372659133834,-4.700633168438367,-7.760418346647436,-61.32274531826767,3.0,0.0,-7.929798066345524,0.05,0.0,False,0.004815835331655144,0.30661372659133834,0.24079279047569543,0.04252192476461086,4.252192476461086e-06,4.2521924764610866e-06,-0.0613237883382976,0.0,0.17081942842235343,3.0597851782090686,3.2291648979071566,0.17081942842235343
375.0,0.0,0.0,-0.32634703925165776,-4.651017269383335,-7.7095174212229844,-65.26940785033155,3.0,0.0,-7.937655051803169,-0.18,0.0,False,0.005083161288448756,0.32634703925165776,0.2541591451514471,0.04252192476461086,4.252192476461086e-06,4.2521924764610866e-06,-0.06527051799795094,0.0,0.049615899055032386,3.0585001518396497,3.2866377824198345,0.049615899055032386
376.0,0.0,0.0,-0.32692395863488805,-4.934772185396964,-7.7527278685261685,-65.38479172697761,3.0,0.0,-7.964172945476192,0.1,0.0,False,0.00514207709060561,0.32692395863488805,0.25710494778535636,0.04252192476461086,4.252192476461086e-06,4.2521924764610866e-06,-0.06538590383712647,0.0,-0.28375491601362945,2.8179556831292043,3.029400760079228,0.28375491601362945
377.0,0.0,0.0,-0.29894484083961087,-5.350013000236634,-7.786765170423753,-59.78896816792218,3.0,0.0,-7.920326362912076,0.02,0.0,False,0.005066579891379795,0.29894484083961087,0.2533300717726345,0.04252192476461086,4.252192476461086e-06,4.2521924764610866e-06,-0.0597899851004004,0.0,-0.41524081483967024,2.436752170187119,2.5703133626754413,0.41524081483967024
378.0,0.0,0.0,-0.2567547236616591,-5.583155864166075,-7.849086751518443,-51.35094473233182,3.0,0.0,-7.924284152343224,0.0,0.0,False,0.00523591298763147,0.25675472366165913,0.2617967625870641,0.04252192476461086,4.252192476461086e-06,4.2521924764610866e-06,-0.05135181814502125,0.0,-0.23314286392944084,2.2659308873523676,2.341128288177149,0.23314286392944084
379.0,0.0,0.0,-0.23308631725289408,-5.296305389136032,-7.831040744987416,-46.61726345057882,3.0,0.0,-7.917614825378435,-0.05,0.0,False,0.0051043005827248935,0.23308631725289408,0.2552161143596714,0.04252192476461086,4.252192476461086e-06,4.2521924764610866e-06,-0.04661805634951489,0.0,0.28685047503004313,2.5347353558513843,2.621309436242403,0.28685047503004313
380.0,0.0,0.0,-0.261866514880283,-5.0608584703526835,-7.783589806465574,-52.3733029760566,3.0,0.0,-7.914068593089244,-0.05,0.0,False,0.005311385759882076,0.261866514880283,0.26557041724583225,0.04252192476461086,4.252192476461086e-06,4.2521924764610866e-06,-0.05237419377772823,0.0,0.23544691878334856,2.722731336112891,2.8532101227365603,0.23544691878334856
381.0,0.0,0.0,-0.28560256146702906,-5.507141253017608,-7.84918379896537,-57.12051229340581,3.0,0.0,-7.91502621328008,-0.16,0.0,False,0.00590380730781709,0.28560256146702906,0.2951916205971053,0.04252192476461086,4.252192476461086e-06,4.2521924764610866e-06,-0.05712148383892507,0.0,-0.44628278266492405,2.3420425459477627,2.4078849602624723,0.44628278266492405
382.0,0.0,0.0,-0.23938333451694924,-5.380283656997971,-7.739507815334625,-47.87666690338985,3.0,0.0,-7.916944806876128,0.05,0.0,False,0.006014329161602816,0.2393833345169492,0.30071773678440133,0.04252192476461086,4.252192476461086e-06,4.2521924764610866e-06,-0.047877481223138375,0.0,0.12685759601963653,2.359224158336654,2.5366611498781566,0.12685759601963653
383.0,0.0,0.0,-0.2520188027001455,-5.372711388043232,-7.871594599332039,-50.4037605400291,3.0,0.0,-7.901025493387798,0.14,0.0,False,0.005654881692185051,0.2520188027001455,0.2827452868915219,0.04252192476461086,4.252192476461086e-06,4.2521924764610866e-06,-0.05040461784234905,0.0,0.007572268954739059,2.498883211288807,2.528314105344566,0.007572268954739059
384.0,0.0,0.0,-0.2584890487359368,-5.0112407017894585,-7.945867895994037,-51.697809747187364,3.0,0.0,-7.900525265622261,0.01,0.0,False,0.005423994802151208,0.2584890487359368,0.2712008933010549,0.04252192476461086,4.252192476461086e-06,4.2521924764610866e-06,-0.051698689059598936,0.0,0.36147068625377354,2.9346271942045785,2.8892845638328026,0.36147068625377354
385.0,0.0,0.0,-0.2956096946861753,-5.53171692503256,-7.922992334660308,-59.121938937235065,3.0,0.0,-7.957656832662012,-0.02,0.0,False,0.0052255084160391365,0.2956096946861753,0.26127653179533533,0.04252192476461086,4.252192476461086e-06,4.2521924764610866e-06,-0.05912294452441483,0.0,-0.5204762232431017,2.391275409627748,2.425939907629452,0.5204762232431017
386.0,0.0,0.0,-0.24452243303697407,-5.744685440906219,-8.00046893496891,-48.904486607394816,3.0,0.0,-7.967400498117193,0.01,0.0,False,0.005108221828926588,0.24452243303697407,0.2554121775034508,0.04252192476461086,4.252192476461086e-06,4.2521924764610866e-06,-0.048905318409017864,0.0,-0.2129685158736585,2.255783494062692,2.2227150572109746,0.2129685158736585
387.0,0.0,0.0,-0.2254978503664667,-5.886660380680016,-7.921807582888189,-45.099570073293336,3.0,0.0,-7.976993243224802,0.02,0.0,False,0.004923553066531969,0.2254978503664667,0.24617870012136372,0.04252192476461086,4.252192476461086e-06,4.2521924764610866e-06,-0.04510033715824173,0.0,-0.14197493977379771,2.0351472022081722,2.090332862544786,0.14197493977379771
388.0,0.0,0.0,-0.20840536594556902,-6.729450023361546,-7.896450545340017,-41.6810731891138,3.0,0.0,-7.999711887584023,0.02,0.0,False,0.005436141196992197,0.20840536594556902,0.27180821562554475,0.04252192476461086,4.252192476461086e-06,4.2521924764610866e-06,-0.041681782129882515,0.0,-0.84278964268153,1.167000521978471,1.2702618642224763,0.84278964268153
389.0,0.0,0.0,-0.1260408403718082,-6.57010774389936,-7.880586475635439,-25.20816807436164,3.0,0.0,-7.9707583491221605,-0.08,0.0,False,0.00532652160689842,0.1260408403718082,0.2663272128146761,0.04252192476461086,4.252192476461086e-06,4.2521924764610866e-06,-0.025208596832468982,0.0,0.15934227946218638,1.3104787317360787,1.4006506052228005,0.15934227946218638
390.0,0.0,0.0,-0.13760727785253646,-6.853039673021853,-7.800312332642348,-27.521455570507293,3.0,0.0,-7.989885224575285,0.0,0.0,False,0.005279741190770115,0.13760727785253646,0.26398818206229413,0.04252192476461086,4.252192476461086e-06,4.2521924764610866e-06,-0.02752192367462207,0.0,-0.2829319291224932,0.947272659620495,1.1368455515534315,0.2829319291224932
391.0,0.0,0.0,-0.10831311269923097,-6.69573672879367,-7.737338972935164,-21.662622539846193,3.0,0.0,-7.946209779056303,0.07,0.0,False,0.005132589650124875,0.10831311269923098,0.2566305737441985,0.04252192476461086,4.252192476461086e-06,4.2521924764610866e-06,-0.021662990992841778,0.0,0.15730294422818325,1.0416022441414938,1.2504730502626327,0.15730294422818325
392.0,0.0,0.0,-0.12291134785016956,-7.196695409576982,-7.799938239754027,-24.582269570033912,3.0,0.0,-7.936193828424308,0.0,0.0,False,0.005219537342949241,0.12291134785016956,0.260977976871333,0.04252192476461086,4.252192476461086e-06,4.2521924764610866e-06,-0.024582687682422874,0.0,-0.5009586807833122,0.6032428301770452,0.7394984188473259,0.5009586807833122
393.0,0.0,0.0,-0.0713340116200136,-7.248687200724029,-7.689390137656091,-14.26680232400272,3.0,0.0,-7.924876339430795,0.04,0.0,False,0.004943885202136886,0.07133401162001361,0.24719531122441724,0.04252192476461086,4.252192476461086e-06,4.2521924764610866e-06,-0.014267044983728891,0.0,-0.05199179114704666,0.44070293693206253,0.676189138706766,0.05199179114704666
394.0,0.0,0.0,-0.060582675254102485,-7.064089535739226,-7.594990022768471,-12.116535050820497,3.0,0.0,-7.910050692074495,0.18,0.0,False,0.004986354063366215,0.06058267525410248,0.2493187633151724,0.04252192476461086,4.252192476461086e-06,4.2521924764610866e-06,-0.012116741137300904,0.0,0.18459766498480246,0.5309004870292444,0.8459611563352682,0.18459766498480246
395.0,0.0,0.0,-0.0755001826734153,-6.993024911747144,-7.600146579348291,-15.10003653468306,3.0,0.0,-7.854526833724849,0.15,0.0,False,0.005005976359089971,0.0755001826734153,0.25029988227324906,0.04252192476461086,4.252192476461086e-06,4.2521924764610866e-06,-0.015100293366637936,0.0,0.07106462399208269,0.607121667601147,0.8615019219777054,0.07106462399208269
396.0,0.0,0.0,-0.08035500312594791,-7.224829072538376,-7.6560383615763135,-16.071000625189583,3.0,0.0,-7.8191074145388155,0.06,0.0,False,0.004948103425412928,0.08035500312594791,0.24740622328505424,0.04252192476461086,4.252192476461086e-06,4.2521924764610866e-06,-0.016071273971979036,0.0,-0.23180416079123223,0.43120928903793754,0.5942783420004396,0.23180416079123223
397.0,0.0,0.0,-0.05986668262813817,-7.925267780729946,-7.686997449480168,-11.973336525627634,3.0,0.0,-7.796592027253609,0.0,0.0,False,0.004839081706614276,0.05986668262813817,0.241955114166055,0.04252192476461086,4.252192476461086e-06,4.2521924764610866e-06,-0.01197354017648763,0.0,-0.7004387081915704,-0.2382703312497787,-0.12867575347633764,0.7004387081915704
398.0,0.0,0.0,0.009814107239927731,-8.07497325103311,-7.923823432439271,1.9628214479855461,3.0,0.0,-7.82350862705263,0.05,0.0,False,0.005035858601441509,0.009964717886383888,0.2517940007440783,0.04252192476461086,4.252192476461086e-06,4.2521924764610866e-06,0.00196285483302196,0.0,-0.1497054703031644,-0.15114981859384002,-0.251464623980481,0.1497054703031644
399.0,0.0,0.0,0.018068346456571814,-8.673582195489093,-7.96460294766331,3.613669291314363,3.0,0.0,-7.8271246217570205,0.07,0.0,False,0.005198719786646291,0.01808067704372894,0.25993709463017267,0.04252192476461086,4.252192476461086e-06,4.2521924764610866e-06,0.0036137307551224957,0.0,-0.5986089444559823,-0.7089792478257833,-0.8464575737320725,0.5986089444559823
