t,mean_abs_delta_real,mean_abs_delta_planning,mean_action,price,v_true,total_demand,mean_k,xs_k_std,mean_belief,mean_correctness,mean_salience,regime_post,xs_action_std,xs_action_mean_abs,xs_belief_std,xs_sigma_mean,xs_rho_mean,xs_rho_max,mean_myopic_term,mean_hedging_term,ret,mispricing_true,mispricing_belief,vol_proxy
0.0,0.0,0.0,-0.0040482232327510165,0.10659771051294471,0.11108437753620169,-0.8096446465502033,3.0,0.0,0.0,-0.73,0.0,False,0.01240985987314465,0.010416327727648604,0.620504341970984,0.18289189189189195,1.8289189189189194e-05,1.8289189189189194e-05,-0.0008097038764434034,0.0,0.0,-0.004486667023256979,0.10659771051294471,0.0
1.0,0.0,0.0,-0.011390440392859887,-0.15264370144157013,-0.01646462369045419,-2.2780880785719773,3.0,0.0,-0.04048593426353933,0.13,0.0,False,0.010482599835066962,0.012914701653769196,0.5241354164834475,0.10349970779853253,1.0349970779853254e-05,1.0349970779853254e-05,-0.0022781823901760426,0.0,-0.25924141195451483,-0.13617907775111593,-0.1121577671780308,0.25924141195451483
2.0,0.0,0.0,0.008697185492209323,-0.3922604788709103,0.001293058508304721,1.7394370984418648,3.0,0.0,-0.007312587951915884,0.12,0.0,False,0.009158944565292433,0.010342141500724053,0.4579506745325611,0.07525469588680311,7.525469588680311e-06,7.525469588680309e-06,0.0017394894583717736,0.0,-0.23961677742934018,-0.39355353737921506,-0.38494789091899445,0.23961677742934018
3.0,0.0,0.0,0.03184427285185123,-0.2931799291264655,-0.06083968586788388,6.368854570370246,3.0,0.0,-0.06566857399923054,0.15,0.0,False,0.008337516750956939,0.03184427285185123,0.4168784097168868,0.061701082387537146,6.170108238753715e-06,6.170108238753715e-06,0.006369011755488621,0.0,0.0990805497444448,-0.23234024325858163,-0.22751135512723497,0.0990805497444448
4.0,0.0,0.0,0.01716615503628344,-0.736276592466466,-0.28492912125032677,3.4332310072566883,3.0,0.0,-0.07380792622188395,0.21,0.0,False,0.007244126390502065,0.017185398451479792,0.3622082854304495,0.05427584335912398,5.427584335912399e-06,5.4275843359123984e-06,0.003433305543455483,0.0,-0.44309666334000053,-0.4513474712161393,-0.6624686662445821,0.44309666334000053
5.0,0.0,0.0,0.05320287580870124,-0.39053005372874083,-0.40553677544897565,10.640575161740248,3.0,0.0,-0.12151372022592194,0.14,0.0,False,0.006763673749614933,0.05320287580870125,0.33818537539837173,0.049911266793667725,4.991126679366772e-06,4.991126679366772e-06,0.010640787594514265,0.0,0.3457465387377252,0.015006721720234817,-0.2690163335028189,0.3457465387377252
6.0,0.0,0.0,0.007510925668564312,-1.0645168763471842,-0.43562105221061287,1.5021851337128624,3.0,0.0,-0.2042345572648102,0.24,0.0,False,0.00632423050868785,0.008294154275465804,0.31621301918504086,0.04723896911451465,4.723896911451467e-06,4.723896911451466e-06,0.00150221351824963,0.0,-0.6739868226184433,-0.6288958241365713,-0.860282319082374,0.6739868226184433
7.0,0.0,0.0,0.06725889822777527,-0.9966020120278252,-0.5875342891443922,13.451779645555053,3.0,0.0,-0.31541902300116936,0.26,0.0,False,0.005920503540575465,0.06725889822777527,0.29602652577177674,0.04556176663690604,4.5561766636906065e-06,4.556176663690606e-06,0.013452024799176114,0.0,0.067914864319359,-0.40906772288343296,-0.6811829890266559,0.067914864319359
8.0,0.0,0.0,0.05638652340100456,-0.904811421437512,-0.5091566492317764,11.277304680200912,3.0,0.0,-0.39191257189830486,0.1,0.0,False,0.005728110718321859,0.05638652340100456,0.2864068102115013,0.044492694745204016,4.449269474520401e-06,4.449269474520402e-06,0.011277505382377803,0.0,0.09179059059031314,-0.39565477220573564,-0.5128988495392072,0.09179059059031314
9.0,0.0,0.0,0.04052160493193011,-1.0735656348544695,-0.6166516504577124,8.104320986386023,3.0,0.0,-0.4327242340759126,0.23,0.0,False,0.005041844009808809,0.04052160493193011,0.2520933047681658,0.04380451768299382,4.380451768299385e-06,4.380451768299384e-06,0.008104462988112767,0.0,-0.1687542134169575,-0.4569139843967571,-0.640841400778557,0.1687542134169575
10.0,0.0,0.0,0.053526843952212515,-0.8499851276274355,-0.6280896589889203,10.705368790442503,3.0,0.0,-0.4995864969714124,0.02,0.0,False,0.004997539185258707,0.053526843952212515,0.24987804269742833,0.0433587192744284,4.335871927442841e-06,4.3358719274428405e-06,0.010705554458069517,0.0,0.22358050722703404,-0.22189546863851517,-0.3503986306560231,0.22358050722703404
11.0,0.0,0.0,0.02717272606859096,-1.2657929867018334,-0.6468733139578781,5.434545213718192,3.0,0.0,-0.5382855910553416,0.01,0.0,False,0.005483046188961854,0.027172726068590967,0.2741534901878004,0.04306874926707378,4.3068749267073785e-06,4.306874926707378e-06,0.005434638836941047,0.0,-0.4158078590743979,-0.6189196727439553,-0.7275073956464918,0.4158078590743979
12.0,0.0,0.0,0.060770218625692374,-0.9201003072611088,-0.8866306141258915,12.154043725138475,3.0,0.0,-0.578252015464896,0.3,0.0,False,0.005468400894885242,0.060770218625692374,0.2734212171594594,0.042879635920764284,4.287963592076431e-06,4.28796359207643e-06,0.012154252188632537,0.0,0.34569267944072457,-0.033469693135217304,-0.3418482917962128,0.34569267944072457
13.0,0.0,0.0,0.020955109703683562,-1.5145844870894107,-0.8684079228236733,4.191021940736713,3.0,0.0,-0.6580777714206628,0.2,0.0,False,0.005357155314320478,0.020955109703683562,0.2678589109709797,0.04275608559413131,4.2756085594131314e-06,4.275608559413132e-06,0.0041910936171073825,0.0,-0.5944841798283019,-0.6461765642657374,-0.8565067156687479,0.5944841798283019
14.0,0.0,0.0,0.07889198069495065,-1.3090630110427803,-0.7619529271313906,15.77839613899013,3.0,0.0,-0.7105447304319525,0.07,0.0,False,0.004933902409479985,0.07889198069495067,0.24669617325226106,0.042675277071923805,4.26752770719238e-06,4.267527707192379e-06,0.015778665476811515,0.0,0.2055214760466304,-0.5471100839113897,-0.5985182806108278,0.2055214760466304
15.0,0.0,0.0,0.05524292820885934,-1.1153741150399632,-0.7519891577470774,11.048585641771869,3.0,0.0,-0.7256478464542299,-0.09,0.0,False,0.005164391887207035,0.05524292820885934,0.2582206949538443,0.04262238484319971,4.2622384843199725e-06,4.262238484319972e-06,0.011048774007796682,0.0,0.19368889600281713,-0.3633849572928858,-0.38972626858573334,0.19368889600281713
16.0,0.0,0.0,0.038895823207396645,-0.8450473133838188,-0.6208667478038687,7.779164641479329,3.0,0.0,-0.7566219560274571,0.04,0.0,False,0.005326489393286836,0.038895823207396645,0.26632560388028464,0.04258774810914817,4.2587748109148164e-06,4.258774810914817e-06,0.0077792971597566585,0.0,0.2703268016561444,-0.22418056557995003,-0.0884253573563617,0.2703268016561444
17.0,0.0,0.0,0.018050326882613967,-0.6826647402441031,-0.4180396729849894,3.610065376522793,3.0,0.0,-0.7264076005383909,0.23,0.0,False,0.005339405608713834,0.018050326882613967,0.2669714167962623,0.042565058879555154,4.256505887955516e-06,4.256505887955516e-06,0.003610126841319293,0.0,0.1623825731397157,-0.26462506725911367,0.043742860294287866,0.1623825731397157
18.0,0.0,0.0,0.0013442136053285758,-0.9855199022903505,-0.46468701530890866,0.26884272106571516,3.0,0.0,-0.6645402029915464,0.01,0.0,False,0.005243378540488685,0.004278835244899303,0.26217004255827664,0.042550192925283656,4.255019292528367e-06,4.2550192925283665e-06,0.0002688472967701045,0.0,-0.3028551620462474,-0.5208328869814418,-0.3209796992988041,0.3028551620462474
19.0,0.0,0.0,0.031434650058994595,-1.3805687128355109,-0.5115815542993842,6.286930011798919,3.0,0.0,-0.6692223182080761,0.04,0.0,False,0.005400608445900307,0.031434650058994595,0.27003157101662223,0.0425404514451206,4.254045144512061e-06,4.254045144512061e-06,0.006287036990880186,0.0,-0.3950488105451604,-0.8689871585361266,-0.7113463946274348,0.3950488105451604
20.0,0.0,0.0,0.07153749512482277,-2.317859246092147,-0.5381371147576042,14.307499024964553,3.0,0.0,-0.671166715479382,0.07,0.0,False,0.0050781597947625505,0.07153749512482277,0.2539090697120825,0.04253406740151187,4.253406740151185e-06,4.253406740151186e-06,0.014307742446380332,0.0,-0.9372905332566361,-1.7797221313345428,-1.646692530612765,0.9372905332566361
21.0,0.0,0.0,0.17079795156078725,-1.6879240635402102,-0.4369077700862475,34.15959031215745,3.0,0.0,-0.6651785476840864,0.14,0.0,False,0.00496533948882127,0.17079795156078728,0.24826803031761088,0.04252988339718566,4.252988339718564e-06,4.252988339718564e-06,0.034160171431043086,0.0,0.6299351825519368,-1.2510162934539628,-1.0227455158561238,0.6299351825519368
22.0,0.0,0.0,0.11310312805842802,-2.4129480124737483,-0.34533556833166507,22.620625611685604,3.0,0.0,-0.609843410399454,0.13,0.0,False,0.005076143988548281,0.113103128058428,0.25380827879687384,0.042527141159834476,4.252714115983449e-06,4.252714115983449e-06,0.02262101040626458,0.0,-0.7250239489335382,-2.067612444142083,-1.8031046020742942,0.7250239489335382
23.0,0.0,0.0,0.18998288314880774,-1.8125231738072316,-0.35281604231870284,37.99657662976155,3.0,0.0,-0.5568687331924675,0.05,0.0,False,0.00524770368536417,0.18998288314880774,0.2623863000702261,0.04252534382553204,4.252534382553201e-06,4.252534382553203e-06,0.03799722295400719,0.0,0.6004248386665167,-1.4597071314885288,-1.255654440614764,0.6004248386665167
24.0,0.0,0.0,0.13239451059523052,-2.207974624459756,-0.20222389899960982,26.478902119046104,3.0,0.0,-0.5130787855485361,0.09,0.0,False,0.0049946632686216725,0.13239451059523052,0.24973422540052795,0.04252416578609152,4.252416578609152e-06,4.252416578609151e-06,0.02647935251442024,0.0,-0.3954514506525244,-2.005750725460146,-1.6948958389112199,0.3954514506525244
25.0,0.0,0.0,0.17267894281426424,-1.231595511594462,-0.17440409681602342,34.53578856285285,3.0,0.0,-0.4885499180243384,0.01,0.0,False,0.005010776963768691,0.17267894281426424,0.25053991356464117,0.042523393647102156,4.252339364710216e-06,4.252339364710216e-06,0.03453637599192767,0.0,0.9763791128652941,-1.0571914147784385,-0.7430455935701235,0.9763791128652941
26.0,0.0,0.0,0.082397638949461,-0.5470877859881829,0.005472934550571185,16.479527789892202,3.0,0.0,-0.4811484818438153,0.36,0.0,False,0.004791560603065208,0.082397638949461,0.23957904890822393,0.042522887549586885,4.252288754958689e-06,4.252288754958688e-06,0.016479808091543105,0.0,0.684507725606279,-0.552560720538754,-0.06593930414436755,0.684507725606279
27.0,0.0,0.0,0.020327429322721868,-0.5417762823590644,-0.03561406923990064,4.065485864544374,3.0,0.0,-0.407601603172175,0.29,0.0,False,0.004556752254302265,0.020327429322721864,0.22783858153887387,0.04252255582707921,4.252255582707923e-06,4.252255582707922e-06,0.0040655550141901866,0.0,0.005311503629118475,-0.5061622131191638,-0.1341746791868894,0.005311503629118475
28.0,0.0,0.0,0.030187454484218307,-1.0583377046134381,0.0714608543090082,6.037490896843662,3.0,0.0,-0.34380917088972324,0.44,0.0,False,0.004575071343392583,0.030187454484218307,0.22875453988328848,0.04252233839831703,4.252233839831701e-06,4.252233839831702e-06,0.006037593587699394,0.0,-0.5165614222543737,-1.1297985589224464,-0.7145285337237148,0.5165614222543737
29.0,0.0,0.0,0.08464722146378484,-0.9626963517555283,-0.0269790026117257,16.92944429275697,3.0,0.0,-0.23989531931110641,0.09,0.0,False,0.004723804234991147,0.08464722146378484,0.23619121608220234,0.04252219588353538,4.252219588353537e-06,4.252219588353538e-06,0.01692973224239112,0.0,0.09564135285790987,-0.9357173491438026,-0.7228010324444218,0.09564135285790987
30.0,0.0,0.0,0.0770581481639537,-1.6671179906219433,-0.059925558668891155,15.41162963279074,3.0,0.0,-0.21184749304692882,-0.04,0.0,False,0.0049303345458290414,0.0770581481639537,0.246517775532406,0.042522102471379226,4.2522102471379225e-06,4.2522102471379225e-06,0.015411891765633899,0.0,-0.7044216388664151,-1.6071924319530522,-1.4552704975750146,0.7044216388664151
31.0,0.0,0.0,0.14441872124538516,-1.5020726609748551,-0.2002836573965547,28.88374424907703,3.0,0.0,-0.19209848674362853,-0.01,0.0,False,0.005122097424514456,0.14441872124538516,0.2561059602359125,0.042522041243776856,4.252204124377685e-06,4.252204124377686e-06,0.028884235525293702,0.0,0.16504532964708818,-1.3017890035783004,-1.3099741742312265,0.16504532964708818
32.0,0.0,0.0,0.12860922741453662,-0.9924853478487246,-0.1838037246979324,25.721845482907327,3.0,0.0,-0.22290007327398664,-0.05,0.0,False,0.0051174240118665466,0.12860922741453662,0.25587228860887495,0.04252200111172609,4.252200111172611e-06,4.25220011117261e-06,0.025722282978783907,0.0,0.5095873131261306,-0.8086816231507922,-0.7695852745747379,0.5095873131261306
33.0,0.0,0.0,0.07620824990781744,-1.15436092265318,-0.19447244265568447,15.241649981563489,3.0,0.0,-0.21595304322093262,-0.09,0.0,False,0.005285989385566991,0.07620824990781744,0.264300593131887,0.04252197480688926,4.2521974806889265e-06,4.252197480688927e-06,0.01524190922248376,0.0,-0.16187557480445536,-0.9598884799974954,-0.9384078794322472,0.16187557480445536
34.0,0.0,0.0,0.08473999523702586,-0.8086046471824586,-0.37575785510723014,16.947999047405172,3.0,0.0,-0.2303866461441366,0.15,0.0,False,0.005003602335651501,0.08473999523702588,0.250181180597406,0.042521957565193544,4.2521957565193565e-06,4.252195756519356e-06,0.016948287311017936,0.0,0.3457562754707213,-0.43284679207522847,-0.578218001038322,0.3457562754707213
35.0,0.0,0.0,0.044693953157950606,-1.1065593884984575,-0.3213564385596476,8.938790631590122,3.0,0.0,-0.30694295373051367,0.0,0.0,False,0.004903471917948835,0.0446939531579506,0.24517463842328874,0.04252194626399751,4.252194626399752e-06,4.252194626399751e-06,0.008938942668853587,0.0,-0.29795474131599886,-0.7852029499388099,-0.7996164347679438,0.29795474131599886
36.0,0.0,0.0,0.07690071836047381,-1.1324950935600697,-0.3227636293669328,15.380143672094762,3.0,0.0,-0.36165561323358014,0.01,0.0,False,0.005230458538742434,0.0769007183604738,0.26152403898331256,0.04252193885654483,4.2521938856544815e-06,4.252193885654482e-06,0.01538040526839393,0.0,-0.025935705061612246,-0.8097314641931369,-0.7708394803264895,0.025935705061612246
37.0,0.0,0.0,0.07343383320463936,-1.5744794291125221,-0.4008063759255113,14.686766640927873,3.0,0.0,-0.337535855055499,0.1,0.0,False,0.005148253908716873,0.07343383320463936,0.2574137900044083,0.04252193400127473,4.2521934001274746e-06,4.252193400127474e-06,0.01468701644375437,0.0,-0.4419843355524524,-1.1736730531870108,-1.2369435740570232,0.4419843355524524
38.0,0.0,0.0,0.11187639371377904,-1.747484108236677,-0.45904535555337606,22.375278742755807,3.0,0.0,-0.3981411487706318,-0.02,0.0,False,0.004873669069290583,0.11187639371377901,0.2436844896536241,0.042521930818851625,4.2521930818851625e-06,4.2521930818851625e-06,0.022375659317159416,0.0,-0.17300467912415485,-1.288438752683301,-1.3493429594660453,0.17300467912415485
39.0,0.0,0.0,0.12764253593523273,-1.6450828225750145,-0.47461232454514224,25.528507187046543,3.0,0.0,-0.45569170597336367,-0.06,0.0,False,0.0052851253173798515,0.12764253593523273,0.26425738953760297,0.04252192873290852,4.252192873290852e-06,4.252192873290853e-06,0.02552894139374552,0.0,0.10240128566166251,-1.1704704980298724,-1.1893911166016509,0.10240128566166251
40.0,0.0,0.0,0.11320621941761583,-1.648906497939956,-0.5711419044181154,22.641243883523167,3.0,0.0,-0.4710316108502683,-0.04,0.0,False,0.005449359616564488,0.11320621941761583,0.2724691394145934,0.04252192736566145,4.2521927365661454e-06,4.252192736566145e-06,0.0226416289816168,0.0,-0.0038236753649414368,-1.0777645935218405,-1.1778748870896876,0.0038236753649414368
41.0,0.0,0.0,0.10462303178619793,-1.105631641458661,-0.6906319901811824,20.924606357239586,3.0,0.0,-0.5129965596656596,0.24,0.0,False,0.005143895251999845,0.10462303178619792,0.2571958562416706,0.04252192646948904,4.252192646948904e-06,4.252192646948905e-06,0.02092496225755539,0.0,0.5432748564812948,-0.41499965127747873,-0.5926350817930015,0.5432748564812948
42.0,0.0,0.0,0.04539888893913436,0.14593280091586225,-0.8316095496753686,9.079777787826872,3.0,0.0,-0.6026539362136542,0.1,0.0,False,0.005070268410435808,0.04539888893913437,0.2535144985096781,0.04252192588208612,4.252192588208611e-06,4.252192588208612e-06,0.009079932223025437,0.0,1.2515644423745234,0.9775423505912308,0.7485867371295164,1.2515644423745234
43.0,0.0,0.0,-0.08704956275169783,0.530394067278108,-0.9698727399951503,-17.409912550339566,3.0,0.0,-0.6516330998263643,0.27,0.0,False,0.005102951111819596,0.08704956275169783,0.25514864052751474,0.042521925497068444,4.252192549706844e-06,4.252192549706844e-06,-0.017410208670282153,0.0,0.38446126636224576,1.5002668072732583,1.1820271671044722,0.38446126636224576
44.0,0.0,0.0,-0.13504418582236974,0.8040915292132995,-1.0686957970579607,-27.008837164473945,3.0,0.0,-0.7245813341762251,0.33,0.0,False,0.005219434383452965,0.13504418582236974,0.2609728288746417,0.042521925244705674,4.2521925244705684e-06,4.252192524470569e-06,-0.027009296549622485,0.0,0.2736974619351915,1.8727873262712602,1.5286728633895246,0.2736974619351915
45.0,0.0,0.0,-0.16639444894193417,0.33808461525255473,-1.0576565605749435,-33.278889788386834,3.0,0.0,-0.8200765026394602,0.2,0.0,False,0.0049372244285465555,0.16639444894193417,0.246862271128764,0.04252192507929264,4.252192507929263e-06,4.2521925079292635e-06,-0.033279455818963265,0.0,-0.4660069139607448,1.3957411758274982,1.158161117892015,0.4660069139607448
46.0,0.0,0.0,-0.12182814991723735,0.30801563348135313,-0.9842625824885426,-24.36562998344747,3.0,0.0,-0.8598883372674986,-0.03,0.0,False,0.0052514999829624985,0.12182814991723735,0.2625761156675662,0.042521924970871386,4.252192497087138e-06,4.252192497087139e-06,-0.024366044411081228,0.0,-0.030068981771201597,1.2922782159698958,1.1679039707488517,0.030068981771201597
47.0,0.0,0.0,-0.12265480085569075,0.8800008426144793,-0.9733701456779759,-24.53096017113815,3.0,0.0,-0.8802227857570679,0.23,0.0,False,0.004953622867588425,0.12265480085569075,0.24768219656731902,0.04252192489980588,4.252192489980587e-06,4.252192489980588e-06,-0.02453137741082241,0.0,0.5719852091331261,1.8533709882924552,1.760223628371547,0.5719852091331261
48.0,0.0,0.0,-0.18392539126310872,1.186948276668797,-0.9500161107667973,-36.785078252621744,3.0,0.0,-0.9185584526667071,-0.08,0.0,False,0.004954024023506155,0.18392539126310872,0.24770225444849395,0.04252192485322546,4.252192485322546e-06,4.252192485322545e-06,-0.03678570391889453,0.0,0.3069474340543178,2.1369643874355946,2.105506729335504,0.3069474340543178
49.0,0.0,0.0,-0.21646527974112512,1.842857959819095,-0.8864202287209897,-43.293055948225025,3.0,0.0,-0.9592921743249353,-0.01,0.0,False,0.004789211218459909,0.21646527974112517,0.23946157915539243,0.04252192482269396,4.252192482269395e-06,4.252192482269396e-06,-0.04329379230672203,0.0,0.655909683150298,2.7292781885400847,2.8021501341440302,0.655909683150298
50.0,0.0,0.0,-0.28757705593836885,0.8125106645787209,-1.1463913147971687,-57.51541118767377,3.0,0.0,-0.9777505433442133,0.06,0.0,False,0.00483046379355681,0.28757705593836885,0.24152421668093155,0.04252192480268187,4.252192480268186e-06,4.252192480268186e-06,-0.05751638944990981,0.0,-1.0303472952403743,1.9589019793758897,1.790261207922934,1.0303472952403743
51.0,0.0,0.0,-0.19337700475773936,0.8375078169253438,-1.2877599643135262,-38.67540095154787,3.0,0.0,-1.032973741214331,0.3,0.0,False,0.005009159984850601,0.19337700475773936,0.25045906423815073,0.04252192478956478,4.252192478956478e-06,4.252192478956478e-06,-0.03867605876974688,0.0,0.02499715234662292,2.12526778123887,1.8704815581396748,0.02499715234662292
52.0,0.0,0.0,-0.20156751530400197,0.6256973386987806,-1.3176507982759824,-40.31350306080039,3.0,0.0,-1.121300496810934,0.22,0.0,False,0.0048585384970260825,0.20156751530400197,0.2429279578233467,0.0425219247809671,4.252192478096709e-06,4.25219247809671e-06,-0.040314188740982665,0.0,-0.21181047822656318,1.943348136974763,1.7469978355097147,0.21181047822656318
53.0,0.0,0.0,-0.185279209753648,0.7557643529957916,-1.3605064895233336,-37.0558419507296,3.0,0.0,-1.1782101913082956,0.11,0.0,False,0.0049129138653378895,0.185279209753648,0.24564673779966353,0.04252192477533167,4.252192477533166e-06,4.252192477533167e-06,-0.037056472222339105,0.0,0.13006701429701095,2.1162708425191252,1.9339745443040872,0.13006701429701095
54.0,0.0,0.0,-0.20145165617358798,0.24676006083645813,-1.3551564890717611,-40.2903312347176,3.0,0.0,-1.2271341509807958,0.17,0.0,False,0.004581432808097083,0.20145165617358798,0.22907261446156021,0.0425219247716379,4.25219247716379e-06,4.252192477163789e-06,-0.040291016520777136,0.0,-0.5090042921593334,1.6019165499082193,1.473894211817254,0.5090042921593334
55.0,0.0,0.0,-0.15083962091856648,0.532143485482562,-1.34733873679221,-30.167924183713296,3.0,0.0,-1.2587950393009324,-0.09,0.0,False,0.004615335619570623,0.15083962091856648,0.23076776224330117,0.04252192476921678,4.252192476921676e-06,4.252192476921677e-06,-0.030168437300812458,0.0,0.28538342464610383,1.879482222274772,1.7909385247834944,0.28538342464610383
56.0,0.0,0.0,-0.18438401557182144,0.9308453943680395,-1.3715873619550476,-36.876803114364286,3.0,0.0,-1.2616682183042713,0.09,0.0,False,0.004806313592243085,0.18438401557182144,0.24031670148067913,0.04252192476762984,4.2521924767629835e-06,4.252192476762984e-06,-0.036877430340756266,0.0,0.3987019088854775,2.3024327563230873,2.192513612672311,0.3987019088854775
57.0,0.0,0.0,-0.22494603833055024,1.1621165542346907,-1.412439541332881,-44.98920766611005,3.0,0.0,-1.3117358720518442,-0.06,0.0,False,0.005113224776584718,0.22494603833055024,0.2556623259500321,0.042521924766589676,4.252192476658967e-06,4.252192476658967e-06,-0.0449899728739377,0.0,0.23127115986665125,2.574556095567572,2.473852426286535,0.23127115986665125
58.0,0.0,0.0,-0.2457661035843001,1.2173012252957764,-1.2581433489029206,-49.15322071686002,3.0,0.0,-1.3186628146300543,0.05,0.0,False,0.005175238006171473,0.2457661035843001,0.25876300061397933,0.04252192476590788,4.252192476590789e-06,4.2521924765907885e-06,-0.04915405674912639,0.0,0.05518467106108571,2.475444574198697,2.5359640399258305,0.05518467106108571
59.0,0.0,0.0,-0.25307403075338586,1.1542066024317934,-1.2866534306934267,-50.614806150677175,3.0,0.0,-1.2955967338471432,-0.09,0.0,False,0.00540898771010741,0.2530740307533859,0.27045053550821285,0.04252192476546101,4.252192476546101e-06,4.252192476546101e-06,-0.05061566704260818,0.0,-0.06309462286398304,2.44086003312522,2.4498033362789364,0.06309462286398304
60.0,0.0,0.0,-0.25012475133382384,1.2846685950752301,-1.3577945298198633,-50.02495026676477,3.0,0.0,-1.3134928882125618,0.06,0.0,False,0.005112767247106705,0.25012475133382384,0.25563944937885635,0.04252192476516809,4.252192476516809e-06,4.2521924765168095e-06,-0.05002580112601542,0.0,0.13046199264343672,2.6424631248950936,2.598161483287792,0.13046199264343672
61.0,0.0,0.0,-0.2630354063909304,1.3524011037537726,-1.374768798692355,-52.60708127818609,3.0,0.0,-1.3470940898357364,-0.13,0.0,False,0.005338112753667239,0.2630354063909304,0.26690677261750645,0.042521924764976085,4.25219247649761e-06,4.25219247649761e-06,-0.05260797605612224,0.0,0.06773250867854252,2.7271699024461276,2.699495193589509,0.06773250867854252
62.0,0.0,0.0,-0.271152019026581,0.7214343553550338,-1.3994631867455172,-54.2304038053162,3.0,0.0,-1.3457413926928807,0.08,0.0,False,0.005022379722066389,0.271152019026581,0.25112005390958286,0.04252192476485026,4.252192476485025e-06,4.252192476485025e-06,-0.05423132619385429,0.0,-0.6309667483987389,2.120897542100551,2.0671757480479145,0.6309667483987389
63.0,0.0,0.0,-0.20698265992775705,0.15086954059880198,-1.2151089873350367,-41.39653198555141,3.0,0.0,-1.3591767360408031,0.11,0.0,False,0.004855919163457614,0.20698265992775705,0.24279699058802726,0.04252192476476777,4.252192476476778e-06,4.252192476476777e-06,-0.04139723608664491,0.0,-0.5705648147562318,1.3659785279338386,1.510046276639605,0.5705648147562318
64.0,0.0,0.0,-0.1535299000014784,-0.4843294712143446,-1.3565221964676528,-30.70598000029568,3.0,0.0,-1.3484362504280034,-0.01,0.0,False,0.004969203587703055,0.1535299000014784,0.24846123588565822,0.04252192476471372,4.252192476471372e-06,4.25219247647137e-06,-0.030706502269023467,0.0,-0.6351990118131465,0.8721927252533082,0.8641067792136587,0.6351990118131465
65.0,0.0,0.0,-0.0925578384708312,-0.3082675822645026,-1.3906128712773205,-18.51156769416624,3.0,0.0,-1.3844621013502678,-0.07,0.0,False,0.005072390123606748,0.0925578384708312,0.25362058461929343,0.04252192476467826,4.252192476467827e-06,4.252192476467827e-06,-0.01851188255182292,0.0,0.17606188894984198,1.0823452890128178,1.0761945190857651,0.17606188894984198
66.0,0.0,0.0,-0.10649578552358648,0.3263681606413543,-1.1618438279450316,-21.299157104717295,3.0,0.0,-1.4099275346098765,0.2,0.0,False,0.0051238061248843215,0.10649578552358648,0.25619139561470883,0.04252192476465504,4.252192476465504e-06,4.252192476465505e-06,-0.021299519375639245,0.0,0.6346357429058569,1.4882119885863858,1.736295695251231,0.6346357429058569
67.0,0.0,0.0,-0.16638729090294435,-0.20140883608173904,-1.068517083987594,-33.27745818058887,3.0,0.0,-1.373248079529267,0.2,0.0,False,0.0053984811969439795,0.16638729090294435,0.26992520761625544,0.042521924764639826,4.252192476463981e-06,4.252192476463982e-06,-0.033278024186811375,0.0,-0.5277769967230934,0.867108247905855,1.171839243447528,0.5277769967230934
68.0,0.0,0.0,-0.11052476172804748,0.2000371158512928,-1.0123076733206235,-22.104952345609497,3.0,0.0,-1.3375401239274183,0.1,0.0,False,0.005492233618507944,0.11052476172804748,0.27461284862712076,0.042521924764629834,4.252192476462983e-06,4.252192476462984e-06,-0.022105328322059012,0.0,0.40144595193303184,1.2123447891719163,1.537577239778711,0.40144595193303184
69.0,0.0,0.0,-0.1469875945248007,0.06848175115874061,-0.9245640993316757,-29.39751890496014,3.0,0.0,-1.3066799519902288,0.13,0.0,False,0.005443957123619661,0.1469875945248007,0.2721990136186592,0.0425219247646233,4.252192476462331e-06,4.25219247646233e-06,-0.02939801891846886,0.0,-0.1315553646925522,0.9930458504904163,1.3751617031489693,0.1315553646925522
70.0,0.0,0.0,-0.12750775830130764,-0.33444438646783076,-1.0713113981679323,-25.50155166026153,3.0,0.0,-1.2698700803738938,0.11,0.0,False,0.005712838409724262,0.12750775830130767,0.28564313509063827,0.04252192476461902,4.2521924764619006e-06,4.252192476461901e-06,-0.025501985408441598,0.0,-0.40292613762657137,0.7368670117001015,0.935425693906063,0.40292613762657137
71.0,0.0,0.0,-0.08846705935301846,-0.14196531383523942,-1.0905224154012223,-17.693411870603693,3.0,0.0,-1.2066229412308636,-0.04,0.0,False,0.005583253104479021,0.08846705935301849,0.2791638422772933,0.042521924764616206,4.25219247646162e-06,4.25219247646162e-06,-0.0176937128124954,0.0,0.19247907263259134,0.9485571015659828,1.064657627395624,0.19247907263259134
72.0,0.0,0.0,-0.11142912497786023,-0.1599710570121843,-1.230560380071081,-22.285824995572046,3.0,0.0,-1.219133788946226,0.02,0.0,False,0.005299287133345233,0.11142912497786023,0.2649654833467056,0.04252192476461437,4.252192476461437e-06,4.252192476461436e-06,-0.022286204048429733,0.0,-0.018005743176944894,1.0705893230588965,1.0591627319340415,0.018005743176944894
73.0,0.0,0.0,-0.11140588675324105,0.15516513959879985,-1.3173914207261956,-22.28117735064821,3.0,0.0,-1.256280254518185,0.04,0.0,False,0.0055503058684466,0.11140588675324105,0.2775164734707728,0.042521924764613146,4.252192476461316e-06,4.252192476461315e-06,-0.022281556324455512,0.0,0.31513619661098413,1.4725565603249955,1.4114453941169849,0.31513619661098413
74.0,0.0,0.0,-0.14528179280372053,0.42725105830694604,-1.2770738032537405,-29.056358560744105,3.0,0.0,-1.274053610508268,0.05,0.0,False,0.00514169843568107,0.14528179280372053,0.25708601495862365,0.042521924764612355,4.252192476461236e-06,4.2521924764612365e-06,-0.02905685277155966,0.0,0.2720859187081462,1.7043248615606865,1.701304668815214,0.2720859187081462
75.0,0.0,0.0,-0.17270369933000534,0.29670200587499107,-1.227528439399094,-34.54073986600107,3.0,0.0,-1.2976836767457203,-0.03,0.0,False,0.00521847953676188,0.17270369933000534,0.26092508633706524,0.04252192476461185,4.252192476461185e-06,4.252192476461184e-06,-0.03454132735899966,0.0,-0.13054905243195497,1.524230445274085,1.5943856826207115,0.13054905243195497
76.0,0.0,0.0,-0.15360342848120817,0.3662979495929722,-0.9896248501049729,-30.720685696241635,3.0,0.0,-1.2998226534616528,0.25,0.0,False,0.005698158142502131,0.15360342848120817,0.28490911860836565,0.04252192476461149,4.252192476461149e-06,4.25219247646115e-06,-0.030721208215094116,0.0,0.06959594371798111,1.355922799697945,1.666120603054625,0.06959594371798111
77.0,0.0,0.0,-0.16473308927035887,0.5303825678147507,-1.05365383383175,-32.946617854071775,3.0,0.0,-1.2393649365042365,-0.09,0.0,False,0.005581969504498387,0.16473308927035887,0.2790996620053558,0.04252192476461127,4.252192476461127e-06,4.252192476461128e-06,-0.03294717823313117,0.0,0.1640846182217785,1.5840364016465007,1.7697475043189872,0.1640846182217785
78.0,0.0,0.0,-0.17921896105024906,-0.2540919456045539,-1.0258622319818376,-35.84379221004981,3.0,0.0,-1.2810679669507559,0.04,0.0,False,0.00548347285871309,0.17921896105024906,0.27417480877475614,0.042521924764611134,4.252192476461113e-06,4.252192476461114e-06,-0.03584440186627166,0.0,-0.7844745134193045,0.7717702863772837,1.026976021346202,0.7844745134193045
79.0,0.0,0.0,-0.0985777245967663,-1.2167307089725121,-1.0645570964592999,-19.71554491935326,3.0,0.0,-1.2618451463636287,0.01,0.0,False,0.005420586608554258,0.09857772459676632,0.2710304828965926,0.042521924764611044,4.252192476461104e-06,4.2521924764611035e-06,-0.019715880255094433,0.0,-0.9626387633679583,-0.15217361251321226,0.045114437391116535,0.9626387633679583
80.0,0.0,0.0,-0.002632940991614624,-1.025272089504146,-1.1467870810947276,-0.5265881983229248,3.0,0.0,-1.2398901501451598,0.06,0.0,False,0.005212338936921522,0.004616841741331581,0.26061805503949664,0.042521924764610974,4.252192476461099e-06,4.2521924764610976e-06,-0.0005265971549023396,0.0,0.19145861946836606,0.12151499159058154,0.21461806064101374,0.19145861946836606
81.0,0.0,0.0,-0.025649721326171028,-1.5024692383773823,-1.2378438444375208,-5.129944265234205,3.0,0.0,-1.243060678677252,-0.04,0.0,False,0.005084701576609772,0.02564972132617103,0.254236159886978,0.042521924764610926,4.252192476461093e-06,4.252192476461093e-06,-0.005130031518904819,0.0,-0.4771971488732363,-0.2646253939398615,-0.2594085597001303,0.4771971488732363
82.0,0.0,0.0,0.022069977280757415,-1.877956512004042,-1.2759849095659292,4.413995456151483,3.0,0.0,-1.2817747561434585,0.05,0.0,False,0.004737119867758669,0.022069977280757415,0.23685700054520648,0.04252192476461091,4.252192476461092e-06,4.252192476461091e-06,0.004414070532465319,0.0,-0.3754872736266597,-0.6019716024381128,-0.5961817558605835,0.3754872736266597
83.0,0.0,0.0,0.05493839944317665,-2.2592843601388726,-1.3998915108835355,10.987679888635329,3.0,0.0,-1.281764773280241,0.02,0.0,False,0.004979910442033978,0.05493839944317665,0.2489965808785846,0.0425219247646109,4.25219247646109e-06,4.252192476461089e-06,0.010987866774759669,0.0,-0.38132784813483056,-0.8593928492553371,-0.9775195868586315,0.38132784813483056
84.0,0.0,0.0,0.09168141628813425,-2.325902937349517,-1.3567700943378325,18.33628325762685,3.0,0.0,-1.328560837139837,-0.05,0.0,False,0.0046960474831783915,0.09168141628813423,0.23480337258380837,0.04252192476461088,4.252192476461087e-06,4.252192476461088e-06,0.018336595133923533,0.0,-0.06661857721064424,-0.9691328430116843,-0.9973421002096798,0.06661857721064424
85.0,0.0,0.0,0.10331515698014294,-3.675827015603402,-1.203869256264463,20.66303139602859,3.0,0.0,-1.3424507049061025,0.01,0.0,False,0.00492278542069988,0.10331515698014297,0.2461403176665504,0.04252192476461086,4.252192476461086e-06,4.2521924764610866e-06,0.02066338284728071,0.0,-1.3499240782538853,-2.471957759338939,-2.3333763106972993,1.3499240782538853
86.0,0.0,0.0,0.2400259673465958,-4.312424533696515,-1.1878883767044823,48.00519346931916,3.0,0.0,-1.2927294017514273,0.07,0.0,False,0.004916529732267807,0.24002596734659576,0.2458275319149272,0.04252192476461086,4.252192476461086e-06,4.2521924764610866e-06,0.04800600997513718,0.0,-0.6365975180931125,-3.1245361569920322,-3.0196951319450873,0.6365975180931125
87.0,0.0,0.0,0.3022245892547882,-4.0886172589913015,-1.2394101982901147,60.44491785095764,3.0,0.0,-1.2755163103068217,-0.05,0.0,False,0.0049976465659905345,0.3022245892547882,0.24988339084728312,0.04252192476461086,4.252192476461086e-06,4.2521924764610866e-06,0.060445945940285656,0.0,0.2238072747052131,-2.849207060701187,-2.81310094868448,0.2238072747052131
88.0,0.0,0.0,0.28267705092519174,-4.0476738395149,-1.1996575773721807,56.53541018503835,3.0,0.0,-1.2901143852924042,-0.05,0.0,False,0.005278240994030142,0.28267705092519174,0.26391317190633923,0.04252192476461086,4.252192476461086e-06,4.2521924764610866e-06,0.05653637177873279,0.0,0.040943419476401566,-2.8480162621427194,-2.7575594542224957,0.040943419476401566
89.0,0.0,0.0,0.2782386439501516,-4.595408068569997,-1.0614969767363807,55.647728790030314,3.0,0.0,-1.2617866498779264,0.03,0.0,False,0.004991917608173033,0.2782386439501516,0.24959694173837646,0.04252192476461086,4.252192476461086e-06,4.2521924764610866e-06,0.05564867528542036,0.0,-0.5477342290550968,-3.533911091833616,-3.3336214186920703,0.5477342290550968
90.0,0.0,0.0,0.3363337005543767,-4.3989628846397,-1.0116779551271409,67.26674011087535,3.0,0.0,-1.2652282437999638,0.07,0.0,False,0.0051834769353443205,0.3363337005543768,0.2591749488242973,0.04252192476461086,4.252192476461086e-06,4.2521924764610866e-06,0.06726788423051513,0.0,0.19644518393029653,-3.3872849295125596,-3.1337346408397364,0.19644518393029653
91.0,0.0,0.0,0.31983776300718714,-4.511961562321043,-1.154241875402594,63.967552601437426,3.0,0.0,-1.2319995552446792,0.03,0.0,False,0.004914202711003152,0.31983776300718714,0.24571118035694728,0.04252192476461086,4.252192476461086e-06,4.2521924764610866e-06,0.0639686406061946,0.0,-0.1129986776813432,-3.3577196869184496,-3.279962007076364,0.1129986776813432
92.0,0.0,0.0,0.3295750337017464,-3.9780416244488457,-1.1153652798479696,65.91500674034928,3.0,0.0,-1.2005172539813553,-0.07,0.0,False,0.005103230684891101,0.3295750337017464,0.25516261924051115,0.04252192476461086,4.252192476461086e-06,4.2521924764610866e-06,0.06591612786876495,0.0,0.5339199378721977,-2.8626763446008763,-2.77752437046749,0.5339199378721977
93.0,0.0,0.0,0.2720961253957356,-3.4028960665257744,-1.261574170696992,54.41922507914712,3.0,0.0,-1.2161411544796463,-0.02,0.0,False,0.005355159343681339,0.2720961253957356,0.26775910574248046,0.04252192476461086,4.252192476461086e-06,4.2521924764610866e-06,0.05442015067928906,0.0,0.5751455579230713,-2.1413218958287823,-2.186754912046128,0.5751455579230713
94.0,0.0,0.0,0.2117238503519064,-3.6647689983563123,-1.2041804978044315,42.34477007038128,3.0,0.0,-1.2570225202366285,0.02,0.0,False,0.00526739613368723,0.2117238503519064,0.26337092658347205,0.04252192476461086,4.252192476461086e-06,4.2521924764610866e-06,0.04234549029976953,0.0,-0.26187293183053795,-2.460588500551881,-2.407746478119684,0.26187293183053795
95.0,0.0,0.0,0.23883963544667774,-3.642472684238812,-1.203916852844345,47.76792708933555,3.0,0.0,-1.2856125484785352,0.0,0.0,False,0.005141672742256666,0.23883963544667774,0.25708473028194084,0.04252192476461086,4.252192476461086e-06,4.2521924764610866e-06,0.04776873955956147,0.0,0.022296314117500327,-2.438555831394467,-2.356860135760277,0.022296314117500327
96.0,0.0,0.0,0.232941205176505,-4.509489327963115,-1.3622250874864459,46.588241035300996,3.0,0.0,-1.2763218642844907,-0.05,0.0,False,0.005286108311664026,0.232941205176505,0.26430653946070093,0.04252192476461086,4.252192476461086e-06,4.2521924764610866e-06,0.04658903344060358,0.0,-0.8670166437243028,-3.1472642404766686,-3.2331674636786243,0.8670166437243028
97.0,0.0,0.0,0.315896022832674,-4.060064460245998,-1.3853061903848873,63.17920456653479,3.0,0.0,-1.313011106931759,0.07,0.0,False,0.005432232621584156,0.315896022832674,0.2716127860241419,0.04252192476461086,4.252192476461086e-06,4.2521924764610866e-06,0.06318027916251866,0.0,0.4494248677171164,-2.674758269861111,-2.7470533533142394,0.4494248677171164
98.0,0.0,0.0,0.2679166991921711,-3.396430508163986,-1.3599339362947667,53.58333983843421,3.0,0.0,-1.350461937101797,-0.01,0.0,False,0.005270524860019971,0.2679166991921711,0.2635273635653063,0.04252192476461086,4.252192476461086e-06,4.2521924764610866e-06,0.05358425122125689,0.0,0.6636339520820123,-2.036496571869219,-2.045968571062189,0.6636339520820123
99.0,0.0,0.0,0.19802581983670198,-3.465058322152905,-1.5132952042995604,39.605163967340395,3.0,0.0,-1.3808405066556597,0.06,0.0,False,0.005540612523565067,0.19802581983670195,0.2770318041657976,0.04252192476461086,4.252192476461086e-06,4.2521924764610866e-06,0.039605837599596946,0.0,-0.06862781398891915,-1.9517631178533448,-2.0842178154972455,0.06862781398891915
100.0,0.0,0.0,0.20070616083736462,-3.0485599991069905,-1.5284798642375454,40.14123216747292,3.0,0.0,-1.4161302076019058,-0.03,0.0,False,0.005790474741823653,0.20070616083736462,0.28952496820183915,0.04252192476461086,4.252192476461086e-06,4.2521924764610866e-06,0.040141914917551376,0.0,0.4164983230459147,-1.520080134869445,-1.6324297915050847,0.4164983230459147
101.0,0.0,0.0,0.16099572094224754,-3.1775323952249668,-1.5033229389587293,32.19914418844951,3.0,0.0,-1.4579540417179067,-0.06,0.0,False,0.005889002535779862,0.16099572094224754,0.29445137884760686,0.04252192476461086,4.252192476461086e-06,4.2521924764610866e-06,0.03219969185395537,0.0,-0.12897239611797628,-1.6742094562662375,-1.7195783535070601,0.12897239611797628
102.0,0.0,0.0,0.17349745732238983,-2.5447652222021064,-1.5351963907290969,34.699491464477966,3.0,0.0,-1.43856856044485,0.11,0.0,False,0.005459692139432641,0.17349745732238983,0.272985767754724,0.04252192476461086,4.252192476461086e-06,4.2521924764610866e-06,0.03470008165763449,0.0,0.6327671730228603,-1.0095688314730096,-1.1061966617572565,0.6327671730228603
103.0,0.0,0.0,0.10813007744024414,-2.4123502693728076,-1.543559981116883,21.62601548804883,3.0,0.0,-1.4425209347719345,-0.09,0.0,False,0.0057687632864731,0.10813007744024414,0.2884393908182472,0.04252192476461086,4.252192476461086e-06,4.2521924764610866e-06,0.02162638331840614,0.0,0.13241495282929883,-0.8687902882559246,-0.9698293346008731,0.13241495282929883
104.0,0.0,0.0,0.08875789815694983,-2.0834595824405215,-1.6342178601362516,17.751579631389966,3.0,0.0,-1.4634414583045776,0.12,0.0,False,0.005555532286177917,0.08875789815694983,0.2777777954685253,0.04252192476461086,4.252192476461086e-06,4.2521924764610866e-06,0.017751881562639495,0.0,0.32889068693228607,-0.44924172230426995,-0.6200181241359439,0.32889068693228607
105.0,0.0,0.0,0.05187988313134602,-2.4624610552461235,-1.6881218487080465,10.375976626269203,3.0,0.0,-1.524752417019972,0.13,0.0,False,0.0053951700661838365,0.05187988313134602,0.26975965037426997,0.04252192476461086,4.252192476461086e-06,4.2521924764610866e-06,0.010376153108117743,0.0,-0.3790014728056019,-0.774339206538077,-0.9377086382261515,0.3790014728056019
106.0,0.0,0.0,0.08977270732974242,-2.8719291493508505,-1.5876869372378635,17.954541465948484,3.0,0.0,-1.5646497209646253,0.0,0.0,False,0.005222923804273646,0.08977270732974242,0.2611473006575475,0.04252192476461086,4.252192476461086e-06,4.2521924764610866e-06,0.01795484684931448,0.0,-0.40946809410472707,-1.284242212112987,-1.3072794283862252,0.40946809410472707
107.0,0.0,0.0,0.11676588940691776,-2.4609284955719404,-1.8128272800318932,23.35317788138355,3.0,0.0,-1.5647148954071652,0.21,0.0,False,0.005411132627836239,0.11676588940691776,0.27055778185068435,0.04252192476461086,4.252192476461086e-06,4.2521924764610866e-06,0.023353575088523683,0.0,0.41100065377891015,-0.6481012155400472,-0.8962136001647751,0.41100065377891015
108.0,0.0,0.0,0.07408264401583288,-2.6782437319119823,-1.7348039660645629,14.816528803166577,3.0,0.0,-1.7042454297298522,-0.02,0.0,False,0.005471319528820113,0.07408264401583288,0.2735671396961924,0.04252192476461086,4.252192476461086e-06,4.2521924764610866e-06,0.014816780813024184,0.0,-0.2173152363400419,-0.9434397658474194,-0.9739983021821301,0.2173152363400419
109.0,0.0,0.0,0.09245596572298988,-3.105996269346017,-1.8516483997127107,18.491193144597975,3.0,0.0,-1.7200863047305364,0.16,0.0,False,0.005334601169944565,0.09245596572298988,0.2667311926847762,0.04252192476461086,4.252192476461086e-06,4.2521924764610866e-06,0.018491507655710077,0.0,-0.4277525374340345,-1.2543478696333061,-1.3859099646154804,0.4277525374340345
110.0,0.0,0.0,0.1288708081400137,-3.66819982523723,-1.934566189823591,25.774161628002737,3.0,0.0,-1.753664417653992,0.17,0.0,False,0.005238023503105488,0.1288708081400137,0.26190228880948097,0.04252192476461086,4.252192476461086e-06,4.2521924764610866e-06,0.025774600012923265,0.0,-0.5622035558912133,-1.733633635413639,-1.9145354075832381,0.5622035558912133
111.0,0.0,0.0,0.18512605367923246,-4.182736252785622,-1.907043444357306,37.02521073584649,3.0,0.0,-1.8172607887718408,0.0,0.0,False,0.0054534124237839605,0.18512605367923246,0.27267178063716196,0.04252192476461086,4.252192476461086e-06,4.2521924764610866e-06,0.03702584048645876,0.0,-0.5145364275483919,-2.2756928084283157,-2.365475464013781,0.5145364275483919
112.0,0.0,0.0,0.23412502653865824,-3.80294661735382,-1.8654524401879904,46.82500530773165,3.0,0.0,-1.816899928864275,0.0,0.0,False,0.005062386271088611,0.23412502653865824,0.25312038986647123,0.04252192476461086,4.252192476461086e-06,4.2521924764610866e-06,0.046825801740086145,0.0,0.379789635431802,-1.9374941771658296,-1.986046688489545,0.379789635431802
113.0,0.0,0.0,0.19122017332312932,-4.850526523481207,-1.927840318788024,38.244034664625865,3.0,0.0,-1.841436210165222,0.15,0.0,False,0.005156082039883749,0.1912201733231293,0.25780519822685033,0.04252192476461086,4.252192476461086e-06,4.2521924764610866e-06,0.03824468514584574,0.0,-1.0475799061273872,-2.922686204693183,-3.009090313315985,1.0475799061273872
114.0,0.0,0.0,0.2935474272282718,-4.869379646951942,-1.853928101579139,58.709485445654366,3.0,0.0,-1.8907042288734113,-0.13,0.0,False,0.005627540093924335,0.2935474272282718,0.2813782011653991,0.04252192476461086,4.252192476461086e-06,4.2521924764610866e-06,0.05871048401753742,0.0,-0.018853123470734978,-3.0154515453728035,-2.978675418078531,0.018853123470734978
115.0,0.0,0.0,0.2940272355551333,-4.906026214429454,-1.8219604183904679,58.805447111026666,3.0,0.0,-1.9149898401904153,0.07,0.0,False,0.0054807989026044454,0.29402723555513327,0.2740411104008151,0.04252192476461086,4.252192476461086e-06,4.2521924764610866e-06,0.05880644731509268,0.0,-0.03664656747751227,-3.0840657960389866,-2.991036374239039,0.03664656747751227
116.0,0.0,0.0,0.2935792022661638,-4.795046130031544,-1.944854076931679,58.71584045323276,3.0,0.0,-1.929044778380667,0.05,0.0,False,0.005297709451337968,0.2935792022661638,0.2648865989109119,0.04252192476461086,4.252192476461086e-06,4.2521924764610866e-06,0.058716839133206224,0.0,0.11098008439791052,-2.850192053099865,-2.866001351650877,0.11098008439791052
117.0,0.0,0.0,0.2790065346554242,-4.29113427667978,-1.9583092187698445,55.80130693108484,3.0,0.0,-1.9701717740040636,-0.12,0.0,False,0.005278550677861932,0.2790065346554242,0.2639286561637706,0.04252192476461086,4.252192476461086e-06,4.2521924764610866e-06,0.05580225603863903,0.0,0.5039118533517639,-2.332825057909935,-2.3209625026757164,0.5039118533517639
118.0,0.0,0.0,0.23137782483480823,-5.682795241909469,-1.7634687164537646,46.275564966961646,3.0,0.0,-2.004921464002928,0.12,0.0,False,0.005390367320335123,0.23137782483480823,0.26951951206072433,0.04252192476461086,4.252192476461086e-06,4.2521924764610866e-06,0.04627635205405154,0.0,-1.391660965229689,-3.9193265254557046,-3.677873777906541,1.391660965229689
119.0,0.0,0.0,0.3701607090611486,-5.436311983893031,-1.8657753766248069,74.03214181222972,3.0,0.0,-1.9773068351794012,0.0,0.0,False,0.005209077423371937,0.3701607090611486,0.2604549786685882,0.04252192476461086,4.252192476461086e-06,4.2521924764610866e-06,0.07403340100254105,0.0,0.246483258016438,-3.570536607268224,-3.4590051487136297,0.246483258016438
120.0,0.0,0.0,0.3505009673198983,-6.43656776329962,-1.7703403024671687,70.10019346397966,3.0,0.0,-1.9811094515688794,0.14,0.0,False,0.005237586064504515,0.35050096731989827,0.26188041678642865,0.04252192476461086,4.252192476461086e-06,4.2521924764610866e-06,0.07010138577697063,0.0,-1.0002557794065892,-4.666227460832451,-4.455458311730741,1.0002557794065892
121.0,0.0,0.0,0.454135364993436,-6.805741655727898,-1.7328789304944734,90.8270729986872,3.0,0.0,-1.9312277908152404,0.1,0.0,False,0.0054120107319505974,0.4541353649934361,0.2706016872430957,0.04252192476461086,4.252192476461086e-06,4.2521924764610866e-06,0.09082861784890398,0.0,-0.3691738924282779,-5.072862725233424,-4.874513864912657,0.3691738924282779
122.0,0.0,0.0,0.4954083497502485,-7.255614437970708,-1.7501529019321194,99.0816699500497,3.0,0.0,-1.895117559816149,-0.09,0.0,False,0.0059096049664949055,0.4954083497502485,0.29548150476363405,0.04252192476461086,4.252192476461086e-06,4.2521924764610866e-06,0.09908335520020967,0.0,-0.44987278224281013,-5.505461536038589,-5.360496878154559,0.44987278224281013
123.0,0.0,0.0,0.5478568140883951,-7.559558074632798,-1.5883790330509113,109.57136281767903,3.0,0.0,-1.8515528296425396,0.35,0.0,False,0.0054876198073065315,0.5478568140883951,0.2743821570861095,0.04252192476461086,4.252192476461086e-06,4.2521924764610866e-06,0.1095732264838527,0.0,-0.30394363666208957,-5.971179041581887,-5.708005244990258,0.30394363666208957
124.0,0.0,0.0,0.5788468581631289,-7.52116538554021,-1.6557430894182876,115.76937163262578,3.0,0.0,-1.7769298174556105,0.07,0.0,False,0.005430777683512969,0.5788468581631289,0.2715400388112484,0.04252192476461086,4.252192476461086e-06,4.2521924764610866e-06,0.11577134071885699,0.0,0.03839268909258742,-5.865422296121922,-5.7442355680846,0.03839268909258742
125.0,0.0,0.0,0.5748852261624539,-6.600361503113767,-1.6639090744519394,114.97704523249077,3.0,0.0,-1.7709664245887502,-0.02,0.0,False,0.005114920737901818,0.5748852261624539,0.25574712437646474,0.04252192476461086,4.252192476461086e-06,4.2521924764610866e-06,0.11497900084228185,0.0,0.9208038824264433,-4.936452428661828,-4.829395078525017,0.9208038824264433
126.0,0.0,0.0,0.4826485762023983,-6.435965557220712,-1.6572479796208488,96.52971524047966,3.0,0.0,-1.7721908977840024,-0.17,0.0,False,0.005237015535811924,0.4826485762023983,0.26185189023049926,0.04252192476461086,4.252192476461086e-06,4.2521924764610866e-06,0.09653135708521374,0.0,0.16439594589305528,-4.778717577599863,-4.66377465943671,0.16439594589305528
127.0,0.0,0.0,0.46646229973660175,-5.53528299279937,-1.6644578751225447,93.29245994732035,3.0,0.0,-1.7737731253575637,-0.06,0.0,False,0.005265414961609661,0.46646229973660186,0.2632718675583774,0.04252192476461086,4.252192476461086e-06,4.2521924764610866e-06,0.09329404673055816,0.0,0.9006825644213414,-3.8708251176768256,-3.7615098674418066,0.9006825644213414
128.0,0.0,0.0,0.37897660730145233,-6.100832769582723,-1.6803721470241892,75.79532146029047,3.0,0.0,-1.7712433854806244,0.01,0.0,False,0.005229612211562742,0.37897660730145233,0.2614817224440221,0.04252192476461086,4.252192476461086e-06,4.2521924764610866e-06,0.07579661063999121,0.0,-0.565549776783353,-4.420460622558534,-4.329589384102099,0.565549776783353
129.0,0.0,0.0,0.4365056715870408,-6.551951927105292,-1.7001035169767529,87.30113431740816,3.0,0.0,-1.745436345710935,-0.17,0.0,False,0.005603403959056766,0.4365056715870408,0.2801713892904461,0.04252192476461086,4.252192476461086e-06,4.2521924764610866e-06,0.08730261919600021,0.0,-0.4511191575225686,-4.8518484101285395,-4.806515581394357,0.4511191575225686
130.0,0.0,0.0,0.4768219160591952,-6.354119613761797,-1.7514430757395025,95.36438321183904,3.0,0.0,-1.7356832484056872,0.03,0.0,False,0.005354376260593322,0.4768219160591952,0.26771995142158866,0.04252192476461086,4.252192476461086e-06,4.2521924764610866e-06,0.09536600523579306,0.0,0.19783231334349516,-4.602676538022294,-4.61843636535611,0.19783231334349516
131.0,0.0,0.0,0.4531860739300035,-6.933314722548985,-1.7864170001666457,90.6372147860007,3.0,0.0,-1.7836313895851412,-0.07,0.0,False,0.005269230578332763,0.4531860739300035,0.26346264920576934,0.04252192476461086,4.252192476461086e-06,4.2521924764610866e-06,0.09063875640697655,0.0,-0.5791951087871885,-5.14689772238234,-5.1496833329638445,0.5791951087871885
132.0,0.0,0.0,0.5073287651768329,-6.401451354281432,-1.8992481685709302,101.46575303536657,3.0,0.0,-1.8221625227410667,0.12,0.0,False,0.004866012787203489,0.5073287651768329,0.24330167392132263,0.04252192476461086,4.252192476461086e-06,4.2521924764610866e-06,0.10146747883567477,0.0,0.5318633682675529,-4.502203185710503,-4.5792888315403655,0.5318633682675529
133.0,0.0,0.0,0.45078848312681,-5.94725602311379,-2.01253927841089,90.15769662536201,3.0,0.0,-1.859919207802743,-0.02,0.0,False,0.004907461846589006,0.45078848312680997,0.2453741357030672,0.04252192476461086,4.252192476461086e-06,4.2521924764610866e-06,0.09015923009035848,0.0,0.4541953311676421,-3.9347167447029,-4.087336815311048,0.4541953311676421
134.0,0.0,0.0,0.39776433194169064,-5.12258533688346,-2.1606549580875676,79.55286638833813,3.0,0.0,-1.8934706810435156,0.31,0.0,False,0.004927049226073336,0.3977643319416906,0.2463535088417493,0.04252192476461086,4.252192476461086e-06,4.2521924764610866e-06,0.07955421947898421,0.0,0.8246706862303306,-2.961930378795892,-3.229114655839944,0.8246706862303306
135.0,0.0,0.0,0.3101070585842999,-5.377643290067477,-2.0128252213336597,62.02141171685997,3.0,0.0,-1.9695281351719034,0.02,0.0,False,0.005026666761501115,0.3101070585842999,0.25133440679278496,0.04252192476461086,4.252192476461086e-06,4.2521924764610866e-06,0.0620224666202954,0.0,-0.2550579531840169,-3.364818068733817,-3.4081151548955733,0.2550579531840169
136.0,0.0,0.0,0.335484593591082,-5.039170209988388,-1.9758186112751461,67.0969187182164,3.0,0.0,-2.021448819295394,0.09,0.0,False,0.004927090415778226,0.335484593591082,0.24635556833575115,0.04252192476461086,4.252192476461086e-06,4.2521924764610866e-06,0.06709805994941548,0.0,0.3384730800790887,-3.0633515987132416,-3.017721390692994,0.3384730800790887
137.0,0.0,0.0,0.29896045909062935,-5.288074180038571,-2.037559913203087,59.79209181812587,3.0,0.0,-2.0227260269034186,-0.01,0.0,False,0.005064364953115537,0.29896045909062935,0.2532193243885045,0.04252192476461086,4.252192476461086e-06,4.2521924764610866e-06,0.05979310880373332,0.0,-0.24890397005018272,-3.250514266835484,-3.265348153135152,0.24890397005018272
138.0,0.0,0.0,0.3283233019435693,-5.060878713391254,-1.885540787664915,65.66466038871386,3.0,0.0,-2.0495020572113525,0.04,0.0,False,0.005024810177870438,0.3283233019435693,0.25124157721652357,0.04252192476461086,4.252192476461086e-06,4.2521924764610866e-06,0.06566577725906415,0.0,0.22719546664731638,-3.175337925726339,-3.011376656179902,0.22719546664731638
139.0,0.0,0.0,0.30476550990987356,-4.638125239573689,-1.8737594512492295,60.95310198197471,3.0,0.0,-2.004771355909162,-0.01,0.0,False,0.004970100923337355,0.30476550990987356,0.24850610285815536,0.04252192476461086,4.252192476461086e-06,4.2521924764610866e-06,0.060954138714852925,0.0,0.4227534738175649,-2.7643657883244597,-2.6333538836645274,0.4227534738175649
140.0,0.0,0.0,0.2648038146316724,-4.664542096331962,-1.7770155368941711,52.96076292633448,3.0,0.0,-2.013158818212106,0.02,0.0,False,0.005485870366133012,0.2648038146316724,0.27429468465548545,0.04252192476461086,4.252192476461086e-06,4.2521924764610866e-06,0.05296166371993474,0.0,-0.026416856758272544,-2.8875265594377906,-2.651383278119856,0.026416856758272544
141.0,0.0,0.0,0.2641686879221575,-5.242680706072939,-1.8612647536265376,52.833737584431496,3.0,0.0,-1.990030793417552,0.0,0.0,False,0.005772943137344628,0.2641686879221575,0.2886483842505002,0.04252192476461086,4.252192476461086e-06,4.2521924764610866e-06,0.05283463621749613,0.0,-0.5781386097409769,-3.3814159524464014,-3.2526499126553867,0.5781386097409769
142.0,0.0,0.0,0.3280545270695409,-5.739990250802238,-1.77431183589039,65.61090541390818,3.0,0.0,-2.0227990523050248,0.21,0.0,False,0.0059598143450843265,0.3280545270695409,0.2979919843681023,0.04252192476461086,4.252192476461086e-06,4.2521924764610866e-06,0.06561202136995636,0.0,-0.49730954472929945,-3.9656784149118485,-3.7171911984972135,0.49730954472929945
143.0,0.0,0.0,0.38129031969175964,-5.045698815147357,-1.6496179675259406,76.25806393835192,3.0,0.0,-1.962065687827939,0.17,0.0,False,0.005640511574967487,0.38129031969175964,0.2820267779754183,0.04252192476461086,4.252192476461086e-06,4.2521924764610866e-06,0.07625936098869954,0.0,0.6942914356548808,-3.396080847621417,-3.0836331273194184,0.6942914356548808
144.0,0.0,0.0,0.3143889815367702,-4.0203812134276635,-1.7304340959896336,62.87779630735404,3.0,0.0,-1.9270059878932095,0.05,0.0,False,0.005377228835899392,0.3143889815367702,0.2688625850455696,0.04252192476461086,4.252192476461086e-06,4.2521924764610866e-06,0.06287886577677597,0.0,1.0253176017196939,-2.2899471174380297,-2.093375225534454,1.0253176017196939
145.0,0.0,0.0,0.2141199390206393,-4.508441844922055,-1.7521140463886447,42.82398780412786,3.0,0.0,-1.9017421576565605,0.03,0.0,False,0.005493677555715369,0.21411993902063928,0.27468504579448694,0.04252192476461086,4.252192476461086e-06,4.2521924764610866e-06,0.04282471618438562,0.0,-0.48806063149439183,-2.7563277985334107,-2.606699687265495,0.48806063149439183
146.0,0.0,0.0,0.2667759984950138,-5.261859197189376,-1.6046472681473185,53.35519969900276,3.0,0.0,-1.8791362992615845,0.1,0.0,False,0.00543264080768747,0.2667759984950138,0.27163319541609204,0.04252192476461086,4.252192476461086e-06,4.2521924764610866e-06,0.05335610720145881,0.0,-0.7534173522673209,-3.6572119290420577,-3.382722897927792,0.7534173522673209
147.0,0.0,0.0,0.3393115423988084,-5.138470614971986,-1.7664854945116484,67.86230847976168,3.0,0.0,-1.8406251408272347,-0.01,0.0,False,0.005194202431014545,0.3393115423988084,0.2597112258881522,0.04252192476461086,4.252192476461086e-06,4.2521924764610866e-06,0.06786346272924373,0.0,0.12338858221739013,-3.3719851204603377,-3.2978454741447516,0.12338858221739013
148.0,0.0,0.0,0.3289995210314512,-4.832848684598096,-1.740312850229396,65.79990420629024,3.0,0.0,-1.868671632301908,-0.03,0.0,False,0.005131585621004188,0.32899952103145114,0.2565803720746978,0.04252192476461086,4.252192476461086e-06,4.2521924764610866e-06,0.06580102337696171,0.0,0.3056219303738903,-3.0925358343686997,-2.964177052296188,0.3056219303738903
149.0,0.0,0.0,0.2994477975130836,-5.339969006792011,-1.6919749169543405,59.88955950261672,3.0,0.0,-1.8484054561930736,0.13,0.0,False,0.004948835730005115,0.2994477975130836,0.24744283867035866,0.04252192476461086,4.252192476461086e-06,4.2521924764610866e-06,0.05989057814602254,0.0,-0.5071203221939156,-3.647994089837671,-3.4915635505989377,0.5071203221939156
150.0,0.0,0.0,0.3540027481733335,-5.051292482438787,-1.6116204402857364,70.8005496346667,3.0,0.0,-1.838307043983679,0.16,0.0,False,0.005227415506866642,0.35400274817333355,0.26137188674217643,0.04252192476461086,4.252192476461086e-06,4.2521924764610866e-06,0.07080175385980399,0.0,0.28867652435322455,-3.4396720421530507,-3.2129854384551075,0.28867652435322455
151.0,0.0,0.0,0.32685186962557294,-4.634924841499737,-1.6104887362765297,65.37037392511459,3.0,0.0,-1.7998662606675586,0.07,0.0,False,0.005260223002781055,0.32685186962557294,0.26301226851308657,0.04252192476461086,4.252192476461086e-06,4.2521924764610866e-06,0.06537148579003543,0.0,0.41636764093904954,-3.0244361052232076,-2.835058580832179,0.41636764093904954
152.0,0.0,0.0,0.2854606924112598,-5.058455362222036,-1.6724349747159057,57.09213848225197,3.0,0.0,-1.7827042943300133,0.06,0.0,False,0.005268539038695795,0.2854606924112598,0.26342807207689267,0.04252192476461086,4.252192476461086e-06,4.2521924764610866e-06,0.05709310954516964,0.0,-0.4235305207222986,-3.38602038750613,-3.2757510678920223,0.4235305207222986
153.0,0.0,0.0,0.3322212974362778,-4.889758452764321,-1.5910222242938004,66.44425948725556,3.0,0.0,-1.7802572256967124,0.17,0.0,False,0.005402030755879844,0.33222129743627776,0.2701026863177191,0.04252192476461086,4.252192476461086e-06,4.2521924764610866e-06,0.06644538961757115,0.0,0.1686969094577151,-3.2987362284705206,-3.109501227067608,0.1686969094577151
154.0,0.0,0.0,0.31512757322589996,-5.584590582094888,-1.6900745087026143,63.025514645179996,3.0,0.0,-1.7361717544141875,-0.13,0.0,False,0.005556040353119792,0.31512757322589996,0.277803198923639,0.04252192476461086,4.252192476461086e-06,4.2521924764610866e-06,0.06302658662709847,0.0,-0.6948321293305675,-3.894516073392274,-3.8484188276807005,0.6948321293305675
155.0,0.0,0.0,0.38458397702351865,-5.624114204569892,-1.5456616659831783,76.91679540470373,3.0,0.0,-1.7384157213505245,0.04,0.0,False,0.005602390274924294,0.3845839770235186,0.2801207048683036,0.04252192476461086,4.252192476461086e-06,4.2521924764610866e-06,0.07691810365921564,0.0,-0.03952362247500396,-4.078452538586713,-3.8856984832193677,0.03952362247500396
156.0,0.0,0.0,0.3916787811928512,-4.698214349285715,-1.542404649887752,78.33575623857024,3.0,0.0,-1.7386690456050231,0.17,0.0,False,0.0052327549477528545,0.39167878119285127,0.26163885992170366,0.04252192476461086,4.252192476461086e-06,4.2521924764610866e-06,0.07833708862775786,0.0,0.9258998552841771,-3.155809699397963,-2.959545303680692,0.9258998552841771
157.0,0.0,0.0,0.30402337430055365,-5.391823931268421,-1.4648141689645018,60.80467486011073,3.0,0.0,-1.707243117963055,0.11,0.0,False,0.005547023346962335,0.30402337430055365,0.27735234669866377,0.04252192476461086,4.252192476461086e-06,4.2521924764610866e-06,0.060805709068436915,0.0,-0.693609581982706,-3.9270097623039195,-3.684580813305366,0.693609581982706
158.0,0.0,0.0,0.3768200195821318,-5.056011227456924,-1.3641940930208931,75.36400391642636,3.0,0.0,-1.6579159679849385,0.17,0.0,False,0.005329431144810775,0.3768200195821318,0.2664726903288896,0.04252192476461086,4.252192476461086e-06,4.2521924764610866e-06,0.07536528575997743,0.0,0.33581270381149686,-3.691817134436031,-3.3980952594719858,0.33581270381149686
159.0,0.0,0.0,0.34765847445757037,-4.254572082086594,-1.2606586070810382,69.53169489151408,3.0,0.0,-1.6235436198844955,0.13,0.0,False,0.00553917740283943,0.3476584744575705,0.2769600478243955,0.04252192476461086,4.252192476461086e-06,4.2521924764610866e-06,0.06953287753508476,0.0,0.8014391453703302,-2.993913475005556,-2.6310284622020985,0.8014391453703302
160.0,0.0,0.0,0.2736424819207687,-4.198045486569651,-1.2898267282025795,54.728496384153736,3.0,0.0,-1.579352567343751,0.32,0.0,False,0.005462607793018584,0.2736424819207687,0.27313155105391723,0.04252192476461086,4.252192476461086e-06,4.2521924764610866e-06,0.054729427244597784,0.0,0.05652659551694317,-2.908218758367071,-2.6186929192259,0.05652659551694317
161.0,0.0,0.0,0.27154111146841353,-4.2376269364876915,-1.3688280912655706,54.308222293682704,3.0,0.0,-1.518089083853767,0.2,0.0,False,0.0051084244757970305,0.27154111146841353,0.25542230989005776,0.04252192476461086,4.252192476461086e-06,4.2521924764610866e-06,0.05430914600581185,0.0,-0.03958144991804069,-2.8687988452221207,-2.7195378526339242,0.03958144991804069
162.0,0.0,0.0,0.27715457526049625,-4.531774167994075,-1.4487092921937699,55.430915052099245,3.0,0.0,-1.4825766396319566,-0.04,0.0,False,0.005383167410442196,0.27715457526049625,0.26915951503530783,0.04252192476461086,4.252192476461086e-06,4.2521924764610866e-06,0.05543185785976999,0.0,-0.29414723150638356,-3.0830648758003054,-3.0491975283621184,0.29414723150638356
163.0,0.0,0.0,0.30762983200710253,-4.14516431392533,-1.391158108688887,61.525966401420504,3.0,0.0,-1.4660222581527451,0.05,0.0,False,0.005196717220975692,0.30762983200710253,0.25983696592087824,0.04252192476461086,4.252192476461086e-06,4.2521924764610866e-06,0.061527012877976385,0.0,0.3866098540687455,-2.7540062052364425,-2.6791420557725845,0.3866098540687455
164.0,0.0,0.0,0.27452226497807586,-4.149806049199057,-1.3400106880273577,54.904452995615166,3.0,0.0,-1.4554104428601937,0.1,0.0,False,0.0052537531026145305,0.27452226497807586,0.2626887721291972,0.04252192476461086,4.252192476461086e-06,4.2521924764610866e-06,0.054905386848852,0.0,-0.004641735273727576,-2.8097953611716995,-2.6943956063388637,0.004641735273727576
165.0,0.0,0.0,0.2805946275060765,-5.067366275169093,-1.3163084206314661,56.1189255012153,3.0,0.0,-1.399883298069086,0.0,0.0,False,0.005452339829941043,0.2805946275060765,0.2726181507169722,0.04252192476461086,4.252192476461086e-06,4.2521924764610866e-06,0.05611988001104771,0.0,-0.9175602259700355,-3.7510578545376267,-3.667482977100007,0.9175602259700355
166.0,0.0,0.0,0.3707523146627362,-5.157959264920223,-1.310196136812064,74.15046293254724,3.0,0.0,-1.3438001170200942,0.02,0.0,False,0.0052212506131529704,0.3707523146627361,0.26106364074577715,0.04252192476461086,4.252192476461086e-06,4.2521924764610866e-06,0.07415172413534672,0.0,-0.09059298975112995,-3.8477631281081583,-3.8141591479001287,0.09059298975112995
167.0,0.0,0.0,0.38336212527961494,-4.72834007294146,-1.0776978313475818,76.67242505592299,3.0,0.0,-1.359764303031583,0.09,0.0,False,0.005263318123850046,0.38336212527961494,0.26316702522458857,0.04252192476461086,4.252192476461086e-06,4.2521924764610866e-06,0.07667372915401355,0.0,0.4296191919787624,-3.6506422415938786,-3.368575769909877,0.4296191919787624
168.0,0.0,0.0,0.3434756829987069,-4.1092252771428015,-1.1503693767167928,68.69513659974137,3.0,0.0,-1.3242565056468334,0.13,0.0,False,0.004833712965568988,0.3434756829987069,0.24168667597234467,0.04252192476461086,4.252192476461086e-06,4.2521924764610866e-06,0.06869630501454506,0.0,0.6191147957986587,-2.9588559004260087,-2.784968771495968,0.6191147957986587
169.0,0.0,0.0,0.28127941719128263,-4.03276369044211,-1.1145467725946996,56.255883438256525,3.0,0.0,-1.293510216718641,-0.11,0.0,False,0.005152955416733626,0.28127941719128263,0.2576488664045941,0.04252192476461086,4.252192476461086e-06,4.2521924764610866e-06,0.056256840277565064,0.0,0.0764615867006917,-2.91821691784741,-2.739253473723469,0.0764615867006917
170.0,0.0,0.0,0.27676770296994,-4.182591534476647,-1.0612530755142087,55.353540593988,3.0,0.0,-1.2963713025189,0.07,0.0,False,0.005218400962307458,0.27676770296994,0.26092115759763845,0.04252192476461086,4.252192476461086e-06,4.2521924764610866e-06,0.05535448208561999,0.0,-0.14982784403453753,-3.1213384589624384,-2.886220231957747,0.14982784403453753
171.0,0.0,0.0,0.29376431427192906,-3.877482472851476,-1.103645922802177,58.75286285438581,3.0,0.0,-1.2650278172654976,0.09,0.0,False,0.005089986920519155,0.29376431427192906,0.25450042820616214,0.04252192476461086,4.252192476461086e-06,4.2521924764610866e-06,0.0587538621640621,0.0,0.3051090616251715,-2.7738365500492987,-2.612454655585978,0.3051090616251715
172.0,0.0,0.0,0.2621454466451081,-3.760558586176139,-1.2348426046418057,52.42908932902162,3.0,0.0,-1.24488593463701,-0.02,0.0,False,0.0051502329575873005,0.2621454466451081,0.25751274286845666,0.04252192476461086,4.252192476461086e-06,4.2521924764610866e-06,0.05242998107954645,0.0,0.11692388667533704,-2.525715981534333,-2.515672651539129,0.11692388667533704
173.0,0.0,0.0,0.2474202142057723,-3.6730902256326536,-1.3989877906561954,49.484042841154455,3.0,0.0,-1.2559722717555994,0.04,0.0,False,0.005310143290532531,0.2474202142057723,0.265508293514194,0.04252192476461086,4.252192476461086e-06,4.2521924764610866e-06,0.04948488450027421,0.0,0.08746836054348517,-2.2741024349764585,-2.417117953877054,0.08746836054348517
174.0,0.0,0.0,0.23410892819709989,-4.116713707679029,-1.4336623165255904,46.82178563941998,3.0,0.0,-1.2863038401997502,0.12,0.0,False,0.005203670445824146,0.23410892819709989,0.26018462864162323,0.04252192476461086,4.252192476461086e-06,4.2521924764610866e-06,0.0468225820170121,0.0,-0.44362348204637536,-2.6830513911534384,-2.830409867479279,0.44362348204637536
175.0,0.0,0.0,0.2697143525324245,-4.174954104844296,-1.479750132957971,53.942870506484894,3.0,0.0,-1.3319511698504996,0.3,0.0,False,0.004945887564488058,0.2697143525324245,0.2472954297676974,0.04252192476461086,4.252192476461086e-06,4.2521924764610866e-06,0.05394378800445598,0.0,-0.05824039716526741,-2.6952039718863254,-2.843002934993797,0.05824039716526741
176.0,0.0,0.0,0.27403624409266614,-4.4943728459629515,-1.4119028514566427,54.807248818533225,3.0,0.0,-1.4195128384877556,0.04,0.0,False,0.004940804710145761,0.27403624409266614,0.2470412859699188,0.04252192476461086,4.252192476461086e-06,4.2521924764610866e-06,0.05480818101845361,0.0,-0.3194187411186551,-3.082469994506309,-3.0748600074751957,0.3194187411186551
177.0,0.0,0.0,0.30151238935284336,-5.505809533371764,-1.5315078568733071,60.30247787056867,3.0,0.0,-1.4345334011748678,0.02,0.0,False,0.004968116574738853,0.3015123893528433,0.24840688500633856,0.04252192476461086,4.252192476461086e-06,4.2521924764610866e-06,0.060303503537178144,0.0,-1.0114366874088123,-3.974301676498457,-4.071276132196896,1.0114366874088123
178.0,0.0,0.0,0.3986463446199336,-6.4057160700516835,-1.7301016836060115,79.72926892398672,3.0,0.0,-1.4791848479988423,0.1,0.0,False,0.004914387289588161,0.3986463446199336,0.2457204093254409,0.04252192476461086,4.252192476461086e-06,4.2521924764610866e-06,0.07973062501501017,0.0,-0.8999065366799197,-4.675614386445672,-4.926531222052841,0.8999065366799197
179.0,0.0,0.0,0.48823174367574373,-6.775998973802928,-1.5760425060109808,97.64634873514875,3.0,0.0,-1.5192613311230643,0.01,0.0,False,0.004848167607888921,0.4882317436757437,0.2424094111615373,0.04252192476461086,4.252192476461086e-06,4.2521924764610866e-06,0.09764800957236425,0.0,-0.37028290375124406,-5.199956467791947,-5.256737642679863,0.37028290375124406
180.0,0.0,0.0,0.5184613244250147,-7.05567547191795,-1.6830913903429474,103.69226488500294,3.0,0.0,-1.5232948305268896,0.16,0.0,False,0.00471004326984723,0.5184613244250147,0.23550316489288933,0.04252192476461086,4.252192476461086e-06,4.2521924764610866e-06,0.10369402855537783,0.0,-0.2796764981150224,-5.372584081575003,-5.53238064139106,0.2796764981150224
181.0,0.0,0.0,0.5419581298054384,-6.6630042126988,-1.700281650268317,108.39162596108768,3.0,0.0,-1.5912754996856326,-0.08,0.0,False,0.005055267523710508,0.5419581298054384,0.2527644509840518,0.04252192476461086,4.252192476461086e-06,4.2521924764610866e-06,0.10839346956147394,0.0,0.39267125921915014,-4.962722562430483,-5.071728713013167,0.39267125921915014
182.0,0.0,0.0,0.49598145058612986,-6.682223622073679,-1.8330978397267317,99.19629011722597,3.0,0.0,-1.6359789483494653,0.17,0.0,False,0.004907676886980246,0.49598145058612986,0.24538488776834902,0.04252192476461086,4.252192476461086e-06,4.2521924764610866e-06,0.0991979773169257,0.0,-0.019219409374879426,-4.849125782346947,-5.046244673724214,0.019219409374879426
183.0,0.0,0.0,0.49460598077874907,-7.268545029459498,-1.624574604109761,98.92119615574981,3.0,0.0,-1.7030842564078745,-0.11,0.0,False,0.005250422584159419,0.49460598077874907,0.2625222454983414,0.04252192476461086,4.252192476461086e-06,4.2521924764610866e-06,0.09892287867645955,0.0,-0.5863214073858192,-5.643970425349737,-5.565460773051624,0.5863214073858192
184.0,0.0,0.0,0.557724798585901,-7.735553058586888,-1.4749410133834757,111.54495971718019,3.0,0.0,-1.73605865629468,0.08,0.0,False,0.0055068220261243785,0.557724798585901,0.2753422721095783,0.04252192476461086,4.252192476461086e-06,4.2521924764610866e-06,0.11154685695166668,0.0,-0.46700802912738926,-6.260612045203412,-5.999494402292208,0.46700802912738926
185.0,0.0,0.0,0.6026367061002564,-7.172537013026653,-1.5676334759653618,120.52734122005128,3.0,0.0,-1.6911784659408702,0.0,0.0,False,0.005512389259489872,0.6026367061002564,0.27562063496150047,0.04252192476461086,4.252192476461086e-06,4.2521924764610866e-06,0.1205293912331483,0.0,0.5630160455602349,-5.604903537061291,-5.481358547085783,0.5630160455602349
186.0,0.0,0.0,0.5488136918417832,-7.563046365163561,-1.5053652815383471,109.76273836835664,3.0,0.0,-1.7090578712209439,0.08,0.0,False,0.005135872765007119,0.5488136918417833,0.25679473018633225,0.04252192476461086,4.252192476461086e-06,4.2521924764610866e-06,0.10976460528957917,0.0,-0.39050935213690785,-6.057681083625214,-5.853988493942617,0.39050935213690785
187.0,0.0,0.0,0.5906164538520813,-7.8465642356236724,-1.4462684993364874,118.12329077041626,3.0,0.0,-1.6842834115362555,0.05,0.0,False,0.005318708365219138,0.5906164538520813,0.2659365490695417,0.04252192476461086,4.252192476461086e-06,4.2521924764610866e-06,0.1181252998937462,0.0,-0.2835178704601118,-6.400295736287185,-6.162280824087417,0.2835178704601118
188.0,0.0,0.0,0.6205691818038197,-7.7637149439677335,-1.4453039765207047,124.11383636076394,3.0,0.0,-1.6567562559006772,0.07,0.0,False,0.005467593446419834,0.6205691818038197,0.27338083478397734,0.04252192476461086,4.252192476461086e-06,4.2521924764610866e-06,0.12411594737547217,0.0,0.0828492916559389,-6.318410967447029,-6.106958688067056,0.0828492916559389
189.0,0.0,0.0,0.6138583931369672,-7.762210094462888,-1.539892993726246,122.77167862739344,3.0,0.0,-1.6407404786051834,0.03,0.0,False,0.005391471868140674,0.6138583931369672,0.2695747396858393,0.04252192476461086,4.252192476461086e-06,4.2521924764610866e-06,0.12277376681374669,0.0,0.001504849504845751,-6.222317100736642,-6.121469615857705,0.001504849504845751
190.0,0.0,0.0,0.6153257226548068,-7.372147016486017,-1.4113899709668443,123.06514453096136,3.0,0.0,-1.6250005003960224,0.07,0.0,False,0.005140915238106604,0.6153257226548068,0.257046854913385,0.04252192476461086,4.252192476461086e-06,4.2521924764610866e-06,0.12306723770878741,0.0,0.3900630779768708,-5.9607570455191725,-5.747146516089995,0.3900630779768708
191.0,0.0,0.0,0.5792784659688676,-7.320109499804929,-1.461467054800574,115.85569319377352,3.0,0.0,-1.6088220437444039,0.07,0.0,False,0.004804234015675731,0.5792784659688676,0.2402127222101731,0.04252192476461086,4.252192476461086e-06,4.2521924764610866e-06,0.11585766374822205,0.0,0.05203751668108758,-5.858642445004356,-5.711287456060526,0.05203751668108758
192.0,0.0,0.0,0.5723434643947625,-7.393835903877273,-1.4901662986675812,114.4686928789525,3.0,0.0,-1.5792391966206087,-0.19,0.0,False,0.005076557285690013,0.5723434643947624,0.2538289436094354,0.04252192476461086,4.252192476461086e-06,4.2521924764610866e-06,0.11447063984233212,0.0,-0.07372640407234332,-5.903669605209691,-5.814596707256664,0.07372640407234332
193.0,0.0,0.0,0.5824403372523955,-7.607542394054512,-1.485248077683212,116.48806745047911,3.0,0.0,-1.5965531701286488,-0.11,0.0,False,0.005134334477597563,0.5824403372523955,0.25671781548879996,0.04252192476461086,4.252192476461086e-06,4.2521924764610866e-06,0.11649004876079014,0.0,-0.21370649017723942,-6.1222943163713,-6.010989223925863,0.21370649017723942
194.0,0.0,0.0,0.6057456025847224,-7.123988148885535,-1.4517015923262488,121.14912051694449,3.0,0.0,-1.569308698932321,0.13,0.0,False,0.0047024891744146405,0.6057456025847224,0.23512545851518615,0.04252192476461086,4.252192476461086e-06,4.2521924764610866e-06,0.12115118110569752,0.0,0.4835542451689774,-5.6722865565592855,-5.5546794499532135,0.4835542451689774
195.0,0.0,0.0,0.5553807427396499,-7.407927815607077,-1.3917552699317297,111.07614854792998,3.0,0.0,-1.5499575808625974,0.05,0.0,False,0.004827698523851411,0.5553807427396499,0.24138595260773754,0.04252192476461086,4.252192476461086e-06,4.2521924764610866e-06,0.11107803780854907,0.0,-0.28393966672154214,-6.016172545675348,-5.85797023474448,0.28393966672154214
196.0,0.0,0.0,0.5807425642634224,-7.297390523286173,-1.4511758285107,116.14851285268448,3.0,0.0,-1.5700626421982493,-0.06,0.0,False,0.00513033554592586,0.5807425642634224,0.25651786805500315,0.04252192476461086,4.252192476461086e-06,4.2521924764610866e-06,0.11615048838761403,0.0,0.11053729232090426,-5.8462146947754725,-5.727327881087923,0.11053729232090426
197.0,0.0,0.0,0.569357276644037,-6.841444123514872,-1.654784488750628,113.8714553288074,3.0,0.0,-1.6003787015147333,-0.11,0.0,False,0.00543838977696353,0.5693572766440371,0.27192064510218117,0.04252192476461086,4.252192476461086e-06,4.2521924764610866e-06,0.11387339213395416,0.0,0.45594639977130047,-5.186659634764244,-5.241065422000139,0.45594639977130047
198.0,0.0,0.0,0.5226296731986051,-7.140173993372596,-1.5957815900264765,104.52593463972102,3.0,0.0,-1.6036967060094012,-0.04,0.0,False,0.005365566063450147,0.5226296731986051,0.2682794439434897,0.04252192476461086,4.252192476461086e-06,4.2521924764610866e-06,0.10452771248973264,0.0,-0.29872986985772343,-5.544392403346119,-5.536477287363194,0.29872986985772343
199.0,0.0,0.0,0.5481537138021322,-7.047633981305475,-1.6173730697902433,109.63074276042643,3.0,0.0,-1.6150362754306102,-0.09,0.0,False,0.005593147802464872,0.5481537138021322,0.27965857928029375,0.04252192476461086,4.252192476461086e-06,4.2521924764610866e-06,0.1096326074365756,0.0,0.09254001206712026,-5.430260911515232,-5.432597705874866,0.09254001206712026
200.0,0.0,0.0,0.5401044700046268,-7.033517840452644,-1.6586265997063319,108.02089400092535,3.0,0.0,-1.6585203125963905,0.05,0.0,False,0.005576296909048844,0.5401044700046268,0.27881603102683034,0.04252192476461086,4.252192476461086e-06,4.2521924764610866e-06,0.10802273129564383,0.0,0.014116140852831194,-5.3748912407463125,-5.374997527856253,0.014116140852831194
201.0,0.0,0.0,0.5345303147189608,-6.524843020265392,-1.8316996153977905,106.90606294379216,3.0,0.0,-1.6464744498510209,0.09,0.0,False,0.005609664172068836,0.5345303147189608,0.2804844012720311,0.04252192476461086,4.252192476461086e-06,4.2521924764610866e-06,0.10690788127668632,0.0,0.5086748201872524,-4.693143404867602,-4.878368570414371,0.5086748201872524
202.0,0.0,0.0,0.4832347555640086,-7.132092990377431,-1.835360134304533,96.64695111280172,3.0,0.0,-1.6881010469739073,0.0,0.0,False,0.005167672938126073,0.4832347555640085,0.258384745603303,0.04252192476461086,4.252192476461086e-06,4.2521924764610866e-06,0.09664859495156529,0.0,-0.6072499701120391,-5.296732856072898,-5.443991943403524,0.6072499701120391
203.0,0.0,0.0,0.5415491093800848,-6.282575762186033,-1.8573245252220927,108.30982187601697,3.0,0.0,-1.6923927242657124,0.14,0.0,False,0.0050280984683495015,0.5415491093800848,0.2514059924395991,0.04252192476461086,4.252192476461086e-06,4.2521924764610866e-06,0.10831166408502227,0.0,0.8495172281913979,-4.42525123696394,-4.590183037920321,0.8495172281913979
204.0,0.0,0.0,0.4517309874900119,-6.17723101303808,-1.8868708133199081,90.34619749800238,3.0,0.0,-1.7164867580241612,0.04,0.0,False,0.005410953884096711,0.4517309874900119,0.27054884462570544,0.04252192476461086,4.252192476461086e-06,4.2521924764610866e-06,0.09034773416915319,0.0,0.10534474914795311,-4.2903601997181715,-4.4607442550139185,0.10534474914795311
205.0,0.0,0.0,0.4385422948601505,-5.984049058606882,-1.883557764214582,87.7084589720301,3.0,0.0,-1.7651698449305988,-0.03,0.0,False,0.005338548464826838,0.4385422948601505,0.26692855826812273,0.04252192476461086,4.252192476461086e-06,4.2521924764610866e-06,0.08770995077868403,0.0,0.19318195443119812,-4.1004912943923,-4.218879213676283,0.19318195443119812
206.0,0.0,0.0,0.418359417847535,-5.627264257700494,-1.9332457103549792,83.671883569507,3.0,0.0,-1.791714826124239,0.09,0.0,False,0.005308983320993544,0.418359417847535,0.265450294790624,0.04252192476461086,4.252192476461086e-06,4.2521924764610866e-06,0.08367330671927065,0.0,0.35678480090638764,-3.694018547345515,-3.835549431576255,0.35678480090638764
207.0,0.0,0.0,0.37876764654582923,-4.12742242765923,-1.9840675108935426,75.75352930916584,3.0,0.0,-1.8003659328930852,0.01,0.0,False,0.005527569434796869,0.3787676465458293,0.2763796469543018,0.04252192476461086,4.252192476461086e-06,4.2521924764610866e-06,0.07575481777803654,0.0,1.4998418300412641,-2.1433549167656873,-2.3270564947661447,1.4998418300412641
208.0,0.0,0.0,0.22203750915702195,-4.380341706182441,-2.0970956700759182,44.40750183140439,3.0,0.0,-1.8395072625953568,0.18,0.0,False,0.005686424749861264,0.22203750915702195,0.28432244648169014,0.04252192476461086,4.252192476461086e-06,4.2521924764610866e-06,0.04440825714517335,0.0,-0.25291927852321106,-2.2832460361065228,-2.540834443587084,0.25291927852321106
209.0,0.0,0.0,0.2476683766661239,-3.5688450536545617,-2.0178046974260577,49.53367533322478,3.0,0.0,-1.9070001287777165,0.06,0.0,False,0.005601208709802357,0.2476683766661239,0.2800616263609945,0.04252192476461086,4.252192476461086e-06,4.2521924764610866e-06,0.049534517836528576,0.0,0.8114966525278793,-1.551040356228504,-1.6618449248768452,0.8114966525278793
210.0,0.0,0.0,0.16062832391435997,-3.1116694227428074,-2.0026903994740337,32.12566478287199,3.0,0.0,-1.9036052828408092,0.14,0.0,False,0.005303676886649035,0.16062832391435997,0.2651849719451994,0.04252192476461086,4.252192476461086e-06,4.2521924764610866e-06,0.03212621119858886,0.0,0.4571756309117543,-1.1089790232687737,-1.2080641399019982,0.4571756309117543
211.0,0.0,0.0,0.1087426112495526,-3.6235326027198678,-2.1942683410092876,21.748522249910522,3.0,0.0,-1.9625276633834412,0.18,0.0,False,0.00542647111203527,0.1087426112495526,0.27132470932174524,0.04252192476461086,4.252192476461086e-06,4.2521924764610866e-06,0.021748892163948298,0.0,-0.5118631799770603,-1.4292642617105802,-1.6610049393364266,0.5118631799770603
212.0,0.0,0.0,0.1502917857297293,-3.417795124238021,-2.215942375377784,30.05835714594586,3.0,0.0,-2.024220190521611,0.09,0.0,False,0.005450265415908149,0.1502917857297293,0.27251442957428723,0.04252192476461086,4.252192476461086e-06,4.2521924764610866e-06,0.030058868399452324,0.0,0.20573747848184665,-1.201852748860237,-1.39357493371641,0.20573747848184665
213.0,0.0,0.0,0.12880821142363794,-3.9629261386926635,-2.1890966962459477,25.76164228472759,3.0,0.0,-2.1205827919425486,0.11,0.0,False,0.004881292690897624,0.12880821142363794,0.2440656723546839,0.04252192476461086,4.252192476461086e-06,4.2521924764610866e-06,0.02576208045671039,0.0,-0.5451310144546424,-1.7738294424467158,-1.842343346750115,0.5451310144546424
214.0,0.0,0.0,0.18439763877420678,-3.7707305046928163,-2.2519580009335884,36.879527754841355,3.0,0.0,-2.129685624136267,-0.02,0.0,False,0.005065647795411893,0.18439763877420678,0.25328346677606683,0.04252192476461086,4.252192476461086e-06,4.2521924764610866e-06,0.036880155027575856,0.0,0.19219563399984718,-1.518772503759228,-1.6410448805565494,0.19219563399984718
215.0,0.0,0.0,0.15681106365462413,-4.274517404088281,-2.328544335017465,31.362212730924828,3.0,0.0,-2.118910546237984,0.1,0.0,False,0.005078589459684425,0.15681106365462413,0.2539305527412158,0.04252192476461086,4.252192476461086e-06,4.2521924764610866e-06,0.03136274616131663,0.0,-0.5037868993954651,-1.9459730690708166,-2.1556068578502976,0.5037868993954651
216.0,0.0,0.0,0.20332647154977873,-4.736587918311696,-2.434555302649983,40.66529430995575,3.0,0.0,-2.202586528605322,0.11,0.0,False,0.004715183330373463,0.20332647154977873,0.23576016901202726,0.04252192476461086,4.252192476461086e-06,4.2521924764610866e-06,0.0406659859736487,0.0,-0.4620705142234147,-2.3020326156617132,-2.5340013897063742,0.4620705142234147
217.0,0.0,0.0,0.2388372328914315,-5.0581861920868425,-2.4833502144760886,47.7674465782863,3.0,0.0,-2.241209459425867,0.26,0.0,False,0.005055476984994603,0.23883723289143152,0.2527749240927901,0.04252192476461086,4.252192476461086e-06,4.2521924764610866e-06,0.04776825904033935,0.0,-0.3215982737751464,-2.574835977610754,-2.8169767326609754,0.3215982737751464
218.0,0.0,0.0,0.2635582473916632,-4.563484733455779,-2.684724914301426,52.711649478332646,3.0,0.0,-2.348164810303144,0.44,0.0,False,0.004764865732865589,0.2635582473916632,0.23824429969959046,0.04252192476461086,4.252192476461086e-06,4.2521924764610866e-06,0.0527125460348376,0.0,0.49470145863106385,-1.8787598191543529,-2.215319923152635,0.49470145863106385
219.0,0.0,0.0,0.20986498310453375,-4.8742469548668454,-2.6996964575702376,41.97299662090675,3.0,0.0,-2.42254768315038,0.15,0.0,False,0.00466418995634575,0.20986498310453372,0.23321048946895956,0.04252192476461086,4.252192476461086e-06,4.2521924764610866e-06,0.04197371052691283,0.0,-0.3107622214110668,-2.174550497296608,-2.4516992717164654,0.3107622214110668
220.0,0.0,0.0,0.23111044253216018,-4.777873130515817,-2.75920624725688,46.22208850643204,3.0,0.0,-2.4647902830953323,0.36,0.0,False,0.004664916705845518,0.23111044253216023,0.2332468270984619,0.04252192476461086,4.252192476461086e-06,4.2521924764610866e-06,0.04622287468395699,0.0,0.09637382435102815,-2.018666883258937,-2.313082847420485,0.09637382435102815
221.0,0.0,0.0,0.21685672415315518,-4.96268664223389,-2.868008156046427,43.37134483063104,3.0,0.0,-2.563093393240998,0.08,0.0,False,0.00490436485003406,0.21685672415315518,0.2452192852168688,0.04252192476461086,4.252192476461086e-06,4.2521924764610866e-06,0.04337208252071893,0.0,-0.18481351171807248,-2.0946784861874628,-2.399593248992892,0.18481351171807248
222.0,0.0,0.0,0.22678462180889689,-4.540338681281761,-2.9369854050963755,45.35692436177938,3.0,0.0,-2.6092597831577216,0.43,0.0,False,0.004739846556371337,0.22678462180889689,0.23699333555556013,0.04252192476461086,4.252192476461086e-06,4.2521924764610866e-06,0.04535769582398903,0.0,0.4223479609521288,-1.6033532761853855,-1.9310788981240394,0.4223479609521288
223.0,0.0,0.0,0.17511193896314853,-4.254102151310328,-3.0059932878548294,35.02238779262971,3.0,0.0,-2.694792207551792,0.25,0.0,False,0.005180490622346007,0.1751119389631485,0.25902563253946276,0.04252192476461086,4.252192476461086e-06,4.2521924764610866e-06,0.035022983477832226,0.0,0.2862365299714327,-1.2481088634554989,-1.5593099437585365,0.2862365299714327
224.0,0.0,0.0,0.14041119431954147,-4.331392764483669,-2.9013451599319904,28.08223886390829,3.0,0.0,-2.789182061166808,0.02,0.0,False,0.005109995152447511,0.14041119431954147,0.2555008440565226,0.04252192476461086,4.252192476461086e-06,4.2521924764610866e-06,0.028082716506216517,0.0,-0.07729061317334107,-1.430047604551679,-1.5422107033168615,0.07729061317334107
225.0,0.0,0.0,0.14708577430346956,-4.320867340167577,-2.800487981544028,29.41715486069391,3.0,0.0,-2.8499603553437107,-0.04,0.0,False,0.005056594280620373,0.14708577430346956,0.2528307891116265,0.04252192476461086,4.252192476461086e-06,4.2521924764610866e-06,0.02941765520818462,0.0,0.010525424316092824,-1.5203793586235488,-1.4709069848238658,0.010525424316092824
226.0,0.0,0.0,0.15066541770463796,-4.35930772969815,-2.7733393802261097,30.13308354092759,3.0,0.0,-2.8605037495978314,0.06,0.0,False,0.005019954437673573,0.15066541770463793,0.2509987891743032,0.04252192476461086,4.252192476461086e-06,4.2521924764610866e-06,0.030133596065432713,0.0,-0.038440389530573604,-1.5859683494720405,-1.4988039801003188,0.038440389530573604
227.0,0.0,0.0,0.15426037874911894,-3.8468762562863983,-2.912869015685088,30.852075749823786,3.0,0.0,-2.814181130203417,-0.11,0.0,False,0.005212694106165229,0.15426037874911894,0.2606358135771945,0.04252192476461086,4.252192476461086e-06,4.2521924764610866e-06,0.030852600503449953,0.0,0.5124314734117519,-0.9340072406013102,-1.0326951260829813,0.5124314734117519
228.0,0.0,0.0,0.10025369030196776,-4.58958515834756,-2.7842510356169172,20.050738060393552,3.0,0.0,-2.816671144965866,-0.1,0.0,False,0.005224087681947444,0.10025369030196776,0.26120549478868904,0.04252192476461086,4.252192476461086e-06,4.2521924764610866e-06,0.02005107909733349,0.0,-0.7427089020611621,-1.8053341227306432,-1.7729140133816945,0.7427089020611621
229.0,0.0,0.0,0.17190767937643694,-5.024746693347193,-2.8948493517564393,34.38153587528739,3.0,0.0,-2.84431803836734,0.02,0.0,False,0.0053738677394978476,0.17190767937643694,0.2686945295108909,0.04252192476461086,4.252192476461086e-06,4.2521924764610866e-06,0.03438212066043345,0.0,-0.43516153499963295,-2.129897341590754,-2.1804286549798535,0.43516153499963295
230.0,0.0,0.0,0.21341480034543522,-5.234273304921099,-2.959591676854118,42.682960069087045,3.0,0.0,-2.8704718153561486,-0.02,0.0,False,0.0054109105531140005,0.21341480034543522,0.27054667806735716,0.04252192476461086,4.252192476461086e-06,4.2521924764610866e-06,0.04268368605064671,0.0,-0.20952661157390562,-2.274681628066981,-2.3638014895649504,0.20952661157390562
231.0,0.0,0.0,0.23458515828252227,-4.882110040957399,-3.0134442591108894,46.917031656504456,3.0,0.0,-2.8905533158524235,0.06,0.0,False,0.005393317743466664,0.23458515828252224,0.2696670338445897,0.04252192476461086,4.252192476461086e-06,4.2521924764610866e-06,0.04691782965410728,0.0,0.3521632639636998,-1.8686657818465098,-1.9915567251049757,0.3521632639636998
232.0,0.0,0.0,0.1950045944978972,-4.802318431704558,-2.921674766269125,39.00091889957944,3.0,0.0,-2.888371847033622,0.13,0.0,False,0.0049366953314227136,0.19500459449789717,0.24683581616007294,0.04252192476461086,4.252192476461086e-06,4.2521924764610866e-06,0.039001582254414364,0.0,0.07979160925284123,-1.880643665435433,-1.9139465846709358,0.07979160925284123
233.0,0.0,0.0,0.18613689445307788,-4.403871743055558,-2.9077512439223305,37.227378890615576,3.0,0.0,-2.9320226361249495,-0.04,0.0,False,0.004999205681673717,0.18613689445307785,0.24996134696292524,0.04252192476461086,4.252192476461086e-06,4.2521924764610866e-06,0.037228012079844844,0.0,0.3984466886489999,-1.4961204991332275,-1.4718491069306086,0.3984466886489999
234.0,0.0,0.0,0.14916037276278915,-4.949796351910554,-2.737640332783314,29.832074552557827,3.0,0.0,-2.9409099126786717,0.05,0.0,False,0.005162724216289446,0.14916037276278915,0.25813730845932575,0.04252192476461086,4.252192476461086e-06,4.2521924764610866e-06,0.029832581957292093,0.0,-0.545924608854996,-2.21215601912724,-2.0088864392318824,0.545924608854996
235.0,0.0,0.0,0.20623085404344263,-4.307160997051002,-2.696018691979586,41.246170808688525,3.0,0.0,-2.9122363024969258,0.09,0.0,False,0.0051549063759513455,0.20623085404344263,0.25774641478027266,0.04252192476461086,4.252192476461086e-06,4.2521924764610866e-06,0.04124687235233417,0.0,0.6426353548595518,-1.6111423050714162,-1.3949246945540765,0.6426353548595518
236.0,0.0,0.0,0.14468495718721827,-3.9282748807450236,-2.7565166145772757,28.936991437443655,3.0,0.0,-2.887443964811831,0.13,0.0,False,0.005135038848524793,0.1446849571872183,0.25675303418491746,0.04252192476461086,4.252192476461086e-06,4.2521924764610866e-06,0.028937483617979907,0.0,0.3788861163059787,-1.171758266167748,-1.0408309159331925,0.3788861163059787
237.0,0.0,0.0,0.11156381036594377,-3.7817170410944096,-2.7231498564053616,22.312762073188754,3.0,0.0,-2.8602806637645006,0.14,0.0,False,0.005081252722064482,0.11156381036594379,0.25406371642645387,0.04252192476461086,4.252192476461086e-06,4.2521924764610866e-06,0.02231314158421105,0.0,0.14655783965061397,-1.058567184689048,-0.921436377329909,0.14655783965061397
238.0,0.0,0.0,0.10213449672934725,-4.451721165039215,-2.5925149114783634,20.42689934586945,3.0,0.0,-2.8126130575458332,0.23,0.0,False,0.005304677440884135,0.10213449672934727,0.2652349998696819,0.04252192476461086,4.252192476461086e-06,4.2521924764610866e-06,0.020427246780822937,0.0,-0.6700041239448056,-1.8592062535608518,-1.639108107493382,0.6700041239448056
239.0,0.0,0.0,0.1665235327862808,-4.333524694580313,-2.5382696206293134,33.30470655725616,3.0,0.0,-2.760350359024009,0.01,0.0,False,0.005176612279177592,0.16652353278628076,0.25883171455646886,0.04252192476461086,4.252192476461086e-06,4.2521924764610866e-06,0.033305273026938004,0.0,0.11819647045890225,-1.7952550739509996,-1.573174335556304,0.11819647045890225
240.0,0.0,0.0,0.1581666381315274,-4.828650877451322,-2.6165886835166083,31.63332762630548,3.0,0.0,-2.7864504326707458,0.1,0.0,False,0.005058326326971801,0.1581666381315274,0.25291739179744754,0.04252192476461086,4.252192476461086e-06,4.2521924764610866e-06,0.03163386566800855,0.0,-0.49512618287100896,-2.2120621939347136,-2.042200444780576,0.49512618287100896
241.0,0.0,0.0,0.21187458719734167,-4.539475287623399,-2.4900754144148025,42.374917439468334,3.0,0.0,-2.751824685515606,0.14,0.0,False,0.00488210998685793,0.21187458719734167,0.2441065373264642,0.04252192476461086,4.252192476461086e-06,4.2521924764610866e-06,0.04237563818162407,0.0,0.2891755898279227,-2.0493998732085967,-1.7876506021077931,0.2891755898279227
242.0,0.0,0.0,0.1824765128653367,-3.8706118200047035,-2.690321399556602,36.49530257306734,3.0,0.0,-2.709859958901626,0.02,0.0,False,0.004998065580325845,0.18247651286533667,0.24990434165313508,0.04252192476461086,4.252192476461086e-06,4.2521924764610866e-06,0.03649592331063192,0.0,0.6688634676186958,-1.1802904204481015,-1.1607518611030776,0.6688634676186958
243.0,0.0,0.0,0.1188999962012851,-3.599777781907048,-2.649299063124688,23.77999924025702,3.0,0.0,-2.714671362707277,-0.08,0.0,False,0.0052052954133467435,0.11889999620128512,0.26026587736323686,0.04252192476461086,4.252192476461086e-06,4.2521924764610866e-06,0.02378040370707257,0.0,0.2708340380976555,-0.9504787187823598,-0.8851064191997708,0.2708340380976555
244.0,0.0,0.0,0.09345306801921181,-3.0888915901752654,-2.5769908540389523,18.690613603842362,3.0,0.0,-2.6815865787083886,-0.08,0.0,False,0.0056056138325969885,0.09345306801921181,0.2802818834372977,0.04252192476461086,4.252192476461086e-06,4.2521924764610866e-06,0.018690931506836747,0.0,0.5108861917317826,-0.511900736136313,-0.4073050114668768,0.5108861917317826
245.0,0.0,0.0,0.04389517339378023,-2.7803569101493113,-2.5946226992665555,8.779034678756046,3.0,0.0,-2.6652272326932946,0.06,0.0,False,0.00538830275992859,0.04389517339378023,0.26941628360145226,0.04252192476461086,4.252192476461086e-06,4.2521924764610866e-06,0.008779183998701947,0.0,0.3085346800259541,-0.18573421088275577,-0.11512967745601665,0.3085346800259541
246.0,0.0,0.0,0.012755861785390142,-2.8233118547469465,-2.636080969691544,2.5511723570780283,3.0,0.0,-2.6499305237011606,0.13,0.0,False,0.0050742703074981715,0.012785273563456916,0.2537145942136098,0.04252192476461086,4.252192476461086e-06,4.2521924764610866e-06,0.002551215749197126,0.0,-0.04295494459763516,-0.1872308850554023,-0.1733813310457859,0.04295494459763516
247.0,0.0,0.0,0.0197284357225295,-2.0961271582926724,-2.645194071536956,3.9456871445059,3.0,0.0,-2.6527955802764343,0.08,0.0,False,0.004819418233095494,0.0197284357225295,0.24097193630947222,0.04252192476461086,4.252192476461086e-06,4.2521924764610866e-06,0.003945754255505289,0.0,0.7271846964542741,0.5490669132442836,0.5566684219837619,0.7271846964542741
248.0,0.0,0.0,-0.05646577617623966,-1.7379994172417463,-2.600418612224658,-11.293155235247932,3.0,0.0,-2.626023303066354,-0.13,0.0,False,0.0049867768467723025,0.05646577617623967,0.2493399025753646,0.04252192476461086,4.252192476461086e-06,4.2521924764610866e-06,-0.011293347317110061,0.0,0.35812774105092604,0.8624191949829116,0.8880238858246075,0.35812774105092604
249.0,0.0,0.0,-0.09280039075331917,-2.1630224308128803,-2.499449100446564,-18.560078150663834,3.0,0.0,-2.6607969252225003,-0.04,0.0,False,0.004737878151737519,0.09280039075331917,0.2368949149053675,0.04252192476461086,4.252192476461086e-06,4.2521924764610866e-06,-0.01856039383342017,0.0,-0.4250230135711339,0.33642666963368395,0.49777449440962007,0.4250230135711339
250.0,0.0,0.0,-0.049380100848855725,-2.3319748095018182,-2.6136773026931066,-9.876020169771145,3.0,0.0,-2.666023055031106,-0.09,0.0,False,0.005133788309904908,0.049380100848855725,0.2566905069880467,0.04252192476461086,4.252192476461086e-06,4.2521924764610866e-06,-0.009876188148011514,0.0,-0.16895237868893798,0.2817024931912884,0.3340482455292877,0.16895237868893798
251.0,0.0,0.0,-0.03329011431265349,-2.1945619329292327,-2.4276125977440053,-6.658022862530697,3.0,0.0,-2.656833937986103,-0.05,0.0,False,0.004952695125366269,0.03329011431265349,0.24763580925896087,0.04252192476461086,4.252192476461086e-06,4.2521924764610866e-06,-0.006658136106828052,0.0,0.1374128765725855,0.23305066481477255,0.46227200505687005,0.1374128765725855
252.0,0.0,0.0,-0.044075018684876274,-1.2391885270863845,-2.466791056317521,-8.815003736975255,3.0,0.0,-2.6648830304270335,0.15,0.0,False,0.00468644042718125,0.04407501868487627,0.23432301774139871,0.04252192476461086,4.252192476461086e-06,4.2521924764610866e-06,-0.00881515366870799,0.0,0.9553734058428482,1.2276025292311366,1.425694503340649,0.9553734058428482
253.0,0.0,0.0,-0.14047988550315021,-1.367094258798088,-2.5933810685917154,-28.09597710063004,3.0,0.0,-2.6353214905511373,0.05,0.0,False,0.004525920983716113,0.14047988550315021,0.2262970114401634,0.04252192476461086,4.252192476461086e-06,4.2521924764610866e-06,-0.028096454976607784,0.0,-0.1279057317117036,1.2262868097936273,1.2682272317530492,0.1279057317117036
254.0,0.0,0.0,-0.13241285439516742,-1.5277700680587838,-2.791638615706942,-26.482570879033485,3.0,0.0,-2.644017249493497,-0.01,0.0,False,0.00496686096757657,0.13241285439516742,0.24834410438127041,0.04252192476461086,4.252192476461086e-06,4.2521924764610866e-06,-0.026483021313072723,0.0,-0.1606758092606957,1.2638685476481584,1.116247181434713,0.1606758092606957
255.0,0.0,0.0,-0.12178441947712634,-1.0431325012958768,-2.7503386141080335,-24.35688389542527,3.0,0.0,-2.691250954996923,-0.06,0.0,False,0.004999586997196459,0.12178441947712634,0.24998041282013367,0.04252192476461086,4.252192476461086e-06,4.2521924764610866e-06,-0.024357298174297454,0.0,0.48463756676290703,1.7072061128121567,1.6481184537010463,0.48463756676290703
256.0,0.0,0.0,-0.17557843576121854,-1.6266031494097926,-2.8617496461578944,-35.11568715224371,3.0,0.0,-2.7456401553696583,0.07,0.0,False,0.004933433726186152,0.17557843576121854,0.2466727352047963,0.04252192476461086,4.252192476461086e-06,4.2521924764610866e-06,-0.03511628442434682,0.0,-0.5834706481139158,1.2351464967481018,1.1190370059598658,0.5834706481139158
257.0,0.0,0.0,-0.11863580116499753,-1.9688504987248885,-2.8875900103144945,-23.727160232999505,3.0,0.0,-2.798954188573239,0.02,0.0,False,0.00485713266059263,0.11863580116499753,0.2428576657027793,0.04252192476461086,4.252192476461086e-06,4.2521924764610866e-06,-0.02372756380109236,0.0,-0.34224734931509593,0.918739511589606,0.8301036898483505,0.34224734931509593
258.0,0.0,0.0,-0.08547387243043941,-2.8239727828651144,-2.7083153511858287,-17.094774486087882,3.0,0.0,-2.812986384172824,-0.05,0.0,False,0.004985176716265315,0.08547387243043941,0.2492598957098121,0.04252192476461086,4.252192476461086e-06,4.2521924764610866e-06,-0.017095065245937326,0.0,-0.855122284140226,-0.11565743167928577,-0.010986398692290233,0.855122284140226
259.0,0.0,0.0,-0.007657963410721816,-3.1310539208496158,-2.8989046374424343,-1.5315926821443633,3.0,0.0,-2.823607395597146,0.1,0.0,False,0.004792240577549601,0.00789353027320635,0.23961304775394643,0.04252192476461086,4.252192476461086e-06,4.2521924764610866e-06,-0.0015316187325411107,0.0,-0.3070811379845013,-0.23214928340718144,-0.3074465252524696,0.3070811379845013
260.0,0.0,0.0,0.019611415537669465,-2.420165324687533,-3.0199477186170576,3.922283107533893,3.0,0.0,-2.900554045129052,0.03,0.0,False,0.0048697705296791615,0.019611415537669468,0.24348956184403847,0.04252192476461086,4.252192476461086e-06,4.2521924764610866e-06,0.003922349820461095,0.0,0.7108885961620826,0.5997823939295244,0.4803887204415189,0.7108885961620826
261.0,0.0,0.0,-0.056789879164883,-2.6529802802502025,-3.0803243019492905,-11.3579758329766,3.0,0.0,-2.934935595897241,0.05,0.0,False,0.005101405514806543,0.056789879164883,0.2550713603482346,0.04252192476461086,4.252192476461086e-06,4.2521924764610866e-06,-0.011358169017352671,0.0,-0.2328149555626693,0.42734402169908803,0.2819553156470387,0.2328149555626693
262.0,0.0,0.0,-0.03785232985129561,-2.607874560722276,-3.0347044005491792,-7.5704659702591215,3.0,0.0,-2.9880761904112085,0.16,0.0,False,0.004847736283932523,0.03785232985129561,0.24238784487201384,0.04252192476461086,4.252192476461086e-06,4.2521924764610866e-06,-0.007570594734025354,0.0,0.045105719527926524,0.42682983982690326,0.38020162968893256,0.045105719527926524
263.0,0.0,0.0,-0.042064960030822454,-3.921712549672388,-3.0021213396596824,-8.41299200616449,3.0,0.0,-3.0315116265327684,-0.07,0.0,False,0.004935925597463731,0.042064960030822454,0.246797329298471,0.04252192476461086,4.252192476461086e-06,4.2521924764610866e-06,-0.008413135100201273,0.0,-1.313837988950112,-0.9195912100127055,-0.8902009231396195,1.313837988950112
264.0,0.0,0.0,0.0864563961224937,-3.859168834882143,-2.974296665473644,17.29127922449874,3.0,0.0,-3.028533104445828,0.02,0.0,False,0.005078404937333977,0.08645639612249373,0.25392132658446215,0.04252192476461086,4.252192476461086e-06,4.2521924764610866e-06,0.017291573326637857,0.0,0.06254371479024501,-0.8848721694084989,-0.830635730436315,0.06254371479024501
265.0,0.0,0.0,0.08395204148939614,-4.321715462759957,-3.027882583445122,16.790408297879228,3.0,0.0,-3.057130206985595,0.06,0.0,False,0.0048514926127039655,0.08395204148939615,0.2425756621092176,0.04252192476461086,4.252192476461086e-06,4.2521924764610866e-06,0.016790693880856224,0.0,-0.46254662787781387,-1.2938328793148348,-1.264585255774362,0.46254662787781387
266.0,0.0,0.0,0.1262233949647946,-4.647167738052136,-2.895298584084281,25.244678992958917,3.0,0.0,-3.019630570976222,-0.09,0.0,False,0.004928627523757401,0.1262233949647946,0.24643242406151378,0.04252192476461086,4.252192476461086e-06,4.2521924764610866e-06,0.025245108372069433,0.0,-0.32545227529217957,-1.7518691539678555,-1.6275371670759142,0.32545227529217957
267.0,0.0,0.0,0.15724508564887452,-4.123969673886179,-2.892054811184651,31.449017129774905,3.0,0.0,-3.059454676803491,-0.01,0.0,False,0.0048640742361269985,0.15724508564887452,0.24320474595534344,0.04252192476461086,4.252192476461086e-06,4.2521924764610866e-06,0.031449552036596475,0.0,0.5231980641659577,-1.2319148627015277,-1.0645149970826875,0.5231980641659577
268.0,0.0,0.0,0.10380076937657899,-3.4268761014257927,-3.0604711755911813,20.760153875315797,3.0,0.0,-3.074683449744885,-0.01,0.0,False,0.0048312829244914176,0.10380076937657899,0.241565173401816,0.04252192476461086,4.252192476461086e-06,4.2521924764610866e-06,0.02076050697849479,0.0,0.697093572460386,-0.3664049258346114,-0.3521926516809075,0.697093572460386
269.0,0.0,0.0,0.035979179828580246,-3.6635561769276976,-2.9080421542600874,7.195835965716049,3.0,0.0,-3.08593991107786,0.12,0.0,False,0.004786043901540428,0.035979179828580246,0.23930321263601487,0.04252192476461086,4.252192476461086e-06,4.2521924764610866e-06,0.00719595835751383,0.0,-0.23668007550190495,-0.7555140226676103,-0.5776162658498376,0.23668007550190495
270.0,0.0,0.0,0.05963015812615872,-3.812078241361399,-2.9353103966016154,11.926031625231744,3.0,0.0,-3.0670766536201017,0.03,0.0,False,0.005066457112600939,0.05963015812615872,0.25332393280758775,0.04252192476461086,4.252192476461086e-06,4.2521924764610866e-06,0.011926234471496995,0.0,-0.1485220644337013,-0.8767678447597835,-0.7450015877412972,0.1485220644337013
271.0,0.0,0.0,0.07322674724970459,-3.9299160615860953,-2.9586075440323083,14.645349449940918,3.0,0.0,-3.0672419177206236,-0.1,0.0,False,0.005345803338705924,0.07322674724970459,0.26729130350453306,0.04252192476461086,4.252192476461086e-06,4.2521924764610866e-06,0.014645598548260676,0.0,-0.11783782022469635,-0.971308517553787,-0.8626741438654717,0.11783782022469635
272.0,0.0,0.0,0.09033578354051604,-3.7513948564797697,-2.9155410334079312,18.06715670810321,3.0,0.0,-3.079795200153167,0.11,0.0,False,0.005557704421634191,0.09033578354051604,0.2778864027031559,0.04252192476461086,4.252192476461086e-06,4.2521924764610866e-06,0.0180674640069078,0.0,0.17852120510632563,-0.8358538230718384,-0.6715996563266025,0.17852120510632563
273.0,0.0,0.0,0.0727220446564826,-3.1782051087069383,-2.8933143331527384,14.544408931296521,3.0,0.0,-3.0265390199239794,-0.02,0.0,False,0.005386214158974916,0.0727220446564826,0.2693118531097119,0.04252192476461086,4.252192476461086e-06,4.2521924764610866e-06,0.014544656312749524,0.0,0.5731897477728314,-0.28489077555419984,-0.15166608878295884,0.5731897477728314
274.0,0.0,0.0,0.011547540870483392,-3.247654244405124,-3.120044398349714,2.3095081740966785,3.0,0.0,-3.0241589485083864,0.02,0.0,False,0.004992344648163271,0.011577556603800799,0.24961829382868114,0.04252192476461086,4.252192476461086e-06,4.2521924764610866e-06,0.0023095474558227722,0.0,-0.06944913569818567,-0.12760984605540981,-0.22349529589673756,0.06944913569818567
275.0,0.0,0.0,0.016123934346526838,-3.8701480317312766,-3.179060221561942,3.2247868693053676,3.0,0.0,-3.062727244883784,-0.01,0.0,False,0.004852148851606074,0.016123934346526838,0.24260847419384576,0.04252192476461086,4.252192476461086e-06,4.2521924764610866e-06,0.00322484171872999,0.0,-0.6224937873261527,-0.6910878101693347,-0.8074207868474925,0.6224937873261527
276.0,0.0,0.0,0.07660846902885579,-3.7267376469825786,-3.218649895760401,15.321693805771158,3.0,0.0,-3.08641147283624,0.05,0.0,False,0.004978454357331481,0.07660846902885579,0.24892377633388213,0.04252192476461086,4.252192476461086e-06,4.2521924764610866e-06,0.015321954407827526,0.0,0.14341038474869805,-0.5080877512221775,-0.6403261741463386,0.14341038474869805
277.0,0.0,0.0,0.059610341858988135,-4.506159060854756,-3.178093602035181,11.922068371797627,3.0,0.0,-3.1040470537449374,0.13,0.0,False,0.00505110326363521,0.059610341858988135,0.2525562370949253,0.04252192476461086,4.252192476461086e-06,4.2521924764610866e-06,0.0119222711506531,0.0,-0.7794214138721776,-1.3280654588195753,-1.4021120071098188,0.7794214138721776
278.0,0.0,0.0,0.13667502082556643,-4.971400323369325,-3.2237150705442956,27.335004165113286,3.0,0.0,-3.130621554660339,0.01,0.0,False,0.004945091753537553,0.1366750208255664,0.2472556390509751,0.04252192476461086,4.252192476461086e-06,4.2521924764610866e-06,0.027335469097932497,0.0,-0.465241262514569,-1.7476852528250295,-1.840778768708986,0.465241262514569
279.0,0.0,0.0,0.1845005095537778,-5.349981586356005,-3.183117783258477,36.90010191075556,3.0,0.0,-3.1393797941743298,-0.06,0.0,False,0.005034666479241289,0.1845005095537778,0.2517343943806106,0.04252192476461086,4.252192476461086e-06,4.2521924764610866e-06,0.036900729533429655,0.0,-0.37858126298668004,-2.1668638030975282,-2.2106017921816754,0.37858126298668004
280.0,0.0,0.0,0.2208661641355502,-6.906529492776208,-3.2442627841920086,44.17323282711004,3.0,0.0,-3.1263560012476175,0.13,0.0,False,0.0049963115251890075,0.2208661641355502,0.24981663852336422,0.04252192476461086,4.252192476461086e-06,4.2521924764610866e-06,0.04417398415626836,0.0,-1.556547906420203,-3.6622667085841996,-3.7801734915285907,1.556547906420203
281.0,0.0,0.0,0.3684156670849413,-6.976826226672253,-3.3834708394394246,73.68313341698826,3.0,0.0,-3.141272986728434,0.13,0.0,False,0.005010066665290702,0.3684156670849413,0.2505043984529241,0.04252192476461086,4.252192476461086e-06,4.2521924764610866e-06,0.07368438667112134,0.0,-0.07029673389604518,-3.5933553872328288,-3.8355532399438195,0.07029673389604518
282.0,0.0,0.0,0.37246482822361904,-7.255415340710459,-3.3543278250520654,74.49296564472381,3.0,0.0,-3.22229449321041,0.0,0.0,False,0.005122665054738044,0.37246482822361904,0.2561343418647924,0.04252192476461086,4.252192476461086e-06,4.2521924764610866e-06,0.07449423267304835,0.0,-0.27858911403820574,-3.9010875156583937,-4.033120847500049,0.27858911403820574
283.0,0.0,0.0,0.39104015003240095,-8.034163298097997,-3.504788912967885,78.20803000648019,3.0,0.0,-3.252098754829051,0.18,0.0,False,0.005228428098633479,0.39104015003240095,0.26142251654580523,0.04252192476461086,4.252192476461086e-06,4.2521924764610866e-06,0.07820936022321096,0.0,-0.7787479573875382,-4.5293743851301125,-4.782064543268946,0.7787479573875382
284.0,0.0,0.0,0.4651115277078052,-7.401582806455336,-3.44653627854056,93.02230554156104,3.0,0.0,-3.3449307014872556,0.06,0.0,False,0.0051195755249311544,0.4651115277078052,0.2559798647175842,0.04252192476461086,4.252192476461086e-06,4.2521924764610866e-06,0.09302388772982426,0.0,0.6325804916426616,-3.9550465279147757,-4.05665210496808,0.6325804916426616
285.0,0.0,0.0,0.3940860371572159,-7.239152687521574,-3.5857140709441913,78.81720743144318,3.0,0.0,-3.3829491338330087,0.26,0.0,False,0.0047840493547456515,0.39408603715721585,0.23920348487221613,0.04252192476461086,4.252192476461086e-06,4.2521924764610866e-06,0.07881854800948854,0.0,0.16243011893376202,-3.6534386165773824,-3.856203553688565,0.16243011893376202
286.0,0.0,0.0,0.3788660883563357,-6.548220817306181,-3.475574236352674,75.77321767126713,3.0,0.0,-3.460638648399067,-0.13,0.0,False,0.0050413161121945485,0.3788660883563357,0.25206687744204964,0.04252192476461086,4.252192476461086e-06,4.2521924764610866e-06,0.07577450647501122,0.0,0.690931870215393,-3.072646580953507,-3.0875821689071135,0.690931870215393
287.0,0.0,0.0,0.3032319313600505,-7.529587992104359,-3.647226029142427,60.6463862720101,3.0,0.0,-3.4504112533816964,0.18,0.0,False,0.005159925003974059,0.30323193136005044,0.25799734724841694,0.04252192476461086,4.252192476461086e-06,4.2521924764610866e-06,0.06064741778805356,0.0,-0.9813671747981783,-3.882361962961932,-4.079176738722662,0.9813671747981783
288.0,0.0,0.0,0.40040812263729125,-6.661008923644518,-3.5861215051296362,80.08162452745825,3.0,0.0,-3.5158370336788214,-0.05,0.0,False,0.005316773867270913,0.40040812263729125,0.26583982376083753,0.04252192476461086,4.252192476461086e-06,4.2521924764610866e-06,0.0800829866115916,0.0,0.8685790684598409,-3.074887418514882,-3.1451718899656966,0.8685790684598409
289.0,0.0,0.0,0.31336895971253914,-6.8219190789900646,-3.6698663603341934,62.673791942507826,3.0,0.0,-3.525421635111121,0.13,0.0,False,0.005024401716620144,0.31336895971253914,0.251221154067166,0.04252192476461086,4.252192476461086e-06,4.2521924764610866e-06,0.06267485794208122,0.0,-0.16091015534554653,-3.152052718655871,-3.2964974438789434,0.16091015534554653
290.0,0.0,0.0,0.3241178734866431,-6.558903178003232,-3.7299388124034407,64.82357469732862,3.0,0.0,-3.5272527012624875,0.17,0.0,False,0.004773453793582275,0.32411787348664317,0.23867370456132916,0.04252192476461086,4.252192476461086e-06,4.2521924764610866e-06,0.06482467726190676,0.0,0.2630159009868329,-2.828964365599791,-3.031650476740744,0.2630159009868329
291.0,0.0,0.0,0.29601699218171185,-6.211665441408192,-3.6598606144045713,59.20339843634237,3.0,0.0,-3.5806714335444805,0.09,0.0,False,0.004896687334658529,0.29601699218171185,0.2448354078157785,0.04252192476461086,4.252192476461086e-06,4.2521924764610866e-06,0.05920440540904213,0.0,0.34723773659503987,-2.5518048270036204,-2.6309940078637113,0.34723773659503987
292.0,0.0,0.0,0.2578085113243086,-6.493504925239101,-3.696649009569365,51.561702264861715,3.0,0.0,-3.5986703201247634,-0.08,0.0,False,0.005158242104058111,0.2578085113243086,0.25791320189481887,0.04252192476461086,4.252192476461086e-06,4.2521924764610866e-06,0.051562579262262286,0.0,-0.2818394838309093,-2.796855915669736,-2.8948346051143377,0.2818394838309093
293.0,0.0,0.0,0.27945331103499305,-6.268099290430368,-3.8006417096510265,55.89066220699861,3.0,0.0,-3.6335255155944974,0.12,0.0,False,0.00526393544016883,0.27945331103499305,0.2631978911717751,0.04252192476461086,4.252192476461086e-06,4.2521924764610866e-06,0.05589161283436968,0.0,0.225405634808733,-2.4674575807793415,-2.6345737748358706,0.225405634808733
294.0,0.0,0.0,0.24968219973125955,-6.42068349507976,-3.858946197436673,49.93643994625191,3.0,0.0,-3.6989124004258382,0.03,0.0,False,0.005668305384579895,0.24968219973125955,0.28341647436527034,0.04252192476461086,4.252192476461086e-06,4.2521924764610866e-06,0.04993728930005721,0.0,-0.1525842046493917,-2.5617372976430866,-2.7217710946539215,0.1525842046493917
295.0,0.0,0.0,0.26004554459946705,-6.2284888725948635,-3.924870602192675,52.00910891989341,3.0,0.0,-3.771224208279215,0.06,0.0,False,0.005545684665607181,0.26004554459946705,0.27728541234628956,0.04252192476461086,4.252192476461086e-06,4.2521924764610866e-06,0.05200999352709847,0.0,0.19219462248489627,-2.3036182704021884,-2.4572646643156486,0.19219462248489627
296.0,0.0,0.0,0.2350045985120425,-6.0672821337454765,-4.096734947161419,47.0009197024085,3.0,0.0,-3.820172760899678,0.2,0.0,False,0.00569393118499825,0.23500459851204247,0.28469776983447986,0.04252192476461086,4.252192476461086e-06,4.2521924764610866e-06,0.04700171912683773,0.0,0.16120673884938697,-1.9705471865840574,-2.2471093728457987,0.16120673884938697
297.0,0.0,0.0,0.21434206758146854,-6.056714753111374,-4.101602595179912,42.86841351629371,3.0,0.0,-3.8783929232351544,0.08,0.0,False,0.0054006742651360766,0.2143420675814685,0.2700348614921277,0.04252192476461086,4.252192476461086e-06,4.2521924764610866e-06,0.042869142652174966,0.0,0.010567380634102896,-1.9551121579314614,-2.1783218298762193,0.010567380634102896
298.0,0.0,0.0,0.20513602157465802,-5.497932521275242,-4.109457868713186,41.0272043149316,3.0,0.0,-3.923815886744436,0.2,0.0,False,0.004986278523676475,0.20513602157465805,0.24931498631462487,0.04252192476461086,4.252192476461086e-06,4.2521924764610866e-06,0.04102790213424238,0.0,0.5587822318361315,-1.3884746525620564,-1.5741166345308062,0.5587822318361315
299.0,0.0,0.0,0.1415450806902766,-5.203810999753585,-4.334383071716704,28.309016138055323,3.0,0.0,-4.0053109234724165,0.26,0.0,False,0.005119631448397773,0.1415450806902766,0.25598266090280497,0.04252192476461086,4.252192476461086e-06,4.2521924764610866e-06,0.02830949763754962,0.0,0.2941215215216575,-0.8694279280368811,-1.1985000762811682,0.2941215215216575
300.0,0.0,0.0,0.11075372654801542,-6.2978148828575895,-4.26268791330942,22.150745309603085,3.0,0.0,-4.082451620526118,0.13,0.0,False,0.004992670676791072,0.11075372654801545,0.24963459532938806,0.04252192476461086,4.252192476461086e-06,4.2521924764610866e-06,0.022151122064931243,0.0,-1.0940038831040049,-2.0351269695481697,-2.215363262331471,1.0940038831040049
301.0,0.0,0.0,0.2132912882632362,-6.807514231605984,-4.258287198594344,42.658257652647244,3.0,0.0,-4.096250186965293,0.21,0.0,False,0.005166180405559686,0.21329128826323626,0.25831011865765685,0.04252192476461086,4.252192476461086e-06,4.2521924764610866e-06,0.04265898321405098,0.0,-0.5096993487483941,-2.5492270330116398,-2.71126404464069,0.5096993487483941
302.0,0.0,0.0,0.2588314244450129,-6.653040943533686,-4.344564509774271,51.76628488900258,3.0,0.0,-4.164856652444667,0.12,0.0,False,0.005131235330851543,0.2588314244450129,0.25656285749259045,0.04252192476461086,4.252192476461086e-06,4.2521924764610866e-06,0.05176716536608714,0.0,0.15447328807229788,-2.308476433759415,-2.488184291089019,0.15447328807229788
303.0,0.0,0.0,0.2389359221790973,-6.649887342539019,-4.4373331855007585,47.787184435819455,3.0,0.0,-4.2191449571040724,0.08,0.0,False,0.005278182679098447,0.2389359221790973,0.2639102561473562,0.04252192476461086,4.252192476461086e-06,4.2521924764610866e-06,0.04778799723358776,0.0,0.003153600994666661,-2.2125541570382605,-2.4307423854349466,0.003153600994666661
304.0,0.0,0.0,0.2347447624699214,-6.780390205054751,-4.461684346659113,46.94895249398428,3.0,0.0,-4.2636309216661825,0.11,0.0,False,0.005395030050294878,0.2347447624699214,0.26975264955005335,0.04252192476461086,4.252192476461086e-06,4.2521924764610866e-06,0.04694975103451898,0.0,-0.13050286251573162,-2.3187058583956377,-2.516759283388568,0.13050286251573162
305.0,0.0,0.0,0.24451716899855738,-6.838574444105741,-4.380586407733917,48.90343379971148,3.0,0.0,-4.302389808844165,-0.02,0.0,False,0.005458271849340841,0.24451716899855735,0.2729147529481667,0.04252192476461086,4.252192476461086e-06,4.2521924764610866e-06,0.048904265583427635,0.0,-0.05818423905099035,-2.457988036371824,-2.5361846352615762,0.05818423905099035
306.0,0.0,0.0,0.24844724594171413,-6.1452380257892045,-4.442001206759432,49.68944918834283,3.0,0.0,-4.33516652836586,0.07,0.0,False,0.005297073725664667,0.24844724594171416,0.2648548124920855,0.04252192476461086,4.252192476461086e-06,4.2521924764610866e-06,0.04969029434115702,0.0,0.6933364183165365,-1.7032368190297724,-1.810071497423345,0.6933364183165365
307.0,0.0,0.0,0.17677028636337527,-5.479081543027105,-4.366945112723042,35.35405727267506,3.0,0.0,-4.354049162413102,0.05,0.0,False,0.005040079044751115,0.17677028636337533,0.25200502380686546,0.04252192476461086,4.252192476461086e-06,4.2521924764610866e-06,0.03535465859914346,0.0,0.6661564827620996,-1.112136430304063,-1.1250323806140026,0.6661564827620996
308.0,0.0,0.0,0.1096072785513937,-5.909371897063854,-4.408842113540497,21.92145571027874,3.0,0.0,-4.377497579091366,-0.03,0.0,False,0.00518625079739979,0.1096072785513937,0.25931364251682054,0.04252192476461086,4.252192476461086e-06,4.2521924764610866e-06,0.021921828565689444,0.0,-0.43029035403674865,-1.5005297835233566,-1.5318743179724876,0.43029035403674865
309.0,0.0,0.0,0.14718441842885968,-6.022212995747042,-4.506518208771099,29.43688368577194,3.0,0.0,-4.382985453950908,0.0,0.0,False,0.005467066804133137,0.14718441842885968,0.2733545025576734,0.04252192476461086,4.252192476461086e-06,4.2521924764610866e-06,0.029437384368824263,0.0,-0.11284109868318826,-1.515694786975943,-1.6392275417961342,0.11284109868318826
310.0,0.0,0.0,0.15864918308299303,-6.295452742100527,-4.199179281057768,31.729836616598607,3.0,0.0,-4.437496419951424,0.07,0.0,False,0.0053234628789569655,0.15864918308299303,0.26617427576728836,0.04252192476461086,4.252192476461086e-06,4.2521924764610866e-06,0.03173037629979391,0.0,-0.273239746353485,-2.0962734610427587,-1.8579563221491027,0.273239746353485
311.0,0.0,0.0,0.18389950555380122,-6.29721040056909,-4.445018162986349,36.77990111076024,3.0,0.0,-4.435687434573977,0.08,0.0,False,0.005202302953677331,0.1838995055538012,0.2601162537435405,0.04252192476461086,4.252192476461086e-06,4.2521924764610866e-06,0.03678052668897528,0.0,-0.001757658468562795,-1.8521922375827407,-1.8615229659951122,0.001757658468562795
312.0,0.0,0.0,0.17766233460804481,-5.879454922551981,-4.558301861413287,35.532466921608965,3.0,0.0,-4.45641858775782,0.03,0.0,False,0.00514434293954942,0.17766233460804481,0.25721824071428806,0.04252192476461086,4.252192476461086e-06,4.2521924764610866e-06,0.03553307128259313,0.0,0.4177554780171082,-1.3211530611386948,-1.423036334794161,0.4177554780171082
313.0,0.0,0.0,0.13406081421779684,-5.622511046139558,-4.492183333561573,26.812162843559367,3.0,0.0,-4.520549281766515,0.12,0.0,False,0.005014480149098477,0.13406081421779684,0.25072507358166196,0.04252192476461086,4.252192476461086e-06,4.2521924764610866e-06,0.026812618883528656,0.0,0.2569438764124232,-1.1303277125779854,-1.1019617643730433,0.2569438764124232
314.0,0.0,0.0,0.11182252520106449,-5.698777374109259,-4.342026187228338,22.364505040212897,3.0,0.0,-4.538818277754734,0.09,0.0,False,0.005001965304174272,0.11182252520106449,0.25009932867467527,0.04252192476461086,4.252192476461086e-06,4.2521924764610866e-06,0.022364885431315668,0.0,-0.07626632796970068,-1.3567511868809206,-1.159959096354525,0.07626632796970068
315.0,0.0,0.0,0.12184843076726576,-5.427820524463635,-4.155949769125664,24.369686153453152,3.0,0.0,-4.504262019583896,0.12,0.0,False,0.005124479219491868,0.12184843076726576,0.25622505048819244,0.04252192476461086,4.252192476461086e-06,4.2521924764610866e-06,0.024370100650075072,0.0,0.27095684964562405,-1.2718707553379707,-0.9235585048797388,0.27095684964562405
316.0,0.0,0.0,0.10151906460371388,-5.57488871073576,-4.16668516876892,20.303812920742775,3.0,0.0,-4.480267160287574,0.28,0.0,False,0.005088243050358568,0.10151906460371388,0.2544132343273692,0.04252192476461086,4.252192476461086e-06,4.2521924764610866e-06,0.02030415826215648,0.0,-0.1470681862721248,-1.4082035419668397,-1.0946215504481858,0.1470681862721248
317.0,0.0,0.0,0.12121855795052897,-5.698242789807424,-4.197049404326001,24.243711590105793,3.0,0.0,-4.412608294496361,0.17,0.0,False,0.005157560483186486,0.12121855795052897,0.2578791207063184,0.04252192476461086,4.252192476461086e-06,4.2521924764610866e-06,0.024244123944064465,0.0,-0.12335407907166474,-1.5011933854814234,-1.2856344953110632,0.12335407907166474
318.0,0.0,0.0,0.13050097422088455,-5.807120183402851,-4.222781310202012,26.10019484417691,3.0,0.0,-4.362677358998465,-0.12,0.0,False,0.005154454587732981,0.13050097422088455,0.2577238252732999,0.04252192476461086,4.252192476461086e-06,4.2521924764610866e-06,0.026100638774497812,0.0,-0.10887739359542703,-1.5843388732008394,-1.444442824404386,0.10887739359542703
319.0,0.0,0.0,0.14482801121810648,-5.787670154150756,-4.194434238100049,28.965602243621294,3.0,0.0,-4.393205301835542,0.03,0.0,False,0.005459748787109503,0.14482801121810648,0.2729886001506109,0.04252192476461086,4.252192476461086e-06,4.2521924764610866e-06,0.0289660949107901,0.0,0.019450029252095824,-1.5932359160507064,-1.3944648523152132,0.019450029252095824
320.0,0.0,0.0,0.14247795520882098,-5.726663640088017,-4.252154374524498,28.495591041764197,3.0,0.0,-4.358809279392804,0.0,0.0,False,0.005446118751366281,0.14247795520882098,0.27230709546557297,0.04252192476461086,4.252192476461086e-06,4.2521924764610866e-06,0.028496075714654606,0.0,0.06100651406273894,-1.474509265563519,-1.3678543606952127,0.06100651406273894
321.0,0.0,0.0,0.13727005062717088,-5.109844355972837,-4.36701306177478,27.454010125434174,3.0,0.0,-4.362860309878087,0.09,0.0,False,0.005309277438014556,0.13727005062717088,0.2654650007042066,0.04252192476461086,4.252192476461086e-06,4.2521924764610866e-06,0.027454477082389777,0.0,0.6168192841151798,-0.7428312941980568,-0.7469840460947497,0.6168192841151798
322.0,0.0,0.0,0.07377107497649704,-5.808848943956049,-4.34568988159015,14.754214995299408,3.0,0.0,-4.353933948882483,-0.06,0.0,False,0.005458894771508583,0.07377107497649703,0.272945899188993,0.04252192476461086,4.252192476461086e-06,4.2521924764610866e-06,0.014754465945280303,0.0,-0.6990045879832119,-1.4631590623658983,-1.4549149950735654,0.6990045879832119
323.0,0.0,0.0,0.1486773315884254,-6.556032631554842,-4.2660198323704055,29.735466317685077,3.0,0.0,-4.372117921767368,0.02,0.0,False,0.005506786314447665,0.1486773315884254,0.27534048651814996,0.04252192476461086,4.252192476461086e-06,4.2521924764610866e-06,0.029735972079239094,0.0,-0.7471836875987936,-2.290012799184437,-2.1839147097874747,0.7471836875987936
324.0,0.0,0.0,0.22761603783661635,-5.873562785405525,-4.177523671774809,45.52320756732327,3.0,0.0,-4.322044017840256,0.12,0.0,False,0.005362315823529441,0.22761603783661635,0.2681169312564221,0.04252192476461086,4.252192476461086e-06,4.2521924764610866e-06,0.04552398185779369,0.0,0.682469846149317,-1.6960391136307162,-1.5515187675652689,0.682469846149317
325.0,0.0,0.0,0.15424167477853176,-6.308828554313959,-4.375726728565205,30.848334955706353,3.0,0.0,-4.2798238598285,-0.12,0.0,False,0.005771063613103204,0.15424167477853173,0.28855440763882406,0.04252192476461086,4.252192476461086e-06,4.2521924764610866e-06,0.03084885964570648,0.0,-0.43526576890843405,-1.9331018257487544,-2.029004694485459,0.43526576890843405
326.0,0.0,0.0,0.19333552518943237,-6.370908328270885,-4.390812655933563,38.66710503788647,3.0,0.0,-4.331113244355757,-0.07,0.0,False,0.005976670285588041,0.1933355251894323,0.29883478497702315,0.04252192476461086,4.252192476461086e-06,4.2521924764610866e-06,0.03866776271498238,0.0,-0.06207977395692588,-1.9800956723373222,-2.039795083915128,0.06207977395692588
327.0,0.0,0.0,0.1990901223130258,-6.364911475962523,-4.3971953079489845,39.81802446260516,3.0,0.0,-4.375432197426355,0.14,0.0,False,0.0056336119872499235,0.1990901223130258,0.2816817971226215,0.04252192476461086,4.252192476461086e-06,4.2521924764610866e-06,0.039818701715341506,0.0,0.005996852308362222,-1.9677161680135384,-1.9894792785361677,0.005996852308362222
328.0,0.0,0.0,0.19595454272180235,-6.062810278024628,-4.492309736658112,39.19090854436047,3.0,0.0,-4.379964776664618,0.15,0.0,False,0.005313479466707088,0.19595454272180238,0.2656751030322249,0.04252192476461086,4.252192476461086e-06,4.2521924764610866e-06,0.03919157513067181,0.0,0.3021011979378949,-1.570500541366516,-1.6828455013600099,0.3021011979378949
329.0,0.0,0.0,0.1653092196264002,-6.0906873322206625,-4.457297733100552,33.06184392528004,3.0,0.0,-4.405324386922887,0.03,0.0,False,0.0050814222413748476,0.1653092196264002,0.2540721924280136,0.04252192476461086,4.252192476461086e-06,4.2521924764610866e-06,0.03306240626418482,0.0,-0.02787705419603448,-1.6333895991201102,-1.6853629452977756,0.02787705419603448
330.0,0.0,0.0,0.16203998160305366,-5.93142577838859,-4.4434152233680875,32.407996320610735,3.0,0.0,-4.409682935429628,0.1,0.0,False,0.004773170019447631,0.16203998160305366,0.23865951579426384,0.04252192476461086,4.252192476461086e-06,4.2521924764610866e-06,0.03240854753841935,0.0,0.15926155383207252,-1.4880105550205025,-1.521742842958962,0.15926155383207252
331.0,0.0,0.0,0.14526104898989745,-5.89195105834149,-4.562207531952883,29.05220979797949,3.0,0.0,-4.470253064930595,-0.01,0.0,False,0.004901999843648027,0.14526104898989747,0.24510103439474412,0.04252192476461086,4.252192476461086e-06,4.2521924764610866e-06,0.029052703938229996,0.0,0.0394747200471004,-1.3297435263886062,-1.4216979934108949,0.0394747200471004
332.0,0.0,0.0,0.13902404305344215,-5.307124028136725,-4.702467303800624,27.80480861068843,3.0,0.0,-4.478784404592635,0.02,0.0,False,0.005343411443062769,0.13902404305344215,0.26717170821383524,0.04252192476461086,4.252192476461086e-06,4.2521924764610866e-06,0.027805281534269376,0.0,0.5848270302047647,-0.6046567243361007,-0.8283396235440899,0.5848270302047647
333.0,0.0,0.0,0.07202541113810798,-5.065734041507865,-4.789478757025131,14.405082227621596,3.0,0.0,-4.5016810699575736,0.28,0.0,False,0.005251241536316698,0.07202541113810797,0.2625631932803225,0.04252192476461086,4.252192476461086e-06,4.2521924764610866e-06,0.014405327239308832,0.0,0.24138998662886024,-0.2762552844827333,-0.5640529715502911,0.24138998662886024
334.0,0.0,0.0,0.04189941450253792,-4.421318014734544,-4.723860299261268,8.379882900507583,3.0,0.0,-4.586854603460078,-0.02,0.0,False,0.005483302385842679,0.04189941450253792,0.2741662850949914,0.04252192476461086,4.252192476461086e-06,4.2521924764610866e-06,0.0083800254314016,0.0,0.644416026773321,0.3025422845267247,0.16553658872553445,0.644416026773321
335.0,0.0,0.0,-0.027682878565408103,-4.651429935662324,-4.829575442740079,-5.53657571308162,3.0,0.0,-4.64673098826373,0.15,0.0,False,0.0053608877357344455,0.027682878565408103,0.26804552656304703,0.04252192476461086,4.252192476461086e-06,4.2521924764610866e-06,-0.005536669883023557,0.0,-0.2301119209277802,0.17814550707775556,-0.004698947398593667,0.2301119209277802
336.0,0.0,0.0,-0.0024001879376618182,-4.945350881232494,-4.671832149619004,-0.48003758753236364,3.0,0.0,-4.698152686035023,0.19,0.0,False,0.0048980346698991725,0.004400175159434292,0.24490277486426723,0.04252192476461086,4.252192476461086e-06,4.2521924764610866e-06,-0.00048004575234651735,0.0,-0.2939209455701697,-0.27351873161348994,-0.24719819519747066,0.2939209455701697
337.0,0.0,0.0,0.02718777881548816,-4.8849973051846,-4.585692196889626,5.437555763097632,3.0,0.0,-4.675432325341997,-0.09,0.0,False,0.005146249830442282,0.02718777881548816,0.2573135856643546,0.04252192476461086,4.252192476461086e-06,4.2521924764610866e-06,0.005437648248839184,0.0,0.06035357604789393,-0.29930510829497337,-0.20956497984260292,0.06035357604789393
338.0,0.0,0.0,0.02144690525298176,-5.275944187271736,-4.53572997923217,4.289381050596352,3.0,0.0,-4.673467312694186,0.0,0.0,False,0.00508604033804673,0.02144690525298176,0.2543030982434595,0.04252192476461086,4.252192476461086e-06,4.2521924764610866e-06,0.0042894540073814495,0.0,-0.39094688208713624,-0.740214208039566,-0.6024768745775502,0.39094688208713624
339.0,0.0,0.0,0.058442197097615445,-4.952293874401868,-4.626806640725051,11.688439419523089,3.0,0.0,-4.670523692836324,-0.09,0.0,False,0.005366792241901565,0.058442197097615445,0.26834075312675787,0.04252192476461086,4.252192476461086e-06,4.2521924764610866e-06,0.011688638224654366,0.0,0.32365031286986756,-0.3254872336768173,-0.2817701815655447,0.32365031286986756
340.0,0.0,0.0,0.02394390236337332,-4.677672557690883,-4.595876689421016,4.788780472674664,3.0,0.0,-4.691509790922042,0.07,0.0,False,0.005514696342881057,0.023943902363373314,0.27573598962156776,0.04252192476461086,4.252192476461086e-06,4.2521924764610866e-06,0.004788861923593504,0.0,0.2746213167109852,-0.08179586826986718,0.013837233231158486,0.2746213167109852
341.0,0.0,0.0,-0.0031766033690190185,-4.987167864542474,-4.668119375009988,-0.6353206738038037,3.0,0.0,-4.712849760064061,-0.02,0.0,False,0.005438372125452568,0.005042919453483484,0.27191976252288014,0.04252192476461086,4.252192476461086e-06,4.2521924764610866e-06,-0.0006353314797810113,0.0,-0.3094953068515913,-0.3190484895324861,-0.27431810447841354,0.3094953068515913
342.0,0.0,0.0,0.026664953723477686,-5.212615390648225,-4.500841018828818,5.332990744695537,3.0,0.0,-4.709439266757521,-0.04,0.0,False,0.0053755604784594185,0.026664953723477686,0.26877916681886205,0.04252192476461086,4.252192476461086e-06,4.2521924764610866e-06,0.005333081451922314,0.0,-0.22544752610575092,-0.7117743718194074,-0.5031761238907047,0.22544752610575092
343.0,0.0,0.0,0.052215603417129684,-5.535065525614669,-4.513667851605624,10.443120683425937,3.0,0.0,-4.720512658081918,0.05,0.0,False,0.005342310910701108,0.052215603417129684,0.26711668136176836,0.04252192476461086,4.252192476461086e-06,4.2521924764610866e-06,0.01044329830730744,0.0,-0.32245013496644326,-1.0213976740090445,-0.8145528675327505,0.32245013496644326
344.0,0.0,0.0,0.07857780351513519,-4.130853533646923,-4.664811140715046,15.715560703027037,3.0,0.0,-4.690448254937129,-0.01,0.0,False,0.005358481965283736,0.0785778035151352,0.26792523752902164,0.04252192476461086,4.252192476461086e-06,4.2521924764610866e-06,0.015715828004246347,0.0,1.4042119919677454,0.5339576070681229,0.5595947212902059,1.4042119919677454
345.0,0.0,0.0,-0.0677947362367097,-5.153935831988438,-4.945581908644757,-13.55894724734194,3.0,0.0,-4.749270784066072,0.13,0.0,False,0.005229892391708423,0.0677947362367097,0.26149573151087513,0.04252192476461086,4.252192476461086e-06,4.2521924764610866e-06,-0.013559177867375184,0.0,-1.0230822983415147,-0.20835392334368041,-0.40466504792236613,1.0230822983415147
346.0,0.0,0.0,0.032831304754756145,-5.422396212986244,-5.050918339026216,6.5662609509512295,3.0,0.0,-4.808815309827388,0.18,0.0,False,0.005073376700326577,0.032831304754756145,0.2536699136650406,0.04252192476461086,4.252192476461086e-06,4.2521924764610866e-06,0.00656637263449798,0.0,-0.2684603809978059,-0.3714778739600275,-0.6135809031588559,0.2684603809978059
347.0,0.0,0.0,0.05041378358809407,-5.832981091085764,-5.094340242458927,10.082756717618814,3.0,0.0,-4.825615804189523,0.28,0.0,False,0.004660111828639357,0.05041378358809407,0.23300658221659065,0.04252192476461086,4.252192476461086e-06,4.2521924764610866e-06,0.010082928212178604,0.0,-0.41058487809952027,-0.7386408486268374,-1.007365286896241,0.41058487809952027
348.0,0.0,0.0,0.0859783622466133,-6.073876931383466,-5.086660702550623,17.19567244932266,3.0,0.0,-4.918247658649739,0.14,0.0,False,0.0046915705844557945,0.0859783622466133,0.23457952669584675,0.04252192476461086,4.252192476461086e-06,4.2521924764610866e-06,0.017195964925315048,0.0,-0.24089584029770172,-0.9872162288328425,-1.1556292727337265,0.24089584029770172
349.0,0.0,0.0,0.1082719669500197,-6.489161217205903,-5.113156443506036,21.65439339000394,3.0,0.0,-4.973179188792377,0.02,0.0,False,0.004887032592713347,0.1082719669500197,0.24435266866582842,0.04252192476461086,4.252192476461086e-06,4.2521924764610866e-06,0.021654761703032405,0.0,-0.4152842858224375,-1.3760047736998668,-1.515982028413526,0.4152842858224375
350.0,0.0,0.0,0.14381228110710817,-6.469058086756998,-5.213358018715752,28.762456221421633,3.0,0.0,-4.991134242221106,0.11,0.0,False,0.00497745651173105,0.1438122811071082,0.24887388384170897,0.04252192476461086,4.252192476461086e-06,4.2521924764610866e-06,0.028762945433341184,0.0,0.02010313044890566,-1.2557000680412456,-1.4779238445358915,0.02010313044890566
351.0,0.0,0.0,0.13530234853245382,-5.9602898142021745,-5.255158424728689,27.060469706490764,3.0,0.0,-5.051007830259835,0.02,0.0,False,0.00519168937585096,0.13530234853245382,0.25958557259567316,0.04252192476461086,4.252192476461086e-06,4.2521924764610866e-06,0.027060929969836396,0.0,0.508768272554823,-0.7051313894734852,-0.9092819839423392,0.508768272554823
352.0,0.0,0.0,0.07994216053139094,-5.456914721589254,-5.392112451690581,15.988432106278188,3.0,0.0,-5.116005834851037,0.14,0.0,False,0.00525539884845148,0.07994216053139094,0.2627710597709461,0.04252192476461086,4.252192476461086e-06,4.2521924764610866e-06,0.015988704048684674,0.0,0.5033750926129201,-0.06480226989867344,-0.34090888673821773,0.5033750926129201
353.0,0.0,0.0,0.024929266889422305,-5.026664101991481,-5.293033844457428,4.985853377884461,3.0,0.0,-5.160851212415588,0.22,0.0,False,0.005267203408627922,0.024929266889422305,0.26336129028953137,0.04252192476461086,4.252192476461086e-06,4.2521924764610866e-06,0.004985938180756747,0.0,0.4302506195977731,0.2663697424659466,0.13418711042410703,0.4302506195977731
354.0,0.0,0.0,-0.021091967468844716,-5.157935033716036,-5.396351930713292,-4.218393493768943,3.0,0.0,-5.207616752492976,0.08,0.0,False,0.005140923291605783,0.02109196746884472,0.2570472575900563,0.04252192476461086,4.252192476461086e-06,4.2521924764610866e-06,-0.0042184652431481555,0.0,-0.13127093172455506,0.238416896997256,0.04968171877693983,0.13127093172455506
355.0,0.0,0.0,-0.010546594832552351,-6.014565317443749,-5.366707221700064,-2.1093189665104704,3.0,0.0,-5.237588261035197,0.07,0.0,False,0.005223353266442934,0.010554430974164029,0.26116877385731974,0.04252192476461086,4.252192476461086e-06,4.2521924764610866e-06,-0.002109354843278873,0.0,-0.8566302837277124,-0.6478580957436844,-0.7769770564085521,0.8566302837277124
356.0,0.0,0.0,0.07146768287554456,-5.511111732432661,-5.338011306432357,14.293536575108911,3.0,0.0,-5.26340322434912,0.02,0.0,False,0.0054198639700293256,0.07146768287554456,0.2709943508167061,0.04252192476461086,4.252192476461086e-06,4.2521924764610866e-06,0.014293779689549877,0.0,0.503453585011088,-0.17310042600030418,-0.24770850808354083,0.503453585011088
357.0,0.0,0.0,0.01685134969900815,-5.349836583023841,-5.4769560497132215,3.3702699398016303,3.0,0.0,-5.299873293971133,0.18,0.0,False,0.005039428320445294,0.01685134969900815,0.25197248745322415,0.04252192476461086,4.252192476461086e-06,4.2521924764610866e-06,0.0033703272637038016,0.0,0.16127514940882026,0.1271194666893809,-0.04996328905270797,0.16127514940882026
358.0,0.0,0.0,-0.0035522490325080123,-4.643961889455691,-5.361221178235025,-0.7104498065016025,3.0,0.0,-5.342594652683459,-0.04,0.0,False,0.0049321978043730015,0.00492643271306845,0.24661093885136987,0.04252192476461086,4.252192476461086e-06,4.2521924764610866e-06,-0.0007104618903275076,0.0,0.7058746935681492,0.7172592887793341,0.698632763227768,0.7058746935681492
359.0,0.0,0.0,-0.07564215471201975,-5.269261026074425,-5.3669324186713325,-15.12843094240395,3.0,0.0,-5.385359828591252,0.05,0.0,False,0.004845870895658291,0.07564215471201974,0.24229457506170268,0.04252192476461086,4.252192476461086e-06,4.2521924764610866e-06,-0.01512868825731072,0.0,-0.6252991366187333,0.09767139259690794,0.11609880251682725,0.6252991366187333
360.0,0.0,0.0,-0.014661201877487332,-3.9738497973564377,-5.458763535753188,-2.932240375497466,3.0,0.0,-5.400399518825947,0.07,0.0,False,0.004524618833613349,0.014663145625114409,0.2262319036581755,0.04252192476461086,4.252192476461086e-06,4.2521924764610866e-06,-0.0029322902490872466,0.0,1.2954112287179869,1.4849137383967501,1.426549721469509,1.2954112287179869
361.0,0.0,0.0,-0.15113962096239345,-4.3580102075403655,-5.564171991474694,-30.22792419247869,3.0,0.0,-5.415876161961913,0.23,0.0,False,0.004316532964467839,0.15113962096239345,0.21582756595984162,0.04252192476461086,4.252192476461086e-06,4.2521924764610866e-06,-0.030228438330099774,0.0,-0.38416041018392777,1.2061617839343288,1.0578659544215476,0.38416041018392777
362.0,0.0,0.0,-0.11628368978399195,-4.464966507869952,-5.478921957761421,-23.25673795679839,3.0,0.0,-5.485278140718329,-0.16,0.0,False,0.0047667927045747195,0.11628368978399195,0.23834064869473967,0.04252192476461086,4.252192476461086e-06,4.2521924764610866e-06,-0.023257133523621007,0.0,-0.10695630032958636,1.0139554498914691,1.0203116328483768,0.10695630032958636
363.0,0.0,0.0,-0.10243393573943978,-4.801332624949352,-5.395660300719901,-20.486787147887956,3.0,0.0,-5.520871828411825,0.09,0.0,False,0.004713282065808312,0.10243393573943978,0.23566510537954252,0.04252192476461086,4.252192476461086e-06,4.2521924764610866e-06,-0.020487135601454955,0.0,-0.33636611707940034,0.5943276757705487,0.7195392034624728,0.33636611707940034
364.0,0.0,0.0,-0.0654158843387949,-5.079024585663075,-5.248239524794497,-13.083176867758981,3.0,0.0,-5.489327643704893,0.14,0.0,False,0.004949327522406217,0.0654158843387949,0.24746742839497357,0.04252192476461086,4.252192476461086e-06,4.2521924764610866e-06,-0.01308339939555772,0.0,-0.2776919607137227,0.16921493913142172,0.4103030580418183,0.2776919607137227
365.0,0.0,0.0,-0.034159375264911834,-5.2804486126032275,-5.237281935938361,-6.831875052982367,3.0,0.0,-5.455505376383862,0.08,0.0,False,0.005050199388064692,0.034159375264911834,0.2525110431242267,0.04252192476461086,4.252192476461086e-06,4.2521924764610866e-06,-0.006831991254279052,0.0,-0.2014240269401526,-0.04316667666486662,0.17505676378063484,0.2014240269401526
366.0,0.0,0.0,-0.014030518197183145,-5.393295892909686,-5.285889143396928,-2.806103639436629,3.0,0.0,-5.420625600924118,-0.17,0.0,False,0.005600618089286573,0.01409141528876603,0.28003209520963374,0.04252192476461086,4.252192476461086e-06,4.2521924764610866e-06,-0.0028061513676048127,0.0,-0.11284728030645841,-0.10740674951275775,0.027329708014431908,0.11284728030645841
367.0,0.0,0.0,-0.004563044220641654,-5.011015490774488,-5.4218030173096485,-0.9126088441283308,3.0,0.0,-5.420756777598254,0.03,0.0,False,0.005387037703535225,0.005725773552919882,0.26935303051282083,0.04252192476461086,4.252192476461086e-06,4.2521924764610866e-06,-0.00091262436641617,0.0,0.38228040213519776,0.4107875265351604,0.409741286823766,0.38228040213519776
368.0,0.0,0.0,-0.0435817125990492,-4.571810807579952,-5.4014326024391135,-8.71634251980984,3.0,0.0,-5.438927305263218,0.17,0.0,False,0.004922062294136716,0.0435817125990492,0.2461041611846486,0.04252192476461086,4.252192476461086e-06,4.2521924764610866e-06,-0.00871649077344377,0.0,0.43920468319453576,0.8296217948591611,0.8671164976832655,0.43920468319453576
369.0,0.0,0.0,-0.08219803819965149,-4.744241555215901,-5.341342841717602,-16.439607639930298,3.0,0.0,-5.446841882656501,0.0,0.0,False,0.005127347561322109,0.08219803819965148,0.25636846818954157,0.04252192476461086,4.252192476461086e-06,4.2521924764610866e-06,-0.01643988725624499,0.0,-0.172430747635949,0.5971012865017009,0.7026003274405994,0.172430747635949
370.0,0.0,0.0,-0.06444134897673287,-4.2606385428229805,-5.331098910933588,-12.888269795346574,3.0,0.0,-5.393808665670447,-0.13,0.0,False,0.005199358141867994,0.06444134897673287,0.25996901252697835,0.04252192476461086,4.252192476461086e-06,4.2521924764610866e-06,-0.012888489008029863,0.0,0.4836030123929209,1.0704603681106075,1.1331701228474662,0.4836030123929209
371.0,0.0,0.0,-0.11215769079047343,-4.2417531695026005,-5.241265536066187,-22.431538158094686,3.0,0.0,-5.388668745834194,0.06,0.0,False,0.005094085865021067,0.11215769079047344,0.2547053763027328,0.04252192476461086,4.252192476461086e-06,4.2521924764610866e-06,-0.022431919689343487,0.0,0.018885373320379983,0.9995123665635868,1.146915576331594,0.018885373320379983
372.0,0.0,0.0,-0.11225226089479833,-4.219697527591813,-5.227290385404893,-22.450452178959665,3.0,0.0,-5.382239296532162,0.01,0.0,False,0.005005430816950506,0.11225226089479833,0.2502726050502883,0.04252192476461086,4.252192476461086e-06,4.2521924764610866e-06,-0.022450834031911327,0.0,0.02205564191078757,1.00759285781308,1.1625417689403488,0.02205564191078757
373.0,0.0,0.0,-0.1158253827346681,-4.569230793605954,-5.253794065116186,-23.16507654693362,3.0,0.0,-5.3642996443615445,-0.12,0.0,False,0.005270206971190386,0.11582538273466808,0.2635114690562409,0.04252192476461086,4.252192476461086e-06,4.2521924764610866e-06,-0.02316547055471504,0.0,-0.3495332660141415,0.6845632715102319,0.7950688507555901,0.3495332660141415
374.0,0.0,0.0,-0.08196781117603143,-3.8263074982223304,-5.388745586010849,-16.393562235206286,3.0,0.0,-5.377975980529545,-0.03,0.0,False,0.005318249417364457,0.08196781117603143,0.26591360157923083,0.04252192476461086,4.252192476461086e-06,4.2521924764610866e-06,-0.016393841068348614,0.0,0.742923295383624,1.5624380877885184,1.5516684823072144,0.742923295383624
375.0,0.0,0.0,-0.15327985398895355,-3.571666902220391,-5.152366304964731,-30.65597079779071,3.0,0.0,-5.388926332511768,0.13,0.0,False,0.005065104805613958,0.15327985398895358,0.25325631717072533,0.04252192476461086,4.252192476461086e-06,4.2521924764610866e-06,-0.03065649221592705,0.0,0.25464059600193956,1.5806994027443397,1.8172594302913772,0.25464059600193956
376.0,0.0,0.0,-0.17743879530727236,-3.5434446517026834,-5.174765467756986,-35.48775906145447,3.0,0.0,-5.3591386268839605,0.08,0.0,False,0.005122582788037371,0.17743879530727236,0.2561302285122681,0.04252192476461086,4.252192476461086e-06,4.2521924764610866e-06,-0.03548836266201616,0.0,0.028222250517707437,1.6313208160543025,1.815693975181277,0.028222250517707437
377.0,0.0,0.0,-0.1786383590356282,-4.0050390431351675,-5.250107924218976,-35.72767180712564,3.0,0.0,-5.346092580488635,0.11,0.0,False,0.005161236702707645,0.1786383590356282,0.25806293246397605,0.04252192476461086,4.252192476461086e-06,4.2521924764610866e-06,-0.03572827948829067,0.0,-0.46159439143248404,1.2450688810838084,1.341053537353467,0.46159439143248404
378.0,0.0,0.0,-0.13327528348313838,-2.9836612683603603,-5.155374345278311,-26.655056696627675,3.0,0.0,-5.329866222293279,0.0,0.0,False,0.005003462550097283,0.13327528348313838,0.2501741912891547,0.04252192476461086,4.252192476461086e-06,4.2521924764610866e-06,-0.026655510064426024,0.0,1.0213777747748072,2.1717130769179507,2.3462049539329186,1.0213777747748072
379.0,0.0,0.0,-0.23296291868679514,-2.9740052822145397,-5.171853269488868,-46.59258373735903,3.0,0.0,-5.337820213574435,0.05,0.0,False,0.005299689592264276,0.2329629186867951,0.2649856063782244,0.04252192476461086,4.252192476461086e-06,4.2521924764610866e-06,-0.04659337621652532,0.0,0.009655986145820528,2.1978479872743284,2.3638149313598955,0.009655986145820528
380.0,0.0,0.0,-0.2385066856108983,-3.279946268089096,-5.155144889326354,-47.70133712217966,3.0,0.0,-5.313339985386816,-0.1,0.0,False,0.0052372731309091565,0.2385066856108983,0.261864770040128,0.04252192476461086,4.252192476461086e-06,4.2521924764610866e-06,-0.047702148459796964,0.0,-0.3059409858745563,1.8751986212372578,2.0333937172977197,0.3059409858745563
381.0,0.0,0.0,-0.20154029155123726,-3.2464414071632692,-5.0713836791163835,-40.30805831024745,3.0,0.0,-5.359122847140227,0.23,0.0,False,0.005311242432830553,0.20154029155123726,0.2655632508627833,0.04252192476461086,4.252192476461086e-06,4.2521924764610866e-06,-0.04030874389782132,0.0,0.03350486092582683,1.8249422719531143,2.1126814399769573,0.03350486092582683
382.0,0.0,0.0,-0.20375904711384274,-2.4747386061256944,-5.025313198649594,-40.751809422768545,3.0,0.0,-5.2953920330070385,-0.01,0.0,False,0.005474553037779661,0.20375904711384277,0.273728815831645,0.04252192476461086,4.252192476461086e-06,4.2521924764610866e-06,-0.04075250255797089,0.0,0.7717028010375748,2.5505745925239,2.820653426881344,0.7717028010375748
383.0,0.0,0.0,-0.28161817660406,-2.6767321009465768,-5.062502616802312,-56.32363532081201,3.0,0.0,-5.284075199436051,0.06,0.0,False,0.005182676287476331,0.28161817660406,0.25913491626067237,0.04252192476461086,4.252192476461086e-06,4.2521924764610866e-06,-0.05632459331249182,0.0,-0.20199349482088236,2.385770515855735,2.6073430984894745,0.20199349482088236
384.0,0.0,0.0,-0.25871024871773735,-3.4233649053164794,-5.076015731847605,-51.74204974354747,3.0,0.0,-5.290980246900881,0.05,0.0,False,0.004822373579075279,0.25871024871773735,0.24111970423679643,0.04252192476461086,4.252192476461086e-06,4.2521924764610866e-06,-0.05174292980842376,0.0,-0.7466328043699026,1.6526508265311253,1.867615341584402,0.7466328043699026
385.0,0.0,0.0,-0.18368159172633525,-3.5820239440372914,-5.037491502349017,-36.73631834526705,3.0,0.0,-5.263889592412607,-0.02,0.0,False,0.004779336450567743,0.18368159172633525,0.238967838661312,0.04252192476461086,4.252192476461086e-06,4.2521924764610866e-06,-0.036736943182196016,0.0,-0.158659038720812,1.4554675583117254,1.6818656483753154,0.158659038720812
386.0,0.0,0.0,-0.1682950208782309,-3.6613234781819672,-5.091284241653974,-33.65900417564618,3.0,0.0,-5.26021987505395,-0.02,0.0,False,0.005194520758542759,0.16829502087823095,0.25972714233224237,0.04252192476461086,4.252192476461086e-06,4.2521924764610866e-06,-0.03365957667146907,0.0,-0.07929953414467583,1.4299607634720068,1.5988963968719831,0.07929953414467583
387.0,0.0,0.0,-0.15558389170991116,-4.242439832529852,-4.986167593261214,-31.116778341982233,3.0,0.0,-5.265009933960679,0.22,0.0,False,0.005189681171877889,0.15558389170991116,0.2594851619700561,0.04252192476461086,4.252192476461086e-06,4.2521924764610866e-06,-0.031117307597854735,0.0,-0.581116354347885,0.7437277607313622,1.0225701014308264,0.581116354347885
388.0,0.0,0.0,-0.09452317201821443,-4.103741217947686,-5.010955486039097,-18.904634403642888,3.0,0.0,-5.217195473913766,0.05,0.0,False,0.005003444257524561,0.09452317201821443,0.25017327665662936,0.04252192476461086,4.252192476461086e-06,4.2521924764610866e-06,-0.018904955946852334,0.0,0.13869861458216626,0.907214268091411,1.1134542559660803,0.13869861458216626
389.0,0.0,0.0,-0.10872883728481225,-3.8016092036696176,-5.036981944473787,-21.74576745696245,3.0,0.0,-5.187691649248041,-0.03,0.0,False,0.0053846010227640365,0.10872883728481227,0.26923119595619965,0.04252192476461086,4.252192476461086e-06,4.2521924764610866e-06,-0.021746137324144786,0.0,0.30213201427806835,1.2353727408041695,1.3860824455784235,0.30213201427806835
390.0,0.0,0.0,-0.13592479677779348,-4.53849937824849,-5.119181205637824,-27.184959355558696,3.0,0.0,-5.191052707593001,-0.02,0.0,False,0.00549372805829549,0.13592479677779348,0.27468757093423035,0.04252192476461086,4.252192476461086e-06,4.2521924764610866e-06,-0.02718542173631112,0.0,-0.7368901745788725,0.5806818273893342,0.6525533293445109,0.7368901745788725
391.0,0.0,0.0,-0.06903576149047971,-4.574577309555119,-5.2533780672561825,-13.807152298095943,3.0,0.0,-5.160886070367463,0.1,0.0,False,0.005353742973809161,0.06903576149047971,0.2676882869477377,0.04252192476461086,4.252192476461086e-06,4.2521924764610866e-06,-0.013807387139773832,0.0,-0.03607793130662884,0.6788007577010635,0.5863087608123436,0.03607793130662884
392.0,0.0,0.0,-0.06726844400573889,-4.355535880479748,-5.257806395763238,-13.453688801147779,3.0,0.0,-5.228871670820568,0.03,0.0,False,0.005459056817171665,0.06726844400573889,0.2729540015065995,0.04252192476461086,4.252192476461086e-06,4.2521924764610866e-06,-0.01345391763087194,0.0,0.2190414290753706,0.9022705152834893,0.8733357903408194,0.2190414290753706
393.0,0.0,0.0,-0.09021841982719087,-4.884730336191979,-5.23658291397016,-18.043683965438174,3.0,0.0,-5.247276051531083,0.07,0.0,False,0.00537342824305782,0.09021841982719087,0.2686725545954483,0.04252192476461086,4.252192476461086e-06,4.2521924764610866e-06,-0.018043990865001983,0.0,-0.529194455712231,0.3518525777781809,0.3625457153391034,0.529194455712231
394.0,0.0,0.0,-0.04121783538029025,-4.398623122235595,-5.280858369712642,-8.243567076058051,3.0,0.0,-5.257739260055957,0.09,0.0,False,0.00498958165458104,0.04121783538029025,0.24948014356213058,0.04252192476461086,4.252192476461086e-06,4.2521924764610866e-06,-0.008243707288397434,0.0,0.4861072139563847,0.8822352474770474,0.8591161378203624,0.4861072139563847
395.0,0.0,0.0,-0.092136311696002,-5.293375804726317,-5.265837967618429,-18.4272623392004,3.0,0.0,-5.296917453303356,0.04,0.0,False,0.004469912719225024,0.092136311696002,0.2234965863077129,0.04252192476461086,4.252192476461086e-06,4.2521924764610866e-06,-0.018427575762932767,0.0,-0.8947526824907222,-0.027537837107887597,0.0035416485770394246,0.8947526824907222
396.0,0.0,0.0,-0.005747997910549851,-5.238195249202885,-5.298451578670641,-1.1495995821099703,3.0,0.0,-5.320005828262184,-0.07,0.0,False,0.004799903160189041,0.0062481339237845665,0.2399961785150573,0.04252192476461086,4.252192476461086e-06,4.2521924764610866e-06,-0.0011496191353016015,0.0,0.05518055552343171,0.060256329467756053,0.08181057905929912,0.05518055552343171
397.0,0.0,0.0,-0.016877318762994004,-5.726253952133012,-5.435369557291017,-3.375463752598801,3.0,0.0,-5.3508570059114895,0.08,0.0,False,0.004856817875466345,0.016877318762994004,0.2428419263795387,0.04252192476461086,4.252192476461086e-06,4.2521924764610866e-06,-0.003375521164840963,0.0,-0.4880587029301271,-0.2908843948419957,-0.37539694622152275,0.4880587029301271
398.0,0.0,0.0,0.02980601795148218,-6.452518641290618,-5.510054149648222,5.961203590296436,3.0,0.0,-5.406972025113219,0.05,0.0,False,0.004895091036051717,0.029806017951482185,0.24475559254604953,0.04252192476461086,4.252192476461086e-06,4.2521924764610866e-06,0.005961304982605521,0.0,-0.7262646891576061,-0.9424644916423963,-1.0455466161773996,0.7262646891576061
399.0,0.0,0.0,0.0964035107072882,-6.7405697432892975,-5.527170230692068,19.28070214145764,3.0,0.0,-5.428187435571926,0.0,0.0,False,0.004904938445732549,0.0964035107072882,0.24524796512374522,0.04252192476461086,4.252192476461086e-06,4.2521924764610866e-06,0.019281030081089504,0.0,-0.2880511019986791,-1.2133995125972294,-1.312382307717371,0.2880511019986791
