t,mean_abs_delta_real,mean_abs_delta_planning,mean_action,price,v_true,total_demand,mean_k,xs_k_std,mean_belief,mean_correctness,mean_salience,regime_post,xs_action_std,xs_action_mean_abs,xs_belief_std,xs_sigma_mean,xs_rho_mean,xs_rho_max,mean_myopic_term,mean_hedging_term,ret,mispricing_true,mispricing_belief,vol_proxy
0.0,0.0,0.0,-0.011832898243145117,-0.0870255981064919,-0.02603218565913911,-2.366579648629023,1.0,0.0,0.0,-0.96,0.0,False,0.009744185341664482,0.012936301329704967,0.48722853532923865,0.39548192771084345,3.954819277108434e-05,3.954819277108435e-05,-0.0023669540096163304,0.0,0.0,-0.060993412447352784,-0.0870255981064919,0.0
1.0,0.0,0.0,-0.006117986815499599,-0.735674877424493,-0.11566244020746655,-1.2235973630999197,1.0,0.0,-0.11835238091848917,0.25,0.0,False,0.008413206382628326,0.008090319914395717,0.42067082339484446,0.24970892072370304,2.4970892072370302e-05,2.4970892072370302e-05,-0.0012237195773188976,0.0,-0.6486492793180011,-0.6200124372170265,-0.6173224965060038,0.6486492793180011
2.0,0.0,0.0,0.060301667725016,-0.0719294395805945,-0.12209125096050766,12.0603335450032,1.0,0.0,-0.14821310484091138,0.15,0.0,False,0.00739887388115616,0.060301667725016,0.369950558944912,0.1855657283607953,1.8556572836079535e-05,1.8556572836079532e-05,0.012061228722223195,0.0,0.6637454378438985,0.05016181137991316,0.07628366526031688,0.6637454378438985
3.0,0.0,0.0,-0.004912841234441069,-0.2799531551245227,0.0707189215395784,-0.9825682468882139,1.0,0.0,-0.13260225055986946,0.02,0.0,False,0.006825338126864693,0.006922270941696429,0.34127203676311363,0.15033452654348473,1.5033452654348474e-05,1.503345265434847e-05,-0.0009826273315728436,0.0,-0.20802371554392818,-0.35067207666410105,-0.14735090456465322,0.20802371554392818
4.0,0.0,0.0,0.016323975394161406,-1.2124344456533707,0.019050283419252703,3.264795078832281,1.0,0.0,-0.12106154477330998,0.14,0.0,False,0.0065320277705608444,0.016360083143535875,0.3266055889613489,0.12861039341098898,1.28610393410989e-05,1.2861039341098898e-05,0.003264963031304032,0.0,-0.932481290528848,-1.2314847290726234,-1.0913729008800608,0.932481290528848
5.0,0.0,0.0,0.11106195958919267,-2.0654390416655763,0.10149863927401195,22.212391917838534,1.0,0.0,-0.11670290401842147,0.03,0.0,False,0.006398571444354462,0.11106195958919265,0.31993222732126453,0.11424748706068398,1.1424748706068395e-05,1.1424748706068397e-05,0.022213406990224862,0.0,-0.8530045960122057,-2.166937680939588,-1.9487361376471548,0.8530045960122057
6.0,0.0,0.0,0.2039732257787265,-2.808283775529514,0.1852047197790968,40.7946451557453,1.0,0.0,-0.10175140701248919,0.39,0.0,False,0.00597211316775195,0.2039732257787265,0.29860877310894207,0.10430885206491432,1.0430885206491433e-05,1.0430885206491434e-05,0.04079634723503373,0.0,-0.7428447338639375,-2.9934884953086107,-2.7065323685170246,0.7428447338639375
7.0,0.0,0.0,0.2787915342823709,-3.3959226875315,0.1453986294959176,55.75830685647418,1.0,0.0,-0.02560040281314729,0.12,0.0,False,0.005388008820798379,0.2787915342823709,0.269403059962335,0.09721299660661761,9.721299660661762e-06,9.721299660661762e-06,0.055760475008235,0.0,-0.587638912001986,-3.5413213170274176,-3.3703222847183527,0.587638912001986
8.0,0.0,0.0,0.3390581447278763,-2.949570595399451,0.2202496977128081,67.81162894557526,1.0,0.0,-0.020232921903425075,0.17,0.0,False,0.00503803024096259,0.3390581447278763,0.2519038303687936,0.09203282049648383,9.20328204964838e-06,9.203282049648383e-06,0.0678141252807905,0.0,0.44635209213204874,-3.1698202931122594,-2.929337673496026,0.44635209213204874
9.0,0.0,0.0,0.2985364433322149,-2.1401171468484033,0.4223815117713814,59.70728866644298,1.0,0.0,-0.005185217865879343,0.29,0.0,False,0.004603881365182135,0.29853644333221485,0.2301960983270924,0.08818941343401722,8.818941343401728e-06,8.818941343401726e-06,0.05970939486817456,0.0,0.8094534485510478,-2.5624986586197847,-2.1349319289825237,0.8094534485510478
10.0,0.0,0.0,0.2246048512040987,-1.3949739697942658,0.5111127076411228,44.92097024081974,1.0,0.0,0.03592547669182678,0.47,0.0,False,0.004630068536328758,0.22460485120409873,0.2315054016199343,0.08530342395407306,8.530342395407304e-06,8.530342395407304e-06,0.04492250299277239,0.0,0.7451431770541375,-1.9060866774353886,-1.4308994464860927,0.7451431770541375
11.0,0.0,0.0,0.14840434704830163,-1.8346698250504359,0.4075059661864495,29.680869409660325,1.0,0.0,0.10602716300680518,-0.09,0.0,False,0.0044131890273763925,0.14840434704830163,0.22066128541927063,0.08311678650488098,8.311678650488098e-06,8.311678650488098e-06,0.02968185619285289,0.0,-0.43969585525617005,-2.2421757912368854,-1.9406969880572411,0.43969585525617005
12.0,0.0,0.0,0.19501635443925072,-2.6426728083002735,0.3987304807999804,39.00327088785014,1.0,0.0,0.08913117515089984,0.15,0.0,False,0.004255351474620753,0.19501635443925075,0.21276930669569594,0.08144872021105272,8.144872021105273e-06,8.144872021105272e-06,0.03900454158409963,0.0,-0.8080029832498377,-3.041403289100254,-2.731803983451173,0.8080029832498377
13.0,0.0,0.0,0.2785437801163029,-2.5495456057079076,0.46039022236819277,55.70875602326058,1.0,0.0,0.11557313850451811,0.23,0.0,False,0.004099364612551859,0.2785437801163029,0.2049698738502747,0.0801696280765907,8.016962807659075e-06,8.016962807659074e-06,0.05571054246903908,0.0,0.09312720259236595,-3.0099358280761,-2.6651187442124256,0.09312720259236595
14.0,0.0,0.0,0.26981385306544226,-2.9277118953114707,0.4962895716937377,53.96277061308845,1.0,0.0,0.1428766466190289,0.05,0.0,False,0.00403375560459599,0.26981385306544226,0.20168937729247768,0.07918490036140627,7.918490036140629e-06,7.918490036140629e-06,0.05396447981419982,0.0,-0.37816628960356313,-3.4240014670052084,-3.0705885419304995,0.37816628960356313
15.0,0.0,0.0,0.3107624489488232,-3.166062501843878,0.553960400347995,62.152489789764644,1.0,0.0,0.14869975086186896,0.18,0.0,False,0.004061419063333013,0.3107624489488232,0.2030725457398708,0.07842447161267904,7.842447161267904e-06,7.842447161267904e-06,0.06215443948494276,0.0,-0.23835060653240747,-3.7200229021918734,-3.314762252705747,0.23835060653240747
16.0,0.0,0.0,0.33851962798693974,-3.082410873953094,0.48602112289929617,67.70392559738795,1.0,0.0,0.18003445108104185,0.24,0.0,False,0.0040899262221997,0.33851962798693974,0.20449790282468538,0.07783586373121831,7.78358637312183e-06,7.783586373121831e-06,0.06770603349839167,0.0,0.08365162789078395,-3.5684319968523903,-3.262445325034136,0.08365162789078395
17.0,0.0,0.0,0.33175891749987024,-3.119790766034844,0.3422069860478322,66.35178349997405,1.0,0.0,0.2192655228636917,0.01,0.0,False,0.004160231631503491,0.3317589174998702,0.20801319115673475,0.07737942031791788,7.73794203179179e-06,7.737942031791787e-06,0.06635383718910039,0.0,-0.037379892081749855,-3.4619977520826763,-3.3390562888985356,0.037379892081749855
18.0,0.0,0.0,0.3389779910428848,-3.5188579668201867,0.5597937220128475,67.79559820857696,1.0,0.0,0.23530665760921313,0.26,0.0,False,0.004194282988729594,0.3389779910428848,0.209715764758958,0.07702496386752834,7.702496386752833e-06,7.702496386752835e-06,0.06779768697388919,0.0,-0.39906720078534264,-4.078651688833034,-3.7541646244294,0.39906720078534264
19.0,0.0,0.0,0.3819847038525667,-3.565436964942595,0.6589040893033018,76.39694077051334,1.0,0.0,0.27011969323156204,0.31,0.0,False,0.004030340782960353,0.3819847038525667,0.20151858577927745,0.07674940373398333,7.674940373398337e-06,7.674940373398335e-06,0.07639928612037343,0.0,-0.04657899812240851,-4.2243410542458975,-3.8355566581741574,0.04657899812240851
20.0,0.0,0.0,0.3882182995568257,-3.8063029187383535,0.6614671901069014,77.64365991136513,1.0,0.0,0.3011356571967621,0.09,0.0,False,0.004008225174486261,0.3882182995568256,0.20041279257179506,0.07653499567330325,7.653499567330326e-06,7.653499567330328e-06,0.07764603687604318,0.0,-0.24086595379575826,-4.467770108845254,-4.107438575935116,0.24086595379575826
21.0,0.0,0.0,0.41453639170317663,-4.328468164341376,0.6420946604525506,82.90727834063533,1.0,0.0,0.3168945920550462,0.17,0.0,False,0.004099484568539722,0.41453639170317663,0.20497579377536032,0.07636805789007794,7.636805789007794e-06,7.636805789007795e-06,0.08290981090842733,0.0,-0.5221652456030226,-4.970562824793927,-4.645362756396422,0.5221652456030226
22.0,0.0,0.0,0.46957470649626104,-5.310675124624397,0.6781803425560726,93.9149412992522,1.0,0.0,0.3392192849892088,0.31,0.0,False,0.003945496661108183,0.46957470649626104,0.19727633703953945,0.07623801307922962,7.623801307922961e-06,7.623801307922962e-06,0.09391780523282742,0.0,-0.9822069602830208,-5.9888554671804695,-5.649894409613606,0.9822069602830208
23.0,0.0,0.0,0.5696562172995556,-5.092482786806166,0.7066072305618765,113.93124345991112,1.0,0.0,0.3674578978343133,0.14,0.0,False,0.0039921812490258096,0.5696562172995556,0.19961058220816427,0.07613666709092755,7.613666709092755e-06,7.613666709092754e-06,0.11393471317155565,0.0,0.21819233781823044,-5.799090017368043,-5.45994068464048,0.21819233781823044
24.0,0.0,0.0,0.5513539702678465,-5.0988544373086615,0.7912063817945589,110.27079405356929,1.0,0.0,0.3861039070000195,0.27,0.0,False,0.004113901526813147,0.5513539702678465,0.2056966408093108,0.07605766172517958,7.605766172517959e-06,7.605766172517959e-06,0.11027414880355467,0.0,-0.0063716505024951076,-5.890060819103221,-5.484958344308681,0.0063716505024951076
25.0,0.0,0.0,0.5539737145090002,-4.217951070337613,0.700760621968247,110.79474290180005,1.0,0.0,0.42126658934109945,0.07,0.0,False,0.004005426469766759,0.5539737145090002,0.20027284547143226,0.07599605714348504,7.599605714348504e-06,7.599605714348505e-06,0.11079811086164991,0.0,0.8809033669710482,-4.918711692305861,-4.639217659678713,0.8809033669710482
26.0,0.0,0.0,0.46442958015100444,-4.430286772845816,0.4571980938161755,92.88591603020089,1.0,0.0,0.4410932068716557,-0.04,0.0,False,0.004232304417335135,0.46442958015100444,0.21161682804228338,0.07594801167850262,7.594801167850264e-06,7.594801167850261e-06,0.09288873780902415,0.0,-0.2123357025082031,-4.887484866661992,-4.871379979717472,0.2123357025082031
27.0,0.0,0.0,0.48386632133405066,-4.4972827534491895,0.34873719710673656,96.77326426681013,1.0,0.0,0.42652109368831376,0.01,0.0,False,0.004212226531765225,0.48386632133405066,0.21061292535011755,0.07591053539720918,7.591053539720918e-06,7.59105353972092e-06,0.09677620268862543,0.0,-0.06699598060337308,-4.846019950555926,-4.923803847137504,0.06699598060337308
28.0,0.0,0.0,0.4863286544347385,-4.560416182231142,0.22379513632971115,97.2657308869477,1.0,0.0,0.4085600932522532,0.34,0.0,False,0.004044405731954129,0.4863286544347385,0.20222182107152695,0.07588129986214319,7.588129986214318e-06,7.588129986214319e-06,0.09726868312458237,0.0,-0.06313342878195272,-4.784211318560853,-4.968976275483396,0.06313342878195272
29.0,0.0,0.0,0.48722256069606645,-5.2390278425831855,0.16966745542274486,97.44451213921329,1.0,0.0,0.3661883071504851,0.25,0.0,False,0.0040231689560113314,0.48722256069606645,0.20115997375819547,0.07585849092897277,7.585849092897274e-06,7.5858490928972765e-06,0.09744746891423971,0.0,-0.6786116603520433,-5.408695298005931,-5.60521614973367,0.6786116603520433
30.0,0.0,0.0,0.550412619369749,-4.615679054298361,0.06445943186066828,110.0825238739498,1.0,0.0,0.31199422457052634,0.3,0.0,False,0.0041194286592118904,0.550412619369749,0.2059729950622496,0.0758406946332553,7.58406946332553e-06,7.5840694633255315e-06,0.11008586334265404,0.0,0.623348788284825,-4.680138486159029,-4.927673278868887,0.623348788284825
31.0,0.0,0.0,0.4862614608202427,-3.961204158638633,0.18376535527545196,97.25229216404854,1.0,0.0,0.265307069491243,0.17,0.0,False,0.004035165823201097,0.4862614608202427,0.20175982102878756,0.07582680859941437,7.582680859941435e-06,7.582680859941435e-06,0.09725524187405933,0.0,0.6544748956597277,-4.144969513914085,-4.226511228129876,0.6544748956597277
32.0,0.0,0.0,0.4193162264614261,-3.3146222593758163,0.26529830416943667,83.86324529228521,1.0,0.0,0.24711991217765966,-0.12,0.0,False,0.004221829525061902,0.419316226461426,0.21109307666366545,0.07581597318505708,7.58159731850571e-06,7.581597318505709e-06,0.0838657885424258,0.0,0.6465818992628165,-3.579920563545253,-3.561742171553476,0.6465818992628165
33.0,0.0,0.0,0.35288012154310133,-4.115426686855541,0.20739453119709297,70.57602430862026,1.0,0.0,0.23211706031453302,0.17,0.0,False,0.00400773923562165,0.35288012154310133,0.2003884808649021,0.07580751791624726,7.580751791624726e-06,7.580751791624725e-06,0.07057816436968785,0.0,-0.8008044274797244,-4.322821218052634,-4.347543747170073,0.8008044274797244
34.0,0.0,0.0,0.43075245998103634,-3.8997903142388073,0.05549874441871666,86.15049199620726,1.0,0.0,0.21431271088587617,0.04,0.0,False,0.00403884699094187,0.43075245998103634,0.20194388028867752,0.07580091978879354,7.580091978879353e-06,7.580091978879353e-06,0.08615310409102078,0.0,0.2156363726167334,-3.955289058657524,-4.114103025124684,0.2156363726167334
35.0,0.0,0.0,0.40455605402356853,-3.1852884586575234,0.004637413696440794,80.9112108047137,1.0,0.0,0.19226117011816246,0.14,0.0,False,0.004207073242046906,0.40455605402356853,0.21035525649414105,0.07579577078909383,7.579577078909383e-06,7.579577078909382e-06,0.08091366387715578,0.0,0.7145018555812839,-3.1899258723539643,-3.377549628775686,0.7145018555812839
36.0,0.0,0.0,0.32632780929585714,-3.2573825013547233,-0.22218013452831029,65.26556185917143,1.0,0.0,0.14592354418658635,0.47,0.0,False,0.004143192111810036,0.3263278092958572,0.207161175689459,0.0757917525852373,7.579175258523732e-06,7.579175258523731e-06,0.0652675404807018,0.0,-0.07209404269719988,-3.035202366826413,-3.4033060455413096,0.07209404269719988
37.0,0.0,0.0,0.32657481789888926,-1.947360644299703,-0.21167763775794352,65.31496357977785,1.0,0.0,0.07811329908396607,0.41,0.0,False,0.003948023870495451,0.32657481789888926,0.19740268960111365,0.07578861679880576,7.578861679880579e-06,7.578861679880576e-06,0.06531694361706979,0.0,1.3100218570550204,-1.7356830065417594,-2.025473943383669,1.3100218570550204
38.0,0.0,0.0,0.19351779188983137,-2.148437058509999,-0.08885064813642059,38.703558377966274,1.0,0.0,0.008489430902817351,0.07,0.0,False,0.004059428541844914,0.19351779188983137,0.20297296533494585,0.07578616962277836,7.578616962277834e-06,7.5786169622778345e-06,0.03870473164685063,0.0,-0.2010764142102961,-2.0595864103735786,-2.1569264894128164,0.2010764142102961
39.0,0.0,0.0,0.21309207744394051,-2.1648553748624506,0.08113442544314238,42.6184154887881,1.0,0.0,-0.012109395540382525,0.05,0.0,False,0.0038487404216166147,0.21309207744394051,0.1924384794505513,0.07578425982564119,7.5784259825641195e-06,7.5784259825641195e-06,0.04261970740102654,0.0,-0.016418316352451612,-2.245989800305593,-2.1527459793220682,0.016418316352451612
40.0,0.0,0.0,0.21308190060995458,-1.8915046991836404,0.055034174651279175,42.616380121990915,1.0,0.0,-0.017435538943775405,-0.02,0.0,False,0.003823389142366107,0.2130819006099546,0.1911709058533938,0.07578276939476822,7.578276939476819e-06,7.5782769394768205e-06,0.042617671947124,0.0,0.2733506756788102,-1.9465388738349196,-1.874069160239865,0.2733506756788102
41.0,0.0,0.0,0.18150846484925542,-1.6940703513088535,0.004625567906971391,36.30169296985108,1.0,0.0,-0.03395562908022404,-0.11,0.0,False,0.004006797663401708,0.18150846484925542,0.20034140137789935,0.07578160623748331,7.5781606237483355e-06,7.578160623748335e-06,0.03630279336175308,0.0,0.19743434787478686,-1.6986959192158249,-1.6601147222286294,0.19743434787478686
42.0,0.0,0.0,0.1631544419461467,-1.2844829211118327,0.02809648666184925,32.63088838922934,1.0,0.0,-0.07635127567602722,-0.05,0.0,False,0.00416430239866276,0.1631544419461467,0.20821669780186036,0.07578069848672941,7.578069848672939e-06,7.578069848672941e-06,0.032631877498339554,0.0,0.4095874301970208,-1.3125794077736819,-1.2081316454358055,0.4095874301970208
43.0,0.0,0.0,0.12396966394936441,-1.296360777540142,0.11646807437274817,24.793932789872883,1.0,0.0,-0.06246411205952676,0.08,0.0,False,0.004230832540551219,0.12396966394936441,0.2115432300898002,0.07577999005824664,7.5779990058246634e-06,7.577999005824663e-06,0.02479468433776978,0.0,-0.011877856428309297,-1.4128288519128902,-1.2338966654806152,0.011877856428309297
44.0,0.0,0.0,0.12591829030632307,-1.1284602764834757,0.09909747611327066,25.183658061264612,1.0,0.0,-0.04473930951868062,-0.06,0.0,False,0.004371446192719805,0.12591829030632307,0.21857396596465103,0.07577943718399627,7.577943718399631e-06,7.577943718399629e-06,0.025184421416853574,0.0,0.16790050105666632,-1.2275577525967463,-1.0837209669647951,0.16790050105666632
45.0,0.0,0.0,0.10737079771723207,-1.4887989002664934,0.07761617497587135,21.474159543446415,1.0,0.0,-0.03713016439105949,-0.1,0.0,False,0.00448071418621621,0.10737079771723207,0.22403740703114003,0.07577900570718792,7.5779005707187905e-06,7.577900570718793e-06,0.02147481045469731,0.0,-0.36033862378301773,-1.5664150752423647,-1.4516687358754339,0.36033862378301773
46.0,0.0,0.0,0.14126973059057937,-1.9836874927405692,0.10463541419377952,28.253946118115874,1.0,0.0,-0.05471161704969008,-0.06,0.0,False,0.004449436637672327,0.14126973059057937,0.2224735177455467,0.07577866897151055,7.577866897151055e-06,7.577866897151055e-06,0.028254802530198103,0.0,-0.4948885924740758,-2.0883229069343487,-1.928975875690879,0.4948885924740758
47.0,0.0,0.0,0.19535656265925724,-2.1060885393462927,0.22054854246755187,39.07131253185145,1.0,0.0,-0.07604806819994935,0.4,0.0,False,0.004216283767977743,0.19535656265925724,0.21081578591520675,0.07577840617399134,7.577840617399135e-06,7.577840617399136e-06,0.039072496827593325,0.0,-0.12240104660572348,-2.3266370818138444,-2.0300404711463433,0.12240104660572348
48.0,0.0,0.0,0.2069656775205352,-2.0293131584082023,0.24334535140524674,41.39313550410704,1.0,0.0,-0.030047847103228942,0.04,0.0,False,0.004069224193554622,0.20696567752053524,0.20346275147017687,0.07577820107961909,7.5778201079619125e-06,7.577820107961911e-06,0.04139439017353756,0.0,0.07677538093809044,-2.272658509813449,-1.9992653113049732,0.07677538093809044
49.0,0.0,0.0,0.19880584372398097,-1.4579289170130822,0.15805993266782636,39.761168744796194,1.0,0.0,-0.03635334670730425,-0.01,0.0,False,0.004019103414482899,0.19880584372398097,0.20095669352306197,0.07577804101825933,7.577804101825934e-06,7.577804101825932e-06,0.039762373945053824,0.0,0.57138424139512,-1.6159888496809085,-1.421575570305778,0.57138424139512
50.0,0.0,0.0,0.1433080494731012,-1.937167265617458,0.16692870219060232,28.661609894620238,1.0,0.0,-0.04117939558149233,-0.04,0.0,False,0.004259224443228562,0.14330804947310122,0.21296283593719076,0.07577791610185457,7.577791610185456e-06,7.577791610185456e-06,0.028662478654864917,0.0,-0.47923834860437564,-2.1040959678080604,-1.8959878700359656,0.47923834860437564
51.0,0.0,0.0,0.18921659547362082,-2.1037723509988626,0.06838638627111027,37.843319094724166,1.0,0.0,-0.0247941243553225,0.07,0.0,False,0.004110266105693831,0.18921659547362082,0.2055148626196886,0.07577781861352735,7.577781861352734e-06,7.577781861352734e-06,0.03784446615969999,0.0,-0.16660508538140473,-2.1721587372699727,-2.07897822664354,0.16660508538140473
52.0,0.0,0.0,0.20489105874908287,-1.4854409441596972,-0.10773185575525224,40.97821174981657,1.0,0.0,-0.04492961877699747,0.07,0.0,False,0.004054480787438513,0.2048910587490829,0.2027255755689317,0.07577774253083158,7.577774253083158e-06,7.5777742530831585e-06,0.04097945383495606,0.0,0.6183314068391654,-1.377709088404445,-1.4405113253826998,0.6183314068391654
53.0,0.0,0.0,0.14008326957969738,-0.6060902989750813,-0.16838079892677643,28.01665391593948,1.0,0.0,-0.05478413259855113,0.12,0.0,False,0.00427836509466143,0.14008326957969738,0.2139198757560443,0.07577768315369257,7.5777683153692564e-06,7.5777683153692564e-06,0.02801750312435374,0.0,0.8793506451846159,-0.43770950004830483,-0.5513061663765302,0.8793506451846159
54.0,0.0,0.0,0.04923718634532125,-0.899548554227374,-0.2465633024670249,9.847437269064251,1.0,0.0,-0.08455517243463795,0.08,0.0,False,0.004293726021983747,0.04923718634532125,0.2146879279412427,0.07577763681404524,7.5777636814045205e-06,7.577763681404523e-06,0.009847735753012385,0.0,-0.29345825525229274,-0.6529852517603492,-0.8149933817927361,0.29345825525229274
55.0,0.0,0.0,0.07519967308421928,-0.8786243422473144,-0.21473283586819167,15.039934616843855,1.0,0.0,-0.1136997801337454,0.13,0.0,False,0.004195978990305322,0.07519967308421928,0.20980053932136736,0.07577760064923067,7.577760064923067e-06,7.577760064923067e-06,0.015040390489453031,0.0,0.02092421198005956,-0.6638915063791228,-0.7649245621135691,0.02092421198005956
56.0,0.0,0.0,0.07120688037896242,-1.3916227775133776,-0.2674403954912249,14.241376075792484,1.0,0.0,-0.14752333113120192,0.21,0.0,False,0.0039659991021473474,0.07120688037896242,0.1983014577762884,0.0757775724251497,7.577757242514966e-06,7.577757242514968e-06,0.014241807743284223,0.0,-0.5129984352660631,-1.1241823820221528,-1.2440994463821757,0.5129984352660631
57.0,0.0,0.0,0.12190040252682328,-1.9856324561052998,-0.3444189001221691,24.380080505364656,1.0,0.0,-0.16652855903501468,-0.09,0.0,False,0.004241075806885034,0.1219004025268233,0.21205539723593025,0.07577755039824796,7.577755039824795e-06,7.577755039824794e-06,0.02438081948487654,0.0,-0.5940096785919222,-1.6412135559831307,-1.819103897070285,0.5940096785919222
58.0,0.0,0.0,0.1781449533351032,-2.0525523033269466,-0.27741455701347306,35.62899066702064,1.0,0.0,-0.17257256567566404,0.07,0.0,False,0.0041446060896069056,0.1781449533351032,0.20723187482047326,0.07577753320780568,7.577753320780569e-06,7.57775332078057e-06,0.035630070609646444,0.0,-0.06691984722164679,-1.7751377463134737,-1.8799797376512826,0.06691984722164679
59.0,0.0,0.0,0.1809995557717139,-1.5577837081946353,-0.3642992884264864,36.19991115434278,1.0,0.0,-0.20411542582868364,0.12,0.0,False,0.0041911573482105976,0.18099955577171392,0.2095594553880744,0.07577751979187808,7.577751979187806e-06,7.577751979187805e-06,0.0362010084018217,0.0,0.4947685951323113,-1.193484419768149,-1.3536682823659516,0.4947685951323113
60.0,0.0,0.0,0.12944263360011604,-1.9954036756960318,-0.2950364622906726,25.888526720023208,1.0,0.0,-0.24248816712270788,0.07,0.0,False,0.0039023206537201083,0.12944263360011604,0.19511751122670398,0.07577750932169237,7.577750932169239e-06,7.577750932169238e-06,0.02588931142130686,0.0,-0.43761996750139653,-1.7003672134053591,-1.752915508573324,0.43761996750139653
61.0,0.0,0.0,0.17100961932115902,-1.9761468473874628,-0.33621372066915517,34.2019238642318,1.0,0.0,-0.2633083279916047,0.1,0.0,False,0.003718302453169422,0.17100961932115902,0.1859165314768132,0.07577750115045034,7.577750115045038e-06,7.577750115045036e-06,0.03420296055090601,0.0,0.019256828308569007,-1.6399331267183077,-1.7128385193958582,0.019256828308569007
62.0,0.0,0.0,0.16745509512270795,-2.5376001824970222,-0.36403677877583324,33.49101902454159,1.0,0.0,-0.28524268907631883,0.03,0.0,False,0.003746488407447223,0.16745509512270793,0.18732583986988965,0.0757774947733717,7.577749477337168e-06,7.577749477337169e-06,0.03349203416305674,0.0,-0.5614533351095594,-2.173563403721189,-2.2523574934207033,0.5614533351095594
63.0,0.0,0.0,0.2175868354402644,-2.4382699808334687,-0.4076333887495432,43.51736708805288,1.0,0.0,-0.3015324495224074,0.1,0.0,False,0.003734679414956842,0.21758683544026444,0.18673538577099835,0.075777489796511,7.577748979651099e-06,7.5777489796511e-06,0.04351868613279368,0.0,0.09933020166355355,-2.0306365920839253,-2.1367375313110615,0.09933020166355355
64.0,0.0,0.0,0.20453955864230453,-1.758258048775048,-0.41317514752618234,40.9079117284609,1.0,0.0,-0.36164938717336625,0.22,0.0,False,0.003563250403864356,0.20453955864230453,0.17816387026400418,0.07577748591242173,7.577748591242176e-06,7.577748591242176e-06,0.04090915167854675,0.0,0.6800119320584206,-1.3450829012488659,-1.396608661601682,0.6800119320584206
65.0,0.0,0.0,0.13116590776536555,-1.2365769225860797,-0.7261784553685808,26.23318155307311,1.0,0.0,-0.392796896942806,0.41,0.0,False,0.003513733789202119,0.13116590776536555,0.1756880207696162,0.07577748288116361,7.577748288116364e-06,7.577748288116362e-06,0.0262339767008341,0.0,0.5216811261889684,-0.5103984672174988,-0.8437800256432737,0.5216811261889684
66.0,0.0,0.0,0.07101072205531837,-2.003123878192157,-0.9791508009871527,14.202144411063674,1.0,0.0,-0.44654927400974126,0.62,0.0,False,0.003630990210285333,0.07101072205531837,0.1815508862507162,0.07577748051548007,7.577748051548008e-06,7.5777480515480085e-06,0.014202574888890174,0.0,-0.7665469556060776,-1.0239730772050044,-1.556574604182416,0.7665469556060776
67.0,0.0,0.0,0.13894370041903076,-1.1385376871035549,-0.951436435940787,27.78874008380615,1.0,0.0,-0.5264427969648614,0.66,0.0,False,0.0036931589562471433,0.13894370041903076,0.18465934710372728,0.07577747866923067,7.577747866923064e-06,7.577747866923065e-06,0.02778958238168701,0.0,0.8645861910886024,-0.18710125116276788,-0.6120948901386934,0.8645861910886024
68.0,0.0,0.0,0.04409016296064827,-1.076088377106869,-1.183993810972182,8.818032592129654,1.0,0.0,-0.6136342299853761,0.6,0.0,False,0.0036435086574546,0.04409016296064827,0.18217681335220157,0.07577747722836292,7.5777477228362955e-06,7.5777477228362955e-06,0.008818299873409844,0.0,0.06244930999668585,0.10790543386531293,-0.4624541471214929,0.06244930999668585
69.0,0.0,0.0,0.028076932163491195,-0.5864613015985904,-1.2660869921389342,5.615386432698239,1.0,0.0,-0.6976193522904733,0.68,0.0,False,0.003480988970024507,0.028076932163491195,0.17405076740401781,0.07577747610386716,7.577747610386715e-06,7.5777476103867154e-06,0.005615556639332938,0.0,0.48962707550827855,0.6796256905403437,0.11115805069188289,0.48962707550827855
70.0,0.0,0.0,-0.0295485595135586,-1.0787020795047528,-1.3910005487246544,-5.90971190271172,1.0,0.0,-0.7953084174766768,0.63,0.0,False,0.0035475412901467772,0.0295485595135586,0.17737840862595,0.07577747522627731,7.577747522627736e-06,7.577747522627733e-06,-0.005909891030573251,0.0,-0.4922407779061624,0.31229846921990156,-0.28339366202807603,0.4922407779061624
71.0,0.0,0.0,0.010946343673770327,-1.1863321021684823,-1.3947111132460817,2.1892687347540654,1.0,0.0,-0.8819580923103588,0.66,0.0,False,0.0037707068683569597,0.010946343673770325,0.1885367720910666,0.07577747454138026,7.577747454138024e-06,7.577747454138025e-06,0.002189335093153544,0.0,-0.10763002266372945,0.20837901107759937,-0.30437400985812346,0.10763002266372945
72.0,0.0,0.0,0.016422070459380888,-1.1820850930880142,-1.3323763085510458,3.2844140918761777,1.0,0.0,-0.9692344953356542,0.42,0.0,False,0.00382128398421112,0.016422070459380888,0.19106564704679493,0.0757774740068663,7.577747400686627e-06,7.577747400686627e-06,0.0032845136449631785,0.0,0.004247009080468045,0.1502912154630316,-0.21285059775236004,0.004247009080468045
73.0,0.0,0.0,0.010732968899266414,-1.2065098699130112,-1.4195299788167413,2.1465937798532826,1.0,0.0,-1.0221051754595867,0.38,0.0,False,0.0037715701977795455,0.010739532091820254,0.18857993888928254,0.07577747358971576,7.577747358971578e-06,7.577747358971577e-06,0.0021466588447416205,0.0,-0.024424776824996997,0.21302010890373002,-0.18440469445342456,0.024424776824996997
74.0,0.0,0.0,0.00855778362559428,-1.2211559508855654,-1.440373032723325,1.7115567251188561,1.0,0.0,-1.0747513375090136,0.37,0.0,False,0.003914095138244987,0.00861824114142226,0.19570623991344782,0.07577747326415916,7.577747326415918e-06,7.5777473264159154e-06,0.0017116086037033248,0.0,-0.014646080972554154,0.21921708183775968,-0.14640461337655175,0.014646080972554154
75.0,0.0,0.0,0.004619676579175434,-0.8865696083873322,-1.495424307278056,0.9239353158350868,1.0,0.0,-1.120928791220969,0.41,0.0,False,0.003802713130857019,0.0051117521293621675,0.19013709734280912,0.07577747301008513,7.577747301008512e-06,7.577747301008514e-06,0.0009239633210162538,0.0,0.33458634249823316,0.6088546988907237,0.23435918283363666,0.33458634249823316
76.0,0.0,0.0,-0.03035489063825443,-0.653647166598977,-1.3876686609590394,-6.0709781276508865,1.0,0.0,-1.1749574347567247,0.02,0.0,False,0.003860801505761674,0.03035489063825443,0.1930415380969894,0.07577747281179825,7.577747281179824e-06,7.577747281179825e-06,-0.006071162143608462,0.0,0.2329224417883552,0.7340214943600624,0.5213102681577476,0.2329224417883552
77.0,0.0,0.0,-0.06119198055755836,-0.1081380021286501,-1.6004170723041733,-12.238396111511673,1.0,0.0,-1.1901300158543768,0.55,0.0,False,0.003836180992950068,0.06119198055755836,0.19181050312800488,0.07577747265704927,7.577747265704929e-06,7.577747265704929e-06,-0.012238767066591345,0.0,0.5455091644703269,1.492279070175523,1.0819920137257268,0.5455091644703269
78.0,0.0,0.0,-0.1224901495803828,-0.47857260857747796,-1.765845012856842,-24.49802991607656,1.0,0.0,-1.265590157042728,0.5,0.0,False,0.0038102879276778745,0.1224901495803828,0.1905158400538377,0.07577747253627864,7.577747253627861e-06,7.577747253627862e-06,-0.02449877246996535,0.0,-0.37043460644882786,1.287272404279364,0.78701754846525,0.37043460644882786
79.0,0.0,0.0,-0.0925316722547126,-0.5074042119083412,-1.81422494800109,-18.506334450942518,1.0,0.0,-1.3330859079022077,0.53,0.0,False,0.0038476709779932824,0.0925316722547126,0.1923850067335716,0.07577747244202561,7.577747244202561e-06,7.577747244202561e-06,-0.018506895391991383,0.0,-0.02883160333086321,1.3068207360927486,0.8256816959938665,0.02883160333086321
80.0,0.0,0.0,-0.09529385526910306,-0.5489129544198064,-1.9721137932873973,-19.05877105382061,1.0,0.0,-1.403924390205825,0.44,0.0,False,0.003941834472153216,0.09529385526910306,0.19709321711892475,0.07577747236846775,7.577747236846778e-06,7.577747236846776e-06,-0.019059348739641806,0.0,-0.04150874251146519,1.423200838867591,0.8550114357860186,0.04150874251146519
81.0,0.0,0.0,-0.09790275072190761,-0.022879869620888726,-1.7802334930876607,-19.580550144381522,1.0,0.0,-1.460378870236794,0.55,0.0,False,0.0037211242699876526,0.0979027507219076,0.1860576233863393,0.07577747231106102,7.577747231106104e-06,7.577747231106103e-06,-0.01958114364572267,0.0,0.5260330847989176,1.757353623466772,1.4374990006159052,0.5260330847989176
82.0,0.0,0.0,-0.15493368594822704,-0.02737877575043183,-1.8195425271191787,-30.986737189645407,1.0,0.0,-1.527977555753792,0.17,0.0,False,0.003883989614314333,0.15493368594822704,0.19420095231029308,0.07577747226625915,7.577747226625914e-06,7.5777472266259145e-06,-0.030987676421175343,0.0,-0.004498906129543102,1.792163751368747,1.5005987800033602,0.004498906129543102
83.0,0.0,0.0,-0.15800592927873736,0.08948329201283578,-1.7269625773023654,-31.601185855747474,1.0,0.0,-1.572275431518609,0.17,0.0,False,0.003889906690561855,0.15800592927873736,0.19449680836457386,0.07577747223129438,7.57774722312944e-06,7.577747223129441e-06,-0.031602143711682525,0.0,0.1168620677632676,1.816445869315201,1.6617587235314448,0.1168620677632676
84.0,0.0,0.0,-0.1728506330022931,0.32784840273186505,-1.6955287900228895,-34.57012660045862,1.0,0.0,-1.6074979349873957,0.13,0.0,False,0.0038982312372260433,0.1728506330022931,0.1949130388518483,0.07577747220400688,7.5777472204006916e-06,7.577747220400691e-06,-0.03457117444724132,0.0,0.23836511071902927,2.0233771927547544,1.9353463377192608,0.23836511071902927
85.0,0.0,0.0,-0.19808509664203197,0.4154394513435376,-1.4985769396342858,-39.61701932840639,1.0,0.0,-1.6390885289302835,-0.17,0.0,False,0.0038933897840225723,0.19808509664203197,0.19467096435730893,0.07577747218271093,7.577747218271092e-06,7.577747218271093e-06,-0.03961822015033891,0.0,0.08759104861167255,1.9140163909778234,2.054527980273821,0.08759104861167255
86.0,0.0,0.0,-0.20476848236844944,0.4836167983833188,-1.4257912716361865,-40.95369647368989,1.0,0.0,-1.6530776156279572,0.21,0.0,False,0.0037270824294126036,0.20476848236844944,0.18635553361505544,0.07577747216609089,7.577747216609089e-06,7.577747216609091e-06,-0.040954937811321195,0.0,0.06817734703978118,1.9094080700195053,2.136694414011276,0.06817734703978118
87.0,0.0,0.0,-0.21317530516446845,0.11111320331384972,-1.4900207285710958,-42.63506103289369,1.0,0.0,-1.6323229565308222,-0.08,0.0,False,0.0037710956178961283,0.21317530516446845,0.18855620971527226,0.07577747215312015,7.577747215312016e-06,7.577747215312016e-06,-0.042636353333961007,0.0,-0.37250359506946906,1.6011339318849456,1.743436159844672,0.37250359506946906
88.0,0.0,0.0,-0.17646758019837894,0.13645262213479947,-1.4369436707472871,-35.29351603967579,1.0,0.0,-1.6482170226901187,0.08,0.0,False,0.0037659478449724657,0.1764675801983789,0.1882988191186629,0.07577747214299738,7.5777472142997385e-06,7.577747214299739e-06,-0.035294585812940746,0.0,0.025339418820949755,1.5733962928820866,1.7846696448249182,0.025339418820949755
89.0,0.0,0.0,-0.1787466704636424,0.862579566916573,-1.488505558543046,-35.74933409272848,1.0,0.0,-1.6536294600056536,-0.03,0.0,False,0.0038391417185134756,0.1787466704636424,0.19195854052794678,0.07577747213509727,7.57774721350973e-06,7.577747213509728e-06,-0.035750417682184524,0.0,0.7261269447817735,2.351085125459619,2.5162090269222266,0.7261269447817735
90.0,0.0,0.0,-0.25320644814636617,0.0596884158040939,-1.692072372644966,-50.64128962927323,1.0,0.0,-1.6510818073558253,-0.04,0.0,False,0.0039012287555427088,0.25320644814636617,0.19506291590340186,0.07577747212893182,7.5777472128931844e-06,7.577747212893183e-06,-0.050642824605206915,0.0,-0.8028911511124791,1.7517607884490598,1.7107702231599191,0.8028911511124791
91.0,0.0,0.0,-0.17783159584145072,0.46440464524973074,-1.6998672541657525,-35.56631916829014,1.0,0.0,-1.6695808512699224,-0.01,0.0,False,0.003966956147634557,0.17783159584145075,0.19834931041127235,0.07577747212412012,7.57774721241201e-06,7.577747212412012e-06,-0.03556739721042473,0.0,0.40471622944563684,2.1642718994154833,2.133985496519653,0.40471622944563684
92.0,0.0,0.0,-0.22066882958905232,0.008214896568149777,-1.5779603439290006,-44.133765917810464,1.0,0.0,-1.7186949207543956,-0.11,0.0,False,0.0039437010720839265,0.22066882958905232,0.19718654782268652,0.0757774721203649,7.577747212036492e-06,7.577747212036491e-06,-0.04413510364576001,0.0,-0.45618974868158096,1.5861752404971505,1.7269098173225452,0.45618974868158096
93.0,0.0,0.0,-0.17344271763074182,-0.3049878787998385,-1.5914288496900593,-34.688543526148365,1.0,0.0,-1.7423672592711994,0.1,0.0,False,0.003936263548718777,0.17344271763074182,0.19681466883644538,0.07577747211743423,7.57774721174342e-06,7.577747211743423e-06,-0.03468959496223676,0.0,-0.3132027753679883,1.2864409708902207,1.4373793804713608,0.3132027753679883
94.0,0.0,0.0,-0.1399419721021732,0.4386481780061534,-1.4708786876254656,-27.98839442043464,1.0,0.0,-1.7262779949927634,0.23,0.0,False,0.003860282004405102,0.1399419721021732,0.1930155628323148,0.07577747211514707,7.577747211514706e-06,7.577747211514704e-06,-0.027989242769917152,0.0,0.7436360568059919,1.9095268656316189,2.164926172998917,0.7436360568059919
95.0,0.0,0.0,-0.21295320103454266,0.7926804715462492,-1.4259795065088339,-42.59064020690853,1.0,0.0,-1.704460622066014,0.07,0.0,False,0.003850845743574932,0.21295320103454266,0.1925437462155263,0.07577747211336205,7.577747211336206e-06,7.577747211336206e-06,-0.04259193116154622,0.0,0.3540322935400958,2.218659978055083,2.497141093612263,0.3540322935400958
96.0,0.0,0.0,-0.24422937515252308,0.4220568018675378,-1.351920316842145,-48.845875030504615,1.0,0.0,-1.6909645176155363,0.25,0.0,False,0.003810164510094475,0.24422937515252308,0.1905096691278983,0.07577747211196902,7.5777472111969e-06,7.5777472111969e-06,-0.048847355586058516,0.0,-0.3706236696787114,1.7739771187096829,2.113021319483074,0.3706236696787114
97.0,0.0,0.0,-0.20682625050844383,0.6782413268973648,-1.3507084723740679,-41.365250101688765,1.0,0.0,-1.6497058154023045,0.06,0.0,False,0.0038027525829831114,0.2068262505084438,0.19013906996404456,0.07577747211088182,7.577747211088183e-06,7.5777472110881835e-06,-0.04136650391382206,0.0,0.256184525029827,2.028949799271433,2.3279471422996694,0.256184525029827
98.0,0.0,0.0,-0.23029615516088145,1.4128402151698036,-1.344157826170381,-46.05923103217629,1.0,0.0,-1.6462840670690482,0.16,0.0,False,0.0038054574660988626,0.23029615516088142,0.19027431514467813,0.07577747211003336,7.5777472110033345e-06,7.5777472110033345e-06,-0.046060627122435055,0.0,0.7345988882724388,2.756998041340185,3.0591242822388516,0.7345988882724388
99.0,0.0,0.0,-0.30265118143829517,1.763498013573231,-1.3845341853446937,-60.53023628765903,1.0,0.0,-1.6248074810138238,0.11,0.0,False,0.0037052345048780686,0.30265118143829517,0.18526312911042506,0.07577747210937115,7.577747210937115e-06,7.577747210937117e-06,-0.06053207100507278,0.0,0.35065779840342737,3.1480321989179245,3.3883054945870548,0.35065779840342737
100.0,0.0,0.0,-0.33607621094314694,2.7426836853297676,-1.4576152876438828,-67.21524218862939,1.0,0.0,-1.6137862699204468,0.08,0.0,False,0.0037835388826887814,0.33607621094314694,0.18917837766949977,0.0757774721088544,7.577747210885437e-06,7.5777472108854385e-06,-0.06721727953364696,0.0,0.9791856717565366,4.20029897297365,4.356469955250215,0.9791856717565366
101.0,0.0,0.0,-0.4330485263914033,2.5578521847105864,-1.4181111843814778,-86.60970527828066,1.0,0.0,-1.5973914308867423,0.07,0.0,False,0.003691099666293548,0.43304852639140334,0.18455638182568737,0.0757774721084511,7.577747210845108e-06,7.577747210845109e-06,-0.0866123304841979,0.0,-0.1848315006191812,3.975963369092064,4.155243615597328,0.1848315006191812
102.0,0.0,0.0,-0.4119161432985015,3.024960992008478,-1.235682620625559,-82.38322865970031,1.0,0.0,-1.5879656551974144,0.21,0.0,False,0.00369155499250885,0.4119161432985015,0.18457914830896996,0.07577747210813633,7.577747210813634e-06,7.577747210813632e-06,-0.08238572575790268,0.0,0.4671088072978917,4.260643612634037,4.612926647205892,0.4671088072978917
103.0,0.0,0.0,-0.45797501297131527,2.2215220861359333,-1.216851244191748,-91.59500259426305,1.0,0.0,-1.5614653180947267,0.03,0.0,False,0.003683679652313551,0.4579750129713153,0.18418537831533813,0.07577747210789067,7.577747210789067e-06,7.577747210789068e-06,-0.09159777890832656,0.0,-0.8034389058725449,3.438373330327681,3.78298740423066,0.8034389058725449
104.0,0.0,0.0,-0.372753042837112,1.5091239482447905,-1.0229022530528855,-74.5506085674224,1.0,0.0,-1.554962658648532,0.44,0.0,False,0.0035723754006933826,0.3727530428371121,0.17862012356255555,0.07577747210769896,7.577747210769899e-06,7.577747210769897e-06,-0.0745528682529636,0.0,-0.7123981378911428,2.532026201297676,3.0640866068933224,0.7123981378911428
105.0,0.0,0.0,-0.29724313770966276,1.3935065424780957,-0.955158943727859,-59.44862754193255,1.0,0.0,-1.5061495736517199,0.37,0.0,False,0.0037530400827483273,0.2972431377096627,0.1876534261168673,0.07577747210754936,7.577747210754937e-06,7.577747210754936e-06,-0.05945042947496411,0.0,-0.11561740576669477,2.3486654862059546,2.8996561161298153,0.11561740576669477
106.0,0.0,0.0,-0.28000576359681983,1.834461141442117,-0.9857169938742726,-56.001152719363965,1.0,0.0,-1.4634200505197217,0.51,0.0,False,0.0037780123859149305,0.2800057635968198,0.18890205073688754,0.07577747210743258,7.577747210743258e-06,7.577747210743259e-06,-0.05600285015681648,0.0,0.44095459896402134,2.8201781353163895,3.2978811919618387,0.44095459896402134
107.0,0.0,0.0,-0.32170436170518935,0.9835778008997559,-1.007164520141957,-64.34087234103787,1.0,0.0,-1.4066571841348072,0.12,0.0,False,0.0037876912467615727,0.32170436170518923,0.1893859974464177,0.07577747210734144,7.577747210734148e-06,7.577747210734146e-06,-0.06434282256172326,0.0,-0.8508833405423611,1.9907423210417128,2.390234985034563,0.8508833405423611
108.0,0.0,0.0,-0.23366105903859777,1.1021450044632397,-1.0189637098536664,-46.73221180771955,1.0,0.0,-1.3827043653262558,0.27,0.0,False,0.0037540508953966393,0.23366105903859777,0.18770396713226703,0.07577747210727036,7.577747210727035e-06,7.577747210727035e-06,-0.04673362829653647,0.0,0.11856720356348383,2.121108714316906,2.4848493697894956,0.11856720356348383
109.0,0.0,0.0,-0.2449426757961549,0.8337185291499416,-1.1240177537189548,-48.98853515923098,1.0,0.0,-1.3531213207081416,0.0,0.0,False,0.003848584932340052,0.2449426757961549,0.19243070479718946,0.07577747210721485,7.577747210721488e-06,7.577747210721485e-06,-0.04899002003892158,0.0,-0.2684264753132981,1.9577362828688964,2.1868398498580834,0.2684264753132981
110.0,0.0,0.0,-0.21672894652889169,0.9753338104166163,-1.0560692160985494,-43.34578930577834,1.0,0.0,-1.3473745591822246,0.04,0.0,False,0.004076185347045156,0.21672894652889169,0.203810811767365,0.07577747210717153,7.5777472107171526e-06,7.5777472107171526e-06,-0.04334710314955836,0.0,0.14161528126667466,2.0314030265151657,2.322708369598841,0.14161528126667466
111.0,0.0,0.0,-0.2296565602459958,-0.016175748902126585,-1.0664485639247623,-45.93131204919916,1.0,0.0,-1.3336530519974756,0.02,0.0,False,0.004145445624214184,0.2296565602459958,0.20727385186765995,0.0757774721071377,7.5777472107137695e-06,7.577747210713772e-06,-0.04593270426213634,0.0,-0.9915095593187429,1.0502728150226357,1.317477303095349,0.9915095593187429
112.0,0.0,0.0,-0.12853513308398395,-0.33895755954422313,-1.0056896484975582,-25.707026616796792,1.0,0.0,-1.3213188060112808,0.1,0.0,False,0.004106920082943079,0.12853513308398398,0.20534756020726405,0.07577747210711135,7.577747210711135e-06,7.5777472107111335e-06,-0.025707805816289155,0.0,-0.32278181064209654,0.666732088953335,0.9823612464670577,0.32278181064209654
113.0,0.0,0.0,-0.09482935873728954,-0.5848221463818032,-1.0830888893651198,-18.965871747457907,1.0,0.0,-1.3015757800792749,0.12,0.0,False,0.004053581176024242,0.09482935873728954,0.20268059465188457,0.07577747210709075,7.577747210709075e-06,7.577747210709075e-06,-0.0189664466174286,0.0,-0.24586458683758006,0.49826674298331664,0.7167536336974717,0.24586458683758006
114.0,0.0,0.0,-0.07118766436631585,-0.8755182274048865,-1.0824163231293895,-14.23753287326317,1.0,0.0,-1.2872870765625506,0.02,0.0,False,0.003830999381263773,0.07118766436631585,0.19155142058043242,0.07577747210707467,7.577747210707468e-06,7.5777472107074684e-06,-0.014237964423693046,0.0,-0.2906960810230833,0.20689809572450302,0.4117688491576641,0.2906960810230833
115.0,0.0,0.0,-0.04437292039700308,-0.31540169147106367,-1.2061356729878054,-8.874584079400616,1.0,0.0,-1.2967257621512152,-0.13,0.0,False,0.003796160592472043,0.04437292039700308,0.1898094679408692,0.07577747210706212,7.5777472107062165e-06,7.577747210706214e-06,-0.008874853074781246,0.0,0.5601165359338228,0.8907339815167418,0.9813240706801515,0.5601165359338228
116.0,0.0,0.0,-0.1024060432289428,-0.8787249444849641,-1.2665801024680952,-20.48120864578856,1.0,0.0,-1.3192642437136053,-0.16,0.0,False,0.00396704237260605,0.1024060432289428,0.1983536216925162,0.07577747210705234,7.577747210705233e-06,7.577747210705234e-06,-0.020481829446771016,0.0,-0.5633232530139004,0.3878551579831311,0.4405392992286412,0.5633232530139004
117.0,0.0,0.0,-0.0438426870107437,-1.1846144803762575,-1.0855089966728741,-8.768537402148741,1.0,0.0,-1.3395009241159124,0.09,0.0,False,0.0038387074963554405,0.0438426870107437,0.19193682925552316,0.07577747210704468,7.57774721070447e-06,7.577747210704469e-06,-0.008768803183174077,0.0,-0.3058895358912934,-0.09910548370338335,0.15488644373965488,0.3058895358912934
118.0,0.0,0.0,-0.011622528011410171,-0.8670759131552795,-1.0808724495388957,-2.3245056022820343,1.0,0.0,-1.317168426032361,0.07,0.0,False,0.003855648508188557,0.011622528011410171,0.19278388626591425,0.07577747210703875,7.577747210703874e-06,7.5777472107038745e-06,-0.0023245760598114987,0.0,0.31753856722097795,0.21379653638361618,0.4500925128770815,0.31753856722097795
119.0,0.0,0.0,-0.041833381665982064,-0.46044609511748835,-1.1207784021509137,-8.366676333196413,1.0,0.0,-1.30084416411932,0.14,0.0,False,0.0036063236725930804,0.041833381665982064,0.18031755002011154,0.0757774721070341,7.577747210703411e-06,7.5777472107034094e-06,-0.008366929933507673,0.0,0.4066298180377912,0.6603323070334254,0.8403980690018317,0.4066298180377912
120.0,0.0,0.0,-0.08036772890822147,0.3442886462557013,-1.0640281897429242,-16.073545781644295,1.0,0.0,-1.2854255799546614,0.12,0.0,False,0.0035265099099774837,0.08036772890822147,0.17632683164890586,0.07577747210703047,7.577747210703047e-06,7.577747210703047e-06,-0.01607403298301924,0.0,0.8047347413731897,1.4083168359986256,1.6297142262103628,0.8047347413731897
121.0,0.0,0.0,-0.16028580639048967,1.3155845587970008,-1.1623982749407666,-32.05716127809794,1.0,0.0,-1.2641538345163805,-0.02,0.0,False,0.003755492758762193,0.16028580639048967,0.18777606084684845,0.07577747210702765,7.577747210702763e-06,7.577747210702764e-06,-0.032058132954992616,0.0,0.9712959125412994,2.4779828337377676,2.5797383933133813,0.9712959125412994
122.0,0.0,0.0,-0.25474418400118326,1.6848672668532196,-1.0676905883271341,-50.948836800236656,1.0,0.0,-1.2586301479153084,0.05,0.0,False,0.0038036134479848267,0.25474418400118326,0.1901821135403011,0.07577747210702544,7.577747210702544e-06,7.577747210702543e-06,-0.05095038109815811,0.0,0.3692827080562189,2.7525578551803536,2.9434974147685278,0.3692827080562189
123.0,0.0,0.0,-0.29150700491469694,0.9159230636347414,-1.1604986406938897,-58.30140098293939,1.0,0.0,-1.2319538005663173,-0.07,0.0,False,0.00382787680654525,0.29150700491469694,0.19139529066140212,0.0757774721070237,7.577747210702369e-06,7.577747210702371e-06,-0.05830316814266296,0.0,-0.7689442032184782,2.0764217043286313,2.147876864201059,0.7689442032184782
124.0,0.0,0.0,-0.21570859924661362,-0.08874909521301677,-1.1867250653040202,-43.141719849322726,1.0,0.0,-1.2303132306134166,0.01,0.0,False,0.003906093140151284,0.21570859924661362,0.19530613697688406,0.07577747210702236,7.577747210702234e-06,7.577747210702236e-06,-0.04314302750760259,0.0,-1.0046721588477583,1.0979759700910035,1.1415641354003998,1.0046721588477583
125.0,0.0,0.0,-0.1149378026035704,-0.12407866479116952,-1.233101723574316,-22.98756052071408,1.0,0.0,-1.241244658093206,-0.13,0.0,False,0.00394641749881446,0.1149378026035704,0.19732237018843266,0.07577747210702132,7.577747210702129e-06,7.577747210702131e-06,-0.022988257291124577,0.0,-0.03532956957815275,1.1090230587831464,1.1171659933020364,0.03532956957815275
126.0,0.0,0.0,-0.11137702190426153,-0.5483392504989283,-1.1658973232814311,-22.275404380852308,1.0,0.0,-1.238170669729374,-0.01,0.0,False,0.0042005291867695015,0.11137702190426153,0.21002805086589146,0.07577747210702046,7.577747210702047e-06,7.577747210702049e-06,-0.022276079565269568,0.0,-0.42426058570775876,0.6175580727825029,0.6898314192304457,0.42426058570775876
127.0,0.0,0.0,-0.06798296707937945,-0.4315045895436117,-1.0366954919668376,-13.59659341587589,1.0,0.0,-1.2378910831796375,0.15,0.0,False,0.004123033144144073,0.06798296707937945,0.20615321937234904,0.07577747210701986,7.577747210701988e-06,7.577747210701986e-06,-0.013597005538944242,0.0,0.11683466095531658,0.6051909024232259,0.8063864936360258,0.11683466095531658
128.0,0.0,0.0,-0.08103425794560593,-0.4445302422254263,-0.993349218823984,-16.206851589121186,1.0,0.0,-1.22819467917968,-0.11,0.0,False,0.00411713701003928,0.08103425794560593,0.2058584104331387,0.07577747210701936,7.577747210701936e-06,7.5777472107019365e-06,-0.016207342831096358,0.0,-0.013025652681814603,0.5488189765985576,0.7836644369542538,0.013025652681814603
129.0,0.0,0.0,-0.07610082990059606,-1.0799162774846673,-1.0368575757493084,-15.220165980119214,1.0,0.0,-1.2418778718557761,0.15,0.0,False,0.004125185005466826,0.07610082990059608,0.20626081325379966,0.07577747210701898,7.577747210701896e-06,7.577747210701897e-06,-0.015220627314904528,0.0,-0.6353860352592411,-0.04305870173535897,0.1619615943711088,0.6353860352592411
130.0,0.0,0.0,-0.014016368960088142,-1.162312080292174,-1.1523441471512987,-2.8032737920176283,1.0,0.0,-1.2055673748739617,0.12,0.0,False,0.003907861824296867,0.014016368960088142,0.19539457185429532,0.07577747210701867,7.577747210701865e-06,7.577747210701866e-06,-0.0028033587613743825,0.0,-0.08239580280750669,-0.009967933140875296,0.04325529458178767,0.08239580280750669
131.0,0.0,0.0,-0.008009476085589077,-1.2285182682730864,-1.1279254984776694,-1.6018952171178156,1.0,0.0,-1.2200852777105882,-0.09,0.0,False,0.003901522650779835,0.00802952650412628,0.19507761077661095,0.07577747210701846,7.577747210701843e-06,7.577747210701844e-06,-0.0016019437717779326,0.0,-0.06620618798091238,-0.10059276979541698,-0.008432990562498244,0.06620618798091238
132.0,0.0,0.0,-0.001308745673873695,-1.8841328840321334,-1.1008135088702031,-0.261749134774739,1.0,0.0,-1.242409875837318,-0.05,0.0,False,0.003989466954152674,0.0033250168570078164,0.1994748592662379,0.07577747210701824,7.5777472107018255e-06,7.5777472107018255e-06,-0.00026175706858972206,0.0,-0.655614615759047,-0.7833193751619303,-0.6417230081948153,0.655614615759047
133.0,0.0,0.0,0.06401404497566245,-1.8210173509430363,-1.133829847942694,12.802808995132489,1.0,0.0,-1.2416062208790173,0.07,0.0,False,0.003931599561484938,0.06401404497566243,0.19658146770762744,0.07577747210701812,7.577747210701811e-06,7.57774721070181e-06,0.012803197057992443,0.0,0.06311553308909712,-0.6871875030003423,-0.579411130064019,0.06311553308909712
134.0,0.0,0.0,0.05642796529428844,-1.4828180772115498,-1.1443966988122483,11.285593058857687,1.0,0.0,-1.2439681801629716,-0.07,0.0,False,0.00392630580584134,0.05642796529428844,0.19631677791971044,0.07577747210701802,7.577747210701799e-06,7.577747210701799e-06,0.011285935133750811,0.0,0.3381992737314865,-0.33842137839930153,-0.23884989704857817,0.3381992737314865
135.0,0.0,0.0,0.023976959162467303,-1.5022722125295704,-1.1351031692814797,4.79539183249346,1.0,0.0,-1.2567163181573218,0.08,0.0,False,0.0038222544612552664,0.023976959162467303,0.1911141712666674,0.0757774721070179,7.577747210701789e-06,7.577747210701791e-06,0.004795537184460347,0.0,-0.01945413531802065,-0.36716904324809074,-0.24555589437224867,0.01945413531802065
136.0,0.0,0.0,0.0268040601564086,-1.784250377924339,-1.034269059505167,5.36081203128172,1.0,0.0,-1.2430394010201062,0.03,0.0,False,0.0039022327220686968,0.0268040601564086,0.1951131146100911,0.07577747210701782,7.577747210701785e-06,7.577747210701784e-06,0.0053609745215640724,0.0,-0.2819781653947686,-0.7499813184191721,-0.5412109769042328,0.2819781653947686
137.0,0.0,0.0,0.054893497369769034,-2.1641994792160495,-1.1104937792821938,10.978699473953807,1.0,0.0,-1.2342214552458806,-0.03,0.0,False,0.003822705138575081,0.054893497369769034,0.19113670530341412,0.07577747210701778,7.577747210701776e-06,7.577747210701779e-06,0.010979032246669393,0.0,-0.37994910129171044,-1.0537056999338557,-0.9299780239701689,0.37994910129171044
138.0,0.0,0.0,0.09358850625954984,-1.1970611729996228,-1.1256487261991956,18.71770125190997,1.0,0.0,-1.2352946057743202,0.0,0.0,False,0.003922741658514898,0.09358850625954984,0.19613856920297795,0.07577747210701771,7.577747210701773e-06,7.577747210701773e-06,0.018718268599644542,0.0,0.9671383062164267,-0.07141244680042713,0.03823343277469737,0.9671383062164267
139.0,0.0,0.0,-0.001648757057370522,-1.3973366447153865,-1.1198568473911468,-0.3297514114741044,1.0,0.0,-1.2282789571184387,0.15,0.0,False,0.003967531239232969,0.0033390356078238192,0.19837806520908755,0.07577747210701768,7.577747210701771e-06,7.577747210701769e-06,-0.0003297614064897185,0.0,-0.20027547171576376,-0.2774797973242398,-0.16905768759694784,0.20027547171576376
140.0,0.0,0.0,0.01918842261248234,-1.123928148969177,-1.063925310410718,3.8376845224964677,1.0,0.0,-1.2135493682665375,0.03,0.0,False,0.00412662692321362,0.01918842261248234,0.20633290968746384,0.07577747210701767,7.577747210701768e-06,7.577747210701767e-06,0.0038378008456277407,0.0,0.2734084957462095,-0.060002838558459004,0.08962121929736044,0.2734084957462095
141.0,0.0,0.0,-0.005201263520385915,-2.0605554159316997,-0.9650242403696669,-1.040252704077183,1.0,0.0,-1.205445148339767,0.2,0.0,False,0.004025228014121763,0.005597266892447035,0.201262925814106,0.07577747210701766,7.577747210701764e-06,7.5777472107017645e-06,-0.0010402842349263562,0.0,-0.9366272669625226,-1.0955311755620327,-0.8551102675919326,0.9366272669625226
142.0,0.0,0.0,0.09100476712185362,-1.9664765944261597,-0.898135724872459,18.200953424370724,1.0,0.0,-1.1759427548660428,0.18,0.0,False,0.003982628792329931,0.09100476712185362,0.19913294858420766,0.07577747210701764,7.577747210701764e-06,7.577747210701764e-06,0.018201505109086354,0.0,0.09407882150553992,-1.0683408695537007,-0.7905338395601169,0.09407882150553992
143.0,0.0,0.0,0.08550615851974099,-2.65565496343885,-0.8475197938751673,17.101231703948198,1.0,0.0,-1.1504732641571533,0.31,0.0,False,0.004010938365972448,0.08550615851974097,0.20054843799247318,0.07577747210701764,7.577747210701764e-06,7.577747210701764e-06,0.017101750055263622,0.0,-0.6891783690126905,-1.808135169563683,-1.5051816992816969,0.6891783690126905
144.0,0.0,0.0,0.15728977477860176,-2.6379494434299833,-0.6760840447935343,31.457954955720353,1.0,0.0,-1.1113826120260397,0.21,0.0,False,0.004108428673956751,0.15728977477860176,0.20542299032953376,0.07577747210701764,7.577747210701764e-06,7.577747210701764e-06,0.03145890847021651,0.0,0.017705520008866937,-1.961865398636449,-1.5265668314039436,0.017705520008866937
145.0,0.0,0.0,0.1581423006841941,-2.939560681268188,-0.6902421409664323,31.62846013683882,1.0,0.0,-1.082697620545229,0.14,0.0,False,0.004136106230490128,0.15814230068419413,0.20680687864287894,0.07577747210701764,7.577747210701764e-06,7.577747210701764e-06,0.03162941881947646,0.0,-0.30161123783820454,-2.2493185403017555,-1.8568630607229588,0.30161123783820454
146.0,0.0,0.0,0.1917661411147588,-2.9413535092444802,-0.7288472903937004,38.353228222951756,1.0,0.0,-1.0564665184691486,0.24,0.0,False,0.004067568100385099,0.1917661411147588,0.2033799461693963,0.07577747210701764,7.577747210701764e-06,7.577747210701764e-06,0.03835439073841522,0.0,-0.0017928279762924326,-2.2125062188507796,-1.8848869907753316,0.0017928279762924326
147.0,0.0,0.0,0.1916873800900014,-2.851498651778751,-0.7384037724087672,38.33747601800028,1.0,0.0,-1.0218266123535553,0.02,0.0,False,0.004017334402042539,0.1916873800900014,0.20086824221935487,0.07577747210701764,7.577747210701764e-06,7.577747210701764e-06,0.03833863805600246,0.0,0.08985485746572941,-2.1130948793699837,-1.8296720394251955,0.08985485746572941
148.0,0.0,0.0,0.18167099340571416,-2.33506738037856,-0.7763931280774257,36.33419868114283,1.0,0.0,-1.0244070804189778,-0.05,0.0,False,0.003972967677134077,0.18167099340571416,0.1986498891639405,0.07577747210701764,7.577747210701764e-06,7.577747210701764e-06,0.036335299998288134,0.0,0.5164312714001906,-1.5586742523011345,-1.3106602999595824,0.5164312714001906
149.0,0.0,0.0,0.13400003408774724,-1.8289789637161877,-0.5621306828277743,26.80000681754945,1.0,0.0,-1.0347198848784336,0.29,0.0,False,0.0039838078583715976,0.13400003408774722,0.1991919023330242,0.07577747210701764,7.577747210701764e-06,7.577747210701764e-06,0.026800819146101437,0.0,0.5060884166623725,-1.2668482808884134,-0.7942590788377542,0.5060884166623725
150.0,0.0,0.0,0.08498358439601049,-1.66103499681943,-0.5879109371516026,16.996716879202097,1.0,0.0,-0.995016268581862,0.13,0.0,False,0.003991347536952522,0.08498358439601049,0.1995688891187593,0.07577747210701764,7.577747210701764e-06,7.577747210701764e-06,0.01699723206259384,0.0,0.16794396689675772,-1.0731240596678275,-0.666018728237568,0.16794396689675772
151.0,0.0,0.0,0.06724156880042498,-1.2909912108534172,-0.7986059396546208,13.448313760084995,1.0,0.0,-0.9791109205501032,-0.12,0.0,False,0.003984365772674452,0.06724156880042496,0.19921979825955363,0.07577747210701764,7.577747210701764e-06,7.577747210701764e-06,0.013448721388684413,0.0,0.37004378596601284,-0.4923852711987964,-0.311880290303314,0.37004378596601284
152.0,0.0,0.0,0.032193384257902656,-2.0170680561974095,-0.8920799323508061,6.438676851580531,1.0,0.0,-0.98859383183466,-0.01,0.0,False,0.003902929195283472,0.03219338425790265,0.19514793853471474,0.07577747210701764,7.577747210701764e-06,7.577747210701764e-06,0.0064388720127638525,0.0,-0.7260768453439923,-1.1249881238466033,-1.0284742243627494,0.7260768453439923
153.0,0.0,0.0,0.10291140550424359,-2.2420488875393656,-1.1045710063094358,20.582281100848718,1.0,0.0,-0.9690451706080029,0.11,0.0,False,0.0037867469818392116,0.10291140550424359,0.1893387838425295,0.07577747210701764,7.577747210701764e-06,7.577747210701764e-06,0.02058290496541402,0.0,-0.22498083134195612,-1.1374778812299298,-1.2730037169313628,0.22498083134195612
154.0,0.0,0.0,0.12179350261179592,-2.152117806520221,-1.1664329238031776,24.358700522359182,1.0,0.0,-0.9879150093241742,0.14,0.0,False,0.003992205603751485,0.12179350261179589,0.19961179278381813,0.07577747210701764,7.577747210701764e-06,7.577747210701764e-06,0.024359438853064033,0.0,0.08993108101914471,-0.9856848827170432,-1.1642027971960467,0.08993108101914471
155.0,0.0,0.0,0.11395265382520252,-1.9324068062843183,-0.922776608599515,22.790530765040504,1.0,0.0,-1.024067715402673,0.15,0.0,False,0.003886417024224546,0.11395265382520252,0.19432232372551556,0.07577747210701764,7.577747210701764e-06,7.577747210701764e-06,0.02279122156332953,0.0,0.21971100023590262,-1.0096301976848032,-0.9083390908816453,0.21971100023590262
156.0,0.0,0.0,0.09388282429765576,-1.7808351821100366,-0.7904657547090799,18.776564859531153,1.0,0.0,-1.012548093047963,0.12,0.0,False,0.0039074203892855925,0.09388282429765575,0.1953724999364774,0.07577747210701764,7.577747210701764e-06,7.577747210701764e-06,0.01877713399146636,0.0,0.15157162417428172,-0.9903694274009567,-0.7682870890620737,0.15157162417428172
157.0,0.0,0.0,0.07972992561313876,-2.4082389101443105,-0.7661795523766916,15.945985122627752,1.0,0.0,-0.9935429922922638,-0.03,0.0,False,0.004004570337129206,0.07972992561313877,0.20023003413754542,0.07577747210701764,7.577747210701764e-06,7.577747210701764e-06,0.015946468457542287,0.0,-0.6274037280342739,-1.6420593577676188,-1.4146959178520466,0.6274037280342739
158.0,0.0,0.0,0.14610919669181935,-2.6263466995106537,-0.7765021255616652,29.22183933836387,1.0,0.0,-0.9835057173175784,0.14,0.0,False,0.0040489063801173175,0.14610919669181935,0.20244685308531715,0.07577747210701764,7.577747210701764e-06,7.577747210701764e-06,0.02922272507449811,0.0,-0.21810778936634323,-1.8498445739489884,-1.6428409821930754,0.21810778936634323
159.0,0.0,0.0,0.16466525042700175,-2.8558195729470643,-0.8921872937481303,32.93305008540035,1.0,0.0,-0.9470915842982337,-0.03,0.0,False,0.0038811297054312252,0.16466525042700175,0.19405795578255125,0.07577747210701764,7.577747210701764e-06,7.577747210701764e-06,0.03293404831114972,0.0,-0.22947287343641065,-1.963632279198934,-1.9087279886488306,0.22947287343641065
160.0,0.0,0.0,0.18672418286093823,-2.676242127844642,-0.8028960032646169,37.344836572187646,1.0,0.0,-0.9796318056585317,-0.05,0.0,False,0.0039765896156932845,0.18672418286093823,0.19883098746420763,0.07577747210701764,7.577747210701764e-06,7.577747210701764e-06,0.037345968522534655,0.0,0.17957744510242213,-1.8733461245800254,-1.6966103221861104,0.17957744510242213
161.0,0.0,0.0,0.1688818504154305,-3.006607930614492,-0.7940300617268977,33.7763700830861,1.0,0.0,-0.9885069969048915,-0.05,0.0,False,0.004100515005121103,0.16888185041543052,0.20502730388936236,0.07577747210701764,7.577747210701764e-06,7.577747210701764e-06,0.0337773938705048,0.0,-0.3303658027698497,-2.2125778688875943,-2.0181009337096003,0.3303658027698497
162.0,0.0,0.0,0.20332175686152001,-3.5460315971746406,-0.896023338872659,40.664351372304004,1.0,0.0,-0.9873596364917926,0.06,0.0,False,0.003995846023799568,0.20332175686152001,0.19979381516553146,0.07577747210701764,7.577747210701764e-06,7.577747210701764e-06,0.04066558393966463,0.0,-0.5394236665601486,-2.6500082583019817,-2.558671960682848,0.5394236665601486
163.0,0.0,0.0,0.2543662362244446,-2.8306015496885983,-0.985390944984475,50.873247244888915,1.0,0.0,-0.9733133259554972,0.02,0.0,False,0.003960590316026959,0.2543662362244446,0.19803101641895898,0.07577747210701764,7.577747210701764e-06,7.577747210701764e-06,0.05087478925163357,0.0,0.7154300474860422,-1.8452106047041235,-1.857288223733101,0.7154300474860422
164.0,0.0,0.0,0.17874886554443947,-3.376200761982519,-1.0766706838967957,35.749773108887894,1.0,0.0,-1.0022728587783447,0.13,0.0,False,0.003989576522982642,0.17874886554443947,0.19948033774925053,0.07577747210701764,7.577747210701764e-06,7.577747210701764e-06,0.03575085671165043,0.0,-0.5455992122939208,-2.2995300780857235,-2.3739279032041747,0.5455992122939208
165.0,0.0,0.0,0.23038831331951917,-4.111874386846867,-1.080314524593334,46.07766266390384,1.0,0.0,-1.0430451685583408,0.01,0.0,False,0.003989405483795425,0.23038831331951917,0.1994717857250851,0.07577747210701764,7.577747210701764e-06,7.577747210701764e-06,0.04607905931283925,0.0,-0.7356736248643476,-3.0315598622535327,-3.068829218288526,0.7356736248643476
166.0,0.0,0.0,0.3026375366642889,-4.194791907850228,-1.17871776951099,60.52750733285778,1.0,0.0,-1.0722303375673978,0.01,0.0,False,0.004111858772360901,0.3026375366642889,0.20559449654936215,0.07577747210701764,7.577747210701764e-06,7.577747210701764e-06,0.06052934196755477,0.0,-0.08291752100336147,-3.0160741383392384,-3.1225615702828304,0.08291752100336147
167.0,0.0,0.0,0.3101249639237768,-4.36804533437797,-1.0942486038550807,62.02499278475536,1.0,0.0,-1.0853843546665154,0.14,0.0,False,0.003875066150436553,0.31012496392377686,0.19375477573541322,0.07577747210701764,7.577747210701764e-06,7.577747210701764e-06,0.06202687280937323,0.0,-0.1732534265277419,-3.273796730522889,-3.282660979711455,0.1732534265277419
168.0,0.0,0.0,0.3275517799355642,-4.2406171475408785,-1.079030185356298,65.51035598711285,1.0,0.0,-1.0934247661834458,0.0,0.0,False,0.003730229748291774,0.3275517799355642,0.18651290075149224,0.07577747210701764,7.577747210701764e-06,7.577747210701764e-06,0.06551234165573531,0.0,0.12742818683709167,-3.1615869621845807,-3.1471923813574327,0.12742818683709167
169.0,0.0,0.0,0.3112370329070162,-3.788932378648659,-1.2094136641659667,62.24740658140324,1.0,0.0,-1.0924034297929925,0.12,0.0,False,0.003700477692455164,0.31123703290701615,0.18502528668698393,0.07577747210701764,7.577747210701764e-06,7.577747210701764e-06,0.06224929334755213,0.0,0.4516847688922194,-2.5795187144826923,-2.6965289488556667,0.4516847688922194
170.0,0.0,0.0,0.2633219464065091,-4.3917527042312985,-1.2773964263039392,52.664389281301816,1.0,0.0,-1.1281288946928205,0.12,0.0,False,0.0035596775312746903,0.2633219464065091,0.17798522528055874,0.07577747210701764,7.577747210701764e-06,7.577747210701764e-06,0.05266598557892135,0.0,-0.6028203255826394,-3.1143562779273593,-3.263623809538478,0.6028203255826394
171.0,0.0,0.0,0.32282890563861505,-3.8806943573297725,-1.1714340061439692,64.56578112772301,1.0,0.0,-1.155613145226326,-0.05,0.0,False,0.0036379057918703526,0.32282890563861505,0.18189666795004092,0.07577747210701764,7.577747210701764e-06,7.577747210701764e-06,0.06456773816556441,0.0,0.511058346901526,-2.7092603511858036,-2.7250812121034462,0.511058346901526
172.0,0.0,0.0,0.26795323601666826,-4.228757944686865,-1.3438011926465734,53.59064720333365,1.0,0.0,-1.1633413320531893,0.11,0.0,False,0.0038374895453380793,0.26795323601666826,0.1918759312431888,0.07577747210701764,7.577747210701764e-06,7.577747210701764e-06,0.05359227157653398,0.0,-0.3480635873570921,-2.8849567520402912,-3.0654166126336753,0.3480635873570921
173.0,0.0,0.0,0.3017980911519457,-5.4618334576003695,-1.2372791674180925,60.359618230389145,1.0,0.0,-1.201060473068751,0.09,0.0,False,0.0037937711353316084,0.3017980911519457,0.18968999417851234,0.07577747210701764,7.577747210701764e-06,7.577747210701764e-06,0.060361447776239995,0.0,-1.233075512913505,-4.224554290182277,-4.260772984531618,1.233075512913505
174.0,0.0,0.0,0.4213582402098235,-5.137254886423919,-1.305665148793785,84.2716480419647,1.0,0.0,-1.2106626856852392,0.02,0.0,False,0.003969171808718107,0.42135824020982354,0.19846009430493539,0.07577747210701764,7.577747210701764e-06,7.577747210701764e-06,0.08427420237959206,0.0,0.32457857117645084,-3.831589737630134,-3.9265922007386793,0.32457857117645084
175.0,0.0,0.0,0.3877171580521626,-4.905395288507629,-1.1798459678482052,77.54343161043252,1.0,0.0,-1.2480914081906658,0.05,0.0,False,0.0038806969764966603,0.3877171580521626,0.19403631917186756,0.07577747210701764,7.577747210701764e-06,7.577747210701764e-06,0.07754578201071208,0.0,0.23185959791628985,-3.7255493206594235,-3.657303880316963,0.23185959791628985
176.0,0.0,0.0,0.3620897163300777,-4.586584875584566,-1.2841497485879239,72.41794326601554,1.0,0.0,-1.2599364047716484,0.02,0.0,False,0.004115736192658958,0.36208971633007764,0.20578836903337056,0.07577747210701764,7.577747210701764e-06,7.577747210701764e-06,0.07242013830885234,0.0,0.3188104129230629,-3.302435126996642,-3.3266484708129176,0.3188104129230629
177.0,0.0,0.0,0.32684582981914573,-4.226223037796384,-1.276869660484944,65.36916596382915,1.0,0.0,-1.2843609339899587,-0.04,0.0,False,0.004025528197871699,0.32684582981914573,0.20127793511533867,0.07577747210701764,7.577747210701764e-06,7.577747210701764e-06,0.06537114735287482,0.0,0.3603618377881821,-2.9493533773114398,-2.941862103806425,0.3603618377881821
178.0,0.0,0.0,0.29238893485028267,-3.560854419076967,-1.0713052128416256,58.477786970056535,1.0,0.0,-1.3180027396393499,0.18,0.0,False,0.003751818422202111,0.2923889348502826,0.18759234262668473,0.07577747210701764,7.577747210701764e-06,7.577747210701764e-06,0.05847955947617328,0.0,0.665368618719417,-2.489549206235341,-2.242851679437617,0.665368618719417
179.0,0.0,0.0,0.22415240250565613,-3.14736334434732,-1.1591307731564728,44.83048050113123,1.0,0.0,-1.3022229068217845,0.02,0.0,False,0.0038547240514737796,0.22415240250565613,0.1927376630799104,0.07577747210701764,7.577747210701764e-06,7.577747210701764e-06,0.04483183934702848,0.0,0.41349107472964697,-1.988232571190847,-1.8451404375255354,0.41349107472964697
180.0,0.0,0.0,0.17921212766825184,-3.078535784349027,-1.3470440873958494,35.84242553365037,1.0,0.0,-1.319245465508265,0.13,0.0,False,0.003638452105306965,0.17921212766825184,0.18192398382886288,0.07577747210701764,7.577747210701764e-06,7.577747210701764e-06,0.035843511944778236,0.0,0.06882755999829282,-1.7314916969531777,-1.759290318840762,0.06882755999829282
181.0,0.0,0.0,0.16736884305742197,-2.7297547337790533,-1.4707498016521026,33.473768611484395,1.0,0.0,-1.3551741664547752,0.19,0.0,False,0.003614615420320323,0.16736884305742197,0.1807321405481121,0.07577747210701764,7.577747210701764e-06,7.577747210701764e-06,0.03347478322682278,0.0,0.34878105056997377,-1.2590049321269507,-1.3745805673242781,0.34878105056997377
182.0,0.0,0.0,0.1305378099925966,-2.5184587329454082,-1.4639364960966401,26.10756199851932,1.0,0.0,-1.4047839398356272,0.06,0.0,False,0.003794395320112419,0.1305378099925966,0.18972120365404863,0.07577747210701764,7.577747210701764e-06,7.577747210701764e-06,0.02610835333854317,0.0,0.21129600083364508,-1.0545222368487681,-1.113674793109781,0.21129600083364508
183.0,0.0,0.0,0.10834668216308879,-2.533494036015591,-1.3778722878838208,21.669336432617758,1.0,0.0,-1.4243271747268105,-0.03,0.0,False,0.0037795327375585506,0.10834668216308879,0.1889780688951105,0.07577747210701764,7.577747210701764e-06,7.577747210701764e-06,0.021669993246655406,0.0,-0.01503530307018286,-1.1556217481317703,-1.1091668612887806,0.01503530307018286
184.0,0.0,0.0,0.1076785588813522,-2.3372164516768095,-1.4891032345015172,21.53571177627044,1.0,0.0,-1.4349508601260939,-0.05,0.0,False,0.0037921541874015225,0.1076785588813522,0.18960914616936692,0.07577747210701764,7.577747210701764e-06,7.577747210701764e-06,0.021536364540043314,0.0,0.19627758433878162,-0.8481132171752923,-0.9022655915507156,0.19627758433878162
185.0,0.0,0.0,0.08876612485487828,-2.6619106771097707,-1.3515570403228914,17.753224970975655,1.0,0.0,-1.4566676491571093,0.0,0.0,False,0.0038822361861678358,0.0887661248548783,0.19411328023861335,0.07577747210701764,7.577747210701764e-06,7.577747210701764e-06,0.01775376308470197,0.0,-0.3246942254329612,-1.3103536367868793,-1.2052430279526614,0.3246942254329612
186.0,0.0,0.0,0.1213450757029409,-2.6831465008804933,-1.2562059266063752,24.26901514058818,1.0,0.0,-1.4495215707652762,0.09,0.0,False,0.003943162912284126,0.1213450757029409,0.19715963962879426,0.07577747210701764,7.577747210701764e-06,7.577747210701764e-06,0.024269750752861027,0.0,-0.02123582377072264,-1.4269405742741181,-1.2336249301152171,0.02123582377072264
187.0,0.0,0.0,0.12477829378240682,-2.149631091426646,-1.1495367842709625,24.955658756481363,1.0,0.0,-1.4484139439649157,0.09,0.0,False,0.003985594752970193,0.12477829378240682,0.19928124773998576,0.07577747210701764,7.577747210701764e-06,7.577747210701764e-06,0.024956415181443474,0.0,0.5335154094538472,-1.0000943071556836,-0.7012171474617304,0.5335154094538472
188.0,0.0,0.0,0.0764424232959675,-2.7059766227986506,-0.9897360574392605,15.288484659193498,1.0,0.0,-1.435316286138043,0.43,0.0,False,0.004009400407494562,0.0764424232959675,0.20047153948586585,0.07577747210701764,7.577747210701764e-06,7.577747210701764e-06,0.015288948064769842,0.0,-0.5563455313720045,-1.71624056535939,-1.2706603366606075,0.5563455313720045
189.0,0.0,0.0,0.1332722221989228,-3.408920020000347,-1.0453859174982674,26.65444443978456,1.0,0.0,-1.3851778953989764,0.15,0.0,False,0.00397200374803497,0.1332722221989228,0.19860169234376457,0.07577747210701764,7.577747210701764e-06,7.577747210701764e-06,0.026655252356230372,0.0,-0.7029433972016963,-2.3635341025020793,-2.0237421246013705,0.7029433972016963
190.0,0.0,0.0,0.20691364114563796,-3.583979041460024,-1.105864822948467,41.38272822912759,1.0,0.0,-1.3732039056489225,0.23,0.0,False,0.0038985615589596876,0.20691364114563796,0.1949295550636833,0.07577747210701764,7.577747210701764e-06,7.577747210701764e-06,0.04138398257103611,0.0,-0.17505902145967722,-2.478114218511557,-2.210775135811102,0.17505902145967722
191.0,0.0,0.0,0.22454838482710948,-4.0897528980288405,-1.187967840064751,44.909676965421895,1.0,0.0,-1.3397052115806167,0.01,0.0,False,0.004097837539807638,0.22454838482710948,0.2048934296092312,0.07577747210701764,7.577747210701764e-06,7.577747210701764e-06,0.04491103821182411,0.0,-0.5057738565688163,-2.9017850579640894,-2.750047686448224,0.5057738565688163
192.0,0.0,0.0,0.27481095236678316,-3.972061590844844,-1.1515003489875042,54.962190473356635,1.0,0.0,-1.3384101146440919,-0.01,0.0,False,0.004169468887147046,0.27481095236678316,0.20847502411641383,0.07577747210701764,7.577747210701764e-06,7.577747210701764e-06,0.05496385641907468,0.0,0.11769130718399667,-2.8205612418573396,-2.633651476200752,0.11769130718399667
193.0,0.0,0.0,0.26646576778151065,-3.7861956077338816,-0.9524749458524913,53.29315355630213,1.0,0.0,-1.3415392519646228,0.21,0.0,False,0.004205887681041534,0.26646576778151065,0.2102959776097589,0.07577747210701764,7.577747210701764e-06,7.577747210701764e-06,0.05329476891224417,0.0,0.18586598311096214,-2.83372066188139,-2.4446563557692587,0.18586598311096214
194.0,0.0,0.0,0.24912612632660008,-3.714641281605387,-1.0490758924512587,49.825225265320015,1.0,0.0,-1.3073029525183122,0.07,0.0,False,0.004280938225904314,0.24912612632660008,0.21404853328860074,0.07577747210701764,7.577747210701764e-06,7.577747210701764e-06,0.049826735505722856,0.0,0.07155432612849477,-2.6655653891541284,-2.4073383290870747,0.07155432612849477
195.0,0.0,0.0,0.23953826167607717,-3.8634001516108,-1.1812663062434154,47.90765233521543,1.0,0.0,-1.294839953727439,-0.17,0.0,False,0.004182084054891686,0.23953826167607717,0.2091057872833734,0.07577747210701764,7.577747210701764e-06,7.577747210701764e-06,0.047909104452527024,0.0,-0.148758870005413,-2.6821338453673844,-2.568560197883361,0.148758870005413
196.0,0.0,0.0,0.2520330545740122,-3.425625256764663,-1.3073049949129534,50.40661091480244,1.0,0.0,-1.3191679068249045,0.12,0.0,False,0.004056861981037933,0.2520330545740122,0.20284463614562467,0.07577747210701764,7.577747210701764e-06,7.577747210701764e-06,0.050408138777445675,0.0,0.43777489484613685,-2.11832026185171,-2.1064573499397587,0.43777489484613685
197.0,0.0,0.0,0.20639493148818755,-3.2360884146396827,-1.4123338340267135,41.27898629763751,1.0,0.0,-1.3429741137318651,0.03,0.0,False,0.004176528474784195,0.20639493148818755,0.20882800617305974,0.07577747210701764,7.577747210701764e-06,7.577747210701764e-06,0.041280237495049325,0.0,0.18953684212498034,-1.8237545806129691,-1.8931143009078175,0.18953684212498034
198.0,0.0,0.0,0.18583036596452035,-2.899884031121769,-1.378495188844093,37.16607319290407,1.0,0.0,-1.36159774145197,-0.15,0.0,False,0.004299874534526666,0.18583036596452035,0.21499535589444638,0.07577747210701764,7.577747210701764e-06,7.577747210701764e-06,0.037167199724797345,0.0,0.3362043835179138,-1.5213888422776758,-1.5382862896697989,0.3362043835179138
199.0,0.0,0.0,0.1515471313675258,-2.5944441442354305,-1.3941551331475117,30.309426273505157,1.0,0.0,-1.377714346217613,0.01,0.0,False,0.0042134383877681075,0.1515471313675258,0.2106735158069549,0.07577747210701764,7.577747210701764e-06,7.577747210701764e-06,0.030310344975225046,0.0,0.3054398868863384,-1.2002890110879187,-1.2167297980178176,0.3054398868863384
200.0,0.0,0.0,0.12072003521157207,-2.7094043841453295,-1.3310574747299546,24.144007042314414,1.0,0.0,-1.3843552981539122,-0.04,0.0,False,0.00400468827637232,0.12072003521157207,0.2002359311443868,0.07577747210701764,7.577747210701764e-06,7.577747210701764e-06,0.024144738865496902,0.0,-0.11496023990989901,-1.3783469094153749,-1.3250490859914172,0.11496023990989901
201.0,0.0,0.0,0.13107013208174598,-2.535502299420158,-1.3221825960508753,26.214026416349196,1.0,0.0,-1.387198052824206,-0.03,0.0,False,0.00395824031125076,0.13107013208174598,0.1979135152897619,0.07577747210701764,7.577747210701764e-06,7.577747210701764e-06,0.026214820983390376,0.0,0.17390208472517132,-1.2133197033692829,-1.148304246595952,0.17390208472517132
202.0,0.0,0.0,0.10885121873703252,-3.114554744148302,-1.413139535744457,21.770243747406504,1.0,0.0,-1.3986534025114816,-0.07,0.0,False,0.004002341718981765,0.10885121873703252,0.20011860238577808,0.07577747210701764,7.577747210701764e-06,7.577747210701764e-06,0.021770903620021466,0.0,-0.579052444728144,-1.7014152084038452,-1.7159013416368205,0.579052444728144
203.0,0.0,0.0,0.16687108945210344,-2.8253328324951705,-1.3986367352114506,33.37421789042069,1.0,0.0,-1.446948869698876,-0.03,0.0,False,0.004001896760100135,0.16687108945210344,0.20009635427310732,0.07577747210701764,7.577747210701764e-06,7.577747210701764e-06,0.033375229488301135,0.0,0.2892219116531316,-1.42669609728372,-1.3783839627962946,0.2892219116531316
204.0,0.0,0.0,0.1349742241135731,-3.1690925637302825,-1.4928043098860322,26.99484482271462,1.0,0.0,-1.4457806242806372,0.06,0.0,False,0.004166952485909135,0.1349742241135731,0.20834920310108562,0.07577747210701764,7.577747210701764e-06,7.577747210701764e-06,0.026995663056954458,0.0,-0.34375973123511194,-1.6762882538442503,-1.7233119394496452,0.34375973123511194
205.0,0.0,0.0,0.16488570965139993,-3.343036874450022,-1.6850969213352907,32.977141930279984,1.0,0.0,-1.4755394513319262,0.28,0.0,False,0.004009738236087876,0.16488570965139993,0.20048843104353048,0.07577747210701764,7.577747210701764e-06,7.577747210701764e-06,0.03297814149248664,0.0,-0.17394431071973937,-1.6579399531147312,-1.8674974231180956,0.17394431071973937
206.0,0.0,0.0,0.17943517033109851,-2.537914030164937,-1.7603050599678782,35.887034066219705,1.0,0.0,-1.520172994104965,0.17,0.0,False,0.0037867451695032077,0.17943517033109851,0.1893386932250427,0.07577747210701764,7.577747210701764e-06,7.577747210701764e-06,0.03588812182946606,0.0,0.8051228442850848,-0.7776089701970588,-1.017741036059972,0.8051228442850848
207.0,0.0,0.0,0.09370036155547803,-2.5436295647284206,-1.744115413039857,18.740072311095606,1.0,0.0,-1.5486171854209645,0.23,0.0,False,0.003586057842580512,0.09370036155547803,0.1793042508410163,0.07577747210701764,7.577747210701764e-06,7.577747210701764e-06,0.01874064033691397,0.0,-0.005715534563483615,-0.7995141516885635,-0.9950123793074561,0.005715534563483615
208.0,0.0,0.0,0.09156571219596783,-2.597254480611282,-1.7098147962717851,18.313142439193566,1.0,0.0,-1.6008749127274866,0.12,0.0,False,0.0036380563788232915,0.09156571219596783,0.18190419735474342,0.07577747210701764,7.577747210701764e-06,7.577747210701764e-06,0.018313697524443402,0.0,-0.053624915882861224,-0.8874396843394967,-0.9963795678837952,0.053624915882861224
209.0,0.0,0.0,0.09588750967398797,-2.574467067050224,-1.7070813442657684,19.177501934797593,1.0,0.0,-1.627937749677734,0.03,0.0,False,0.0036005591416193696,0.09588750967398797,0.18002932128731808,0.07577747210701764,7.577747210701764e-06,7.577747210701764e-06,0.019178083219439927,0.0,0.022787413561057956,-0.8673857227844555,-0.9465293173724898,0.022787413561057956
210.0,0.0,0.0,0.09054041746760592,-2.8684736818288323,-1.743217247145682,18.108083493521185,1.0,0.0,-1.6383430533059544,0.07,0.0,False,0.0037465755909765054,0.09054041746760592,0.18733019907896198,0.07577747210701764,7.577747210701764e-06,7.577747210701764e-06,0.01810863236327871,0.0,-0.29400661477860845,-1.1252564346831504,-1.230130628522878,0.29400661477860845
211.0,0.0,0.0,0.11712924471270632,-2.072154710193547,-1.7962354397736329,23.425848942541265,1.0,0.0,-1.6690285877543696,0.04,0.0,False,0.0039259455056641765,0.11712924471270632,0.196298762774339,0.07577747210701764,7.577747210701764e-06,7.577747210701764e-06,0.023426558997806556,0.0,0.7963189716352854,-0.27591927041991404,-0.40312612243917734,0.7963189716352854
212.0,0.0,0.0,0.03413520568893288,-1.4355368903149544,-1.9132676828679223,6.827041137786575,1.0,0.0,-1.6971368559113995,0.21,0.0,False,0.003854712443025527,0.03413520568893288,0.1927370826530995,0.07577747210701764,7.577747210701764e-06,7.577747210701764e-06,0.006827248070586242,0.0,0.6366178198785926,0.4777307925529679,0.26159996559644516,0.6366178198785926
213.0,0.0,0.0,-0.032355453898991055,-1.0829778762228743,-1.934226126178548,-6.471090779798211,1.0,0.0,-1.7307897199062336,0.1,0.0,False,0.0038682158305028158,0.032355453898991055,0.1934122571432268,0.07577747210701764,7.577747210701764e-06,7.577747210701764e-06,-0.006471286923472304,0.0,0.35255901409208,0.8512482499556737,0.6478118436833593,0.35255901409208
214.0,0.0,0.0,-0.07289016690902109,-0.8540277875946982,-1.989231700200211,-14.578033381804218,1.0,0.0,-1.7591036883773912,0.33,0.0,False,0.0038126168405050423,0.07289016690902109,0.19063228657758352,0.07577747210701764,7.577747210701764e-06,7.577747210701764e-06,-0.014578475253063002,0.0,0.22895008862817612,1.1352039126055127,0.905075900782693,0.22895008862817612
215.0,0.0,0.0,-0.09891468782622895,-0.9240078348321664,-1.9741696740474544,-19.78293756524579,1.0,0.0,-1.8119071624760337,0.16,0.0,False,0.0038094015398902293,0.09891468782622892,0.1904715203286061,0.07577747210701764,7.577747210701764e-06,7.577747210701764e-06,-0.019783537201101698,0.0,-0.0699800472374682,1.050161839215288,0.8878993276438673,0.0699800472374682
216.0,0.0,0.0,-0.09202973490273536,-1.3329386663387366,-1.9373151298860587,-18.40594698054707,1.0,0.0,-1.843212143381975,0.02,0.0,False,0.003860376003356938,0.09202973490273536,0.1930202628155215,0.07577747210701764,7.577747210701764e-06,7.577747210701764e-06,-0.018406504878773013,0.0,-0.40893083150657017,0.6043764635473221,0.5102734770432384,0.40893083150657017
217.0,0.0,0.0,-0.05190166110237548,-1.6031399093785597,-1.8594615905829266,-10.380332220475095,1.0,0.0,-1.8443400527628675,-0.04,0.0,False,0.003881237000448977,0.05190166110237548,0.19406332057409156,0.07577747210701764,7.577747210701764e-06,7.577747210701764e-06,-0.010380646856224975,0.0,-0.27020124303982307,0.25632168120436694,0.24120014338430784,0.27020124303982307
218.0,0.0,0.0,-0.026162109370243374,-1.7520422125063946,-1.8405427520458228,-5.232421874048675,1.0,0.0,-1.8519749422458733,-0.06,0.0,False,0.003868688231129929,0.02616210937024337,0.19343587735356907,0.07577747210701764,7.577747210701764e-06,7.577747210701764e-06,-0.005232580472727894,0.0,-0.14890230312783492,0.08850053953942827,0.09993272973947875,0.14890230312783492
219.0,0.0,0.0,-0.012165570745919516,-2.607616776154167,-1.7588831404868253,-2.4331141491839032,1.0,0.0,-1.8647709155735583,-0.01,0.0,False,0.0037388652018332546,0.012165570745919516,0.18694467670043047,0.07577747210701764,7.577747210701764e-06,7.577747210701764e-06,-0.002433187898720875,0.0,-0.8555745636477723,-0.8487336356673416,-0.7428458605806085,0.8555745636477723
220.0,0.0,0.0,0.07341060516078117,-2.615753381358137,-1.7162301638348276,14.682121032156234,1.0,0.0,-1.8737025293465788,-0.01,0.0,False,0.0037061316759544097,0.07341060516078117,0.18530798800416898,0.07577747210701764,7.577747210701764e-06,7.577747210701764e-06,0.014682566058390719,0.0,-0.008136605203969971,-0.8995232175233092,-0.7420508520115581,0.008136605203969971
221.0,0.0,0.0,0.07350652456091364,-2.50432653308427,-1.7461618085175992,14.701304912182728,1.0,0.0,-1.8734829101959312,0.06,0.0,False,0.003620360289657578,0.07350652456091364,0.18101938619163324,0.07577747210701764,7.577747210701764e-06,7.577747210701764e-06,0.01470175051989518,0.0,0.11142684827386695,-0.7581647245666707,-0.6308436228883387,0.11142684827386695
222.0,0.0,0.0,0.059264369271767856,-2.5126371491771566,-1.7978958375946714,11.852873854353572,1.0,0.0,-1.8806602850559282,-0.06,0.0,False,0.003577169098446431,0.059264369271767856,0.17885981026647946,0.07577747210701764,7.577747210701764e-06,7.577747210701764e-06,0.011853233123958262,0.0,-0.008310616092886747,-0.7147413115824852,-0.6319768641212284,0.008310616092886747
223.0,0.0,0.0,0.058848860528112786,-2.5948454045127516,-1.8994778016464449,11.769772105622557,1.0,0.0,-1.9116603858461445,-0.07,0.0,False,0.0039378585009568964,0.058848860528112786,0.1968944170526584,0.07577747210701764,7.577747210701764e-06,7.577747210701764e-06,0.011770128856350155,0.0,-0.08220825533559495,-0.6953676028663067,-0.6831850186666071,0.08220825533559495
224.0,0.0,0.0,0.06858013006801449,-2.6076948843695336,-1.6860975247009502,13.716026013602898,1.0,0.0,-1.9241262468065934,0.18,0.0,False,0.0039182160578827094,0.06858013006801449,0.19591228745667563,0.07577747210701764,7.577747210701764e-06,7.577747210701764e-06,0.013716441756763955,0.0,-0.012849479856781976,-0.9215973596685834,-0.6835686375629402,0.012849479856781976
225.0,0.0,0.0,0.07117167676986083,-2.0995646144858524,-1.783577654713261,14.234335353972167,1.0,0.0,-1.9090181196881406,0.01,0.0,False,0.0038529521780508013,0.07117167676986083,0.19264906873742108,0.07577747210701764,7.577747210701764e-06,7.577747210701764e-06,0.014234766807482806,0.0,0.5081302698836812,-0.3159869597725915,-0.1905464947977118,0.5081302698836812
226.0,0.0,0.0,0.021364955524319672,-2.8301741053489593,-1.7429681627109448,4.272991104863935,1.0,0.0,-1.89595115062217,0.04,0.0,False,0.004090833612269693,0.021364955524319672,0.20454323057863438,0.07577747210701764,7.577747210701764e-06,7.577747210701764e-06,0.004273120622468184,0.0,-0.7306094908631069,-1.0872059426380145,-0.9342229547267893,0.7306094908631069
227.0,0.0,0.0,0.09539269972477614,-2.7233768153868847,-1.761607625125478,19.078539944955228,1.0,0.0,-1.8859069643310493,0.15,0.0,False,0.004033690970971954,0.09539269972477614,0.20168607686312293,0.07577747210701764,7.577747210701764e-06,7.577747210701764e-06,0.01907911822998452,0.0,0.1067972899620746,-0.9617691902614067,-0.8374698510558354,0.1067972899620746
228.0,0.0,0.0,0.08179566032632436,-2.064888485543171,-1.852824867946245,16.359132065264873,1.0,0.0,-1.876210965012986,0.01,0.0,False,0.004019750133213439,0.08179566032632436,0.20098902969318994,0.07577747210701764,7.577747210701764e-06,7.577747210701764e-06,0.01635962792297688,0.0,0.6584883298437139,-0.21206361759692594,-0.18867752053018494,0.6584883298437139
229.0,0.0,0.0,0.012156928860287512,-0.85019085128698,-1.9680069519882109,2.4313857720575025,1.0,0.0,-1.9053892207817975,0.06,0.0,False,0.003934682472792619,0.01215692886028751,0.19673561444108761,0.07577747210701764,7.577747210701764e-06,7.577747210701764e-06,0.002431459469206051,0.0,1.2146976342561908,1.1178161007012308,1.0551983694948175,1.2146976342561908
230.0,0.0,0.0,-0.11528768334197866,-1.2310080122065692,-2.0985521477877156,-23.05753666839573,1.0,0.0,-1.9433145908336078,0.16,0.0,False,0.004030085977965709,0.11528768334197866,0.20150582584692436,0.07577747210701764,7.577747210701764e-06,7.577747210701764e-06,-0.023058235559836385,0.0,-0.38081716091958917,0.8675441355811464,0.7123065786270386,0.38081716091958917
231.0,0.0,0.0,-0.08019019471401506,-0.9589886125454914,-2.1041786377307683,-16.038038942803013,1.0,0.0,-2.003111365752809,0.01,0.0,False,0.004019706898682799,0.08019019471401506,0.2009868679502769,0.07577747210701764,7.577747210701764e-06,7.577747210701764e-06,-0.01603852506793872,0.0,0.2720193996610778,1.145190025185277,1.0441227532073176,0.2720193996610778
232.0,0.0,0.0,-0.11129737699863287,0.22984787509246207,-2.037738397777535,-22.259475399726576,1.0,0.0,-2.032940342397935,0.08,0.0,False,0.004088719300470008,0.11129737699863287,0.20443751418756412,0.07577747210701764,7.577747210701764e-06,7.577747210701764e-06,-0.022260150101324327,0.0,1.1888364876379534,2.267586272869997,2.262788217490397,1.1888364876379534
233.0,0.0,0.0,-0.22903661915309909,0.05626114303328372,-1.9110404041184286,-45.807323830619815,1.0,0.0,-2.072004551701225,0.05,0.0,False,0.00399717265609626,0.22903661915309909,0.19986014728301027,0.07577747210701764,7.577747210701764e-06,7.577747210701764e-06,-0.045808712285379964,0.0,-0.17358673205917835,1.9673015471517123,2.1282656947345084,0.17358673205917835
234.0,0.0,0.0,-0.21172742832235833,-0.9045626517117487,-1.8963421678773325,-42.34548566447167,1.0,0.0,-2.0606050955186235,0.08,0.0,False,0.0038509028547268915,0.21172742832235833,0.19254660179476302,0.07577747210701764,7.577747210701764e-06,7.577747210701764e-06,-0.042346769188288926,0.0,-0.9608237947450324,0.9917795161655838,1.1560424438068748,0.9608237947450324
235.0,0.0,0.0,-0.11727315804488667,-1.0792424916356829,-1.9271483165297805,-23.454631608977333,1.0,0.0,-2.061093361036767,-0.05,0.0,False,0.0038898033772068576,0.11727315804488667,0.19449164265767743,0.07577747210701764,7.577747210701764e-06,7.577747210701764e-06,-0.023455342536667093,0.0,-0.1746798399239342,0.8479058248940976,0.9818508694010843,0.1746798399239342
236.0,0.0,0.0,-0.10150049109124115,-0.4777949643897422,-1.8994407199621246,-20.30009821824823,1.0,0.0,-2.077338665477927,-0.1,0.0,False,0.003728663343942958,0.10150049109124115,0.18643457994056062,0.07577747210701764,7.577747210701764e-06,7.577747210701764e-06,-0.02030071352963614,0.0,0.6014475272459406,1.4216457555723823,1.599543701088185,0.6014475272459406
237.0,0.0,0.0,-0.15779687865577252,0.04101878627821587,-1.6582865449157407,-31.559375731154507,1.0,0.0,-2.094285859801256,0.28,0.0,False,0.0038378233900293983,0.15779687865577252,0.1918926236042443,0.07577747210701764,7.577747210701764e-06,7.577747210701764e-06,-0.031560332319791363,0.0,0.5188137506679581,1.6993053311939565,2.1353046460794722,0.5188137506679581
238.0,0.0,0.0,-0.20768000482698692,-0.6374988124661014,-1.7505372227780789,-41.536000965397385,1.0,0.0,-2.0558235381903205,0.08,0.0,False,0.003783097635791769,0.20768000482698692,0.18915631515746634,0.07577747210701764,7.577747210701764e-06,7.577747210701764e-06,-0.041537259953118896,0.0,-0.6785175987443173,1.1130384103119775,1.418324725724219,0.6785175987443173
239.0,0.0,0.0,-0.14002110571604628,-1.1053194661724355,-1.7714491903842087,-28.004221143209257,1.0,0.0,-2.0358599493205163,0.0,0.0,False,0.003829975778075901,0.14002110571604628,0.1915002400332085,0.07577747210701764,7.577747210701764e-06,7.577747210701764e-06,-0.02800506997241164,0.0,-0.4678206537063341,0.6661297242117732,0.9305404831480808,0.4678206537063341
240.0,0.0,0.0,-0.09288225296566793,-1.0624896294485398,-1.804608043059806,-18.576450593133586,1.0,0.0,-2.037762921853727,-0.04,0.0,False,0.0037732114272054735,0.09288225296566793,0.18866200098239203,0.07577747210701764,7.577747210701764e-06,7.577747210701764e-06,-0.01857701365945346,0.0,0.04282983672389573,0.7421184136112662,0.9752732924051872,0.04282983672389573
241.0,0.0,0.0,-0.0958877759172577,-1.3837795333704062,-2.033561055371813,-19.17755518345154,1.0,0.0,-2.0341771877407804,-0.01,0.0,False,0.003871711452307062,0.0958877759172577,0.19358703955788603,0.07577747210701764,7.577747210701764e-06,7.577747210701764e-06,-0.01917813646970788,0.0,-0.3212899039218664,0.6497815220014069,0.6503976543703742,0.3212899039218664
242.0,0.0,0.0,-0.06192735278017038,-1.9419550963064625,-1.9134524832724547,-12.385470556034075,1.0,0.0,-2.0214037192874406,0.13,0.0,False,0.0038217968082422406,0.06192735278017038,0.1910912884426172,0.07577747210701764,7.577747210701764e-06,7.577747210701764e-06,-0.012385845969049116,0.0,-0.5581755629360563,-0.028502613034007807,0.0794486229809781,0.5581755629360563
243.0,0.0,0.0,-0.006765392569100431,-1.7000988221409803,-1.898393065745747,-1.3530785138200863,1.0,0.0,-2.003076524663349,-0.06,0.0,False,0.003799067293167564,0.006902122766014394,0.1899548040769574,0.07577747210701764,7.577747210701764e-06,7.577747210701764e-06,-0.001353119526657036,0.0,0.24185627416548217,0.19829424360476677,0.30297770252236855,0.24185627416548217
244.0,0.0,0.0,-0.030870723161640978,-1.6907764532534462,-1.8837179726788755,-6.174144632328195,1.0,0.0,-2.0096115853192003,0.08,0.0,False,0.003603483786260046,0.030870723161640978,0.1801755546274628,0.07577747210701764,7.577747210701764e-06,7.577747210701764e-06,-0.006174331775339131,0.0,0.009322368887534127,0.19294151942542936,0.3188351320657541,0.009322368887534127
245.0,0.0,0.0,-0.03154537139406761,-2.117523795712235,-1.9279969388643226,-6.3090742788135215,1.0,0.0,-2.0088177502842064,0.07,0.0,False,0.0036669466888554617,0.031545371394067614,0.18334872380252526,0.07577747210701764,7.577747210701764e-06,7.577747210701764e-06,-0.006309265511644475,0.0,-0.42674734245878887,-0.18952685684791248,-0.10870604542802864,0.42674734245878887
246.0,0.0,0.0,0.011942503410801844,-2.468989345155666,-1.9511768377724732,2.3885006821603687,1.0,0.0,-2.0062421193366267,0.03,0.0,False,0.0036342623396381406,0.011955897390188718,0.18171449395797237,0.07577747210701764,7.577747210701764e-06,7.577747210701764e-06,0.0023885730794292862,0.0,-0.3514655494434309,-0.5178125073831927,-0.46274722581903927,0.3514655494434309
247.0,0.0,0.0,0.04657749503069739,-3.213790345716923,-2.0248881101274314,9.31549900613948,1.0,0.0,-1.9980942367406211,0.0,0.0,False,0.0035556047429100984,0.04657749503069739,0.17778158431920107,0.07577747210701764,7.577747210701764e-06,7.577747210701764e-06,0.009315781365986259,0.0,-0.7448010005612571,-1.1889022355894916,-1.2156961089763019,0.7448010005612571
248.0,0.0,0.0,0.11754030987765546,-3.466255896268918,-2.188713655155148,23.508061975531092,1.0,0.0,-2.00319674722454,0.1,0.0,False,0.0037438005211674766,0.11754030987765546,0.18719144453707165,0.07577747210701764,7.577747210701764e-06,7.577747210701764e-06,0.023508774522735823,0.0,-0.25246555055199504,-1.2775422411137702,-1.463059149044378,0.25246555055199504
249.0,0.0,0.0,0.13628622437926574,-3.208221425135303,-2.2649307336828146,27.257244875853146,1.0,0.0,-2.0383427124026037,0.32,0.0,False,0.00397366406767147,0.13628622437926574,0.19868470895466375,0.07577747210701764,7.577747210701764e-06,7.577747210701764e-06,0.027258071063637798,0.0,0.2580344711336151,-0.9432906914524883,-1.1698787127326993,0.2580344711336151
250.0,0.0,0.0,0.1066808560876862,-3.0868991568639004,-2.348925975257926,21.336171217537238,1.0,0.0,-2.1033420153484297,0.18,0.0,False,0.004181612322430641,0.10668085608768621,0.20908220048158765,0.07577747210701764,7.577747210701764e-06,7.577747210701764e-06,0.021336817933084295,0.0,0.12132226827140258,-0.7379731816059745,-0.9835571415154707,0.12132226827140258
251.0,0.0,0.0,0.09089559299464879,-3.833706307286221,-2.2953079925554123,18.179118598929758,1.0,0.0,-2.1413724442304596,0.23,0.0,False,0.004025529354538802,0.0908955929946488,0.20127799294913204,0.07577747210701764,7.577747210701764e-06,7.577747210701764e-06,0.018179669621815255,0.0,-0.7468071504223208,-1.538398314730809,-1.6923338630557616,0.7468071504223208
252.0,0.0,0.0,0.16066356425239317,-4.199883758499275,-2.376755003740825,32.13271285047863,1.0,0.0,-2.1779087877260994,0.18,0.0,False,0.004233568156144949,0.16066356425239314,0.21168001185271176,0.07577747210701764,7.577747210701764e-06,7.577747210701764e-06,0.03213368681739883,0.0,-0.36617745121305356,-1.8231287547584496,-2.0219749707731753,0.36617745121305356
253.0,0.0,0.0,0.1954549140328139,-4.80976888347842,-2.294522235858993,39.09098280656278,1.0,0.0,-2.2270097913684976,0.05,0.0,False,0.004224695331941174,0.1954549140328139,0.21123636728072206,0.07577747210701764,7.577747210701764e-06,7.577747210701764e-06,0.03909216768392774,0.0,-0.6098851249791455,-2.5152466476194273,-2.5827590921099226,0.6098851249791455
254.0,0.0,0.0,0.25346169271325325,-5.55725290570867,-2.4585301989354127,50.69233854265065,1.0,0.0,-2.2452605627746562,0.11,0.0,False,0.004338820345932495,0.2534616927132533,0.2169426612208134,0.07577747210701764,7.577747210701764e-06,7.577747210701764e-06,0.0506938750659152,0.0,-0.7474840222302497,-3.0987227067732572,-3.3119923429340137,0.7474840222302497
255.0,0.0,0.0,0.3191103988061983,-5.632862548018155,-2.580946370444612,63.82207976123966,1.0,0.0,-2.275055922914141,0.55,0.0,False,0.004067158663227202,0.3191103988061983,0.2033594741563708,0.07577747210701764,7.577747210701764e-06,7.577747210701764e-06,0.06382401425692805,0.0,-0.07560964230948475,-3.051916177573543,-3.3578066251040135,0.07560964230948475
256.0,0.0,0.0,0.31912106697661585,-5.317138088628863,-2.739345176901653,63.82421339532317,1.0,0.0,-2.366028010749967,0.48,0.0,False,0.004062070317572862,0.31912106697661585,0.203105054945744,0.07577747210701764,7.577747210701764e-06,7.577747210701764e-06,0.06382614795568363,0.0,0.3157244593892914,-2.5777929117272103,-2.951110077878896,0.3157244593892914
257.0,0.0,0.0,0.2816638032210604,-5.454139900070313,-2.8071695751019115,56.33276064421207,1.0,0.0,-2.4415309673132413,0.4,0.0,False,0.004293077786426416,0.2816638032210604,0.21465551591423193,0.07577747210701764,7.577747210701764e-06,7.577747210701764e-06,0.056334468132952474,0.0,-0.13700181144144974,-2.6469703249684016,-3.0126089327570718,0.13700181144144974
258.0,0.0,0.0,0.29188127713022155,-5.112228403795552,-2.8191495724757645,58.37625542604431,1.0,0.0,-2.5003933375633016,0.29,0.0,False,0.004109726302591357,0.29188127713022155,0.20548787225291917,0.07577747210701764,7.577747210701764e-06,7.577747210701764e-06,0.058378024854662876,0.0,0.34191149627476136,-2.293078831319787,-2.61183506623225,0.34191149627476136
259.0,0.0,0.0,0.252971576934756,-4.709035145731703,-2.803179103906489,50.5943153869512,1.0,0.0,-2.535216538641419,0.47,0.0,False,0.0038426521317618477,0.252971576934756,0.19213406252041607,0.07577747210701764,7.577747210701764e-06,7.577747210701764e-06,0.050595848939059496,0.0,0.4031932580638484,-1.9058560418252144,-2.173818607090284,0.4031932580638484
260.0,0.0,0.0,0.20725040840681141,-3.517763216168284,-2.851733543047631,41.450081681362285,1.0,0.0,-2.5824167867149184,0.32,0.0,False,0.004003383936362779,0.20725040840681147,0.20017071364971173,0.07577747210701764,7.577747210701764e-06,7.577747210701764e-06,0.04145133806480507,0.0,1.191271929563419,-0.666029673120653,-0.9353464294533658,1.191271929563419
261.0,0.0,0.0,0.08480378595286071,-3.1344073369826972,-2.8317419581824086,16.960757190572142,1.0,0.0,-2.6364525371033793,0.15,0.0,False,0.00383639306513193,0.08480378595286071,0.1918211068174389,0.07577747210701764,7.577747210701764e-06,7.577747210701764e-06,0.016961271283998425,0.0,0.3833558791855869,-0.30266537880028865,-0.4979547998793179,0.3833558791855869
262.0,0.0,0.0,0.04586472008481481,-3.841329167478549,-2.7154385798974445,9.172944016962962,1.0,0.0,-2.669693225557055,-0.01,0.0,False,0.003946985243664953,0.04586472008481481,0.1973507576460687,0.07577747210701764,7.577747210701764e-06,7.577747210701764e-06,0.0091732220558598,0.0,-0.7069218304958516,-1.1258905875811043,-1.171635941921494,0.7069218304958516
263.0,0.0,0.0,0.11396706445316525,-4.052927936908505,-2.638375293853263,22.79341289063305,1.0,0.0,-2.6757427585718148,0.02,0.0,False,0.00409503991240594,0.11396706445316525,0.2047535471791607,0.07577747210701764,7.577747210701764e-06,7.577747210701764e-06,0.02279410377628149,0.0,-0.21159876942995615,-1.414552643055242,-1.3771851783366902,0.21159876942995615
264.0,0.0,0.0,0.13436001120679347,-4.5857855180439975,-2.6621573973253354,26.872002241358693,1.0,0.0,-2.701615342266659,-0.07,0.0,False,0.004058502724769094,0.13436001120679347,0.20292667395383984,0.07577747210701764,7.577747210701764e-06,7.577747210701764e-06,0.026872816752146634,0.0,-0.5328575811354925,-1.923628120718662,-1.8841701757773386,0.5328575811354925
265.0,0.0,0.0,0.1875677235208947,-4.069767319825823,-2.66458280642081,37.51354470417894,1.0,0.0,-2.7092769175305644,0.12,0.0,False,0.0038899110657423233,0.1875677235208947,0.1944970271252526,0.07577747210701764,7.577747210701764e-06,7.577747210701764e-06,0.03751468176819751,0.0,0.5160181982181742,-1.4051845134050134,-1.3604904022952589,0.5160181982181742
266.0,0.0,0.0,0.13535678914614893,-3.4747278759395352,-2.58026657810299,27.071357829229786,1.0,0.0,-2.710037215795366,0.02,0.0,False,0.003828072440827536,0.13535678914614893,0.19140507244963983,0.07577747210701764,7.577747210701764e-06,7.577747210701764e-06,0.027072178382636935,0.0,0.595039443886288,-0.8944612978365454,-0.7646906601441694,0.595039443886288
267.0,0.0,0.0,0.074612217943587,-3.5331545886947047,-2.5187764636638073,14.9224435887174,1.0,0.0,-2.7161481433877652,0.0,0.0,False,0.0037778993370026232,0.074612217943587,0.18889639824843926,0.07577747210701764,7.577747210701764e-06,7.577747210701764e-06,0.014922895899311015,0.0,-0.05842671275516942,-1.0143781250308974,-0.8170064453069394,0.05842671275516942
268.0,0.0,0.0,0.08011443054068813,-3.0955992689561818,-2.6534202975919685,16.022886108137627,1.0,0.0,-2.7285774268773455,0.03,0.0,False,0.003649479038607281,0.08011443054068813,0.18247533467184432,0.07577747210701764,7.577747210701764e-06,7.577747210701764e-06,0.01602337177397941,0.0,0.4375553197385229,-0.44217897136421325,-0.36702184207883626,0.4375553197385229
269.0,0.0,0.0,0.03605226231128113,-3.249585792041038,-2.547746888355233,7.210452462256225,1.0,0.0,-2.731979928942696,0.05,0.0,False,0.003737881323516882,0.036052262311281134,0.18689548241183276,0.07577747210701764,7.577747210701764e-06,7.577747210701764e-06,0.007210671016544205,0.0,-0.15398652308485605,-0.7018389036858048,-0.5176058630983418,0.15398652308485605
270.0,0.0,0.0,0.0490998114209919,-3.569220161692832,-2.7870107253684964,9.81996228419838,1.0,0.0,-2.735062986096862,-0.17,0.0,False,0.0038791315393104657,0.049099811420991894,0.1939580467194334,0.07577747210701764,7.577747210701764e-06,7.577747210701764e-06,0.009820259934710083,0.0,-0.31963436965179426,-0.7822094363243357,-0.83415717559597,0.31963436965179426
271.0,0.0,0.0,0.07908778950650489,-3.5190673246387636,-2.8097860171782743,15.817557901300978,1.0,0.0,-2.7585690745331677,0.1,0.0,False,0.003969031887162896,0.0790877895065049,0.19845309817416038,0.07577747210701764,7.577747210701764e-06,7.577747210701764e-06,0.01581803734348894,0.0,0.05015283705406848,-0.7092813074604893,-0.7604982501055959,0.05015283705406848
272.0,0.0,0.0,0.0716801283925346,-3.6450562949097973,-2.6215630752838806,14.33602567850692,1.0,0.0,-2.7783123012639677,-0.02,0.0,False,0.0038641756441793918,0.0716801283925346,0.19321024629628006,0.07577747210701764,7.577747210701764e-06,7.577747210701764e-06,0.014336460214328495,0.0,-0.12598897027103373,-1.0234932196259168,-0.8667439936458297,0.12598897027103373
273.0,0.0,0.0,0.08207862380875447,-3.594931203772224,-2.6830008619319625,16.415724761750894,1.0,0.0,-2.8022388820187687,-0.07,0.0,False,0.003979770018342789,0.08207862380875447,0.19899000880169723,0.07577747210701764,7.577747210701764e-06,7.577747210701764e-06,0.016416222334830498,0.0,0.05012509113757346,-0.9119303418402613,-0.7926923217534552,0.05012509113757346
274.0,0.0,0.0,0.07764908146087814,-2.830501010132883,-2.644252321525064,15.529816292175628,1.0,0.0,-2.824238958269122,-0.03,0.0,False,0.003976849135463778,0.07764908146087815,0.19884396355106107,0.07577747210701764,7.577747210701764e-06,7.577747210701764e-06,0.015530287012696976,0.0,0.764430193639341,-0.18624868860781874,-0.006262051863760831,0.764430193639341
275.0,0.0,0.0,0.005039677100352125,-3.3987836407571557,-2.433237190917332,1.0079354200704251,1.0,0.0,-2.8184109689079206,0.28,0.0,False,0.004031609956676913,0.005554274166207165,0.20158202535990083,0.07577747210701764,7.577747210701764e-06,7.577747210701764e-06,0.0010079659713581861,0.0,-0.5682826306242728,-0.9655464498398239,-0.580372671849235,0.5682826306242728
276.0,0.0,0.0,0.0658785898437802,-3.1502616376848316,-2.3034726899358224,13.17571796875604,1.0,0.0,-2.780102329659407,0.29,0.0,False,0.004088686834527795,0.0658785898437802,0.20443589087815253,0.07577747210701764,7.577747210701764e-06,7.577747210701764e-06,0.01317611733477008,0.0,0.24852200307232408,-0.8467889477490091,-0.3701593080254244,0.24852200307232408
277.0,0.0,0.0,0.04467691521601637,-2.77816113671801,-2.3035286449406818,8.935383043203274,1.0,0.0,-2.7399727817543327,0.3,0.0,False,0.004031799234816285,0.04467691521601637,0.20159148933858456,0.07577747210701764,7.577747210701764e-06,7.577747210701764e-06,0.00893565388144665,0.0,0.37210050096682146,-0.47463249177732836,-0.03818835496367745,0.37210050096682146
278.0,0.0,0.0,0.00790019820519946,-2.2328136077758662,-2.401083546055107,1.580039641039892,1.0,0.0,-2.7034755580061853,0.06,0.0,False,0.004094992824344164,0.007952548854624694,0.2047511927582308,0.07577747210701764,7.577747210701764e-06,7.577747210701764e-06,0.0015800875332409063,0.0,0.5453475289421439,0.16826993827924097,0.4706619502303191,0.5453475289421439
279.0,0.0,0.0,-0.048796545284085446,-1.8732222316115825,-2.6394980671225325,-9.75930905681709,1.0,0.0,-2.69915616138077,-0.04,0.0,False,0.0041228741895234025,0.04879654528408546,0.2061452715810896,0.07577747210701764,7.577747210701764e-06,7.577747210701764e-06,-0.009759604868883427,0.0,0.3595913761642837,0.76627583551095,0.8259339297691874,0.3595913761642837
280.0,0.0,0.0,-0.08683076414866302,-1.3669034376512115,-2.752929723808784,-17.366152829732602,1.0,0.0,-2.720797549010966,0.06,0.0,False,0.004073664713214126,0.08683076414866302,0.20368477912077715,0.07577747210701764,7.577747210701764e-06,7.577747210701764e-06,-0.017366679211008467,0.0,0.506318793960371,1.3860262861575725,1.3538941113597547,0.506318793960371
281.0,0.0,0.0,-0.14033133936673264,-0.9910593892139765,-2.7561613092826542,-28.06626787334653,1.0,0.0,-2.7415627721772533,-0.04,0.0,False,0.004046222934631695,0.14033133936673262,0.2023126797943126,0.07577747210701764,7.577747210701764e-06,7.577747210701764e-06,-0.028067118583232405,0.0,0.37584404843723496,1.7651019200686777,1.7505033829632768,0.37584404843723496
282.0,0.0,0.0,-0.17861817109519718,-1.5138798024137992,-2.6396518242539697,-35.72363421903943,1.0,0.0,-2.7702700010893095,-0.02,0.0,False,0.004171421344539291,0.17861817109519718,0.20857264772578749,0.07577747210701764,7.577747210701764e-06,7.577747210701764e-06,-0.035724717029512375,0.0,-0.5228204131998226,1.1257720218401706,1.2563901986755104,0.5228204131998226
283.0,0.0,0.0,-0.12609088772982882,-1.7206417263346887,-2.6468599988936647,-25.218177545965762,1.0,0.0,-2.7773087763333364,0.03,0.0,False,0.004156704359111944,0.12609088772982882,0.2078367928783403,0.07577747210701764,7.577747210701764e-06,7.577747210701764e-06,-0.02521894192807168,0.0,-0.20676192392088955,0.926218272558976,1.0566670499986477,0.20676192392088955
284.0,0.0,0.0,-0.10528972914360908,-1.6440952194952543,-2.7283247295361446,-21.057945828721817,1.0,0.0,-2.774836453955726,-0.1,0.0,False,0.004170948018535321,0.10528972914360907,0.2085489812462517,0.07577747210701764,7.577747210701764e-06,7.577747210701764e-06,-0.021058584111046122,0.0,0.07654650683943443,1.0842295100408903,1.1307412344604717,0.07654650683943443
285.0,0.0,0.0,-0.1134188048919601,-2.7702717644925317,-2.629842434093946,-22.68376097839202,1.0,0.0,-2.773578910718345,-0.1,0.0,False,0.004121283470848628,0.11341880489196011,0.2060657350446477,0.07577747210701764,7.577747210701764e-06,7.577747210701764e-06,-0.022684448540407756,0.0,-1.1261765449972774,-0.14042933039858552,0.0033071462258131845,1.1261765449972774
286.0,0.0,0.0,-0.0025314692335210716,-1.7256785346871444,-2.576601984232708,-0.5062938467042143,1.0,0.0,-2.778326241366474,-0.02,0.0,False,0.004099174476233409,0.0038866365461345475,0.2049602769370681,0.07577747210701764,7.577747210701764e-06,7.577747210701764e-06,-0.0005063091928550631,0.0,1.0445932298053873,0.8509234495455635,1.0526477066793298,1.0445932298053873
287.0,0.0,0.0,-0.1064259756101397,-1.448920854215011,-2.6114511348109506,-21.28519512202794,1.0,0.0,-2.7955874159694383,0.13,0.0,False,0.004061313219134464,0.1064259756101397,0.20306719973696907,0.07577747210701764,7.577747210701764e-06,7.577747210701764e-06,-0.02128584029245084,0.0,0.27675768047213345,1.1625302805959397,1.3466665617544273,0.27675768047213345
288.0,0.0,0.0,-0.1369174785631411,-1.5253896668135027,-2.6820683199758237,-27.383495712628218,1.0,0.0,-2.7899786142455314,-0.13,0.0,False,0.004117516054001923,0.1369174785631411,0.20587736277488577,0.07577747210701764,7.577747210701764e-06,7.577747210701764e-06,-0.027384325727171574,0.0,-0.07646881259849181,1.156678653162321,1.2645889474320287,0.07646881259849181
289.0,0.0,0.0,-0.12789474433016793,-0.871747457506295,-2.5099053610577027,-25.578948866033585,1.0,0.0,-2.818147516148484,0.12,0.0,False,0.004321489597032129,0.12789474433016793,0.2160761172093935,0.07577747210701764,7.577747210701764e-06,7.577747210701764e-06,-0.02557972418339209,0.0,0.6536422093072077,1.6381579035514076,1.946400058642189,0.6536422093072077
290.0,0.0,0.0,-0.19543891218502618,-2.05249940081716,-2.7714463525190123,-39.08778243700524,1.0,0.0,-2.804385567817286,-0.06,0.0,False,0.004292940000519186,0.19543891218502615,0.21464862656666503,0.07577747210701764,7.577747210701764e-06,7.577747210701764e-06,-0.03908896721736457,0.0,-1.1807519433108649,0.7189469517018523,0.751886167000126,1.1807519433108649
291.0,0.0,0.0,-0.0786789207877331,-2.643763517469292,-2.953975297135914,-15.73578415754662,1.0,0.0,-2.8262106286901387,0.15,0.0,False,0.003938052090855585,0.07867892078773309,0.19690409662094158,0.07577747210701764,7.577747210701764e-06,7.577747210701764e-06,-0.015736261121110328,0.0,-0.5912641166521322,0.3102117796666217,0.18244711122084656,0.5912641166521322
292.0,0.0,0.0,-0.02161694645482758,-3.3317114296809294,-2.9795073897651965,-4.323389290965516,1.0,0.0,-2.8393184191431176,0.1,0.0,False,0.003797335990461247,0.02161694645482758,0.18986823828567284,0.07577747210701764,7.577747210701764e-06,7.577747210701764e-06,-0.004323520336177046,0.0,-0.6879479122116372,-0.3522040399157329,-0.4923930105378118,0.6879479122116372
293.0,0.0,0.0,0.046303499512279585,-3.399960320103763,-2.902417927241164,9.260699902455917,1.0,0.0,-2.8599411724053527,0.12,0.0,False,0.0037945688786287742,0.046303499512279585,0.18972988164562551,0.07577747210701764,7.577747210701764e-06,7.577747210701764e-06,0.009260980601300263,0.0,-0.06824889042283377,-0.49754239286259905,-0.5400191476984104,0.06824889042283377
294.0,0.0,0.0,0.05092912375886502,-4.463888767699194,-2.8856973152073415,10.185824751773003,1.0,0.0,-2.86865889074742,-0.01,0.0,False,0.003973259303093421,0.050929123758865005,0.19866447057240114,0.07577747210701764,7.577747210701764e-06,7.577747210701764e-06,0.010186133491853844,0.0,-1.0639284475954307,-1.5781914524918523,-1.5952298769517737,1.0639284475954307
295.0,0.0,0.0,0.15621414884811963,-5.170613444010627,-2.8145332506361074,31.242829769623924,1.0,0.0,-2.8906497861138383,-0.03,0.0,False,0.003987398457985838,0.15621414884811963,0.199371433674169,0.07577747210701764,7.577747210701764e-06,7.577747210701764e-06,0.03124377676351238,0.0,-0.706724676311433,-2.3560801933745195,-2.2799636578967886,0.706724676311433
296.0,0.0,0.0,0.22364392554173743,-4.906259150662391,-2.915588336242414,44.72878510834749,1.0,0.0,-2.901688091651464,0.0,0.0,False,0.003989172400376661,0.22364392554173743,0.1994601314658345,0.07577747210701764,7.577747210701764e-06,7.577747210701764e-06,0.044730140871780184,0.0,0.26435429334823546,-1.9906708144199774,-2.0045710590109276,0.26435429334823546
297.0,0.0,0.0,0.1989985089387234,-5.9610013155419805,-2.8967374761712064,39.79970178774468,1.0,0.0,-2.9340894527366066,0.01,0.0,False,0.004129831688152596,0.1989985089387234,0.20649314914865755,0.07577747210701764,7.577747210701764e-06,7.577747210701764e-06,0.03980090814691999,0.0,-1.0547421648795892,-3.064263839370774,-3.026911862805374,1.0547421648795892
298.0,0.0,0.0,0.3018358686448469,-5.51421828054251,-2.87217259849199,60.367173728969384,1.0,0.0,-2.9161986632553574,-0.03,0.0,False,0.004238807387246357,0.3018358686448469,0.21194197539286064,0.07577747210701764,7.577747210701764e-06,7.577747210701764e-06,0.060369003503833125,0.0,0.4467830349994708,-2.6420456820505196,-2.5980196172871524,0.4467830349994708
299.0,0.0,0.0,0.2575620296297474,-5.659657695152551,-2.6696083389206877,51.51240592594948,1.0,0.0,-2.942528267297929,0.08,0.0,False,0.004185063460341801,0.2575620296297474,0.20925475868473822,0.07577747210701764,7.577747210701764e-06,7.577747210701764e-06,0.05151396730607897,0.0,-0.14543941461004106,-2.990049356231863,-2.717129427854622,0.14543941461004106
300.0,0.0,0.0,0.27190964831225556,-4.8428543757037605,-2.6468398561666833,54.381929662451114,1.0,0.0,-2.9385003972474584,0.02,0.0,False,0.004116827166936348,0.27190964831225556,0.2058429181605964,0.07577747210701764,7.577747210701764e-06,7.577747210701764e-06,0.05438357802002347,0.0,0.8168033194487903,-2.1960145195370773,-1.9043539784563022,0.8168033194487903
301.0,0.0,0.0,0.19144861938991686,-4.641568508447619,-2.6126787552320776,38.28972387798337,1.0,0.0,-2.940458188901045,0.16,0.0,False,0.004064161454167049,0.19144861938991686,0.20320961256775852,0.07577747210701764,7.577747210701764e-06,7.577747210701764e-06,0.038290884468581934,0.0,0.20128586725614195,-2.028889753215541,-1.7011103195465735,0.20128586725614195
302.0,0.0,0.0,0.17399989555398218,-4.134105568882498,-2.6147634768080046,34.799979110796436,1.0,0.0,-2.9282956443425148,0.16,0.0,False,0.00414550956277898,0.1739998955539822,0.2072770488201253,0.07577747210701764,7.577747210701764e-06,7.577747210701764e-06,0.03480103392458185,0.0,0.5074629395651202,-1.5193420920744938,-1.2058099245399836,0.5074629395651202
303.0,0.0,0.0,0.12338545609213208,-3.2965069933884026,-2.6724620963317296,24.677091218426416,1.0,0.0,-2.9015036265466385,0.04,0.0,False,0.003929198456758019,0.1233854560921321,0.19646141156153324,0.07577747210701764,7.577747210701764e-06,7.577747210701764e-06,0.024677839199794972,0.0,0.8375985754940958,-0.624044897056673,-0.39500336684176407,0.8375985754940958
304.0,0.0,0.0,0.03895786076538856,-3.9828933995517053,-2.780669736108119,7.791572153077713,1.0,0.0,-2.9002042587713914,-0.03,0.0,False,0.003729154594744711,0.03895786076538856,0.18645914266677702,0.07577747210701764,7.577747210701764e-06,7.577747210701764e-06,0.0077918083215446805,0.0,-0.6863864061633027,-1.2022236634435863,-1.0826891407803139,0.6863864061633027
305.0,0.0,0.0,0.10411435631417718,-4.258357983393797,-2.8681657804131304,20.822871262835434,1.0,0.0,-2.90691362509348,-0.04,0.0,False,0.0036873183587876356,0.10411435631417718,0.18436731501770218,0.07577747210701764,7.577747210701764e-06,7.577747210701764e-06,0.02082350241987119,0.0,-0.2754645838420915,-1.3901922029806664,-1.3514443583003168,0.2754645838420915
306.0,0.0,0.0,0.12854157359055066,-4.681902688384988,-3.0271658167890005,25.70831471811013,1.0,0.0,-2.941710388796277,0.13,0.0,False,0.0035950871176240965,0.12854157359055066,0.17975571801427367,0.07577747210701764,7.577747210701764e-06,7.577747210701764e-06,0.02570909395664582,0.0,-0.42354470499119135,-1.6547368715959876,-1.7401922995887111,0.42354470499119135
307.0,0.0,0.0,0.16784089718494383,-4.4486234607419215,-3.0641005264693946,33.568179436988764,1.0,0.0,-2.972893544710755,-0.07,0.0,False,0.00386863704825761,0.16784089718494385,0.19343331819056053,0.07577747210701764,7.577747210701764e-06,7.577747210701764e-06,0.03356919691399094,0.0,0.23327922764306663,-1.384522934272527,-1.4757299160311663,0.23327922764306663
308.0,0.0,0.0,0.14395902346887593,-4.447580902491471,-3.049393355361582,28.791804693775187,1.0,0.0,-3.0034301237410275,0.01,0.0,False,0.004108246511296481,0.14395902346887593,0.20541388212750114,0.07577747210701764,7.577747210701764e-06,7.577747210701764e-06,0.028792677395232887,0.0,0.0010425582504502984,-1.398187547129889,-1.4441507787504437,0.0010425582504502984
309.0,0.0,0.0,0.1372762681643165,-4.631985874506366,-3.260439019144297,27.4552536328633,1.0,0.0,-3.008978681798736,0.37,0.0,False,0.003910021339781803,0.1372762681643165,0.19550254844675524,0.07577747210701764,7.577747210701764e-06,7.577747210701764e-06,0.027456085822443698,0.0,-0.18440497201489503,-1.371546855362069,-1.6230071927076302,0.18440497201489503
310.0,0.0,0.0,0.15297449771954816,-3.4960621794221054,-3.3312755063975725,30.59489954390963,1.0,0.0,-3.0747662086053986,0.26,0.0,False,0.0037826216316713935,0.15297449771954813,0.1891325147710956,0.07577747210701764,7.577747210701764e-06,7.577747210701764e-06,0.030595826898541064,0.0,1.1359236950842608,-0.16478667302453287,-0.4212959708167068,1.1359236950842608
311.0,0.0,0.0,0.03329846261180374,-3.7028862050571973,-3.4596526227438464,6.659692522360748,1.0,0.0,-3.102182937207216,0.54,0.0,False,0.0037756956217015985,0.03329846261180374,0.1887862116484282,0.07577747210701764,7.577747210701764e-06,7.577747210701764e-06,0.006659894382696837,0.0,-0.20682402563509195,-0.2432335823133509,-0.6007032678499815,0.20682402563509195
312.0,0.0,0.0,0.04674755622161722,-4.287187717883829,-3.544874975379495,9.349511244323445,1.0,0.0,-3.1630649369374595,0.57,0.0,False,0.0038795068249522138,0.04674755622161722,0.19397681114371176,0.07577747210701764,7.577747210701764e-06,7.577747210701764e-06,0.009349794635106984,0.0,-0.5843015128266318,-0.7423127425043341,-1.1241227809463696,0.5843015128266318
313.0,0.0,0.0,0.1028249489099316,-4.638094229560746,-3.3891073546423542,20.56498978198632,1.0,0.0,-3.235392930782837,0.21,0.0,False,0.0037564259427056773,0.1028249489099316,0.18782272039759434,0.07577747210701764,7.577747210701764e-06,7.577747210701764e-06,0.020565613122438618,0.0,-0.350906511676917,-1.2489868749183919,-1.402701298777909,0.350906511676917
314.0,0.0,0.0,0.13505175053427662,-4.0768554806221555,-3.4706006866815864,27.010350106855324,1.0,0.0,-3.2588992697110246,0.16,0.0,False,0.004046312740590686,0.13505175053427662,0.20231717012628853,0.07577747210701764,7.577747210701764e-06,7.577747210701764e-06,0.027011168811072097,0.0,0.5612387489385906,-0.6062547939405691,-0.8179562109111309,0.5612387489385906
315.0,0.0,0.0,0.07059105678124782,-5.104004550217749,-3.641868061876516,14.118211356249564,1.0,0.0,-3.2875255548166855,0.53,0.0,False,0.003953016902054984,0.07059105678124782,0.19765234285088934,0.07577747210701764,7.577747210701764e-06,7.577747210701764e-06,0.014118639289953676,0.0,-1.0271490695955938,-1.4621364883412333,-1.8164789954010638,1.0271490695955938
316.0,0.0,0.0,0.1731652100287157,-5.202338855530153,-3.44603533164426,34.63304200574314,1.0,0.0,-3.370918166750497,-0.04,0.0,False,0.004241634174895883,0.17316521002871574,0.21208331584637094,0.07577747210701764,7.577747210701764e-06,7.577747210701764e-06,0.034634091759538174,0.0,-0.09833430531240328,-1.7563035238858928,-1.8314206887796556,0.09833430531240328
317.0,0.0,0.0,0.17784228507326347,-5.1915472614510225,-3.5824150560271506,35.568457014652694,1.0,0.0,-3.372286839821229,0.25,0.0,False,0.004055970455292192,0.1778422850732635,0.2028000595205498,0.07577747210701764,7.577747210701764e-06,7.577747210701764e-06,0.03556953512158677,0.0,0.010791594079130107,-1.609132205423872,-1.8192604216297936,0.010791594079130107
318.0,0.0,0.0,0.17326355449290406,-5.335167272530029,-3.5770177569803483,34.652710898580814,1.0,0.0,-3.4238486226035367,0.02,0.0,False,0.004150754125512492,0.1732635544929041,0.20753927894389948,0.07577747210701764,7.577747210701764e-06,7.577747210701764e-06,0.03465376124855492,0.0,-0.14362001107900646,-1.7581495155496807,-1.9113186499264923,0.14362001107900646
319.0,0.0,0.0,0.18587086105445522,-4.888762476339614,-3.3964941290190893,37.174172210891044,1.0,0.0,-3.4588460691511447,-0.05,0.0,False,0.0040637630352077184,0.18587086105445522,0.2031896914688362,0.07577747210701764,7.577747210701764e-06,7.577747210701764e-06,0.037175298988271696,0.0,0.4464047961904152,-1.4922683473205245,-1.4299164071884691,0.4464047961904152
320.0,0.0,0.0,0.14196405851822,-4.391070219162202,-3.261500435060262,28.392811703644,1.0,0.0,-3.476388237865533,0.1,0.0,False,0.003995212143494677,0.14196405851822,0.19976212091011775,0.07577747210701764,7.577747210701764e-06,7.577747210701764e-06,0.02839367231132127,0.0,0.4976922571774116,-1.1295697841019403,-0.9146819812966691,0.4976922571774116
321.0,0.0,0.0,0.0925679474790455,-4.686486271822475,-3.3050391929906233,18.5135894958091,1.0,0.0,-3.4690681027699926,0.18,0.0,False,0.0038071978594889614,0.0925679474790455,0.1903613354735961,0.07577747210701764,7.577747210701764e-06,7.577747210701764e-06,0.018514150656761395,0.0,-0.29541605266027293,-1.3814470788318518,-1.2174181690524826,0.29541605266027293
322.0,0.0,0.0,0.12277721338998461,-5.071327333432504,-3.218775555912316,24.555442677996922,1.0,0.0,-3.4653556715464577,-0.04,0.0,False,0.00397519963063068,0.12277721338998461,0.1987614876844296,0.07577747210701764,7.577747210701764e-06,7.577747210701764e-06,0.02455618697210587,0.0,-0.38484106161002885,-1.8525517775201878,-1.6059716618860462,0.38484106161002885
323.0,0.0,0.0,0.16422618590627233,-4.6810152368954645,-3.211716071596046,32.84523718125447,1.0,0.0,-3.458667619188315,0.13,0.0,False,0.0038943631142692938,0.1642261859062723,0.19471963123842606,0.07577747210701764,7.577747210701764e-06,7.577747210701764e-06,0.032846232745328045,0.0,0.39031209653703947,-1.4692991652994185,-1.2223476177071495,0.39031209653703947
324.0,0.0,0.0,0.1254419012723531,-5.083921441513427,-3.2514387330626597,25.08838025447062,1.0,0.0,-3.429003251143673,0.0,0.0,False,0.003946539299083905,0.1254419012723531,0.1973284602480535,0.07577747210701764,7.577747210701764e-06,7.577747210701764e-06,0.025089140702322092,0.0,-0.40290620461796234,-1.832482708450767,-1.6549181903697536,0.40290620461796234
325.0,0.0,0.0,0.16418120136768022,-4.584330488377848,-3.264146547263607,32.83624027353604,1.0,0.0,-3.426548695821061,0.0,0.0,False,0.003967380517321204,0.16418120136768016,0.19837052905639257,0.07577747210701764,7.577747210701764e-06,7.577747210701764e-06,0.03283723556490652,0.0,0.4995909531355789,-1.3201839411142409,-1.1577817925567868,0.4995909531355789
326.0,0.0,0.0,0.11186524125523174,-4.015485790293002,-3.3389012881908613,22.37304825104635,1.0,0.0,-3.4420472216545908,-0.14,0.0,False,0.003979255847500407,0.11186524125523174,0.1989643000647653,0.07577747210701764,7.577747210701764e-06,7.577747210701764e-06,0.02237372639512344,0.0,0.5688446980848463,-0.6765845021021404,-0.5734385686384109,0.5688446980848463
327.0,0.0,0.0,0.055851672205149486,-3.704597136794642,-3.1756287875851577,11.170334441029897,1.0,0.0,-3.4656356914995365,0.07,0.0,False,0.004252433921150746,0.055851672205149486,0.21262330725100154,0.07577747210701764,7.577747210701764e-06,7.577747210701764e-06,0.011170673022346816,0.0,0.3108886534983597,-0.5289683492094843,-0.23896144529510543,0.3108886534983597
328.0,0.0,0.0,0.02469887098474069,-3.515829688143264,-3.174700824956392,4.939774196948138,1.0,0.0,-3.456947906748844,0.05,0.0,False,0.003972926058665476,0.02469887098474069,0.19864780822474176,0.07577747210701764,7.577747210701764e-06,7.577747210701764e-06,0.0049399239252541,0.0,0.18876744865137818,-0.34112886318687163,-0.058881781394419797,0.18876744865137818
329.0,0.0,0.0,0.006764841703928683,-3.3566048776557076,-3.2670101649511802,1.3529683407857367,1.0,0.0,-3.4575990688572,-0.02,0.0,False,0.0038383239356311063,0.006966593597976138,0.19191765107398012,0.07577747210701764,7.577747210701764e-06,7.577747210701764e-06,0.0013530093502832582,0.0,0.1592248104875562,-0.08959471270452735,0.10099419120149244,0.1592248104875562
330.0,0.0,0.0,-0.007475272927903282,-3.2589232796429095,-3.249801448647555,-1.4950545855806563,1.0,0.0,-3.4481787079909596,0.09,0.0,False,0.003773961995204345,0.007507403094731314,0.18869952966671635,0.07577747210701764,7.577747210701764e-06,7.577747210701764e-06,-0.0014950999018201227,0.0,0.09768159801279808,-0.009121830995354685,0.1892554283480501,0.09768159801279808
331.0,0.0,0.0,-0.017208694961296452,-2.561671004493883,-3.21346847069839,-3.4417389922592907,1.0,0.0,-3.4313604392211694,0.0,0.0,False,0.003849029135553212,0.017208694961296452,0.19245291512615037,0.07577747210701764,7.577747210701764e-06,7.577747210701764e-06,-0.003441843313980958,0.0,0.6972522751490264,0.6517974662045067,0.8696894347272863,0.6972522751490264
332.0,0.0,0.0,-0.08555674584043896,-3.218893233971345,-3.2229951827395116,-17.11134916808779,1.0,0.0,-3.431016749412886,0.06,0.0,False,0.003770684932208991,0.08555674584043896,0.18853567527531093,0.07577747210701764,7.577747210701764e-06,7.577747210701764e-06,-0.017111867826071235,0.0,-0.6572222294774619,0.004101948768166608,0.21212351544154107,0.6572222294774619
333.0,0.0,0.0,-0.02282472841708844,-2.635833405407872,-3.3442642885507996,-4.564945683417688,1.0,0.0,-3.417270879267879,-0.11,0.0,False,0.0036099915188298904,0.022824728417088443,0.18050094372165262,0.07577747210701764,7.577747210701764e-06,7.577747210701764e-06,-0.0045650840503868514,0.0,0.5830598285634729,0.7084308831429276,0.7814374738600072,0.5830598285634729
334.0,0.0,0.0,-0.08310718910562082,-2.684117803031349,-3.5240665583333444,-16.621437821124164,1.0,0.0,-3.4471491661433338,0.07,0.0,False,0.003681048390492903,0.08310718910562082,0.1840538142273538,0.07577747210701764,7.577747210701764e-06,7.577747210701764e-06,-0.016621941629522765,0.0,-0.04828439762347703,0.8399487553019953,0.7630313631119847,0.04828439762347703
335.0,0.0,0.0,-0.08374668245955451,-2.6174116389864746,-3.6688692409210804,-16.749336491910903,1.0,0.0,-3.466936784727601,0.27,0.0,False,0.0038465140495507933,0.08374668245955451,0.19232715987309518,0.07577747210701764,7.577747210701764e-06,7.577747210701764e-06,-0.01674984417701531,0.0,0.0667061640448745,1.0514576019346058,0.8495251457411266,0.0667061640448745
336.0,0.0,0.0,-0.0948535225971451,-3.040798459096611,-3.7860795032149457,-18.97070451942902,1.0,0.0,-3.521616358186364,0.24,0.0,False,0.003767608521176778,0.0948535225971451,0.188381853558087,0.07577747210701764,7.577747210701764e-06,7.577747210701764e-06,-0.018971279535884702,0.0,-0.4233868201101365,0.7452810441183346,0.4808178990897529,0.4233868201101365
337.0,0.0,0.0,-0.058632521016076175,-3.406713538973485,-4.040838107587163,-11.726504203215235,1.0,0.0,-3.565982803758739,0.4,0.0,False,0.004056997424862202,0.058632521016076175,0.2028514083881561,0.07577747210701764,7.577747210701764e-06,7.577747210701764e-06,-0.011726859642459864,0.0,-0.36591507987687377,0.6341245686136783,0.15926926478525427,0.36591507987687377
338.0,0.0,0.0,-0.027627364753761513,-3.3127309636829456,-3.912184212684054,-5.525472950752302,1.0,0.0,-3.6271458843785016,0.32,0.0,False,0.004133857499476365,0.027627364753761513,0.20669444124017505,0.07577747210701764,7.577747210701764e-06,7.577747210701764e-06,-0.005525640432032127,0.0,0.09398257529053922,0.5994532490011082,0.314414920695556,0.09398257529053922
339.0,0.0,0.0,-0.03913345978862476,-2.3847281659815005,-3.983881772401528,-7.826691957724952,1.0,0.0,-3.6829976541704097,0.23,0.0,False,0.0037957624331237593,0.03913345978862476,0.18978955982259746,0.07577747210701764,7.577747210701764e-06,7.577747210701764e-06,-0.00782692919069986,0.0,0.9280027977014451,1.5991536064200274,1.2982694881889092,0.9280027977014451
340.0,0.0,0.0,-0.1397988299881627,-2.7072246746339648,-4.159541361973101,-27.95976599763254,1.0,0.0,-3.7040803887424807,0.61,0.0,False,0.003941825586335613,0.1397988299881627,0.19709277282467272,0.07577747210701764,7.577747210701764e-06,7.577747210701764e-06,-0.027960613479365716,0.0,-0.32249650865246426,1.4523166873391364,0.9968557141085159,0.32249650865246426
341.0,0.0,0.0,-0.11386127910508671,-2.145828363787742,-4.175862335997733,-22.772255821017342,1.0,0.0,-3.7827694338728266,0.36,0.0,False,0.0040973740026954706,0.11386127910508671,0.20487025257799452,0.07577747210701764,7.577747210701764e-06,7.577747210701764e-06,-0.02277294606537894,0.0,0.5613963108462228,2.030033972209991,1.6369410700850846,0.5613963108462228
342.0,0.0,0.0,-0.17661853362843732,-2.5891062065140185,-4.142273595480351,-35.323706725687465,1.0,0.0,-3.845880606284338,0.35,0.0,False,0.004082526419861698,0.1766185336284373,0.20412786781074432,0.07577747210701764,7.577747210701764e-06,7.577747210701764e-06,-0.03532477741405447,0.0,-0.44327784272627646,1.5531673889663322,1.2567743997703196,0.44327784272627646
343.0,0.0,0.0,-0.13411688451201953,-2.6054530180769864,-3.964248347300901,-26.823376902403904,1.0,0.0,-3.912080618602141,0.04,0.0,False,0.004160060481915514,0.13411688451201953,0.20800460029011134,0.07577747210701764,7.577747210701764e-06,7.577747210701764e-06,-0.026824189939320908,0.0,-0.01634681156296791,1.3587953292239145,1.3066276005251547,0.01634681156296791
344.0,0.0,0.0,-0.13463744258478574,-2.47220079767843,-4.07211144379949,-26.927488516957148,1.0,0.0,-3.930325866826588,0.13,0.0,False,0.00390003219465741,0.13463744258478574,0.1950030874057747,0.07577747210701764,7.577747210701764e-06,7.577747210701764e-06,-0.026928304709576224,0.0,0.13325222039855644,1.5999106461210602,1.4581250691481582,0.13325222039855644
345.0,0.0,0.0,-0.14956967958573178,-2.638798050571712,-3.969614744615626,-29.913935917146354,1.0,0.0,-3.9518784563500926,-0.01,0.0,False,0.003913345372539056,0.14956967958573178,0.19566875134405184,0.07577747210701764,7.577747210701764e-06,7.577747210701764e-06,-0.029914842631253307,0.0,-0.1665972528932822,1.330816694043914,1.3130804057783805,0.1665972528932822
346.0,0.0,0.0,-0.137140501770706,-2.4061156720363455,-4.084759516253118,-27.4281003541412,1.0,0.0,-3.9679542635968605,0.08,0.0,False,0.00398693875727453,0.137140501770706,0.19934844846442878,0.07577747210701764,7.577747210701764e-06,7.577747210701764e-06,-0.027428931720685102,0.0,0.23268237853536666,1.6786438442167722,1.561838591560515,0.23268237853536666
347.0,0.0,0.0,-0.16245428493943262,-2.7194198880117915,-4.007080706010436,-32.490856987886524,1.0,0.0,-4.010255029081509,-0.13,0.0,False,0.003976460896651483,0.16245428493943262,0.19882455146334752,0.07577747210701764,7.577747210701764e-06,7.577747210701764e-06,-0.03249184181042741,0.0,-0.313304215975446,1.2876608179986446,1.2908351410697172,0.313304215975446
348.0,0.0,0.0,-0.13081299654077055,-2.9034568475355473,-4.06785798282855,-26.16259930815411,1.0,0.0,-4.030720073305898,-0.04,0.0,False,0.0038062724068259465,0.13081299654077058,0.190315062489803,0.07577747210701764,7.577747210701764e-06,7.577747210701764e-06,-0.0261633923164006,0.0,-0.18403695952375587,1.1644011352930028,1.1272632257703505,0.18403695952375587
349.0,0.0,0.0,-0.11344754940908822,-2.4792859852831803,-3.872376200209666,-22.689509881817642,1.0,0.0,-4.027599416810478,-0.1,0.0,False,0.004019117602054511,0.11344754940908822,0.20095740289558547,0.07577747210701764,7.577747210701764e-06,7.577747210701764e-06,-0.022690197618087007,0.0,0.424170862252367,1.3930902149264859,1.5483134315272977,0.424170862252367
350.0,0.0,0.0,-0.15816607493166024,-2.514711051441682,-4.072147061516092,-31.63321498633205,1.0,0.0,-4.037975325468983,-0.03,0.0,False,0.003933293863812531,0.15816607493166024,0.1966661834659568,0.07577747210701764,7.577747210701764e-06,7.577747210701764e-06,-0.03163417381309278,0.0,-0.03542506615850183,1.5574360100744098,1.5232642740273006,0.03542506615850183
351.0,0.0,0.0,-0.15967477963805435,-2.6596013073300426,-4.174073606920018,-31.934955927610872,1.0,0.0,-4.061006661726438,0.08,0.0,False,0.003939273059626659,0.15967477963805435,0.1969651455221049,0.07577747210701764,7.577747210701764e-06,7.577747210701764e-06,-0.03193592390036861,0.0,-0.14489025588836046,1.5144722995899755,1.4014053543963954,0.14489025588836046
352.0,0.0,0.0,-0.14884858938514484,-2.6201734997702366,-4.156304926500257,-29.769717877028967,1.0,0.0,-4.111519346578025,-0.02,0.0,False,0.004040679739570162,0.14884858938514484,0.2020355179409894,0.07577747210701764,7.577747210701764e-06,7.577747210701764e-06,-0.029770620219777638,0.0,0.039427807559806016,1.5361314267300208,1.4913458468077887,0.039427807559806016
353.0,0.0,0.0,-0.15880061558390277,-2.1336339785270466,-4.31076873708219,-31.76012311678055,1.0,0.0,-4.14814359803064,0.35,0.0,False,0.0038162731064662492,0.15880061558390277,0.19081510126095683,0.07577747210701764,7.577747210701764e-06,7.577747210701764e-06,-0.03176108579022307,0.0,0.48653952124319,2.1771347585551437,2.0145096195035936,0.48653952124319
354.0,0.0,0.0,-0.20584046144932805,-2.15789718955436,-4.065267662044986,-41.16809228986561,1.0,0.0,-4.208239823155353,0.07,0.0,False,0.003993952609378201,0.20584046144932805,0.19969914372707226,0.07577747210701764,7.577747210701764e-06,7.577747210701764e-06,-0.041169340125995865,0.0,-0.024263211027313325,1.9073704724906264,2.0503426336009927,0.024263211027313325
355.0,0.0,0.0,-0.2043430714720646,-2.48410984432339,-4.191502954274549,-40.86861429441292,1.0,0.0,-4.192116583369455,-0.04,0.0,False,0.004063859180411248,0.2043430714720646,0.20319449876544088,0.07577747210701764,7.577747210701764e-06,7.577747210701764e-06,-0.040869853053137783,0.0,-0.32621265476903005,1.707393109951159,1.7080067390460654,0.32621265476903005
356.0,0.0,0.0,-0.17420448761779464,-1.7208047167124803,-4.0711787034875755,-34.84089752355893,1.0,0.0,-4.201405327281998,-0.07,0.0,False,0.003947159958567169,0.1742044876177946,0.19735949345737672,0.07577747210701764,7.577747210701764e-06,7.577747210701764e-06,-0.034841953577612494,0.0,0.7633051276109097,2.3503739867750952,2.480600610569518,0.7633051276109097
357.0,0.0,0.0,-0.24898837830861528,-2.1824758669121005,-3.95602002344461,-49.797675661723055,1.0,0.0,-4.226220724379842,0.02,0.0,False,0.004159812690833897,0.24898837830861528,0.2079922106421456,0.07577747210701764,7.577747210701764e-06,7.577747210701764e-06,-0.0497991850670765,0.0,-0.46167115019962024,1.7735441565325094,2.0437448574677415,0.46167115019962024
358.0,0.0,0.0,-0.20383345589659502,-2.556953284096471,-4.050288139616206,-40.766691179319004,1.0,0.0,-4.210782838348091,-0.14,0.0,False,0.004269558938955278,0.20383345589659502,0.21347956462968093,0.07577747210701764,7.577747210701764e-06,7.577747210701764e-06,-0.040767926848676875,0.0,-0.37447741718437033,1.493334855519735,1.6538295542516206,0.37447741718437033
359.0,0.0,0.0,-0.16441165338788127,-2.9952087492693327,-3.9773617219832595,-32.882330677576256,1.0,0.0,-4.220887655798142,0.15,0.0,False,0.00436206012112705,0.16441165338788127,0.2181046587857983,0.07577747210701764,7.577747210701764e-06,7.577747210701764e-06,-0.03288332736598187,0.0,-0.43825546517286185,0.9821529727139269,1.2256789065288096,0.43825546517286185
360.0,0.0,0.0,-0.1227576707187393,-3.043958026567554,-4.176799288690916,-24.551534143747862,1.0,0.0,-4.201132111472676,0.02,0.0,False,0.0040012757158860495,0.1227576707187393,0.20006530182709725,0.07577747210701764,7.577747210701764e-06,7.577747210701764e-06,-0.02455227831938617,0.0,-0.048749277298221205,1.1328412621233626,1.157174084905122,0.048749277298221205
361.0,0.0,0.0,-0.11886941232568654,-2.3692032778040906,-4.240026925102037,-23.77388246513731,1.0,0.0,-4.222831967786568,0.0,0.0,False,0.003987040531608505,0.11886941232568653,0.19935353721968863,0.07577747210701764,7.577747210701764e-06,7.577747210701764e-06,-0.02377460306956288,0.0,0.6747547487634633,1.8708236472979465,1.8536286899824779,0.6747547487634633
362.0,0.0,0.0,-0.1858688768696655,-2.1995979039302127,-4.055639600946607,-37.1737753739331,1.0,0.0,-4.2326971879423025,0.12,0.0,False,0.0038161514512816534,0.1858688768696655,0.19080901845563344,0.07577747210701764,7.577747210701764e-06,7.577747210701764e-06,-0.03717490213928532,0.0,0.16960537387387786,1.8560416970163947,2.03309928401209,0.16960537387387786
363.0,0.0,0.0,-0.20238954012009294,-2.735518765257144,-4.0110931606391516,-40.47790802401859,1.0,0.0,-4.227962469868906,0.03,0.0,False,0.0037788162752553254,0.20238954012009297,0.1889422455084907,0.07577747210701764,7.577747210701764e-06,7.577747210701764e-06,-0.04047913494013979,0.0,-0.5359208613269315,1.2755743953820073,1.492443704611762,0.5359208613269315
364.0,0.0,0.0,-0.14640146706985238,-2.701464053884091,-3.96790920543614,-29.280293413970476,1.0,0.0,-4.223569987969796,0.11,0.0,False,0.003920063356703587,0.14640146706985238,0.19600465309763765,0.07577747210701764,7.577747210701764e-06,7.577747210701764e-06,-0.029281180921892122,0.0,0.03405471137305316,1.2664451515520487,1.522105934085705,0.03405471137305316
365.0,0.0,0.0,-0.14974556585956292,-2.6425096649533395,-3.97132179248932,-29.949113171912586,1.0,0.0,-4.199588905621103,0.1,0.0,False,0.003558189042613344,0.14974556585956292,0.1779108002835218,0.07577747210701764,7.577747210701764e-06,7.577747210701764e-06,-0.02995002095226883,0.0,0.058954388930751556,1.3288121275359805,1.5570792406677634,0.058954388930751556
366.0,0.0,0.0,-0.1548208992445416,-3.5226335633206043,-3.8868685498859485,-30.96417984890832,1.0,0.0,-4.198976449181919,0.05,0.0,False,0.003359081225170041,0.15482089924454157,0.16795533397192122,0.07577747210701764,7.577747210701764e-06,7.577747210701764e-06,-0.030965118396706136,0.0,-0.8801238983672648,0.36423498656534425,0.676342885861315,0.8801238983672648
367.0,0.0,0.0,-0.06735546492355729,-4.14510618711509,-3.9772962498140068,-13.471092984711458,1.0,0.0,-4.190777317080624,0.03,0.0,False,0.003195926869376814,0.06735546492355729,0.15979755436513668,0.07577747210701764,7.577747210701764e-06,7.577747210701764e-06,-0.013471501303766467,0.0,-0.6224726237944855,-0.16780993730108307,0.04567112996553391,0.6224726237944855
368.0,0.0,0.0,-0.0033936100726721656,-4.911891109687716,-4.094840825035957,-0.6787220145344331,1.0,0.0,-4.196213732690499,0.0,0.0,False,0.0031182643946047572,0.0037455114275387023,0.15591440120120376,0.07577747210701764,7.577747210701764e-06,7.577747210701764e-06,-0.0006787425871139486,0.0,-0.7667849225726258,-0.8170502846517582,-0.7156773769972169,0.7667849225726258
369.0,0.0,0.0,0.07264077340086743,-4.045707789148265,-4.052261270566859,14.528154680173486,1.0,0.0,-4.179043573637775,-0.09,0.0,False,0.003208841667180695,0.07264077340086743,0.1604432991485844,0.07577747210701764,7.577747210701764e-06,7.577747210701764e-06,0.014528595039570958,0.0,0.8661833205394505,0.0065534814185941315,0.13333578448950956,0.8661833205394505
370.0,0.0,0.0,-0.016042693936979574,-3.5511259762041196,-4.176688642468342,-3.2085387873959146,1.0,0.0,-4.185455853008141,0.03,0.0,False,0.0032251007544031613,0.016042693936979574,0.16125625967007035,0.07577747210701764,7.577747210701764e-06,7.577747210701764e-06,-0.0032086360406423375,0.0,0.4945818129441455,0.6255626662642224,0.6343298768040211,0.4945818129441455
371.0,0.0,0.0,-0.06795818728173257,-4.392615645095557,-4.114479871844992,-13.591637456346513,1.0,0.0,-4.206140806892022,-0.09,0.0,False,0.0032789819507634296,0.06795818728173256,0.16395033990298802,0.07577747210701764,7.577747210701764e-06,7.577747210701764e-06,-0.013592049429195969,0.0,-0.8414896688914371,-0.2781357732505647,-0.1864748382035346,0.8414896688914371
372.0,0.0,0.0,0.015402007736561831,-3.9678672950653953,-4.209010365838679,3.0804015473123663,1.0,0.0,-4.2307335975196505,-0.09,0.0,False,0.0036230671505075506,0.015402007736561831,0.1811547302597272,0.07577747210701764,7.577747210701764e-06,7.577747210701764e-06,0.0030804949166217664,0.0,0.4247483500301614,0.24114307077328334,0.26286630245425524,0.4247483500301614
373.0,0.0,0.0,-0.02965074767975013,-4.126438405265608,-4.269611864316174,-5.930149535950026,1.0,0.0,-4.23858973210388,-0.02,0.0,False,0.0038519070690051895,0.029650747679750133,0.1925968128891619,0.07577747210701764,7.577747210701764e-06,7.577747210701764e-06,-0.005930329283284361,0.0,-0.15857111020021275,0.14317345905056555,0.11215132683827189,0.15857111020021275
374.0,0.0,0.0,-0.017087695067198178,-4.701155333590302,-4.350186007426571,-3.4175390134396353,1.0,0.0,-4.264386006156423,0.05,0.0,False,0.003735997593851025,0.017087695067198178,0.18680129521481853,0.07577747210701764,7.577747210701764e-06,7.577747210701764e-06,-0.0034176426016415736,0.0,-0.574716928324694,-0.3509693261637308,-0.4367693274338791,0.574716928324694
375.0,0.0,0.0,0.0384227379509982,-4.463680163467586,-4.4224762523970975,7.6845475901996405,1.0,0.0,-4.297321830249271,-0.03,0.0,False,0.003965464309634097,0.0384227379509982,0.19827471794601043,0.07577747210701764,7.577747210701764e-06,7.577747210701764e-06,0.007684780514670859,0.0,0.2374751701227158,-0.04120391107048871,-0.16635833321831495,0.2374751701227158
376.0,0.0,0.0,0.008958014753079882,-4.018004962654221,-4.435814648260327,1.7916029506159763,1.0,0.0,-4.316913396190554,0.21,0.0,False,0.003913516773573552,0.008967716451844772,0.19567732146071834,0.07577747210701764,7.577747210701764e-06,7.577747210701764e-06,0.0017916572554615132,0.0,0.44567520081336554,0.4178096856061062,0.298908433536333,0.44567520081336554
377.0,0.0,0.0,-0.03924472968412495,-3.702819879833924,-4.4744236018694465,-7.8489459368249905,1.0,0.0,-4.374096621858222,0.16,0.0,False,0.003911469207157838,0.03924472968412495,0.1955749423641356,0.07577747210701764,7.577747210701764e-06,7.577747210701764e-06,-0.007849183844334898,0.0,0.3151850828202969,0.7716037220355227,0.6712767420242978,0.3151850828202969
378.0,0.0,0.0,-0.07186465615144053,-3.410324176909428,-4.329093877148209,-14.372931230288106,1.0,0.0,-4.410467128827515,0.08,0.0,False,0.003816771399404475,0.07186465615144053,0.19084001609666504,0.07577747210701764,7.577747210701764e-06,7.577747210701764e-06,-0.014373366884744972,0.0,0.29249570292449567,0.9187697002387805,1.0001429519180864,0.29249570292449567
379.0,0.0,0.0,-0.10308540626546206,-3.750829918095052,-4.426093265850613,-20.61708125309241,1.0,0.0,-4.421493669958213,-0.15,0.0,False,0.0040109623693250955,0.10308540626546206,0.2005496381692001,0.07577747210701764,7.577747210701764e-06,7.577747210701764e-06,-0.020617706172476744,0.0,-0.3405057411856238,0.6752633477555614,0.6706637518631613,0.3405057411856238
380.0,0.0,0.0,-0.06718817404870113,-3.4959568027903405,-4.272402491289366,-13.437634809740226,1.0,0.0,-4.441217297321537,0.05,0.0,False,0.003944812591771969,0.06718817404870113,0.19724212422822912,0.07577747210701764,7.577747210701764e-06,7.577747210701764e-06,-0.01343804211465255,0.0,0.25487311530471146,0.7764456884990256,0.9452604945311966,0.25487311530471146
381.0,0.0,0.0,-0.09241405238758463,-2.663353562779819,-4.219102072599593,-18.482810477516924,1.0,0.0,-4.422737115331987,0.01,0.0,False,0.0039171028358013634,0.09241405238758464,0.19585662593082256,0.07577747210701764,7.577747210701764e-06,7.577747210701764e-06,-0.01848337070553381,0.0,0.8326032400105214,1.5557485098197743,1.7593835525521682,0.8326032400105214
382.0,0.0,0.0,-0.1773994020945786,-2.9769288358971306,-4.2769755748456415,-35.47988041891572,1.0,0.0,-4.420132341182571,-0.1,0.0,False,0.004109086445491692,0.17739940209457863,0.20545587915550212,0.07577747210701764,7.577747210701764e-06,7.577747210701764e-06,-0.03548095584102593,0.0,-0.3135752731173116,1.3000467389485109,1.4432035052854402,0.3135752731173116
383.0,0.0,0.0,-0.1456775904167918,-3.8989755606312415,-4.37838187168623,-29.13551808335836,1.0,0.0,-4.437414798116823,0.11,0.0,False,0.003911969087796583,0.1456775904167918,0.19559993658547128,0.07577747210701764,7.577747210701764e-06,7.577747210701764e-06,-0.02913640120302983,0.0,-0.9220467247341109,0.47940631105498843,0.5384392374855813,0.9220467247341109
384.0,0.0,0.0,-0.056100995898716255,-4.845599848007697,-4.482140055325633,-11.22019917974325,1.0,0.0,-4.433759935462769,0.03,0.0,False,0.003911815992331665,0.05610099589871626,0.19559228175421947,0.07577747210701764,7.577747210701764e-06,7.577747210701764e-06,-0.011220539272498255,0.0,-0.9466242873764554,-0.36345979268206374,-0.41183991254492813,0.9466242873764554
385.0,0.0,0.0,0.03544517879070551,-5.501113806253592,-4.605667451300301,7.089035758141102,1.0,0.0,-4.460006775576662,0.24,0.0,False,0.003855062710403493,0.0354451787907055,0.1927545961547097,0.07577747210701764,7.577747210701764e-06,7.577747210701764e-06,0.007089250632196605,0.0,-0.6555139582458951,-0.8954463549532914,-1.0411070306769297,0.6555139582458951
386.0,0.0,0.0,0.09682470173050912,-5.416909680146274,-4.645622255705066,19.364940346101825,1.0,0.0,-4.491134630370407,0.18,0.0,False,0.0038313381871785167,0.09682470173050912,0.1915683610045389,0.07577747210701764,7.577747210701764e-06,7.577747210701764e-06,0.019365527312144703,0.0,0.08420412610731809,-0.7712874244412076,-0.9257750497758668,0.08420412610731809
387.0,0.0,0.0,0.0886596030319527,-5.076145372333857,-4.598841850261566,17.73192060639054,1.0,0.0,-4.532830103292828,-0.06,0.0,False,0.003930722078908173,0.0886596030319527,0.1965375932463221,0.07577747210701764,7.577747210701764e-06,7.577747210701764e-06,0.01773245807436539,0.0,0.3407643078124165,-0.4773035220722912,-0.5433152690410292,0.3407643078124165
388.0,0.0,0.0,0.05173420286947364,-5.418980780294062,-4.638826441899761,10.346840573894728,1.0,0.0,-4.530280057823769,0.04,0.0,False,0.003962859798984969,0.05173420286947364,0.19814449142673785,0.07577747210701764,7.577747210701764e-06,7.577747210701764e-06,0.010347154194487375,0.0,-0.3428354079602043,-0.7801543383943006,-0.8887007224702925,0.3428354079602043
389.0,0.0,0.0,0.08322684522590995,-5.3029574887639725,-4.653663970885568,16.64536904518199,1.0,0.0,-4.5587837422035475,0.03,0.0,False,0.003967112392999676,0.08322684522590997,0.1983571227387273,0.07577747210701764,7.577747210701764e-06,7.577747210701764e-06,0.01664587357895416,0.0,0.11602329153008917,-0.6492935178784043,-0.744173746560425,0.11602329153008917
390.0,0.0,0.0,0.0672251335494466,-6.1160256089418725,-4.721092146967466,13.445026709889321,1.0,0.0,-4.5866807944352495,0.18,0.0,False,0.003915795221660599,0.06722513354944659,0.19579124472834586,0.07577747210701764,7.577747210701764e-06,7.577747210701764e-06,0.013445434238855752,0.0,-0.8130681201779,-1.3949334619744063,-1.529344814506623,0.8130681201779
391.0,0.0,0.0,0.14472095725450532,-6.736445100304898,-4.790035997517465,28.944191450901062,1.0,0.0,-4.630680682516095,0.14,0.0,False,0.003837224415463126,0.14472095725450532,0.19186267464898688,0.07577747210701764,7.577747210701764e-06,7.577747210701764e-06,0.028945068771317056,0.0,-0.6204194913630259,-1.9464091027874337,-2.1057644177888033,0.6204194913630259
392.0,0.0,0.0,0.20535723373377068,-6.967786046908994,-4.801590736420137,41.071446746754134,1.0,0.0,-4.668761203455313,0.05,0.0,False,0.0037574854603141666,0.20535723373377068,0.1878756966794567,0.07577747210701764,7.577747210701764e-06,7.577747210701764e-06,0.04107269165348461,0.0,-0.23134094660409588,-2.166195310488857,-2.2990248434536813,0.23134094660409588
393.0,0.0,0.0,0.22342530771906316,-7.520127854354415,-5.013493273679378,44.68506154381263,1.0,0.0,-4.682794955706938,0.44,0.0,False,0.0037425158762012687,0.22342530771906316,0.1871272118020255,0.07577747210701764,7.577747210701764e-06,7.577747210701764e-06,0.04468641598195089,0.0,-0.5523418074454209,-2.506634580675037,-2.8373328986474773,0.5523418074454209
394.0,0.0,0.0,0.27394824504754234,-7.729361289240382,-5.010887981154947,54.78964900950847,1.0,0.0,-4.733448316693247,0.37,0.0,False,0.0038826724307879997,0.27394824504754234,0.19413509263490908,0.07577747210701764,7.577747210701764e-06,7.577747210701764e-06,0.054791309725363765,0.0,-0.20923343488596657,-2.718473308085435,-2.995912972547135,0.20923343488596657
395.0,0.0,0.0,0.2882622488994966,-7.687876709952097,-5.01205581572654,57.652449779899314,1.0,0.0,-4.7805416083515055,0.42,0.0,False,0.003652980603514696,0.2882622488994966,0.1826504142439137,0.07577747210701764,7.577747210701764e-06,7.577747210701764e-06,0.05765419726941927,0.0,0.04148457928828453,-2.6758208942255575,-2.9073351016005917,0.04148457928828453
396.0,0.0,0.0,0.28128247986145444,-7.1457529223994944,-4.852014332650919,56.25649597229089,1.0,0.0,-4.846629581322791,-0.16,0.0,False,0.003966364781071532,0.28128247986145444,0.19831974185905946,0.07577747210701764,7.577747210701764e-06,7.577747210701764e-06,0.05625820114939119,0.0,0.5421237875526028,-2.2937385897485756,-2.2991233410767036,0.5421237875526028
397.0,0.0,0.0,0.22296116572042707,-7.444442982601231,-4.909536560362705,44.59223314408541,1.0,0.0,-4.874945336961196,0.05,0.0,False,0.003872727161941906,0.2229611657204271,0.19363782542446772,0.07577747210701764,7.577747210701764e-06,7.577747210701764e-06,0.04459358476852441,0.0,-0.2986900602017366,-2.5349064222385262,-2.569497645640035,0.2986900602017366
398.0,0.0,0.0,0.252980453109171,-6.964609925037352,-4.781590217254848,50.5960906218342,1.0,0.0,-4.916056788027644,-0.02,0.0,False,0.003929410088345429,0.25298045310917094,0.19647199322108833,0.07577747210701764,7.577747210701764e-06,7.577747210701764e-06,0.05059762422775121,0.0,0.4798330575638792,-2.1830197077825035,-2.0485531370097076,0.4798330575638792
399.0,0.0,0.0,0.2049707499304166,-7.174990187858405,-4.902850906184769,40.99414998608332,1.0,0.0,-4.914542600413378,-0.11,0.0,False,0.004026895350240251,0.20497074993041664,0.20134629325176295,0.07577747210701764,7.577747210701764e-06,7.577747210701764e-06,0.0409953925498903,0.0,-0.2103802628210527,-2.2721392816736357,-2.260447587445027,0.2103802628210527
