t,mean_abs_delta_real,mean_abs_delta_planning,mean_action,price,v_true,total_demand,mean_k,xs_k_std,mean_belief,mean_correctness,mean_salience,regime_post,xs_action_std,xs_action_mean_abs,xs_belief_std,xs_sigma_mean,xs_rho_mean,xs_rho_max,mean_myopic_term,mean_hedging_term,ret,mispricing_true,mispricing_belief,vol_proxy
0.0,0.0,0.0,0.0013358622563708691,-0.2058034029730715,-0.05296894767710282,0.26717245127417383,1.0,0.0,0.0,-0.76,0.0,False,0.009587914197235191,0.007391909684662241,0.47941466909570685,0.39548192771084345,3.954819277108434e-05,3.954819277108435e-05,0.0002672147143531698,0.0,0.0,-0.15283445529596867,-0.2058034029730715,0.0
1.0,0.0,0.0,0.022006907609653556,-0.7989843324527297,0.013352135970670614,4.401381521930711,1.0,0.0,0.013361264110610217,0.14,0.0,False,0.008303146336365873,0.02200690760965355,0.415167683666845,0.24970892072370304,2.4970892072370302e-05,2.4970892072370302e-05,0.0044018211366449525,0.0,-0.5931809294796582,-0.8123364684234003,-0.8123455965633399,0.5931809294796582
2.0,0.0,0.0,0.08666857895199438,-0.7713539814246287,-0.00612609494495359,17.333715790398877,1.0,0.0,0.014293149729202332,0.18,0.0,False,0.007443318120073279,0.08666857895199438,0.3721728121274058,0.1855657283607953,1.8556572836079535e-05,1.8556572836079532e-05,0.01733500238396244,0.0,0.027630351028100963,-0.7652278864796751,-0.7856471311538311,0.027630351028100963
3.0,0.0,0.0,0.08776020440768334,-0.26919404509343475,0.19763057289654334,17.55204088153667,1.0,0.0,0.06778187065710982,0.05,0.0,False,0.00728283671182898,0.08776020440768334,0.3641473099004938,0.15033452654348473,1.5033452654348474e-05,1.503345265434847e-05,0.017553096336771844,0.0,0.5021599363311939,-0.4668246179899781,-0.3369759157505446,0.5021599363311939
4.0,0.0,0.0,0.03887205872465907,-0.5801203898559067,0.26385852672095805,7.774411744931815,1.0,0.0,0.10631402959609906,0.18,0.0,False,0.006461064162291744,0.03887205872465908,0.32305736291460596,0.12861039341098898,1.28610393410989e-05,1.2861039341098898e-05,0.0077748116878493465,0.0,-0.310926344762472,-0.8439789165768647,-0.6864344194520058,0.310926344762472
5.0,0.0,0.0,0.07394696877528605,-0.08037316566261188,0.13676740149835415,14.78939375505721,1.0,0.0,0.1195515389069819,0.02,0.0,False,0.006258885569405881,0.07394696877528606,0.31294785378003454,0.11424748706068398,1.1424748706068395e-05,1.1424748706068397e-05,0.014790069607764422,0.0,0.49974722419329487,-0.21714056716096602,-0.19992470456959377,0.49974722419329487
6.0,0.0,0.0,0.027996294286206334,0.268094845569213,0.26976358164082187,5.599258857241267,1.0,0.0,0.15939153917374496,0.14,0.0,False,0.006001331170061366,0.02799629428620634,0.3000696884628944,0.10430885206491432,1.0430885206491433e-05,1.0430885206491434e-05,0.005599492475709945,0.0,0.34846801123182486,-0.0016687360716088895,0.10870330639546802,0.34846801123182486
7.0,0.0,0.0,-0.0037247979103712885,0.08403917487660925,0.4852728538391101,-0.7449595820742577,1.0,0.0,0.19960437850604681,0.18,0.0,False,0.005709825378884767,0.005514347251322758,0.28549404429041425,0.09721299660661761,9.721299660661762e-06,9.721299660661762e-06,-0.0007449885496939844,0.0,-0.18405567069260373,-0.40123367896250084,-0.11556520362943756,0.18405567069260373
8.0,0.0,0.0,0.017238062033418457,0.6553295183353428,0.4700910929356097,3.4476124066836915,1.0,0.0,0.230845055971667,0.09,0.0,False,0.0054945014107461426,0.017238062033418457,0.27472759890961734,0.09203282049648383,9.20328204964838e-06,9.203282049648383e-06,0.003447739322913151,0.0,0.5712903434587335,0.18523842539973312,0.4244844623636758,0.5712903434587335
9.0,0.0,0.0,-0.03192547403832947,0.8648519828413741,0.6011605611174528,-6.385094807665893,1.0,0.0,0.2564277275481379,0.4,0.0,False,0.005195520548872623,0.03192547403832947,0.25977831839317966,0.08818941343401722,8.818941343401728e-06,8.818941343401726e-06,-0.006385320044785859,0.0,0.2095224645060313,0.26369142172392135,0.6084242552932362,0.2095224645060313
10.0,0.0,0.0,-0.05057184259897489,0.4216900209941096,0.42352422478720153,-10.114368519794978,1.0,0.0,0.3360607005079031,0.12,0.0,False,0.004914186761580068,0.050571842598974896,0.24571143406378698,0.08530342395407306,8.530342395407304e-06,8.530342395407304e-06,-0.01011471363295739,0.0,-0.4431619618472645,-0.0018342037930919042,0.08562932048620653,0.4431619618472645
11.0,0.0,0.0,-0.004763533546291161,-0.046950277347229175,0.3391307678929867,-0.9527067092582322,1.0,0.0,0.35911198709497855,0.02,0.0,False,0.004729404636754164,0.0055389752284101855,0.23647219730228564,0.08311678650488098,8.311678650488098e-06,8.311678650488098e-06,-0.0009527383833630288,0.0,-0.4686402983413388,-0.38608104524021586,-0.4060622644422077,0.4686402983413388
12.0,0.0,0.0,0.042944356285346555,-0.6306985770452649,0.2686373813003876,8.58887125706931,1.0,0.0,0.37405270588319417,-0.01,0.0,False,0.004610512279827638,0.042944356285346555,0.23052749159300545,0.08144872021105272,8.144872021105273e-06,8.144872021105272e-06,0.008589151075819004,0.0,-0.5837482996980357,-0.8993359583456525,-1.004751282928459,0.5837482996980357
13.0,0.0,0.0,0.10423072752410129,-1.0995189854560101,0.3420167428056527,20.846145504820257,1.0,0.0,0.38251077432053515,-0.1,0.0,False,0.004597153352769303,0.10423072752410129,0.22985951039883765,0.0801696280765907,8.016962807659075e-06,8.016962807659074e-06,0.0208468139905538,0.0,-0.46882040841074524,-1.4415357282616628,-1.4820297597765453,0.46882040841074524
14.0,0.0,0.0,0.15333868878043228,-1.1055495444594468,0.47027378572874273,30.667737756086456,1.0,0.0,0.41165047888904616,-0.01,0.0,False,0.004793538225230078,0.15333868878043228,0.23967880914073758,0.07918490036140627,7.918490036140629e-06,7.918490036140629e-06,0.03066870911709814,0.0,-0.006030559003436631,-1.5758233301881894,-1.5172000233484928,0.006030559003436631
15.0,0.0,0.0,0.1553159513572797,-0.9268688709032266,0.48537016874733446,31.06319027145594,1.0,0.0,0.43392861289227513,0.16,0.0,False,0.0045232012637425115,0.1553159513572797,0.2261618368354711,0.07842447161267904,7.842447161267904e-06,7.842447161267904e-06,0.03106416470952743,0.0,0.1786806735562202,-1.412239039650561,-1.3607974837955017,0.1786806735562202
16.0,0.0,0.0,0.14119189715170782,-0.7245388566967604,0.5223978537887234,28.238379430341563,1.0,0.0,0.447670871970442,0.14,0.0,False,0.004291792759866186,0.14119189715170782,0.2145913082702914,0.07783586373121831,7.78358637312183e-06,7.783586373121831e-06,0.02823925860695975,0.0,0.20233001420646612,-1.2469367104854838,-1.1722097286672024,0.20233001420646612
17.0,0.0,0.0,0.12381314722445279,-0.5358356799593822,0.5332390030528228,24.762629444890557,1.0,0.0,0.4851050495801851,-0.14,0.0,False,0.004423426451968797,0.12381314722445279,0.22117303400931324,0.07737942031791788,7.73794203179179e-06,7.737942031791787e-06,0.02476339588612466,0.0,0.18870317673737824,-1.069074683012205,-1.0209407295395674,0.18870317673737824
18.0,0.0,0.0,0.10414391100872099,-1.5633458064108197,0.5503155502397663,20.828782201744197,1.0,0.0,0.5136405184955666,0.06,0.0,False,0.00428192576728952,0.10414391100872099,0.21409793744036354,0.07702496386752834,7.702496386752833e-06,7.702496386752835e-06,0.020829423931279865,0.0,-1.0275101264514375,-2.113661356650586,-2.076986324906386,1.0275101264514375
19.0,0.0,0.0,0.20862058591934404,-1.0824551447067123,0.5257962873518434,41.724117183868806,1.0,0.0,0.5056435385327395,0.05,0.0,False,0.004127989041185341,0.208620585919344,0.20640103616275474,0.07674940373398333,7.674940373398337e-06,7.674940373398335e-06,0.04172539809448397,0.0,0.4808906617041073,-1.6082514320585557,-1.5880986832394517,0.4808906617041073
20.0,0.0,0.0,0.16210321459478677,-0.49910998758371117,0.510511077330524,32.420642918957356,1.0,0.0,0.5229401103105008,0.1,0.0,False,0.004196174087738374,0.16210321459478677,0.20981031015774707,0.07653499567330325,7.653499567330326e-06,7.653499567330328e-06,0.03242163543686733,0.0,0.5833451571230012,-1.0096210649142352,-1.022050097894212,0.5833451571230012
21.0,0.0,0.0,0.10586150380648623,-0.9148346825520809,0.6034290517502776,21.172300761297247,1.0,0.0,0.5386390340852938,0.04,0.0,False,0.004242506735353498,0.10586150380648623,0.21212695672767476,0.07636805789007794,7.636805789007794e-06,7.636805789007795e-06,0.021172947511354224,0.0,-0.4157246949683697,-1.5182637343023586,-1.4534737166373746,0.4157246949683697
22.0,0.0,0.0,0.1556209849908804,-0.054415122684543515,0.9134006238529633,31.12419699817608,1.0,0.0,0.5595454726684065,0.58,0.0,False,0.00423644016278559,0.1556209849908804,0.2118236230281822,0.07623801307922962,7.623801307922961e-06,7.623801307922962e-06,0.031125146129715234,0.0,0.8604195598675374,-0.9678157465375068,-0.61396059535295,0.8604195598675374
23.0,0.0,0.0,0.07360478428120562,-0.007376176929852551,0.9533012205489654,14.720956856241123,1.0,0.0,0.6414344885301695,0.24,0.0,False,0.004340561097125145,0.07360478428120562,0.21702970723553344,0.07613666709092755,7.613666709092755e-06,7.613666709092754e-06,0.014721405174664338,0.0,0.04703894575469096,-0.960677397478818,-0.6488106654600221,0.04703894575469096
24.0,0.0,0.0,0.07507508672157653,0.003677405725105545,0.9979661380093583,15.015017344315305,1.0,0.0,0.6816607402422978,0.39,0.0,False,0.004027352648801498,0.07507508672157653,0.2013691639952019,0.07605766172517958,7.605766172517959e-06,7.605766172517959e-06,0.015015474143684971,0.0,0.011053582654958096,-0.9942887322842527,-0.6779833345171923,0.011053582654958096
25.0,0.0,0.0,0.07516109876642459,0.08895010801762193,0.8594613685679909,15.032219753284917,1.0,0.0,0.743403240463661,-0.02,0.0,False,0.0040993580618196015,0.07516109876642459,0.20496946076622766,0.07599605714348504,7.599605714348504e-06,7.599605714348505e-06,0.015032676705584794,0.0,0.08527270229251639,-0.770511260550369,-0.6544531324460391,0.08527270229251639
26.0,0.0,0.0,0.06903767842570852,-1.1178253973825292,0.8255656088725725,13.807535685141703,1.0,0.0,0.7553169531251348,0.05,0.0,False,0.0040681982917065,0.06903767842570852,0.20341145944318187,0.07594801167850262,7.594801167850264e-06,7.594801167850261e-06,0.013807955143908575,0.0,-1.206775505400151,-1.9433910062551016,-1.8731423505076639,1.206775505400151
27.0,0.0,0.0,0.19474282106102286,-1.1924773686906336,0.868883766131113,38.94856421220457,1.0,0.0,0.7793531086467432,0.15,0.0,False,0.004073793019800024,0.19474282106102286,0.20369119720904727,0.07591053539720918,7.591053539720918e-06,7.59105353972092e-06,0.03894974684577204,0.0,-0.07465197130810441,-2.0613611348217464,-1.971830477337377,0.07465197130810441
28.0,0.0,0.0,0.21024377107506395,-0.41091599745993157,1.0224050210238875,42.04875421501279,1.0,0.0,0.8296767283867564,0.36,0.0,False,0.004040349998444583,0.21024377107506395,0.20201903285727804,0.07588129986214319,7.588129986214318e-06,7.588129986214319e-06,0.04205003049097918,0.0,0.781561371230702,-1.4333210184838192,-1.240592725846688,0.781561371230702
29.0,0.0,0.0,0.1342461560605573,-0.4652153729409202,1.005874388630448,26.84923121211146,1.0,0.0,0.9100401099131897,0.01,0.0,False,0.004061890431350939,0.1342461560605573,0.20309606221193915,0.07585849092897277,7.585849092897274e-06,7.5858490928972765e-06,0.026850045902796275,0.0,-0.05429937548098862,-1.4710897615713683,-1.37525548285411,0.05429937548098862
30.0,0.0,0.0,0.14332259663604457,-0.09372227852075021,1.109999405558677,28.664519327208914,1.0,0.0,0.9315964816997,0.22,0.0,False,0.003950412454222405,0.14332259663604457,0.19752212072124326,0.0758406946332553,7.58406946332553e-06,7.5840694633255315e-06,0.028665388895436888,0.0,0.37149309442017,-1.2037216840794271,-1.02531876022045,0.37149309442017
31.0,0.0,0.0,0.10787337876506871,0.20513857279807446,1.0743770868907976,21.574675753013743,1.0,0.0,0.968064941845953,0.17,0.0,False,0.0036290848567006547,0.10787337876506871,0.18145561874464686,0.07582680859941437,7.582680859941435e-06,7.582680859941435e-06,0.021575330123575428,0.0,0.29886085131882467,-0.8692385140927231,-0.7629263690478786,0.29886085131882467
32.0,0.0,0.0,0.0795285626833023,0.08096794375782812,0.9604820182618441,15.905712536660461,1.0,0.0,0.9850524076001598,-0.05,0.0,False,0.0038125222955251465,0.0795285626833023,0.19062756002669795,0.07581597318505708,7.58159731850571e-06,7.581597318505709e-06,0.015906194895833472,0.0,-0.12417062904024634,-0.879514074504016,-0.9040844638423317,0.12417062904024634
33.0,0.0,0.0,0.09472778347493799,0.09433578543136442,1.0507694595191939,18.945556694987598,1.0,0.0,1.0004543473079766,-0.1,0.0,False,0.0038899496178142344,0.09472778347493797,0.19449895532783848,0.07580751791624726,7.580751791624726e-06,7.580751791624725e-06,0.01894613117688402,0.0,0.013367841673536301,-0.9564336740878294,-0.9061185618766121,0.013367841673536301
34.0,0.0,0.0,0.0939193307889372,0.47132091787891833,0.9499792919466676,18.78386615778744,1.0,0.0,1.0282816838979223,-0.09,0.0,False,0.003942023498450918,0.0939193307889372,0.19710266896758094,0.07580091978879354,7.580091978879353e-06,7.580091978879353e-06,0.018784435687203133,0.0,0.37698513244755394,-0.4786583740677493,-0.5569607660190039,0.37698513244755394
35.0,0.0,0.0,0.05880448056495538,0.31434574589321396,0.9607200604752563,11.760896112991077,1.0,0.0,1.033564689179035,-0.02,0.0,False,0.0038152882841824332,0.058804480564955394,0.19076586012270308,0.07579577078909383,7.579577078909383e-06,7.579577078909382e-06,0.01176125268076286,0.0,-0.15697517198570438,-0.6463743145820423,-0.7192189432858211,0.15697517198570438
36.0,0.0,0.0,0.0748664670483664,0.8384646674057293,0.9907979054964171,14.97329340967328,1.0,0.0,1.0593880091831231,0.06,0.0,False,0.003688164149614402,0.0748664670483664,0.18440960514284366,0.0757917525852373,7.579175258523732e-06,7.579175258523731e-06,0.014973747347092599,0.0,0.5241189215125154,-0.15233323809068777,-0.2209233417773938,0.5241189215125154
37.0,0.0,0.0,0.02338710595928482,0.5269674093132624,0.9246260005333594,4.677421191856964,1.0,0.0,1.0630387876806149,-0.05,0.0,False,0.0038389811663604653,0.02338710595928482,0.19195051307338584,0.07578861679880576,7.578861679880579e-06,7.578861679880576e-06,0.004677562988895228,0.0,-0.311497258092467,-0.39765859122009706,-0.5360713783673525,0.311497258092467
38.0,0.0,0.0,0.054112073084620314,1.0295225676070299,0.827088065280573,10.822414616924062,1.0,0.0,1.0723445893806351,-0.06,0.0,False,0.003936286638853799,0.0541120730846203,0.1968158235231244,0.07578616962277836,7.578616962277834e-06,7.5786169622778345e-06,0.010822742690177679,0.0,0.5025551582937675,0.20243450232645688,-0.04282202177360528,0.5025551582937675
39.0,0.0,0.0,0.0035984996351920324,1.5927531632382954,0.8989220332652529,0.7196999270384065,1.0,0.0,1.0681086448932127,0.05,0.0,False,0.003721122125124449,0.004288774277233089,0.1860575162686523,0.07578425982564119,7.5784259825641195e-06,7.5784259825641195e-06,0.0007197217436435777,0.0,0.5632305956312655,0.6938311299730425,0.5246445183450827,0.5632305956312655
40.0,0.0,0.0,-0.055127811813015966,0.5377117095646984,1.0309785374796312,-11.025562362603193,1.0,0.0,1.0655089275071068,0.0,0.0,False,0.0037142437516670384,0.055127811813015966,0.18571359496174045,0.07578276939476822,7.578276939476819e-06,7.5782769394768205e-06,-0.011025896579130397,0.0,-1.055041453673597,-0.4932668279149328,-0.5277972179424084,1.055041453673597
41.0,0.0,0.0,0.04977986027426715,0.2645191966804521,0.9033291056766631,9.955972054853431,1.0,0.0,1.0414541564168864,0.11,0.0,False,0.0037558564673878057,0.04977986027426715,0.18779424649356974,0.07578160623748331,7.5781606237483355e-06,7.578160623748335e-06,0.009956273844388007,0.0,-0.2731925128842463,-0.638809908996211,-0.7769349597364343,0.2731925128842463
42.0,0.0,0.0,0.08043544240752329,0.581549165311516,1.1016472098430259,16.087088481504658,1.0,0.0,1.0355291742962192,0.14,0.0,False,0.0036979600782526467,0.08043544240752329,0.1848994050826209,0.07578069848672941,7.578069848672939e-06,7.578069848672941e-06,0.01608757611413004,0.0,0.3170299686310639,-0.5200980445315099,-0.45398000898470314,0.3170299686310639
43.0,0.0,0.0,0.05199225856968872,0.5145873342470675,1.1081329524268904,10.398451713937744,1.0,0.0,1.0689040980257287,-0.01,0.0,False,0.003708583151616607,0.05199225856968872,0.18543056276280215,0.07577999005824664,7.5779990058246634e-06,7.577999005824663e-06,0.010398766909376194,0.0,-0.06696183106444853,-0.5935456181798229,-0.5543167637786612,0.06696183106444853
44.0,0.0,0.0,0.061418378646462386,0.8689975997992079,1.1042627431908743,12.283675729292478,1.0,0.0,1.1014914508725908,-0.06,0.0,False,0.0036984875760587657,0.061418378646462386,0.18492578014947297,0.07577943718399627,7.577943718399631e-06,7.577943718399629e-06,0.012284048066484244,0.0,0.3544102655521404,-0.23526514339166638,-0.23249385107338294,0.3544102655521404
45.0,0.0,0.0,0.027393674858340714,1.0962355707978437,1.1124431525023768,5.478734971668143,1.0,0.0,1.1287943919625236,0.02,0.0,False,0.00364315494079282,0.027393674858340714,0.18215912741293627,0.07577900570718792,7.5779005707187905e-06,7.577900570718793e-06,0.0054789010396451695,0.0,0.22723797099863585,-0.01620758170453307,-0.032558821164679896,0.22723797099863585
46.0,0.0,0.0,0.007287163987284498,2.2893871381846846,1.1717617648542493,1.4574327974568997,1.0,0.0,1.1429447277098321,-0.2,0.0,False,0.0038747477667693034,0.00737203794475259,0.193738856454607,0.07577866897151055,7.577866897151055e-06,7.577866897151055e-06,0.0014574769740491379,0.0,1.193151567386841,1.1176253733304353,1.1464424104748525,1.193151567386841
47.0,0.0,0.0,-0.10819997689683429,1.8847154663032122,1.207514954060744,-21.63999537936686,1.0,0.0,1.1691099717286264,0.07,0.0,False,0.003986342025468582,0.10819997689683429,0.19931861166665485,0.07577840617399134,7.577840617399135e-06,7.577840617399136e-06,-0.02164065131214007,0.0,-0.40467167188147246,0.6772005122424682,0.7156054945745858,0.40467167188147246
48.0,0.0,0.0,-0.06324354272281492,2.03637260176342,1.2758308407143844,-12.648708544562984,1.0,0.0,1.2073463731073562,-0.02,0.0,False,0.0041798960343946414,0.06324354272281493,0.20899638544474303,0.07577820107961909,7.5778201079619125e-06,7.577820107961911e-06,-0.012649091940209462,0.0,0.15165713546020787,0.7605417610490357,0.8290262286560639,0.15165713546020787
49.0,0.0,0.0,-0.07683128184518379,1.8494774150768787,1.2530485933567213,-15.366256369036757,1.0,0.0,1.2522560766655766,-0.01,0.0,False,0.004262138356375626,0.07683128184518379,0.21310853270125724,0.07577804101825933,7.577804101825934e-06,7.577804101825932e-06,-0.015366722135429431,0.0,-0.18689518668654137,0.5964288217201574,0.5972213384113021,0.18689518668654137
50.0,0.0,0.0,-0.05574005773874331,2.910309707678918,1.2555482368609274,-11.148011547748663,1.0,0.0,1.268030672691447,0.04,0.0,False,0.00409692436543655,0.05574005773874331,0.2048477705537817,0.07577791610185457,7.577791610185456e-06,7.577791610185456e-06,-0.011148349454421579,0.0,1.0608322926020393,1.6547614708179905,1.642279034987471,1.0608322926020393
51.0,0.0,0.0,-0.15911966316607848,3.251247169131323,1.286616729904779,-31.823932633215694,1.0,0.0,1.2920557183623518,0.04,0.0,False,0.004027943796468298,0.15911966316607845,0.2013987159673869,0.07577781861352735,7.577781861352734e-06,7.577781861352734e-06,-0.031824897245183933,0.0,0.340937461452405,1.964630439226544,1.9591914507689712,0.340937461452405
52.0,0.0,0.0,-0.190424351664557,3.1599847333362883,1.349775585063903,-38.0848703329114,1.0,0.0,1.319052787313267,0.03,0.0,False,0.004062594432477184,0.19042435166455704,0.20313126089503372,0.07577774253083158,7.577774253083158e-06,7.5777742530831585e-06,-0.03808602471836308,0.0,-0.09126243579503468,1.8102091482723852,1.8409319460230213,0.09126243579503468
53.0,0.0,0.0,-0.17942501150820264,3.6273554341478444,1.354543135557746,-35.885002301640526,1.0,0.0,1.3469315028482935,0.01,0.0,False,0.00411067041239664,0.17942501150820264,0.20553507810523222,0.07577768315369257,7.5777683153692564e-06,7.5777683153692564e-06,-0.035886090006331875,0.0,0.4673707008115562,2.2728122985900985,2.280423931299551,0.4673707008115562
54.0,0.0,0.0,-0.22394789346825597,3.7338125437931042,1.353095873781931,-44.789578693651194,1.0,0.0,1.365666636195904,0.11,0.0,False,0.003992755298879456,0.22394789346825597,0.19963927775177745,0.07577763681404524,7.5777636814045205e-06,7.577763681404523e-06,-0.0447909363027345,0.0,0.10645710964525978,2.3807166700111733,2.3681459075972002,0.10645710964525978
55.0,0.0,0.0,-0.2336379559900256,2.3601956845957535,1.202662077820338,-46.72759119800512,1.0,0.0,1.3877916482546007,-0.06,0.0,False,0.00395523009084373,0.2336379559900256,0.197763003131418,0.07577760064923067,7.577760064923067e-06,7.577760064923067e-06,-0.04672900754917038,0.0,-1.3736168591973508,1.1575336067754154,0.9724040363411528,1.3736168591973508
56.0,0.0,0.0,-0.09733072310625607,3.2267462609668462,1.0443410479375763,-19.466144621251214,1.0,0.0,1.3973444612742216,0.07,0.0,False,0.003725804135184173,0.09733072310625607,0.18629161842117214,0.0757775724251497,7.577757242514966e-06,7.577757242514968e-06,-0.01946673465565363,0.0,0.8665505763710928,2.18240521302927,1.8294017996926246,0.8665505763710928
57.0,0.0,0.0,-0.18503095780105158,3.272947627654948,0.9719833398946642,-37.00619156021032,1.0,0.0,1.3868515761035958,0.09,0.0,False,0.0037161532898671843,0.18503095780105155,0.18580907249832526,0.07577755039824796,7.577755039824795e-06,7.577755039824794e-06,-0.03700731324712886,0.0,0.0462013666881016,2.3009642877602836,1.886096051551352,0.0462013666881016
58.0,0.0,0.0,-0.1882393737923309,3.2119329297435972,1.1712378458509163,-37.64787475846618,1.0,0.0,1.3763665769926796,-0.04,0.0,False,0.003641151834639495,0.1882393737923309,0.18205897131949508,0.07577753320780568,7.577753320780569e-06,7.57775332078057e-06,-0.037649015895050784,0.0,-0.06101469791135061,2.0406950838926807,1.8355663527509176,0.06101469791135061
59.0,0.0,0.0,-0.18216494238326855,3.1027391979677192,1.1562085115520049,-36.43298847665371,1.0,0.0,1.3904825681546475,-0.01,0.0,False,0.0037550592703017396,0.18216494238326855,0.1877543862604779,0.07577751979187808,7.577751979187806e-06,7.577751979187805e-06,-0.03643409278888766,0.0,-0.10919373177587799,1.9465306864157144,1.7122566298130717,0.10919373177587799
60.0,0.0,0.0,-0.17146597633955835,1.4576939926683523,1.0285530688985824,-34.29319526791167,1.0,0.0,1.390214485873277,0.01,0.0,False,0.0038455815832189565,0.1714659763395584,0.1922805362039191,0.07577750932169237,7.577750932169239e-06,7.577750932169238e-06,-0.03429423472120457,0.0,-1.645045205299367,0.42914092376976987,0.0674795067950753,1.645045205299367
61.0,0.0,0.0,-0.014028687915876557,2.004467821413643,0.8692299950459091,-2.8057375831753113,1.0,0.0,1.3880144682490345,0.44,0.0,False,0.0038490742298942456,0.014031459526808487,0.19245516986084668,0.07577750115045034,7.577750115045038e-06,7.577750115045036e-06,-0.0028058226272440413,0.0,0.5467738287452906,1.1352378263677338,0.6164533531646084,0.5467738287452906
62.0,0.0,0.0,-0.07598568662348477,2.7088245167318625,0.5701221730258594,-15.197137324696955,1.0,0.0,1.3174017982150135,0.51,0.0,False,0.0038584506941172873,0.07598568662348476,0.19292399662450088,0.0757774947733717,7.577749477337168e-06,7.577749477337169e-06,-0.015197597961604031,0.0,0.7043566953182196,2.138702343706003,1.391422718516849,0.7043566953182196
63.0,0.0,0.0,-0.1509473860935003,1.9934430480486034,0.6711195008981976,-30.189477218700063,1.0,0.0,1.2445821651539408,0.29,0.0,False,0.0038732132358225454,0.1509473860935003,0.1936621293030095,0.075777489796511,7.577748979651099e-06,7.5777489796511e-06,-0.030190392284886677,0.0,-0.7153814686832591,1.3223235471504058,0.7488608828946626,0.7153814686832591
64.0,0.0,0.0,-0.08374352368849079,2.163467824880443,0.7498458206296623,-16.74870473769816,1.0,0.0,1.199293463726812,0.33,0.0,False,0.0037586637961874113,0.08374352368849079,0.18793461391983488,0.07577748591242173,7.577748591242176e-06,7.577748591242176e-06,-0.016749212403746116,0.0,0.17002477683183947,1.4136220042507806,0.9641743611536309,0.17002477683183947
65.0,0.0,0.0,-0.10137718973786593,1.1676524796941752,0.804950972394311,-20.275437947573185,1.0,0.0,1.1559760817952627,0.05,0.0,False,0.003994739109494829,0.10137718973786593,0.1997384690311139,0.07577748288116361,7.577748288116364e-06,7.577748288116362e-06,-0.020276052511576964,0.0,-0.9958153451862677,0.36270150729986417,0.011676397898912505,0.9958153451862677
66.0,0.0,0.0,-0.003589392179589814,1.1593704893676964,0.8721060812552972,-0.7178784359179627,1.0,0.0,1.1496575169604843,0.15,0.0,False,0.0039059949104323327,0.004298008469496423,0.1953012254538827,0.07577748051548007,7.577748051548008e-06,7.5777480515480085e-06,-0.0007179001953607511,0.0,-0.008281990326478805,0.28726440811239917,0.009712972407212028,0.008281990326478805
67.0,0.0,0.0,-0.004062958412467484,1.5214515561132875,0.9312183651035252,-0.8125916824934968,1.0,0.0,1.1317571979227974,0.16,0.0,False,0.003757533057650578,0.004595833030023324,0.18787807656443453,0.07577747866923067,7.577747866923064e-06,7.577747866923065e-06,-0.0008126163127664095,0.0,0.36208106674559115,0.5902331910097623,0.38969435819049014,0.36208106674559115
68.0,0.0,0.0,-0.04124084030265328,0.15302883324635408,0.899141206563925,-8.248168060530656,1.0,0.0,1.1187393658392992,0.02,0.0,False,0.003934513928802971,0.04124084030265328,0.19672718717784676,0.07577747722836292,7.5777477228362955e-06,7.5777477228362955e-06,-0.00824841806878311,0.0,-1.3684227228669334,-0.746112373317571,-0.9657105325929451,1.3684227228669334
69.0,0.0,0.0,0.0937227782713868,-0.20760164831949224,0.9108662667247315,18.74455565427736,1.0,0.0,1.1090275274525703,0.07,0.0,False,0.00403631287830111,0.0937227782713868,0.20181717322306889,0.07577747610386716,7.577747610386715e-06,7.5777476103867154e-06,0.018745123816019223,0.0,-0.3606304815658463,-1.1184679150442238,-1.3166291757720625,0.3606304815658463
70.0,0.0,0.0,0.13067725866552585,0.5214169613176629,1.023810004721803,26.135451733105167,1.0,0.0,1.0902921263381753,0.05,0.0,False,0.0038900414036260643,0.13067725866552585,0.19450354406888365,0.07577747522627731,7.577747522627736e-06,7.577747522627733e-06,0.026136243918520662,0.0,0.7290186096371551,-0.5023930434041401,-0.5688751650205124,0.7290186096371551
71.0,0.0,0.0,0.05541053538885266,-0.12001002809543837,0.9391290963246776,11.082107077770532,1.0,0.0,1.099220450299421,0.03,0.0,False,0.0038795737781537453,0.05541053538885266,0.19398015882920333,0.07577747454138026,7.577747454138024e-06,7.577747454138025e-06,0.0110824429848599,0.0,-0.6414269894131013,-1.059139124420116,-1.2192304783948593,0.6414269894131013
72.0,0.0,0.0,0.1179234445192816,-1.0942203816246856,0.9303623507102052,23.58468890385632,1.0,0.0,1.0755433095583635,0.15,0.0,False,0.0038346830935104543,0.1179234445192816,0.1917356075885149,0.0757774740068663,7.577747400686627e-06,7.577747400686627e-06,0.02358540377369936,0.0,-0.9742103535292472,-2.024582732334891,-2.169763691183049,0.9742103535292472
73.0,0.0,0.0,0.2108917624347611,-0.9988681127468405,0.8292217560818878,42.17835248695222,1.0,0.0,1.0592690968011365,0.27,0.0,False,0.003795744311509662,0.2108917624347611,0.18978865373505469,0.07577747358971576,7.577747358971578e-06,7.577747358971577e-06,0.04217963094486102,0.0,0.09535226887784509,-1.8280898688287284,-2.058137209547977,0.09535226887784509
74.0,0.0,0.0,0.2029142334907647,-0.6132277670322461,0.8033931668401378,40.58284669815294,1.0,0.0,1.0147771469477151,-0.12,0.0,False,0.003915840889282766,0.20291423349076473,0.19579352812677978,0.07577747326415916,7.577747326415918e-06,7.5777473264159154e-06,0.04058407679506385,0.0,0.3856403457145944,-1.4166209338723839,-1.6280049139799613,0.3856403457145944
75.0,0.0,0.0,0.1641414630166613,-0.7379503464339163,0.8529040064539063,32.82829260333226,1.0,0.0,1.0303511038003235,0.12,0.0,False,0.003871573909119686,0.1641414630166613,0.19358016234642136,0.07577747301008513,7.577747301008512e-06,7.577747301008514e-06,0.032829287653814695,0.0,-0.1247225794016702,-1.5908543528878227,-1.7683014502342398,0.1247225794016702
76.0,0.0,0.0,0.17754107426056348,-1.2179680695647843,0.8842566813809961,35.508214852112694,1.0,0.0,1.0282490542607838,-0.06,0.0,False,0.003982149180034527,0.17754107426056348,0.19910896778773252,0.07577747281179825,7.577747281179824e-06,7.577747281179825e-06,0.035509291133071115,0.0,-0.480017723130868,-2.1022247509457803,-2.246217123825568,0.480017723130868
77.0,0.0,0.0,0.2251799286824814,-1.1654969639578545,0.8769997477194965,45.03598573649628,1.0,0.0,1.0375276642413567,-0.06,0.0,False,0.004103686220917447,0.22517992868248143,0.20518586588072438,0.07577747265704927,7.577747265704929e-06,7.577747265704929e-06,0.045037350811423155,0.0,0.0524711056069298,-2.042496711677351,-2.203024628199211,0.0524711056069298
78.0,0.0,0.0,0.2197070571171713,-1.5933195988327553,1.0054355441405365,43.94141142343426,1.0,0.0,1.0339165350894717,-0.05,0.0,False,0.004182815794969139,0.2197070571171713,0.20914237456450208,0.07577747253627864,7.577747253627861e-06,7.577747253627862e-06,0.043942743320980436,0.0,-0.4278226348749008,-2.5987551429732916,-2.627236133922227,0.4278226348749008
79.0,0.0,0.0,0.26386284696923396,-1.8671228451393849,1.0239960628735059,52.77256939384679,1.0,0.0,1.031656851441293,-0.08,0.0,False,0.004329243538941059,0.26386284696923396,0.21646381724271777,0.07577747244202561,7.577747244202561e-06,7.577747244202561e-06,0.05277416897049474,0.0,-0.27380324630662956,-2.8911189080128907,-2.898779696580678,0.27380324630662956
80.0,0.0,0.0,0.2942671331314684,-2.1656115993526504,1.0816866837142645,58.85342662629368,1.0,0.0,1.0454088451576558,-0.11,0.0,False,0.004408252706298392,0.29426713313146835,0.22041430554615787,0.07577747236846775,7.577747236846778e-06,7.577747236846776e-06,0.058855210518339744,0.0,-0.2984887542132655,-3.2472982830669146,-3.2110204445103063,0.2984887542132655
81.0,0.0,0.0,0.32841823828589684,-1.903621822596516,1.094539102854337,65.68364765717936,1.0,0.0,1.0756599802730462,0.06,0.0,False,0.004367465996819525,0.32841823828589684,0.21837495461864445,0.07577747231106102,7.577747231106104e-06,7.577747231106103e-06,0.0656856385784093,0.0,0.26198977675613433,-2.998160925450853,-2.9792818028695622,0.26198977675613433
82.0,0.0,0.0,0.3049733947748755,-2.1035302086559824,1.062354748836595,60.9946789549751,1.0,0.0,1.118695217026107,-0.03,0.0,False,0.004343501806773793,0.3049733947748755,0.21717673603662818,0.07577747226625915,7.577747226625914e-06,7.5777472266259145e-06,0.06099652775000255,0.0,-0.19990838605946637,-3.1658849574925774,-3.2222254256820895,0.19990838605946637
83.0,0.0,0.0,0.3256282587420353,-1.7049898348596255,1.0955723774957713,65.12565174840707,1.0,0.0,1.1462276757170609,-0.01,0.0,False,0.004236651023780403,0.3256282587420354,0.21183415640254663,0.07577747223129438,7.57774722312944e-06,7.577747223129441e-06,0.06512762575635526,0.0,0.3985403737963569,-2.8005622123553966,-2.8512175105766864,0.3985403737963569
84.0,0.0,0.0,0.286999881018746,-2.2644112917838526,1.0495865725419729,57.399976203749205,1.0,0.0,1.1528757551960414,0.01,0.0,False,0.004157569300919306,0.286999881018746,0.20788004029642604,0.07577747220400688,7.5777472204006916e-06,7.577747220400691e-06,0.05740171604060566,0.0,-0.5594214569242271,-3.3139978643258257,-3.4172870469798937,0.5594214569242271
85.0,0.0,0.0,0.33997498716278207,-1.7046052711092252,1.0055312736536948,67.99499743255642,1.0,0.0,1.165117715955366,0.09,0.0,False,0.0041341661259486455,0.339974987162782,0.2067098726807253,0.07577747218271093,7.577747218271092e-06,7.577747218271093e-06,0.06799705841254942,0.0,0.5598060206746274,-2.71013654476292,-2.8697229870645913,0.5598060206746274
86.0,0.0,0.0,0.28129247985995287,-2.387552549999629,1.034374162657985,56.25849597199058,1.0,0.0,1.1354673920696303,0.11,0.0,False,0.004021514116046464,0.28129247985995287,0.2010772295031932,0.07577747216609089,7.577747216609089e-06,7.577747216609091e-06,0.056260201209713756,0.0,-0.6829472788904036,-3.421926712657614,-3.523019942069259,0.6829472788904036
87.0,0.0,0.0,0.3483864019601585,-1.952336756603692,0.9027226613119863,69.6772803920317,1.0,0.0,1.1084261056556184,0.14,0.0,False,0.003970799582662366,0.3483864019601585,0.19854148361889226,0.07577747215312015,7.577747215312016e-06,7.577747215312016e-06,0.06967939236329754,0.0,0.43521579339593686,-2.8550594179156783,-3.0607628622593106,0.43521579339593686
88.0,0.0,0.0,0.3030825696128849,-1.9486887923823057,0.8304475107121851,60.61651392257697,1.0,0.0,1.0964434688063194,0.18,0.0,False,0.003979851933509763,0.3030825696128849,0.19899410459108322,0.07577747214299738,7.5777472142997385e-06,7.577747214299739e-06,0.06061835125513224,0.0,0.003647964221386246,-2.779136303094491,-3.045132261188625,0.003647964221386246
89.0,0.0,0.0,0.30186927272139014,-2.020317362815285,0.7544604487352777,60.37385454427803,1.0,0.0,1.078603773680038,0.07,0.0,False,0.0038916687121758956,0.30186927272139014,0.19458491011288165,0.07577747213509727,7.57774721350973e-06,7.577747213509728e-06,0.060375684521643054,0.0,-0.0716285704329791,-2.7747778115505626,-3.098921136495323,0.0716285704329791
90.0,0.0,0.0,0.3088020731924974,-1.887015972241431,0.9163499729252694,61.76041463849948,1.0,0.0,1.0701183092836042,0.07,0.0,False,0.0038606368998406753,0.30880207319249736,0.193033307738559,0.07577747212893182,7.5777472128931844e-06,7.577747212893183e-06,0.061762286643553425,0.0,0.13330139057385382,-2.8033659451667003,-2.957134281525035,0.13330139057385382
91.0,0.0,0.0,0.2975696578837847,-2.297772143358043,0.9258424558750515,59.51393157675694,1.0,0.0,1.0678203703121596,-0.19,0.0,False,0.003942420408643155,0.2975696578837847,0.19712251416542084,0.07577747212412012,7.57774721241201e-06,7.577747212412012e-06,0.05951573548920374,0.0,-0.4107561711166119,-3.2236145992330947,-3.3655925136702027,0.4107561711166119
92.0,0.0,0.0,0.3383578284182105,-2.779233837380747,0.8591850193844017,67.6715656836421,1.0,0.0,1.0887933519786903,0.05,0.0,False,0.003881494906308831,0.33835782841821055,0.1940762159648018,0.0757774721203649,7.577747212036492e-06,7.577747212036491e-06,0.0676736168601715,0.0,-0.4814616940227041,-3.6384188567651488,-3.868027189359437,0.4814616940227041
93.0,0.0,0.0,0.38660756215770237,-3.1901879706285152,0.9570888024955406,77.32151243154047,1.0,0.0,1.085934340328606,0.1,0.0,False,0.0037991553569447015,0.38660756215770237,0.18995920729918078,0.07577747211743423,7.57774721174342e-06,7.577747211743423e-06,0.0773238561052816,0.0,-0.4109541332477682,-4.147276773124056,-4.276122310957121,0.4109541332477682
94.0,0.0,0.0,0.4270618684816279,-3.3626560439001887,0.9853459080190734,85.41237369632559,1.0,0.0,1.0869882649150826,0.04,0.0,False,0.0038416586745344755,0.427061868481628,0.1920843892826392,0.07577747211514707,7.577747211514706e-06,7.577747211514704e-06,0.08541496261021386,0.0,-0.17246807327167346,-4.348001951919262,-4.449644308815271,0.17246807327167346
95.0,0.0,0.0,0.44655895877292606,-3.9007076533326366,1.0383627079071855,89.31179175458522,1.0,0.0,1.0805925225319146,-0.07,0.0,False,0.003787637869187889,0.44655895877292606,0.18938332854750947,0.07577747211336205,7.577747211336206e-06,7.577747211336206e-06,0.08931449886279505,0.0,-0.5380516094324479,-4.939070361239822,-4.981300175864551,0.5380516094324479
96.0,0.0,0.0,0.5013652026811541,-3.689113783339538,1.0408157600028982,100.27304053623082,1.0,0.0,1.103102739374298,-0.1,0.0,False,0.003951417549494939,0.5013652026811541,0.19757237461691285,0.07577747211196902,7.5777472111969e-06,7.5777472111969e-06,0.10027607988821254,0.0,0.2115938699930986,-4.729929543342436,-4.7922165227138365,0.2115938699930986
97.0,0.0,0.0,0.4799092243567249,-3.2524769723287728,0.8694842356939598,95.98184487134498,1.0,0.0,1.1131343344172262,0.07,0.0,False,0.004058385204949591,0.4799092243567249,0.2029207979183379,0.07577747211088182,7.577747211088183e-06,7.5777472110881835e-06,0.0959847541539283,0.0,0.43663681101076524,-4.121961208022732,-4.365611306745999,0.43663681101076524
98.0,0.0,0.0,0.4357241651911508,-2.6767588994789726,0.8172358482181782,87.14483303823016,1.0,0.0,1.1101602917670315,0.16,0.0,False,0.003992853991403763,0.43572416519115076,0.1996442124120981,0.07577747211003336,7.5777472110033345e-06,7.5777472110033345e-06,0.08714747446427613,0.0,0.5757180728498001,-3.4939947476971507,-3.786919191246004,0.5757180728498001
99.0,0.0,0.0,0.3786052192187259,-3.4972489565609144,0.9309352459040281,75.72104384374518,1.0,0.0,1.104929769961613,0.05,0.0,False,0.004039514497451943,0.3786052192187259,0.20197725539358297,0.07577747210937115,7.577747210937115e-06,7.577747210937117e-06,0.07572333900606815,0.0,-0.8204900570819418,-4.4281842024649425,-4.602178726522528,0.8204900570819418
100.0,0.0,0.0,0.4627095471767342,-3.842456600992875,1.013361447242226,92.54190943534684,1.0,0.0,1.1094367414404822,-0.1,0.0,False,0.0040151697041312245,0.4627095471767342,0.20076000650361256,0.0757774721088544,7.577747210885437e-06,7.5777472108854385e-06,0.09254471445087555,0.0,-0.3452076444319605,-4.8558180482351005,-4.951893342433357,0.3452076444319605
101.0,0.0,0.0,0.4978148885344419,-4.1662474430549965,1.0725317615362178,99.56297770688838,1.0,0.0,1.130021830005453,-0.1,0.0,False,0.004038175408219323,0.4978148885344419,0.2019103004245881,0.0757774721084511,7.577747210845108e-06,7.577747210845109e-06,0.09956599553632647,0.0,-0.3237908420621216,-5.238779204591214,-5.2962692730604495,0.3237908420621216
102.0,0.0,0.0,0.5326679427712777,-3.911312064370792,0.9899344804147333,106.53358855425554,1.0,0.0,1.1358809001206978,-0.18,0.0,False,0.00423406171826398,0.5326679427712777,0.2117046901456679,0.07577747210813633,7.577747210813634e-06,7.577747210813632e-06,0.10653681766820021,0.0,0.25493537868420457,-4.901246544785526,-5.04719296449149,0.25493537868420457
103.0,0.0,0.0,0.5047808929243973,-3.5580882110273433,0.9244383620606755,100.95617858487947,1.0,0.0,1.160633805808661,0.06,0.0,False,0.004216820800069193,0.5047808929243973,0.21084263770356246,0.07577747210789067,7.577747210789067e-06,7.577747210789068e-06,0.10095923864329383,0.0,0.35322385334344863,-4.482526573088019,-4.718722016836004,0.35322385334344863
104.0,0.0,0.0,0.469592905720897,-2.6126603249783917,0.9514968892857909,93.9185811441794,1.0,0.0,1.1366881199733512,-0.02,0.0,False,0.004184374961212939,0.469592905720897,0.20922033346743157,0.07577747210769896,7.577747210769899e-06,7.577747210769897e-06,0.09392142788767271,0.0,0.9454278860489516,-3.5641572142641826,-3.749348444951743,0.9454278860489516
105.0,0.0,0.0,0.3749689835602464,-2.7046848220419197,1.089017080305298,74.99379671204927,1.0,0.0,1.1380187689982029,0.09,0.0,False,0.003980464052963839,0.3749689835602463,0.19902471079571082,0.07577747210754936,7.577747210754937e-06,7.577747210754936e-06,0.07499606983095958,0.0,-0.092024497063528,-3.793701902347218,-3.842703591040123,0.092024497063528
106.0,0.0,0.0,0.3866461052421276,-2.6317763840137474,1.2260832470643424,77.32922104842552,1.0,0.0,1.137171581632537,0.11,0.0,False,0.003932657646662099,0.3866461052421276,0.19663437236738057,0.07577747210743258,7.577747210743258e-06,7.577747210743259e-06,0.07733156495582041,0.0,0.07290843802817237,-3.8578596310780897,-3.7689479656462845,0.07290843802817237
107.0,0.0,0.0,0.3834360867025904,-2.3007614664727223,1.2984037070239691,76.68721734051807,1.0,0.0,1.1619227257016336,0.16,0.0,False,0.004125534545831899,0.38343608670259033,0.2062782904044898,0.07577747210734144,7.577747210734148e-06,7.577747210734146e-06,0.0766895417882932,0.0,0.3310149175410251,-3.5991651734966914,-3.462684192174356,0.3310149175410251
108.0,0.0,0.0,0.3534439319374952,-1.202078218081015,1.3701086418534643,70.68878638749904,1.0,0.0,1.2027297620989819,0.16,0.0,False,0.004106288494892286,0.3534439319374952,0.20531598056542377,0.07577747210727036,7.577747210727035e-06,7.577747210727035e-06,0.07069092901827824,0.0,1.0986832483917073,-2.5721868599344795,-2.4048079801799966,1.0986832483917073
109.0,0.0,0.0,0.24756505190231354,-1.7267274141500426,1.461433221302008,49.51301038046271,1.0,0.0,1.2338117683407,0.21,0.0,False,0.004055875500401225,0.24756505190231354,0.2027953117400242,0.07577747210721485,7.577747210721488e-06,7.577747210721485e-06,0.04951451115739543,0.0,-0.5246491960690276,-3.188160635452051,-2.9605391824907423,0.5246491960690276
110.0,0.0,0.0,0.3018932981619987,-2.5557551466126722,1.3398500598301268,60.378659632399746,1.0,0.0,1.2736661002111973,0.09,0.0,False,0.003977323920044336,0.30189329816199867,0.1988677029599788,0.07577747210717153,7.5777472107171526e-06,7.5777472107171526e-06,0.06038048975540994,0.0,-0.8290277324626296,-3.895605206442799,-3.8294212468238698,0.8290277324626296
111.0,0.0,0.0,0.3891873821584217,-2.3059536288862303,1.3400286800615797,77.83747643168434,1.0,0.0,1.292319951024845,0.13,0.0,False,0.003894395793382279,0.3891873821584217,0.194721265206457,0.0757774721071377,7.5777472107137695e-06,7.577747210713772e-06,0.07783983574468566,0.0,0.24980151772644188,-3.64598230894781,-3.5982735799110754,0.24980151772644188
112.0,0.0,0.0,0.3641485546061768,-2.36208717734154,1.3392712750535678,72.82971092123536,1.0,0.0,1.3362661331515198,-0.12,0.0,False,0.004001477515929163,0.3641485546061769,0.20007539190571233,0.07577747210711135,7.577747210711135e-06,7.5777472107111335e-06,0.0728319184450624,0.0,-0.0561335484553096,-3.701358452395108,-3.6983533104930597,0.0561335484553096
113.0,0.0,0.0,0.3719010638588629,-2.126319155128135,1.3343468440347546,74.38021277177258,1.0,0.0,1.335669888460232,0.06,0.0,False,0.003909182011358338,0.37190106385886296,0.1954605817075709,0.07577747210709075,7.577747210709075e-06,7.577747210709075e-06,0.07438246729248778,0.0,0.2357680222134051,-3.4606659991628894,-3.4619890435883667,0.2357680222134051
114.0,0.0,0.0,0.34920691726397984,-1.9008943087732137,1.2860841017819002,69.84138345279597,1.0,0.0,1.3570643698595513,-0.07,0.0,False,0.004071289415343704,0.34920691726397984,0.2035660133272858,0.07577747210707467,7.577747210707468e-06,7.5777472107074684e-06,0.06984350039814882,0.0,0.2254248463549211,-3.186978410555114,-3.257958678632765,0.2254248463549211
115.0,0.0,0.0,0.32882872639735056,-1.6881285710550584,1.420753982544978,65.76574527947011,1.0,0.0,1.3658823275988223,0.2,0.0,False,0.004088501492292087,0.32882872639735056,0.2044266236961433,0.07577747210706212,7.5777472107062165e-06,7.577747210706214e-06,0.06576773868913591,0.0,0.21276573771815532,-3.1088825536000364,-3.054010898653881,0.21276573771815532
116.0,0.0,0.0,0.3090457487489504,-1.1337382553335167,1.2706456894424802,61.80914974979009,1.0,0.0,1.3875175442485017,-0.09,0.0,False,0.004068221133615426,0.30904574874895047,0.20341259807833875,0.07577747210705234,7.577747210705233e-06,7.577747210705234e-06,0.061811023232041705,0.0,0.5543903157215417,-2.404383944775997,-2.5212557995820184,0.5543903157215417
117.0,0.0,0.0,0.25438990812856155,-0.4052644147625992,1.287312778308461,50.87798162571231,1.0,0.0,1.4024460099624707,0.05,0.0,False,0.003761571703063748,0.25438990812856155,0.18808001036516145,0.07577747210704468,7.57774721070447e-06,7.577747210704469e-06,0.05087952377595964,0.0,0.7284738405709175,-1.6925771930710602,-1.80771042472507,0.7284738405709175
118.0,0.0,0.0,0.18153064013943493,-0.13102169056384189,1.3335352298505383,36.306128027886984,1.0,0.0,1.4102572110729341,-0.12,0.0,False,0.004012287202692475,0.18153064013943493,0.2006158803395316,0.07577747210703875,7.577747210703874e-06,7.5777472107038745e-06,0.03630722849418947,0.0,0.27424272419875734,-1.4645569204143802,-1.541278901636776,0.27424272419875734
119.0,0.0,0.0,0.15391661981368018,0.3293297890307487,1.1636738006112657,30.783323962736038,1.0,0.0,1.4101107662968468,0.0,0.0,False,0.00402250287553077,0.15391661981368018,0.2011266678520357,0.0757774721070341,7.577747210703411e-06,7.5777472107034094e-06,0.030784257028654647,0.0,0.4603514795945906,-0.834344011580517,-1.0807809772660981,0.4603514795945906
120.0,0.0,0.0,0.10991889107501615,1.0522157504506078,1.32268729781596,21.98377821500323,1.0,0.0,1.4082028246347817,-0.05,0.0,False,0.003965589431917663,0.10991889107501615,0.19828097410759596,0.07577747210703047,7.577747210703047e-06,7.577747210703047e-06,0.021984444560010013,0.0,0.7228859614198591,-0.2704715473653523,-0.35598707418417397,0.7228859614198591
121.0,0.0,0.0,0.03605214321297877,1.2363059130077279,1.2861278263033895,7.210428642595754,1.0,0.0,1.4285603466594212,0.1,0.0,False,0.003998956450358262,0.03605214321297876,0.19994933767196743,0.07577747210702765,7.577747210702763e-06,7.577747210702764e-06,0.00721064719616174,0.0,0.18409016255712007,-0.04982191329566166,-0.19225443365169337,0.18409016255712007
122.0,0.0,0.0,0.016912056805625023,0.8219349235442119,1.202834828230906,3.3824113611250044,1.0,0.0,1.4127508422817785,-0.02,0.0,False,0.004088307349996158,0.016912056805625023,0.2044169165077888,0.07577747210702544,7.577747210702544e-06,7.577747210702543e-06,0.003382513884581134,0.0,-0.4143709894635159,-0.3808999046866941,-0.5908159187375666,0.4143709894635159
123.0,0.0,0.0,0.05732428055267299,0.911068014750151,1.0499720236153467,11.464856110534598,1.0,0.0,1.4054328888285423,0.13,0.0,False,0.003979330607322216,0.05732428055267299,0.1989680380841813,0.0757774721070237,7.577747210702369e-06,7.577747210702371e-06,0.011465203619026906,0.0,0.08913309120593904,-0.13890400886519572,-0.49436487407839136,0.08913309120593904
124.0,0.0,0.0,0.0441410334551416,1.084266090138844,1.0780347959236105,8.82820669102832,1.0,0.0,1.3951994485162944,0.29,0.0,False,0.004095716366173695,0.0441410334551416,0.20478737012384815,0.07577747210702236,7.577747210702234e-06,7.577747210702236e-06,0.008828474280675099,0.0,0.17319807538869292,0.006231294215233385,-0.3109333583774505,0.17319807538869292
125.0,0.0,0.0,0.027149299391819225,1.7388970783991966,1.2715947041378461,5.429859878363845,1.0,0.0,1.3524950737812236,-0.07,0.0,False,0.004199439061143074,0.027149299391819225,0.2099735441715353,0.07577747210702132,7.577747210702129e-06,7.577747210702131e-06,0.005430024461538861,0.0,0.6546309882603527,0.46730237426135046,0.386402004617973,0.6546309882603527
126.0,0.0,0.0,-0.03928602041038894,1.1998643850918729,1.1901318509855752,-7.857204082077788,1.0,0.0,1.3557693705834228,0.11,0.0,False,0.004213865481247395,0.039286020410388936,0.21069487064273962,0.07577747210702046,7.577747210702047e-06,7.577747210702049e-06,-0.007857442239898349,0.0,-0.5390326933073237,0.009732534106297708,-0.15590498549154996,0.5390326933073237
127.0,0.0,0.0,0.01649603602375042,1.4735389691032597,1.304739671761854,3.299207204750084,1.0,0.0,1.3460219893187284,0.01,0.0,False,0.00425821028959555,0.016496036023750424,0.2129121278618347,0.07577747210701986,7.577747210701988e-06,7.577747210701986e-06,0.0032993072062250683,0.0,0.2736745840113868,0.16879929734140564,0.12751697978453125,0.2736745840113868
128.0,0.0,0.0,-0.011938164969023416,1.6239716313634807,1.3280795599133686,-2.3876329938046834,1.0,0.0,1.3648309954689253,-0.01,0.0,False,0.004317523990900366,0.011942088435827185,0.21587783540028732,0.07577747210701936,7.577747210701936e-06,7.5777472107019365e-06,-0.0023877053647733083,0.0,0.150432662260221,0.2958920714501121,0.2591406358945554,0.150432662260221
129.0,0.0,0.0,-0.026394483896227672,1.6667426600727766,1.3327569838537199,-5.278896779245534,1.0,0.0,1.354152796193211,0.01,0.0,False,0.004198212638322108,0.02639448389622767,0.20991222256581085,0.07577747210701898,7.577747210701896e-06,7.577747210701897e-06,-0.0052790567866144115,0.0,0.042771028709295944,0.3339856762190567,0.31258986387956567,0.042771028709295944
130.0,0.0,0.0,-0.03009218265718756,2.3781285255528397,1.2187462936229587,-6.018436531437512,1.0,0.0,1.3600167918648682,0.0,0.0,False,0.004307069819824273,0.03009218265718756,0.2153551228855293,0.07577747210701867,7.577747210701865e-06,7.577747210701866e-06,-0.006018618954817704,0.0,0.7113858654800631,1.159382231929881,1.0181117336879715,0.7113858654800631
131.0,0.0,0.0,-0.10055309158339375,2.100524834979927,1.3788733963943318,-20.11061831667875,1.0,0.0,1.3658094319532414,0.04,0.0,False,0.004180994538589262,0.10055309158339376,0.2090513110554482,0.07577747210701846,7.577747210701843e-06,7.577747210701844e-06,-0.020111227884787,0.0,-0.2776036905729127,0.7216514385855952,0.7347154030266856,0.2776036905729127
132.0,0.0,0.0,-0.0696354738474139,1.6678070392850874,1.5438190397821216,-13.927094769482782,1.0,0.0,1.3725595114234395,0.12,0.0,False,0.004165228259230386,0.0696354738474139,0.20826299111386043,0.07577747210701824,7.5777472107018255e-06,7.5777472107018255e-06,-0.013927516910298064,0.0,-0.4327177956948396,0.1239879995029658,0.295247527861648,0.4327177956948396
133.0,0.0,0.0,-0.022939780208466716,0.6270032473398781,1.386634339901492,-4.587956041693343,1.0,0.0,1.404143712504903,0.04,0.0,False,0.004059851485046478,0.022939780208466713,0.20299411247873722,0.07577747210701812,7.577747210701811e-06,7.57774721070181e-06,-0.004588095106123935,0.0,-1.0408037919452093,-0.7596310925616139,-0.7771404651650249,1.0408037919452093
134.0,0.0,0.0,0.0793057003978606,0.6379982240520526,1.3181183883432515,15.86114007957212,1.0,0.0,1.438400545607646,0.1,0.0,False,0.003982914429019735,0.07930570039786061,0.19914723052692204,0.07577747210701802,7.577747210701799e-06,7.577747210701799e-06,0.01586162084276899,0.0,0.010994976712174531,-0.6801201642911988,-0.8004023215555934,0.010994976712174531
135.0,0.0,0.0,0.07896214133374875,1.1905247647730866,1.1602772772583057,15.79242826674975,1.0,0.0,1.4200902992459825,-0.03,0.0,False,0.0038177364227957936,0.07896214133374875,0.19088826763186612,0.0757774721070179,7.577747210701789e-06,7.577747210701791e-06,0.01579290694723941,0.0,0.5525265407210339,0.030247487514780902,-0.22956553447289596,0.5525265407210339
136.0,0.0,0.0,0.022814047299179657,0.4400506504361572,1.2166145088291853,4.562809459835932,1.0,0.0,1.4276495551468513,-0.01,0.0,False,0.003898688976494785,0.022814047299179657,0.1949359259887151,0.07577747210701782,7.577747210701785e-06,7.577747210701784e-06,0.004562947762054538,0.0,-0.7504741143369293,-0.7765638583930281,-0.9875989047106941,0.7504741143369293
137.0,0.0,0.0,0.09960773744425348,-0.11956806275332138,1.3323475648791316,19.921547488850695,1.0,0.0,1.4186738817190474,-0.08,0.0,False,0.003912679830741897,0.09960773744425348,0.1956354740020285,0.07577747210701778,7.577747210701776e-06,7.577747210701779e-06,0.019922151326078618,0.0,-0.5596187131894785,-1.451915627632453,-1.5382419444723687,0.5596187131894785
138.0,0.0,0.0,0.15475793850499756,-0.7698309085967157,1.2019820113481787,30.95158770099951,1.0,0.0,1.4361657649914201,0.11,0.0,False,0.0038489980597993605,0.15475793850499756,0.19245136132668367,0.07577747210701771,7.577747210701773e-06,7.577747210701773e-06,0.03095252586711977,0.0,-0.6502628458433943,-1.9718129199448944,-2.205996673588136,0.6502628458433943
139.0,0.0,0.0,0.21914572848530536,-0.27482445457199567,1.1189619108400846,43.82914569706107,1.0,0.0,1.428069958123495,0.1,0.0,False,0.003966299410274126,0.21914572848530536,0.19831647329442093,0.07577747210701768,7.577747210701771e-06,7.577747210701769e-06,0.04383047419174025,0.0,0.49500645402472,-1.3937863654120801,-1.7028944126954908,0.49500645402472
140.0,0.0,0.0,0.1691179158247539,-0.699781514587761,1.1490758121271019,33.82358316495078,1.0,0.0,1.421709407802974,0.05,0.0,False,0.004111517878309801,0.1691179158247539,0.2055774517176468,0.07577747210701767,7.577747210701768e-06,7.577747210701767e-06,0.03382460838343384,0.0,-0.4249570600157654,-1.848857326714863,-2.121490922390735,0.4249570600157654
141.0,0.0,0.0,0.2116075892769146,-1.298050107352037,1.385296081998166,42.321517855382915,1.0,0.0,1.4164187803162878,0.14,0.0,False,0.003930652771954507,0.2116075892769146,0.19653412787237928,0.07577747210701766,7.577747210701764e-06,7.5777472107017645e-06,0.042322800652717686,0.0,-0.5982685927642759,-2.683346189350203,-2.7144688876683247,0.5982685927642759
142.0,0.0,0.0,0.27181147782640064,-1.6732556914803765,1.4066979022170725,54.36229556528013,1.0,0.0,1.416374553622353,0.14,0.0,False,0.0037600317267005223,0.27181147782640064,0.1880030109635226,0.07577747210701764,7.577747210701764e-06,7.577747210701764e-06,0.0543639433277281,0.0,-0.3752055841283395,-3.079953593697449,-3.0896302451027298,0.3752055841283395
143.0,0.0,0.0,0.3106205573436011,-1.5321347071011429,1.4618801985570535,62.12411146872022,1.0,0.0,1.4201676568453638,0.02,0.0,False,0.003939897875719934,0.3106205573436011,0.19699638656350366,0.07577747210701764,7.577747210701764e-06,7.577747210701764e-06,0.06212599449770065,0.0,0.1411209843792336,-2.9940149056581964,-2.9523023639465067,0.1411209843792336
144.0,0.0,0.0,0.2997962718500629,-1.5171382398411732,1.5552903706273908,59.95925437001258,1.0,0.0,1.4330675721587314,0.14,0.0,False,0.003882079372492154,0.2997962718500629,0.1941054394954146,0.07577747210701764,7.577747210701764e-06,7.577747210701764e-06,0.05996107178053088,0.0,0.014996467259969615,-3.072428610468564,-2.9502058119999046,0.014996467259969615
145.0,0.0,0.0,0.3031651619579362,-1.7885823908139182,1.784508905067597,60.633032391587236,1.0,0.0,1.465941600417623,0.27,0.0,False,0.004009441019841954,0.3031651619579362,0.20047357011862296,0.07577747210701764,7.577747210701764e-06,7.577747210701764e-06,0.06063487022482887,0.0,-0.271444150972745,-3.5730912958815155,-3.254523991231541,0.271444150972745
146.0,0.0,0.0,0.3351971739681537,-2.2972562198053503,1.663539132310582,67.03943479363073,1.0,0.0,1.5146282451862059,0.19,0.0,False,0.0039055207284175325,0.3351971739681537,0.1952775161733169,0.07577747210701764,7.577747210701764e-06,7.577747210701764e-06,0.06704146680979263,0.0,-0.5086738289914321,-3.960795352115932,-3.8118844649915564,0.5086738289914321
147.0,0.0,0.0,0.38886655499275835,-2.3086586072518616,1.6575937889208718,77.77331099855166,1.0,0.0,1.5635163508401189,0.12,0.0,False,0.0039043653636568693,0.38886655499275824,0.1952197474975307,0.07577747210701764,7.577747210701764e-06,7.577747210701764e-06,0.07777566836665,0.0,-0.01140238744651123,-3.9662523961727336,-3.87217495809198,0.01140238744651123
148.0,0.0,0.0,0.38994671687173765,-2.3463097491785496,1.5151655758298004,77.98934337434753,1.0,0.0,1.5915566667448509,-0.05,0.0,False,0.003917897850947756,0.38994671687173765,0.19589637698936338,0.07577747210701764,7.577747210701764e-06,7.577747210701764e-06,0.07799170729055117,0.0,-0.03765114192668806,-3.86147532500835,-3.9378664159234003,0.03765114192668806
149.0,0.0,0.0,0.3945894947987037,-3.2661854666184373,1.451341987799042,78.91789895974074,1.0,0.0,1.590956307347816,0.0,0.0,False,0.003961508689591656,0.3945894947987037,0.19807693544515398,0.07577747210701764,7.577747210701764e-06,7.577747210701764e-06,0.0789202910211691,0.0,-0.9198757174398877,-4.717527454417479,-4.857141773966253,0.9198757174398877
150.0,0.0,0.0,0.48761412283059946,-3.483620337445676,1.5650213541416111,97.5228245661199,1.0,0.0,1.599734703780663,-0.03,0.0,False,0.004025034851166379,0.4876141228305995,0.20125326759314982,0.07577747210701764,7.577747210701764e-06,7.577747210701764e-06,0.0975257805569674,0.0,-0.21743487082723867,-5.048641691587287,-5.083355041226339,0.21743487082723867
151.0,0.0,0.0,0.5100774376853677,-2.964506315663415,1.5300109830887587,102.01548753707354,1.0,0.0,1.6101405125155117,0.01,0.0,False,0.004159034720456413,0.5100774376853677,0.20795331182850826,0.07577747210701764,7.577747210701764e-06,7.577747210701764e-06,0.10201857970394633,0.0,0.519114021782261,-4.494517298752173,-4.574646828178927,0.519114021782261
152.0,0.0,0.0,0.4579834354005681,-2.110910870552574,1.4482564060097365,91.59668708011361,1.0,0.0,1.6173473013020294,-0.02,0.0,False,0.004356038104285178,0.4579834354005681,0.21780355566203854,0.07577747210701764,7.577747210701764e-06,7.577747210701764e-06,0.09159946344523506,0.0,0.853595445110841,-3.5591672765623104,-3.7282581718546037,0.853595445110841
153.0,0.0,0.0,0.3751571748622039,-1.9351470861040303,1.6224857977938998,75.03143497244078,1.0,0.0,1.6155015624772693,0.09,0.0,False,0.004218224446388548,0.3751571748622039,0.21091282055135394,0.07577747210701764,7.577747210701764e-06,7.577747210701764e-06,0.07503370923219525,0.0,0.1757637844485438,-3.55763288389793,-3.5506486485812996,0.1757637844485438
154.0,0.0,0.0,0.35889872373888104,-1.6092780578184995,1.5174803429480122,71.7797447477762,1.0,0.0,1.6408030203812305,0.03,0.0,False,0.004076911330548948,0.358898723738881,0.20384711121762053,0.07577747210701764,7.577747210701764e-06,7.577747210701764e-06,0.07178192044633143,0.0,0.32586902828553077,-3.1267584007665117,-3.25008107819973,0.32586902828553077
155.0,0.0,0.0,0.32467215215201184,-0.982340885433541,1.497993974010922,64.93443043040237,1.0,0.0,1.6539761334749132,0.05,0.0,False,0.004016781151246378,0.32467215215201184,0.20084057946992717,0.07577747210701764,7.577747210701764e-06,7.577747210701764e-06,0.064936398642284,0.0,0.6269371723849585,-2.480334859444463,-2.6363170189084544,0.6269371723849585
156.0,0.0,0.0,0.2633575651690132,-0.8563068745298827,1.570877825261787,52.67151303380264,1.0,0.0,1.637566477876384,-0.03,0.0,False,0.004163955976993067,0.2633575651690132,0.20819937651994277,0.07577747210701764,7.577747210701764e-06,7.577747210701764e-06,0.052673109547348516,0.0,0.1260340109036583,-2.4271846997916695,-2.4938733524062666,0.1260340109036583
157.0,0.0,0.0,0.2530989084062378,-1.002148181184058,1.6056607264482472,50.61978168124756,1.0,0.0,1.651334549109332,-0.07,0.0,False,0.004201567432244579,0.2530989084062378,0.21007996353302347,0.07577747210701764,7.577747210701764e-06,7.577747210701764e-06,0.05062131600525855,0.0,-0.14584130665417527,-2.607808907632305,-2.65348273029339,0.14584130665417527
158.0,0.0,0.0,0.2699972043800831,-1.3531823754155918,1.6672058703962331,53.99944087601662,1.0,0.0,1.6747781055098525,0.01,0.0,False,0.004154231770191529,0.2699972043800831,0.20771316249548688,0.07577747210701764,7.577747210701764e-06,7.577747210701764e-06,0.0540010776400635,0.0,-0.3510341942315338,-3.0203882458118247,-3.0279604809254446,0.3510341942315338
159.0,0.0,0.0,0.30704312988313587,-2.3071729305429995,1.7316741398707078,61.40862597662718,1.0,0.0,1.6979261611448897,0.09,0.0,False,0.00405607800722811,0.30704312988313587,0.20280543715809568,0.07577747210701764,7.577747210701764e-06,7.577747210701764e-06,0.06141048731869917,0.0,-0.9539905551274077,-4.038847070413707,-4.005099091687889,0.9539905551274077
160.0,0.0,0.0,0.40482286675918566,-2.201111219724222,1.6913619998684728,80.96457335183713,1.0,0.0,1.7173652581768157,-0.15,0.0,False,0.0042304685091835905,0.4048228667591857,0.21152502833022677,0.07577747210701764,7.577747210701764e-06,7.577747210701764e-06,0.08096702744952006,0.0,0.10606171081877758,-3.892473219592695,-3.918476477901038,0.10606171081877758
161.0,0.0,0.0,0.39687340400933474,-1.740331590080163,1.7870811231200612,79.37468080186694,1.0,0.0,1.7412091193163244,0.14,0.0,False,0.003980646602135342,0.3968734040093348,0.19903383832345137,0.07577747210701764,7.577747210701764e-06,7.577747210701764e-06,0.07937708670869971,0.0,0.46077962964405894,-3.527412713200224,-3.481540709396487,0.46077962964405894
162.0,0.0,0.0,0.3517732307164567,-1.6867694033350535,1.7298035352293741,70.35464614329135,1.0,0.0,1.7677731906856335,0.03,0.0,False,0.0037428943939190867,0.3517732307164567,0.187146137831332,0.07577747210701764,7.577747210701764e-06,7.577747210701764e-06,0.070356778646026,0.0,0.053562186745109486,-3.4165729385644275,-3.454542594020687,0.053562186745109486
163.0,0.0,0.0,0.3467369336408076,-1.2891032572971204,1.8491357805023156,69.34738672816152,1.0,0.0,1.7775339995152941,0.09,0.0,False,0.0036496677493653928,0.3467369336408076,0.18248477028125004,0.07577747210701764,7.577747210701764e-06,7.577747210701764e-06,0.06934948870009865,0.0,0.39766614603793315,-3.138239037799436,-3.0666372568124145,0.39766614603793315
164.0,0.0,0.0,0.3072504044157705,-1.1566765511544712,1.8676116947241364,61.4500808831541,1.0,0.0,1.7807313073146065,-0.01,0.0,False,0.003541064193959603,0.3072504044157705,0.17705455136244594,0.07577747210701764,7.577747210701764e-06,7.577747210701764e-06,0.061451943481755776,0.0,0.13242670614264918,-3.0242882458786076,-2.9374078584690775,0.13242670614264918
165.0,0.0,0.0,0.2963181434198784,-0.4641989145361066,1.933270932721532,59.26362868397568,1.0,0.0,1.7835172001553337,0.08,0.0,False,0.0036868329318080015,0.2963181434198784,0.18434304348479832,0.07577747210701764,7.577747210701764e-06,7.577747210701764e-06,0.05926542500955135,0.0,0.6924776366183646,-2.397469847257639,-2.2477161146914404,0.6924776366183646
166.0,0.0,0.0,0.23338852435826385,-0.32089381433006575,2.0178916344154407,46.67770487165277,1.0,0.0,1.806617154243549,0.36,0.0,False,0.003649815168452986,0.2333885243582639,0.18249214129148503,0.07577747210701764,7.577747210701764e-06,7.577747210701764e-06,0.04667911970832303,0.0,0.14330510020604087,-2.3387854487455066,-2.1275109685736147,0.14330510020604087
167.0,0.0,0.0,0.2251639517768819,0.7199633227630935,2.1554836065430263,45.03279035537638,1.0,0.0,1.869774757008503,0.48,0.0,False,0.0034955431919156386,0.2251639517768819,0.17477848401291546,0.07577747210701764,7.577747210701764e-06,7.577747210701764e-06,0.0450341553334389,0.0,1.0408571370931592,-1.4355202837799328,-1.1498114342454095,1.0408571370931592
168.0,0.0,0.0,0.12795442695754866,-0.22175719598958166,2.3130997551318755,25.590885391509733,1.0,0.0,1.9308310152141277,0.52,0.0,False,0.003584969066199337,0.12795442695754866,0.17924981160943393,0.07577747210701764,7.577747210701764e-06,7.577747210701764e-06,0.025591661070673385,0.0,-0.9417205187526752,-2.534856951121457,-2.1525882112037094,0.9417205187526752
169.0,0.0,0.0,0.22780830966150384,-1.0573988913300818,2.347283501802946,45.561661932300765,1.0,0.0,1.9995560726536774,0.39,0.0,False,0.003795615689193261,0.22780830966150387,0.18978222257047309,0.07577747210701764,7.577747210701764e-06,7.577747210701764e-06,0.04556304294086228,0.0,-0.8356416953405001,-3.4046823931330277,-3.056954963983759,0.8356416953405001
170.0,0.0,0.0,0.31584954855100345,-1.533168549358308,2.267025541658355,63.169909710200685,1.0,0.0,2.0564122143146104,0.26,0.0,False,0.0036648501449100574,0.31584954855100345,0.18324389581090103,0.07577747210701764,7.577747210701764e-06,7.577747210701764e-06,0.06317182443811972,0.0,-0.47576965802822624,-3.800194091016663,-3.5895807636729185,0.47576965802822624
171.0,0.0,0.0,0.3719758916851438,-2.7072777802155823,2.2732217670838155,74.39517833702875,1.0,0.0,2.101216265581725,0.31,0.0,False,0.0036775090611006057,0.37197589168514367,0.18387684641673183,0.07577747210701764,7.577747210701764e-06,7.577747210701764e-06,0.07439743331136159,0.0,-1.1741092308572743,-4.980499547299398,-4.808494045797307,1.1741092308572743
172.0,0.0,0.0,0.4940004092824758,-2.1631119612226097,2.3289490650084232,98.80008185649515,1.0,0.0,2.1867313044569086,0.04,0.0,False,0.0037792400072557517,0.4940004092824758,0.18896343226905876,0.07577747210701764,7.577747210701764e-06,7.577747210701764e-06,0.09880307656198077,0.0,0.5441658189929726,-4.492061026231033,-4.349843265679518,0.5441658189929726
173.0,0.0,0.0,0.4440320243277609,-2.7297081670913803,2.497075036173819,88.80640486555218,1.0,0.0,2.2329134831203477,0.27,0.0,False,0.0036935257828386043,0.44403202432776084,0.18467768857216516,0.07577747210701764,7.577747210701764e-06,7.577747210701764e-06,0.08880909665510145,0.0,-0.5665962058687706,-5.2267832032651995,-4.962621650211728,0.5665962058687706
174.0,0.0,0.0,0.5067944097944779,-2.2646783791109963,2.5629805938091037,101.35888195889557,1.0,0.0,2.277376520176686,0.34,0.0,False,0.0040040135342506,0.5067944097944779,0.20020219378264925,0.07577747210701764,7.577747210701764e-06,7.577747210701764e-06,0.10136195422355482,0.0,0.46502978798038397,-4.8276589729201,-4.542054899287683,0.46502978798038397
175.0,0.0,0.0,0.4633229685049855,-1.4553659158949601,2.405495360336026,92.6645937009971,1.0,0.0,2.338427948849654,0.08,0.0,False,0.0038784826068391084,0.46332296850498556,0.19392559984999322,0.07577747210701764,7.577747210701764e-06,7.577747210701764e-06,0.09266740243517894,0.0,0.8093124632160362,-3.8608612762309864,-3.7937938647446146,0.8093124632160362
176.0,0.0,0.0,0.3851214236338085,-2.0020472526983477,2.2802542097495433,77.0242847267617,1.0,0.0,2.368726853155467,-0.09,0.0,False,0.0038556852910525733,0.3851214236338085,0.1927857254230517,0.07577747210701764,7.577747210701764e-06,7.577747210701764e-06,0.07702661939130512,0.0,-0.5466813368033876,-4.282301462447891,-4.3707741058538145,0.5466813368033876
177.0,0.0,0.0,0.4429080537718702,-1.9904943505175479,2.30932764221029,88.58161075437404,1.0,0.0,2.395994238082808,-0.05,0.0,False,0.003910334499390319,0.4429080537718702,0.19551820654583327,0.07577747210701764,7.577747210701764e-06,7.577747210701764e-06,0.08858429573024315,0.0,0.011552902180799851,-4.299821992727837,-4.386488588600356,0.011552902180799851
178.0,0.0,0.0,0.43886243681326553,-2.1427449986821268,2.303622151979446,87.77248736265311,1.0,0.0,2.4272010972838034,0.11,0.0,False,0.0038445031387735105,0.43886243681326553,0.1922266135723223,0.07577747210701764,7.577747210701764e-06,7.577747210701764e-06,0.08777514781337796,0.0,-0.1522506481645789,-4.4463671506615725,-4.56994609596593,0.1522506481645789
179.0,0.0,0.0,0.4535607578505356,-2.6695800634429614,2.354695173317525,90.71215157010712,1.0,0.0,2.3982962970454254,-0.02,0.0,False,0.0038704644383773055,0.4535607578505356,0.19352468838892037,0.07577747210701764,7.577747210701764e-06,7.577747210701764e-06,0.09071490112428576,0.0,-0.5268350647608346,-5.024275236760486,-5.067876360488387,0.5268350647608346
180.0,0.0,0.0,0.508342576542818,-2.608565488005534,2.4774760874079087,101.6685153085636,1.0,0.0,2.3930344282616094,0.14,0.0,False,0.003781683815504847,0.508342576542818,0.1890856236074416,0.07577747210701764,7.577747210701764e-06,7.577747210701764e-06,0.10167159695844473,0.0,0.06101457543742761,-5.086041575413443,-5.001599916267143,0.06101457543742761
181.0,0.0,0.0,0.5051315073624792,-3.090642451895126,2.530849957133102,101.02630147249586,1.0,0.0,2.414038306562288,0.04,0.0,False,0.003950020635403003,0.5051315073624792,0.19750252838304264,0.07577747210701764,7.577747210701764e-06,7.577747210701764e-06,0.10102936365638807,0.0,-0.4820769638895923,-5.621492409028228,-5.504680758457415,0.4820769638895923
182.0,0.0,0.0,0.5576197048671236,-2.974454881949504,2.4246813614117873,111.52394097342473,1.0,0.0,2.4429409735628016,-0.05,0.0,False,0.003919347294152947,0.5576197048671236,0.1959688496987987,0.07577747210701764,7.577747210701764e-06,7.577747210701764e-06,0.11152732134873954,0.0,0.1161875699456223,-5.399136243361291,-5.417395855512305,0.1161875699456223
183.0,0.0,0.0,0.5504292312637424,-3.0369353399780796,2.453387913937118,110.08584625274848,1.0,0.0,2.485765871834264,-0.13,0.0,False,0.004010055815956009,0.5504292312637423,0.20050431015726428,0.07577747210701764,7.577747210701764e-06,7.577747210701764e-06,0.11008918303832058,0.0,-0.062480458028575825,-5.490323253915198,-5.522701211812343,0.062480458028575825
184.0,0.0,0.0,0.5595707942069312,-4.019879371956298,2.587787429047864,111.91415884138625,1.0,0.0,2.5300459813665093,0.03,0.0,False,0.00399883767887258,0.5595707942069313,0.1999433990526823,0.07577747210701764,7.577747210701764e-06,7.577747210701764e-06,0.11191755104450088,0.0,-0.9829440319782186,-6.607666801004163,-6.5499253533228075,0.9829440319782186
185.0,0.0,0.0,0.663570308726927,-3.4170336877528698,2.6075881527634586,132.7140617453854,1.0,0.0,2.5589846163924768,0.06,0.0,False,0.00401846955162577,0.663570308726927,0.20092500012861025,0.07577747210701764,7.577747210701764e-06,7.577747210701764e-06,0.1327180844093474,0.0,0.6028456842034284,-6.024621840516328,-5.976018304145347,0.6028456842034284
186.0,0.0,0.0,0.608165667197854,-4.396303055326291,2.7343920442727,121.63313343957081,1.0,0.0,2.616075133715769,0.21,0.0,False,0.0041049124637969996,0.608165667197854,0.20524717848929852,0.07577747210701764,7.577747210701764e-06,7.577747210701764e-06,0.12163682023218371,0.0,-0.979269367573421,-7.130695099598991,-7.01237818904206,0.979269367573421
187.0,0.0,0.0,0.7115287298690386,-5.079970610330637,2.7900396651979134,142.30574597380772,1.0,0.0,2.664853410510077,0.2,0.0,False,0.004111835431373029,0.7115287298690387,0.20559332949112505,0.07577747210701764,7.577747210701764e-06,7.577747210701764e-06,0.14231005936900024,0.0,-0.6836675550043463,-7.87001027552855,-7.7448240208407135,0.6836675550043463
188.0,0.0,0.0,0.782136666518862,-4.718974495926366,2.74084655224641,156.4273333037724,1.0,0.0,2.7192538326064923,0.04,0.0,False,0.004110513037168481,0.782136666518862,0.2055272092798593,0.07577747210701764,7.577747210701764e-06,7.577747210701764e-06,0.15643207473499735,0.0,0.36099611440427104,-7.459821048172776,-7.438228328532858,0.36099611440427104
189.0,0.0,0.0,0.7516706487893591,-4.46174304225296,2.9822340043640367,150.3341297578718,1.0,0.0,2.741692396555129,0.35,0.0,False,0.0039833630204534655,0.7516706487893589,0.19916966026857394,0.07577747210701764,7.577747210701764e-06,7.577747210701764e-06,0.1503386864994716,0.0,0.2572314536734064,-7.443977046616997,-7.203435438808089,0.2572314536734064
190.0,0.0,0.0,0.7264906437933288,-4.19563169366162,2.826022233075446,145.29812875866577,1.0,0.0,2.798016790475328,-0.01,0.0,False,0.004012172221288902,0.7264906437933288,0.2006101312257879,0.07577747210701764,7.577747210701764e-06,7.577747210701764e-06,0.1453025328552522,0.0,0.26611134859133934,-7.021653926737066,-6.993648484136948,0.26611134859133934
191.0,0.0,0.0,0.6997469217610031,-3.8246397018220826,2.703748344232751,139.9493843522006,1.0,0.0,2.8034386538028016,0.02,0.0,False,0.003882947817932708,0.6997469217610031,0.19414886209648527,0.07577747210701764,7.577747210701764e-06,7.577747210701764e-06,0.13995362632428354,0.0,0.3709919918395377,-6.528388046054833,-6.628078355624885,0.3709919918395377
192.0,0.0,0.0,0.6645049552150507,-3.4084528551842537,2.7113479530271243,132.90099104301015,1.0,0.0,2.802102649212631,0.01,0.0,False,0.0038883633151267937,0.6645049552150507,0.1944196390080529,0.07577747210701764,7.577747210701764e-06,7.577747210701764e-06,0.13290501937294105,0.0,0.4161868466378289,-6.119800808211378,-6.2105555043968845,0.4161868466378289
193.0,0.0,0.0,0.6227912455519528,-4.326582382437049,2.828446610091399,124.55824911039055,1.0,0.0,2.8206616228569623,-0.09,0.0,False,0.003981733310776368,0.6227912455519529,0.19908817416724287,0.07577747210701764,7.577747210701764e-06,7.577747210701764e-06,0.12456202456548005,0.0,-0.9181295272527956,-7.1550289925284485,-7.147244005294011,0.9181295272527956
194.0,0.0,0.0,0.7164716008068079,-4.252826948369047,2.8450008479417304,143.29432016136158,1.0,0.0,2.819695568066458,0.0,0.0,False,0.0038486428784786273,0.7164716008068077,0.19243360212607286,0.07577747210701764,7.577747210701764e-06,7.577747210701764e-06,0.1432986635209882,0.0,0.07375543406800222,-7.097827796310778,-7.072522516435505,0.07375543406800222
195.0,0.0,0.0,0.7114579660566049,-4.349929032427555,2.753544075814454,142.291593211321,1.0,0.0,2.83840508766475,-0.16,0.0,False,0.0038275597328642735,0.7114579660566049,0.1913794368572181,0.07577747210701764,7.577747210701764e-06,7.577747210701764e-06,0.14229590617753254,0.0,-0.09710208405850818,-7.103473108242009,-7.188334120092305,0.09710208405850818
196.0,0.0,0.0,0.7195725679118222,-3.3636060603806177,2.7200134804390665,143.91451358236444,1.0,0.0,2.862022274627886,0.19,0.0,False,0.0038394905161346963,0.719572567911822,0.19197598054116227,0.07577747210701764,7.577747210701764e-06,7.577747210701764e-06,0.14391887574052448,0.0,0.9863229720469375,-6.083619540819685,-6.225628335008503,0.9863229720469375
197.0,0.0,0.0,0.6238220823066053,-2.9113768287302997,3.0001802331165206,124.76441646132106,1.0,0.0,2.8460692836416293,0.12,0.0,False,0.0040689186167709975,0.6238220823066054,0.20344747250038492,0.07577747210701764,7.577747210701764e-06,7.577747210701764e-06,0.12476819816549949,0.0,0.45222923165031803,-5.91155706184682,-5.7574461123719285,0.45222923165031803
198.0,0.0,0.0,0.5803158331960192,-2.1100728161529103,3.016124799453195,116.06316663920384,1.0,0.0,2.874851120987638,-0.05,0.0,False,0.003984016347664051,0.5803158331960192,0.19920232687664077,0.07577747210701764,7.577747210701764e-06,7.577747210701764e-06,0.11606668460189457,0.0,0.8013040125773894,-5.126197615606105,-4.9849239371405485,0.8013040125773894
199.0,0.0,0.0,0.503169482182895,-2.8115942301944203,3.162344144275248,100.63389643657901,1.0,0.0,2.892001377564203,0.23,0.0,False,0.0038702828513772886,0.503169482182895,0.19351560897011846,0.07577747210701764,7.577747210701764e-06,7.577747210701764e-06,0.10063694672637669,0.0,-0.70152141404151,-5.973938374469668,-5.703595607758624,0.70152141404151
200.0,0.0,0.0,0.5760217823282029,-2.7110179881793806,3.026893087085689,115.20435646564057,1.0,0.0,2.921812650233041,0.03,0.0,False,0.003757489857497789,0.5760217823282029,0.18787591654030378,0.07577747210701764,7.577747210701764e-06,7.577747210701764e-06,0.11520784839714297,0.0,0.10057624201503979,-5.737911075265069,-5.632830638412422,0.10057624201503979
201.0,0.0,0.0,0.568872281911707,-2.538530998377955,3.022767789059393,113.77445638234141,1.0,0.0,2.9488418404603203,-0.04,0.0,False,0.00399176937266798,0.568872281911707,0.1995899810643606,0.07577747210701764,7.577747210701764e-06,7.577747210701764e-06,0.11377790497248676,0.0,0.1724869898014254,-5.561298787437348,-5.487372838838276,0.1724869898014254
202.0,0.0,0.0,0.5542132862763482,-2.878651162807446,3.0196245218732485,110.84265725526964,1.0,0.0,2.977920369455059,0.06,0.0,False,0.003888208518118256,0.5542132862763482,0.19441189909897555,0.07577747210701764,7.577747210701764e-06,7.577747210701764e-06,0.11084601698035777,0.0,-0.34012016442949067,-5.898275684680694,-5.856571532262505,0.34012016442949067
203.0,0.0,0.0,0.5906361733223979,-3.2568826752297793,2.909870761540179,118.12723466447959,1.0,0.0,3.0038118487947334,-0.15,0.0,False,0.004068828405972172,0.5906361733223978,0.2034429619262637,0.07577747210701764,7.577747210701764e-06,7.577747210701764e-06,0.1181308151906391,0.0,-0.37823151242233344,-6.166753436769959,-6.260694524024513,0.37823151242233344
204.0,0.0,0.0,0.6339743496465158,-2.5155727878067577,2.977210166783728,126.79486992930316,1.0,0.0,3.027934354997275,-0.01,0.0,False,0.003838865366790597,0.6339743496465158,0.19194472283709607,0.07577747210701764,7.577747210701764e-06,7.577747210701764e-06,0.12679871317806762,0.0,0.7413098874230215,-5.492782954590486,-5.543507142804033,0.7413098874230215
205.0,0.0,0.0,0.5595916973601753,-1.259051475746407,2.9132283774127794,111.91833947203507,1.0,0.0,3.0831010261033573,0.01,0.0,False,0.003873957940148584,0.5595916973601753,0.19369936480112798,0.07577747210701764,7.577747210701764e-06,7.577747210701764e-06,0.11192173180186778,0.0,1.2565213120603507,-4.1722798531591865,-4.342152501849764,1.2565213120603507
206.0,0.0,0.0,0.4367867949991557,-1.1312542580347906,2.8815700605217573,87.35735899983113,1.0,0.0,3.08055620801618,-0.11,0.0,False,0.003587528977510523,0.4367867949991557,0.17937780814491128,0.07577747210701764,7.577747210701764e-06,7.577747210701764e-06,0.08736000686770015,0.0,0.12779721771161645,-4.012824318556548,-4.21181046605097,0.12779721771161645
207.0,0.0,0.0,0.42580229722695867,-1.3036842459248774,2.89231675563147,85.16045944539174,1.0,0.0,3.1089819672410193,-0.13,0.0,False,0.0036535199628026055,0.4258022972269586,0.1826773824126656,0.07577747210701764,7.577747210701764e-06,7.577747210701764e-06,0.08516304072356748,0.0,-0.1724299878900868,-4.196001001556347,-4.412666213165897,0.1724299878900868
208.0,0.0,0.0,0.4442356123666125,-1.0370710958747986,3.0440575376412498,88.8471224733225,1.0,0.0,3.126930045343298,-0.19,0.0,False,0.0037901312978051356,0.4442356123666125,0.18950800092310022,0.07577747210701764,7.577747210701764e-06,7.577747210701764e-06,0.08884981549705337,0.0,0.2666131500500788,-4.081128633516048,-4.164001141218097,0.2666131500500788
209.0,0.0,0.0,0.42065932287169955,-1.0531255925018237,3.2469776443285663,84.13186457433991,1.0,0.0,3.1388401929998686,0.09,0.0,False,0.003980650880575757,0.42065932287169955,0.1990340522470931,0.07577747210701764,7.577747210701764e-06,7.577747210701764e-06,0.08413441467502425,0.0,-0.016054496627025072,-4.30010323683039,-4.191965785501692,0.016054496627025072
210.0,0.0,0.0,0.4250743698547002,-1.4509549936714539,3.366519282482265,85.01487397094004,1.0,0.0,3.1696815153427202,0.2,0.0,False,0.003923951720390755,0.4250743698547002,0.19619907275524792,0.07577747210701764,7.577747210701764e-06,7.577747210701764e-06,0.08501745083630954,0.0,-0.39782940116963017,-4.817474276153719,-4.620636509014174,0.39782940116963017
211.0,0.0,0.0,0.46986968932911916,-1.2437907445869403,3.2979004753000067,93.97393786582383,1.0,0.0,3.1977791613512005,0.06,0.0,False,0.003970495594491341,0.4698696893291192,0.19852628409516285,0.07577747210701764,7.577747210701764e-06,7.577747210701764e-06,0.0939767862872213,0.0,0.20716424908451359,-4.541691219886947,-4.441569905938141,0.20716424908451359
212.0,0.0,0.0,0.4517034603176678,-1.1894097268422332,3.340681315262396,90.34069206353355,1.0,0.0,3.247919927306118,0.07,0.0,False,0.003921289473434348,0.4517034603176678,0.19606595939873578,0.07577747210701764,7.577747210701764e-06,7.577747210701764e-06,0.09034343035849256,0.0,0.05438101774470705,-4.53009104210463,-4.437329654148352,0.05438101774470705
213.0,0.0,0.0,0.4468491932867661,-0.9148635777171319,3.2414077209808454,89.36983865735321,1.0,0.0,3.273415003321557,0.02,0.0,False,0.004049606204076888,0.4468491932867661,0.2024818445484502,0.07577747210701764,7.577747210701764e-06,7.577747210701764e-06,0.08937254752500845,0.0,0.27454614912510134,-4.156271298697977,-4.1882785810386896,0.27454614912510134
214.0,0.0,0.0,0.4186148114225782,-1.204875103619834,3.281046697339077,83.72296228451565,1.0,0.0,3.279251511536825,0.09,0.0,False,0.004142498011994697,0.4186148114225783,0.20712647013987256,0.07577747210701764,7.577747210701764e-06,7.577747210701764e-06,0.08372549999106116,0.0,-0.29001152590270207,-4.485921800958911,-4.484126615156659,0.29001152590270207
215.0,0.0,0.0,0.44459875669803806,-1.7627020133961482,3.1615875104367324,88.91975133960761,1.0,0.0,3.271443144369627,0.19,0.0,False,0.003995344541567328,0.44459875669803806,0.19976874086391422,0.07577747210701764,7.577747210701764e-06,7.577747210701764e-06,0.08892244656477455,0.0,-0.5578269097763142,-4.924289523832881,-5.034145157765775,0.5578269097763142
216.0,0.0,0.0,0.5022346869706493,-2.1251472888584826,3.29043834554987,100.44693739412988,1.0,0.0,3.2412809162099645,0.01,0.0,False,0.004052053164203447,0.5022346869706493,0.2026041934819005,0.07577747210701764,7.577747210701764e-06,7.577747210701764e-06,0.10044998201705704,0.0,-0.3624452754623344,-5.415585634408353,-5.366428205068447,0.3624452754623344
217.0,0.0,0.0,0.5421976678464445,-2.2694345793394066,3.398964210714353,108.43953356928891,1.0,0.0,3.259835146685256,0.22,0.0,False,0.003943745743851195,0.5421976678464445,0.1971887814279753,0.07577747210701764,7.577747210701764e-06,7.577747210701764e-06,0.10844282045387377,0.0,-0.14428729048092404,-5.668398790053759,-5.529269726024663,0.14428729048092404
218.0,0.0,0.0,0.5563432207790635,-2.795810056987493,3.2161459434689017,111.2686441558127,1.0,0.0,3.2970348214492167,-0.03,0.0,False,0.004063149155162357,0.5563432207790635,0.2031589972339766,0.07577747210701764,7.577747210701764e-06,7.577747210701764e-06,0.11127201679288717,0.0,-0.5263754776480862,-6.0119560004563946,-6.0928448784367095,0.5263754776480862
219.0,0.0,0.0,0.6112406223193567,-2.8313979388966772,3.2730870251395805,122.24812446387133,1.0,0.0,3.2942084198656953,0.01,0.0,False,0.0037576714655377045,0.6112406223193567,0.18788499701110867,0.07577747210701764,7.577747210701764e-06,7.577747210701764e-06,0.12225182989732908,0.0,-0.03558788190918438,-6.104484964036258,-6.125606358762372,0.03558788190918438
220.0,0.0,0.0,0.6156907672923021,-2.570183550030268,3.309763819990508,123.13815345846042,1.0,0.0,3.316827757552111,0.0,0.0,False,0.003771427708031882,0.6156907672923021,0.18857281434788373,0.07577747210701764,7.577747210701764e-06,7.577747210701764e-06,0.12314188586937265,0.0,0.26121438886640913,-5.879947370020776,-5.8870113075823784,0.26121438886640913
221.0,0.0,0.0,0.5919382021240109,-2.4765348697398766,3.399364172518812,118.38764042480219,1.0,0.0,3.3257430114760633,-0.07,0.0,False,0.0038600682344743504,0.5919382021240109,0.19300487425478238,0.07577747210701764,7.577747210701764e-06,7.577747210701764e-06,0.11839122884405798,0.0,0.09364868029039153,-5.8758990422586885,-5.8022778812159395,0.09364868029039153
222.0,0.0,0.0,0.5847940362105132,-2.894877254251765,3.4550895445494505,116.95880724210264,1.0,0.0,3.349422749112837,0.15,0.0,False,0.003884000954552104,0.5847940362105132,0.19420151932647517,0.07577747210701764,7.577747210701764e-06,7.577747210701764e-06,0.11696235235233997,0.0,-0.41834238451188854,-6.349966798801216,-6.244300003364602,0.41834238451188854
223.0,0.0,0.0,0.6289769791186715,-3.121933543055547,3.5270747195819,125.79539582373428,1.0,0.0,3.371627063434086,0.1,0.0,False,0.003912275466926742,0.6289769791186715,0.19561525565806256,0.07577747210701764,7.577747210701764e-06,7.577747210701764e-06,0.12579920877767983,0.0,-0.22705628880378192,-6.649008262637447,-6.493560606489633,0.22705628880378192
224.0,0.0,0.0,0.6574559174974857,-3.200683716500046,3.620254867944831,131.49118349949714,1.0,0.0,3.3951308483623976,0.32,0.0,False,0.003974530222464934,0.6574559174974857,0.19872801702251225,0.07577747210701764,7.577747210701764e-06,7.577747210701764e-06,0.13149516909709114,0.0,-0.07875017344449908,-6.820938584444877,-6.595814564862444,0.07875017344449908
225.0,0.0,0.0,0.6688575666028862,-3.1494879942266367,3.7274197690764144,133.77151332057724,1.0,0.0,3.4528747336565515,0.21,0.0,False,0.0039969276253154756,0.6688575666028862,0.19984789565113212,0.07577747210701764,7.577747210701764e-06,7.577747210701764e-06,0.13377556803669927,0.0,0.051195722273409405,-6.876907763303051,-6.602362727883188,0.051195722273409405
226.0,0.0,0.0,0.6683249582195131,-2.901117408757123,3.6148550853690318,133.66499164390262,1.0,0.0,3.4881453712067936,0.08,0.0,False,0.004147432656134938,0.6683249582195131,0.20737320421655905,0.07577747210701764,7.577747210701764e-06,7.577747210701764e-06,0.13366904313127173,0.0,0.24837058546951374,-6.515972494126155,-6.389262779963916,0.24837058546951374
227.0,0.0,0.0,0.6452415222125241,-2.055629314930732,3.587863988670813,129.04830444250481,1.0,0.0,3.5340148078478877,0.18,0.0,False,0.0038944478960639675,0.6452415222125241,0.19472387036028238,0.07577747210701764,7.577747210701764e-06,7.577747210701764e-06,0.12905221599458008,0.0,0.8454880938263911,-5.643493303601545,-5.589644122778619,0.8454880938263911
228.0,0.0,0.0,0.5625434336428657,-1.4367977819798625,3.620281627544876,112.50868672857315,1.0,0.0,3.5515422872253715,0.02,0.0,False,0.0038666803911396705,0.5625434336428657,0.19333548459331107,0.07577747210701764,7.577747210701764e-06,7.577747210701764e-06,0.11251209695227939,0.0,0.6188315329508693,-5.0570794095247384,-4.988340069205234,0.6188315329508693
229.0,0.0,0.0,0.5030265713512352,-0.5619207989421999,3.551113795890241,100.60531427024704,1.0,0.0,3.5700181620946796,-0.11,0.0,False,0.003968955749243727,0.5030265713512352,0.19844929124935443,0.07577747210701764,7.577747210701764e-06,7.577747210701764e-06,0.10060836369369755,0.0,0.8748769830376626,-4.113034594832441,-4.131938961036879,0.8748769830376626
230.0,0.0,0.0,0.4191371814304933,-0.061956382789214226,3.7588372108020867,83.82743628609866,1.0,0.0,3.5936585219423822,0.15,0.0,False,0.00401719806245318,0.4191371814304934,0.20086142518822966,0.07577747210701764,7.577747210701764e-06,7.577747210701764e-06,0.08382997715933048,0.0,0.4999644161529857,-3.8207935935913007,-3.6556149047315962,0.4999644161529857
231.0,0.0,0.0,0.37176721849351246,1.2361869816482862,3.653850328513947,74.35344369870249,1.0,0.0,3.629609821143103,-0.04,0.0,False,0.004098062958302732,0.3717672184935124,0.20490470061939414,0.07577747210701764,7.577747210701764e-06,7.577747210701764e-06,0.07435569740802675,0.0,1.2981433644375004,-2.4176633468656608,-2.393422839494817,1.2981433644375004
232.0,0.0,0.0,0.24418349406177106,0.7299853421475542,3.5052011752217105,48.836698812354214,1.0,0.0,3.655856660046055,-0.23,0.0,False,0.0041561704036453045,0.24418349406177106,0.20781009490269936,0.07577747210701764,7.577747210701764e-06,7.577747210701764e-06,0.04883817908976982,0.0,-0.506201639500732,-2.7752158330741565,-2.925871317898501,0.506201639500732
233.0,0.0,0.0,0.29250984157270704,0.9994447943116459,3.332087726655676,58.50196831454141,1.0,0.0,3.6781144403055457,0.13,0.0,False,0.004349000104594927,0.29250984157270704,0.21745165301091682,0.07577747210701764,7.577747210701764e-06,7.577747210701764e-06,0.058503741553613056,0.0,0.26945945216409173,-2.3326429323440303,-2.6786696459939,0.26945945216409173
234.0,0.0,0.0,0.2610924091096872,0.7112406214979816,3.202312448805086,52.21848182193744,1.0,0.0,3.655194586156425,0.38,0.0,False,0.004135291354219495,0.26109240910968723,0.20676613452060105,0.07577747210701764,7.577747210701764e-06,7.577747210701764e-06,0.05222006460376336,0.0,-0.2882041728136643,-2.4910718273071044,-2.9439539646584434,0.2882041728136643
235.0,0.0,0.0,0.2840274002876224,1.3594599363085849,3.1481521699783324,56.805480057524484,1.0,0.0,3.610467810022259,0.43,0.0,False,0.00401288838131767,0.2840274002876224,0.20064593949857057,0.07577747210701764,7.577747210701764e-06,7.577747210701764e-06,0.056807201874749164,0.0,0.6482193148106032,-1.7886922336697475,-2.2510078737136743,0.6482193148106032
236.0,0.0,0.0,0.21218450206591727,1.3002567911785488,2.985546252753813,42.43690041318345,1.0,0.0,3.5516222387662175,0.6,0.0,False,0.003983481956693317,0.21218450206591727,0.19917560712563012,0.07577747210701764,7.577747210701764e-06,7.577747210701764e-06,0.04243818670785115,0.0,-0.059203145130036106,-1.685289461575264,-2.251365447587669,0.059203145130036106
237.0,0.0,0.0,0.21294950472680782,2.534472516694991,2.9332344062170277,42.58990094536156,1.0,0.0,3.48138535099369,0.43,0.0,False,0.003956199278674509,0.21294950472680782,0.19781146288762785,0.07577747210701764,7.577747210701764e-06,7.577747210701764e-06,0.042591191877591535,0.0,1.234215725516442,-0.39876188952203684,-0.9469128342986992,1.234215725516442
238.0,0.0,0.0,0.08868881757232741,2.896472242177091,3.216174003686094,17.73776351446548,1.0,0.0,3.429832522322398,0.06,0.0,False,0.0038904373564656236,0.08868881757232741,0.19452334186082254,0.07577747210701764,7.577747210701764e-06,7.577747210701764e-06,0.01773830115954331,0.0,0.36199972548210013,-0.3197017615090032,-0.533360280145307,0.36199972548210013
239.0,0.0,0.0,0.05299365374882658,2.5641132307489785,3.3538853192569027,10.598730749765316,1.0,0.0,3.421394295490263,-0.13,0.0,False,0.003972464821124721,0.05299365374882658,0.19862474617294695,0.07577747210701764,7.577747210701764e-06,7.577747210701764e-06,0.010599052005340417,0.0,-0.3323590114281125,-0.7897720885079242,-0.8572810647412847,0.3323590114281125
240.0,0.0,0.0,0.08688702094975914,2.11524883872972,3.3718943559177315,17.37740418995183,1.0,0.0,3.42642885829095,-0.05,0.0,False,0.004143862995958669,0.08688702094975914,0.20719471985524637,0.07577747210701764,7.577747210701764e-06,7.577747210701764e-06,0.01737793091226496,0.0,-0.4488643920192583,-1.2566455171880113,-1.3111800195612298,0.4488643920192583
241.0,0.0,0.0,0.1344052273008896,1.253892343207014,3.538309309429915,26.88104546017792,1.0,0.0,3.4330163606406012,0.09,0.0,False,0.004182335373505936,0.1344052273008896,0.20911835330930734,0.07577747210701764,7.577747210701764e-06,7.577747210701764e-06,0.026881860245072685,0.0,-0.8613564955227062,-2.284416966222901,-2.1791240174335873,0.8613564955227062
242.0,0.0,0.0,0.22362447907511676,0.9155143266356266,3.531705982027552,44.72489581502335,1.0,0.0,3.4593520361804293,0.07,0.0,False,0.004077528580171744,0.22362447907511673,0.20387797393262844,0.07577747210701764,7.577747210701764e-06,7.577747210701764e-06,0.04472625146056861,0.0,-0.33837801657138733,-2.6161916553919253,-2.543837709544803,0.33837801657138733
243.0,0.0,0.0,0.260570911566826,0.7625259824527335,3.537993597165768,52.1141823133652,1.0,0.0,3.4902218624468073,0.08,0.0,False,0.0038762913575646706,0.260570911566826,0.19381603655603472,0.07577747210701764,7.577747210701764e-06,7.577747210701764e-06,0.05211576193379384,0.0,-0.1529883441828931,-2.7754676147130346,-2.727695879994074,0.1529883441828931
244.0,0.0,0.0,0.27537544551817855,0.5247851472571199,3.462147414969423,55.07508910363571,1.0,0.0,3.5213221693287995,-0.11,0.0,False,0.004000771605773988,0.27537544551817855,0.20004009613049317,0.07577747210701764,7.577747210701764e-06,7.577747210701764e-06,0.05507675847139695,0.0,-0.23774083519561362,-2.9373622677123032,-2.9965370220716796,0.23774083519561362
245.0,0.0,0.0,0.29964346252184004,1.3894943708926473,3.5227025868750927,59.92869250436801,1.0,0.0,3.5163847739102247,0.04,0.0,False,0.004015885116919927,0.29964346252184,0.20079577741410845,0.07577747210701764,7.577747210701764e-06,7.577747210701764e-06,0.05993050898853296,0.0,0.8647092236355274,-2.1332082159824455,-2.1268904030175775,0.8647092236355274
246.0,0.0,0.0,0.2150818731577882,2.00356871738403,3.5108280648390147,43.01637463155764,1.0,0.0,3.5213333035961343,-0.08,0.0,False,0.004089261172324488,0.2150818731577882,0.2044646079855965,0.07577747210701764,7.577747210701764e-06,7.577747210701764e-06,0.043017678490528795,0.0,0.6140743464913827,-1.5072593474549847,-1.5177645862121043,0.6140743464913827
247.0,0.0,0.0,0.15784897503177603,2.2631084635141585,3.7445752284206044,31.569795006355204,1.0,0.0,3.5403945942737467,0.25,0.0,False,0.003986674424958869,0.15784897503177603,0.19933523174849363,0.07577747210701764,7.577747210701764e-06,7.577747210701764e-06,0.0315707519108082,0.0,0.25953974613012853,-1.481466764906446,-1.2772861307595882,0.25953974613012853
248.0,0.0,0.0,0.13701539529456125,2.137361107814957,3.8364561683051934,27.40307905891225,1.0,0.0,3.582118274683302,0.3,0.0,False,0.004114431215961696,0.13701539529456125,0.20572311970406837,0.07577747210701764,7.577747210701764e-06,7.577747210701764e-06,0.0274039096670417,0.0,-0.1257473556992017,-1.6990950604902366,-1.444757166868345,0.1257473556992017
249.0,0.0,0.0,0.1522434594984646,2.2738395826719797,3.7085700860424247,30.44869189969292,1.0,0.0,3.633314329861246,0.07,0.0,False,0.0042139700422721875,0.1522434594984646,0.2107000987335961,0.07577747210701764,7.577747210701764e-06,7.577747210701764e-06,0.030449614822659662,0.0,0.1364784748570229,-1.434730503370445,-1.359474747189266,0.1364784748570229
250.0,0.0,0.0,0.1414079030688613,2.6564118377824495,3.6366285769421736,28.28158061377226,1.0,0.0,3.6598533859221294,-0.01,0.0,False,0.004165247170187532,0.1414079030688613,0.2082639366688829,0.07577747210701764,7.577747210701764e-06,7.577747210701764e-06,0.028282437849950756,0.0,0.38257225511046977,-0.9802167391597241,-1.00344154813968,0.38257225511046977
251.0,0.0,0.0,0.10541317314690746,2.307982894307879,3.666491250161927,21.08263462938149,1.0,0.0,3.6879721910277437,-0.06,0.0,False,0.004309213129133442,0.10541317314690746,0.21546228916306054,0.07577747210701764,7.577747210701764e-06,7.577747210701764e-06,0.021083273660042087,0.0,-0.34842894347457065,-1.358508355854048,-1.3799892967198648,0.34842894347457065
252.0,0.0,0.0,0.14190494536993953,2.3980161757617493,3.674591363166521,28.380989073987905,1.0,0.0,3.7105835089704624,0.01,0.0,False,0.004263214453582768,0.14190494536993953,0.2131623379572101,0.07577747210701764,7.577747210701764e-06,7.577747210701764e-06,0.028381849323312294,0.0,0.09003328145387046,-1.2765751874047715,-1.312567333208713,0.09003328145387046
253.0,0.0,0.0,0.13472888665544672,2.883931401491589,3.6185086541481866,26.945777331089342,1.0,0.0,3.727086113997471,-0.07,0.0,False,0.004128429717183962,0.13472888665544672,0.20642305006903675,0.07577747210701764,7.577747210701764e-06,7.577747210701764e-06,0.02694659407805626,0.0,0.4859152257298396,-0.7345772526565977,-0.843154712505882,0.4859152257298396
254.0,0.0,0.0,0.08587675501933655,3.2493008620176074,3.5906621416794193,17.17535100386731,1.0,0.0,3.745356089388468,-0.06,0.0,False,0.004109185102896462,0.08587675501933656,0.20546081206312067,0.07577747210701764,7.577747210701764e-06,7.577747210701764e-06,0.017175871601794984,0.0,0.3653694605260185,-0.34136127966181196,-0.4960552273708605,0.3653694605260185
255.0,0.0,0.0,0.052126152577655044,3.3275466966243723,3.7010615345274087,10.425230515531009,1.0,0.0,3.742731489301994,0.01,0.0,False,0.003929843790824116,0.05212615257765504,0.19649367850934701,0.07577747210701764,7.577747210701764e-06,7.577747210701764e-06,0.010425546512182296,0.0,0.07824583460676493,-0.3735148379030364,-0.41518479267762176,0.07824583460676493
256.0,0.0,0.0,0.04626003896894676,3.511231844204562,3.6919101377062016,9.252007793789351,1.0,0.0,3.770582137734522,0.01,0.0,False,0.003825336148437241,0.046260038968946746,0.19126825679337847,0.07577747210701764,7.577747210701764e-06,7.577747210701764e-06,0.009252288229169285,0.0,0.1836851475801895,-0.18067829350163978,-0.2593502935299603,0.1836851475801895
257.0,0.0,0.0,0.028070684943588716,3.429792375769136,3.7252437340130062,5.6141369887177435,1.0,0.0,3.790164613657902,0.02,0.0,False,0.003770269304273702,0.028070684943588716,0.18851489372107028,0.07577747210701764,7.577747210701764e-06,7.577747210701764e-06,0.0056143071574718695,0.0,-0.0814394684354256,-0.29545135824387003,-0.36037223788876593,0.0814394684354256
258.0,0.0,0.0,0.040673976083073146,3.9009713638386554,3.849824619450329,8.134795216614629,1.0,0.0,3.7919493292681756,0.11,0.0,False,0.0036546848502912927,0.040673976083073146,0.18273562722846115,0.07577747210701764,7.577747210701764e-06,7.577747210701764e-06,0.008135041788433212,0.0,0.4711789880695192,0.051146744388326226,0.10902203457047976,0.4711789880695192
259.0,0.0,0.0,-0.004267214588710307,3.8660435874538397,3.8534963765187156,-0.8534429177420614,1.0,0.0,3.836547547455308,-0.04,0.0,False,0.003692698474321435,0.004816522987590659,0.18463632283284992,0.07577747210701764,7.577747210701764e-06,7.577747210701764e-06,-0.0008534687862447933,0.0,-0.0349277763848157,0.01254721093512412,0.029496039998531565,0.0349277763848157
260.0,0.0,0.0,-0.0010644417283454941,4.950908232798758,3.729141161549142,-0.21288834566909884,1.0,0.0,3.8582976011578802,0.09,0.0,False,0.0035082191430141,0.002968062598816329,0.17541228637059628,0.07577747210701764,7.577747210701764e-06,7.577747210701764e-06,-0.00021289479847647126,0.0,1.0848646453449184,1.2217670712496163,1.092610631640878,1.0848646453449184
261.0,0.0,0.0,-0.10969778429947566,4.600006680327931,3.782059893259352,-21.93955685989513,1.0,0.0,3.855398766866868,-0.04,0.0,False,0.0036852071427911012,0.10969778429947566,0.18426175341796242,0.07577747210701764,7.577747210701764e-06,7.577747210701764e-06,-0.02194022186451907,0.0,-0.35090155247082677,0.8179467870685793,0.7446079134610635,0.35090155247082677
262.0,0.0,0.0,-0.0750364070052674,4.402062713233728,3.7553826366471976,-15.00728140105348,1.0,0.0,3.853888826700053,-0.06,0.0,False,0.0038461748316142154,0.0750364070052674,0.1923101988477409,0.07577747210701764,7.577747210701764e-06,7.577747210701764e-06,-0.015007736283145591,0.0,-0.19794396709420337,0.6466800765865304,0.5481738865336752,0.19794396709420337
263.0,0.0,0.0,-0.055468697702996374,4.507835063904174,3.774563043952929,-11.093739540599275,1.0,0.0,3.849614179929064,0.05,0.0,False,0.00384927004294541,0.05546869770299638,0.19246496058703702,0.07577747210701764,7.577747210701764e-06,7.577747210701764e-06,-0.011094075800266614,0.0,0.10577235067044644,0.7332720199512455,0.6582208839751105,0.10577235067044644
264.0,0.0,0.0,-0.06422705640482049,5.183569489607207,3.831556710687789,-12.845411280964099,1.0,0.0,3.8473547198153,0.0,0.0,False,0.003824004816287106,0.06422705640482049,0.1912016896814468,0.07577747210701764,7.577747210701764e-06,7.577747210701764e-06,-0.012845800635131677,0.0,0.6757344257030322,1.3520127789194176,1.3362147697919067,0.6757344257030322
265.0,0.0,0.0,-0.1286802645947161,4.79040405831971,3.873444190906626,-25.73605291894322,1.0,0.0,3.865540165036094,-0.09,0.0,False,0.0039719328613487025,0.12868026459471613,0.19859814798259312,0.07577747210701764,7.577747210701764e-06,7.577747210701764e-06,-0.025736832998244835,0.0,-0.39316543128749704,0.9169598674130834,0.9248638932836157,0.39316543128749704
266.0,0.0,0.0,-0.08976165736935388,5.029470550986871,3.8121513658964044,-17.952331473870775,1.0,0.0,3.8967180883342416,0.11,0.0,False,0.003842193505710526,0.08976165736935388,0.1921111310440823,0.07577747210701764,7.577747210701764e-06,7.577747210701764e-06,-0.017952875622666342,0.0,0.2390664926671615,1.2173191850904668,1.1327524626526295,0.2390664926671615
267.0,0.0,0.0,-0.11152977249177672,3.7040040065531565,4.012983687063798,-22.305954498355344,1.0,0.0,3.892753475068734,0.05,0.0,False,0.003906625831651834,0.11152977249177672,0.1953327717537416,0.07577747210701764,7.577747210701764e-06,7.577747210701764e-06,-0.02230663060876986,0.0,-1.3254665444337146,-0.3089796805106415,-0.1887494685155775,1.3254665444337146
268.0,0.0,0.0,0.024489951968222217,4.385405255671973,4.161790053796529,4.897990393644443,1.0,0.0,3.9141305688479844,0.24,0.0,False,0.0037422324584035684,0.024489951968222217,0.18711304080475707,0.07577747210701764,7.577747210701764e-06,7.577747210701764e-06,0.004898138855451606,0.0,0.6814012491188164,0.22361520187544404,0.47127468682398854,0.6814012491188164
269.0,0.0,0.0,-0.0372521895466885,3.9612424055704456,4.3229151696089705,-7.450437909337699,1.0,0.0,3.9489128051686397,0.54,0.0,False,0.0035478649143735282,0.0372521895466885,0.17739458995984933,0.07577747210701764,7.577747210701764e-06,7.577747210701764e-06,-0.007450663737766766,0.0,-0.4241628501015273,-0.3616727640385249,0.012329600401805862,0.4241628501015273
270.0,0.0,0.0,0.0119771272394752,3.609083299678938,4.3737355221118275,2.39542544789504,1.0,0.0,4.012869245821317,0.46,0.0,False,0.003704610085393098,0.011977127239475199,0.18523190789959196,0.07577747210701764,7.577747210701764e-06,7.577747210701764e-06,0.002395498055058864,0.0,-0.35215910589150745,-0.7646522224328893,-0.40378594614237917,0.35215910589150745
271.0,0.0,0.0,0.05088597646985558,3.3254327094332323,4.227120566880218,10.177195293971115,1.0,0.0,4.081018215947324,0.13,0.0,False,0.0037388526852661736,0.05088597646985558,0.18694405086733398,0.07577747210701764,7.577747210701764e-06,7.577747210701764e-06,0.010177503772486541,0.0,-0.2836505902457058,-0.9016878574469853,-0.755585506514092,0.2836505902457058
272.0,0.0,0.0,0.0832535923169772,2.9200824319469363,4.32889081831861,16.65071846339544,1.0,0.0,4.117962344430806,0.23,0.0,False,0.00373361280994469,0.08325359231697718,0.18668205511593733,0.07577747210701764,7.577747210701764e-06,7.577747210701764e-06,0.01665122315931253,0.0,-0.40535027748629604,-1.4088083863716734,-1.1978799124838697,0.40535027748629604
273.0,0.0,0.0,0.12554991353309675,2.43506644624412,4.25338489054871,25.10998270661935,1.0,0.0,4.158000176336851,-0.01,0.0,False,0.0038249539692078952,0.12554991353309675,0.1912491476871083,0.07577747210701764,7.577747210701764e-06,7.577747210701764e-06,0.025110743809257544,0.0,-0.48501598570281645,-1.81831844430459,-1.7229337300927314,0.48501598570281645
274.0,0.0,0.0,0.17801994779686114,2.8472340809647596,4.29874417128625,35.60398955937223,1.0,0.0,4.1756291365532565,0.02,0.0,False,0.003808512836677009,0.17801994779686114,0.19042708483122667,0.07577747210701764,7.577747210701764e-06,7.577747210701764e-06,0.035605068743324704,0.0,0.4121676347206398,-1.4515100903214906,-1.328395055588497,0.4121676347206398
275.0,0.0,0.0,0.13944901378280636,2.889298901322836,4.401196314326619,27.88980275656127,1.0,0.0,4.215333373720873,0.2,0.0,False,0.0038372946772254326,0.13944901378280636,0.1918661877637234,0.07577747210701764,7.577747210701764e-06,7.577747210701764e-06,0.027890648117655494,0.0,0.04206482035807646,-1.5118974130037826,-1.326034472398037,0.04206482035807646
276.0,0.0,0.0,0.13804829612529418,2.287918126368455,4.405389079981208,27.609659225058834,1.0,0.0,4.241777054261583,0.17,0.0,False,0.0037486010441188326,0.13804829612529418,0.1874314725034969,0.07577747210701764,7.577747210701764e-06,7.577747210701764e-06,0.02761049609478995,0.0,-0.6013807749543809,-2.1174709536127527,-1.9538589278931275,0.6013807749543809
277.0,0.0,0.0,0.20146915271330287,1.7744704846522716,4.520264432309122,40.29383054266057,1.0,0.0,4.2698341673303215,0.16,0.0,False,0.0038805095032597393,0.20146915271330282,0.19402694543899013,0.07577747210701764,7.577747210701764e-06,7.577747210701764e-06,0.040295051879253564,0.0,-0.5134476417161835,-2.7457939476568503,-2.49536368267805,0.5134476417161835
278.0,0.0,0.0,0.2582544637218731,1.9322679805019962,4.501208769009103,51.65089274437462,1.0,0.0,4.302685987616982,0.33,0.0,False,0.0038288627441436874,0.2582544637218731,0.19144458791488325,0.07577747210701764,7.577747210701764e-06,7.577747210701764e-06,0.05165245832214472,0.0,0.15779749584972458,-2.5689407885071063,-2.370418007114986,0.15779749584972458
279.0,0.0,0.0,0.24466307818024646,1.8942912628065471,4.576856813953674,48.93261563604929,1.0,0.0,4.357112971223106,0.16,0.0,False,0.003803937697967178,0.24466307818024646,0.1901983261622729,0.07577747210701764,7.577747210701764e-06,7.577747210701764e-06,0.048934098820776636,0.0,-0.03797671769544908,-2.6825655511471265,-2.462821708416559,0.03797671769544908
280.0,0.0,0.0,0.2547643214310416,2.53783951054797,4.63127430004702,50.952864286208325,1.0,0.0,4.37899146205237,0.32,0.0,False,0.004036142288675418,0.2547643214310416,0.20180864367706938,0.07577747210701764,7.577747210701764e-06,7.577747210701764e-06,0.05095440870620594,0.0,0.6435482477414229,-2.0934347894990495,-1.8411519515043997,0.6435482477414229
281.0,0.0,0.0,0.19436328135783237,3.2099770724959,4.788499262585845,38.87265627156648,1.0,0.0,4.442031004098266,0.34,0.0,False,0.0037224317003543067,0.19436328135783243,0.18612299540003707,0.07577747210701764,7.577747210701764e-06,7.577747210701764e-06,0.038873834531288426,0.0,0.6721375619479297,-1.5785221900899455,-1.232053931602366,0.6721375619479297
282.0,0.0,0.0,0.13318796844215547,3.3533146620817873,4.759483839743765,26.637593688431092,1.0,0.0,4.4815459659169505,0.37,0.0,False,0.0034552854828942743,0.13318796844215547,0.17276558330871025,0.07577747210701764,7.577747210701764e-06,7.577747210701764e-06,0.026638401094117845,0.0,0.1433375895858875,-1.4061691776619774,-1.1282313038351632,0.1433375895858875
283.0,0.0,0.0,0.12129258711551838,2.889109493753508,4.766701198107456,24.258517423103676,1.0,0.0,4.541907220155271,0.15,0.0,False,0.0037962808057801145,0.12129258711551838,0.18981547865182005,0.07577747210701764,7.577747210701764e-06,7.577747210701764e-06,0.024259252717182735,0.0,-0.4642051683282795,-1.8775917043539483,-1.6527977264017633,0.4642051683282795
284.0,0.0,0.0,0.17306018792488984,2.8354647031083084,4.766740288327176,34.61203758497797,1.0,0.0,4.5662864894651545,0.28,0.0,False,0.0038789534258164564,0.17306018792488984,0.19394914097724797,0.07577747210701764,7.577747210701764e-06,7.577747210701764e-06,0.034613086702113056,0.0,-0.053644790645199336,-1.9312755852188674,-1.730821786356846,0.053644790645199336
285.0,0.0,0.0,0.1809901123294013,2.9468926643779882,4.714077575663857,36.19802246588026,1.0,0.0,4.619776943320221,-0.02,0.0,False,0.0041116917770587375,0.1809901123294013,0.20558614672098155,0.07577747210701764,7.577747210701764e-06,7.577747210701764e-06,0.036199119655421094,0.0,0.1114279612696798,-1.7671849112858684,-1.6728842789422327,0.1114279612696798
286.0,0.0,0.0,0.1711510883157964,2.7655659047727745,4.626852667941679,34.23021766315928,1.0,0.0,4.645434401268263,-0.07,0.0,False,0.004010991726739071,0.1711510883157964,0.20055110605102203,0.07577747210701764,7.577747210701764e-06,7.577747210701764e-06,0.03423125520704268,0.0,-0.18132675960521372,-1.8612867631689047,-1.8798684964954884,0.18132675960521372
287.0,0.0,0.0,0.19314324985523892,3.270098940130569,4.878547079731218,38.628649971047786,1.0,0.0,4.658468394520055,0.22,0.0,False,0.004292024553549523,0.19314324985523895,0.21460285387133063,0.07577747210701764,7.577747210701764e-06,7.577747210701764e-06,0.038629820834753525,0.0,0.5045330353577944,-1.6084481396006494,-1.388369454389486,0.5045330353577944
288.0,0.0,0.0,0.14715904353701104,3.642748110727905,4.868979484836311,29.431808707402208,1.0,0.0,4.697071582861305,0.2,0.0,False,0.004229910378149974,0.14715904353701106,0.2114971215670771,0.07577747210701764,7.577747210701764e-06,7.577747210701764e-06,0.02943270080786742,0.0,0.37264917059733627,-1.2262313741084059,-1.0543234721334,0.37264917059733627
289.0,0.0,0.0,0.11175571148243314,3.775407629070977,4.69675689799677,22.35114229648663,1.0,0.0,4.741745132202262,-0.12,0.0,False,0.004233542192488109,0.11175571148243314,0.21167871366003246,0.07577747210701764,7.577747210701764e-06,7.577747210701764e-06,0.02235181977657761,0.0,0.13265951834307188,-0.9213492689257929,-0.9663375031312853,0.13265951834307188
290.0,0.0,0.0,0.10198943799716,2.931313910260088,4.827296575319259,20.397887599432,1.0,0.0,4.7603475683787835,0.06,0.0,False,0.0041980806393758854,0.10198943799716,0.20990562256848702,0.07577747210701764,7.577747210701764e-06,7.577747210701764e-06,0.02039850587489029,0.0,-0.844093718810889,-1.8959826650591713,-1.8290336581186954,0.844093718810889
291.0,0.0,0.0,0.19131157120086215,2.837266299801665,5.020533259086964,38.26231424017243,1.0,0.0,4.795340651551541,0.32,0.0,False,0.004310058905904292,0.19131157120086215,0.21550457832205724,0.07577747210701764,7.577747210701764e-06,7.577747210701764e-06,0.03826347399996406,0.0,-0.09404761045842314,-2.183266959285299,-1.9580743517498762,0.09404761045842314
292.0,0.0,0.0,0.20581451807643225,3.405078933952722,5.143624378901405,41.16290361528645,1.0,0.0,4.84450210780496,0.32,0.0,False,0.004368452632766298,0.20581451807643225,0.21842428678980255,0.07577747210701764,7.577747210701764e-06,7.577747210701764e-06,0.04116415129414404,0.0,0.567812634151057,-1.7385454449486835,-1.439423173852238,0.567812634151057
293.0,0.0,0.0,0.1510386779853642,3.360467987089045,5.040086089916328,30.207735597072837,1.0,0.0,4.895489461085499,0.17,0.0,False,0.004209273289554855,0.15103867798536416,0.21046525931818919,0.07577747210701764,7.577747210701764e-06,7.577747210701764e-06,0.030208651216471125,0.0,-0.04461094686367684,-1.6796181028272832,-1.535021473996454,0.04461094686367684
294.0,0.0,0.0,0.1582982362495249,3.0518556425473418,5.059032077305774,31.65964724990498,1.0,0.0,4.915522940452402,0.14,0.0,False,0.004027865098026412,0.1582982362495249,0.20139478100849623,0.07577747210701764,7.577747210701764e-06,7.577747210701764e-06,0.03166060687784769,0.0,-0.3086123445417033,-2.0071764347584327,-1.8636672979050606,0.3086123445417033
295.0,0.0,0.0,0.19148131683683123,2.897405159454619,5.172006230364813,38.296263367366244,1.0,0.0,4.943510326785202,0.08,0.0,False,0.003952689266714814,0.19148131683683123,0.19763596095974398,0.07577747210701764,7.577747210701764e-06,7.577747210701764e-06,0.038297424156181696,0.0,-0.1544504830927229,-2.2746010709101943,-2.0461051673305835,0.1544504830927229
296.0,0.0,0.0,0.2111868619470586,2.3328108481949568,5.222864333396285,42.23737238941172,1.0,0.0,4.96674136076638,0.22,0.0,False,0.003875403260984364,0.2111868619470586,0.19377163139053075,0.07577747210701764,7.577747210701764e-06,7.577747210701764e-06,0.04223865263623353,0.0,-0.5645943112596621,-2.8900534852013284,-2.6339305125714234,0.5645943112596621
297.0,0.0,0.0,0.2734158524231633,2.6825888811553344,5.302769472921455,54.68317048463266,1.0,0.0,5.009353794957906,0.41,0.0,False,0.0037929871102711245,0.2734158524231633,0.18965079262843101,0.07577747210701764,7.577747210701764e-06,7.577747210701764e-06,0.054684827973043026,0.0,0.3497780329603777,-2.620180591766121,-2.326764913802571,0.3497780329603777
298.0,0.0,0.0,0.2417368434326283,2.8289311524539578,5.319747908135293,48.34736868652566,1.0,0.0,5.06707296623724,0.12,0.0,False,0.004069107230752493,0.2417368434326283,0.203456903270923,0.07577747210701764,7.577747210701764e-06,7.577747210701764e-06,0.04834883413197368,0.0,0.14634227129862332,-2.490816755681335,-2.2381418137832823,0.14634227129862332
299.0,0.0,0.0,0.23512849907456249,3.2022936841146743,5.457255356289102,47.0256998149125,1.0,0.0,5.100048906516167,0.59,0.0,False,0.00406755846969682,0.23512849907456249,0.20337946463133344,0.07577747210701764,7.577747210701764e-06,7.577747210701764e-06,0.047027125199573666,0.0,0.37336253166071653,-2.254961672174428,-1.8977552224014929,0.37336253166071653
300.0,0.0,0.0,0.20218010580108245,3.5146091572792524,5.646648908025142,40.43602116021649,1.0,0.0,5.180305230415981,0.32,0.0,False,0.004323819142397879,0.20218010580108248,0.2161925953603162,0.07577747210701764,7.577747210701764e-06,7.577747210701764e-06,0.04043724680671505,0.0,0.3123154731645781,-2.1320397507458897,-1.6656960731367287,0.3123154731645781
301.0,0.0,0.0,0.17898260487454162,4.057032004536888,5.696933643410529,35.796520974908326,1.0,0.0,5.224171345612136,0.62,0.0,False,0.0042395159140503754,0.17898260487454162,0.21197740200151333,0.07577747210701764,7.577747210701764e-06,7.577747210701764e-06,0.03579760599463417,0.0,0.5424228472576353,-1.6399016388736412,-1.1671393410752486,0.5424228472576353
302.0,0.0,0.0,0.13032391218186357,4.573727955076173,5.583192791293957,26.064782436372713,1.0,0.0,5.30450302027141,0.33,0.0,False,0.0041505541780228715,0.13032391218186357,0.20752928149366084,0.07577747210701764,7.577747210701764e-06,7.577747210701764e-06,0.026065572479715558,0.0,0.516695950539285,-1.0094648362177843,-0.7307750651952372,0.516695950539285
303.0,0.0,0.0,0.08603606042365836,5.170518294397308,5.907581865713739,17.207212084731673,1.0,0.0,5.360320504438623,0.56,0.0,False,0.003992227136515691,0.08603606042365836,0.19961286943018697,0.07577747210701764,7.577747210701764e-06,7.577747210701764e-06,0.017207733648392898,0.0,0.5967903393211351,-0.7370635713164315,-0.18980221004131526,0.5967903393211351
304.0,0.0,0.0,0.03635653134573834,5.763930524308238,6.084431651509757,7.271306269147668,1.0,0.0,5.4341211572886,0.72,0.0,False,0.004021987958065515,0.03635653134573834,0.20110092178367728,0.07577747210701764,7.577747210701764e-06,7.577747210701764e-06,0.007271526667960731,0.0,0.5934122299109301,-0.3205011272015188,0.3298093670196378,0.5934122299109301
305.0,0.0,0.0,-0.012851457908986633,5.164394467272323,6.104990405987153,-2.5702915817973264,1.0,0.0,5.534097382884891,0.66,0.0,False,0.0037690869651990622,0.01285145790898663,0.188455776319365,0.07577747210701764,7.577747210701764e-06,7.577747210701764e-06,-0.0025703694892864194,0.0,-0.5995360570359152,-0.9405959387148304,-0.3697029156125682,0.5995360570359152
306.0,0.0,0.0,0.05562412579079659,4.703238861880868,6.310882424722716,11.124825158159318,1.0,0.0,5.635411075963406,0.68,0.0,False,0.0037016725681337636,0.05562412579079659,0.18508503092363707,0.07577747210701764,7.577747210701764e-06,7.577747210701764e-06,0.011125162360055323,0.0,-0.46115560539145495,-1.6076435628418482,-0.9321722140825379,0.46115560539145495
307.0,0.0,0.0,0.11148032693185783,4.316997461234174,6.398657410414845,22.296065386371566,1.0,0.0,5.7206568004584915,0.67,0.0,False,0.003997717432090654,0.11148032693185783,0.19988738628913869,0.07577747210701764,7.577747210701764e-06,7.577747210701764e-06,0.022296741197039588,0.0,-0.38624140064669366,-2.081659949180671,-1.4036593392243173,0.38624140064669366
308.0,0.0,0.0,0.15950551570989924,4.249759361088325,6.404849538493137,31.90110314197985,1.0,0.0,5.818084369686268,0.71,0.0,False,0.004069536379782675,0.15950551570989924,0.20347836088503124,0.07577747210701764,7.577747210701764e-06,7.577747210701764e-06,0.03190207008863395,0.0,-0.06723810014584952,-2.155090177404812,-1.5683250085979434,0.06723810014584952
309.0,0.0,0.0,0.17408454786308047,3.680272518439737,6.490357665798762,34.8169095726161,1.0,0.0,5.912113052957003,0.56,0.0,False,0.003959483684500415,0.17408454786308047,0.19797568442334307,0.07577747210701764,7.577747210701764e-06,7.577747210701764e-06,0.03481796489957666,0.0,-0.5694868426485877,-2.8100851473590254,-2.231840534517266,0.5694868426485877
310.0,0.0,0.0,0.2391315224357146,3.2738071643876046,6.52088690205675,47.82630448714292,1.0,0.0,5.990670798153977,0.5,0.0,False,0.0036926411900375196,0.2391315224357146,0.18463345859694982,0.07577747210701764,7.577747210701764e-06,7.577747210701764e-06,0.047827754138739485,0.0,-0.40646535405213235,-3.2470797376691456,-2.7168636337663727,0.40646535405213235
311.0,0.0,0.0,0.28710079199323896,3.2799122841748662,6.581471265248393,57.42015839864779,1.0,0.0,6.071678346708237,0.55,0.0,False,0.003754768488257982,0.2871007919932389,0.187739847047221,0.07577747210701764,7.577747210701764e-06,7.577747210701764e-06,0.05742189884723963,0.0,0.0061051197872616925,-3.3015589810735264,-2.7917660625333705,0.0061051197872616925
312.0,0.0,0.0,0.2954101179024564,2.7879612088264962,6.5723651927353215,59.08202358049129,1.0,0.0,6.144923863181277,0.57,0.0,False,0.0038365669789328276,0.2954101179024564,0.19182980257337748,0.07577747210701764,7.577747210701764e-06,7.577747210701764e-06,0.059083814401478404,0.0,-0.49195107534837,-3.7844039839088253,-3.356962654354781,0.49195107534837
313.0,0.0,0.0,0.35085184936377195,3.4655856295393517,6.643599798859418,70.17036987275439,1.0,0.0,6.234125390359274,0.43,0.0,False,0.0039682235150119705,0.350851849363772,0.19841267926033215,0.07577747210701764,7.577747210701764e-06,7.577747210701764e-06,0.0701724967899354,0.0,0.6776244207128554,-3.178014169320066,-2.7685397608199227,0.6776244207128554
314.0,0.0,0.0,0.2893414720070568,3.844551453336355,6.612823806848667,57.86829440141136,1.0,0.0,6.2966126357953565,0.45,0.0,False,0.0038644934822359154,0.2893414720070568,0.19322613831953114,0.07577747210701764,7.577747210701764e-06,7.577747210701764e-06,0.05787004843334565,0.0,0.3789658237970035,-2.7682723535123115,-2.4520611824590013,0.3789658237970035
315.0,0.0,0.0,0.2555796969109893,2.9753296923458694,6.607030160212508,51.11593938219786,1.0,0.0,6.359109977436539,0.17,0.0,False,0.003967946861240477,0.2555796969109893,0.19839884646693687,0.07577747210701764,7.577747210701764e-06,7.577747210701764e-06,0.051117488745125436,0.0,-0.8692217609904858,-3.6317004678666387,-3.3837802850906695,0.8692217609904858
316.0,0.0,0.0,0.34926226533410903,2.5946836691774875,6.769368541623483,69.85245306682181,1.0,0.0,6.400445258363014,0.54,0.0,False,0.003943336460589031,0.3492622653341091,0.19716831710979468,0.07577747210701764,7.577747210701764e-06,7.577747210701764e-06,0.06985457034770308,0.0,-0.3806460231683819,-4.1746848724459955,-3.8057615891855265,0.3806460231683819
317.0,0.0,0.0,0.3893301436676234,2.371751075842831,6.6181773120894665,77.86602873352469,1.0,0.0,6.4680846767448035,-0.01,0.0,False,0.0039902778302293215,0.3893301436676234,0.19951540337730087,0.07577747210701764,7.577747210701764e-06,7.577747210701764e-06,0.07786838891196796,0.0,-0.22293259333465665,-4.246426236246636,-4.096333600901973,0.22293259333465665
318.0,0.0,0.0,0.4135963590338282,3.37356863962155,6.556794265303125,82.71927180676563,1.0,0.0,6.4881326181242285,0.05,0.0,False,0.00401263442658764,0.4135963590338282,0.2006332416658487,0.07577747210701764,7.577747210701764e-06,7.577747210701764e-06,0.08272177909069081,0.0,1.0018175637787192,-3.183225625681575,-3.1145639785026784,1.0018175637787192
319.0,0.0,0.0,0.31544063555844737,3.5997255474468366,6.446831636997333,63.088127111689474,1.0,0.0,6.507871372613909,-0.17,0.0,False,0.004145128225574276,0.3154406355584473,0.20725798181540625,0.07577747210701764,7.577747210701764e-06,7.577747210701764e-06,0.06309003936071587,0.0,0.22615690782528652,-2.847106089550496,-2.9081458251670727,0.22615690782528652
320.0,0.0,0.0,0.29305206169296905,3.8789490174760286,6.389165037802038,58.610412338593804,1.0,0.0,6.5280945116758335,0.02,0.0,False,0.004034425024916416,0.29305206169296905,0.20172277983846976,0.07577747210701764,7.577747210701764e-06,7.577747210701764e-06,0.05861218886468615,0.0,0.279223470029192,-2.5102160203260095,-2.649145494199805,0.279223470029192
321.0,0.0,0.0,0.2628461514935631,4.842552999229843,6.351687014760345,52.56923029871262,1.0,0.0,6.530357198098678,0.1,0.0,False,0.004132889349785382,0.2628461514935631,0.2066460333888062,0.07577747210701764,7.577747210701764e-06,7.577747210701764e-06,0.05257082371199115,0.0,0.9636039817538147,-1.5091340155305017,-1.687804198868835,0.9636039817538147
322.0,0.0,0.0,0.16735460436095667,4.7821153825904315,6.431616469103048,33.470920872191336,1.0,0.0,6.507510121496223,-0.03,0.0,False,0.004240660708427518,0.16735460436095667,0.2120346421541186,0.07577747210701764,7.577747210701764e-06,7.577747210701764e-06,0.03347193540121257,0.0,-0.06043761663941183,-1.6495010865126165,-1.7253947389057913,0.06043761663941183
323.0,0.0,0.0,0.17860248836117334,4.477108474596156,6.60226054959534,35.72049767223467,1.0,0.0,6.516162451383727,0.04,0.0,False,0.004197170882075122,0.17860248836117334,0.20986013435875334,0.07577747210701764,7.577747210701764e-06,7.577747210701764e-06,0.035721580387636495,0.0,-0.3050069079942759,-2.1251520749991846,-2.0390539767875717,0.3050069079942759
324.0,0.0,0.0,0.2123973290660509,4.724156949664809,6.615336434920515,42.47946581321018,1.0,0.0,6.568207936427564,0.08,0.0,False,0.004279658458997746,0.2123973290660509,0.21398454445838475,0.07577747210701764,7.577747210701764e-06,7.577747210701764e-06,0.04248075339806747,0.0,0.24704847506865324,-1.891179485255706,-1.8440509867627553,0.24704847506865324
325.0,0.0,0.0,0.1881157988860791,3.90797571446585,6.563016020040446,37.62315977721582,1.0,0.0,6.601162239920058,-0.03,0.0,False,0.004402069247700132,0.1881157988860791,0.22010513027340478,0.07577747210701764,7.577747210701764e-06,7.577747210701764e-06,0.037624300163750464,0.0,-0.8161812351989588,-2.655040305574596,-2.6931865254542076,0.8161812351989588
326.0,0.0,0.0,0.27140768893457223,4.218630398708157,6.623893626361117,54.28153778691444,1.0,0.0,6.605386213224112,0.07,0.0,False,0.0042568716489435115,0.2714076889345722,0.21284519532203888,0.07577747210701764,7.577747210701764e-06,7.577747210701764e-06,0.054283183101532836,0.0,0.31065468424230724,-2.4052632276529593,-2.386755814515955,0.31065468424230724
327.0,0.0,0.0,0.2392974827053914,4.024905269177067,6.517832350897088,47.85949654107828,1.0,0.0,6.622155436754458,0.05,0.0,False,0.0041674862159928674,0.2392974827053914,0.20837588980749583,0.07577747210701764,7.577747210701764e-06,7.577747210701764e-06,0.0478609471987512,0.0,-0.19372512953109045,-2.492927081720021,-2.597250167577391,0.19372512953109045
328.0,0.0,0.0,0.259399352007933,3.7011820875701593,6.628263284858803,51.8798704015866,1.0,0.0,6.611695892553673,-0.04,0.0,False,0.004220344832683614,0.259399352007933,0.21101884066949492,0.07577747210701764,7.577747210701764e-06,7.577747210701764e-06,0.05188144291984331,0.0,-0.3237231816069075,-2.9270811972886435,-2.9105138049835135,0.3237231816069075
329.0,0.0,0.0,0.2908347419342144,3.739083695887237,6.523900936646584,58.166948386842876,1.0,0.0,6.618997072392201,0.1,0.0,False,0.004220036945623799,0.2908347419342144,0.2110034461998496,0.07577747210701764,7.577747210701764e-06,7.577747210701764e-06,0.05816871147120619,0.0,0.037901608317077784,-2.7848172407593466,-2.879913376504964,0.037901608317077784
330.0,0.0,0.0,0.28943970577163214,3.7754448276172248,6.625907898962569,57.88794115432643,1.0,0.0,6.609639700520023,-0.09,0.0,False,0.004300992539087379,0.2894397057716321,0.21505125654607984,0.07577747210701764,7.577747210701764e-06,7.577747210701764e-06,0.05788969578176872,0.0,0.03636113172998767,-2.8504630713453443,-2.834194872902798,0.03636113172998767
331.0,0.0,0.0,0.2875103289795423,3.3222092271271007,6.662250588971616,57.502065795908464,1.0,0.0,6.63359041864971,0.01,0.0,False,0.0041799270210341926,0.2875103289795423,0.2089979347732259,0.07577747210701764,7.577747210701764e-06,7.577747210701764e-06,0.05750380872717569,0.0,-0.4532356004901241,-3.340041361844515,-3.3113811915226097,0.4532356004901241
332.0,0.0,0.0,0.3356612661782434,2.904280318542052,6.6837780341284905,67.13225323564868,1.0,0.0,6.650657051442319,0.01,0.0,False,0.004235319845399758,0.3356612661782434,0.21176759697914516,0.07577747210701764,7.577747210701764e-06,7.577747210701764e-06,0.067134288065208,0.0,-0.41792890858504883,-3.7794977155864387,-3.746376732900267,0.41792890858504883
333.0,0.0,0.0,0.3801659556444018,3.1230316490410073,6.642385433193885,76.03319112888036,1.0,0.0,6.678949066720707,-0.06,0.0,False,0.004075210306102456,0.3801659556444018,0.2037620593507993,0.07577747210701764,7.577747210701764e-06,7.577747210701764e-06,0.07603549575262443,0.0,0.21875133049895545,-3.519353784152878,-3.5559174176797,0.21875133049895545
334.0,0.0,0.0,0.36454094827188316,3.6180365572251043,6.9346911609972,72.90818965437663,1.0,0.0,6.7060839150615665,0.4,0.0,False,0.0037394199577926303,0.36454094827188316,0.18697241470858925,0.07577747210701764,7.577747210701764e-06,7.577747210701764e-06,0.07291039955695364,0.0,0.49500490818409704,-3.316654603772096,-3.0880473578364622,0.49500490818409704
335.0,0.0,0.0,0.31871861066535107,3.484060238104789,7.006664365477226,63.743722133070214,1.0,0.0,6.768579251717532,0.26,0.0,False,0.003929275120361079,0.31871861066535107,0.19646524477073313,0.07577747210701764,7.577747210701764e-06,7.577747210701764e-06,0.06374565425367941,0.0,-0.13397631912031516,-3.522604127372437,-3.284519013612743,0.13397631912031516
336.0,0.0,0.0,0.33731325646525934,3.3515817962433303,7.104288102429987,67.46265129305186,1.0,0.0,6.80534342233176,0.38,0.0,False,0.0037677132553052225,0.33731325646525934,0.18838709030419168,0.07577747210701764,7.577747210701764e-06,7.577747210701764e-06,0.06746469613722714,0.0,-0.13247844186145885,-3.7527063061866563,-3.45376162608843,0.13247844186145885
337.0,0.0,0.0,0.35889976087709213,3.38251671613161,7.2543662713727946,71.77995217541843,1.0,0.0,6.8573206064867955,0.57,0.0,False,0.0039474920534028225,0.35889976087709213,0.19737609832498604,0.07577747210701764,7.577747210701764e-06,7.577747210701764e-06,0.07178212788026095,0.0,0.030934919888279566,-3.8718495552411847,-3.4748038903551857,0.030934919888279566
338.0,0.0,0.0,0.3625279009522754,3.1567376497419994,7.229209800209026,72.50558019045508,1.0,0.0,6.9407153875973435,0.46,0.0,False,0.0039653124960199555,0.3625279009522754,0.19826712720778308,0.07577747210701764,7.577747210701764e-06,7.577747210701764e-06,0.0725077778896336,0.0,-0.22577906638961043,-4.072472150467027,-3.783977737855344,0.22577906638961043
339.0,0.0,0.0,0.39017859724829107,3.4631290895069466,7.33437017646338,78.03571944965822,1.0,0.0,7.007933082893873,0.36,0.0,False,0.004116835919372312,0.39017859724829107,0.20584335578571092,0.07577747210701764,7.577747210701764e-06,7.577747210701764e-06,0.07803808477155592,0.0,0.3063914397649472,-3.871241086956433,-3.544803993386926,0.3063914397649472
340.0,0.0,0.0,0.3657916180285154,2.7616376199431505,7.37588643055912,73.15832360570307,1.0,0.0,7.058671455963755,0.34,0.0,False,0.004059839261080093,0.36579161802851545,0.20299350127578653,0.07577747210701764,7.577747210701764e-06,7.577747210701764e-06,0.07316054109003005,0.0,-0.7014914695637962,-4.61424881061597,-4.297033836020605,0.7014914695637962
341.0,0.0,0.0,0.43587017294627517,2.7355676674026386,7.229449674988786,87.17403458925503,1.0,0.0,7.121183863612758,0.05,0.0,False,0.003914332401942929,0.43587017294627517,0.19571810318821847,0.07577747210701764,7.577747210701764e-06,7.577747210701764e-06,0.087176676900422,0.0,-0.02606995254051192,-4.493882007586148,-4.385616196210119,0.02606995254051192
342.0,0.0,0.0,0.4440100941614892,3.3831301787322934,7.320775157060609,88.80201883229783,1.0,0.0,7.12050449510526,0.45,0.0,False,0.0037288929813278186,0.4440100941614892,0.18644606189681037,0.07577747210701764,7.577747210701764e-06,7.577747210701764e-06,0.08880471048890311,0.0,0.6475625113296548,-3.937644978328316,-3.737374316372967,0.6475625113296548
343.0,0.0,0.0,0.38338337691004587,2.954588173467147,7.350904770505218,76.67667538200918,1.0,0.0,7.175836838830154,0.04,0.0,False,0.00404898542878227,0.38338337691004587,0.20245080554851544,0.07577747210701764,7.577747210701764e-06,7.577747210701764e-06,0.07667899951024947,0.0,-0.4285420052651463,-4.396316597038071,-4.221248665363007,0.4285420052651463
344.0,0.0,0.0,0.43057597912047685,2.4084812999000365,7.387578480274332,86.11519582409537,1.0,0.0,7.2171092069485,0.12,0.0,False,0.0040784789630688755,0.43057597912047685,0.20392549343757296,0.07577747210701764,7.577747210701764e-06,7.577747210701764e-06,0.08611780604105554,0.0,-0.5461068735671106,-4.979097180374295,-4.808627907048463,0.5461068735671106
345.0,0.0,0.0,0.4849331581699866,3.2169859403419165,7.201999019544164,96.98663163399732,1.0,0.0,7.26051110446815,0.03,0.0,False,0.004076078539007451,0.4849331581699866,0.20380547132501153,0.07577747210701764,7.577747210701764e-06,7.577747210701764e-06,0.09698957137242999,0.0,0.8085046404418801,-3.985013079202248,-4.043525164126233,0.8085046404418801
346.0,0.0,0.0,0.40467075297007477,3.505707802172873,7.302243244795206,80.93415059401495,1.0,0.0,7.257996616644233,0.03,0.0,False,0.003913192183310182,0.4046707529700747,0.19566109182456667,0.07577747210701764,7.577747210701764e-06,7.577747210701764e-06,0.08093660376956098,0.0,0.2887218618309566,-3.796535442622333,-3.7522888144713598,0.2887218618309566
347.0,0.0,0.0,0.377724827584312,3.6820306881231537,7.241406088261279,75.54496551686239,1.0,0.0,7.263846794676138,-0.05,0.0,False,0.003909586790368826,0.377724827584312,0.19548082081146104,0.07577747210701764,7.577747210701764e-06,7.577747210701764e-06,0.07554725534211752,0.0,0.17632288595028056,-3.559375400138125,-3.5818161065529845,0.17632288595028056
348.0,0.0,0.0,0.3607235651162818,2.635804997737714,7.249522246525173,72.14471302325636,1.0,0.0,7.283099193178921,-0.02,0.0,False,0.003941901067782641,0.3607235651162818,0.19709654692562306,0.07577747210701764,7.577747210701764e-06,7.577747210701764e-06,0.07214689978427709,0.0,-1.0462256903854397,-4.613717248787459,-4.647294195441207,1.0462256903854397
349.0,0.0,0.0,0.4663401529508823,1.8204225716036866,7.286083363807105,93.26803059017647,1.0,0.0,7.289403012885438,0.06,0.0,False,0.0038889758321377973,0.4663401529508824,0.19445026509067811,0.07577747210701764,7.577747210701764e-06,7.577747210701764e-06,0.0932708576149885,0.0,-0.8153824261340274,-5.465660792203418,-5.468980441281751,0.8153824261340274
350.0,0.0,0.0,0.5508981953575472,0.8174778343119542,7.273385375107619,110.17963907150946,1.0,0.0,7.299383217636196,-0.07,0.0,False,0.003881099522943168,0.5508981953575472,0.19405644664671268,0.07577747210701764,7.577747210701764e-06,7.577747210701764e-06,0.11018297870001309,0.0,-1.0029447372917324,-6.455907540795665,-6.481905383324242,1.0029447372917324
351.0,0.0,0.0,0.6535038182711805,1.356957127692075,7.370288572282584,130.7007636542361,1.0,0.0,7.329613253542317,0.01,0.0,False,0.0041225959974601776,0.6535038182711804,0.20613136187252512,0.07577747210701764,7.577747210701764e-06,7.577747210701764e-06,0.13070472529360455,0.0,0.5394792933801209,-6.013331444590509,-5.972656125850242,0.5394792933801209
352.0,0.0,0.0,0.6022850560356556,2.1112278433466276,7.347326162050959,120.45701120713112,1.0,0.0,7.352763621360557,-0.03,0.0,False,0.004301036601693607,0.6022850560356556,0.21505345969308598,0.07577747210701764,7.577747210701764e-06,7.577747210701764e-06,0.1204606623505863,0.0,0.7542707156545525,-5.2360983187043315,-5.24153577801393,0.7542707156545525
353.0,0.0,0.0,0.5267986817705366,2.171066609469419,7.232520196910277,105.35973635410731,1.0,0.0,7.380035886243796,0.04,0.0,False,0.003991150378474031,0.5267986817705367,0.19955903112013415,0.07577747210701764,7.577747210701764e-06,7.577747210701764e-06,0.10536292988770053,0.0,0.05983876612279149,-5.061453587440857,-5.208969276774377,0.05983876612279149
354.0,0.0,0.0,0.5189110474790154,1.2904952553426734,7.166397168748368,103.78220949580307,1.0,0.0,7.379414258414057,0.09,0.0,False,0.00404330738673393,0.5189110474790154,0.2021669012947602,0.07577747210701764,7.577747210701764e-06,7.577747210701764e-06,0.10378535521335965,0.0,-0.8805713541267457,-5.875901913405695,-6.088919003071384,0.8805713541267457
355.0,0.0,0.0,0.6074538925035928,2.048928922129187,7.015747629545451,121.49077850071856,1.0,0.0,7.360373693096699,-0.08,0.0,False,0.004111290212733752,0.6074538925035928,0.20556606835258462,0.07577747210701764,7.577747210701764e-06,7.577747210701764e-06,0.1214944609784452,0.0,0.7584336667865135,-4.966818707416264,-5.311444770967512,0.7584336667865135
356.0,0.0,0.0,0.5284564861219461,2.275594297809627,7.058528944943808,105.69129722438922,1.0,0.0,7.365264336980572,0.19,0.0,False,0.004072742227046757,0.5284564861219461,0.20363865446289028,0.07577747210701764,7.577747210701764e-06,7.577747210701764e-06,0.10569450080784412,0.0,0.2266653756804402,-4.78293464713418,-5.0896700391709455,0.2266653756804402
357.0,0.0,0.0,0.5072003397381727,2.7020802223631524,7.1769639954774265,101.44006794763453,1.0,0.0,7.333694008831827,-0.07,0.0,False,0.004043576432373168,0.5072003397381727,0.20218035367865986,0.07577747210701764,7.577747210701764e-06,7.577747210701764e-06,0.10144314267310273,0.0,0.4264859245535253,-4.474883773114274,-4.631613786468675,0.4264859245535253
358.0,0.0,0.0,0.4658885051210251,4.283929338215366,7.316368504598924,93.17770102420502,1.0,0.0,7.347789866989335,-0.02,0.0,False,0.004021301198923122,0.46588850512102503,0.20106658356635335,0.07577747210701764,7.577747210701764e-06,7.577747210701764e-06,0.09318052531105935,0.0,1.5818491158522132,-3.0324391663835586,-3.0638605287739695,1.5818491158522132
359.0,0.0,0.0,0.3097054423593288,4.386903011231573,7.29854801212373,61.94108847186576,1.0,0.0,7.361141792839407,-0.04,0.0,False,0.004131451520277274,0.3097054423593288,0.20657414136862537,0.07577747210701764,7.577747210701764e-06,7.577747210701764e-06,0.0619429659532802,0.0,0.10297367301620763,-2.9116450008921566,-2.974238781607834,0.10297367301620763
360.0,0.0,0.0,0.30135940113654147,4.031477904974514,7.5560467264070885,60.271880227308294,1.0,0.0,7.38110110528625,0.14,0.0,False,0.004045418639123456,0.30135940113654147,0.20227246471416319,0.07577747210701764,7.577747210701764e-06,7.577747210701764e-06,0.060273707113753655,0.0,-0.3554251062570595,-3.5245688214325748,-3.3496232003117363,0.3554251062570595
361.0,0.0,0.0,0.3397573653591713,4.010991779562529,7.4747809111412735,67.95147307183426,1.0,0.0,7.400611203865053,0.04,0.0,False,0.004125721441480607,0.33975736535917134,0.20628763525773758,0.07577747210701764,7.577747210701764e-06,7.577747210701764e-06,0.06795353273256874,0.0,-0.0204861254119848,-3.4637891315787446,-3.3896194243025244,0.0204861254119848
362.0,0.0,0.0,0.3406670297281855,4.144561071446678,7.346678028077417,68.13340594563711,1.0,0.0,7.429180288337607,0.15,0.0,False,0.003906189738594802,0.34066702972818563,0.1953109669356598,0.07577747210701764,7.577747210701764e-06,7.577747210701764e-06,0.06813547112089512,0.0,0.13356929188414934,-3.2021169566307384,-3.2846192168909285,0.13356929188414934
363.0,0.0,0.0,0.32681258635880384,4.2638539165556555,7.349401989531994,65.36251727176077,1.0,0.0,7.417791151276097,0.02,0.0,False,0.003954102186875196,0.32681258635880384,0.19770660750310065,0.07577747210701764,7.577747210701764e-06,7.577747210701764e-06,0.06536449845927952,0.0,0.1192928451089772,-3.085548072976339,-3.1539372347204413,0.1192928451089772
364.0,0.0,0.0,0.3138650091050742,3.8314837413399108,7.290435056173346,62.773001821014844,1.0,0.0,7.412810760192948,0.05,0.0,False,0.0038692798180585465,0.3138650091050742,0.19346545692414474,0.07577747210701764,7.577747210701764e-06,7.577747210701764e-06,0.06277490451835445,0.0,-0.4323701752157447,-3.4589513148334357,-3.5813270188530373,0.4323701752157447
365.0,0.0,0.0,0.3593325502774908,3.5191843062961383,7.360981310585756,71.86651005549815,1.0,0.0,7.402622927091259,0.02,0.0,False,0.0037500165104018325,0.35933255027749067,0.1875022463539491,0.07577747210701764,7.577747210701764e-06,7.577747210701764e-06,0.07186868838397573,0.0,-0.31229943504377244,-3.8417970042896177,-3.8834386207951206,0.31229943504377244
366.0,0.0,0.0,0.3915575470295928,4.2198668594888975,7.377564523538611,78.31150940591856,1.0,0.0,7.424945390676344,-0.07,0.0,False,0.0038373287939868707,0.3915575470295928,0.19186789361472173,0.07577747210701764,7.577747210701764e-06,7.577747210701764e-06,0.07831388308721919,0.0,0.7006825531927592,-3.1576976640497136,-3.2050785311874463,0.7006825531927592
367.0,0.0,0.0,0.32379725415943594,4.902055173410144,7.541254254037585,64.7594508318872,1.0,0.0,7.4349081327975535,-0.01,0.0,False,0.004085869200171387,0.32379725415943594,0.204295008092766,0.07577747210701764,7.577747210701764e-06,7.577747210701764e-06,0.06476141374000434,0.0,0.6821883139212463,-2.6391990806274412,-2.5328529593874096,0.6821883139212463
368.0,0.0,0.0,0.25909176812779755,4.585613314489943,7.668100493711763,51.81835362555951,1.0,0.0,7.457962083770232,0.2,0.0,False,0.0038825610296863984,0.25909176812779755,0.19412952253762056,0.07577747210701764,7.577747210701764e-06,7.577747210701764e-06,0.051819924279196045,0.0,-0.31644185892020094,-3.08248717922182,-2.872348769280289,0.31644185892020094
369.0,0.0,0.0,0.29577218918342646,4.9183857832114874,7.6181645566188605,59.15443783668529,1.0,0.0,7.493071021284279,0.08,0.0,False,0.003907670864027146,0.29577218918342646,0.19538502376845676,0.07577747210701764,7.577747210701764e-06,7.577747210701764e-06,0.059156230852603485,0.0,0.33277246872154453,-2.699778773407373,-2.5746852380727914,0.33277246872154453
370.0,0.0,0.0,0.264658526468946,5.0218048020254,7.560668647386894,52.9317052937892,1.0,0.0,7.543447270668284,0.11,0.0,False,0.003772017337622261,0.26465852646894594,0.18860229605080608,0.07577747210701764,7.577747210701764e-06,7.577747210701764e-06,0.05293330969396,0.0,0.1034190188139128,-2.538863845361494,-2.5216424686428835,0.1034190188139128
371.0,0.0,0.0,0.2574335345395878,4.872826066125626,7.619687049043858,51.48670690791756,1.0,0.0,7.565071323671482,0.14,0.0,False,0.0037288561559435753,0.2574335345395878,0.1864442206136455,0.07577747210701764,7.577747210701764e-06,7.577747210701764e-06,0.05148826750909031,0.0,-0.1489787358997745,-2.746860982918232,-2.6922452575458564,0.1489787358997745
372.0,0.0,0.0,0.27336117641466384,4.1791083336014,7.534359070558087,54.67223528293277,1.0,0.0,7.596237685733691,0.05,0.0,False,0.003568310770145744,0.2733611764146638,0.17841689049513654,0.07577747210701764,7.577747210701764e-06,7.577747210701764e-06,0.05467389243988887,0.0,-0.6937177325242256,-3.3552507369566866,-3.4171293521322905,0.6937177325242256
373.0,0.0,0.0,0.344579439104425,4.515267317295441,7.65548645309993,68.915887820885,1.0,0.0,7.606541403366865,-0.05,0.0,False,0.00374385057144566,0.34457943910442507,0.18719394706994424,0.07577747210701764,7.577747210701764e-06,7.577747210701764e-06,0.06891797671376267,0.0,0.33615898369404107,-3.1402191358044886,-3.091274086071424,0.33615898369404107
374.0,0.0,0.0,0.31314131181873495,4.55680924408994,7.622324358150138,62.628262363746984,1.0,0.0,7.625033281439824,-0.01,0.0,False,0.003809543986160957,0.31314131181873495,0.19047864269611361,0.07577747210701764,7.577747210701764e-06,7.577747210701764e-06,0.06263016067392377,0.0,0.04154192679449853,-3.065515114060198,-3.068224037349884,0.04154192679449853
375.0,0.0,0.0,0.31037163864293993,4.538811059258153,7.669735005147669,62.07432772858799,1.0,0.0,7.646799080767897,0.08,0.0,False,0.0036867189486185113,0.31037163864293993,0.184337344282137,0.07577747210701764,7.577747210701764e-06,7.577747210701764e-06,0.06207620924858545,0.0,-0.017998184831786723,-3.130923945889516,-3.107988021509744,0.017998184831786723
376.0,0.0,0.0,0.31460680373406574,5.473008303960164,7.73032336880039,62.92136074681315,1.0,0.0,7.660643226410286,0.12,0.0,False,0.0035987529162729267,0.31460680373406574,0.17993900933564003,0.07577747210701764,7.577747210701764e-06,7.577747210701764e-06,0.06292326794102443,0.0,0.9341972447020108,-2.257315064840226,-2.1876349224501226,0.9341972447020108
377.0,0.0,0.0,0.22547540960033632,5.989642103246278,7.844509548901216,45.095081920067265,1.0,0.0,7.6849982971402815,0.19,0.0,False,0.003539962350985683,0.22547540960033635,0.17699945879627568,0.07577747210701764,7.577747210701764e-06,7.577747210701764e-06,0.0450964487862344,0.0,0.5166337992861143,-1.8548674456549383,-1.6953561938940034,0.5166337992861143
378.0,0.0,0.0,0.17645417163574625,6.180330286440654,7.743403458101169,35.29083432714925,1.0,0.0,7.727847829746334,0.1,0.0,False,0.003507779226765896,0.17645417163574628,0.17539029039150736,0.07577747210701764,7.577747210701764e-06,7.577747210701764e-06,0.035291904019128906,0.0,0.19068818319437586,-1.5630731716605153,-1.5475175433056805,0.19068818319437586
379.0,0.0,0.0,0.1600719532699024,5.846999411710049,7.769545726980939,32.01439065398048,1.0,0.0,7.754250675859086,-0.05,0.0,False,0.0035731715094549235,0.16007195326990234,0.17865992930226812,0.07577747210701764,7.577747210701764e-06,7.577747210701764e-06,0.03201536103446507,0.0,-0.3333308747306045,-1.92254631527089,-1.9072512641490365,0.3333308747306045
380.0,0.0,0.0,0.19259804931461827,6.463182687763099,7.67829560979916,38.51960986292365,1.0,0.0,7.781110468379547,-0.1,0.0,False,0.0037337662104911396,0.19259804931461827,0.1866897252013813,0.07577747210701764,7.577747210701764e-06,7.577747210701764e-06,0.03852077742154094,0.0,0.6161832760530492,-1.2151129220360612,-1.317927780616448,0.6161832760530492
381.0,0.0,0.0,0.13237689350042428,6.08126372702512,7.767415814629105,26.475378700084857,1.0,0.0,7.773052877822779,0.02,0.0,False,0.0035994948561573125,0.13237689350042425,0.17997610661097094,0.07577747210701764,7.577747210701764e-06,7.577747210701764e-06,0.02647618118891216,0.0,-0.3819189607379787,-1.6861520876039853,-1.6917891507976588,0.3819189607379787
382.0,0.0,0.0,0.17105794199850358,5.619991213965853,7.740489963374004,34.211588399700716,1.0,0.0,7.787001778699114,-0.05,0.0,False,0.0035489292512300044,0.1710579419985036,0.17744780720593695,0.07577747210701764,7.577747210701764e-06,7.577747210701764e-06,0.034212625378917,0.0,-0.4612725130592672,-2.120498749408151,-2.1670105647332614,0.4612725130592672
383.0,0.0,0.0,0.2194129009059188,5.1496870276929005,7.77572862408949,43.88258018118376,1.0,0.0,7.791907958702296,-0.09,0.0,False,0.0036626895488464997,0.2194129009059188,0.18313586518910058,0.07577747210701764,7.577747210701764e-06,7.577747210701764e-06,0.04388391029550272,0.0,-0.47030418627295223,-2.6260415963965897,-2.642220931009396,0.47030418627295223
384.0,0.0,0.0,0.2657023844928115,5.265399507538463,7.673634165199863,53.140476898562305,1.0,0.0,7.814203355799931,0.17,0.0,False,0.00362927061165352,0.2657023844928116,0.18146490566743873,0.07577747210701764,7.577747210701764e-06,7.577747210701764e-06,0.05314208762675894,0.0,0.11571247984556265,-2.4082346576614,-2.5488038482614677,0.11571247984556265
385.0,0.0,0.0,0.2541848128519707,5.090206814021232,7.733004944179042,50.83696257039414,1.0,0.0,7.806811543896162,0.01,0.0,False,0.0035996065101710595,0.2541848128519707,0.17998168935396258,0.07577747210701764,7.577747210701764e-06,7.577747210701764e-06,0.050838503477322765,0.0,-0.1751926935172312,-2.64279813015781,-2.7166047298749296,0.1751926935172312
386.0,0.0,0.0,0.27351771269766484,4.910777976626646,7.811606045231911,54.70354253953297,1.0,0.0,7.807343943470998,0.07,0.0,False,0.003792556127145224,0.27351771269766484,0.18962924330884182,0.07577747210701764,7.577747210701764e-06,7.577747210701764e-06,0.05470520064543579,0.0,-0.17942883739458626,-2.900828068605265,-2.896565966844352,0.17942883739458626
387.0,0.0,0.0,0.29138121235539727,4.459364023472708,7.770726424792946,58.276242471079456,1.0,0.0,7.825487573402102,-0.09,0.0,False,0.003993617267541395,0.29138121235539727,0.19968237650817527,0.07577747210701764,7.577747210701764e-06,7.577747210701764e-06,0.05827800886822943,0.0,-0.4514139531539376,-3.3113624013202383,-3.3661235499293936,0.4514139531539376
388.0,0.0,0.0,0.3389493751564381,3.6250108621701833,7.777458179947904,67.78987503128762,1.0,0.0,7.824700500839074,-0.03,0.0,False,0.003917587164380437,0.3389493751564381,0.19588084254328225,0.07577747210701764,7.577747210701764e-06,7.577747210701764e-06,0.06779192979386282,0.0,-0.8343531613025248,-4.152447317777721,-4.199689638668891,0.8343531613025248
389.0,0.0,0.0,0.42401450802888013,4.095716901356279,7.764360832344594,84.80290160577603,1.0,0.0,7.848986198671195,-0.04,0.0,False,0.0039011169596167615,0.42401450802888013,0.19505732606474618,0.07577747210701764,7.577747210701764e-06,7.577747210701764e-06,0.08480547204610221,0.0,0.47070603918609555,-3.668643930988315,-3.753269297314916,0.47070603918609555
390.0,0.0,0.0,0.3761677451612188,4.163664063595275,7.584977740633955,75.23354903224376,1.0,0.0,7.865316596196757,0.02,0.0,False,0.0038634849613352613,0.3761677451612188,0.1931757118923825,0.07577747210701764,7.577747210701764e-06,7.577747210701764e-06,0.07523582941822882,0.0,0.06794716223899577,-3.4213136770386807,-3.701652532601482,0.06794716223899577
391.0,0.0,0.0,0.36699595961614045,3.4245805364482456,7.431365142182609,73.39919192322809,1.0,0.0,7.857536878172546,0.31,0.0,False,0.0038285581563333123,0.3669959596161405,0.1914293584089602,0.07577747210701764,7.577747210701764e-06,7.577747210701764e-06,0.07340141670845662,0.0,-0.7390835271470291,-4.006784605734364,-4.4329563417243,0.7390835271470291
392.0,0.0,0.0,0.4365434852443266,3.8180002192786917,7.403992849105297,87.30869704886533,1.0,0.0,7.833762709887142,0.37,0.0,False,0.0037356600204486276,0.4365434852443266,0.1867844164167963,0.07577747210701764,7.577747210701764e-06,7.577747210701764e-06,0.08731134344175367,0.0,0.39341968283044615,-3.585992629826605,-4.01576249060845,0.39341968283044615
393.0,0.0,0.0,0.3958621380341814,3.6899820738718154,7.410924448361971,79.17242760683628,1.0,0.0,7.79018078970039,0.05,0.0,False,0.003867182763783351,0.39586213803418135,0.19336060341583758,0.07577747210701764,7.577747210701764e-06,7.577747210701764e-06,0.07917482738322115,0.0,-0.12801814540687628,-3.7209423744901557,-4.100198715828574,0.12801814540687628
394.0,0.0,0.0,0.4057078314333233,3.6996129595182716,7.482149130003637,81.14156628666466,1.0,0.0,7.776771586781117,0.28,0.0,False,0.003952839675093061,0.4057078314333233,0.19764348143564428,0.07577747210701764,7.577747210701764e-06,7.577747210701764e-06,0.0811440257491378,0.0,0.0096308856464562,-3.7825361704853653,-4.077158627262845,0.0096308856464562
395.0,0.0,0.0,0.4058685210805903,3.9711453372585073,7.614658477453993,81.17370421611805,1.0,0.0,7.747214105774446,0.05,0.0,False,0.003817148018001963,0.4058685210805903,0.19085884716923532,0.07577747210701764,7.577747210701764e-06,7.577747210701764e-06,0.08117616465271624,0.0,0.27153237774023564,-3.643513140195486,-3.7760687685159384,0.27153237774023564
396.0,0.0,0.0,0.3804052974913922,3.8102129780210436,7.713163608341207,76.08105949827844,1.0,0.0,7.758451948776846,-0.07,0.0,False,0.004020628823874402,0.38040529749139224,0.20103296455916295,0.07577747210701764,7.577747210701764e-06,7.577747210701764e-06,0.07608336557294912,0.0,-0.16093235923746363,-3.9029506303201638,-3.9482389707558028,0.16093235923746363
397.0,0.0,0.0,0.3976242381698541,4.776307334958304,7.859861054999412,79.52484763397082,1.0,0.0,7.775342442931526,0.03,0.0,False,0.00397677077789491,0.3976242381698541,0.19884004564292912,0.07577747210701764,7.577747210701764e-06,7.577747210701764e-06,0.07952725809247427,0.0,0.9660943569372602,-3.083553720041108,-2.9990351079732225,0.9660943569372602
398.0,0.0,0.0,0.30309986509395737,4.2843884686290705,7.754007173960691,60.61997301879147,1.0,0.0,7.786606014517666,-0.01,0.0,False,0.004005897173902339,0.30309986509395737,0.20029637647892376,0.07577747210701764,7.577747210701764e-06,7.577747210701764e-06,0.06062181045619361,0.0,-0.4919188663292333,-3.4696187053316203,-3.5022175458885956,0.4919188663292333
399.0,0.0,0.0,0.3533421269793323,3.2644599266432843,7.827363247708335,70.66842539586646,1.0,0.0,7.807420826605738,-0.02,0.0,False,0.003968565377533687,0.3533421269793323,0.19842977251594526,0.07577747210701764,7.577747210701764e-06,7.577747210701764e-06,0.07067056740948847,0.0,-1.0199285419857862,-4.5629033210650505,-4.542960899962454,1.0199285419857862
