t,mean_abs_delta_real,mean_abs_delta_planning,mean_action,price,v_true,total_demand,mean_k,xs_k_std,mean_belief,mean_correctness,mean_salience,regime_post,xs_action_std,xs_action_mean_abs,xs_belief_std,xs_sigma_mean,xs_rho_mean,xs_rho_max,mean_myopic_term,mean_hedging_term,ret,mispricing_true,mispricing_belief,vol_proxy
0.0,0.0,0.0,-0.007393376504968791,0.4877852502888911,-0.06416125592041887,-1.478675300993758,3.0,0.0,0.0,-0.8,0.0,False,0.0127930715899823,0.011747029614822215,0.639665278244446,0.18289189189189195,1.8289189189189194e-05,1.8289189189189194e-05,-0.0014787834741046759,0.0,0.0,0.55194650620931,0.4877852502888911,0.0
1.0,0.0,0.0,-0.06688940875084923,0.1394860245641225,-0.14128733272826993,-13.377881750169845,3.0,0.0,-0.07394052599277018,0.21,0.0,False,0.009687854708284597,0.06688940875084923,0.48439774886488735,0.10349970779853253,1.0349970779853254e-05,1.0349970779853254e-05,-0.013378435587178486,0.0,-0.34829922572476857,0.28077335729239244,0.2134265505568927,0.34829922572476857
2.0,0.0,0.0,-0.030299354684996845,-0.17738505329318424,-0.06670440940686177,-6.059870936999369,3.0,0.0,-0.1811434523909035,0.23,0.0,False,0.00800963710792096,0.030299354684996845,0.40048486921007154,0.07525469588680311,7.525469588680311e-06,7.525469588680309e-06,-0.006060053349124418,0.0,-0.3168710778573067,-0.11068064388632247,0.003758399097719245,0.3168710778573067
3.0,0.0,0.0,0.0007881864254426235,-0.7875893499967761,-0.10717338845234342,0.1576372850885247,3.0,0.0,-0.16351892312945757,0.13,0.0,False,0.0077229626278300075,0.006181095208049936,0.3861505139672673,0.061701082387537146,6.170108238753715e-06,6.170108238753715e-06,0.00015764117562096556,0.0,-0.6102042967035919,-0.6804159615444327,-0.6240704268673185,0.6102042967035919
4.0,0.0,0.0,0.057395282890581586,-0.5399664387637553,-0.22292555490788768,11.479056578116317,3.0,0.0,-0.16950294587898015,0.15,0.0,False,0.006852499514080352,0.057395282890581586,0.3426268353299688,0.05427584335912398,5.427584335912399e-06,5.4275843359123984e-06,0.011479305790954393,0.0,0.24762291123302083,-0.3170408838558676,-0.3704634928847751,0.24762291123302083
5.0,0.0,0.0,0.03346015591576844,0.39739978026700484,-0.2986008727340572,6.692031183153688,3.0,0.0,-0.2136209452040416,0.06,0.0,False,0.006437380031769086,0.03346015591576844,0.3218706080774154,0.049911266793667725,4.991126679366772e-06,4.991126679366772e-06,0.006692164785588372,0.0,0.9373662190307601,0.6960006530010621,0.6110207254710465,0.9373662190307601
6.0,0.0,0.0,-0.062128049344272344,0.43150213239594587,-0.3320584461326313,-12.425609868854469,3.0,0.0,-0.2053565294122265,0.12,0.0,False,0.00593662134834048,0.062128049344272344,0.29683246961638654,0.04723896911451465,4.723896911451467e-06,4.723896911451466e-06,-0.012425844656945675,0.0,0.03410235212894103,0.7635605785285772,0.6368586618081724,0.03410235212894103
7.0,0.0,0.0,-0.06976519793537005,0.3743192368617161,-0.41012808926869015,-13.95303958707401,3.0,0.0,-0.2238953875007387,0.13,0.0,False,0.005627761938165653,0.06976519793537005,0.28138937896216326,0.04556176663690604,4.5561766636906065e-06,4.556176663690606e-06,-0.013953293875968838,0.0,-0.05718289553422978,0.7844473261304062,0.5982146243624548,0.05718289553422978
8.0,0.0,0.0,-0.07117797678646234,0.27438999171854056,-0.3951365569882371,-14.235595357292468,3.0,0.0,-0.26616574008609306,0.1,0.0,False,0.005647074757767621,0.07117797678646234,0.28235499415624815,0.044492694745204016,4.449269474520401e-06,4.449269474520402e-06,-0.014235848708164736,0.0,-0.09992924514317553,0.6695265487067776,0.5405557318046337,0.09992924514317553
9.0,0.0,0.0,-0.05967985146895052,0.02155130732257926,-0.2817309899130857,-11.935970293790104,3.0,0.0,-0.3374763655028758,0.05,0.0,False,0.005460849229605919,0.05967985146895052,0.27304365752962906,0.04380451768299382,4.380451768299385e-06,4.380451768299384e-06,-0.01193617943264269,0.0,-0.2528386843959613,0.30328229723566497,0.35902767282545506,0.2528386843959613
10.0,0.0,0.0,-0.03821538606011682,-0.07743293613359586,-0.2767047695083895,-7.643077212023364,3.0,0.0,-0.322421594206509,-0.1,0.0,False,0.005423235742669396,0.03821538606011682,0.2711629628562504,0.0433587192744284,4.335871927442841e-06,4.3358719274428405e-06,-0.007643209769064304,0.0,-0.09898424345617512,0.19927183337479365,0.24498865807291315,0.09898424345617512
11.0,0.0,0.0,-0.030764520575953608,-0.14536480981271072,-0.4266296370208451,-6.152904115190721,3.0,0.0,-0.36061083812956957,0.13,0.0,False,0.004961203967481223,0.03076452057595361,0.24806126673830986,0.04306874926707378,4.3068749267073785e-06,4.306874926707378e-06,-0.006153010113888041,0.0,-0.06793187367911485,0.2812648272081344,0.21524602831685885,0.06793187367911485
12.0,0.0,0.0,-0.026331817736971286,-0.5382793286216269,-0.4645747706278785,-5.266363547394257,3.0,0.0,-0.38508476684024706,0.01,0.0,False,0.004935061251115878,0.026331817736971286,0.24675412062394236,0.042879635920764284,4.287963592076431e-06,4.28796359207643e-06,-0.0052664538749075465,0.0,-0.39291451880891615,-0.07370455799374837,-0.1531945617813798,0.39291451880891615
13.0,0.0,0.0,0.007834573214211257,-1.3030318093649957,-0.48209171831024594,1.5669146428422516,3.0,0.0,-0.40868863267621175,0.05,0.0,False,0.004806720518396129,0.007976752976139796,0.24033705350257603,0.04275608559413131,4.2756085594131314e-06,4.275608559413132e-06,0.001566941440782309,0.0,-0.7647524807433689,-0.8209400910547497,-0.8943431766887839,0.7647524807433689
14.0,0.0,0.0,0.08083587866121465,-0.9554224447230308,-0.43788503049265004,16.16717573224293,3.0,0.0,-0.45993192160109964,-0.09,0.0,False,0.004961585271558695,0.08083587866121465,0.24808032226306564,0.042675277071923805,4.26752770719238e-06,4.267527707192379e-06,0.016167451706546737,0.0,0.3476093646419649,-0.5175374142303808,-0.4954905231219312,0.3476093646419649
15.0,0.0,0.0,0.04005081266545298,-1.0542832247203298,-0.5709654402087142,8.010162533090597,3.0,0.0,-0.4946557742852533,0.01,0.0,False,0.005002366831917632,0.04005081266545298,0.2501194076599028,0.04262238484319971,4.2622384843199725e-06,4.262238484319972e-06,0.008010299097400581,0.0,-0.09886077999729892,-0.48331778451161556,-0.5596274504350764,0.09886077999729892
16.0,0.0,0.0,0.05014660390173284,-0.937818204431462,-0.5809567462134964,10.029320780346568,3.0,0.0,-0.5549057827627475,0.11,0.0,False,0.0048538313198209174,0.05014660390173284,0.2426925995597739,0.04258774810914817,4.2587748109148164e-06,4.258774810914817e-06,0.01002949163009379,0.0,0.11646502028886774,-0.35686145821796567,-0.38291242166871453,0.11646502028886774
17.0,0.0,0.0,0.03438613170963523,-0.2588953508259424,-0.6131373519547779,6.877226341927046,3.0,0.0,-0.5528065075483244,-0.12,0.0,False,0.005300671753555911,0.03438613170963523,0.265034715794822,0.042565058879555154,4.256505887955516e-06,4.256505887955516e-06,0.006877343433246317,0.0,0.6789228536055196,0.3542420011288355,0.293911156722382,0.6789228536055196
18.0,0.0,0.0,-0.03867423884972686,-0.5571972671491009,-0.6850826063525164,-7.734847769945372,3.0,0.0,-0.5939495690965053,0.03,0.0,False,0.005247128446516714,0.03867423884972686,0.2623575386574742,0.042550192925283656,4.255019292528367e-06,4.2550192925283665e-06,-0.00773497941709115,0.0,-0.2983019163231585,0.1278853392034155,0.03675230194740442,0.2983019163231585
19.0,0.0,0.0,-0.00803518902768893,-0.6613967299744974,-0.5942688546845222,-1.6070378055377859,3.0,0.0,-0.6456459673048321,0.01,0.0,False,0.005071887422627733,0.008274870523700888,0.25359544993328986,0.0425404514451206,4.254045144512061e-06,4.254045144512061e-06,-0.0016070651510669512,0.0,-0.1041994628253965,-0.06712787528997521,-0.01575076266966524,0.1041994628253965
20.0,0.0,0.0,-0.0021144171819904387,-0.2689256935615024,-0.6934753820396168,-0.42288343639808773,3.0,0.0,-0.6375508665288335,0.03,0.0,False,0.005070908952566637,0.004340046008516864,0.25354652606024775,0.04253406740151187,4.253406740151185e-06,4.253406740151186e-06,-0.0004228906311485202,0.0,0.39247103641299497,0.42454968847811436,0.3686251729673311,0.39247103641299497
21.0,0.0,0.0,-0.041476143349086,0.12460329898429684,-0.719377977139445,-8.2952286698172,3.0,0.0,-0.6825413514682164,-0.09,0.0,False,0.005310612405491078,0.041476143349086,0.26553174957318576,0.04252988339718566,4.252988339718564e-06,4.252988339718564e-06,-0.008295369787260257,0.0,0.39352899254579926,0.8439812761237417,0.8071446504525133,0.39352899254579926
22.0,0.0,0.0,-0.08822306560309706,-0.0011945349442021441,-0.8133397797869999,-17.64461312061941,3.0,0.0,-0.6836959469300642,0.11,0.0,False,0.005272935701631344,0.08822306560309706,0.2636479062959717,0.042527141159834476,4.252714115983449e-06,4.252714115983449e-06,-0.017644913269324117,0.0,-0.12579783392849897,0.8121452448427977,0.682501411985862,0.12579783392849897
23.0,0.0,0.0,-0.07828203712089646,-0.08159818331473573,-0.8025096241810007,-15.656407424179292,3.0,0.0,-0.7576461164204956,0.01,0.0,False,0.005003849951040503,0.07828203712089646,0.2501935615042232,0.04252534382553204,4.252534382553201e-06,4.252534382553203e-06,-0.01565667374069029,0.0,-0.08040364837053358,0.7209114408662649,0.6760479331057598,0.08040364837053358
24.0,0.0,0.0,-0.07206726912137851,0.3997617522637499,-0.9154279738365051,-14.413453824275702,3.0,0.0,-0.7840315510058866,-0.01,0.0,False,0.005082587452645617,0.07206726912137851,0.2541304532962381,0.04252416578609152,4.252416578609152e-06,4.252416578609151e-06,-0.014413698991273134,0.0,0.4813599355784856,1.315189726100255,1.1837933032696366,0.4813599355784856
25.0,0.0,0.0,-0.12391665662775006,-0.11701738189781946,-0.842804525368303,-24.783331325550012,3.0,0.0,-0.8022861975310199,0.05,0.0,False,0.005160454996609857,0.12391665662775005,0.25802384703078896,0.042523393647102156,4.252339364710216e-06,4.252339364710216e-06,-0.024783752872298975,0.0,-0.5167791341615693,0.7257871434704835,0.6852688156332005,0.5167791341615693
26.0,0.0,0.0,-0.07671102921963925,0.22010348514657238,-0.9711475400851334,-15.34220584392785,3.0,0.0,-0.8394311607975957,0.01,0.0,False,0.00534223825195035,0.07671102921963924,0.2671130484344998,0.042522887549586885,4.252288754958689e-06,4.252288754958688e-06,-0.015342466800775728,0.0,0.3371208670443918,1.1912510252317057,1.0595346459441681,0.3371208670443918
27.0,0.0,0.0,-0.1158422335934537,0.32558118671795516,-1.029278940038745,-23.168446718690742,3.0,0.0,-0.8841439839665584,0.17,0.0,False,0.005040943211290842,0.11584223359345369,0.2520482323334877,0.04252255582707921,4.252255582707923e-06,4.252255582707922e-06,-0.023168840789642656,0.0,0.10547770157138278,1.3548601267567002,1.2097251706845136,0.10547770157138278
28.0,0.0,0.0,-0.13003428335136613,-0.8961217266372309,-1.0014904976117482,-26.006856670273226,3.0,0.0,-0.9383434803271901,-0.05,0.0,False,0.005199008269773458,0.13003428335136613,0.2599515188586178,0.04252233839831703,4.252233839831701e-06,4.252233839831702e-06,-0.026007299017336272,0.0,-1.221702913355186,0.10536877097451736,0.042221753689959174,1.221702913355186
29.0,0.0,0.0,-0.010310151322989078,-0.9732155693524958,-1.0755556250588798,-2.0620302645978157,3.0,0.0,-0.9747892936047067,0.14,0.0,False,0.004861445165699433,0.010351062441539787,0.24307329188158971,0.04252219588353538,4.252219588353537e-06,4.252219588353538e-06,-0.002062065337270612,0.0,-0.07709384271526487,0.10234005570638405,0.0015737242522109174,0.07709384271526487
30.0,0.0,0.0,-0.003502179544886355,-0.5225760076277444,-1.1083958292130855,-0.700435908977271,3.0,0.0,-0.9992254319184924,0.1,0.0,False,0.004821850876135157,0.00501419135255859,0.24109356898294323,0.042522102471379226,4.2522102471379225e-06,4.2522102471379225e-06,-0.0007004478225296107,0.0,0.4506395617247514,0.5858198215853412,0.4766494242907481,0.4506395617247514
31.0,0.0,0.0,-0.052603170050659766,-0.32617485079994235,-1.1398820401981038,-10.520634010131953,3.0,0.0,-1.0082381094015467,-0.05,0.0,False,0.005087841547393617,0.05260317005065976,0.25439315909672144,0.042522041243776856,4.252204124377685e-06,4.252204124377686e-06,-0.010520812952904362,0.0,0.19640115682780201,0.8137071893981614,0.6820632586016043,0.19640115682780201
32.0,0.0,0.0,-0.07533796076673628,-0.0071753958535062945,-1.0970968446019616,-15.067592153347256,3.0,0.0,-1.048618892105174,-0.01,0.0,False,0.005164903954501001,0.07533796076673628,0.25824629583530856,0.04252200111172609,4.252200111172611e-06,4.25220011117261e-06,-0.015067848433925623,0.0,0.31899945494643606,1.0899214487484552,1.0414434962516677,0.31899945494643606
33.0,0.0,0.0,-0.11056962270009923,-0.5963421036196335,-1.1891652218855044,-22.11392454001985,3.0,0.0,-1.0795704760715628,0.01,0.0,False,0.005473569219451767,0.11056962270009926,0.27367962470745066,0.04252197480688926,4.2521974806889265e-06,4.252197480688927e-06,-0.022114300669517348,0.0,-0.5891667077661271,0.592823118265871,0.4832283724519293,0.5891667077661271
34.0,0.0,0.0,-0.04770427694760908,-0.4579252435966322,-0.9944345406560375,-9.540855389521816,3.0,0.0,-1.1128951310480535,0.12,0.0,False,0.005350490166519273,0.04770427694760908,0.26752564589254274,0.042521957565193544,4.2521957565193565e-06,4.252195756519356e-06,-0.00954101766717098,0.0,0.13841686002300124,0.5365092970594053,0.6549698874514213,0.13841686002300124
35.0,0.0,0.0,-0.06673595895416098,-1.0668587874504514,-1.0881264818254965,-13.347191790832197,3.0,0.0,-1.0733950154919245,-0.05,0.0,False,0.005514664826437436,0.06673595895416098,0.27573441379327884,0.04252194626399751,4.252194626399752e-06,4.252194626399751e-06,-0.013347418809295708,0.0,-0.6089335438538191,0.021267694375045165,0.0065362280414731355,0.6089335438538191
36.0,0.0,0.0,-0.005708041278496571,-1.0896786857390652,-1.009305032434171,-1.1416082556993141,3.0,0.0,-1.1252990218525445,-0.06,0.0,False,0.0055628072749629815,0.006586008165742721,0.27814154645490313,0.04252193885654483,4.2521938856544815e-06,4.252193885654482e-06,-0.0011416276729753264,0.0,-0.02281989828861386,-0.08037365330489421,0.035620336113479256,0.02281989828861386
37.0,0.0,0.0,-0.002802449526974574,-0.34226595479188193,-0.9444528070794476,-0.5604899053949148,3.0,0.0,-1.1239404138203282,-0.03,0.0,False,0.005611484241444934,0.005083831919533507,0.2805754051280595,0.04252193400127473,4.2521934001274746e-06,4.252193400127474e-06,-0.0005604994386002836,0.0,0.7474127309471833,0.6021868522875656,0.7816744590284462,0.7474127309471833
38.0,0.0,0.0,-0.0760083080469839,-0.8362254806018856,-0.8777565862132,-15.20166160939678,3.0,0.0,-1.11770377683668,0.11,0.0,False,0.00524625845455871,0.0760083080469839,0.2623140381331308,0.042521930818851625,4.2521930818851625e-06,4.2521930818851625e-06,-0.015201920169898636,0.0,-0.4939595258100037,0.041531105611314345,0.28147829623479437,0.4939595258100037
39.0,0.0,0.0,-0.021302976319839483,-0.3140276611814671,-0.8043380286934649,-4.260595263967897,3.0,0.0,-1.1023651953618026,0.13,0.0,False,0.005392344647911384,0.021302976319839483,0.2696183788600433,0.04252192873290852,4.252192873290852e-06,4.252192873290853e-06,-0.004260667731151022,0.0,0.5221978194204185,0.49031036751199786,0.7883375341803355,0.5221978194204185
40.0,0.0,0.0,-0.07212772576349487,0.263511447915223,-0.8705411157489518,-14.425545152698975,3.0,0.0,-1.0492597730184847,0.16,0.0,False,0.005064406345513393,0.07212772576349487,0.2532213940172635,0.04252192736566145,4.2521927365661454e-06,4.252192736566145e-06,-0.014425790512448928,0.0,0.5775391090966902,1.1340525636641747,1.3127712209337077,0.5775391090966902
41.0,0.0,0.0,-0.12957317688283135,0.8017523723034194,-0.9585486488887148,-25.91463537656627,3.0,0.0,-1.0353202538659954,-0.11,0.0,False,0.005013404999455692,0.12957317688283135,0.2506713158709783,0.04252192646948904,4.252192646948904e-06,4.252192646948905e-06,-0.025915076150779984,0.0,0.5382409243881965,1.7603010211921344,1.8370726261694148,0.5382409243881965
42.0,0.0,0.0,-0.1904990772740221,1.229378411536067,-1.1892225550433269,-38.09981545480442,3.0,0.0,-1.0322478694185886,0.15,0.0,False,0.005073658488962884,0.1904990772740221,0.25368400315679523,0.04252192588208612,4.252192588208611e-06,4.252192588208612e-06,-0.038100463483060454,0.0,0.42762603923264764,2.418600966579394,2.2616262809546557,0.42762603923264764
43.0,0.0,0.0,-0.2365077996041837,0.866648421603829,-1.1964426078023216,-47.30155992083674,3.0,0.0,-1.1032789023750247,-0.11,0.0,False,0.0051798806946299295,0.2365077996041837,0.25899513602400137,0.042521925497068444,4.252192549706844e-06,4.252192549706844e-06,-0.04730236445877841,0.0,-0.36272998993223804,2.0630910294061504,1.9699273239788537,0.36272998993223804
44.0,0.0,0.0,-0.20693574188861277,1.1479546929076454,-1.2666680702986468,-41.38714837772255,3.0,0.0,-1.1357498683409397,-0.02,0.0,False,0.005594490380650005,0.20693574188861277,0.27972570847500905,0.042521925244705674,4.2521925244705684e-06,4.252192524470569e-06,-0.041387852319221013,0.0,0.28130627130381636,2.4146227632062924,2.283704561248585,0.28130627130381636
45.0,0.0,0.0,-0.23439934362308865,0.7641906230666671,-1.131942342084262,-46.87986872461773,3.0,0.0,-1.2027529938130335,0.08,0.0,False,0.005352206944686815,0.23439934362308865,0.2676114851650543,0.04252192507929264,4.252192507929263e-06,4.2521925079292635e-06,-0.046880666090133395,0.0,-0.38376406984097833,1.896132965150929,1.9669436168797005,0.38376406984097833
46.0,0.0,0.0,-0.19777668964528247,1.2295087655508117,-1.1410105977991682,-39.55533792905649,3.0,0.0,-1.1960885788798796,0.02,0.0,False,0.005128087865026068,0.19777668964528247,0.2564054835321405,0.042521924970871386,4.252192497087138e-06,4.252192497087139e-06,-0.03955601071384029,0.0,0.4653181424841446,2.37051936334998,2.4255973444306913,0.4653181424841446
47.0,0.0,0.0,-0.24953739723677387,0.9236747393557097,-1.406947326391852,-49.907479447354774,3.0,0.0,-1.2136183226139456,0.1,0.0,False,0.005350274014467773,0.24953739723677387,0.26751483824313776,0.04252192489980588,4.252192489980587e-06,4.252192489980588e-06,-0.049908328308582446,0.0,-0.305834026195102,2.3306220657475616,2.1372930619696553,0.305834026195102
48.0,0.0,0.0,-0.2262400659055529,0.8118206017506706,-1.5725850316089165,-45.24801318111058,3.0,0.0,-1.2659182608692514,0.18,0.0,False,0.0053067590261500494,0.2262400659055529,0.26533907957554503,0.04252192485322546,4.252192485322546e-06,4.252192485322545e-06,-0.04524878279088451,0.0,-0.11185413760503904,2.384405633359587,2.0777388626199222,0.11185413760503904
49.0,0.0,0.0,-0.22075677431197607,0.10474593372857066,-1.5041180675932087,-44.151354862395216,3.0,0.0,-1.338774020515223,0.19,0.0,False,0.0051371929898681315,0.22075677431197607,0.25686074171007717,0.04252192482269396,4.252192482269395e-06,4.252192482269396e-06,-0.0441521058194389,0.0,-0.7070746680221,1.6088640013217792,1.4435199542437935,0.7070746680221
50.0,0.0,0.0,-0.15049444882404775,0.7786918860400591,-1.4130200130227957,-30.09888976480955,3.0,0.0,-1.3957940763838972,0.14,0.0,False,0.005032223417847751,0.15049444882404775,0.2516122407915164,0.04252192480268187,4.252192480268186e-06,4.252192480268186e-06,-0.03009940170772356,0.0,0.6739459523114885,2.191711899062855,2.1744859624239563,0.6739459523114885
51.0,0.0,0.0,-0.22022872344411035,1.6225538699640114,-1.480107540678933,-44.04574468882207,3.0,0.0,-1.4002305510800874,0.07,0.0,False,0.004693600179649028,0.22022872344411037,0.23468100688702057,0.04252192478956478,4.252192478956478e-06,4.252192478956478e-06,-0.04404649384957367,0.0,0.8438619839239523,3.1026614106429444,3.022784421044099,0.8438619839239523
52.0,0.0,0.0,-0.3063426782603873,1.528405019783883,-1.4605234785081644,-61.26853565207746,3.0,0.0,-1.423642171147118,0.0,0.0,False,0.004943032771521498,0.3063426782603873,0.24715268951241334,0.0425219247809671,4.252192478096709e-06,4.25219247809671e-06,-0.06126957775007202,0.0,-0.09414885018012842,2.988928498292047,2.952047190931001,0.09414885018012842
53.0,0.0,0.0,-0.3016454771504481,1.2871802608924057,-1.5505685671510552,-60.32909543008962,3.0,0.0,-1.4409380440414714,0.08,0.0,False,0.004832451332316696,0.3016454771504481,0.24162359404149492,0.04252192477533167,4.252192477533166e-06,4.252192477533167e-06,-0.06033012154942938,0.0,-0.24122475889147732,2.837748828043461,2.728118304933877,0.24122475889147732
54.0,0.0,0.0,-0.28030316138518496,1.6365530953341552,-1.5645158670345878,-56.060632277036994,3.0,0.0,-1.488113884452037,-0.11,0.0,False,0.005134193777418515,0.28030316138518496,0.2567107804499336,0.0425219247716379,4.25219247716379e-06,4.252192477163789e-06,-0.056061585795377775,0.0,0.3493728344417495,3.201068962368743,3.124666979786192,0.3493728344417495
55.0,0.0,0.0,-0.31706019266199714,0.9965827808616421,-1.6074328848802861,-63.41203853239943,3.0,0.0,-1.515910948109152,0.02,0.0,False,0.005100150163949886,0.3170601926619971,0.25500859253850205,0.04252192476921678,4.252192476921676e-06,4.252192476921677e-06,-0.06341311708858598,0.0,-0.6399703144725131,2.604015665741928,2.512493728970794,0.6399703144725131
56.0,0.0,0.0,-0.2572061304914882,1.0317837891285444,-1.567683764703148,-51.44122609829765,3.0,0.0,-1.5341162413341147,-0.03,0.0,False,0.00527878409390593,0.2572061304914882,0.26394032701559705,0.04252192476762984,4.2521924767629835e-06,4.252192476762984e-06,-0.05144210104655562,0.0,0.03520100826690231,2.5994675538316923,2.565900030462659,0.03520100826690231
57.0,0.0,0.0,-0.26588146409960023,0.5106336972006087,-1.6250010577685754,-53.17629281992005,3.0,0.0,-1.5755332085518918,-0.02,0.0,False,0.005105098931482504,0.26588146409960023,0.25525603196728863,0.042521924766589676,4.252192476658967e-06,4.252192476658967e-06,-0.05317719727940317,0.0,-0.5211500919279357,2.135634754969184,2.0861669057525005,0.5211500919279357
58.0,0.0,0.0,-0.21736281537729166,0.7843451639146202,-1.7513939306385002,-43.47256307545833,3.0,0.0,-1.6270873808255235,0.1,0.0,False,0.0049521850344113084,0.21736281537729163,0.24761030460276268,0.04252192476590788,4.252192476590789e-06,4.2521924765907885e-06,-0.04347330248713681,0.0,0.2737114667140115,2.5357390945531204,2.4114325447401437,0.2737114667140115
59.0,0.0,0.0,-0.25217131793151376,0.4114323936036591,-1.8618538614585876,-50.43426358630275,3.0,0.0,-1.66304066999872,0.19,0.0,False,0.005188144940497977,0.25217131793151376,0.259408350074443,0.04252192476546101,4.252192476546101e-06,4.252192476546101e-06,-0.050435121407439866,0.0,-0.3729127703109611,2.2732862550622466,2.074473063602379,0.3729127703109611
60.0,0.0,0.0,-0.21856720773145522,0.07083526331536494,-1.9063160513397746,-43.713441546291044,3.0,0.0,-1.737421629449563,0.12,0.0,False,0.00532744241596806,0.21856720773145522,0.2663732534639311,0.04252192476516809,4.252192476516809e-06,4.2521924765168095e-06,-0.043714185054998585,0.0,-0.34059713028829414,1.9771513146551394,1.8082568927649278,0.34059713028829414
61.0,0.0,0.0,-0.19243903357899078,0.1565890884034819,-1.8917267163576372,-38.48780671579816,3.0,0.0,-1.7742861532027103,0.19,0.0,False,0.004981056208254981,0.19243903357899078,0.2490538694332358,0.042521924764976085,4.25219247649761e-06,4.25219247649761e-06,-0.03848846134326319,0.0,0.08575382508811696,2.048315804761119,1.9308752416061923,0.08575382508811696
62.0,0.0,0.0,-0.20634850140666708,-1.2548563329294817,-1.997436374453967,-41.269700281333414,3.0,0.0,-1.8535959868650824,0.0,0.0,False,0.005247982701808118,0.20634850140666708,0.262400250862034,0.04252192476485026,4.252192476485025e-06,4.252192476485025e-06,-0.04127040222518481,0.0,-1.4114454213329637,0.7425800415244852,0.5987396539356007,1.4114454213329637
63.0,0.0,0.0,-0.07112656966146483,-1.3988830135859862,-2.1228579374795986,-14.225313932292966,3.0,0.0,-1.9069397973404505,0.1,0.0,False,0.005361249664387022,0.07112656966146483,0.2680636230726255,0.04252192476476777,4.252192476476778e-06,4.252192476476777e-06,-0.014225555886355655,0.0,-0.14402668065650448,0.7239749238936124,0.5080567837544643,0.14402668065650448
64.0,0.0,0.0,-0.06337183725635274,-1.43212443422347,-2.304021885857283,-12.67436745127055,3.0,0.0,-1.9661371517373503,0.25,0.0,False,0.005150012596799792,0.06337183725635276,0.25750172478223043,0.04252192476471372,4.252192476471372e-06,4.25219247647137e-06,-0.012674583025753574,0.0,-0.03324142063748381,0.8718974516338132,0.5340127175138802,0.03324142063748381
65.0,0.0,0.0,-0.07556160655724581,-1.7386728556117685,-2.581170325501812,-15.112321311449161,3.0,0.0,-2.032614859611994,0.69,0.0,False,0.00505661990441435,0.0755616065572458,0.2528320703067732,0.04252192476467826,4.252192476467827e-06,4.252192476467827e-06,-0.015112578352352114,0.0,-0.3065484213882985,0.8424974698900434,0.29394200400022563,0.3065484213882985
66.0,0.0,0.0,-0.05576889250737938,-1.5048843726264445,-2.473772552083254,-11.153778501475877,3.0,0.0,-2.187756564920674,0.26,0.0,False,0.005588739823561954,0.05576889250737938,0.2794381793979693,0.04252192476465504,4.252192476465504e-06,4.252192476465505e-06,-0.011153968212721308,0.0,0.23378848298532406,0.9688881794568096,0.6828721922942296,0.23378848298532406
67.0,0.0,0.0,-0.08315021270248213,-1.3928358442326527,-2.5029460047604264,-16.630042540496426,3.0,0.0,-2.29637363768882,0.14,0.0,False,0.005305904468776095,0.08315021270248213,0.2652963515251579,0.042521924764639826,4.252192476463981e-06,4.252192476463982e-06,-0.016630325395860776,0.0,0.11204852839379176,1.1101101605277737,0.9035377934561672,0.11204852839379176
68.0,0.0,0.0,-0.1018924233462524,-1.0887702749347008,-2.483805562343425,-20.37848466925048,3.0,0.0,-2.3364041781867098,0.16,0.0,False,0.004875187169635658,0.1018924233462524,0.24376039499349317,0.042521924764629834,4.252192476462983e-06,4.252192476462984e-06,-0.020378831280733402,0.0,0.3040655692979519,1.3950352874087242,1.247633903252009,0.3040655692979519
69.0,0.0,0.0,-0.131785490850695,-1.053381693293448,-2.307198644588258,-26.357098170138997,3.0,0.0,-2.4117817410049756,0.04,0.0,False,0.004680120275657127,0.131785490850695,0.2340070088214676,0.0425219247646233,4.252192476462331e-06,4.25219247646233e-06,-0.026357546470050917,0.0,0.03538858164125269,1.2538169512948099,1.3584000477115274,0.03538858164125269
70.0,0.0,0.0,-0.13513791181060297,-1.4565388215155894,-2.3775854558067744,-27.027582362120597,3.0,0.0,-2.4066532023052867,-0.09,0.0,False,0.005105496609232905,0.13513791181060297,0.2552759159393588,0.04252192476461902,4.2521924764619006e-06,4.252192476461901e-06,-0.027028042066095374,0.0,-0.40315712822214134,0.9210466342911849,0.9501143807896972,0.40315712822214134
71.0,0.0,0.0,-0.09354819463002376,-1.402792154198184,-2.399065573257989,-18.70963892600475,3.0,0.0,-2.404789543020073,0.0,0.0,False,0.005202306092674977,0.09354819463002376,0.2601164106940902,0.042521924764616206,4.25219247646162e-06,4.25219247646162e-06,-0.018709957152595116,0.0,0.053746667317405405,0.9962734190598048,1.001997388821889,0.053746667317405405
72.0,0.0,0.0,-0.09548227822452937,-1.2302564861495884,-2.2102858396280527,-19.096455644905873,3.0,0.0,-2.392040657062297,0.08,0.0,False,0.005150676473015483,0.09548227822452937,0.2575349187341615,0.04252192476461437,4.252192476461437e-06,4.252192476461436e-06,-0.0190967804507448,0.0,0.17253566804859566,0.9800293534784643,1.1617841709127088,0.17253566804859566
73.0,0.0,0.0,-0.10988947004300506,-1.366310328479538,-2.1963972195206893,-21.977894008601012,3.0,0.0,-2.3576352368947315,0.03,0.0,False,0.005262073172902168,0.10988947004300506,0.2631047774125062,0.042521924764613146,4.252192476461316e-06,4.252192476461315e-06,-0.021978267823953665,0.0,-0.13605384232994955,0.8300868910411514,0.9913249084151936,0.13605384232994955
74.0,0.0,0.0,-0.0947783437374029,-1.3428762516523145,-2.202973783595808,-18.95566874748058,3.0,0.0,-2.3291745501385255,0.11,0.0,False,0.0050611868275037015,0.0947783437374029,0.25306041743221247,0.042521924764612355,4.252192476461236e-06,4.2521924764612365e-06,-0.018955991158717746,0.0,0.023434076827223427,0.8600975319434934,0.986298298486211,0.023434076827223427
75.0,0.0,0.0,-0.09575466180697034,-1.5296258678478156,-2.172769728848056,-19.15093236139407,3.0,0.0,-2.3141139166415745,0.02,0.0,False,0.0049810204011092206,0.09575466180697034,0.24905207906833474,0.04252192476461185,4.252192476461185e-06,4.252192476461184e-06,-0.01915125809381099,0.0,-0.18674961619550112,0.6431438610002402,0.7844880487937589,0.18674961619550112
76.0,0.0,0.0,-0.07572321659213145,-1.3463985905683713,-2.1874749631665993,-15.14464331842629,3.0,0.0,-2.300443228084643,0.11,0.0,False,0.005005633724727596,0.07572321659213145,0.25028275048228293,0.04252192476461149,4.252192476461149e-06,4.25219247646115e-06,-0.01514490090908446,0.0,0.18322727727944432,0.841076372598228,0.9540446375162719,0.18322727727944432
77.0,0.0,0.0,-0.09140701968154107,-1.6452665244678657,-2.2409975231894537,-18.281403936308212,3.0,0.0,-2.2868741332537237,0.03,0.0,False,0.0050536414814952345,0.09140701968154104,0.252683148527576,0.04252192476461127,4.252192476461127e-06,4.252192476461128e-06,-0.018281714879179112,0.0,-0.2988679338994944,0.595730998721588,0.641607608785858,0.2988679338994944
78.0,0.0,0.0,-0.06537081110307943,-1.6464792984402996,-2.3522522750100086,-13.074162220615888,3.0,0.0,-2.26048822139585,0.02,0.0,False,0.005161571526713985,0.06537081110307943,0.25807967373547985,0.042521924764611134,4.252192476461113e-06,4.252192476461114e-06,-0.013074384595087219,0.0,-0.0012127739724339115,0.7057729765697089,0.6140089229555505,0.0012127739724339115
79.0,0.0,0.0,-0.07255162963012751,-2.0741670054032326,-2.447735897560067,-14.510325926025503,3.0,0.0,-2.298988533962217,0.15,0.0,False,0.004928989332351316,0.07255162963012751,0.24645051456813352,0.042521924764611044,4.252192476461104e-06,4.2521924764611035e-06,-0.014510572727770975,0.0,-0.427687706962933,0.3735688921568343,0.22482152855898452,0.427687706962933
80.0,0.0,0.0,-0.0298924421703614,-1.664461955560924,-2.3838817869994666,-5.97848843407228,3.0,0.0,-2.372011019916257,-0.12,0.0,False,0.004962460884336437,0.029892442170361404,0.24812409928376364,0.042521924764610974,4.252192476461099e-06,4.2521924764610976e-06,-0.005978590120374045,0.0,0.4097050498423087,0.7194198314385427,0.7075490643553333,0.4097050498423087
81.0,0.0,0.0,-0.07607134919075809,-1.8360983534313642,-2.5825939762619,-15.214269838151617,3.0,0.0,-2.373097782527731,0.12,0.0,False,0.005370492095789734,0.07607134919075807,0.2685257466077909,0.042521924764610926,4.252192476461093e-06,4.252192476461093e-06,-0.015214528613066205,0.0,-0.17163639787044027,0.7464956228305357,0.5369994290963669,0.17163639787044027
82.0,0.0,0.0,-0.060561963067331685,-1.0787095904829949,-2.493342557514634,-12.112392613466337,3.0,0.0,-2.4251916209694393,0.13,0.0,False,0.0048196536533336234,0.060561963067331685,0.24098370737143132,0.04252192476461091,4.252192476461092e-06,4.252192476461091e-06,-0.012112598629489279,0.0,0.7573887629483693,1.4146329670316393,1.3464820304864444,0.7573887629483693
83.0,0.0,0.0,-0.13940009548365503,-1.1696725117538274,-2.480817282295778,-27.880019096731008,3.0,0.0,-2.4417308601608663,-0.16,0.0,False,0.00489335684982223,0.13940009548365503,0.24466888286587055,0.0425219247646109,4.25219247646109e-06,4.252192476461089e-06,-0.027880493299544368,0.0,-0.0909629212708325,1.3111447705419506,1.272058348407039,0.0909629212708325
84.0,0.0,0.0,-0.12955715830346695,-1.5764592795445709,-2.4795345691180457,-25.91143166069339,3.0,0.0,-2.472740183121405,-0.02,0.0,False,0.00518441590505467,0.12955715830346695,0.25922189750944874,0.04252192476461088,4.252192476461087e-06,4.252192476461088e-06,-0.025911872380398392,0.0,-0.4067867677907435,0.9030752895734748,0.8962809035768342,0.4067867677907435
85.0,0.0,0.0,-0.09007587562981069,-1.2289300796033529,-2.434195470367596,-18.015175125962138,3.0,0.0,-2.465271639887186,0.03,0.0,False,0.005366926364410002,0.09007587562981068,0.2683474592806955,0.04252192476461086,4.252192476461086e-06,4.2521924764610866e-06,-0.01801548154062772,0.0,0.347529199941218,1.205265390764243,1.236341560283833,0.347529199941218
86.0,0.0,0.0,-0.12413290463091987,-1.2302847859959554,-2.348680009595548,-24.826580926183976,3.0,0.0,-2.47723718684071,0.02,0.0,False,0.005327009513115263,0.12413290463091987,0.2663516082292518,0.04252192476461086,4.252192476461086e-06,4.2521924764610866e-06,-0.02482700319399091,0.0,-0.0013547063926024894,1.1183952235995924,1.2469524008447548,0.0013547063926024894
87.0,0.0,0.0,-0.12377881460044357,-2.138509848430007,-2.362671987288286,-24.755762920088713,3.0,0.0,-2.470285517762708,0.04,0.0,False,0.005289366025273524,0.12377881460044354,0.26446942583379707,0.04252192476461086,4.252192476461086e-06,4.2521924764610866e-06,-0.0247561839833736,0.0,-0.9082250624340518,0.22416213885827885,0.33177566933270075,0.9082250624340518
88.0,0.0,0.0,-0.03430419414871291,-2.8496485214876643,-2.4097398105376264,-6.860838829742583,3.0,0.0,-2.468099248567599,0.03,0.0,False,0.005168505745416851,0.03430419414871291,0.25842638614490476,0.04252192476461086,4.252192476461086e-06,4.2521924764610866e-06,-0.006860955523675388,0.0,-0.7111386730576572,-0.4399087109500379,-0.38154927292006535,0.7111386730576572
89.0,0.0,0.0,0.034721914593454,-3.0230958717438354,-2.3944129242065686,6.9443829186908,3.0,0.0,-2.4815590833189494,0.02,0.0,False,0.005361334594970801,0.034721914593454,0.2680678696198714,0.04252192476461086,4.252192476461086e-06,4.2521924764610866e-06,0.006944501033599749,0.0,-0.17344735025617108,-0.6286829475372668,-0.5415367884248861,0.17344735025617108
90.0,0.0,0.0,0.05794452479318674,-2.3435259554785235,-2.2135078269869877,11.588904958637348,3.0,0.0,-2.5024219933399245,0.27,0.0,False,0.004842685055059923,0.05794452479318675,0.24213528235444398,0.04252192476461086,4.252192476461086e-06,4.2521924764610866e-06,0.011589102070817082,0.0,0.6795699162653119,-0.13001812849153582,0.15889603786140105,0.6795699162653119
91.0,0.0,0.0,-0.007718282694882855,-2.778315516750502,-2.187517732736306,-1.543656538976571,3.0,0.0,-2.44363830424835,0.13,0.0,False,0.004979484601205229,0.007876347832210912,0.24897528874660935,0.04252192476461086,4.252192476461086e-06,4.2521924764610866e-06,-0.001543682794563811,0.0,-0.43478956127197854,-0.590797784014196,-0.334677212502152,0.43478956127197854
92.0,0.0,0.0,0.03774443304652647,-2.418408540265842,-2.1084592712967756,7.548886609305294,3.0,0.0,-2.4207104234085324,0.02,0.0,False,0.005018276787270668,0.03774443304652647,0.2509149062974733,0.04252192476461086,4.252192476461086e-06,4.2521924764610866e-06,0.007549015006034703,0.0,0.35990697648465986,-0.3099492689690666,0.0023018831426901976,0.35990697648465986
93.0,0.0,0.0,0.006411357121179734,-1.7533566355597021,-2.12056429396972,1.2822714242359468,3.0,0.0,-2.400863161455526,0.28,0.0,False,0.004957740208291851,0.00699511668620093,0.24788806447787323,0.04252192476461086,4.252192476461086e-06,4.2521924764610866e-06,0.001282293234002818,0.0,0.6650519047061401,0.3672076584100179,0.6475065258958239,0.6650519047061401
94.0,0.0,0.0,-0.057124589482509196,-1.6850891758652906,-2.1171996508638022,-11.424917896501839,3.0,0.0,-2.3542936059378192,0.0,0.0,False,0.005246435956897586,0.057124589482509196,0.26232291328765445,0.04252192476461086,4.252192476461086e-06,4.2521924764610866e-06,-0.011425112219475226,0.0,0.0682674596944115,0.43211047499851163,0.6692044300725286,0.0682674596944115
95.0,0.0,0.0,-0.06483394219272576,-0.529118510838922,-2.119759269470292,-12.966788438545152,3.0,0.0,-2.3246146756222745,-0.08,0.0,False,0.005461605746051454,0.06483394219272576,0.27308144849251575,0.04252192476461086,4.252192476461086e-06,4.2521924764610866e-06,-0.012967008986728297,0.0,1.1559706650263686,1.59064075863137,1.7954961647833525,1.1559706650263686
96.0,0.0,0.0,-0.18296128154627983,-0.021245863148768418,-2.3281287345249853,-36.592256309255966,3.0,0.0,-2.333442382112608,0.01,0.0,False,0.005155679301107466,0.18296128154627986,0.25778506120241,0.04252192476461086,4.252192476461086e-06,4.2521924764610866e-06,-0.03659287869587732,0.0,0.5078726476901536,2.306882871376217,2.3121965189638396,0.5078726476901536
97.0,0.0,0.0,-0.230834719342554,-0.3814558121776509,-2.242266530132554,-46.1669438685108,3.0,0.0,-2.3587702256309617,0.03,0.0,False,0.005359728144583624,0.230834719342554,0.2679875467589658,0.04252192476461086,4.252192476461086e-06,4.2521924764610866e-06,-0.04616772910809728,0.0,-0.3602099490288825,1.8608107179549034,1.977314413453311,0.3602099490288825
98.0,0.0,0.0,-0.19496316258368698,-0.6005626074685125,-2.190149075351241,-38.992632516737395,3.0,0.0,-2.3296421342571505,-0.13,0.0,False,0.005718117670756044,0.194963162583687,0.28590709926464913,0.04252192476461086,4.252192476461086e-06,4.2521924764610866e-06,-0.03899329573063175,0.0,-0.21910679529086163,1.5895864678827287,1.729079526788638,0.21910679529086163
99.0,0.0,0.0,-0.17120944231194118,-0.08257057538282953,-2.1765441113719874,-34.24188846238824,3.0,0.0,-2.3311288890591744,-0.02,0.0,False,0.005889146874360613,0.17120944231194124,0.29445859580733214,0.04252192476461086,4.252192476461086e-06,4.2521924764610866e-06,-0.03424247087231369,0.0,0.517992032085683,2.093973535989158,2.248558313676345,0.517992032085683
100.0,0.0,0.0,-0.22458018341044575,-0.4995451642917631,-2.136586310065908,-44.91603668208915,3.0,0.0,-2.3126934313630474,-0.09,0.0,False,0.005480259408977815,0.22458018341044575,0.274014135604782,0.04252192476461086,4.252192476461086e-06,4.2521924764610866e-06,-0.0449168006453736,0.0,-0.4169745889089336,1.6370411457741447,1.8131482670712842,0.4169745889089336
101.0,0.0,0.0,-0.1827036568806524,-0.15028820443870633,-2.144448114113635,-36.54073137613048,3.0,0.0,-2.3284201573955974,0.05,0.0,False,0.005062441162286655,0.1827036568806524,0.25312313443804374,0.04252192476461086,4.252192476461086e-06,4.2521924764610866e-06,-0.03654135288637984,0.0,0.34925695985305677,1.9941599096749287,2.178131952956891,0.34925695985305677
102.0,0.0,0.0,-0.22034367806602698,-0.8623866847758244,-2.2993571010082214,-44.0687356132054,3.0,0.0,-2.326620577654046,0.05,0.0,False,0.0048158967922315235,0.22034367806602698,0.24079586351758148,0.04252192476461086,4.252192476461086e-06,4.2521924764610866e-06,-0.044069485165002205,0.0,-0.712098480337118,1.436970416232397,1.4642338928782217,0.712098480337118
103.0,0.0,0.0,-0.15028418274205707,-0.07833058669462789,-2.189150926187348,-30.056836548411415,3.0,0.0,-2.353771832285479,0.08,0.0,False,0.004679327219111973,0.15028418274205707,0.2339673558255984,0.04252192476461086,4.252192476461086e-06,4.2521924764610866e-06,-0.0300573477760545,0.0,0.7840560980811965,2.11082033949272,2.275441245590851,0.7840560980811965
104.0,0.0,0.0,-0.22503157847383357,-0.9007422725419061,-2.160330321564807,-45.00631569476671,3.0,0.0,-2.365260464059953,0.09,0.0,False,0.004820826287004529,0.22503157847383357,0.2410423393042898,0.04252192476461086,4.252192476461086e-06,4.2521924764610866e-06,-0.04500708119357959,0.0,-0.8224116858472782,1.2595880490229008,1.4645181915180467,0.8224116858472782
105.0,0.0,0.0,-0.14097704934867328,-0.5233383503275055,-2.1628299318496227,-28.195409869734654,3.0,0.0,-2.3286942153122085,-0.03,0.0,False,0.005424382343306913,0.14097704934867328,0.2712202704412351,0.04252192476461086,4.252192476461086e-06,4.2521924764610866e-06,-0.028195889436934293,0.0,0.37740392221440056,1.6394915815221172,1.805355864984703,0.37740392221440056
106.0,0.0,0.0,-0.16731772883632867,-1.1288448181687163,-1.8992895750923524,-33.463545767265735,3.0,0.0,-2.310542739106067,0.5,0.0,False,0.005302668495959383,0.16731772883632867,0.2651345521963233,0.04252192476461086,4.252192476461086e-06,4.2521924764610866e-06,-0.03346411493859567,0.0,-0.6055064678412108,0.7704447569236361,1.1816979209373506,0.6055064678412108
107.0,0.0,0.0,-0.10437857991643756,-0.5198310888062155,-1.9670583840139282,-20.875715983287513,3.0,0.0,-2.1965512120501773,0.11,0.0,False,0.005183857492200373,0.10437857991643756,0.25919397674801,0.04252192476461086,4.252192476461086e-06,4.2521924764610866e-06,-0.020876071052027455,0.0,0.6090137293625008,1.4472272952077128,1.6767201232439617,0.6090137293625008
108.0,0.0,0.0,-0.16172267651792802,-1.5182947722047833,-1.8843069492179005,-32.3445353035856,3.0,0.0,-2.172652809223702,0.15,0.0,False,0.005245225524563807,0.16172267651792802,0.262262391413616,0.04252192476461086,4.252192476461086e-06,4.2521924764610866e-06,-0.03234508544200496,0.0,-0.9984636833985677,0.3660121770131173,0.6543580370189188,0.9984636833985677
109.0,0.0,0.0,-0.059730027706366914,-1.350736287384924,-1.9668031573055853,-11.946005541273383,3.0,0.0,-2.1370922377829116,-0.08,0.0,False,0.0050316883500016165,0.059730027706366914,0.2515854872854481,0.04252192476461086,4.252192476461086e-06,4.2521924764610866e-06,-0.011946208727268932,0.0,0.16755848481985924,0.6160668699206613,0.7863559503979876,0.16755848481985924
110.0,0.0,0.0,-0.07333406834994698,-2.1118712281911525,-1.8427011023366608,-14.666813669989395,3.0,0.0,-2.1156077484471734,0.07,0.0,False,0.005084931144620585,0.07333406834994698,0.254247638336327,0.04252192476461086,4.252192476461086e-06,4.2521924764610866e-06,-0.01466706313338758,0.0,-0.7611349408062285,-0.2691701258544916,0.003736520256020892,0.7611349408062285
111.0,0.0,0.0,0.006687809204603724,-2.243748383178582,-1.8185980325762099,1.3375618409207448,3.0,0.0,-2.084092562413078,0.03,0.0,False,0.005484151482270524,0.007284461903970477,0.2742087400969098,0.04252192476461086,4.252192476461086e-06,4.2521924764610866e-06,0.0013375845911055926,0.0,-0.13187715498742936,-0.42515035060237194,-0.1596558207655039,0.13187715498742936
112.0,0.0,0.0,0.016178529727114723,-3.459915853058769,-2.030283926961182,3.2357059454229447,3.0,0.0,-2.0449917142525162,-0.07,0.0,False,0.005585776130888367,0.016178529727114723,0.2792899941341802,0.04252192476461086,4.252192476461086e-06,4.2521924764610866e-06,0.0032357609805668303,0.0,-1.2161674698801872,-1.4296319260975872,-1.4149241388062528,1.2161674698801872
113.0,0.0,0.0,0.13267083153451367,-3.168363759440683,-2.1410129108767695,26.534166306902737,3.0,0.0,-2.0819596461963155,0.05,0.0,False,0.005393952765147106,0.1326708315345137,0.26969878506362355,0.04252192476461086,4.252192476461086e-06,4.2521924764610866e-06,0.026534617618513008,0.0,0.291552093618086,-1.0273508485639136,-1.0864041132443676,0.291552093618086
114.0,0.0,0.0,0.10252062430479779,-2.635006176901403,-1.9869781825744655,20.504124860959557,3.0,0.0,-2.1331793306180487,-0.03,0.0,False,0.005352733716305197,0.10252062430479779,0.26763782385796164,0.04252192476461086,4.252192476461086e-06,4.2521924764610866e-06,0.020504473609418473,0.0,0.53335758253928,-0.6480279943269376,-0.5018268462833544,0.53335758253928
115.0,0.0,0.0,0.04846880580283308,-2.896643385405816,-2.0282466050520593,9.693761160566616,3.0,0.0,-2.143135719521339,0.07,0.0,False,0.004917532637423194,0.04846880580283308,0.2458776773859238,0.04252192476461086,4.252192476461086e-06,4.2521924764610866e-06,0.009693926038818617,0.0,-0.26163720850441274,-0.8683967803537564,-0.7535076658844768,0.26163720850441274
116.0,0.0,0.0,0.07518393400167152,-2.59523188009825,-1.9131769120112925,15.036786800334303,3.0,0.0,-2.150307813938504,-0.05,0.0,False,0.0050780150070154975,0.07518393400167152,0.2539018299856352,0.04252192476461086,4.252192476461086e-06,4.2521924764610866e-06,0.015037042556493576,0.0,0.3014115053075659,-0.6820549680869574,-0.444924066159746,0.3014115053075659
117.0,0.0,0.0,0.05038841817390847,-2.7747850512971564,-1.8490170793520533,10.077683634781694,3.0,0.0,-2.1447880605611758,0.2,0.0,False,0.004996566930204632,0.05038841817390847,0.24982940882844695,0.04252192476461086,4.252192476461086e-06,4.2521924764610866e-06,0.010077855043054952,0.0,-0.17955317119890646,-0.9257679719451031,-0.6299969907359806,0.17955317119890646
118.0,0.0,0.0,0.06817890632345922,-3.146234613696664,-1.9839582522720935,13.635781264691843,3.0,0.0,-2.0913369852965324,-0.13,0.0,False,0.005201887123952096,0.06817890632345922,0.2600954621688693,0.04252192476461086,4.252192476461086e-06,4.2521924764610866e-06,0.013636013191571652,0.0,-0.37144956239950755,-1.1622763614245704,-1.0548976284001315,0.37144956239950755
119.0,0.0,0.0,0.09768461256377718,-3.6329561557534022,-2.2366368218752575,19.536922512755435,3.0,0.0,-2.0929814925709387,0.22,0.0,False,0.004884738923775947,0.0976846125637772,0.24423798473130234,0.04252192476461086,4.252192476461086e-06,4.2521924764610866e-06,0.019537254810362115,0.0,-0.48672154205673834,-1.3963193338781448,-1.5399746631824636,0.48672154205673834
120.0,0.0,0.0,0.1480166779595443,-3.231601066547321,-2.1472091257703383,29.60333559190886,3.0,0.0,-2.169367719370163,0.08,0.0,False,0.004807928164887187,0.14801667795954432,0.2403974304561578,0.04252192476461086,4.252192476461086e-06,4.2521924764610866e-06,0.029603839106091323,0.0,0.4013550892060813,-1.0843919407769826,-1.0622333471771581,0.4013550892060813
121.0,0.0,0.0,0.11131050087369757,-3.5925398665559403,-2.071353037197446,22.262100174739512,3.0,0.0,-2.1527579063877402,0.03,0.0,False,0.005139104309230705,0.11131050087369757,0.2569563080845692,0.04252192476461086,4.252192476461086e-06,4.2521924764610866e-06,0.022262478824068895,0.0,-0.36093880000861933,-1.5211868293584945,-1.4397819601682,0.36093880000861933
122.0,0.0,0.0,0.14235033294846777,-4.023515526183,-2.26030847842854,28.470066589693555,3.0,0.0,-2.118472392126628,0.11,0.0,False,0.005349767306763502,0.14235033294846777,0.2674895027501897,0.04252192476461086,4.252192476461086e-06,4.2521924764610866e-06,0.02847055082844628,0.0,-0.43097565962705975,-1.76320704775446,-1.9050431340563718,0.43097565962705975
123.0,0.0,0.0,0.17660244968617775,-4.353634835866092,-2.4534292947869796,35.32048993723555,3.0,0.0,-2.1690062720205248,0.28,0.0,False,0.005580444762806686,0.17660244968617775,0.27902342459659607,0.04252192476461086,4.252192476461086e-06,4.2521924764610866e-06,0.035321090692767294,0.0,-0.33011930968309233,-1.9002055410791128,-2.1846285638455676,0.33011930968309233
124.0,0.0,0.0,0.20734432200189834,-4.440722169728273,-2.2646684511634243,41.468864400379665,3.0,0.0,-2.2574534819408303,0.04,0.0,False,0.005205619685416039,0.20734432200189834,0.260282091035645,0.04252192476461086,4.252192476461086e-06,4.2521924764610866e-06,0.04146956973175327,0.0,-0.08708733386218093,-2.176053718564849,-2.183268687787443,0.08708733386218093
125.0,0.0,0.0,0.21957401576315075,-4.701121076481824,-2.2107143956896373,43.91480315263015,3.0,0.0,-2.2801475324488085,0.11,0.0,False,0.005085079013334251,0.21957401576315072,0.2542550318034486,0.04252192476461086,4.252192476461086e-06,4.2521924764610866e-06,0.04391555008623629,0.0,-0.2603989067535508,-2.4904066807921867,-2.4209735440330156,0.2603989067535508
126.0,0.0,0.0,0.24119721405224348,-5.633310766218956,-2.297582467711851,48.23944281044869,3.0,0.0,-2.244935328547876,-0.02,0.0,False,0.005264183929180582,0.24119721405224348,0.2632103156751941,0.04252192476461086,4.252192476461086e-06,4.2521924764610866e-06,0.048240263300542915,0.0,-0.9321896897371316,-3.335728298507105,-3.3883754376710797,0.9321896897371316
127.0,0.0,0.0,0.3307431083018276,-5.17123484388771,-2.2957897646341947,66.14862166036552,3.0,0.0,-2.2890976551104454,-0.08,0.0,False,0.005051129315256564,0.3307431083018275,0.2525575396815317,0.04252192476461086,4.252192476461086e-06,4.2521924764610866e-06,0.06614974676226672,0.0,0.4620759223312456,-2.8754450792535153,-2.8821371887772647,0.4620759223312456
128.0,0.0,0.0,0.2797407591493708,-6.043290577244958,-2.336160232420485,55.948151829874156,3.0,0.0,-2.325809364032845,-0.04,0.0,False,0.004976594311331533,0.2797407591493708,0.24883077363842104,0.04252192476461086,4.252192476461086e-06,4.2521924764610866e-06,0.05594910343506883,0.0,-0.8720557333572483,-3.7071303448244732,-3.717481213212113,0.8720557333572483
129.0,0.0,0.0,0.3638362242079329,-6.0496516066143995,-2.4605522986209505,72.76724484158657,3.0,0.0,-2.3737677768164342,-0.02,0.0,False,0.00492424622481295,0.3638362242079329,0.2462133581827849,0.04252192476461086,4.252192476461086e-06,4.2521924764610866e-06,0.07276848251764786,0.0,-0.006361029369441162,-3.589099307993449,-3.6758838297979652,0.006361029369441162
130.0,0.0,0.0,0.36258896901632426,-5.131945550637425,-2.441829400583635,72.51779380326485,3.0,0.0,-2.4048509800828715,-0.07,0.0,False,0.005074122679025183,0.36258896901632426,0.25370721275857316,0.04252192476461086,4.252192476461086e-06,4.2521924764610866e-06,0.07251902723648887,0.0,0.9177060559769741,-2.6901161500537905,-2.727094570554554,0.9177060559769741
131.0,0.0,0.0,0.2657762815051836,-5.169278358123862,-2.5184044988765546,53.15525630103672,3.0,0.0,-2.4236848265468556,-0.04,0.0,False,0.005169220286118778,0.26577628150518356,0.2584621133319194,0.04252192476461086,4.252192476461086e-06,4.2521924764610866e-06,0.05315616040271597,0.0,-0.03733280748643697,-2.650873859247308,-2.745593531577007,0.03733280748643697
132.0,0.0,0.0,0.2686961466616031,-5.618560789919624,-2.360011699585418,53.73922933232061,3.0,0.0,-2.4741262289903605,-0.03,0.0,False,0.0052384312048865825,0.2686961466616031,0.2619226739852169,0.04252192476461086,4.252192476461086e-06,4.2521924764610866e-06,0.053740143366620544,0.0,-0.449282431795762,-3.2585490903342063,-3.144434560929264,0.449282431795762
133.0,0.0,0.0,0.31413806719364834,-5.392649263691798,-2.5191057651841025,62.82761343872967,3.0,0.0,-2.48225976412117,0.04,0.0,False,0.005088876122014409,0.31413806719364834,0.25444488804475834,0.04252192476461086,4.252192476461086e-06,4.2521924764610866e-06,0.06282868205460637,0.0,0.22591152622782662,-2.8735434985076953,-2.910389499570628,0.22591152622782662
134.0,0.0,0.0,0.29203588500382205,-5.276111013562087,-2.5446153128377906,58.407177000764406,3.0,0.0,-2.47711332920685,0.0,0.0,False,0.004882811027039697,0.29203588500382205,0.24414158948460046,0.04252192476461086,4.252192476461086e-06,4.2521924764610866e-06,0.05840817043077456,0.0,0.11653825012971097,-2.731495700724296,-2.798997684355237,0.11653825012971097
135.0,0.0,0.0,0.27373714139143684,-5.727856879967257,-2.6182891115815594,54.747428278287366,3.0,0.0,-2.4722283240139267,0.03,0.0,False,0.004933786136370141,0.27373714139143684,0.24669035578892146,0.04252192476461086,4.252192476461086e-06,4.2521924764610866e-06,0.05474835946073827,0.0,-0.45174586640517056,-3.109567768385698,-3.2556285559533307,0.45174586640517056
136.0,0.0,0.0,0.3195316507275429,-5.574011034662758,-2.411465021433199,63.90633014550858,3.0,0.0,-2.538681400497064,-0.09,0.0,False,0.004988826035481617,0.3195316507275429,0.24944236244650755,0.04252192476461086,4.252192476461086e-06,4.2521924764610866e-06,0.06390741710895152,0.0,0.15384584530449974,-3.1625460132295586,-3.0353296341656937,0.15384584530449974
137.0,0.0,0.0,0.30483373199107916,-5.2977519056272175,-2.4048926619548143,60.96674639821583,3.0,0.0,-2.5324724371877703,0.08,0.0,False,0.005169606811290451,0.30483373199107916,0.258481439672682,0.04252192476461086,4.252192476461086e-06,4.2521924764610866e-06,0.0609677833631678,0.0,0.27625912903554006,-2.892859243672403,-2.7652794684394473,0.27625912903554006
138.0,0.0,0.0,0.2764406247746105,-5.326485406991466,-2.409739769304908,55.288124954922104,3.0,0.0,-2.525608904166882,0.06,0.0,False,0.004839210733159606,0.2764406247746105,0.24196156552075382,0.04252192476461086,4.252192476461086e-06,4.2521924764610866e-06,0.055289065333919266,0.0,-0.02873350136424868,-2.9167456376865584,-2.8008765028245843,0.02873350136424868
139.0,0.0,0.0,0.28741783203831917,-5.129937724597759,-2.20923450666579,57.48356640766383,3.0,0.0,-2.5332868839438727,0.17,0.0,False,0.005075694511705211,0.28741783203831917,0.2537858047267613,0.04252192476461086,4.252192476461086e-06,4.2521924764610866e-06,0.05748454412826072,0.0,0.19654768239370757,-2.9207032179319685,-2.596650840653886,0.19654768239370757
140.0,0.0,0.0,0.2706495008184476,-4.6202696786053075,-2.238274335832791,54.12990016368951,3.0,0.0,-2.452245978811128,0.05,0.0,False,0.0048791543093982025,0.2706495008184476,0.24395875282507232,0.04252192476461086,4.252192476461086e-06,4.2521924764610866e-06,0.05413082084279147,0.0,0.5096680459924512,-2.3819953427725165,-2.1680236997941793,0.5096680459924512
141.0,0.0,0.0,0.22066012515806568,-4.426036409889002,-2.241799743822614,44.13202503161314,3.0,0.0,-2.423385173724729,0.11,0.0,False,0.004802335272527612,0.22066012515806568,0.24011778464907632,0.04252192476461086,4.252192476461086e-06,4.2521924764610866e-06,0.044132775659880524,0.0,0.19423326871630575,-2.1842366660663877,-2.0026512361642728,0.19423326871630575
142.0,0.0,0.0,0.1978515191728232,-4.634500601960521,-2.3633112203545177,39.57030383456464,3.0,0.0,-2.4136215125584504,0.06,0.0,False,0.004788491158734521,0.1978515191728232,0.23942557601602998,0.04252192476461086,4.252192476461086e-06,4.2521924764610866e-06,0.03957097687389574,0.0,-0.2084641920715189,-2.271189381606003,-2.2208790894020702,0.2084641920715189
143.0,0.0,0.0,0.2151147920960871,-3.639106073770464,-2.3800549006756975,43.022958419217424,3.0,0.0,-2.4474791530237074,-0.18,0.0,False,0.00479143482455378,0.21511479209608717,0.23957275993284455,0.04252192476461086,4.252192476461086e-06,4.2521924764610866e-06,0.0430236901837062,0.0,0.9953945281900567,-1.2590511730947664,-1.1916269207467565,0.9953945281900567
144.0,0.0,0.0,0.11754505033193739,-4.175912126360488,-2.3055843557175093,23.50901006638748,3.0,0.0,-2.483306945524626,0.06,0.0,False,0.0046083115621351365,0.11754505033193738,0.23041655787814444,0.04252192476461086,4.252192476461086e-06,4.2521924764610866e-06,0.023509409924030118,0.0,-0.5368060525900238,-1.8703277706429784,-1.6926051808358618,0.5368060525900238
145.0,0.0,0.0,0.17341924942719777,-3.5193359934578785,-2.279379476439454,34.68384988543956,3.0,0.0,-2.463630579242158,0.12,0.0,False,0.004789537905892619,0.17341924942719777,0.2394779135964834,0.04252192476461086,4.252192476461086e-06,4.2521924764610866e-06,0.034684439812553196,0.0,0.6565761329026092,-1.2399565170184244,-1.0557054142157205,0.6565761329026092
146.0,0.0,0.0,0.10617224082838367,-3.8627864785479678,-2.3452953079946366,21.234448165676735,3.0,0.0,-2.4416827614871273,-0.22,0.0,False,0.005228513121538606,0.10617224082838365,0.26142676770913825,0.04252192476461086,4.252192476461086e-06,4.2521924764610866e-06,0.021234809335983876,0.0,-0.34345048509008924,-1.5174911705533312,-1.4211037170608405,0.34345048509008924
147.0,0.0,0.0,0.14189270302175505,-4.462288808043611,-2.284801372927206,28.37854060435101,3.0,0.0,-2.45759101193386,0.09,0.0,False,0.004991462391853778,0.14189270302175505,0.2495741808256303,0.04252192476461086,4.252192476461086e-06,4.2521924764610866e-06,0.02837902328636593,0.0,-0.599502329495643,-2.177487435116405,-2.0046977961097507,0.599502329495643
148.0,0.0,0.0,0.20495625256444597,-3.4698531769667778,-2.13161038605124,40.991250512889195,3.0,0.0,-2.443829280576206,0.09,0.0,False,0.00495085668459731,0.20495625256444597,0.24754388682964268,0.04252192476461086,4.252192476461086e-06,4.2521924764610866e-06,0.04099194772067263,0.0,0.992435631076833,-1.3382427909155377,-1.026023896390572,0.992435631076833
149.0,0.0,0.0,0.11161585959006613,-2.8915185730646,-2.0016742416592175,22.323171918013227,3.0,0.0,-2.412682706727395,0.24,0.0,False,0.00488667958369577,0.11161585959006613,0.24433501813989647,0.04252192476461086,4.252192476461086e-06,4.2521924764610866e-06,0.022323551606093422,0.0,0.578334603902178,-0.8898443314053823,-0.47883586633720476,0.578334603902178
150.0,0.0,0.0,0.053804279032214845,-3.052048449955299,-2.1680222689856983,10.760855806442969,3.0,0.0,-2.353670850460197,-0.04,0.0,False,0.004958817988996338,0.053804279032214845,0.24794195374224412,0.04252192476461086,4.252192476461086e-06,4.2521924764610866e-06,0.01076103883458509,0.0,-0.16052987689069909,-0.8840261809696006,-0.6983775994951018,0.16052987689069909
151.0,0.0,0.0,0.07011117553684372,-2.258226730122935,-2.1899326428823884,14.022235107368743,3.0,0.0,-2.353464343434927,-0.06,0.0,False,0.00514744740980389,0.07011117553684372,0.2573734648870519,0.04252192476461086,4.252192476461086e-06,4.2521924764610866e-06,0.01402247360732509,0.0,0.7938217198323638,-0.06829408724054664,0.09523761331199188,0.7938217198323638
152.0,0.0,0.0,-0.010625263344098222,-2.295459708756114,-2.216933860497935,-2.1250526688196443,3.0,0.0,-2.3509217882762057,0.1,0.0,False,0.005139852581980777,0.010764251126128145,0.25699372188116276,0.04252192476461086,4.252192476461086e-06,4.2521924764610866e-06,-0.0021250888131978314,0.0,-0.03723297863317887,-0.07852584825817877,0.055462079520091745,0.03723297863317887
153.0,0.0,0.0,-0.01031117157077399,-1.48212888881758,-2.2934114560110075,-2.062234314154798,3.0,0.0,-2.3644816225971597,-0.07,0.0,False,0.004994538949137491,0.010455488327249766,0.24972800934392167,0.04252192476461086,4.252192476461086e-06,4.2521924764610866e-06,-0.002062269390074588,0.0,0.8133308199385338,0.8112825671934274,0.8823527337795796,0.8133308199385338
154.0,0.0,0.0,-0.09327055749770354,-2.552698640697776,-2.3593070689202316,-18.654111499540708,3.0,0.0,-2.3985736167181626,-0.08,0.0,False,0.005140205532069281,0.09327055749770354,0.2570113694606285,0.04252192476461086,4.252192476461086e-06,4.2521924764610866e-06,-0.01865442878168184,0.0,-1.070569751880196,-0.1933915717775445,-0.15412502397961347,1.070569751880196
155.0,0.0,0.0,0.00879674842854854,-3.1225762634153877,-2.46192356051059,1.7593496857097082,3.0,0.0,-2.4148542940127578,0.07,0.0,False,0.004819558557753848,0.008883416594110672,0.24097895257222432,0.04252192476461086,4.252192476461086e-06,4.2521924764610866e-06,0.0017593796099564512,0.0,-0.5698776227176117,-0.6606527029047977,-0.70772196940263,0.5698776227176117
156.0,0.0,0.0,0.0626688491697063,-2.885637861726157,-2.5560555550252646,12.53376983394126,3.0,0.0,-2.4647292861389163,0.14,0.0,False,0.004503524901061614,0.0626688491697063,0.22517720254581577,0.04252192476461086,4.252192476461086e-06,4.2521924764610866e-06,0.012533983017041912,0.0,0.23693840168923064,-0.3295823067008925,-0.4209085755872408,0.23693840168923064
157.0,0.0,0.0,0.03738088814252551,-3.641908942879059,-2.470196116028479,7.476177628505103,3.0,0.0,-2.495874447717878,0.01,0.0,False,0.004849986582746993,0.03738088814252551,0.2425003602911725,0.04252192476461086,4.252192476461086e-06,4.2521924764610866e-06,0.007476304788549445,0.0,-0.7562710811529021,-1.1717128268505803,-1.1460344951611812,0.7562710811529021
158.0,0.0,0.0,0.1141021533655403,-4.230979736666851,-2.440822598642003,22.82043067310806,3.0,0.0,-2.5118210327643364,-0.06,0.0,False,0.005153612488624948,0.1141021533655403,0.25768172013885987,0.04252192476461086,4.252192476461086e-06,4.2521924764610866e-06,0.022820818818912042,0.0,-0.5890707937877915,-1.7901571380248478,-1.7191587039025142,0.5890707937877915
159.0,0.0,0.0,0.17089134494977462,-4.044045750955733,-2.504203276599396,34.17826898995492,3.0,0.0,-2.5008631500077527,0.07,0.0,False,0.0049062880288553825,0.17089134494977462,0.2453154445668213,0.04252192476461086,4.252192476461086e-06,4.2521924764610866e-06,0.034178850317796,0.0,0.18693398571111786,-1.539842474356337,-1.54318260094798,0.18693398571111786
160.0,0.0,0.0,0.1506923720254182,-3.633026144395666,-2.5285326237488284,30.138474405083638,3.0,0.0,-2.522029954024542,0.02,0.0,False,0.004827141605779867,0.15069237202541821,0.24135810658575418,0.04252192476461086,4.252192476461086e-06,4.2521924764610866e-06,0.030138987021280338,0.0,0.41101960656006664,-1.1044935206468378,-1.1109961903711243,0.41101960656006664
161.0,0.0,0.0,0.10853445646303277,-2.8413308215254998,-2.4621941556381706,21.706891292606553,3.0,0.0,-2.5370899920530237,-0.03,0.0,False,0.004980928367681007,0.10853445646303277,0.24904747737735683,0.04252192476461086,4.252192476461086e-06,4.2521924764610866e-06,0.021707260498555966,0.0,0.7916953228701664,-0.3791366658873292,-0.3042408294724761,0.7916953228701664
162.0,0.0,0.0,0.024319497641245157,-2.3226074425304155,-2.6853528578234793,4.863899528249031,3.0,0.0,-2.547658504295379,0.08,0.0,False,0.00521111230534006,0.02431949764124516,0.26055672319962986,0.04252192476461086,4.252192476461086e-06,4.2521924764610866e-06,0.00486398225684517,0.0,0.5187233789950842,0.3627454152930638,0.22505106176496348,0.5187233789950842
163.0,0.0,0.0,-0.03173063073937991,-2.5075145230107867,-2.7422652911612775,-6.346126147875982,3.0,0.0,-2.5981306745538033,0.02,0.0,False,0.005267516846280489,0.03173063073937991,0.2633769622387996,0.04252192476461086,4.252192476461086e-06,4.2521924764610866e-06,-0.006346234087216439,0.0,-0.1849070804803712,0.23475076815049079,0.09061615154301661,0.1849070804803712
164.0,0.0,0.0,-0.02434369290063746,-2.1281792552188636,-3.091903725795487,-4.868738580127492,3.0,0.0,-2.6399204961616793,0.45,0.0,False,0.005310478843147883,0.024343692900637457,0.26552507121630325,0.04252192476461086,4.252192476461086e-06,4.2521924764610866e-06,-0.004868821391029601,0.0,0.37933526779192306,0.9637244705766235,0.5117412409428157,0.37933526779192306
165.0,0.0,0.0,-0.06981454237593972,-2.7322690530393987,-3.003077723492737,-13.962908475187945,3.0,0.0,-2.750956627720551,0.27,0.0,False,0.005057210421488791,0.06981454237593972,0.25286159628604477,0.04252192476461086,4.252192476461086e-06,4.2521924764610866e-06,-0.013963145966075546,0.0,-0.6040897978205351,0.27080867045333834,0.01868757468115234,0.6040897978205351
166.0,0.0,0.0,-0.015130510132936514,-2.9435272462622564,-2.981915166284023,-3.026102026587303,3.0,0.0,-2.826339522221852,0.17,0.0,False,0.005334271676751944,0.015156863998137688,0.2667147179550918,0.04252192476461086,4.252192476461086e-06,4.2521924764610866e-06,-0.0030261534966415215,0.0,-0.21125819322285766,0.0383879200217665,-0.11718772404040445,0.21125819322285766
167.0,0.0,0.0,-0.0015532842352255728,-3.381470539560034,-3.1245157264230046,-0.31065684704511454,3.0,0.0,-2.8835773712608312,0.22,0.0,False,0.0053752157193908585,0.004511242809225029,0.26876192879213495,0.04252192476461086,4.252192476461086e-06,4.2521924764610866e-06,-0.0003106621309134773,0.0,-0.4379432932977778,-0.2569548131370296,-0.49789316829920294,0.4379432932977778
168.0,0.0,0.0,0.038118262709946504,-4.143985513444022,-3.092357629950784,7.623652541989301,3.0,0.0,-2.959060418857689,0.1,0.0,False,0.005345876660593742,0.038118262709946504,0.2672949696145129,0.04252192476461086,4.252192476461086e-06,4.2521924764610866e-06,0.007623782210389848,0.0,-0.762514973883988,-1.0516278834932384,-1.1849250945863332,0.762514973883988
169.0,0.0,0.0,0.1079119955831829,-4.716559333541599,-3.236617289982483,21.58239911663658,3.0,0.0,-3.000279808151074,0.21,0.0,False,0.005238748567544464,0.1079119955831829,0.26193854218558543,0.04252192476461086,4.252192476461086e-06,4.2521924764610866e-06,0.02158276620513622,0.0,-0.5725738200975767,-1.4799420435591157,-1.716279525390525,0.5725738200975767
170.0,0.0,0.0,0.1635134802865038,-4.350771895411988,-3.2264850594033287,32.70269605730076,3.0,0.0,-3.064842614483408,0.06,0.0,False,0.00523070196834359,0.1635134802865038,0.2615362105147573,0.04252192476461086,4.252192476461086e-06,4.2521924764610866e-06,0.032703252287568076,0.0,0.3657874381296109,-1.1242868360086593,-1.2859292809285803,0.3657874381296109
171.0,0.0,0.0,0.11945665008258394,-3.3956014325047135,-3.317100211871156,23.891330016516786,3.0,0.0,-3.0813897661370286,0.25,0.0,False,0.005295857156289441,0.11945665008258394,0.26479398376466984,0.04252192476461086,4.252192476461086e-06,4.2521924764610866e-06,0.023891736376923836,0.0,0.9551704629072746,-0.07850122063355736,-0.3142116663676848,0.9551704629072746
172.0,0.0,0.0,0.01699108672152677,-3.2205705479999316,-3.4332872177539606,3.3982173443053543,3.0,0.0,-3.156179996952713,0.13,0.0,False,0.005495930138322674,0.017049244927354934,0.27479767540377287,0.04252192476461086,4.252192476461086e-06,4.2521924764610866e-06,0.003398275143556477,0.0,0.17503088450478188,0.21271666975402903,-0.06439055104721847,0.17503088450478188
173.0,0.0,0.0,-0.0054552808613764206,-3.462537765282407,-3.5333716271098132,-1.091056172275284,3.0,0.0,-3.22568695282089,0.19,0.0,False,0.005432629368821507,0.006537666252375795,0.2716326234703618,0.04252192476461086,4.252192476461086e-06,4.2521924764610866e-06,-0.0010910747297197619,0.0,-0.2419672172824754,0.07083386182740625,-0.23685081246151718,0.2419672172824754
174.0,0.0,0.0,0.008637668853567905,-3.745998959668775,-3.6760844532965566,1.7275337707135812,3.0,0.0,-3.2751245164589076,0.37,0.0,False,0.005256273643910718,0.008744992325680578,0.26281479972989796,0.04252192476461086,4.252192476461086e-06,4.2521924764610866e-06,0.0017275631538130477,0.0,-0.28346119438636785,-0.06991450637221819,-0.47087444320986727,0.28346119438636785
175.0,0.0,0.0,0.024929544773662046,-3.8493537388203407,-3.900977296516772,4.985908954732409,3.0,0.0,-3.3761592402952023,0.52,0.0,False,0.005367585056342385,0.024929544773662046,0.26838039401735886,0.04252192476461086,4.252192476461086e-06,4.2521924764610866e-06,0.004985993758549984,0.0,-0.10335477915156588,0.051623557696431455,-0.4731944985251384,0.10335477915156588
176.0,0.0,0.0,0.028071654435515545,-3.188396989026481,-3.869182868636671,5.614330887103109,3.0,0.0,-3.4966982116710184,0.41,0.0,False,0.005087914246793366,0.028071654435515545,0.2543967940792023,0.04252192476461086,4.252192476461086e-06,4.2521924764610866e-06,0.0056144263795592855,0.0,0.6609567497938595,0.6807858796101898,0.3083012226445372,0.6609567497938595
177.0,0.0,0.0,-0.04275447274298016,-2.893236846486134,-3.7841846590818276,-8.550894548596032,3.0,0.0,-3.568631226161296,0.09,0.0,False,0.005253309308473707,0.04275447274298017,0.2626665823278012,0.04252192476461086,4.252192476461086e-06,4.2521924764610866e-06,-0.008551039988175455,0.0,0.29516014254034717,0.8909478125956936,0.6753943796751618,0.29516014254034717
178.0,0.0,0.0,-0.07995594874581907,-2.8447857454459133,-3.851272061669951,-15.991189749163816,3.0,0.0,-3.615950806468649,0.2,0.0,False,0.005230370891100867,0.07995594874581907,0.261519656582231,0.04252192476461086,4.252192476461086e-06,4.2521924764610866e-06,-0.015991461738474214,0.0,0.04845110104022066,1.0064863162240378,0.7711650610227356,0.04845110104022066
179.0,0.0,0.0,-0.09024190624377368,-3.9219555941437454,-3.938878566619904,-18.048381248754737,3.0,0.0,-3.692813333348509,0.06,0.0,False,0.0057409285884726866,0.09024190624377368,0.2870476500003018,0.04252192476461086,4.252192476461086e-06,4.2521924764610866e-06,-0.01804868822821322,0.0,-1.077169848697832,0.016922972476158815,-0.22914226079523647,1.077169848697832
180.0,0.0,0.0,0.012676323383857118,-4.071196057176252,-3.912935550378702,2.5352646767714235,3.0,0.0,-3.7472239941813887,0.12,0.0,False,0.005539868128231601,0.012764860759025852,0.27699458424085877,0.04252192476461086,4.252192476461086e-06,4.2521924764610866e-06,0.0025353077983215977,0.0,-0.14924046303250638,-0.15826050679754955,-0.32397206299486303,0.14924046303250638
181.0,0.0,0.0,0.026853893021431995,-3.6051262035267246,-3.789728279754368,5.370778604286399,3.0,0.0,-3.795189665196828,-0.05,0.0,False,0.005944414465765645,0.026853893021431995,0.2972219871280056,0.04252192476461086,4.252192476461086e-06,4.2521924764610866e-06,0.005370869954235452,0.0,0.46606985364952713,0.18460207622764324,0.19006346167010335,0.46606985364952713
182.0,0.0,0.0,-0.013869773499124794,-2.922875815630842,-3.617315174273377,-2.7739546998249587,3.0,0.0,-3.802651417565839,0.14,0.0,False,0.005535138146384245,0.013895759291159503,0.2767580841428513,0.04252192476461086,4.252192476461086e-06,4.2521924764610866e-06,-0.0027740018811815504,0.0,0.6822503878958828,0.6944393586425353,0.8797756019349969,0.6822503878958828
183.0,0.0,0.0,-0.08457479360231561,-2.9652256455185815,-3.615157212763689,-16.914958720463122,3.0,0.0,-3.743826887365299,0.06,0.0,False,0.0053548153658405,0.08457479360231561,0.2677419067773056,0.04252192476461086,4.252192476461086e-06,4.2521924764610866e-06,-0.01691524642188059,0.0,-0.04234982988773961,0.6499315672451074,0.7786012418467174,0.04234982988773961
184.0,0.0,0.0,-0.0774740931949567,-3.200536737072762,-3.544698295321744,-15.49481863899134,3.0,0.0,-3.76864173306905,0.02,0.0,False,0.00526906688498789,0.0774740931949567,0.26345446450372273,0.04252192476461086,4.252192476461086e-06,4.2521924764610866e-06,-0.015495082185675637,0.0,-0.2353110915541805,0.34416155824898187,0.568104995996288,0.2353110915541805
185.0,0.0,0.0,-0.05135154961723252,-3.4042795663503362,-3.4838048873120657,-10.270309923446504,3.0,0.0,-3.739983049205958,0.02,0.0,False,0.005257063902182655,0.05135154961723252,0.2628543128115114,0.04252192476461086,4.252192476461086e-06,4.2521924764610866e-06,-0.010270484608042052,0.0,-0.20374282927757426,0.07952532096172948,0.3357034828556218,0.20374282927757426
186.0,0.0,0.0,-0.02824664386626793,-3.2104519050235503,-3.4120400642263107,-5.649328773253586,3.0,0.0,-3.7140631510787334,0.16,0.0,False,0.005082742082384023,0.02824664386626793,0.2541381847590832,0.04252192476461086,4.252192476461086e-06,4.2521924764610866e-06,-0.005649424860978225,0.0,0.19382766132678597,0.2015881592027604,0.5036112460551831,0.19382766132678597
187.0,0.0,0.0,-0.039696952209890654,-3.2840189787649665,-3.423392896216436,-7.939390441978131,3.0,0.0,-3.686752010521342,0.17,0.0,False,0.00494604720799831,0.039696952209890654,0.24730341197715175,0.04252192476461086,4.252192476461086e-06,4.2521924764610866e-06,-0.007939525480669134,0.0,-0.07356707374141624,0.13937391745146943,0.4027330317563753,0.07356707374141624
188.0,0.0,0.0,-0.03138640133259939,-3.0515055001573015,-3.4333184567409902,-6.2772802665198775,3.0,0.0,-3.6074298670765326,-0.05,0.0,False,0.004834123195290947,0.03138640133259939,0.24170718754566134,0.04252192476461086,4.252192476461086e-06,4.2521924764610866e-06,-0.00627738703488156,0.0,0.23251347860766503,0.38181295658368875,0.5559243669192311,0.23251347860766503
189.0,0.0,0.0,-0.049718644027641694,-2.634373483272766,-3.305941652183741,-9.94372880552834,3.0,0.0,-3.5978896651419405,0.14,0.0,False,0.004877787263222471,0.04971864402764171,0.24389040022563865,0.04252192476461086,4.252192476461086e-06,4.2521924764610866e-06,-0.009943897935404417,0.0,0.4171320168845356,0.6715681689109751,0.9635161818691746,0.4171320168845356
190.0,0.0,0.0,-0.09039100521762078,-2.215111948689768,-3.302402740230281,-18.078201043524157,3.0,0.0,-3.5487025110959216,0.03,0.0,False,0.0049110779804875165,0.09039100521762078,0.2455549431668178,0.04252192476461086,4.252192476461086e-06,4.2521924764610866e-06,-0.01807850853017851,0.0,0.419261534582998,1.087290791540513,1.3335905624061537,0.419261534582998
191.0,0.0,0.0,-0.13203491904977296,-1.890925925611319,-3.4516481956811154,-26.406983809954593,3.0,0.0,-3.538302753446589,0.02,0.0,False,0.004745797293875466,0.13203491904977296,0.23729087369595062,0.04252192476461086,4.252192476461086e-06,4.2521924764610866e-06,-0.026407432958356236,0.0,0.324186023078449,1.5607222700697965,1.64737682783527,0.324186023078449
192.0,0.0,0.0,-0.16077300556307395,-1.780328537215059,-3.293803981937837,-32.15460111261479,3.0,0.0,-3.5354892110819667,0.15,0.0,False,0.004967531783083195,0.16077300556307395,0.24837764529922346,0.04252192476461086,4.252192476461086e-06,4.2521924764610866e-06,-0.03215514802050094,0.0,0.11059738839625988,1.5134754447227778,1.7551606738669077,0.11059738839625988
193.0,0.0,0.0,-0.16409647669016333,-1.7393412875830974,-3.2018609147874995,-32.81929533803267,3.0,0.0,-3.49869016313029,0.29,0.0,False,0.004674299720232149,0.16409647669016333,0.2337159798127125,0.04252192476461086,4.252192476461086e-06,4.2521924764610866e-06,-0.03281985355150188,0.0,0.04098724963196165,1.462519627204402,1.7593488755471927,0.04098724963196165
194.0,0.0,0.0,-0.16973578295262123,-1.9132675535075008,-3.2605940883532094,-33.947156590524244,3.0,0.0,-3.4213281926068704,-0.12,0.0,False,0.004813344359900793,0.16973578295262126,0.24066824135837328,0.04252192476461086,4.252192476461086e-06,4.2521924764610866e-06,-0.03394773398744442,0.0,-0.1739262659244034,1.3473265348457086,1.5080606390993696,0.1739262659244034
195.0,0.0,0.0,-0.14853962206159366,-0.9787441302420392,-3.272970290454823,-29.70792441231873,3.0,0.0,-3.4367352045702706,0.08,0.0,False,0.005218148512004112,0.14853962206159366,0.2609085350287978,0.04252192476461086,4.252192476461086e-06,4.2521924764610866e-06,-0.02970842970542081,0.0,0.9345234232654616,2.2942261602127836,2.4579910743282314,0.9345234232654616
196.0,0.0,0.0,-0.24171076192407517,-2.1177177450487603,-3.3826391922219106,-48.34215238481504,3.0,0.0,-3.398695355076605,-0.11,0.0,False,0.005168006954656166,0.24171076192407517,0.2584014465008228,0.04252192476461086,4.252192476461086e-06,4.2521924764610866e-06,-0.04834297462186535,0.0,-1.138973614806721,1.2649214471731502,1.2809776100278447,1.138973614806721
197.0,0.0,0.0,-0.12690840041963616,-2.5134028827429304,-3.2496239083195966,-25.381680083927233,3.0,0.0,-3.395903139516955,0.03,0.0,False,0.004994733776952574,0.1269084004196362,0.24973775077609806,0.04252192476461086,4.252192476461086e-06,4.2521924764610866e-06,-0.02538211179324787,0.0,-0.39568513769417013,0.7362210255766661,0.8825002567740245,0.39568513769417013
198.0,0.0,0.0,-0.08580267457258764,-2.822736567403979,-3.403915346338338,-17.160534914517527,3.0,0.0,-3.3868287311923937,-0.09,0.0,False,0.005371345036167593,0.08580267457258765,0.26856839380802716,0.04252192476461086,4.252192476461086e-06,4.2521924764610866e-06,-0.01716082679286621,0.0,-0.3093336846610484,0.5811787789343592,0.5640921637884149,0.3093336846610484
199.0,0.0,0.0,-0.053805000240437835,-2.7443156675977782,-3.436331321184484,-10.761000048087567,3.0,0.0,-3.37144787094317,-0.04,0.0,False,0.005488706429868856,0.053805000240437835,0.2744364884452521,0.04252192476461086,4.252192476461086e-06,4.2521924764610866e-06,-0.01076118307868305,0.0,0.0784208998062006,0.6920156535867057,0.6271322033453917,0.0784208998062006
200.0,0.0,0.0,-0.06771334358894736,-2.323091919217313,-3.598601629651238,-13.542668717789471,3.0,0.0,-3.3607980092692173,0.23,0.0,False,0.005647028891035851,0.06771334358894736,0.2823526451644808,0.04252192476461086,4.252192476461086e-06,4.2521924764610866e-06,-0.013542899060946127,0.0,0.42122374838046506,1.275509710433925,1.0377060900519042,0.42122374838046506
201.0,0.0,0.0,-0.11582916777567316,-2.239681484673903,-3.5134612767922704,-23.165833555134633,3.0,0.0,-3.421463499995759,-0.09,0.0,False,0.005710055501591683,0.11582916777567316,0.28550398909233626,0.04252192476461086,4.252192476461086e-06,4.2521924764610866e-06,-0.023166227575791776,0.0,0.08341043454341035,1.2737797921183676,1.1817820153218563,0.08341043454341035
202.0,0.0,0.0,-0.12695130654116563,-2.32469938069376,-3.478174170835778,-25.390261308233125,3.0,0.0,-3.481408223369832,0.1,0.0,False,0.005492425776133127,0.12695130654116563,0.2746224565492344,0.04252192476461086,4.252192476461086e-06,4.2521924764610866e-06,-0.025390693163509212,0.0,-0.0850178960198571,1.1534747901420181,1.156708842676072,0.0850178960198571
203.0,0.0,0.0,-0.11975508930807952,-2.7147377049953825,-3.474645656046117,-23.951017861615902,3.0,0.0,-3.5092215411550853,0.04,0.0,False,0.0053807124266614164,0.11975508930807952,0.26903676532431564,0.04252192476461086,4.252192476461086e-06,4.2521924764610866e-06,-0.023951425237235462,0.0,-0.39003832430162255,0.7599079510507347,0.7944838361597029,0.39003832430162255
204.0,0.0,0.0,-0.0781085882192356,-1.8627069899426787,-3.3815579470557724,-15.62171764384712,3.0,0.0,-3.5222757348590426,0.09,0.0,False,0.005442732697125775,0.0781085882192356,0.27213779203364,0.04252192476461086,4.252192476461086e-06,4.2521924764610866e-06,-0.015621983348918216,0.0,0.8520307150527038,1.5188509571130937,1.6595687449163639,0.8520307150527038
205.0,0.0,0.0,-0.16571465719870296,-1.408416987583009,-3.513720465094819,-33.14293143974059,3.0,0.0,-3.495840193825296,0.0,0.0,False,0.005472672168122026,0.16571465719870296,0.2736347719488722,0.04252192476461086,4.252192476461086e-06,4.2521924764610866e-06,-0.03314349515783839,0.0,0.45429000235966965,2.10530347751181,2.087423206242287,0.45429000235966965
206.0,0.0,0.0,-0.21273246076572316,-0.6384909124495005,-3.5009311508458527,-42.546492153144634,3.0,0.0,-3.5198887944606354,-0.11,0.0,False,0.005722848171720117,0.21273246076572316,0.28614362531860277,0.04252192476461086,4.252192476461086e-06,4.2521924764610866e-06,-0.042547215813562786,0.0,0.7699260751335085,2.8624402383963523,2.881397882011135,0.7699260751335085
207.0,0.0,0.0,-0.2905526492855676,-1.2176572927808147,-3.3737019779076034,-58.11052985711353,3.0,0.0,-3.5357868242086967,0.0,0.0,False,0.005866524922598171,0.2905526492855676,0.29332749340956554,0.04252192476461086,4.252192476461086e-06,4.2521924764610866e-06,-0.05811151824154212,0.0,-0.5791663803313142,2.1560446851267887,2.318129531427882,0.5791663803313142
208.0,0.0,0.0,-0.22714869812264954,-0.4499313446610713,-3.4652333759042255,-45.42973962452991,3.0,0.0,-3.5440791795946387,0.17,0.0,False,0.005827727645122385,0.22714869812264954,0.2913876212871015,0.04252192476461086,4.252192476461086e-06,4.2521924764610866e-06,-0.045430512325232354,0.0,0.7677259481197434,3.015302031243154,3.094147834933567,0.7677259481197434
209.0,0.0,0.0,-0.30311452665778393,-0.6641702558945453,-3.548146793979603,-60.62290533155679,3.0,0.0,-3.489192568006567,0.19,0.0,False,0.005470431524910873,0.30311452665778393,0.27352273931193216,0.04252192476461086,4.252192476461086e-06,4.2521924764610866e-06,-0.060623936448220034,0.0,-0.21423891123347394,2.883976538085058,2.825022312112022,0.21423891123347394
210.0,0.0,0.0,-0.285193027118909,-1.5519346735698565,-3.5910743824798796,-57.038605423781796,3.0,0.0,-3.481141056304395,-0.03,0.0,False,0.005561138689339981,0.28519302711890904,0.2780581168186038,0.04252192476461086,4.252192476461086e-06,4.2521924764610866e-06,-0.057039575576171876,0.0,-0.8877644176753112,2.039139708910023,1.9292063827345385,0.8877644176753112
211.0,0.0,0.0,-0.1946129951409016,-1.4438792269002365,-3.3426876794414175,-38.92259902818032,3.0,0.0,-3.516161161865845,0.03,0.0,False,0.005560367798298961,0.1946129951409016,0.27801957210265393,0.04252192476461086,4.252192476461086e-06,4.2521924764610866e-06,-0.038923261050896246,0.0,0.10805544666961997,1.898808452541181,2.0722819349656083,0.10805544666961997
212.0,0.0,0.0,-0.20575485146749167,-1.6686959378955708,-3.402445388810866,-41.15097029349833,3.0,0.0,-3.498106001574558,0.09,0.0,False,0.005334677602129233,0.20575485146749162,0.26673501431025987,0.04252192476461086,4.252192476461086e-06,4.2521924764610866e-06,-0.04115167021790721,0.0,-0.2248167109953343,1.733749450915295,1.8294100636789874,0.2248167109953343
213.0,0.0,0.0,-0.18488188045947151,-1.8036075683721644,-3.4541411338651185,-36.9763760918943,3.0,0.0,-3.5014714870367207,0.1,0.0,False,0.005323249571497352,0.18488188045947154,0.2661636103489565,0.04252192476461086,4.252192476461086e-06,4.2521924764610866e-06,-0.03697700501189288,0.0,-0.1349116304765936,1.650533565492954,1.6978639186645563,0.1349116304765936
214.0,0.0,0.0,-0.1729696643112637,-1.6242427817822818,-3.588792213187687,-34.59393286225274,3.0,0.0,-3.51755405015734,-0.01,0.0,False,0.005259922326404881,0.17296966431126368,0.26299723463035113,0.04252192476461086,4.252192476461086e-06,4.2521924764610866e-06,-0.034594521259994925,0.0,0.17936478658988264,1.964549431405405,1.8933112683750584,0.17936478658988264
215.0,0.0,0.0,-0.193783199999113,-0.7364493535845007,-3.4980276041155327,-38.7566399998226,3.0,0.0,-3.533340986500062,0.07,0.0,False,0.00499315599536993,0.19378319999911298,0.24965886136151427,0.04252192476461086,4.252192476461086e-06,4.2521924764610866e-06,-0.0387572991997916,0.0,0.8877934281977811,2.761578250531032,2.7968916329155613,0.8877934281977811
216.0,0.0,0.0,-0.28577429012915107,-1.2686841546218492,-3.5137846762223983,-57.154858025830215,3.0,0.0,-3.562115981946665,-0.09,0.0,False,0.005084131532866768,0.2857742901291511,0.2542076575786309,0.04252192476461086,4.252192476461086e-06,4.2521924764610866e-06,-0.05715583015552564,0.0,-0.5322348010373485,2.2451005216005493,2.2934318273248158,0.5322348010373485
217.0,0.0,0.0,-0.23276388143809068,-1.7386130106705058,-3.521327630442799,-46.55277628761814,3.0,0.0,-3.5942530132403308,0.05,0.0,False,0.005026829394534305,0.23276388143809068,0.2513425384790218,0.04252192476461086,4.252192476461086e-06,4.2521924764610866e-06,-0.046553568089711554,0.0,-0.46992885604865653,1.7827146197722934,1.855640002569825,0.46992885604865653
218.0,0.0,0.0,-0.1871683463119814,-2.740597831273733,-3.5399248301431077,-37.43366926239628,3.0,0.0,-3.5963724568440254,0.03,0.0,False,0.0047784590949079215,0.1871683463119814,0.23892397069178664,0.04252192476461086,4.252192476461086e-06,4.2521924764610866e-06,-0.0374343059603561,0.0,-1.0019848206032274,0.7993269988693745,0.8557746255702923,1.0019848206032274
219.0,0.0,0.0,-0.08371291360353345,-2.2881362629631083,-3.41044215024344,-16.74258272070669,3.0,0.0,-3.610336267582019,0.18,0.0,False,0.004626699679972059,0.08371291360353343,0.23133596767948142,0.04252192476461086,4.252192476461086e-06,4.2521924764610866e-06,-0.016742867490232904,0.0,0.4524615683106248,1.1223058872803318,1.3222000046189106,0.4524615683106248
220.0,0.0,0.0,-0.1289784253349842,-3.165453594901023,-3.5561955351884302,-25.795685066996835,3.0,0.0,-3.577744765480137,-0.11,0.0,False,0.0050248611247147605,0.1289784253349842,0.2512441245695715,0.04252192476461086,4.252192476461086e-06,4.2521924764610866e-06,-0.02579612381800303,0.0,-0.8773173319379146,0.3907419402874073,0.41229117057911413,0.8773173319379146
221.0,0.0,0.0,-0.04686099420586367,-2.6305259002636503,-3.6156744077946197,-9.372198841172734,3.0,0.0,-3.5779479383674406,-0.06,0.0,False,0.005139186012239525,0.04686099420586366,0.25696039325238107,0.04252192476461086,4.252192476461086e-06,4.2521924764610866e-06,-0.00937235825006849,0.0,0.5349276946373727,0.9851485075309694,0.9474220381037903,0.5349276946373727
222.0,0.0,0.0,-0.1027282447030351,-2.219762424579114,-3.5706036805448873,-20.54564894060702,3.0,0.0,-3.6340735000580096,-0.06,0.0,False,0.005501678966910147,0.1027282447030351,0.27508511805540287,0.04252192476461086,4.252192476461086e-06,4.2521924764610866e-06,-0.02054599839533645,0.0,0.4107634756845364,1.3508412559657734,1.4143110754788957,0.4107634756845364
223.0,0.0,0.0,-0.14422054238007398,-1.4326135383620602,-3.6266275900734035,-28.844108476014796,3.0,0.0,-3.6578301883074626,0.05,0.0,False,0.005588079625168134,0.14422054238007398,0.2794051693379137,0.04252192476461086,4.252192476461086e-06,4.2521924764610866e-06,-0.02884459907673285,0.0,0.7871488862170537,2.1940140517113433,2.2252166499454025,0.7871488862170537
224.0,0.0,0.0,-0.2256146077005021,-1.6239341067119848,-3.747048979525584,-45.12292154010042,3.0,0.0,-3.661998511055115,-0.01,0.0,False,0.005650566727812689,0.2256146077005021,0.2825295377555007,0.04252192476461086,4.252192476461086e-06,4.2521924764610866e-06,-0.045123689022226854,0.0,-0.1913205683499246,2.1231148728135993,2.0380644043431304,0.1913205683499246
225.0,0.0,0.0,-0.21030564894304898,-2.2137654909371536,-3.8550402143791733,-42.0611297886098,3.0,0.0,-3.688807583203951,0.0,0.0,False,0.005616230807694668,0.21030564894304896,0.28081273444945265,0.04252192476461086,4.252192476461086e-06,4.2521924764610866e-06,-0.04206184519364627,0.0,-0.5898313842251688,1.6412747234420197,1.4750420922667975,0.5898313842251688
226.0,0.0,0.0,-0.15882347531554547,-2.653668941021769,-3.8712131391894595,-31.764695063109095,3.0,0.0,-3.7270353091473822,0.14,0.0,False,0.005433409598535466,0.15882347531554547,0.2716716351219441,0.04252192476461086,4.252192476461086e-06,4.2521924764610866e-06,-0.03176523533920116,0.0,-0.4399034500846155,1.2175441981676904,1.0733663681256131,0.4399034500846155
227.0,0.0,0.0,-0.12198019828476697,-2.603995422108723,-4.1220875485400095,-24.396039656953395,3.0,0.0,-3.8020340114919473,0.18,0.0,False,0.0051110952997744825,0.12198019828476697,0.2555558516567731,0.04252192476461086,4.252192476461086e-06,4.2521924764610866e-06,-0.024396454601814086,0.0,0.049673518913046166,1.5180921264312865,1.1980385893832244,0.049673518913046166
228.0,0.0,0.0,-0.13578500188620313,-1.9962696037180976,-4.140141537045157,-27.157000377240628,3.0,0.0,-3.8734968580335085,0.17,0.0,False,0.005271287723275829,0.13578500188620313,0.26356550689029135,0.04252192476461086,4.252192476461086e-06,4.2521924764610866e-06,-0.027157462282447246,0.0,0.6077258183906253,2.143871933327059,1.877227254315411,0.6077258183906253
229.0,0.0,0.0,-0.20110077470179735,-2.418602569465317,-4.0763056709904735,-40.22015494035947,3.0,0.0,-3.961874310168925,0.03,0.0,False,0.005459401136394049,0.20110077470179738,0.27297121754092435,0.04252192476461086,4.252192476461086e-06,4.2521924764610866e-06,-0.040220839032811505,0.0,-0.42233296574721946,1.6577031015251564,1.543271740703608,0.42233296574721946
230.0,0.0,0.0,-0.16652743267688078,-1.8156411601266893,-4.241301015860312,-33.305486535376154,3.0,0.0,-4.007320106696129,0.2,0.0,False,0.005381268894978045,0.16652743267688075,0.2690645888584577,0.04252192476461086,4.252192476461086e-06,4.2521924764610866e-06,-0.033306053018324414,0.0,0.6029614093386277,2.425659855733623,2.19167894656944,0.6029614093386277
231.0,0.0,0.0,-0.22892104749619296,-1.7063376313141678,-4.213505001788178,-45.78420949923859,3.0,0.0,-4.08391230156894,0.03,0.0,False,0.005556292669302527,0.22892104749619294,0.2778158147864204,0.04252192476461086,4.252192476461086e-06,4.2521924764610866e-06,-0.04578498822901193,0.0,0.10930352881252148,2.5071673704740105,2.3775746702547726,0.10930352881252148
232.0,0.0,0.0,-0.24344925155194722,-1.7383006846060582,-4.135588581355005,-48.689850310389446,3.0,0.0,-4.104900305906409,0.05,0.0,False,0.005216307794609282,0.24344925155194722,0.26081649876770185,0.04252192476461086,4.252192476461086e-06,4.2521924764610866e-06,-0.04869067846132863,0.0,-0.03196305329189042,2.397287896748947,2.366599621300351,0.03196305329189042
233.0,0.0,0.0,-0.24231077232285167,-0.971948586211212,-4.155699529553637,-48.46215446457033,3.0,0.0,-4.14088190648743,0.08,0.0,False,0.004963924033424687,0.24231077232285167,0.24819725704925583,0.04252192476461086,4.252192476461086e-06,4.2521924764610866e-06,-0.048462978742699725,0.0,0.7663520983948462,3.1837509433424245,3.168933320276218,0.7663520983948462
234.0,0.0,0.0,-0.3204953225463949,-1.2572614286229298,-4.0972476665602775,-64.09906450927897,3.0,0.0,-4.1614599254367235,0.04,0.0,False,0.005030877793670946,0.3204953225463948,0.2515449592965824,0.04252192476461086,4.252192476461086e-06,4.2521924764610866e-06,-0.06410015475088242,0.0,-0.2853128424117177,2.8399862379373477,2.9041984968137937,0.2853128424117177
235.0,0.0,0.0,-0.2895718270304439,-1.6381396185524677,-4.01586728523433,-57.91436540608877,3.0,0.0,-4.176969952065122,0.1,0.0,False,0.004745346093800376,0.2895718270304439,0.23726831359626674,0.04252192476461086,4.252192476461086e-06,4.2521924764610866e-06,-0.057915350454015545,0.0,-0.3808781899295379,2.377727666681862,2.538830333512654,0.3808781899295379
236.0,0.0,0.0,-0.2575387174999822,-1.4468298538632052,-4.140264868525751,-51.50774349999644,3.0,0.0,-4.15304126468458,-0.03,0.0,False,0.004940608915837655,0.2575387174999822,0.24703149621288575,0.04252192476461086,4.252192476461086e-06,4.2521924764610866e-06,-0.05150861957962869,0.0,0.19130976468926253,2.693435014662546,2.706211410821375,0.19130976468926253
237.0,0.0,0.0,-0.2770561160991167,-1.5383796322662688,-4.182192056377377,-55.411223219823334,3.0,0.0,-4.213581548762134,-0.07,0.0,False,0.0049260830163294,0.2770561160991167,0.24630519814912716,0.04252192476461086,4.252192476461086e-06,4.2521924764610866e-06,-0.05541216569256165,0.0,-0.09154977840306366,2.6438124241111085,2.6752019164958654,0.09154977840306366
238.0,0.0,0.0,-0.2681729360117402,-1.2492727475269234,-4.2181683059527835,-53.63458720234804,3.0,0.0,-4.21744991965099,0.08,0.0,False,0.0047989691695592114,0.2681729360117402,0.23994947878499034,0.04252192476461086,4.252192476461086e-06,4.2521924764610866e-06,-0.053635499456821625,0.0,0.2891068847393454,2.96889555842586,2.968177172124067,0.2891068847393454
239.0,0.0,0.0,-0.3045479240773066,-1.3594585551598954,-4.335235633937961,-60.909584815461315,3.0,0.0,-4.220166008530713,0.09,0.0,False,0.005072607485498642,0.3045479240773066,0.2536314527601013,0.04252192476461086,4.252192476461086e-06,4.2521924764610866e-06,-0.060910620808169204,0.0,-0.11018580763297203,2.9757770787780653,2.8607074533708174,0.11018580763297203
240.0,0.0,0.0,-0.29419220666699014,-1.3210157369204356,-4.442138552029938,-58.83844133339803,3.0,0.0,-4.29481673811956,-0.01,0.0,False,0.0052495526203503945,0.29419220666699014,0.2624787471229275,0.04252192476461086,4.252192476461086e-06,4.2521924764610866e-06,-0.05883944209865279,0.0,0.03844281823945983,3.1211228151095023,2.9738010011991243,0.03844281823945983
241.0,0.0,0.0,-0.3054732473528713,-1.4993774622094072,-4.572115255818864,-61.094649470574254,3.0,0.0,-4.301443169924186,0.17,0.0,False,0.005559388998440321,0.3054732473528713,0.27797063190161964,0.04252192476461086,4.252192476461086e-06,4.2521924764610866e-06,-0.06109568861099089,0.0,-0.17836172528897154,3.072737793609457,2.8020657077147786,0.17836172528897154
242.0,0.0,0.0,-0.2953290916439832,-1.4275439889857662,-4.545343559326054,-59.06581832879664,3.0,0.0,-4.375813157001353,0.12,0.0,False,0.005372083109445637,0.2953290916439832,0.2686052976288509,0.04252192476461086,4.252192476461086e-06,4.2521924764610866e-06,-0.05906682296143795,0.0,0.07183347322364098,3.1177995703402877,2.948269168015587,0.07183347322364098
243.0,0.0,0.0,-0.30635433441498877,-1.6387709781388082,-4.601180557765104,-61.27086688299775,3.0,0.0,-4.452731168456314,0.01,0.0,False,0.005380029887308992,0.30635433441498877,0.2690026382115801,0.04252192476461086,4.252192476461086e-06,4.2521924764610866e-06,-0.06127190902064308,0.0,-0.21122698915304206,2.9624095796262955,2.8139601903175055,0.21122698915304206
244.0,0.0,0.0,-0.2862185734143374,-1.3656157005729674,-4.5430282190156195,-57.24371468286747,3.0,0.0,-4.491152467015447,-0.03,0.0,False,0.005412066244626397,0.2862185734143373,0.2706044628886882,0.04252192476461086,4.252192476461086e-06,4.2521924764610866e-06,-0.05724468832389891,0.0,0.2731552775658408,3.177412518442652,3.1255367664424796,0.2731552775658408
245.0,0.0,0.0,-0.3161014180621784,-1.0812537800333,-4.697454436260036,-63.22028361243568,3.0,0.0,-4.501017565105403,0.11,0.0,False,0.005114680374731381,0.3161014180621784,0.2557351061668395,0.04252192476461086,4.252192476461086e-06,4.2521924764610866e-06,-0.0632213589071206,0.0,0.28436192053966747,3.6162006562267357,3.4197637850721034,0.28436192053966747
246.0,0.0,0.0,-0.35204307007388935,-1.7729427192361809,-4.793426772920397,-70.40861401477787,3.0,0.0,-4.526697087398332,0.23,0.0,False,0.0049456170805872845,0.35204307007388935,0.2472819055151512,0.04252192476461086,4.252192476461086e-06,4.2521924764610866e-06,-0.07040981157360073,0.0,-0.6916889392028809,3.0204840536842164,2.753754368162151,0.6916889392028809
247.0,0.0,0.0,-0.28665254236459503,-2.254133334596656,-4.729113702081193,-57.33050847291901,3.0,0.0,-4.601759328516888,0.12,0.0,False,0.004972021919484988,0.28665254236459503,0.24860215307395925,0.04252192476461086,4.252192476461086e-06,4.2521924764610866e-06,-0.05733148359019977,0.0,-0.48119061536047525,2.474980367484537,2.3476259939202317,0.48119061536047525
248.0,0.0,0.0,-0.24026707812849793,-2.4952721615382,-4.647198662712085,-48.053415625699586,3.0,0.0,-4.6395290879713285,-0.01,0.0,False,0.004874323730621276,0.24026707812849796,0.24371722285919856,0.04252192476461086,4.252192476461086e-06,4.2521924764610866e-06,-0.04805423295171368,0.0,-0.24113882694154398,2.1519265011738846,2.1442569264331284,0.24113882694154398
249.0,0.0,0.0,-0.21577756471400772,-2.5291061142822975,-4.632926952312841,-43.15551294280154,3.0,0.0,-4.656855198974731,-0.03,0.0,False,0.004853288763790817,0.21577756471400772,0.24266547004543912,0.04252192476461086,4.252192476461086e-06,4.2521924764610866e-06,-0.04315624696187013,0.0,-0.033833952744097395,2.103820838030544,2.1277490846924336,0.033833952744097395
250.0,0.0,0.0,-0.21764844992916474,-2.285037555929182,-4.710016631726438,-43.529689985832945,3.0,0.0,-4.653093685065138,-0.06,0.0,False,0.005013310810377324,0.21764844992916474,0.25066660639699173,0.04252192476461086,4.252192476461086e-06,4.2521924764610866e-06,-0.0435304303691657,0.0,0.2440685583531157,2.424979075797256,2.3680561291359563,0.2440685583531157
251.0,0.0,0.0,-0.23826031900684952,-2.6943481991364275,-4.573644881808671,-47.652063801369906,3.0,0.0,-4.705636887729008,0.03,0.0,False,0.0049122140027664804,0.23826031900684952,0.2456117445222953,0.04252192476461086,4.252192476461086e-06,4.2521924764610866e-06,-0.047652874300912196,0.0,-0.40931064320724575,1.8792966826722437,2.0112886885925803,0.40931064320724575
252.0,0.0,0.0,-0.19710080466329719,-2.1919723985311688,-4.709148981765862,-39.420160932659435,3.0,0.0,-4.66769140243447,-0.14,0.0,False,0.005327811938146847,0.19710080466329713,0.2663917296514342,0.04252192476461086,4.252192476461086e-06,4.2521924764610866e-06,-0.039420831418255316,0.0,0.5023758006052588,2.5171765832346935,2.4757190039033015,0.5023758006052588
253.0,0.0,0.0,-0.24875975639115125,-1.30023613234067,-4.679726498781118,-49.75195127823025,3.0,0.0,-4.665398151297332,-0.08,0.0,False,0.005480228728232592,0.24875975639115125,0.2740126015609979,0.04252192476461086,4.252192476461086e-06,4.2521924764610866e-06,-0.04975279749412359,0.0,0.8917362661904988,3.3794903664404483,3.365162018956662,0.8917362661904988
254.0,0.0,0.0,-0.33945548401167686,-1.7373052370038087,-4.63191364091902,-67.89109680233537,3.0,0.0,-4.679622851160907,0.03,0.0,False,0.00531783491778826,0.33945548401167686,0.26589287651229426,0.04252192476461086,4.252192476461086e-06,4.2521924764610866e-06,-0.0678922515414693,0.0,-0.43706910466313875,2.8946084039152113,2.9423176141570986,0.43706910466313875
255.0,0.0,0.0,-0.29643449396466,-1.0655526703533293,-4.623489342666782,-59.28689879293199,3.0,0.0,-4.694863143960195,0.05,0.0,False,0.005175837640363268,0.29643449396466,0.2587929824510569,0.04252192476461086,4.252192476461086e-06,4.2521924764610866e-06,-0.05928790718586407,0.0,0.6717525666504793,3.5579366723134527,3.629310473606865,0.6717525666504793
256.0,0.0,0.0,-0.3622770272523271,-0.5777047583538738,-4.624707968727075,-72.45540545046542,3.0,0.0,-4.701713201476656,0.07,0.0,False,0.00471565166782445,0.3622770272523271,0.2357835859841496,0.04252192476461086,4.252192476461086e-06,4.2521924764610866e-06,-0.07245663782254481,0.0,0.48784791199945554,4.047003210373202,4.124008443122782,0.48784791199945554
257.0,0.0,0.0,-0.41772965455671335,-0.5033042159060606,-4.759609073877581,-83.54593091134267,3.0,0.0,-4.688399966459081,-0.02,0.0,False,0.0049340714877618,0.41772965455671335,0.2467046234191729,0.04252192476461086,4.252192476461086e-06,4.2521924764610866e-06,-0.08354735191881563,0.0,0.07440054244781324,4.25630485797152,4.185095750553021,0.07440054244781324
258.0,0.0,0.0,-0.4293473665108076,-0.3575806191074263,-4.722080504640702,-85.86947330216152,3.0,0.0,-4.755090117265718,-0.13,0.0,False,0.005047422856310443,0.4293473665108076,0.25237221594619696,0.04252192476461086,4.252192476461086e-06,4.2521924764610866e-06,-0.08587093383006433,0.0,0.14572359679863428,4.3644998855332755,4.397509498158292,0.14572359679863428
259.0,0.0,0.0,-0.44489095681197716,0.10351624500118206,-4.611707477217172,-88.97819136239544,3.0,0.0,-4.796869164396215,-0.15,0.0,False,0.005317423381694304,0.44489095681197727,0.26587229962010006,0.04252192476461086,4.252192476461086e-06,4.2521924764610866e-06,-0.08897970476554361,0.0,0.46109686410860834,4.7152237222183535,4.900385409397397,0.46109686410860834
260.0,0.0,0.0,-0.4888615768266184,-0.1310837234964948,-4.519762571394385,-97.77231536532368,3.0,0.0,-4.806584775326164,0.07,0.0,False,0.0053851746521730165,0.4888615768266184,0.26925987754860786,0.04252192476461086,4.252192476461086e-06,4.2521924764610866e-06,-0.09777397834506749,0.0,-0.23459996849767686,4.38867884789789,4.675501051829669,0.23459996849767686
261.0,0.0,0.0,-0.4586209854690464,-0.2701626650644992,-4.553713175122342,-91.72419709380928,3.0,0.0,-4.785203459940948,0.21,0.0,False,0.0053503903803070445,0.4586209854690464,0.26752065655983825,0.04252192476461086,4.252192476461086e-06,4.2521924764610866e-06,-0.09172575720293849,0.0,-0.1390789415680044,4.283550510057842,4.515040794876448,0.1390789415680044
262.0,0.0,0.0,-0.44312400760520687,-0.034485182566943384,-4.555029315676245,-88.62480152104138,3.0,0.0,-4.717391085422153,0.18,0.0,False,0.0053692780691831825,0.44312400760520687,0.2684650450193496,0.04252192476461086,4.252192476461086e-06,4.2521924764610866e-06,-0.08862630891348859,0.0,0.23567748249755582,4.520544133109302,4.68290590285521,0.23567748249755582
263.0,0.0,0.0,-0.46117605444799786,0.06361524881970868,-4.4789916164183,-92.23521088959957,3.0,0.0,-4.701496953545127,0.22,0.0,False,0.005051981236951696,0.4611760544479979,0.25260013594741504,0.04252192476461086,4.252192476461086e-06,4.2521924764610866e-06,-0.09223677969040789,0.0,0.09810043138665206,4.5426068652380085,4.765112202364835,0.09810043138665206
264.0,0.0,0.0,-0.466986743547076,-0.19076893004739648,-4.475825311904698,-93.3973487094152,3.0,0.0,-4.646343777514369,0.02,0.0,False,0.005213067045609497,0.4669867435470759,0.26065446062869824,0.04252192476461086,4.252192476461086e-06,4.2521924764610866e-06,-0.09339893727667423,0.0,-0.2543841788671052,4.285056381857301,4.4555748474669725,0.2543841788671052
265.0,0.0,0.0,-0.4424862113222592,-0.23507888587660794,-4.49439108337794,-88.49724226445184,3.0,0.0,-4.606351472526922,0.02,0.0,False,0.0053164497262238805,0.4424862113222592,0.26582361663957044,0.04252192476461086,4.252192476461086e-06,4.2521924764610866e-06,-0.08849874748728224,0.0,-0.04430995582921146,4.259312197501332,4.3712725866503135,0.04430995582921146
266.0,0.0,0.0,-0.4402910562285321,-1.3710586475315611,-4.503296218375546,-88.05821124570642,3.0,0.0,-4.615725120096919,0.05,0.0,False,0.004827993332495256,0.4402910562285321,0.2414006931026091,0.04252192476461086,4.252192476461086e-06,4.2521924764610866e-06,-0.08805970900119099,0.0,-1.1359797616549532,3.1322375708439845,3.244666472565358,1.1359797616549532
267.0,0.0,0.0,-0.3254016316678305,-1.3342984990327946,-4.448017591028706,-65.08032633356609,3.0,0.0,-4.638083058277761,0.1,0.0,False,0.005093505470109981,0.3254016316678305,0.25467635643378084,0.04252192476461086,4.252192476461086e-06,4.2521924764610866e-06,-0.06508143326515514,0.0,0.03676014849876652,3.1137190919959115,3.3037845592449666,0.03676014849876652
268.0,0.0,0.0,-0.3316693934626865,-1.5210094069972708,-4.649683254354357,-66.3338786925373,3.0,0.0,-4.625144147728363,0.09,0.0,False,0.005130658100177099,0.3316693934626865,0.2565339958361434,0.04252192476461086,4.252192476461086e-06,4.2521924764610866e-06,-0.06633500694541933,0.0,-0.1867109079644762,3.128673847357086,3.1041347407310917,0.1867109079644762
269.0,0.0,0.0,-0.3124487284843836,-2.2644610381483417,-4.574976930907331,-62.48974569687672,3.0,0.0,-4.651062949764634,-0.02,0.0,False,0.005246523214616801,0.3124487284843836,0.262327276192167,0.04252192476461086,4.252192476461086e-06,4.2521924764610866e-06,-0.06249080856606317,0.0,-0.7434516311510708,2.3105158927589895,2.386601911616292,0.7434516311510708
270.0,0.0,0.0,-0.23985831794103954,-1.7965259800033513,-4.495516987373261,-47.97166358820791,3.0,0.0,-4.64556312144773,-0.18,0.0,False,0.005595579571888222,0.23985831794103954,0.2797801682684789,0.04252192476461086,4.252192476461086e-06,4.2521924764610866e-06,-0.047972479523726325,0.0,0.46793505814499037,2.6989910073699095,2.849037141444379,0.46793505814499037
271.0,0.0,0.0,-0.284309537772352,-1.870364493901494,-4.557244351626113,-56.8619075544704,3.0,0.0,-4.663095213745483,-0.01,0.0,False,0.005707462360118381,0.28430953777235196,0.28537433146734437,0.04252192476461086,4.252192476461086e-06,4.2521924764610866e-06,-0.056862874701459856,0.0,-0.07383851389814278,2.6868798577246187,2.7927307198439886,0.07383851389814278
272.0,0.0,0.0,-0.27441311031815024,-1.4630944915937065,-4.497810450458561,-54.882622063630045,3.0,0.0,-4.639681804670743,0.09,0.0,False,0.005566164687925477,0.27441311031815024,0.27830941781645435,0.04252192476461086,4.252192476461086e-06,4.2521924764610866e-06,-0.05488355554555116,0.0,0.40727000230778754,3.034715958864855,3.1765873130770363,0.40727000230778754
273.0,0.0,0.0,-0.3161659025151533,-0.8125629578573095,-4.500040100142633,-63.23318050303067,3.0,0.0,-4.61455393995115,0.05,0.0,False,0.005354133972157631,0.3161659025151533,0.26770783694829126,0.04252192476461086,4.252192476461086e-06,4.2521924764610866e-06,-0.0632342560170749,0.0,0.650531533736397,3.6874771422853234,3.80199098209384,0.650531533736397
274.0,0.0,0.0,-0.38478680243033625,-0.9922591390766113,-4.523647734490195,-76.95736048606724,3.0,0.0,-4.624820736658836,-0.09,0.0,False,0.00486808909979584,0.38478680243033625,0.24340548999238412,0.04252192476461086,4.252192476461086e-06,4.2521924764610866e-06,-0.07695866943053836,0.0,-0.17969618121930186,3.531388595413584,3.6325615975822245,0.17969618121930186
275.0,0.0,0.0,-0.3672624043763899,-1.2894751578326042,-4.5457282737908065,-73.45248087527798,3.0,0.0,-4.660512791537984,0.01,0.0,False,0.004990003529606461,0.3672624043763899,0.2495012374030963,0.04252192476461086,4.252192476461086e-06,4.2521924764610866e-06,-0.07345373020631174,0.0,-0.2972160187559929,3.256253115958202,3.37103763370538,0.2972160187559929
276.0,0.0,0.0,-0.33253673005640283,0.06314765464205552,-4.322962702198763,-66.50734601128056,3.0,0.0,-4.664961266362145,0.17,0.0,False,0.004897985338680043,0.33253673005640283,0.24490030829282244,0.04252192476461086,4.252192476461086e-06,4.2521924764610866e-06,-0.06650847721461577,0.0,1.3526228124746598,4.386110356840819,4.7281089210042,1.3526228124746598
277.0,0.0,0.0,-0.4631443955574565,-0.5025565096064836,-4.339473198383377,-92.6288791114913,3.0,0.0,-4.614913158905713,0.13,0.0,False,0.005120938338650471,0.4631443955574565,0.2560480056932973,0.04252192476461086,4.252192476461086e-06,4.2521924764610866e-06,-0.09263045460808335,0.0,-0.5657041642485391,3.8369166887768937,4.11235664929923,0.5657041642485391
278.0,0.0,0.0,-0.4008369231081182,-1.150475435632507,-4.266735049263252,-80.16738462162364,3.0,0.0,-4.56839476988822,0.12,0.0,False,0.005345064305697967,0.40083692310811814,0.2672543516970097,0.04252192476461086,4.252192476461086e-06,4.2521924764610866e-06,-0.08016874816442451,0.0,-0.6479189260260235,3.1162596136307448,3.4179193342557133,0.6479189260260235
279.0,0.0,0.0,-0.33230062005816025,-0.831266448442121,-4.324430949551008,-66.46012401163205,3.0,0.0,-4.511010962475098,0.02,0.0,False,0.005716727361228084,0.33230062005816025,0.285837583492658,0.04252192476461086,4.252192476461086e-06,4.2521924764610866e-06,-0.06646125441178254,0.0,0.31920898719038604,3.493164501108887,3.6797445140329765,0.31920898719038604
280.0,0.0,0.0,-0.36157401093566555,-1.647076850393851,-4.187660726251343,-72.31480218713311,3.0,0.0,-4.473552286523933,0.11,0.0,False,0.005371449148900945,0.3615740109356655,0.26857359946683007,0.04252192476461086,4.252192476461086e-06,4.2521924764610866e-06,-0.07231603216773412,0.0,-0.81581040195173,2.5405838758574917,2.826475436130082,0.81581040195173
281.0,0.0,0.0,-0.28065655717091553,-1.5962425338732198,-4.318202876042935,-56.13131143418311,3.0,0.0,-4.447083431913222,-0.07,0.0,False,0.005651842621710347,0.28065655717091553,0.28259333272165105,0.04252192476461086,4.252192476461086e-06,4.2521924764610866e-06,-0.0561322661546841,0.0,0.050834316520631306,2.721960342169716,2.850840898040002,0.050834316520631306
282.0,0.0,0.0,-0.2889849501588713,-1.745215946001523,-4.393529666167387,-57.796990031774264,3.0,0.0,-4.453702092388047,0.0,0.0,False,0.005503457863519335,0.2889849501588713,0.27517406326407284,0.04252192476461086,4.252192476461086e-06,4.2521924764610866e-06,-0.05779797308329879,0.0,-0.14897341212830328,2.6483137201658637,2.708486146386524,0.14897341212830328
283.0,0.0,0.0,-0.27580015907117345,-1.7888864597791296,-4.5032951315540215,-55.16003181423469,3.0,0.0,-4.486153476443473,-0.04,0.0,False,0.005345568942888972,0.27580015907117345,0.26727958366385063,0.04252192476461086,4.252192476461086e-06,4.2521924764610866e-06,-0.055160970014534356,0.0,-0.04367051377760656,2.714408671774892,2.6972670166643433,0.04367051377760656
284.0,0.0,0.0,-0.2721872115506598,-1.8106872395646474,-4.463141681537821,-54.437442310131956,3.0,0.0,-4.503276174481325,0.04,0.0,False,0.005083982806101325,0.2721872115506598,0.25420022120873814,0.04252192476461086,4.252192476461086e-06,4.2521924764610866e-06,-0.05443836822012527,0.0,-0.021800779785517754,2.6524544419731737,2.6925889349166776,0.021800779785517754
285.0,0.0,0.0,-0.2692134951170504,-2.1160142237083575,-4.6116156979663465,-53.84269902341008,3.0,0.0,-4.510816444906381,0.01,0.0,False,0.005097955357679548,0.2692134951170504,0.25489885175834825,0.04252192476461086,4.252192476461086e-06,4.2521924764610866e-06,-0.0538436148175947,0.0,-0.30532698414371007,2.495601474257989,2.3948022211980238,0.30532698414371007
286.0,0.0,0.0,-0.24317501897256186,-2.1753068231844317,-4.575604228215156,-48.63500379451237,3.0,0.0,-4.502879428115073,0.06,0.0,False,0.005010271513958865,0.24317501897256186,0.25051464092988507,0.04252192476461086,4.252192476461086e-06,4.2521924764610866e-06,-0.048635831012583744,0.0,-0.05929259947607424,2.4002974050307246,2.3275726049306416,0.05929259947607424
287.0,0.0,0.0,-0.2409562147241428,-2.1678782688704574,-4.686339671728173,-48.19124294482856,3.0,0.0,-4.54781611478328,0.07,0.0,False,0.004847296635694491,0.2409562147241428,0.24236586236663873,0.04252192476461086,4.252192476461086e-06,4.2521924764610866e-06,-0.04819206261510584,0.0,0.007428554313974267,2.5184614028577155,2.3799378459128224,0.007428554313974267
288.0,0.0,0.0,-0.24253949676630196,-1.373620688356863,-4.595651418600724,-48.50789935326039,3.0,0.0,-4.584920200036027,0.06,0.0,False,0.004688337317283865,0.242539496766302,0.23441786264982667,0.04252192476461086,4.252192476461086e-06,4.2521924764610866e-06,-0.04850872440945077,0.0,0.7942575805135945,3.222030730243861,3.2112995116791643,0.7942575805135945
289.0,0.0,0.0,-0.32460177418861696,-1.3037987957769497,-4.547426009360088,-64.9203548377234,3.0,0.0,-4.593324802764644,-0.07,0.0,False,0.004952562824037486,0.32460177418861696,0.24762919416439313,0.04252192476461086,4.252192476461086e-06,4.2521924764610866e-06,-0.06492145904840566,0.0,0.06982189257991323,3.243627213583138,3.2895260069876944,0.06982189257991323
290.0,0.0,0.0,-0.33446258401839674,-0.7912946631964342,-4.561627743261673,-66.89251680367934,3.0,0.0,-4.619707443704132,0.1,0.0,False,0.0048775584578121655,0.33446258401839674,0.24387895990647704,0.04252192476461086,4.252192476461086e-06,4.2521924764610866e-06,-0.06689365455826807,0.0,0.5125041325805155,3.770333080065239,3.8284127805076977,0.5125041325805155
291.0,0.0,0.0,-0.38870124065980316,-0.375811092651841,-4.598613207036973,-77.74024813196063,3.0,0.0,-4.648495745925084,-0.2,0.0,False,0.005116305650502802,0.3887012406598032,0.2558163703009596,0.04252192476461086,4.252192476461086e-06,4.2521924764610866e-06,-0.07774157039233094,0.0,0.4154835705445932,4.222802114385132,4.272684653273243,0.4154835705445932
292.0,0.0,0.0,-0.4304986055694884,0.12097014018773239,-4.629235876928011,-86.09972111389767,3.0,0.0,-4.678389711419017,-0.08,0.0,False,0.005263273918045955,0.4304986055694884,0.2631648149249855,0.04252192476461086,4.252192476461086e-06,4.2521924764610866e-06,-0.08610118555801588,0.0,0.4967812328395734,4.750206017115743,4.7993598516067495,0.4967812328395734
293.0,0.0,0.0,-0.47533140433292315,0.5166187269751389,-4.5039842216642825,-95.06628086658463,3.0,0.0,-4.680888676493305,0.12,0.0,False,0.0052355459863431065,0.4753314043329231,0.26177841244461797,0.04252192476461086,4.252192476461086e-06,4.2521924764610866e-06,-0.09506789782020601,0.0,0.3956485867874065,5.0206029486394215,5.197507403468444,0.3956485867874065
294.0,0.0,0.0,-0.5159157200438891,0.37357142817120026,-4.599842416422101,-103.18314400877782,3.0,0.0,-4.632444963172561,-0.06,0.0,False,0.005362772439390137,0.5159157200438891,0.2681397621465378,0.04252192476461086,4.252192476461086e-06,4.2521924764610866e-06,-0.10318489901966968,0.0,-0.14304729880393863,4.973413844593301,5.006016391343761,0.14304729880393863
295.0,0.0,0.0,-0.504481469890813,0.12598869841240531,-4.5383165711113,-100.8962939781626,3.0,0.0,-4.642648162110909,0.01,0.0,False,0.005106565883491824,0.504481469890813,0.25532937987964277,0.04252192476461086,4.252192476461086e-06,4.2521924764610866e-06,-0.10089801009271389,0.0,-0.24758272975879494,4.664305269523705,4.768636860523315,0.24758272975879494
296.0,0.0,0.0,-0.4790842989446105,-0.3536272630007425,-4.540584333592331,-95.8168597889221,3.0,0.0,-4.6713505283524634,0.06,0.0,False,0.005271484592909597,0.4790842989446105,0.2635753504138361,0.04252192476461086,4.252192476461086e-06,4.2521924764610866e-06,-0.09581848950891338,0.0,-0.4796159614131478,4.186957070591588,4.317723265351721,0.4796159614131478
297.0,0.0,0.0,-0.4327267436113271,-0.2918054493968667,-4.554030838645719,-86.54534872226543,3.0,0.0,-4.664956148966272,-0.01,0.0,False,0.0053595435729622545,0.4327267436113271,0.2679783181386556,0.04252192476461086,4.252192476461086e-06,4.2521924764610866e-06,-0.08654682074592886,0.0,0.061821813603875786,4.262225389248853,4.373150699569406,0.061821813603875786
298.0,0.0,0.0,-0.43649703331798706,-0.6035635258944303,-4.5868044347063135,-87.29940666359741,3.0,0.0,-4.680986700984187,-0.01,0.0,False,0.005368015563109808,0.43649703331798706,0.2684019194472599,0.04252192476461086,4.252192476461086e-06,4.2521924764610866e-06,-0.08730089151280432,0.0,-0.3117580764975636,3.983240908811883,4.0774231750897565,0.3117580764975636
299.0,0.0,0.0,-0.4048434209095015,-0.08342420399782491,-4.635423763031533,-80.9686841819003,3.0,0.0,-4.656868586046785,0.0,0.0,False,0.005187151362632063,0.4048434209095015,0.259358670969903,0.04252192476461086,4.252192476461086e-06,4.2521924764610866e-06,-0.08097006135376306,0.0,0.5201393218966054,4.551999559033709,4.57344438204896,0.5201393218966054
300.0,0.0,0.0,-0.46217169144097964,-0.38106290548863775,-4.653564062268414,-92.43433828819593,3.0,0.0,-4.652083808596868,-0.03,0.0,False,0.005143399431938305,0.46217169144097964,0.25717106513313365,0.04252192476461086,4.252192476461086e-06,4.2521924764610866e-06,-0.09243591047590194,0.0,-0.29763870149081284,4.272501156779776,4.27102090310823,0.29763870149081284
301.0,0.0,0.0,-0.43112125024305753,-0.3674328447040669,-4.657832481912792,-86.22425004861151,3.0,0.0,-4.705239380557075,-0.01,0.0,False,0.005058206035868539,0.43112125024305753,0.2529113772167093,0.04252192476461086,4.252192476461086e-06,4.2521924764610866e-06,-0.0862257166108047,0.0,0.013630060784570852,4.290399637208726,4.337806535853009,0.013630060784570852
302.0,0.0,0.0,-0.43686117896753596,-0.8852498573058701,-4.674835933334619,-87.37223579350719,3.0,0.0,-4.692367068446045,0.01,0.0,False,0.004910829768113549,0.43686117896753596,0.24554253249534705,0.04252192476461086,4.252192476461086e-06,4.2521924764610866e-06,-0.08737372188144275,0.0,-0.5178170126018032,3.789586076028749,3.807117211140175,0.5178170126018032
303.0,0.0,0.0,-0.3872724334058652,-0.3812915236936194,-4.667033355010838,-77.45448668117304,3.0,0.0,-4.736137515270345,-0.06,0.0,False,0.004740668878074125,0.3872724334058651,0.23703445181553284,0.04252192476461086,4.252192476461086e-06,4.2521924764610866e-06,-0.07745580408111326,0.0,0.5039583336122507,4.285741831317218,4.354845991576726,0.5039583336122507
304.0,0.0,0.0,-0.43679928069015234,-0.15904711128588284,-4.5932290683884025,-87.35985613803047,3.0,0.0,-4.758056529210901,-0.03,0.0,False,0.005142711600317385,0.43679928069015234,0.2571366734058479,0.04252192476461086,4.252192476461086e-06,4.2521924764610866e-06,-0.0873613420154042,0.0,0.22224441240773657,4.43418195710252,4.599009417925018,0.22224441240773657
305.0,0.0,0.0,-0.4548161203044787,-0.16927448012633542,-4.592062724705211,-90.96322406089574,3.0,0.0,-4.749377198325891,0.19,0.0,False,0.00487831154601425,0.45481612030447877,0.24391661447669516,0.04252192476461086,4.252192476461086e-06,4.2521924764610866e-06,-0.09096477122686476,0.0,-0.010227368840452583,4.422788244578875,4.580102718199555,0.010227368840452583
306.0,0.0,0.0,-0.45805306665696155,0.2232061283390151,-4.7098490264850685,-91.61061333139232,3.0,0.0,-4.707305012614912,0.0,0.0,False,0.005290807917219569,0.45805306665696155,0.2645415207376594,0.04252192476461086,4.252192476461086e-06,4.2521924764610866e-06,-0.09161217150860965,0.0,0.3924806084653505,4.933055154824084,4.930511140953927,0.3924806084653505
307.0,0.0,0.0,-0.50182986237629,0.6531786411485824,-4.706823596034454,-100.365972475258,3.0,0.0,-4.749902533186139,-0.09,0.0,False,0.0051025970066054735,0.5018298623762899,0.25513093519150376,0.04252192476461086,4.252192476461086e-06,4.2521924764610866e-06,-0.10036767956973124,0.0,0.4299725128095673,5.3600022371830365,5.403081174334722,0.4299725128095673
308.0,0.0,0.0,-0.546861570077675,0.4547746620815556,-4.977374811051433,-109.372314015535,3.0,0.0,-4.795199189282143,0.09,0.0,False,0.005365154934327314,0.5468615700776751,0.26825888739993786,0.04252192476461086,4.252192476461086e-06,4.2521924764610866e-06,-0.10937417429614779,0.0,-0.19840397906702678,5.432149473132989,5.249973851363698,0.19840397906702678
309.0,0.0,0.0,-0.5317931544742807,0.7885532165824254,-5.151682645601225,-106.35863089485613,3.0,0.0,-4.815553327660859,0.12,0.0,False,0.005491297568968858,0.5317931544742807,0.27456604595115336,0.04252192476461086,4.252192476461086e-06,4.2521924764610866e-06,-0.10636043991664412,0.0,0.3337785545008698,5.94023586218365,5.604106544243284,0.3337785545008698
310.0,0.0,0.0,-0.5674920282123496,1.5191109357843557,-5.03545695883025,-113.49840564246992,3.0,0.0,-4.8632699470037695,-0.02,0.0,False,0.005435259746274964,0.5674920282123496,0.27176414290227824,0.04252192476461086,4.252192476461086e-06,4.2521924764610866e-06,-0.11350033610252737,0.0,0.7305577192019304,6.554567894614605,6.382380882788125,0.7305577192019304
311.0,0.0,0.0,-0.6441702155217827,1.2334902578836007,-5.2182248472220865,-128.83404310435654,3.0,0.0,-4.886487719807705,0.15,0.0,False,0.005610111292291101,0.6441702155217827,0.2805067573782062,0.04252192476461086,4.252192476461086e-06,4.2521924764610866e-06,-0.1288362344036338,0.0,-0.28562067790075507,6.451715105105687,6.119977977691305,0.28562067790075507
312.0,0.0,0.0,-0.6259358721944439,0.6731989399121967,-5.49934887827455,-125.18717443888877,3.0,0.0,-4.922728176220664,0.46,0.0,False,0.005749601496316479,0.6259358721944439,0.28748129723643523,0.04252192476461086,4.252192476461086e-06,4.2521924764610866e-06,-0.1251893037096798,0.0,-0.560291317971404,6.172547818186747,5.595927116132861,0.560291317971404
313.0,0.0,0.0,-0.5804640472299302,0.41302648416934135,-5.499681221908678,-116.09280944598603,3.0,0.0,-5.026001544051156,0.48,0.0,False,0.005477466580433163,0.5804640472299302,0.2738744935837672,0.04252192476461086,4.252192476461086e-06,4.2521924764610866e-06,-0.11609478403347319,0.0,-0.26017245574285536,5.912707706078019,5.4390280282204975,0.26017245574285536
314.0,0.0,0.0,-0.5639719081023791,0.7302909014036478,-5.580124747483702,-112.79438162047582,3.0,0.0,-5.131564944629823,0.42,0.0,False,0.00506991557729154,0.5639719081023791,0.25349685677742034,0.04252192476461086,4.252192476461086e-06,4.2521924764610866e-06,-0.1127963001060016,0.0,0.3172644172343065,6.31041564888735,5.861855846033471,0.3172644172343065
315.0,0.0,0.0,-0.6033024299030881,0.05681222328849456,-5.473687289137637,-120.66048598061762,3.0,0.0,-5.226812502709671,0.25,0.0,False,0.0048433516636679965,0.6033024299030881,0.24216861292657502,0.04252192476461086,4.252192476461086e-06,4.2521924764610866e-06,-0.12066253825833362,0.0,-0.6734786781151533,5.530499512426132,5.283624725998165,0.6734786781151533
316.0,0.0,0.0,-0.5412298871226535,-0.3244168628150802,-5.504158606076512,-108.2459774245307,3.0,0.0,-5.302861665529901,0.05,0.0,False,0.005111767715994119,0.5412298871226535,0.25558947261071707,0.04252192476461086,4.252192476461086e-06,4.2521924764610866e-06,-0.10824781854762504,0.0,-0.38122908610357475,5.179741743261432,4.9784448027148205,0.38122908610357475
317.0,0.0,0.0,-0.5065274520312003,-0.75975000029377,-5.484513087776758,-101.30549040624005,3.0,0.0,-5.355601718620737,0.04,0.0,False,0.00519353284184746,0.5065274520312003,0.25967774628743673,0.04252192476461086,4.252192476461086e-06,4.2521924764610866e-06,-0.10130721348068965,0.0,-0.43533313747868985,4.724763087482988,4.595851718326967,0.43533313747868985
318.0,0.0,0.0,-0.468936485779175,-0.5092927047182172,-5.535993468326509,-93.787297155835,3.0,0.0,-5.38979907573811,0.07,0.0,False,0.00517510541387805,0.468936485779175,0.2587563709711178,0.04252192476461086,4.252192476461086e-06,4.2521924764610866e-06,-0.09378889235560925,0.0,0.25045729557555285,5.026700763608291,4.880506371019893,0.25045729557555285
319.0,0.0,0.0,-0.4938085412447957,-0.34931637459735,-5.4588963382875235,-98.76170824895914,3.0,0.0,-5.4492145584953535,0.01,0.0,False,0.005273221606817349,0.4938085412447956,0.2636622014785296,0.04252192476461086,4.252192476461086e-06,4.2521924764610866e-06,-0.0987633880569873,0.0,0.1599763301208672,5.109579963690173,5.099898183898004,0.1599763301208672
320.0,0.0,0.0,-0.5133895654650545,-0.42957110939254334,-5.459728798899311,-102.6779130930109,3.0,0.0,-5.4474831056143636,0.03,0.0,False,0.005243855397148597,0.5133895654650545,0.2621938847515532,0.04252192476461086,4.252192476461086e-06,4.2521924764610866e-06,-0.10267965951058292,0.0,-0.08025473479519335,5.030157689506768,5.01791199622182,0.08025473479519335
321.0,0.0,0.0,-0.5069854729691013,-0.4052068413960196,-5.458732118343063,-101.39709459382027,3.0,0.0,-5.483321180810278,-0.06,0.0,False,0.005271276932182427,0.5069854729691013,0.26356496733332685,0.04252192476461086,4.252192476461086e-06,4.2521924764610866e-06,-0.10139881922633777,0.0,0.024364267996523747,5.053525276947044,5.078114339414259,0.024364267996523747
322.0,0.0,0.0,-0.5101222314639284,0.0963847895859864,-5.50619528515944,-102.02444629278568,3.0,0.0,-5.499533629074242,0.11,0.0,False,0.005153262797158423,0.5101222314639284,0.2576642354911859,0.04252192476461086,4.252192476461086e-06,4.2521924764610866e-06,-0.10202618159573852,0.0,0.501591630982006,5.602580074745426,5.595918418660228,0.501591630982006
323.0,0.0,0.0,-0.5634590882524222,-0.06908008357356159,-5.577951243213519,-112.69181765048444,3.0,0.0,-5.506537612931034,-0.14,0.0,False,0.005237165130233258,0.5634590882524222,0.26185936998337117,0.04252192476461086,4.252192476461086e-06,4.2521924764610866e-06,-0.11269373439153067,0.0,-0.165464873159548,5.508871159639957,5.437457529357472,0.165464873159548
324.0,0.0,0.0,-0.5482871745222789,-0.38717489232298685,-5.636136654309864,-109.65743490445578,3.0,0.0,-5.538325889763023,0.07,0.0,False,0.00512866313654917,0.5482871745222789,0.25643424723059854,0.04252192476461086,4.252192476461086e-06,4.2521924764610866e-06,-0.10965930003460354,0.0,-0.31809480874942525,5.248961761986877,5.151150997440036,0.31809480874942525
325.0,0.0,0.0,-0.5239982403388389,-0.8210913588566765,-5.651201097498528,-104.79964806776778,3.0,0.0,-5.5520683999262666,-0.03,0.0,False,0.00514199142309987,0.5239982403388389,0.25710066439185536,0.04252192476461086,4.252192476461086e-06,4.2521924764610866e-06,-0.10480143057328832,0.0,-0.43391646653368965,4.830109738641851,4.73097704106959,0.43391646653368965
326.0,0.0,0.0,-0.47762399128622357,-1.7481208360585732,-5.517241502790422,-95.52479825724471,3.0,0.0,-5.627268702780132,0.06,0.0,False,0.005260645751661792,0.47762399128622346,0.263033406047004,0.04252192476461086,4.252192476461086e-06,4.2521924764610866e-06,-0.09552642300964972,0.0,-0.9270294772018967,3.769120666731849,3.8791478667215586,0.9270294772018967
327.0,0.0,0.0,-0.3870819121734568,-2.033470013401417,-5.509266991733213,-77.41638243469136,3.0,0.0,-5.597432819176024,0.01,0.0,False,0.0047739447294849234,0.3870819121734568,0.23869825146083923,0.04252192476461086,4.252192476461086e-06,4.2521924764610866e-06,-0.07741769918652798,0.0,-0.28534917734284404,3.475796978331796,3.563962805774607,0.28534917734284404
328.0,0.0,0.0,-0.36098820298573087,-2.538355460110905,-5.624946990169536,-72.19764059714618,3.0,0.0,-5.619022255132872,-0.08,0.0,False,0.004908840836764556,0.36098820298573087,0.2454430855050316,0.04252192476461086,4.252192476461086e-06,4.2521924764610866e-06,-0.07219886858498115,0.0,-0.5048854467094879,3.086591530058631,3.0806667950219673,0.5048854467094879
329.0,0.0,0.0,-0.3112443883768475,-2.1715332365277566,-5.665122212601434,-62.2488776753695,3.0,0.0,-5.643428792824763,0.05,0.0,False,0.004898222488118534,0.3112443883768475,0.24491216581516717,0.04252192476461086,4.252192476461086e-06,4.2521924764610866e-06,-0.062249936447704615,0.0,0.3668222235831484,3.493588976073677,3.4718955562970066,0.3668222235831484
330.0,0.0,0.0,-0.35053514984774536,-2.494890577122679,-5.810469248001065,-70.10702996954907,3.0,0.0,-5.650865517431706,0.08,0.0,False,0.004759613952493218,0.35053514984774536,0.23798170956439282,0.04252192476461086,4.252192476461086e-06,4.2521924764610866e-06,-0.07010822239882011,0.0,-0.32335734059492216,3.3155786708783865,3.155974940309027,0.32335734059492216
331.0,0.0,0.0,-0.3215291544912724,-2.9979491881312623,-5.670823215893964,-64.30583089825448,3.0,0.0,-5.676959262151553,-0.09,0.0,False,0.004924912823550252,0.3215291544912725,0.2462466882613753,0.04252192476461086,4.252192476461086e-06,4.2521924764610866e-06,-0.06430692465668492,0.0,-0.5030586110085835,2.672874027762702,2.6790100740202907,0.5030586110085835
332.0,0.0,0.0,-0.2716697773888148,-3.4555440696347026,-5.531199374242578,-54.33395547776296,3.0,0.0,-5.710250482227984,0.02,0.0,False,0.004951454590482796,0.2716697773888148,0.24757378225103768,0.04252192476461086,4.252192476461086e-06,4.2521924764610866e-06,-0.05433487962758005,0.0,-0.4575948815034403,2.0756553046078756,2.2547064125932814,0.4575948815034403
333.0,0.0,0.0,-0.21934863521010112,-3.0120423404541072,-5.376435655172933,-43.86972704202022,3.0,0.0,-5.714704721628583,0.36,0.0,False,0.004650139776690395,0.2193486352101011,0.2325079774989884,0.04252192476461086,4.252192476461086e-06,4.2521924764610866e-06,-0.04387047320894043,0.0,0.4435017291805954,2.3643933147188254,2.7026623811744757,0.4435017291805954
334.0,0.0,0.0,-0.25612036869676047,-2.7888272994679086,-5.267121117471969,-51.22407373935209,3.0,0.0,-5.649077057366529,0.34,0.0,False,0.004928055288805285,0.25612036869676047,0.24640381219224536,0.04252192476461086,4.252192476461086e-06,4.2521924764610866e-06,-0.051224944994131175,0.0,0.2232150409861986,2.478293818004061,2.860249757898621,0.2232150409861986
335.0,0.0,0.0,-0.27108618244964844,-2.6408917899331175,-5.169763152056059,-54.21723648992969,3.0,0.0,-5.573300481076951,0.28,0.0,False,0.005223687592885348,0.27108618244964844,0.2611854902505215,0.04252192476461086,4.252192476461086e-06,4.2521924764610866e-06,-0.054218158654508804,0.0,0.14793550953479118,2.5288713621229415,2.932408691143834,0.14793550953479118
336.0,0.0,0.0,-0.2817434590464066,-3.2541307341510617,-5.296321469199318,-56.34869180928132,3.0,0.0,-5.499746759495664,0.1,0.0,False,0.005127771164609712,0.28174345904640663,0.256389648443984,0.04252192476461086,4.252192476461086e-06,4.2521924764610866e-06,-0.05634965022713938,0.0,-0.6132389442179442,2.0421907350482567,2.245616025344602,0.6132389442179442
337.0,0.0,0.0,-0.21692176789708367,-2.756304976465903,-5.206499101959005,-43.38435357941673,3.0,0.0,-5.458386281768023,0.03,0.0,False,0.005111270344955708,0.21692176789708362,0.2555646039530507,0.04252192476461086,4.252192476461086e-06,4.2521924764610866e-06,-0.0433850914907665,0.0,0.4978257576851588,2.450194125493102,2.70208130530212,0.4978257576851588
338.0,0.0,0.0,-0.2675820704069146,-3.1184762077275323,-5.304077817129731,-53.516414081382926,3.0,0.0,-5.423394532777368,0.03,0.0,False,0.0051108830439906125,0.2675820704069146,0.2555452388224521,0.04252192476461086,4.252192476461086e-06,4.2521924764610866e-06,-0.053517324325885636,0.0,-0.3621712312616294,2.185601609402199,2.3049183250498357,0.3621712312616294
339.0,0.0,0.0,-0.23324584944243243,-3.0014888380957916,-5.361880143466805,-46.64916988848648,3.0,0.0,-5.432182571058377,0.03,0.0,False,0.005214936956120492,0.23324584944243243,0.26074795655180905,0.04252192476461086,4.252192476461086e-06,4.2521924764610866e-06,-0.046649963330109505,0.0,0.11698736963174072,2.3603913053710133,2.430693732962585,0.11698736963174072
340.0,0.0,0.0,-0.24956858796009151,-3.3161376698486524,-5.469227778482905,-49.9137175920183,3.0,0.0,-5.450984292464162,0.09,0.0,False,0.005031234561467952,0.24956858796009151,0.251562797762285,0.04252192476461086,4.252192476461086e-06,4.2521924764610866e-06,-0.04991456655934595,0.0,-0.31464883175286085,2.1530901086342524,2.13484662261551,0.31464883175286085
341.0,0.0,0.0,-0.22174742452453788,-3.8247900735203726,-5.653337247056607,-44.34948490490758,3.0,0.0,-5.497227778380307,0.09,0.0,False,0.004823861665933606,0.22174742452453786,0.24119410889609427,0.04252192476461086,4.252192476461086e-06,4.2521924764610866e-06,-0.044350239231884185,0.0,-0.5086524036717202,1.8285471735362342,1.6724377048599348,0.5086524036717202
342.0,0.0,0.0,-0.17805397398561126,-3.4542679713456073,-5.706743394806672,-35.61079479712225,3.0,0.0,-5.53365906073054,0.14,0.0,False,0.004715118078813607,0.17805397398561126,0.23575690642016128,0.04252192476461086,4.252192476461086e-06,4.2521924764610866e-06,-0.035611400490361565,0.0,0.37052210217476533,2.252475423461065,2.0793910893849326,0.37052210217476533
343.0,0.0,0.0,-0.2180531920417166,-2.890903229531431,-5.7393091258943585,-43.61063840834332,3.0,0.0,-5.605367669364913,0.03,0.0,False,0.004792513315428662,0.2180531920417166,0.23962668470588624,0.04252192476461086,4.252192476461086e-06,4.2521924764610866e-06,-0.04361138016850331,0.0,0.5633647418141763,2.8484058963629275,2.714464439833482,0.5633647418141763
344.0,0.0,0.0,-0.270647696920147,-3.009169756645888,-5.700433176468706,-54.12953938402941,3.0,0.0,-5.634846251969903,-0.06,0.0,False,0.004776535884430201,0.270647696920147,0.2388278097590077,0.04252192476461086,4.252192476461086e-06,4.2521924764610866e-06,-0.05413046005699496,0.0,-0.11826652711445718,2.6912634198228176,2.625676495324015,0.11826652711445718
345.0,0.0,0.0,-0.2659492736470594,-2.9191692678885377,-5.795376843574719,-53.18985472941188,3.0,0.0,-5.597437741037929,0.16,0.0,False,0.005212924664855369,0.2659492736470594,0.2606473415607205,0.04252192476461086,4.252192476461086e-06,4.2521924764610866e-06,-0.05319075941956533,0.0,0.09000048875735045,2.876207575686181,2.6782684731493913,0.09000048875735045
346.0,0.0,0.0,-0.2769880881088215,-2.913962567232367,-5.753543537248819,-55.39761762176429,3.0,0.0,-5.668719036491506,0.06,0.0,False,0.005177449499192692,0.2769880881088215,0.25887357573522496,0.04252192476461086,4.252192476461086e-06,4.2521924764610866e-06,-0.055398559863089114,0.0,0.005206700656170682,2.8395809700164523,2.754756469259139,0.005206700656170682
347.0,0.0,0.0,-0.2831091403081426,-3.4014437271647706,-5.8339189084457805,-56.62182806162852,3.0,0.0,-5.689109039309966,0.1,0.0,False,0.005287067785176331,0.28310914030814266,0.26435451334030946,0.04252192476461086,4.252192476461086e-06,4.2521924764610866e-06,-0.05662279112517849,0.0,-0.4874811599324036,2.43247518128101,2.2876653121451955,0.4874811599324036
348.0,0.0,0.0,-0.2371281936679418,-4.0095986499314735,-5.821395622604172,-47.42563873358836,3.0,0.0,-5.745114162041611,-0.04,0.0,False,0.005230872543090631,0.2371281936679418,0.2615447392883751,0.04252192476461086,4.252192476461086e-06,4.2521924764610866e-06,-0.04742644538193515,0.0,-0.6081549227667029,1.8117969726726981,1.7355155121101378,0.6081549227667029
349.0,0.0,0.0,-0.1785294622619406,-4.319671788767528,-5.778750605979676,-35.70589245238812,3.0,0.0,-5.77277607958024,0.05,0.0,False,0.005195285989451178,0.17852946226194064,0.25976540404035875,0.04252192476461086,4.252192476461086e-06,4.2521924764610866e-06,-0.03570649976311469,0.0,-0.3100731388360547,1.4590788172121476,1.4531042908127114,0.3100731388360547
350.0,0.0,0.0,-0.1461336570113468,-4.308686914279453,-5.79036654564096,-29.226731402269362,3.0,0.0,-5.79493122963269,0.09,0.0,False,0.00500355248608373,0.1461336570113468,0.2501786881075983,0.04252192476461086,4.252192476461086e-06,4.2521924764610866e-06,-0.029227228510905055,0.0,0.010984874488075391,1.4816796313615068,1.486244315353237,0.010984874488075391
351.0,0.0,0.0,-0.15057962080216933,-4.36094113883583,-5.772094200280405,-30.115924160433867,3.0,0.0,-5.781039428302839,-0.15,0.0,False,0.005166261399974357,0.15057962080216933,0.2583141683956106,0.04252192476461086,4.252192476461086e-06,4.2521924764610866e-06,-0.030116436393080273,0.0,-0.052254224556377515,1.4111530614445744,1.420098289467009,0.052254224556377515
352.0,0.0,0.0,-0.14681503592603085,-4.453058475490517,-5.842088397760203,-29.36300718520617,3.0,0.0,-5.814515136977678,-0.01,0.0,False,0.005092117221719351,0.14681503592603085,0.2546069437190945,0.04252192476461086,4.252192476461086e-06,4.2521924764610866e-06,-0.029363506611715443,0.0,-0.09211733665468635,1.3890299222696862,1.3614566614871615,0.09211733665468635
353.0,0.0,0.0,-0.1429125666365595,-4.517812085091448,-5.960829398051493,-28.582513327311897,3.0,0.0,-5.829122712385697,0.1,0.0,False,0.005344773241567844,0.1429125666365595,0.26723979842862045,0.04252192476461086,4.252192476461086e-06,4.2521924764610866e-06,-0.02858299947863718,0.0,-0.06475360960093113,1.4430173129600448,1.3113106272942492,0.06475360960093113
354.0,0.0,0.0,-0.14079110048794713,-5.56696714088367,-6.047661539280898,-28.158220097589428,3.0,0.0,-5.882214526443143,0.1,0.0,False,0.004962077860949754,0.14079110048794713,0.24810494803299502,0.04252192476461086,4.252192476461086e-06,4.2521924764610866e-06,-0.028158699032239477,0.0,-1.0491550557922222,0.48069439839722783,0.3152473855594726,1.0491550557922222
355.0,0.0,0.0,-0.03803389807535323,-5.792167121624111,-5.986317733927315,-7.6067796150706455,3.0,0.0,-5.92575302351383,-0.02,0.0,False,0.005094969406916839,0.03803389807535323,0.25474955358537094,0.04252192476461086,4.252192476461086e-06,4.2521924764610866e-06,-0.007606908996484681,0.0,-0.22519998074044079,0.19415061230320418,0.13358590188971942,0.22519998074044079
356.0,0.0,0.0,-0.018515722935380487,-5.615087862313497,-6.094664395891274,-3.7031445870760975,3.0,0.0,-5.9473142080099635,-0.03,0.0,False,0.00521385347641916,0.018515722935380487,0.26069378233638424,0.04252192476461086,4.252192476461086e-06,4.2521924764610866e-06,-0.0037032075727424767,0.0,0.17707925931061386,0.4795765335777773,0.3322263456964665,0.17707925931061386
357.0,0.0,0.0,-0.03447989518981402,-5.623088066442589,-6.11465718757709,-6.895979037962805,3.0,0.0,-5.977328287598803,-0.01,0.0,False,0.005054433934675838,0.03447989518981402,0.25272277135508936,0.04252192476461086,4.252192476461086e-06,4.2521924764610866e-06,-0.006896096329584784,0.0,-0.008000204129092303,0.4915691211345008,0.3542402211562141,0.008000204129092303
358.0,0.0,0.0,-0.035819837019485566,-5.593339444890952,-6.107507307129495,-7.1639674038971135,3.0,0.0,-5.959894144969183,0.12,0.0,False,0.005064810836344769,0.035819837019485566,0.253241618644765,0.04252192476461086,4.252192476461086e-06,4.2521924764610866e-06,-0.007164089253652164,0.0,0.029748621551637378,0.5141678622385433,0.36655470007823077,0.029748621551637378
359.0,0.0,0.0,-0.04305088684613103,-6.036046089179239,-6.104828194479081,-8.610177369226205,3.0,0.0,-5.9812940522795195,0.1,0.0,False,0.005119642423378366,0.043050886846131016,0.25598320965416804,0.04252192476461086,4.252192476461086e-06,4.2521924764610866e-06,-0.008610323817129194,0.0,-0.442706644288287,0.0687821052998423,-0.054752036899719414,0.442706644288287
360.0,0.0,0.0,-0.0030330147481839663,-6.199882524328936,-6.214225840975664,-0.6066029496367933,3.0,0.0,-6.023857466385119,0.04,0.0,False,0.005332941257076195,0.005147669133135255,0.26664819668844425,0.04252192476461086,4.252192476461086e-06,4.2521924764610866e-06,-0.0006066132671629153,0.0,-0.16383643514969748,0.014343316646727722,-0.17602505794381695,0.16383643514969748
361.0,0.0,0.0,0.005800841652872615,-5.7568427923388565,-6.410958202463841,1.160168330574523,3.0,0.0,-6.066376881509203,0.16,0.0,False,0.005192942876563804,0.006413226256623519,0.25964824789782165,0.04252192476461086,4.252192476461086e-06,4.2521924764610866e-06,0.0011601880635268005,0.0,0.44303973199007984,0.6541154101249846,0.30953408917034686,0.44303973199007984
362.0,0.0,0.0,-0.048293206046466974,-5.449617471641364,-6.533991576288696,-9.658641209293394,3.0,0.0,-6.141872874485449,0.33,0.0,False,0.005076832681405482,0.04829320604646696,0.25384271345376064,0.04252192476461086,4.252192476461086e-06,4.2521924764610866e-06,-0.009658805490200763,0.0,0.3072253206974924,1.084374104647332,0.6922554028440846,0.3072253206974924
363.0,0.0,0.0,-0.08688371015629581,-5.144810631095049,-6.585271280353547,-17.376742031259163,3.0,0.0,-6.239785120403897,0.28,0.0,False,0.0048465206325626654,0.08688371015629581,0.2423270620450618,0.04252192476461086,4.252192476461086e-06,4.2521924764610866e-06,-0.01737703758700931,0.0,0.30480684054631535,1.4404606492584984,1.0949744893088482,0.30480684054631535
364.0,0.0,0.0,-0.12649938779879366,-4.700154610132163,-6.65251528618167,-25.299877559758734,3.0,0.0,-6.318473045517254,0.29,0.0,False,0.004861519446419678,0.12649938779879366,0.2430770059268045,0.04252192476461086,4.252192476461086e-06,4.2521924764610866e-06,-0.025300307877724974,0.0,0.4446560209628858,1.9523606760495067,1.618318435385091,0.4446560209628858
365.0,0.0,0.0,-0.17736876012472966,-4.368749690563679,-6.488901152886094,-35.47375202494593,3.0,0.0,-6.409831404070237,0.1,0.0,False,0.004725391361044602,0.17736876012472966,0.2362705727159097,0.04252192476461086,4.252192476461086e-06,4.2521924764610866e-06,-0.03547435538726618,0.0,0.3314049195684836,2.120151462322415,2.041081713506558,0.3314049195684836
366.0,0.0,0.0,-0.21311287571376444,-3.859150002867783,-6.594911728160409,-42.622575142752886,3.0,0.0,-6.4738799216848255,0.04,0.0,False,0.004724191872125187,0.21311287571376447,0.2362105980149161,0.04252192476461086,4.252192476461086e-06,4.2521924764610866e-06,-0.042623300097243605,0.0,0.5095996876958964,2.735761725292626,2.6147299188170425,0.5095996876958964
367.0,0.0,0.0,-0.2689333762121751,-3.66681799099225,-6.625094448325999,-53.786675242435024,3.0,0.0,-6.499923757549659,0.04,0.0,False,0.005078482752435101,0.26893337621217506,0.25392521735606266,0.04252192476461086,4.252192476461086e-06,4.2521924764610866e-06,-0.0537875900837281,0.0,0.19233201187553295,2.958276457333749,2.8331057665574093,0.19233201187553295
368.0,0.0,0.0,-0.2966841740801019,-3.341778857249141,-6.7324386061410655,-59.33683481602038,3.0,0.0,-6.5485409428134815,0.24,0.0,False,0.004833063281092343,0.29668417408010184,0.24165419161038332,0.04252192476461086,4.252192476461086e-06,4.2521924764610866e-06,-0.05933784405829916,0.0,0.3250391337431089,3.3906597488919243,3.2067620855643404,0.3250391337431089
369.0,0.0,0.0,-0.3334003062657294,-2.7296917184375906,-6.7785839657523494,-66.68006125314588,3.0,0.0,-6.633722809703911,0.22,0.0,False,0.00457927538296685,0.3334003062657294,0.22896474274635906,0.04252192476461086,4.252192476461086e-06,4.2521924764610866e-06,-0.0666811953941424,0.0,0.6120871388115505,4.048892247314759,3.90403109126632,0.6120871388115505
370.0,0.0,0.0,-0.40248697822306423,-1.8892277037000191,-6.8041790905627115,-80.49739564461285,3.0,0.0,-6.6758528040201295,0.07,0.0,False,0.004829652976863054,0.40248697822306423,0.2414836756738552,0.04252192476461086,4.252192476461086e-06,4.2521924764610866e-06,-0.08049876480047141,0.0,0.8404640147375715,4.914951386862692,4.78662510032011,0.8404640147375715
371.0,0.0,0.0,-0.48933754666331486,-2.4512967845823925,-6.743592158250217,-97.86750933266298,3.0,0.0,-6.754647073273263,-0.12,0.0,False,0.005103427748292864,0.48933754666331486,0.2551724724524969,0.04252192476461086,4.252192476461086e-06,4.2521924764610866e-06,-0.09786917393153219,0.0,-0.5620690808823734,4.292295373667825,4.30335028869087,0.5620690808823734
372.0,0.0,0.0,-0.433617514441053,-1.956644563439732,-6.711575624370084,-86.7235028882106,3.0,0.0,-6.782707208204881,0.04,0.0,False,0.005116797785216833,0.433617514441053,0.2558409771412938,0.04252192476461086,4.252192476461086e-06,4.2521924764610866e-06,-0.08672497794204437,0.0,0.4946522211426605,4.754931060930352,4.826062644765149,0.4946522211426605
373.0,0.0,0.0,-0.4822458758645016,-1.66765341822443,-6.805263329095848,-96.44917517290033,3.0,0.0,-6.787564120249547,-0.04,0.0,False,0.00508852406645662,0.48224587586450157,0.2544272851920185,0.04252192476461086,4.252192476461086e-06,4.2521924764610866e-06,-0.09645081564775275,0.0,0.288991145215302,5.137609910871419,5.119910702025117,0.288991145215302
374.0,0.0,0.0,-0.5188114013925821,-1.7315543247873424,-6.952710859240774,-103.76228027851641,3.0,0.0,-6.779205852199001,0.06,0.0,False,0.005176246103485364,0.5188114013925821,0.2588134056940051,0.04252192476461086,4.252192476461086e-06,4.2521924764610866e-06,-0.10376404513976195,0.0,-0.06390090656291236,5.221156534453431,5.047651527411659,0.06390090656291236
375.0,0.0,0.0,-0.5163886614700892,-2.871857532193655,-6.88543546225546,-103.27773229401785,3.0,0.0,-6.85587773644713,-0.06,0.0,False,0.004881384869749003,0.5163886614700892,0.24407028131685074,0.04252192476461086,4.252192476461086e-06,4.2521924764610866e-06,-0.10327948891373326,0.0,-1.1403032074063124,4.013577930061805,3.9840202042534756,1.1403032074063124
376.0,0.0,0.0,-0.4005117587223694,-2.4828684689617715,-6.790980411007007,-80.10235174447388,3.0,0.0,-6.895550728687291,0.06,0.0,False,0.004824876244542773,0.4005117587223694,0.24124483804226196,0.04252192476461086,4.252192476461086e-06,4.2521924764610866e-06,-0.0801037141811502,0.0,0.3889890632318833,4.308111942045236,4.4126822597255195,0.3889890632318833
377.0,0.0,0.0,-0.44115573792499163,-1.65541376483275,-6.8793182342062105,-88.23114758499833,3.0,0.0,-6.877060272071703,-0.02,0.0,False,0.004849819380846089,0.44115573792499163,0.2424920001605785,0.04252192476461086,4.252192476461086e-06,4.2521924764610866e-06,-0.0882326482819048,0.0,0.8274547041290214,5.22390446937346,5.221646507238953,0.8274547041290214
378.0,0.0,0.0,-0.5216383769668299,-1.28193608054218,-6.820344239720307,-104.32767539336598,3.0,0.0,-6.894519642167171,0.03,0.0,False,0.004792595007018239,0.5216383769668299,0.2396307693027336,0.04252192476461086,4.252192476461086e-06,4.2521924764610866e-06,-0.10432944987124605,0.0,0.37347768429057004,5.538408159178127,5.612583561624991,0.37347768429057004
379.0,0.0,0.0,-0.5680866627080114,-1.1453718942725306,-7.0401594151104785,-113.6173325416023,3.0,0.0,-6.871908439840142,0.13,0.0,False,0.004837199241790669,0.5680866627080114,0.24186099052464466,0.04252192476461086,4.252192476461086e-06,4.2521924764610866e-06,-0.11361926502445142,0.0,0.1365641862696494,5.894787520837948,5.726536545567612,0.1365641862696494
380.0,0.0,0.0,-0.5871361883423303,-1.1979824818407867,-7.304817708326567,-117.42723766846605,3.0,0.0,-6.962923488313947,0.25,0.0,False,0.004639379079030482,0.5871361883423303,0.2319699403281647,0.04252192476461086,4.252192476461086e-06,4.2521924764610866e-06,-0.11742923495283929,0.0,-0.052610587568256095,6.106835226485781,5.76494100647316,0.052610587568256095
381.0,0.0,0.0,-0.5891962239285596,-0.7898014336384337,-7.195754393582542,-117.83924478571193,3.0,0.0,-7.016858608499964,0.13,0.0,False,0.004663253751363052,0.5891962239285597,0.23316367902077845,0.04252192476461086,4.252192476461086e-06,4.2521924764610866e-06,-0.11784124907778963,0.0,0.408181048202353,6.405952959944108,6.227057174861531,0.408181048202353
382.0,0.0,0.0,-0.6369023082635356,-1.3817370092325163,-7.298624009388476,-127.38046165270711,3.0,0.0,-7.090069989913904,0.21,0.0,False,0.004977936719973824,0.6369023082635356,0.2488978943559447,0.04252192476461086,4.252192476461086e-06,4.2521924764610866e-06,-0.12738262822845706,0.0,-0.5919355755940826,5.91688700015596,5.708332980681388,0.5919355755940826
383.0,0.0,0.0,-0.579089000761931,-2.037755057266213,-7.328473683409972,-115.8178001523862,3.0,0.0,-7.158959927833954,-0.01,0.0,False,0.005030883778558791,0.579089000761931,0.25154525854224713,0.04252192476461086,4.252192476461086e-06,4.2521924764610866e-06,-0.11581977006232344,0.0,-0.6560180480336966,5.290718626143759,5.121204870567741,0.6560180480336966
384.0,0.0,0.0,-0.5220955167860715,-2.924315451080781,-7.36953442131654,-104.4191033572143,3.0,0.0,-7.172750136746433,0.25,0.0,False,0.0049342662040638766,0.5220955167860715,0.24671435927567525,0.04252192476461086,4.252192476461086e-06,4.2521924764610866e-06,-0.10442087939016495,0.0,-0.8865603938145683,4.445218970235759,4.248434685665652,0.8865603938145683
385.0,0.0,0.0,-0.43482439996638106,-3.582716763978123,-7.337336856449133,-86.96487999327621,3.0,0.0,-7.258821227658346,-0.04,0.0,False,0.004988301725085022,0.43482439996638106,0.24941614681520433,0.04252192476461086,4.252192476461086e-06,4.2521924764610866e-06,-0.08696635915262016,0.0,-0.6584013128973418,3.7546200924710096,3.6761044636802227,0.6584013128973418
386.0,0.0,0.0,-0.37655471039550703,-3.583285910912414,-7.5532667315478434,-75.31094207910141,3.0,0.0,-7.272651898596693,0.28,0.0,False,0.005122942875480781,0.37655471039550703,0.25614823296099665,0.04252192476461086,4.252192476461086e-06,4.2521924764610866e-06,-0.07531222302013975,0.0,-0.0005691469342909983,3.9699808206354295,3.689365987684279,0.0005691469342909983
387.0,0.0,0.0,-0.38514269547451024,-3.3724017776328568,-7.530497335218949,-77.02853909490204,3.0,0.0,-7.348343927088516,0.16,0.0,False,0.005006328742437935,0.38514269547451024,0.2503175015155674,0.04252192476461086,4.252192476461086e-06,4.2521924764610866e-06,-0.07702984925002859,0.0,0.21088413327955724,4.158095557586092,3.9759421494556593,0.21088413327955724
388.0,0.0,0.0,-0.41288724175052294,-3.8117492579488097,-7.7426670062029554,-82.57744835010459,3.0,0.0,-7.434794750701116,0.28,0.0,False,0.00491052741004185,0.41288724175052294,0.24552741452747792,0.04252192476461086,4.252192476461086e-06,4.2521924764610866e-06,-0.08257885288495057,0.0,-0.43934748031595294,3.9309177482541457,3.623045492752306,0.43934748031595294
389.0,0.0,0.0,-0.37389239675258146,-3.5721701783135265,-7.608964085199979,-74.77847935051629,3.0,0.0,-7.501361978939232,0.08,0.0,False,0.005128134822885712,0.3738923967525815,0.2564078314351012,0.04252192476461086,4.252192476461086e-06,4.2521924764610866e-06,-0.07477975123505712,0.0,0.23957907963528324,4.0367939068864525,3.9291918006257056,0.23957907963528324
390.0,0.0,0.0,-0.402021011999061,-3.720163392987717,-7.518741247135141,-80.40420239981219,3.0,0.0,-7.550752718596445,-0.13,0.0,False,0.005570182231629361,0.402021011999061,0.2785102958558167,0.04252192476461086,4.252192476461086e-06,4.2521924764610866e-06,-0.08040556997057503,0.0,-0.14799321467419047,3.798577854147424,3.830589325608728,0.14799321467419047
391.0,0.0,0.0,-0.39103973330975017,-3.553950764631582,-7.611627412391417,-78.20794666195003,3.0,0.0,-7.592465771840263,-0.01,0.0,False,0.005513296110555136,0.3910397333097502,0.27566597770756873,0.04252192476461086,4.252192476461086e-06,4.2521924764610866e-06,-0.07820927687726321,0.0,0.16621262835613493,4.057676647759836,4.03851500720868,0.16621262835613493
392.0,0.0,0.0,-0.40828662077626204,-2.4283284387482214,-7.651697717232763,-81.65732415525241,3.0,0.0,-7.630643864895814,0.07,0.0,False,0.005427814879158152,0.40828662077626204,0.2713918979635871,0.04252192476461086,4.252192476461086e-06,4.2521924764610866e-06,-0.08165871303998422,0.0,1.1256223258833606,5.223369278484542,5.202315426147592,1.1256223258833606
393.0,0.0,0.0,-0.5214239753372036,-2.8974050630379016,-7.587018406418894,-104.28479506744073,3.0,0.0,-7.636903778059053,0.0,0.0,False,0.005621062160596524,0.5214239753372035,0.2810543031217375,0.04252192476461086,4.252192476461086e-06,4.2521924764610866e-06,-0.1042865688159823,0.0,-0.4690766242896802,4.689613343380993,4.739498715021151,0.4690766242896802
394.0,0.0,0.0,-0.47427058166753805,-2.7338623407193343,-7.627448618890368,-94.8541163335076,3.0,0.0,-7.6426790518755015,0.03,0.0,False,0.0052866004861088865,0.47427058166753805,0.26433114828758486,0.04252192476461086,4.252192476461086e-06,4.2521924764610866e-06,-0.0948557296784866,0.0,0.16354272231856726,4.893586278171034,4.908816711156167,0.16354272231856726
395.0,0.0,0.0,-0.4893827383496654,-1.9733385788723052,-7.547391913984795,-97.87654766993307,3.0,0.0,-7.640211714203235,0.04,0.0,False,0.005266978607035078,0.4893827383496654,0.2633500501620941,0.04252192476461086,4.252192476461086e-06,4.2521924764610866e-06,-0.09787821242253264,0.0,0.7605237618470291,5.57405333511249,5.666873135330929,0.7605237618470291
396.0,0.0,0.0,-0.5685105349104802,-2.3631459163471815,-7.615400354863393,-113.70210698209604,3.0,0.0,-7.627793771695889,-0.07,0.0,False,0.005324087931610125,0.5685105349104802,0.26620552853283846,0.04252192476461086,4.252192476461086e-06,4.2521924764610866e-06,-0.11370404090684798,0.0,-0.3898073374748763,5.2522544385162115,5.2646478553487075,0.3898073374748763
397.0,0.0,0.0,-0.5334213358493453,-2.801546997803559,-7.747968559174688,-106.68426716986905,3.0,0.0,-7.658564798788067,0.13,0.0,False,0.004868131509262537,0.5334213358493453,0.24340761047473572,0.04252192476461086,4.252192476461086e-06,4.2521924764610866e-06,-0.10668608173030596,0.0,-0.43840108145637746,4.946421561371129,4.857017800984508,0.43840108145637746
398.0,0.0,0.0,-0.4910979420674389,-3.066946089772035,-7.73055194502836,-98.21958841348778,3.0,0.0,-7.697472685350181,-0.06,0.0,False,0.005077209424446608,0.4910979420674389,0.25386155068591615,0.04252192476461086,4.252192476461086e-06,4.2521924764610866e-06,-0.09822125900076362,0.0,-0.2653990919684759,4.663605855256325,4.6305265955781465,0.2653990919684759
399.0,0.0,0.0,-0.46887197764804633,-3.3090397794765454,-7.721832064262433,-93.77439552960927,3.0,0.0,-7.712630830626666,-0.02,0.0,False,0.004841507709879361,0.4688719776480464,0.24207641484510098,0.04252192476461086,4.252192476461086e-06,4.2521924764610866e-06,-0.09377599050994365,0.0,-0.2420936897045105,4.412792284785887,4.403591051150121,0.2420936897045105
