t,mean_abs_delta_real,mean_abs_delta_planning,mean_action,price,v_true,total_demand,mean_k,xs_k_std,mean_belief,mean_correctness,mean_salience,regime_post,xs_action_std,xs_action_mean_abs,xs_belief_std,xs_sigma_mean,xs_rho_mean,xs_rho_max,mean_myopic_term,mean_hedging_term,ret,mispricing_true,mispricing_belief,vol_proxy
0.0,0.0,0.0,0.014785185220777562,0.4463114999845307,0.09940753444260594,2.9570370441555123,1.0,0.0,0.0,-0.7,0.0,False,0.010296359855415119,0.015430919070459192,0.5148383528919761,0.39548192771084345,3.954819277108434e-05,3.954819277108435e-05,0.002957504807540529,0.0,0.0,0.3469039655419247,0.4463114999845307,0.0
1.0,0.0,0.0,-0.02103348155369565,0.13878847921924448,0.27834385837654085,-4.20669631073913,1.0,0.0,0.14788108857553894,0.18,0.0,False,0.008930485283736385,0.021113220669645685,0.4465354142960279,0.24970892072370304,2.4970892072370302e-05,2.4970892072370302e-05,-0.004207116480085354,0.0,-0.3075230207652862,-0.13955537915729638,-0.009092609356294468,0.3075230207652862
2.0,0.0,0.0,0.015569868350309718,-0.7038142035228936,0.30468790329784434,3.1139736700619434,1.0,0.0,0.235950423207685,0.13,0.0,False,0.007818202832143873,0.015663987100367052,0.3909173955597087,0.1855657283607953,1.8556572836079535e-05,1.8556572836079532e-05,0.0031142048044897515,0.0,-0.842602682742138,-1.008502106820738,-0.9397646267305786,0.842602682742138
3.0,0.0,0.0,0.09078309851789536,-1.3719581957675588,-0.04254905558907829,18.15661970357907,1.0,0.0,0.2945016088921461,0.21,0.0,False,0.0072413729314220925,0.09078309851789537,0.3620740897129604,0.15033452654348473,1.5033452654348474e-05,1.503345265434847e-05,0.018157711513896092,0.0,-0.6681439922446653,-1.3294091401784804,-1.666459804659705,0.6681439922446653
4.0,0.0,0.0,0.15651333643960888,-2.1463958667206002,0.05362710231507466,31.30266728792178,1.0,0.0,0.20408502082672858,0.13,0.0,False,0.006742416677630253,0.15651333643960888,0.3371251696058199,0.12861039341098898,1.28610393410989e-05,1.2861039341098898e-05,0.03130427760655326,0.0,-0.7744376709530414,-2.200022969035675,-2.3504808875473286,0.7744376709530414
5.0,0.0,0.0,0.23131624005770732,-2.1021625424430876,0.24232018227786822,46.263248011541464,1.0,0.0,0.19327581483739603,0.19,0.0,False,0.006256742854311624,0.23131624005770732,0.3128407168013225,0.11424748706068398,1.1424748706068395e-05,1.1424748706068397e-05,0.04626536217131913,0.0,0.04423332427751259,-2.344482724720956,-2.2954383572804837,0.04423332427751259
6.0,0.0,0.0,0.22929246755842356,-1.0511034207170251,0.32789663561591165,45.85849351168471,1.0,0.0,0.16689867035218633,0.0,0.0,False,0.006267905933140423,0.22929246755842356,0.3133985656473849,0.10430885206491432,1.0430885206491433e-05,1.0430885206491434e-05,0.04586040687045293,0.0,1.0510591217260625,-1.3790000563329368,-1.2180020910692115,1.0510591217260625
7.0,0.0,0.0,0.12455041787915715,-0.5403742324856882,0.2572372438950541,24.91008357583143,1.0,0.0,0.19088171931153833,0.04,0.0,False,0.00561935354041735,0.12455041787915715,0.2809704083918508,0.09721299660661761,9.721299660661762e-06,9.721299660661762e-06,0.024911052199963188,0.0,0.510729188231337,-0.7976114763807423,-0.7312559517972265,0.510729188231337
8.0,0.0,0.0,0.07705474832069115,-0.48280605200459403,0.3092264803332758,15.41094966413823,1.0,0.0,0.19446129767129905,0.11,0.0,False,0.005228062178460036,0.07705474832069115,0.2614055146895418,0.09203282049648383,9.20328204964838e-06,9.203282049648383e-06,0.015411516984182668,0.0,0.05756818048109413,-0.7920325323378699,-0.6772673496758931,0.05756818048109413
9.0,0.0,0.0,0.0765204279371874,0.06669826597435025,0.3911271548370808,15.30408558743748,1.0,0.0,0.23020870855032613,0.16,0.0,False,0.0050442651663738375,0.0765204279371874,0.25221548257262305,0.08818941343401722,8.818941343401728e-06,8.818941343401726e-06,0.01530462544600893,0.0,0.5495043179789443,-0.3244288888627306,-0.16351044257597588,0.5495043179789443
10.0,0.0,0.0,0.025596666428451417,-1.4457404921357093,0.33476238127173913,5.119333285690283,1.0,0.0,0.28243196882555716,0.2,0.0,False,0.004627648440859661,0.025596666428451417,0.23138439581426734,0.08530342395407306,8.530342395407304e-06,8.530342395407304e-06,0.0051195079628632775,0.0,-1.5124387581100596,-1.7805028734074484,-1.7281724609612665,1.5124387581100596
11.0,0.0,0.0,0.1763794471707585,-1.2287225059346687,0.2347296023029672,35.2758894341517,1.0,0.0,0.322675847675305,-0.02,0.0,False,0.004518629772379852,0.17637944717075854,0.22593336648892298,0.08311678650488098,8.311678650488098e-06,8.311678650488098e-06,0.035277062231832114,0.0,0.21701798620104062,-1.463452108237636,-1.5513983536099736,0.21701798620104062
12.0,0.0,0.0,0.15296740444568868,-1.633087510537993,0.03881524071915002,30.593480889137737,1.0,0.0,0.3181272800361466,0.07,0.0,False,0.004508768985139784,0.15296740444568868,0.22544028542430697,0.08144872021105272,8.144872021105273e-06,8.144872021105272e-06,0.03059447760096574,0.0,-0.40436500460332425,-1.671902751257143,-1.9512147905741395,0.40436500460332425
13.0,0.0,0.0,0.19354548318032933,-0.8304158583725889,0.15987474785007838,38.709096636065865,1.0,0.0,0.3010138335188489,0.01,0.0,False,0.004358501343823725,0.19354548318032933,0.21792681428834482,0.0801696280765907,8.016962807659075e-06,8.016962807659074e-06,0.03871033794366653,0.0,0.802671652165404,-0.9902906062226673,-1.1314296918914377,0.802671652165404
14.0,0.0,0.0,0.112653796027301,-1.4662143241620902,-0.05479260256365279,22.5307592054602,1.0,0.0,0.3024449036123118,0.05,0.0,False,0.004330564549233994,0.112653796027301,0.21652994203831138,0.07918490036140627,7.918490036140629e-06,7.918490036140629e-06,0.0225314728381784,0.0,-0.6357984657895013,-1.4114217215984375,-1.768659227774402,0.6357984657895013
15.0,0.0,0.0,0.1742383272166699,-1.737218617112868,0.061605420743616635,34.84766544333398,1.0,0.0,0.29616670429848935,0.12,0.0,False,0.00416488336872779,0.1742383272166699,0.2082458015802771,0.07842447161267904,7.842447161267904e-06,7.842447161267904e-06,0.03484875859866072,0.0,-0.2710042929507779,-1.7988240378564848,-2.0333853214113575,0.2710042929507779
16.0,0.0,0.0,0.20245506849654427,-2.575395588782158,0.060255413373820996,40.49101369930885,1.0,0.0,0.27623727074834276,-0.06,0.0,False,0.004072841262546338,0.20245506849654427,0.20364364819290443,0.07783586373121831,7.78358637312183e-06,7.783586373121831e-06,0.04049227435070632,0.0,-0.83817697166929,-2.635651002155979,-2.851632859530501,0.83817697166929
17.0,0.0,0.0,0.2837966516450479,-2.9734596082678473,0.0630322836962593,56.75933032900958,1.0,0.0,0.28741085917819104,0.1,0.0,False,0.004019669486275844,0.2837966516450479,0.2009850295122658,0.07737942031791788,7.73794203179179e-06,7.737942031791787e-06,0.05676108711704703,0.0,-0.39806401948568926,-3.0364918919641064,-3.2608704674460385,0.39806401948568926
18.0,0.0,0.0,0.32296435538473967,-2.9895853700880237,0.15930500535142628,64.59287107694793,1.0,0.0,0.26268072777028173,0.02,0.0,False,0.004117271873978698,0.3229643553847397,0.2058651793625215,0.07702496386752834,7.702496386752833e-06,7.702496386752835e-06,0.06459486116704356,0.0,-0.016125761820176443,-3.14889037543945,-3.2522660978583056,0.016125761820176443
19.0,0.0,0.0,0.3222693696123081,-2.712199410496915,0.05305739822762938,64.45387392246163,1.0,0.0,0.2563083271685676,0.19,0.0,False,0.003935320021781224,0.3222693696123081,0.19676751125638722,0.07674940373398333,7.674940373398337e-06,7.674940373398335e-06,0.06445585262583196,0.0,0.27738595959110857,-2.7652568087245446,-2.9685077376654827,0.27738595959110857
20.0,0.0,0.0,0.29611563480414066,-2.1172940173927373,0.24402880295257312,59.22312696082813,1.0,0.0,0.23323199594485583,-0.08,0.0,False,0.004069704586434637,0.2961156348041407,0.20348678669584647,0.07653499567330325,7.653499567330326e-06,7.653499567330328e-06,0.05922494000365829,0.0,0.5949053931041779,-2.3613228203453103,-2.350526013337593,0.5949053931041779
21.0,0.0,0.0,0.23590795398996775,-2.6339357368074325,0.08793633335559528,47.18159079799355,1.0,0.0,0.2490702535886346,0.08,0.0,False,0.003987908319496217,0.23590795398996775,0.19939693871887798,0.07636805789007794,7.636805789007794e-06,7.636805789007795e-06,0.047183032053569926,0.0,-0.5166417194146953,-2.7218720701630277,-2.883005990396067,0.5166417194146953
22.0,0.0,0.0,0.286178976569288,-2.276207989093436,0.023605326484434516,57.235795313857594,1.0,0.0,0.2418756016683755,0.09,0.0,False,0.004021118779450727,0.286178976569288,0.20105747178306677,0.07623801307922962,7.623801307922961e-06,7.623801307922962e-06,0.05723754071787569,0.0,0.3577277477139966,-2.2998133155778704,-2.5180835907618113,0.3577277477139966
23.0,0.0,0.0,0.24679017072307527,-2.4427572146983616,-0.13602125922877095,49.358034144615054,1.0,0.0,0.2279631174682414,0.29,0.0,False,0.004044189534841459,0.24679017072307524,0.20221101629763433,0.07613666709092755,7.613666709092755e-06,7.613666709092754e-06,0.049359537315655955,0.0,-0.1665492256049257,-2.3067359554695908,-2.670720332166603,0.1665492256049257
24.0,0.0,0.0,0.2599518468795296,-2.4487623929594764,-0.19232112286328967,51.99036937590592,1.0,0.0,0.19178766704266326,0.25,0.0,False,0.004083140847772881,0.25995184687952966,0.2041585951593709,0.07605766172517958,7.605766172517959e-06,7.605766172517959e-06,0.05199195107024666,0.0,-0.006005178261114796,-2.256441270096187,-2.6405500600021394,0.006005178261114796
25.0,0.0,0.0,0.2569310641776145,-1.8221607140941845,-0.2873526095102832,51.386212835522905,1.0,0.0,0.15686011074510545,0.28,0.0,False,0.0038466918028840823,0.2569310641776145,0.19233605181125443,0.07599605714348504,7.599605714348504e-06,7.599605714348505e-06,0.05138777488347873,0.0,0.6266016788652919,-1.5348081045839013,-1.97902082483929,0.6266016788652919
26.0,0.0,0.0,0.1908347962785123,-1.8109195988814462,-0.13812984491352595,38.16695925570246,1.0,0.0,0.12064587755584273,0.15,0.0,False,0.003936290292899137,0.19083479627851227,0.19681600941206243,0.07594801167850262,7.594801167850264e-06,7.594801167850261e-06,0.03816811872876338,0.0,0.011241115212738295,-1.6727897539679202,-1.931565476437289,0.011241115212738295
27.0,0.0,0.0,0.1916336841860308,-3.33104284581954,-0.10721306203862271,38.32673683720616,1.0,0.0,0.08625971630761892,-0.25,0.0,False,0.004057555804661068,0.19163368418603086,0.2028793302892211,0.07591053539720918,7.591053539720918e-06,7.59105353972092e-06,0.03832790058961738,0.0,-1.5201232469380936,-3.223829783780917,-3.417302562127159,1.5201232469380936
28.0,0.0,0.0,0.3447550499838943,-2.607476621549772,0.01548514176035283,68.95100999677885,1.0,0.0,0.10548997805669465,-0.12,0.0,False,0.004158234664401809,0.3447550499838943,0.20791331088134765,0.07588129986214319,7.588129986214318e-06,7.588129986214319e-06,0.06895310281780435,0.0,0.723566224269768,-2.6229617633101245,-2.7129665996064665,0.723566224269768
29.0,0.0,0.0,0.27332797626937133,-3.5532112863763277,0.07597353520032248,54.665595253874265,1.0,0.0,0.116638456326034,0.03,0.0,False,0.004104976090045036,0.2733279762693714,0.20525036148870932,0.07585849092897277,7.585849092897274e-06,7.5858490928972765e-06,0.054667253981116076,0.0,-0.9457346648265559,-3.6291848215766502,-3.6698497427023615,0.9457346648265559
30.0,0.0,0.0,0.36939143635053406,-3.553805500397301,0.09746086067926579,73.87828727010681,1.0,0.0,0.12590681238298349,-0.07,0.0,False,0.004099747189190497,0.36939143635053406,0.20498891409789807,0.0758406946332553,7.58406946332553e-06,7.5840694633255315e-06,0.07388052844535953,0.0,-0.0005942140209733715,-3.651266361076567,-3.6797123127802847,0.0005942140209733715
31.0,0.0,0.0,0.37361098780859725,-3.521054290459797,0.3031666163422025,74.72219756171945,1.0,0.0,0.14084315164463504,0.23,0.0,False,0.0038216069948248063,0.37361098780859736,0.19108179864255115,0.07582680859941437,7.582680859941435e-06,7.582680859941435e-06,0.07472446392284342,0.0,0.03275120993750402,-3.8242209068019997,-3.661897442104432,0.03275120993750402
32.0,0.0,0.0,0.3753228484961671,-2.9833033479850384,0.45845004368419473,75.06456969923342,1.0,0.0,0.18244602633298698,0.28,0.0,False,0.0036945696168440927,0.37532284849616715,0.18472988137915955,0.07581597318505708,7.58159731850571e-06,7.581597318505709e-06,0.07506684611933588,0.0,0.5377509424747586,-3.4417533916692333,-3.1657493743180254,0.5377509424747586
33.0,0.0,0.0,0.3268822183677994,-2.7915457436286295,0.5114665864907542,65.37644367355988,1.0,0.0,0.23231647183695933,0.29,0.0,False,0.0036396982444012625,0.3268822183677994,0.1819862918025125,0.07580751791624726,7.580751791624726e-06,7.580751791624725e-06,0.06537842606890183,0.0,0.19175760435640887,-3.3030123301193837,-3.0238622154655888,0.19175760435640887
34.0,0.0,0.0,0.31308278444224674,-1.6289189193813778,0.559468471876492,62.61655688844935,1.0,0.0,0.28564273634108167,0.36,0.0,False,0.0037975018372500453,0.31308278444224674,0.18987653113316313,0.07580091978879354,7.580091978879353e-06,7.580091978879353e-06,0.06261845543110069,0.0,1.1626268242472517,-2.1883873912578697,-1.9145616557224594,1.1626268242472517
35.0,0.0,0.0,0.20177186690530377,-1.3901615888176102,0.6363658180735132,40.35437338106075,1.0,0.0,0.3394007606089924,0.34,0.0,False,0.0037210019149603595,0.20177186690530377,0.1860515059290592,0.07579577078909383,7.579577078909383e-06,7.579577078909382e-06,0.04035559684812142,0.0,0.23875733056376758,-2.026527406891123,-1.7295623494266026,0.23875733056376758
36.0,0.0,0.0,0.18414991225627642,-1.3731521262986668,0.8062803639317705,36.82998245125528,1.0,0.0,0.3888762169425369,0.54,0.0,False,0.0036474234532143587,0.1841499122562764,0.18237255488379758,0.0757917525852373,7.579175258523732e-06,7.579175258523731e-06,0.036831099006359766,0.0,0.01700946251894342,-2.1794324902304374,-1.7620283432412036,0.01700946251894342
37.0,0.0,0.0,0.18671381624296665,-1.7986095286408827,0.825380220010872,37.34276324859333,1.0,0.0,0.45140731896809444,0.36,0.0,False,0.0038449590230298244,0.18671381624296665,0.19224940817212124,0.07578861679880576,7.578861679880579e-06,7.578861679880576e-06,0.037343895302563254,0.0,-0.42545740234221596,-2.6239897486517547,-2.2500168476089772,0.42545740234221596
38.0,0.0,0.0,0.2378498829607026,-0.5575058326332156,0.8490100382315472,47.56997659214052,1.0,0.0,0.49405679004035,0.61,0.0,False,0.0038676277013333206,0.2378498829607026,0.19338285063011112,0.07578616962277836,7.578616962277834e-06,7.5786169622778345e-06,0.047571418639737795,0.0,1.2411036960076671,-1.4065158708647627,-1.0515626226735657,1.2411036960076671
39.0,0.0,0.0,0.11705382958109756,-1.1237431610139894,0.875235164479385,23.41076591621951,1.0,0.0,0.579979429624018,0.23,0.0,False,0.0038958420225204287,0.11705382958109756,0.1947935773435418,0.07578425982564119,7.5784259825641195e-06,7.5784259825641195e-06,0.023411475577868154,0.0,-0.5662373283807738,-1.9989783254933744,-1.7037225906380074,0.5662373283807738
40.0,0.0,0.0,0.1804088263643281,-1.304804937156717,0.8692372722942209,36.08176527286562,1.0,0.0,0.6130768173669323,0.4,0.0,False,0.004049813579134759,0.18040882636432806,0.20249221348718074,0.07578276939476822,7.578276939476819e-06,7.5782769394768205e-06,0.03608285901501575,0.0,-0.18106177614272756,-2.174042209450938,-1.9178817545236493,0.18106177614272756
41.0,0.0,0.0,0.20287886980284178,-1.3465962883160705,1.0074487378232155,40.575773960568355,1.0,0.0,0.6804134620317173,0.3,0.0,False,0.004222452815337099,0.20287886980284178,0.211124240688138,0.07578160623748331,7.5781606237483355e-06,7.578160623748335e-06,0.04057700391017761,0.0,-0.04179135115935351,-2.354045026139286,-2.027009750347788,0.04179135115935351
42.0,0.0,0.0,0.21312123624501894,-1.5005438520798897,1.018578855122804,42.62424724900379,1.0,0.0,0.7240606333048265,0.5,0.0,False,0.0038999138999735203,0.21312123624501894,0.1949971726896729,0.07578069848672941,7.578069848672939e-06,7.578069848672941e-06,0.04262553927730431,0.0,-0.15394756376381924,-2.519122707202694,-2.2246044853847162,0.15394756376381924
43.0,0.0,0.0,0.23414637652746065,-1.4979376358845045,0.9986455639065793,46.82927530549213,1.0,0.0,0.7846968265148442,0.28,0.0,False,0.003971415079130773,0.23414637652746065,0.19857225872551473,0.07577999005824664,7.5779990058246634e-06,7.577999005824663e-06,0.046830694783542154,0.0,0.002606216195385258,-2.496583199791084,-2.282634462399349,0.002606216195385258
44.0,0.0,0.0,0.23441133365918307,-0.5677877022208629,0.94546543314422,46.882266731836616,1.0,0.0,0.8410086312451439,-0.06,0.0,False,0.004168020508670733,0.23441133365918304,0.20840260468477823,0.07577943718399627,7.577943718399631e-06,7.577943718399629e-06,0.0468836878057825,0.0,0.9301499336636415,-1.5132531353650829,-1.408796333466007,0.9301499336636415
45.0,0.0,0.0,0.1465695725060283,-0.7242876667706247,0.9921649567012009,29.313914501205662,1.0,0.0,0.8462645185019951,0.22,0.0,False,0.004187974716568688,0.1465695725060283,0.20940032263123418,0.07577900570718792,7.5779005707187905e-06,7.577900570718793e-06,0.029314803046190066,0.0,-0.15649996454976178,-1.7164526234718256,-1.5705521852726199,0.15649996454976178
46.0,0.0,0.0,0.16498435239463402,-1.1617233580202988,1.0345676488332347,32.9968704789268,1.0,0.0,0.8979635573217771,0.09,0.0,False,0.004103135857364753,0.16498435239463402,0.20515834751910705,0.07577866897151055,7.577866897151055e-06,7.577866897151055e-06,0.03299787065491764,0.0,-0.4374356912496741,-2.1962910068535333,-2.059686915342076,0.4374356912496741
47.0,0.0,0.0,0.21305716878900813,-0.7795592808446032,1.2343275367557711,42.61143375780163,1.0,0.0,0.9256183686488428,0.29,0.0,False,0.00390528465173579,0.21305716878900813,0.19526571226802236,0.07577840617399134,7.577840617399135e-06,7.577840617399136e-06,0.04261272535862803,0.0,0.38216407717569556,-2.0138868176003744,-1.705177649493446,0.38216407717569556
48.0,0.0,0.0,0.18101925003591282,-1.1269655985490639,1.3974218583823597,36.20385000718257,1.0,0.0,0.9689290555331547,0.49,0.0,False,0.0040822864591653655,0.18101925003591282,0.20411586969988907,0.07577820107961909,7.5778201079619125e-06,7.577820107961911e-06,0.03620494738391709,0.0,-0.3474063177044606,-2.5243874569314233,-2.0958946540822185,0.3474063177044606
49.0,0.0,0.0,0.21911987137448427,-1.4069001833045067,1.1772998313216856,43.823974274896855,1.0,0.0,1.0307018060801656,0.19,0.0,False,0.004238559843120142,0.21911987137448427,0.2119295981048153,0.07577804101825933,7.577804101825934e-06,7.577804101825932e-06,0.04382530262279894,0.0,-0.27993458475544286,-2.5842000146261923,-2.4376019893846723,0.27993458475544286
50.0,0.0,0.0,0.25059857172137107,-1.6910825370837017,1.2387051832995875,50.119714344274215,1.0,0.0,1.064316137568782,0.32,0.0,False,0.003982849319456347,0.25059857172137107,0.19914397503292527,0.07577791610185457,7.577791610185456e-06,7.577791610185456e-06,0.05012123351976564,0.0,-0.284182353779195,-2.929787720383289,-2.7553986746524837,0.284182353779195
51.0,0.0,0.0,0.28369099574515755,-2.012957575527947,1.279663326579841,56.73819914903151,1.0,0.0,1.0991804830969183,0.15,0.0,False,0.004079532138257068,0.2836909957451576,0.20397815260308547,0.07577781861352735,7.577781861352734e-06,7.577781861352734e-06,0.05673991893478478,0.0,-0.3218750384442455,-3.292620902107788,-3.1121380586248657,0.3218750384442455
52.0,0.0,0.0,0.3201306398523871,-1.9759890290253885,1.3734852130299453,64.02612797047742,1.0,0.0,1.1459349077919632,0.27,0.0,False,0.00397347880283262,0.32013063985238716,0.19867544564789932,0.07577774253083158,7.577774253083158e-06,7.5777742530831585e-06,0.06402806865794755,0.0,0.03696854650255865,-3.349474242055334,-3.1219239368173515,0.03696854650255865
53.0,0.0,0.0,0.32107309272460227,-1.720891814727499,1.3554004458097662,64.21461854492046,1.0,0.0,1.1884701168819374,0.27,0.0,False,0.0037810852291001403,0.32107309272460227,0.18905569406439934,0.07577768315369257,7.5777683153692564e-06,7.5777683153692564e-06,0.06421656494417821,0.0,0.25509721429788956,-3.076292260537265,-2.9093619316094363,0.25509721429788956
54.0,0.0,0.0,0.29821550199870117,-2.129103857928921,1.4115262136270224,59.643100399740234,1.0,0.0,1.2348635490960793,0.13,0.0,False,0.003679459904020943,0.29821550199870117,0.18397438930492863,0.07577763681404524,7.5777636814045205e-06,7.577763681404523e-06,0.05964490823132117,0.0,-0.408212043201422,-3.5406300715559436,-3.363967407025,0.408212043201422
55.0,0.0,0.0,0.3441975396793698,-1.2220539758652067,1.5486766239571423,68.83950793587395,1.0,0.0,1.2613761955895282,0.4,0.0,False,0.0037643375514683063,0.34419753967936983,0.18821830383575375,0.07577760064923067,7.577760064923067e-06,7.577760064923067e-06,0.06884159451715882,0.0,0.9070498820637143,-2.770730599822349,-2.483430171454735,0.9070498820637143
56.0,0.0,0.0,0.259859205897875,-0.8356296128388327,1.62605009913436,51.971841179574994,1.0,0.0,1.3130019511833075,0.46,0.0,False,0.0037815504744371673,0.259859205897875,0.18907895650543316,0.0757775724251497,7.577757242514966e-06,7.577757242514968e-06,0.05197341648762133,0.0,0.38642436302637395,-2.4616797119731926,-2.14863156402214,0.38642436302637395
57.0,0.0,0.0,0.22765327145758663,-0.6556568414231982,1.7472959533345254,45.53065429151732,1.0,0.0,1.37663654061252,0.41,0.0,False,0.0038473278299280527,0.22765327145758663,0.1923678492017953,0.07577755039824796,7.577755039824795e-06,7.577755039824794e-06,0.0455320343616396,0.0,0.1799727714156345,-2.4029527947577236,-2.0322933820357183,0.1799727714156345
58.0,0.0,0.0,0.21698528829326158,-0.5115263212997629,1.9326593451458611,43.397057658652315,1.0,0.0,1.4409893567732903,0.5,0.0,False,0.003479669258348029,0.21698528829326158,0.17398478132116527,0.07577753320780568,7.577753320780569e-06,7.57775332078057e-06,0.04339837305747565,0.0,0.1441305201234353,-2.444185666445624,-1.9525156780730533,0.1441305201234353
59.0,0.0,0.0,0.20955918771139617,-0.9382924692568304,1.9663186963629464,41.91183754227924,1.0,0.0,1.514278254558862,0.53,0.0,False,0.0036143295788887402,0.20955918771139623,0.180717848369093,0.07577751979187808,7.577751979187806e-06,7.577751979187805e-06,0.041913107922692164,0.0,-0.42676614795706747,-2.9046111656197766,-2.4525707238156924,0.42676614795706747
60.0,0.0,0.0,0.2571617209581373,-1.2099783517298193,1.890966193418228,51.43234419162745,1.0,0.0,1.584144955191671,0.33,0.0,False,0.0036033876006853613,0.2571617209581373,0.1801707453129555,0.07577750932169237,7.577750932169239e-06,7.577750932169238e-06,0.05143390314579062,0.0,-0.27168588247298886,-3.1009445451480473,-2.7941233069214904,0.27168588247298886
61.0,0.0,0.0,0.28906184980183613,-0.2599661185103138,1.7559299966790882,57.81236996036723,1.0,0.0,1.6334221756980754,0.17,0.0,False,0.0036340361251305828,0.28906184980183613,0.1817031831474124,0.07577750115045034,7.577750115045038e-06,7.577750115045036e-06,0.057814122297860884,0.0,0.9500122332195055,-2.015896115189402,-1.893388294208389,0.9500122332195055
62.0,0.0,0.0,0.19740991122357932,-1.0775073203545156,1.7573954893700827,39.481982244715866,1.0,0.0,1.6807496682118193,0.01,0.0,False,0.0038222545389028488,0.19740991122357932,0.19111417514950915,0.0757774947733717,7.577749477337168e-06,7.577749477337169e-06,0.0394831789739286,0.0,-0.8175412018442018,-2.834902809724598,-2.758256988566335,0.8175412018442018
63.0,0.0,0.0,0.28171416523663284,-1.292575831223099,1.665274866097256,56.342833047326565,1.0,0.0,1.7142077898680574,-0.15,0.0,False,0.003984150164637657,0.28171416523663284,0.19920901777637506,0.075777489796511,7.577748979651099e-06,7.5777489796511e-06,0.05634454084176786,0.0,-0.21506851086858347,-2.957850697320355,-3.0067836210911567,0.21506851086858347
64.0,0.0,0.0,0.30486134526349834,-1.3144534830666876,1.814847585222383,60.972269052699666,1.0,0.0,1.7397410699732212,-0.02,0.0,False,0.004278728162658015,0.30486134526349834,0.21393802928921615,0.07577748591242173,7.577748591242176e-06,7.577748591242176e-06,0.06097411716879877,0.0,-0.021877651843588586,-3.1293010682890707,-3.054194553039909,0.021877651843588586
65.0,0.0,0.0,0.31052981348575803,-1.2980420780847055,1.8373581999957025,62.105962697151604,1.0,0.0,1.7561531295433632,0.04,0.0,False,0.00420792857912904,0.31052981348575803,0.21039802328763124,0.07577748288116361,7.577748288116364e-06,7.577748288116362e-06,0.062107845176296694,0.0,0.016411404981982125,-3.135400278080408,-3.0541952076280685,0.016411404981982125
66.0,0.0,0.0,0.31229270859930397,-0.8291276367269469,1.755024997376294,62.45854171986079,1.0,0.0,1.7909623076290202,0.06,0.0,False,0.00409948576458565,0.31229270859930397,0.20497584147279582,0.07577748051548007,7.577748051548008e-06,7.5777480515480085e-06,0.06246043488588612,0.0,0.4689144413577586,-2.5841526341032406,-2.620089944355967,0.4689144413577586
67.0,0.0,0.0,0.26717094109394585,-1.1288487511775294,1.739667965521171,53.43418821878917,1.0,0.0,1.8250033316815375,-0.15,0.0,False,0.003937425488216667,0.26717094109394585,0.19687276625171315,0.07577747866923067,7.577747866923064e-06,7.577747866923065e-06,0.05343580784973919,0.0,-0.29972111445058247,-2.8685167166987005,-2.9538520828590666,0.29972111445058247
68.0,0.0,0.0,0.2986851656286281,-0.9063179212164647,1.8122116887524837,59.737033125725624,1.0,0.0,1.8426830019139602,-0.01,0.0,False,0.003940316232099536,0.2986851656286281,0.19701730454109445,0.07577747722836292,7.5777477228362955e-06,7.5777477228362955e-06,0.059738843800671744,0.0,0.22253082996106466,-2.7185296099689484,-2.749000923130425,0.22253082996106466
69.0,0.0,0.0,0.27671372008233686,-1.0008794929119755,1.6477469195973367,55.34274401646737,1.0,0.0,1.858116073150436,0.07,0.0,False,0.0038961311486669504,0.27671372008233686,0.19480803362827265,0.07577747610386716,7.577747610386715e-06,7.5777476103867154e-06,0.05534442149714069,0.0,-0.09456157169551083,-2.648626412509312,-2.8589955660624113,0.09456157169551083
70.0,0.0,0.0,0.28430449569932353,-0.40105073469308994,1.595178860100336,56.860899139864706,1.0,0.0,1.860924122943457,0.08,0.0,False,0.004044074444187985,0.28430449569932353,0.20220525445815418,0.07577747522627731,7.577747522627736e-06,7.577747522627733e-06,0.05686262263695481,0.0,0.5998287582188856,-1.996229594793426,-2.261974857636547,0.5998287582188856
71.0,0.0,0.0,0.22294912357297675,-0.3431207754451078,1.5269749731992568,44.58982471459535,1.0,0.0,1.8422731834656556,0.03,0.0,False,0.0042098924928529015,0.22294912357297675,0.21049621971775098,0.07577747454138026,7.577747454138024e-06,7.577747454138025e-06,0.044591176266076504,0.0,0.057929959247982166,-1.8700957486443646,-2.1853939589107636,0.057929959247982166
72.0,0.0,0.0,0.21586492754991823,-0.17898746199120263,1.4918767267696107,43.17298550998365,1.0,0.0,1.8285249736443567,0.16,0.0,False,0.004193783453239664,0.21586492754991823,0.2096907616335663,0.0757774740068663,7.577747400686627e-06,7.577747400686627e-06,0.04317429411598226,0.0,0.16413331345390514,-1.6708641887608133,-2.0075124356355594,0.16413331345390514
73.0,0.0,0.0,0.19927775657704838,0.19134707661314876,1.6258263947802984,39.85555131540968,1.0,0.0,1.8156102885487555,-0.02,0.0,False,0.004257452755174561,0.19927775657704835,0.2128742508537966,0.07577747358971576,7.577747358971578e-06,7.577747358971577e-06,0.03985675936745022,0.0,0.3703345386043514,-1.4344793181671496,-1.6242632119356069,0.3703345386043514
74.0,0.0,0.0,0.16109699072943795,-0.35659588443979917,1.634172140161513,32.21939814588759,1.0,0.0,1.81386560760396,0.13,0.0,False,0.004201095811895772,0.16109699072943795,0.21005638233691643,0.07577747326415916,7.577747326415918e-06,7.5777473264159154e-06,0.03222037474031984,0.0,-0.5479429610529479,-1.9907680246013122,-2.170461492043759,0.5479429610529479
75.0,0.0,0.0,0.21876447521605438,-0.04588577061990823,1.8271741656721936,43.75289504321088,1.0,0.0,1.8023780215220682,0.04,0.0,False,0.004107198534887993,0.21876447521605438,0.20536148291003026,0.07577747301008513,7.577747301008512e-06,7.577747301008514e-06,0.04375422122669068,0.0,0.31071011381989094,-1.8730599362921019,-1.8482637921419764,0.31071011381989094
76.0,0.0,0.0,0.1872592662003104,-0.2667741645126825,1.780062948567632,37.45185324006208,1.0,0.0,1.831131754816325,0.05,0.0,False,0.004129517103117955,0.1872592662003104,0.20647741977774786,0.07577747281179825,7.577747281179824e-06,7.577747281179825e-06,0.03745298843417611,0.0,-0.22088839389277426,-2.0468371130803145,-2.0979059193290075,0.22088839389277426
77.0,0.0,0.0,0.21162610919056493,0.2127393411474815,1.8436953535191072,42.32522183811299,1.0,0.0,1.8267778415529614,0.05,0.0,False,0.004171448188826418,0.21162610919056493,0.20857398995032628,0.07577747265704927,7.577747265704929e-06,7.577747265704929e-06,0.04232650474772762,0.0,0.479513505660164,-1.6309560123716258,-1.61403850040548,0.479513505660164
78.0,0.0,0.0,0.16440083484203666,0.14010906749521973,1.8344965087812335,32.88016696840733,1.0,0.0,1.8495671098514794,0.04,0.0,False,0.0040880927714902985,0.16440083484203666,0.2044061875012035,0.07577747253627864,7.577747253627861e-06,7.577747253627862e-06,0.03288116359123496,0.0,-0.07263027365226177,-1.6943874412860138,-1.7094580423562598,0.07263027365226177
79.0,0.0,0.0,0.17289399434254948,0.11351005246703824,1.774780442608028,34.5787988685099,1.0,0.0,1.8568099789665846,-0.08,0.0,False,0.004064147604205872,0.17289399434254948,0.20320892006445904,0.07577747244202561,7.577747244202561e-06,7.577747244202561e-06,0.034579846978158905,0.0,-0.02659901502818149,-1.6612703901409898,-1.7432999264995463,0.02659901502818149
80.0,0.0,0.0,0.1771311676853427,0.6871694419825072,1.7134593955789055,35.42623353706854,1.0,0.0,1.869114518270172,-0.02,0.0,False,0.004105828065327916,0.1771311676853427,0.2052929589127596,0.07577747236846775,7.577747236846778e-06,7.577747236846776e-06,0.03542730733310476,0.0,0.5736593895154689,-1.0262899535963983,-1.1819450762876649,0.5736593895154689
81.0,0.0,0.0,0.11694105912616157,0.19917196930009573,1.614375092406068,23.388211825232315,1.0,0.0,1.8848888420812886,0.24,0.0,False,0.003968052456638219,0.11694105912616157,0.19840412627683676,0.07577747231106102,7.577747231106104e-06,7.577747231106103e-06,0.023388920739689928,0.0,-0.48799747268241145,-1.4152031231059723,-1.6857168727811929,0.48799747268241145
82.0,0.0,0.0,0.16305778855310307,0.008155014839199365,1.483554557648861,32.611557710620616,1.0,0.0,1.8566243407334722,0.11,0.0,False,0.003906399206584122,0.16305778855310307,0.19532144041449384,0.07577747226625915,7.577747226625914e-06,7.5777472266259145e-06,0.03261254619169414,0.0,-0.19101695446089637,-1.4753995428096616,-1.8484693258942728,0.19101695446089637
83.0,0.0,0.0,0.1789192206251896,-0.30793625350024767,1.5393958376043047,35.78384412503792,1.0,0.0,1.8298116353663756,0.29,0.0,False,0.004210218355433912,0.1789192206251896,0.21051251297021825,0.07577747223129438,7.57774722312944e-06,7.577747223129441e-06,0.03578492876052061,0.0,-0.316091268339447,-1.8473320911045523,-2.137747888866623,0.316091268339447
84.0,0.0,0.0,0.20672048199833604,0.4385344199240012,1.5074570391966335,41.34409639966721,1.0,0.0,1.7974150113224567,0.27,0.0,False,0.004121152253368149,0.20672048199833604,0.20605917412090907,0.07577747220400688,7.5777472204006916e-06,7.577747220400691e-06,0.04134534957061727,0.0,0.7464706734242489,-1.0689226192726324,-1.3588805913984556,0.7464706734242489
85.0,0.0,0.0,0.1322071078766657,0.3828014769761583,1.6089740691099061,26.44142157533314,1.0,0.0,1.7593468902610052,0.09,0.0,False,0.003767931661741801,0.1322071078766657,0.18839801070877346,0.07577747218271093,7.577747218271092e-06,7.577747218271093e-06,0.02644222303489504,0.0,-0.05573294294784292,-1.2261725921337479,-1.376545413284847,0.05573294294784292
86.0,0.0,0.0,0.1384203033313275,0.7872803512729636,1.6851701800652992,27.6840606662655,1.0,0.0,1.7606555902928556,-0.03,0.0,False,0.003724764136883797,0.1384203033313275,0.18623961811024342,0.07577747216609089,7.577747216609089e-06,7.577747216609091e-06,0.02768489979116145,0.0,0.4044788742968053,-0.8978898287923356,-0.973375239019892,0.4044788742968053
87.0,0.0,0.0,0.09782961451804345,-0.2394421512982441,1.5046422100911985,19.56592290360869,1.0,0.0,1.7670569559928475,-0.1,0.0,False,0.0038123567038840273,0.09782961451804344,0.19061927964797115,0.07577747215312015,7.577747215312016e-06,7.577747215312016e-06,0.019566515961585828,0.0,-1.0267225025712077,-1.7440843613894426,-2.0064991072910914,1.0267225025712077
88.0,0.0,0.0,0.19643010585992118,1.1210892998261195,1.4484737991221301,39.28602117198424,1.0,0.0,1.7656135628578469,0.35,0.0,False,0.003961760164306434,0.19643010585992124,0.19808950927617414,0.07577747214299738,7.5777472142997385e-06,7.577747214299739e-06,0.039287211961110756,0.0,1.3605314511243636,-0.32738449929601066,-0.6445242630317274,1.3605314511243636
89.0,0.0,0.0,0.058789506014228686,1.6330030968335765,1.5316344691592698,11.757901202845737,1.0,0.0,1.7249333321853433,0.1,0.0,False,0.004021940822686711,0.058789506014228686,0.2010985649968786,0.07577747213509727,7.57774721350973e-06,7.577747213509728e-06,0.011758257593757397,0.0,0.511913797007457,0.10136862767430665,-0.09193023535176681,0.511913797007457
90.0,0.0,0.0,0.005949387982582174,1.8264893565699312,1.6187513958125357,1.1898775965164348,1.0,0.0,1.7090066345691752,0.13,0.0,False,0.003943914746172221,0.006192480756271459,0.1971972316080598,0.07577747212893182,7.5777472128931844e-06,7.577747212893183e-06,0.0011899136626096968,0.0,0.1934862597363547,0.20773796075739548,0.11748272200075593,0.1934862597363547
91.0,0.0,0.0,-0.009737585755973499,3.0446349258781367,1.7114489704143363,-1.9475171511946998,1.0,0.0,1.6924992308073084,-0.1,0.0,False,0.003968264542822957,0.009747971578953794,0.19841473066642673,0.07577747212412012,7.57774721241201e-06,7.577747212412012e-06,-0.001947576181918033,0.0,1.2181455693082055,1.3331859554638004,1.3521356950708283,1.2181455693082055
92.0,0.0,0.0,-0.12879481301367682,2.833117709930854,1.8344355078343295,-25.758962602735366,1.0,0.0,1.72910980956203,0.08,0.0,False,0.0040533652100405914,0.12879481301367682,0.20266979627087547,0.0757774721203649,7.577747212036492e-06,7.577747212036491e-06,-0.02575974337644702,0.0,-0.21151721594728246,0.9986822020965247,1.1040079003688241,0.21151721594728246
93.0,0.0,0.0,-0.10429048917154546,2.7806051183284644,1.9209530309798142,-20.858097834309092,1.0,0.0,1.7566379970146084,0.12,0.0,False,0.003976976425143884,0.10429048917154546,0.19885032808329503,0.07577747211743423,7.57774721174342e-06,7.577747211743423e-06,-0.020858730059089062,0.0,-0.05251259160238986,0.8596520873486502,1.023967121313856,0.05251259160238986
94.0,0.0,0.0,-0.09104545085087314,2.858247733686114,2.0741777353274147,-18.209090170174626,1.0,0.0,1.7901733038672238,0.44,0.0,False,0.0038634741839074804,0.09104545085087314,0.1931751730169102,0.07577747211514707,7.577747211514706e-06,7.577747211514704e-06,-0.01820964210152127,0.0,0.07764261535764971,0.7840699983586994,1.0680744298188902,0.07764261535764971
95.0,0.0,0.0,-0.09383455913070143,3.4965898119253174,2.296930882188906,-18.766911826140287,1.0,0.0,1.870116113849168,0.35,0.0,False,0.004006859886525567,0.09383455913070143,0.20034451247484486,0.07577747211336205,7.577747211336206e-06,7.577747211336206e-06,-0.018767480665484785,0.0,0.6383420782392033,1.1996589297364113,1.6264736980761494,0.6383420782392033
96.0,0.0,0.0,-0.15224277378548684,3.2831346977327387,2.3021265529844284,-30.44855475709737,1.0,0.0,1.919866589650661,0.36,0.0,False,0.004035183737070533,0.15224277378548684,0.20176071573364224,0.07577747211196902,7.5777472111969e-06,7.5777472111969e-06,-0.030449477675907315,0.0,-0.21345511419257868,0.9810081447483103,1.3632681080820777,0.21345511419257868
97.0,0.0,0.0,-0.12755818302196115,3.79885246511143,2.1434291294247605,-25.51163660439223,1.0,0.0,1.9741043912077247,0.1,0.0,False,0.004057860629678531,0.12755818302196115,0.20289456895603,0.07577747211088182,7.577747211088183e-06,7.5777472110881835e-06,-0.02551240988146504,0.0,0.5157177673786912,1.6554233356866694,1.8247480739037052,0.5157177673786912
98.0,0.0,0.0,-0.1753653914954516,3.6981254258613605,2.137484482679792,-35.07307829909032,1.0,0.0,2.0075045373298455,0.12,0.0,False,0.004016503547440832,0.1753653914954516,0.2008266991744693,0.07577747211003336,7.5777472110033345e-06,7.5777472110033345e-06,-0.03507414139071953,0.0,-0.10072703925006943,1.5606409431815687,1.690620888531515,0.10072703925006943
99.0,0.0,0.0,-0.16091660067922123,3.1467898568931414,2.233125616172162,-32.18332013584425,1.0,0.0,2.0451321064265984,0.14,0.0,False,0.004240449532010492,0.16091660067922123,0.21202408325325534,0.07577747210937115,7.577747210937115e-06,7.577747210937117e-06,-0.032184295636709714,0.0,-0.5513355689682191,0.9136642407209794,1.101657750466543,0.5513355689682191
100.0,0.0,0.0,-0.10384052003647987,2.366012428865404,2.1965932693085577,-20.768104007295975,1.0,0.0,2.0888984498030503,0.07,0.0,False,0.004225116800934597,0.10384052003647987,0.21125744089008253,0.0757774721088544,7.577747210885437e-06,7.5777472108854385e-06,-0.02076873350429466,0.0,-0.7807774280277373,0.1694191595568464,0.2771139790623538,0.7807774280277373
101.0,0.0,0.0,-0.023376714056934672,2.2521065765874075,2.1700427444054666,-4.675342811386934,1.0,0.0,2.1083453126677894,0.07,0.0,False,0.004032105042304107,0.023376714056934672,0.20160677982884226,0.0757774721084511,7.577747210845108e-06,7.577747210845109e-06,-0.004675484524576861,0.0,-0.11390585227799654,0.08206383218194091,0.1437612639196182,0.11390585227799654
102.0,0.0,0.0,-0.011570074447120793,1.9341025437229502,2.258242455661899,-2.3140148894241586,1.0,0.0,2.1322364311545705,0.01,0.0,False,0.004085686868861506,0.011570074447120793,0.20428589145818904,0.07577747210813633,7.577747210813634e-06,7.577747210813632e-06,-0.0023140850289721546,0.0,-0.31800403286445733,-0.32413991193894875,-0.1981338874316203,0.31800403286445733
103.0,0.0,0.0,0.022966028526883012,1.4913264978610243,2.2650191858437427,4.593205705376603,1.0,0.0,2.136401448361231,-0.01,0.0,False,0.004214503698875338,0.022966028526883012,0.2107267817659494,0.07577747210789067,7.577747210789067e-06,7.577747210789068e-06,0.0045933449289284915,0.0,-0.44277604586192587,-0.7736926879827184,-0.6450749505002067,0.44277604586192587
104.0,0.0,0.0,0.07021055852425033,1.275614029564524,2.4477600823181773,14.042111704850067,1.0,0.0,2.163771530529711,0.18,0.0,False,0.004152434706009742,0.07021055852425033,0.2076233086055127,0.07577747210769896,7.577747210769899e-06,7.577747210769897e-06,0.01404253733191599,0.0,-0.21571246829650037,-1.1721460527536534,-0.888157500965187,0.21571246829650037
105.0,0.0,0.0,0.09919772231451156,0.992031770539606,2.580136805292941,19.83954446290231,1.0,0.0,2.193458684996729,0.57,0.0,False,0.0042595205428664655,0.09919772231451156,0.2129776410218189,0.07577747210754936,7.577747210754937e-06,7.577747210754936e-06,0.019840145814556287,0.0,-0.28358225902491796,-1.5881050347533352,-1.2014269144571228,0.28358225902491796
106.0,0.0,0.0,0.1336299491356312,0.7405867795559867,2.619764658711537,26.72598982712624,1.0,0.0,2.267628837472819,0.42,0.0,False,0.003997681603171038,0.1336299491356312,0.19988559482958282,0.07577747210743258,7.577747210743258e-06,7.577747210743259e-06,0.026726799912167087,0.0,-0.2514449909836193,-1.87917787915555,-1.527042057916832,0.2514449909836193
107.0,0.0,0.0,0.1629714269394121,0.5747424854370644,2.679782781326752,32.59428538788242,1.0,0.0,2.328381892594635,0.28,0.0,False,0.003943118777155439,0.1629714269394121,0.1971574328556376,0.07577747210734144,7.577747210734148e-06,7.577747210734146e-06,0.03259527334541667,0.0,-0.16584429411892232,-2.1050402958896877,-1.7536394071575705,0.16584429411892232
108.0,0.0,0.0,0.19045208335787062,0.1316770775179153,2.757469472322815,38.090416671574125,1.0,0.0,2.3703627967639043,0.66,0.0,False,0.0038775825380074585,0.1904520833578706,0.19388059606738606,0.07577747210727036,7.577747210727035e-06,7.577747210727035e-06,0.03809157122102,0.0,-0.4430654079191491,-2.6257923948048996,-2.238685719245989,0.4430654079191491
109.0,0.0,0.0,0.24066098914571438,-0.18617765984475348,2.858901032049097,48.132197829142875,1.0,0.0,2.479335478902943,0.45,0.0,False,0.0038562667160348296,0.24066098914571438,0.19281479689245912,0.07577747210721485,7.577747210721488e-06,7.577747210721485e-06,0.04813365675259891,0.0,-0.3178547373626688,-3.0450786918938504,-2.6655131387476962,0.3178547373626688
110.0,0.0,0.0,0.27965396934515296,-0.8008831716622921,2.9949117920450568,55.930793869030595,1.0,0.0,2.538378152382021,0.52,0.0,False,0.0039348722848431515,0.27965396934515296,0.1967451051155316,0.07577747210717153,7.5777472107171526e-06,7.5777472107171526e-06,0.05593248917385288,0.0,-0.6147055118175386,-3.795794963707349,-3.339261324044313,0.6147055118175386
111.0,0.0,0.0,0.3488851777870529,-0.6718370123158008,3.023720590988871,69.77703555741058,1.0,0.0,2.6104679909610815,0.56,0.0,False,0.0037786756737150057,0.34888517778705297,0.18893521537820265,0.0757774721071377,7.5777472107137695e-06,7.577747210713772e-06,0.06977915055232989,0.0,0.12904615934649122,-3.695557603304672,-3.2823050032768823,0.12904615934649122
112.0,0.0,0.0,0.33984300404106704,-0.22104567372571643,2.924449542147875,67.96860080821341,1.0,0.0,2.688100794392375,0.2,0.0,False,0.0036725672182459294,0.33984300404106704,0.18362975240159615,0.07577747210711135,7.577747210711135e-06,7.5777472107111335e-06,0.06797066098810259,0.0,0.4507913385900844,-3.1454952158735914,-2.909146468118091,0.4507913385900844
113.0,0.0,0.0,0.3025262909156815,-0.28987588356838856,3.0845250819743315,60.5052581831363,1.0,0.0,2.726721790313664,0.54,0.0,False,0.003705114618140294,0.3025262909156815,0.1852571347281129,0.07577747210709075,7.577747210709075e-06,7.577747210709075e-06,0.06050709214344468,0.0,-0.06883020984267213,-3.37440096554272,-3.0165976738820524,0.06883020984267213
114.0,0.0,0.0,0.31511352507382895,-0.9380405342556283,2.976535154267178,63.02270501476579,1.0,0.0,2.804331858818953,0.18,0.0,False,0.003916549652669101,0.3151135250738289,0.19582896656461538,0.07577747210707467,7.577747210707468e-06,7.5777472107074684e-06,0.06302461528079877,0.0,-0.6481646506872397,-3.914575688522806,-3.7423723930745814,0.6481646506872397
115.0,0.0,0.0,0.3848291903353875,-0.5741056511617681,2.9657670021861153,76.9658380670775,1.0,0.0,2.861378759701682,-0.04,0.0,False,0.004033230131452826,0.3848291903353875,0.2016630347125601,0.07577747210706212,7.5777472107062165e-06,7.577747210706214e-06,0.07696817096005829,0.0,0.36393488309386013,-3.5398726533478833,-3.4354844108634506,0.36393488309386013
116.0,0.0,0.0,0.35406128747706495,-1.475826763176927,3.1871101758458673,70.812257495413,1.0,0.0,2.9103971760144263,0.4,0.0,False,0.0038804923260372555,0.3540612874770649,0.19402608657135775,0.07577747210705234,7.577747210705233e-06,7.577747210705234e-06,0.07081440386869513,0.0,-0.9017211120151589,-4.662936939022794,-4.386223939191353,0.9017211120151589
117.0,0.0,0.0,0.44646380931762086,-0.9989945863056859,3.258939735655142,89.29276186352418,1.0,0.0,2.9666413729555576,0.21,0.0,False,0.0038567547446792974,0.44646380931762086,0.1928391985095903,0.07577747210704468,7.57774721070447e-06,7.577747210704469e-06,0.08929546839492328,0.0,0.47683217687124113,-4.257934321960828,-3.9656359592612436,0.47683217687124113
118.0,0.0,0.0,0.40250292704972723,-0.8260883128224579,3.2090288142487418,80.50058540994544,1.0,0.0,2.988980489493565,0.17,0.0,False,0.003848319606162891,0.40250292704972723,0.19241743838780265,0.07577747210703875,7.577747210703874e-06,7.5777472107038745e-06,0.08050302544380161,0.0,0.17290627348322807,-4.035117127071199,-3.8150688023160226,0.17290627348322807
119.0,0.0,0.0,0.38675352552198966,-0.7351178554415527,2.993282308099952,77.35070510439793,1.0,0.0,3.02618718746322,0.03,0.0,False,0.0038043896461487114,0.38675352552198966,0.19022092374258695,0.0757774721070341,7.577747210703411e-06,7.5777472107034094e-06,0.0773530496629908,0.0,0.09097045738090515,-3.7284001635415045,-3.7613050429047723,0.09097045738090515
120.0,0.0,0.0,0.37541299967274433,-0.6736528468626879,2.879513559564964,75.08259993454887,1.0,0.0,3.0415934784198977,0.16,0.0,False,0.003687667570634322,0.37541299967274433,0.18438477574234846,0.07577747210703047,7.577747210703047e-06,7.577747210703047e-06,0.07508487574515219,0.0,0.06146500857886483,-3.5531664064276516,-3.7152463252825854,0.06146500857886483
121.0,0.0,0.0,0.3656413459596946,-0.5777515431750675,2.8667757875898143,73.12826919193893,1.0,0.0,3.019154380526443,0.06,0.0,False,0.0035652153468452613,0.3656413459596946,0.17826211815729556,0.07577747210702765,7.577747210702763e-06,7.577747210702764e-06,0.0731304857652938,0.0,0.0959013036876204,-3.444527330764882,-3.5969059237015104,0.0959013036876204
122.0,0.0,0.0,0.35606678660766916,-0.6036924905888477,2.8605698234317307,71.21335732153383,1.0,0.0,2.982899149618728,0.21,0.0,False,0.0033194959011666396,0.3560667866076692,0.1659760527733723,0.07577747210702544,7.577747210702544e-06,7.577747210702543e-06,0.07121551585245621,0.0,-0.02594094741378017,-3.464262314020578,-3.5865916402075753,0.02594094741378017
123.0,0.0,0.0,0.3602854734042824,-0.5121604334279598,2.990462462408365,72.05709468085648,1.0,0.0,2.983051232106573,0.01,0.0,False,0.003399060084780162,0.36028547340428246,0.16995429209991197,0.0757774721070237,7.577747210702369e-06,7.577747210702371e-06,0.07205927878609873,0.0,0.09153205716088786,-3.502622895836325,-3.495211665534533,0.09153205716088786
124.0,0.0,0.0,0.3528423997037013,-0.21140065107708697,3.0862527037096905,70.56847994074026,1.0,0.0,2.99929875106603,0.01,0.0,False,0.003689337218923596,0.3528423997037013,0.18446825878942075,0.07577747210702236,7.577747210702234e-06,7.577747210702236e-06,0.07057061892493965,0.0,0.30075978235087286,-3.2976533547867777,-3.210699402143117,0.30075978235087286
125.0,0.0,0.0,0.326735414134926,-0.12584999415547318,3.2503529760872687,65.3470828269852,1.0,0.0,3.016397251134559,0.23,0.0,False,0.003759109743017142,0.326735414134926,0.1879569114300255,0.07577747210702132,7.577747210702129e-06,7.577747210702131e-06,0.06534906354667423,0.0,0.08555065692161379,-3.376202970242742,-3.142247245290032,0.08555065692161379
126.0,0.0,0.0,0.319470325349098,-0.1708587314092049,3.2119983232004294,63.894065069819604,1.0,0.0,3.056077286190825,-0.01,0.0,False,0.003795722444384069,0.319470325349098,0.18978756037046168,0.07577747210702046,7.577747210702047e-06,7.577747210702049e-06,0.06389600174743734,0.0,-0.04500873725373172,-3.382857054609634,-3.2269360176000297,0.04500873725373172
127.0,0.0,0.0,0.32729660401859056,0.3276223452648953,3.3050511859189764,65.45932080371811,1.0,0.0,3.0689743026038445,0.23,0.0,False,0.003768625417760618,0.3272966040185906,0.18843269877256827,0.07577747210701986,7.577747210701988e-06,7.577747210701986e-06,0.06546130492542541,0.0,0.49848107667410024,-2.977428840654081,-2.7413519573389493,0.49848107667410024
128.0,0.0,0.0,0.28223501929162254,0.022529663884304107,3.4070565256581546,56.44700385832451,1.0,0.0,3.1022313173231066,0.33,0.0,False,0.00397007944257881,0.28223501929162254,0.1985054763418615,0.07577747210701936,7.577747210701936e-06,7.5777472107019365e-06,0.05644871480986346,0.0,-0.3050926813805912,-3.3845268617738506,-3.0797016534388026,0.3050926813805912
129.0,0.0,0.0,0.31778587207891507,-0.1828126133434146,3.332629395807146,63.55717441578301,1.0,0.0,3.150079473462628,0.3,0.0,False,0.003917173603937901,0.3177858720789151,0.19586016436446274,0.07577747210701898,7.577747210701896e-06,7.577747210701897e-06,0.06355910088198927,0.0,-0.2053422772277187,-3.5154420091505605,-3.3328920868060425,0.2053422772277187
130.0,0.0,0.0,0.3447982176391599,0.06858169469688676,3.385618530604309,68.95964352783199,1.0,0.0,3.200508789723738,0.35,0.0,False,0.003728372172294806,0.3447982176391599,0.18642002124783175,0.07577747210701867,7.577747210701865e-06,7.577747210701866e-06,0.06896173374697834,0.0,0.25139430804030133,-3.3170368359074223,-3.1319270950268514,0.25139430804030133
131.0,0.0,0.0,0.3225748226243505,0.1432104249275041,3.3591869598363386,64.5149645248701,1.0,0.0,3.2653002027347795,0.17,0.0,False,0.0036648493570360483,0.3225748226243505,0.18324385641690208,0.07577747210701846,7.577747210701843e-06,7.577747210701844e-06,0.06451692002242168,0.0,0.07462873023061735,-3.2159765349088345,-3.1220897778072754,0.07462873023061735
132.0,0.0,0.0,0.32029813979228705,-0.3388745270192868,3.615566167791427,64.05962795845741,1.0,0.0,3.294452140463508,0.36,0.0,False,0.003790437625484347,0.32029813979228705,0.18952331742312453,0.07577747210701824,7.5777472107018255e-06,7.5777472107018255e-06,0.064061569654412,0.0,-0.4820849519467909,-3.954440694810714,-3.6333266674827946,0.4820849519467909
133.0,0.0,0.0,0.3739374052385721,-0.15296262067106847,3.58987382180533,74.78748104771442,1.0,0.0,3.346313179767142,0.34,0.0,False,0.0038506196114434363,0.37393740523857216,0.19253243952327284,0.07577747210701812,7.577747210701811e-06,7.57774721070181e-06,0.07478974791304024,0.0,0.1859119063482183,-3.7428364424763982,-3.4992758004382103,0.1859119063482183
134.0,0.0,0.0,0.35734321870978486,0.15217208042720423,3.530356856443356,71.46864374195697,1.0,0.0,3.400641205522908,0.09,0.0,False,0.003982655776100043,0.35734321870978475,0.199134297782937,0.07577747210701802,7.577747210701799e-06,7.577747210701799e-06,0.07147081001080453,0.0,0.3051347010982727,-3.378184776016152,-3.2484691250957036,0.3051347010982727
135.0,0.0,0.0,0.328059570520144,0.5892952030366353,3.495992647899834,65.6119141040288,1.0,0.0,3.420604959255719,-0.02,0.0,False,0.0041225014712199595,0.32805957052014406,0.20612663552469926,0.0757774721070179,7.577747210701789e-06,7.577747210701791e-06,0.06561390285095488,0.0,0.4371231226094311,-2.9066974448631986,-2.8313097562190834,0.4371231226094311
136.0,0.0,0.0,0.2868621490225565,1.0399753099022988,3.439680143874072,57.372429804511306,1.0,0.0,3.4328920832534133,-0.04,0.0,False,0.004112644301057335,0.2868621490225565,0.20563377328181082,0.07577747210701782,7.577747210701785e-06,7.577747210701784e-06,0.057374168806413224,0.0,0.4506801068656635,-2.3997048339717733,-2.3929167733511143,0.4506801068656635
137.0,0.0,0.0,0.24330001481315683,1.6937071255853982,3.37834289228654,48.66000296263137,1.0,0.0,3.458025381704678,-0.03,0.0,False,0.004163044829275334,0.24330001481315683,0.2081538187888338,0.07577747210701778,7.577747210701776e-06,7.577747210701779e-06,0.04866147788426163,0.0,0.6537318156830993,-1.684635766701142,-1.76431825611928,0.6537318156830993
138.0,0.0,0.0,0.17968586874220388,1.6960803181935253,3.4679703526446133,35.93717374844078,1.0,0.0,3.473067641334295,-0.07,0.0,False,0.00420731619868502,0.17968586874220394,0.21036740403318038,0.07577747210701771,7.577747210701773e-06,7.577747210701773e-06,0.035938263031458965,0.0,0.0023731926081271837,-1.771890034451088,-1.7769873231407696,0.0023731926081271837
139.0,0.0,0.0,0.18200276657017497,1.3770088283860353,3.546201627260041,36.400553314034994,1.0,0.0,3.4906338937119683,0.0,0.0,False,0.004312179627816946,0.18200276657017497,0.21561061522120467,0.07577747210701768,7.577747210701771e-06,7.577747210701769e-06,0.036401656642439585,0.0,-0.31907148980749,-2.169192798874006,-2.113625065325933,0.31907148980749
140.0,0.0,0.0,0.21455318631556516,1.5395134100167507,3.5690311440744997,42.91063726311303,1.0,0.0,3.5161769424431086,-0.09,0.0,False,0.004150777635760513,0.21455318631556516,0.20754045446520825,0.07577747210701767,7.577747210701768e-06,7.577747210701767e-06,0.042911937917104286,0.0,0.16250458163071535,-2.029517734057749,-1.976663532426358,0.16250458163071535
141.0,0.0,0.0,0.20128892715407434,1.8875669035354015,3.639529591993196,40.25778543081487,1.0,0.0,3.5226219830321424,0.08,0.0,False,0.003964081892912262,0.20128892715407434,0.19820559658613845,0.07577747210701766,7.577747210701764e-06,7.5777472107017645e-06,0.04025900567485316,0.0,0.3480534935186508,-1.7519626884577943,-1.635055079496741,0.3480534935186508
142.0,0.0,0.0,0.1671399427555741,2.2282819094321926,3.5669632496952532,33.427988551114815,1.0,0.0,3.5524789473878062,0.12,0.0,False,0.003861054982961178,0.1671399427555741,0.19305421205299034,0.07577747210701764,7.577747210701764e-06,7.577747210701764e-06,0.03342900177882481,0.0,0.34071500589679116,-1.3386813402630606,-1.3241970379556136,0.34071500589679116
143.0,0.0,0.0,0.1336831977277299,3.0440714229021113,3.4317025265730554,26.736639545545984,1.0,0.0,3.5590296583028915,-0.02,0.0,False,0.004046722341022654,0.1336831977277299,0.2023376503030792,0.07577747210701764,7.577747210701764e-06,7.577747210701764e-06,0.02673744995338785,0.0,0.8157895134699187,-0.3876311036709441,-0.5149582354007802,0.8157895134699187
144.0,0.0,0.0,0.05129120372343949,3.006535427522779,3.3426771187637416,10.258240744687898,1.0,0.0,3.5651645375834256,0.06,0.0,False,0.00397180570669961,0.051291203723439496,0.19859179020196127,0.07577747210701764,7.577747210701764e-06,7.577747210701764e-06,0.01025855167975246,0.0,-0.03753599537933239,-0.3361416912409627,-0.5586291100606466,0.03753599537933239
145.0,0.0,0.0,0.05242924249712371,3.485571383809408,3.2753249474871593,10.485848499424742,1.0,0.0,3.5570028937253033,0.2,0.0,False,0.0038432692562192423,0.05242924249712371,0.19216491897710644,0.07577747210701764,7.577747210701764e-06,7.577747210701764e-06,0.01048616633345314,0.0,0.4790359562866291,0.2102464363222487,-0.07143150991589531,0.4790359562866291
146.0,0.0,0.0,0.0008278001746280084,4.263825319846739,3.255448775837034,0.16556003492560167,1.0,0.0,3.53084771727132,0.29,0.0,False,0.0036566810174387776,0.0029552867565610587,0.18283543634215788,0.07577747210701764,7.577747210701764e-06,7.577747210701764e-06,0.0001655650531759459,0.0,0.7782539360373311,1.008376544009705,0.7329776025754189,0.7782539360373311
147.0,0.0,0.0,-0.07827271106449618,4.101188623929768,3.2452364041142636,-15.654542212899237,1.0,0.0,3.4938496991987114,0.15,0.0,False,0.003576862700310691,0.07827271106449618,0.1788444902436021,0.07577747210701764,7.577747210701764e-06,7.577747210701764e-06,-0.015655016713957928,0.0,-0.16263669591697116,0.8559522198155043,0.6073389247310566,0.16263669591697116
148.0,0.0,0.0,-0.060785525740252526,3.7009872467126828,3.342344664088392,-12.157105148050505,1.0,0.0,3.4810685526608807,-0.07,0.0,False,0.00328428094628325,0.060785525740252526,0.1642152916867015,0.07577747210701764,7.577747210701764e-06,7.577747210701764e-06,-0.012157473639136664,0.0,-0.40020137721708515,0.3586425826242907,0.2199186940518021,0.40020137721708515
149.0,0.0,0.0,-0.020438840967920268,3.382071136492685,3.370096664754144,-4.087768193584053,1.0,0.0,3.4933103356598365,-0.07,0.0,False,0.003587614338161185,0.020438840967920268,0.17938207620978647,0.07577747210701764,7.577747210701764e-06,7.577747210701764e-06,-0.004087892096941249,0.0,-0.3189161102199978,0.011974471738541048,-0.11123919916715153,0.3189161102199978
150.0,0.0,0.0,0.01596606020111038,3.1927698240731384,3.5832813862753246,3.193212040222076,1.0,0.0,3.496591093014973,0.15,0.0,False,0.003589874398082342,0.015966060201110376,0.17949508006215245,0.07577747210701764,7.577747210701764e-06,7.577747210701764e-06,0.0031933088289031564,0.0,-0.18930131241954662,-0.3905115622021862,-0.3038212689418347,0.18930131241954662
151.0,0.0,0.0,0.03962920991361891,3.156321049470479,3.6928985643124492,7.925841982723782,1.0,0.0,3.5417377878421963,0.2,0.0,False,0.0037362534360218976,0.03962920991361891,0.1868140874202975,0.07577747210701764,7.577747210701764e-06,7.577747210701764e-06,0.007926082221011217,0.0,-0.036448774602659384,-0.5365775148419702,-0.3854167383717173,0.036448774602659384
152.0,0.0,0.0,0.047477617085843395,3.7548647435279694,3.7328279698004274,9.495523417168679,1.0,0.0,3.5890769382160714,0.13,0.0,False,0.0037610396360348297,0.0474776170858434,0.18805340681212201,0.07577747210701764,7.577747210701764e-06,7.577747210701764e-06,0.009495811233692024,0.0,0.5985436940574904,0.02203677372754198,0.16578780531189796,0.5985436940574904
153.0,0.0,0.0,-0.011699454440238908,3.6990385878952043,3.640504845311928,-2.3398908880477816,1.0,0.0,3.6311152089979344,0.0,0.0,False,0.0037720293509721113,0.011699454440238908,0.1886028967228502,0.07577747210701764,7.577747210701764e-06,7.577747210701764e-06,-0.0023399618119169375,0.0,-0.05582615563276505,0.05853374258327637,0.06792337889726996,0.05582615563276505
154.0,0.0,0.0,-0.0030779190166977046,3.1808602131341766,3.580583407213174,-0.6155838033395409,1.0,0.0,3.637865766350168,-0.02,0.0,False,0.003678895045226204,0.003895571590751853,0.18394614614814359,0.07577747210701764,7.577747210701764e-06,7.577747210701764e-06,-0.0006156024621519434,0.0,-0.5181783747610278,-0.3997231940789976,-0.45700555321599134,0.5181783747610278
155.0,0.0,0.0,0.04683730970686708,3.400647453830119,3.530653451285139,9.367461941373415,1.0,0.0,3.668258231543615,0.03,0.0,False,0.0037526815012298674,0.046837309706867086,0.1876354969050823,0.07577747210701764,7.577747210701764e-06,7.577747210701764e-06,0.00936774587625621,0.0,0.21978724069594247,-0.13000599745502006,-0.2676107777134962,0.21978724069594247
156.0,0.0,0.0,0.02581730957410303,2.077742044407132,3.507875062434605,5.163461914820606,1.0,0.0,3.6492510562674965,0.04,0.0,False,0.0037301465323696472,0.025817309574103026,0.18650873992385641,0.07577747210701764,7.577747210701764e-06,7.577747210701764e-06,0.00516361842327111,0.0,-1.322905409422987,-1.430133018027473,-1.5715090118603645,1.322905409422987
157.0,0.0,0.0,0.15762128744354853,1.6780648959005862,3.5304606633482503,31.524257488709708,1.0,0.0,3.6588303314234296,-0.06,0.0,False,0.003994330859400549,0.15762128744354853,0.1997180563715039,0.07577747210701764,7.577747210701764e-06,7.577747210701764e-06,0.03152521301288597,0.0,-0.3996771485065458,-1.852395767447664,-1.9807654355228435,0.3996771485065458
158.0,0.0,0.0,0.19893618765462157,2.0005035357635466,3.6100973368966387,39.787237530924315,1.0,0.0,3.6540146395561792,-0.08,0.0,False,0.0039830204796655454,0.19893618765462162,0.19915253309939382,0.07577747210701764,7.577747210701764e-06,7.577747210701764e-06,0.039788443512298544,0.0,0.3224386398629604,-1.6095938011330921,-1.6535111037926327,0.3224386398629604
159.0,0.0,0.0,0.16758412400202286,1.2642824660255525,3.6643347157283204,33.51682480040457,1.0,0.0,3.667502146853855,-0.07,0.0,False,0.004100070493871122,0.16758412400202286,0.20500507815844352,0.07577747210701764,7.577747210701764e-06,7.577747210701764e-06,0.033517840720808725,0.0,-0.7362210697379941,-2.400052249702768,-2.4032196808283026,0.7362210697379941
160.0,0.0,0.0,0.24550577742666654,0.9154654666373845,3.911404255829439,49.10115548533331,1.0,0.0,3.676408271290184,0.23,0.0,False,0.00395833152042235,0.24550577742666654,0.19791807578289938,0.07577747210701764,7.577747210701764e-06,7.577747210701764e-06,0.04910264377863144,0.0,-0.348816999388168,-2.9959387891920546,-2.7609428046527995,0.348816999388168
161.0,0.0,0.0,0.28356293181622405,0.748783499855054,3.82120064519004,56.71258636324481,1.0,0.0,3.719433259328221,-0.01,0.0,False,0.004117232868552675,0.28356293181622405,0.205863203395128,0.07577747210701764,7.577747210701764e-06,7.577747210701764e-06,0.05671430536479111,0.0,-0.1666819667823305,-3.0724171453349864,-2.970649759473167,0.1666819667823305
162.0,0.0,0.0,0.3037509017707259,0.765116087228064,3.941095198144706,60.75018035414518,1.0,0.0,3.751202223210404,0.1,0.0,False,0.0041860390928308835,0.30375090177072583,0.2093035406788471,0.07577747210701764,7.577747210701764e-06,7.577747210701764e-06,0.060752021738230494,0.0,0.01633258737301002,-3.175979110916642,-2.9860861359823403,0.01633258737301002
163.0,0.0,0.0,0.30604748195696824,0.7273171041247479,4.04825145184658,61.20949639139365,1.0,0.0,3.786407604939742,0.34,0.0,False,0.004024278825833697,0.30604748195696824,0.2012154660400671,0.07577747210701764,7.577747210701764e-06,7.577747210701764e-06,0.06121135169769674,0.0,-0.037798983103316086,-3.320934347721832,-3.0590905008149942,0.037798983103316086
164.0,0.0,0.0,0.3115978575742879,1.1525436212106488,3.9742538140656154,62.31957151485757,1.0,0.0,3.8257068643203804,0.16,0.0,False,0.003955098862274596,0.3115978575742879,0.19775644165069836,0.07577747210701764,7.577747210701764e-06,7.577747210701764e-06,0.062321460468380385,0.0,0.42522651708590087,-2.8217101928549666,-2.6731632431097316,0.42522651708590087
165.0,0.0,0.0,0.2745283675081716,1.5061377677027452,3.9752324916967265,54.905673501634325,1.0,0.0,3.843413740357428,0.18,0.0,False,0.004020364996454672,0.2745283675081716,0.20101977308821542,0.07577747210701764,7.577747210701764e-06,7.577747210701764e-06,0.054907337734280054,0.0,0.3535941464920964,-2.4690947239939813,-2.337275972654683,0.3535941464920964
166.0,0.0,0.0,0.24009992865753596,0.8958184721737675,3.793119711231924,48.01998573150719,1.0,0.0,3.89793131162092,-0.02,0.0,False,0.0038992627637593545,0.24009992865753596,0.19496461556934433,0.07577747210701764,7.577747210701764e-06,7.577747210701764e-06,0.048021441253729306,0.0,-0.6103192955289777,-2.8973012390581565,-3.0021128394471526,0.6103192955289777
167.0,0.0,0.0,0.302614471244085,1.2926724428802874,3.7745386087504187,60.522894248817,1.0,0.0,3.907228025106336,-0.12,0.0,False,0.003994738306811021,0.302614471244085,0.19973842889640406,0.07577747210701764,7.577747210701764e-06,7.577747210701764e-06,0.06052472874368792,0.0,0.39685397070651984,-2.481866165870131,-2.614555582226049,0.39685397070651984
168.0,0.0,0.0,0.261106493543169,0.7330425171866305,3.7347701565370075,52.221298708633796,1.0,0.0,3.9220778414128836,0.11,0.0,False,0.004034351351021792,0.261106493543169,0.20171909611582453,0.07577747210701764,7.577747210701764e-06,7.577747210701764e-06,0.05222288157584169,0.0,-0.5596299256936569,-3.001727639350377,-3.189035324226253,0.5596299256936569
169.0,0.0,0.0,0.31802334497576573,1.2440603969562019,3.8439089348715685,63.60466899515315,1.0,0.0,3.9038363082621315,0.01,0.0,False,0.004004049995097055,0.31802334497576573,0.20020401683878689,0.07577747210701764,7.577747210701764e-06,7.577747210701764e-06,0.06360659690095617,0.0,0.5110178797695714,-2.5998485379153666,-2.6597759113059296,0.5110178797695714
170.0,0.0,0.0,0.26667430838399625,0.6716382804910288,3.6674741719831703,53.33486167679925,1.0,0.0,3.9133964619700508,-0.01,0.0,False,0.003868054927888402,0.2666743083839963,0.1934042119515422,0.07577747210701764,7.577747210701764e-06,7.577747210701764e-06,0.05333647829694608,0.0,-0.572422116465173,-2.9958358914921415,-3.241758181479022,0.572422116465173
171.0,0.0,0.0,0.32580687713601897,1.5158337298145779,3.7277491028987484,65.1613754272038,1.0,0.0,3.9109045203209885,-0.02,0.0,False,0.0037103211539625727,0.3258068771360189,0.18551746349191744,0.07577747210701764,7.577747210701764e-06,7.577747210701764e-06,0.06516335051796054,0.0,0.8441954493235491,-2.2119153730841705,-2.3950707905064106,0.8441954493235491
172.0,0.0,0.0,0.2398391809521951,1.1427094056038125,3.6857029789083917,47.96783619043902,1.0,0.0,3.929830495958937,0.05,0.0,False,0.0037535996819755392,0.23983918095219509,0.18768140629025304,0.07577747210701764,7.577747210701764e-06,7.577747210701764e-06,0.04796929013196896,0.0,-0.37312432421076536,-2.542993573304579,-2.7871210903551242,0.37312432421076536
173.0,0.0,0.0,0.27694273193017493,0.8430501332608586,3.7748081053484452,55.38854638603498,1.0,0.0,3.9143164113707507,-0.08,0.0,False,0.0038668434950173405,0.27694273193017493,0.1933436398489925,0.07577747210701764,7.577747210701764e-06,7.577747210701764e-06,0.055390225254924416,0.0,-0.29965927234295386,-2.9317579720875866,-3.071266278109892,0.29965927234295386
174.0,0.0,0.0,0.3064163384854702,1.440372343275039,3.7602900332947837,61.28326769709403,1.0,0.0,3.9122416550062793,0.06,0.0,False,0.003892752222729949,0.3064163384854702,0.19463908605111235,0.07577747210701764,7.577747210701764e-06,7.577747210701764e-06,0.06128512523946141,0.0,0.5973222100141804,-2.3199176900197447,-2.4718693117312402,0.5973222100141804
175.0,0.0,0.0,0.24864253810458764,1.4546157580104477,3.7967678130898777,49.728507620917526,1.0,0.0,3.9073296153932713,-0.14,0.0,False,0.004095224254928466,0.24864253810458764,0.20476276437513202,0.07577747210701764,7.577747210701764e-06,7.577747210701764e-06,0.049730014929735146,0.0,0.014243414735408688,-2.34215205507943,-2.4527138573828235,0.014243414735408688
176.0,0.0,0.0,0.2472330866905018,1.8729323052125544,3.864245057895274,49.44661733810036,1.0,0.0,3.9268919318358924,0.18,0.0,False,0.003646098689634801,0.2472330866905018,0.1823063159424488,0.07577747210701764,7.577747210701764e-06,7.577747210701764e-06,0.049448116102609505,0.0,0.41831654720210665,-1.9913127526827195,-2.053959626623338,0.41831654720210665
177.0,0.0,0.0,0.20648826432437706,2.0320958836273517,3.795992964138855,41.29765286487541,1.0,0.0,3.9270402984071167,-0.16,0.0,False,0.003869388470239106,0.20648826432437706,0.19347088957433964,0.07577747210701764,7.577747210701764e-06,7.577747210701764e-06,0.04129890462808505,0.0,0.15916357841479734,-1.7638970805115033,-1.894944414779765,0.15916357841479734
178.0,0.0,0.0,0.19279451918923726,1.9284169872391959,3.9674591995704143,38.55890383784745,1.0,0.0,3.937893184249774,-0.1,0.0,False,0.003932131020332642,0.19279451918923726,0.19660804085137565,0.07577747210701764,7.577747210701764e-06,7.577747210701764e-06,0.03856007258749495,0.0,-0.10367889638815586,-2.0390422123312186,-2.009476197010578,0.10367889638815586
179.0,0.0,0.0,0.2047119126526697,1.9636342174517005,3.9792182186563108,40.94238253053394,1.0,0.0,3.9601141229262242,0.06,0.0,False,0.004003243090619295,0.20471191265266975,0.2001636713091728,0.07577747210701764,7.577747210701764e-06,7.577747210701764e-06,0.04094362352523004,0.0,0.03521723021250467,-2.0155840012046102,-1.9964799054745237,0.03521723021250467
180.0,0.0,0.0,0.20285118470719318,1.6513686208643827,4.0348648614577405,40.57023694143864,1.0,0.0,3.975613676522146,0.01,0.0,False,0.0037056250360448257,0.20285118470719318,0.18528265581673034,0.07577747210701764,7.577747210701764e-06,7.577747210701764e-06,0.040571466656119416,0.0,-0.3122655965873178,-2.3834962405933577,-2.324245055657763,0.3122655965873178
181.0,0.0,0.0,0.23524446744404284,1.7302118501927832,4.041728193333895,47.04889348880857,1.0,0.0,3.9922229222735854,-0.04,0.0,False,0.0038107313664246336,0.23524446744404284,0.1905380121591808,0.07577747210701764,7.577747210701764e-06,7.577747210701764e-06,0.047050319576487594,0.0,0.07884322932840049,-2.311516343141111,-2.262011072080802,0.07884322932840049
182.0,0.0,0.0,0.22930293000387092,0.9130483888139002,3.988837027562691,45.860586000774184,1.0,0.0,4.003902426460159,0.0,0.0,False,0.003851700359970353,0.2293029300038709,0.19258647735910067,0.07577747210701764,7.577747210701764e-06,7.577747210701764e-06,0.04586197606995114,0.0,-0.8171634613788831,-3.075788638748791,-3.0908540376462588,0.8171634613788831
183.0,0.0,0.0,0.3119409194697522,0.5237048336705692,4.0463466405306106,62.38818389395044,1.0,0.0,4.023328030213403,0.0,0.0,False,0.0037141596378217913,0.3119409194697522,0.18570938913923132,0.07577747210701764,7.577747210701764e-06,7.577747210701764e-06,0.06239007492716655,0.0,-0.38934355514333097,-3.522641806860041,-3.4996231965428333,0.38934355514333097
184.0,0.0,0.0,0.3524259180587866,-0.3068601736297788,3.9914701338893335,70.48518361175732,1.0,0.0,4.03257577398304,-0.08,0.0,False,0.0036472486167599366,0.3524259180587866,0.18236381273439856,0.07577747210701764,7.577747210701764e-06,7.577747210701764e-06,0.07048732007118175,0.0,-0.830565007300348,-4.298330307519112,-4.339435947612818,0.830565007300348
185.0,0.0,0.0,0.4360961246955471,-0.3309145777874914,4.156107268721141,87.21922493910942,1.0,0.0,4.048097543984309,0.05,0.0,False,0.0037378983036798876,0.4360961246955471,0.18689633142641668,0.07577747210701764,7.577747210701764e-06,7.577747210701764e-06,0.0872218686200302,0.0,-0.024054404157712594,-4.4870218465086324,-4.379012121771801,0.024054404157712594
186.0,0.0,0.0,0.439906362986473,-0.0774519443205503,4.122088495907946,87.9812725972946,1.0,0.0,4.054266304635314,-0.02,0.0,False,0.0038081952212652395,0.439906362986473,0.1904112039402977,0.07577747210701764,7.577747210701764e-06,7.577747210701764e-06,0.0879839393764584,0.0,0.2534626334669411,-4.199540440228496,-4.131718248955864,0.2534626334669411
187.0,0.0,0.0,0.41745644594529835,-0.055162059120663826,4.092463423352976,83.49128918905967,1.0,0.0,4.068315727037989,0.02,0.0,False,0.0038910534942129447,0.41745644594529835,0.1945541489816352,0.07577747210701764,7.577747210701764e-06,7.577747210701764e-06,0.0834938198734178,0.0,0.022289885199886478,-4.14762548247364,-4.123477786158653,0.022289885199886478
188.0,0.0,0.0,0.41945790034398456,0.2133737359368444,4.139632485736488,83.89158006879691,1.0,0.0,4.097270684103371,0.11,0.0,False,0.0037008232424159656,0.41945790034398456,0.1850425643159483,0.07577747210701764,7.577747210701764e-06,7.577747210701764e-06,0.08389412288627549,0.0,0.26853579505750824,-3.9262587497996435,-3.8838969481665266,0.26853579505750824
189.0,0.0,0.0,0.39543044809796923,0.7007849812665607,4.201141030184712,79.08608961959385,1.0,0.0,4.139575871615895,0.05,0.0,False,0.003790444140530817,0.39543044809796923,0.18952364317791656,0.07577747210701764,7.577747210701764e-06,7.577747210701764e-06,0.07908848677900879,0.0,0.48741124532971636,-3.5003560489181513,-3.438790890349334,0.48741124532971636
190.0,0.0,0.0,0.34979804713187795,0.702767849107735,4.258385910585436,69.9596094263756,1.0,0.0,4.167828040515288,0.0,0.0,False,0.003982273549421619,0.34979804713187795,0.1991151863041951,0.07577747210701764,7.577747210701764e-06,7.577747210701764e-06,0.06996172995524746,0.0,0.001982867841174296,-3.555618061477701,-3.465060191407553,0.001982867841174296
191.0,0.0,0.0,0.3531020651360357,0.820053365447123,4.399609414546314,70.62041302720714,1.0,0.0,4.198897986644135,0.1,0.0,False,0.003902625660853662,0.3531020651360357,0.19513276169821894,0.07577747210701764,7.577747210701764e-06,7.577747210701764e-06,0.0706225535855378,0.0,0.117285516339388,-3.5795560490991907,-3.378844621197012,0.117285516339388
192.0,0.0,0.0,0.34417153248346305,0.6825005340549222,4.371814270362193,68.8343064966926,1.0,0.0,4.233922286377547,0.1,0.0,False,0.003906381460722635,0.34417153248346305,0.19532055311469265,0.07577747210701764,7.577747210701764e-06,7.577747210701764e-06,0.0688363929167784,0.0,-0.13755283139220087,-3.6893137363072706,-3.551421752322625,0.13755283139220087
193.0,0.0,0.0,0.358897622510815,0.27388632594467,4.378166978150222,71.779524502163,1.0,0.0,4.2618990925252636,0.15,0.0,False,0.0037951816263409625,0.3588976225108149,0.18976051926339732,0.07577747210701764,7.577747210701764e-06,7.577747210701764e-06,0.07178170019404241,0.0,-0.4086142081102522,-4.104280652205553,-3.9880127665805936,0.4086142081102522
194.0,0.0,0.0,0.4036738608401251,0.6397661453425985,4.421532008582225,80.73477216802502,1.0,0.0,4.271612740935964,0.03,0.0,False,0.003938377246960145,0.4036738608401251,0.19692035454936713,0.07577747210701764,7.577747210701764e-06,7.577747210701764e-06,0.08073721930025961,0.0,0.36587981939792846,-3.7817658632396265,-3.631846595593366,0.36587981939792846
195.0,0.0,0.0,0.372000933108568,0.7906797466916922,4.454792570486454,74.4001866217136,1.0,0.0,4.310777881269567,0.06,0.0,False,0.004039623483955309,0.372000933108568,0.20198270476004487,0.07577747210701764,7.577747210701764e-06,7.577747210701764e-06,0.07440244174785135,0.0,0.1509136013490937,-3.6641128237947616,-3.520098134577875,0.1509136013490937
196.0,0.0,0.0,0.35877240919072484,0.7966593727420705,4.452851079327736,71.75448183814497,1.0,0.0,4.3599164228799365,0.07,0.0,False,0.004015011612984326,0.35877240919072484,0.20075210188636897,0.07577747210701764,7.577747210701764e-06,7.577747210701764e-06,0.07175665677096223,0.0,0.005979626050378384,-3.6561917065856657,-3.563257050137866,0.005979626050378384
197.0,0.0,0.0,0.35916080154102237,1.1616255297557574,4.274812069052505,71.83216030820448,1.0,0.0,4.378539772930088,0.07,0.0,False,0.00391263852276894,0.35916080154102237,0.19563340858772954,0.07577747210701764,7.577747210701764e-06,7.577747210701764e-06,0.07183433759551514,0.0,0.36496615701368684,-3.1131865392967475,-3.2169142431743305,0.36496615701368684
198.0,0.0,0.0,0.32503815199349506,1.5170157881381148,4.236289733120245,65.007630398699,1.0,0.0,4.388403469640394,-0.16,0.0,False,0.0037754910820966205,0.32503815199349506,0.1887759845906819,0.07577747210701764,7.577747210701764e-06,7.577747210701764e-06,0.06500960082932723,0.0,0.3553902583823574,-2.71927394498213,-2.87138768150228,0.3553902583823574
199.0,0.0,0.0,0.2891216368145687,0.5417107007576509,4.255302102849122,57.82432736291374,1.0,0.0,4.4121302025381866,-0.03,0.0,False,0.0038817893701901156,0.28912163681456876,0.19409093927043436,0.07577747210701764,7.577747210701764e-06,7.577747210701764e-06,0.05782608006217372,0.0,-0.9753050873804638,-3.7135914020914704,-3.8704195017805354,0.9753050873804638
200.0,0.0,0.0,0.38633321065144977,0.24817510301142914,4.278859275333331,77.26664213028995,1.0,0.0,4.408341700817646,-0.01,0.0,False,0.003924492271246741,0.3863332106514498,0.19622610050285527,0.07577747210701764,7.577747210701764e-06,7.577747210701764e-06,0.07726898414087024,0.0,-0.2935355977462218,-4.030684172321902,-4.160166597806216,0.2935355977462218
201.0,0.0,0.0,0.4139401199277241,-0.5829266351153456,4.113234236856747,82.78802398554483,1.0,0.0,4.405189184042615,0.09,0.0,False,0.004120137480227364,0.4139401199277241,0.20600843507938324,0.07577747210701764,7.577747210701764e-06,7.577747210701764e-06,0.08279053335340074,0.0,-0.8311017381267747,-4.696160871972093,-4.988115819157961,0.8311017381267747
202.0,0.0,0.0,0.4967079680160388,-0.04520255846991367,4.181825305868205,99.34159360320776,1.0,0.0,4.387733138968125,0.05,0.0,False,0.00413129288263629,0.4967079680160388,0.2065662094264705,0.07577747210701764,7.577747210701764e-06,7.577747210701764e-06,0.0993446047223255,0.0,0.5377240766454319,-4.227027864338119,-4.4329356974380385,0.5377240766454319
203.0,0.0,0.0,0.4402268045936919,0.04164215186693359,4.025639740748347,88.04536091873838,1.0,0.0,4.384341241415995,0.18,0.0,False,0.004082259532169555,0.4402268045936919,0.20411452332501687,0.07577747210701764,7.577747210701764e-06,7.577747210701764e-06,0.08804802964046787,0.0,0.08684471033684726,-3.9839975888814134,-4.342699089549061,0.08684471033684726
204.0,0.0,0.0,0.43014637969889635,0.5590181374061924,4.164660407460218,86.02927593977927,1.0,0.0,4.357232283839031,0.13,0.0,False,0.003968055823889982,0.43014637969889635,0.1984042946406967,0.07577747210701764,7.577747210701764e-06,7.577747210701764e-06,0.08603188355244253,0.0,0.5173759855392589,-3.605642270054026,-3.798214146432839,0.5173759855392589
205.0,0.0,0.0,0.3793461597869722,0.11104043546328479,4.202319312438574,75.86923195739445,1.0,0.0,4.343268925882341,-0.05,0.0,False,0.004052579507687605,0.3793461597869722,0.2026305108555333,0.07577747210701764,7.577747210701764e-06,7.577747210701764e-06,0.07587153161141157,0.0,-0.44797770194290765,-4.091278876975289,-4.232228490419056,0.44797770194290765
206.0,0.0,0.0,0.42259526314029605,0.734168029678025,4.198603801132846,84.51905262805921,1.0,0.0,4.352623464741122,0.07,0.0,False,0.004071245571155856,0.422595263140296,0.20356382110128124,0.07577747210701764,7.577747210701764e-06,7.577747210701764e-06,0.08452161446470739,0.0,0.6231275942147402,-3.464435771454821,-3.6184554350630975,0.6231275942147402
207.0,0.0,0.0,0.3608366664936771,1.6284219570101617,4.228891863182525,72.16733329873543,1.0,0.0,4.337153182870067,-0.05,0.0,False,0.004229291750740902,0.3608366664936771,0.21146618996223351,0.07577747210701764,7.577747210701764e-06,7.577747210701764e-06,0.07216952074539389,0.0,0.8942539273321367,-2.6004699061723637,-2.7087312258599057,0.8942539273321367
208.0,0.0,0.0,0.2699049424031251,2.1069407946666825,4.110773167037464,53.98098848062502,1.0,0.0,4.342671411066946,0.11,0.0,False,0.004175190739160387,0.26990494240312507,0.20876111888501817,0.07577747210701764,7.577747210701764e-06,7.577747210701764e-06,0.053982624685365785,0.0,0.4785188376565208,-2.0038323723707814,-2.2357306164002635,0.4785188376565208
209.0,0.0,0.0,0.22155724871111473,2.382475243995924,4.064150222518346,44.31144974222295,1.0,0.0,4.327573644612633,0.04,0.0,False,0.004164634404011537,0.22155724871111473,0.20823329812791377,0.07577747210701764,7.577747210701764e-06,7.577747210701764e-06,0.04431279285590388,0.0,0.2755344493292413,-1.6816749785224219,-1.945098400616709,0.2755344493292413
210.0,0.0,0.0,0.19180221305793818,2.9128910706244593,4.226898258279785,38.36044261158764,1.0,0.0,4.322597227018999,0.1,0.0,False,0.004142836535712975,0.19180221305793818,0.20714339645404894,0.07577747210701764,7.577747210701764e-06,7.577747210701764e-06,0.0383616053457247,0.0,0.5304158266285355,-1.314007187655326,-1.4097061563945399,0.5304158266285355
211.0,0.0,0.0,0.13963619371900887,2.498024895628698,4.2287861181512,27.927238743801777,1.0,0.0,4.300570046009554,0.03,0.0,False,0.004119930498410497,0.1396361937190089,0.20599808591011698,0.07577747210701764,7.577747210701764e-06,7.577747210701764e-06,0.027928085239609192,0.0,-0.4148661749957614,-1.7307612225225024,-1.802545150380856,0.4148661749957614
212.0,0.0,0.0,0.18057939328306144,2.574855935820924,4.1539705065624295,36.11587865661229,1.0,0.0,4.30930591420342,0.08,0.0,False,0.00412935503622969,0.18057939328306147,0.20646931637191476,0.07577747210701764,7.577747210701764e-06,7.577747210701764e-06,0.03611697335631191,0.0,0.07683104019222631,-1.5791145707415053,-1.7344499783824956,0.07683104019222631
213.0,0.0,0.0,0.1699611456831395,2.7790459005991193,3.9792793053668434,33.9922291366279,1.0,0.0,4.303887247708999,0.15,0.0,False,0.004221389388274925,0.1699611456831395,0.2110710688448293,0.07577747210701764,7.577747210701764e-06,7.577747210701764e-06,0.03399325946689839,0.0,0.20418996477819507,-1.200233404767724,-1.5248413471098794,0.20418996477819507
214.0,0.0,0.0,0.14818669340103857,1.9727545208508186,3.903576819122863,29.637338680207712,1.0,0.0,4.274531788782199,0.13,0.0,False,0.0043182735507760655,0.14818669340103857,0.215915313678071,0.07577747210701764,7.577747210701764e-06,7.577747210701764e-06,0.029638237010442433,0.0,-0.8062913797483007,-1.9308222982720444,-2.3017772679313806,0.8062913797483007
215.0,0.0,0.0,0.22560374603382385,1.4876417343392947,3.9542131480878986,45.12074920676477,1.0,0.0,4.260968980674632,0.21,0.0,False,0.004638846741744303,0.22560374603382385,0.2319440946876131,0.07577747210701764,7.577747210701764e-06,7.577747210701764e-06,0.045122116850926854,0.0,-0.4851127865115239,-2.466571413748604,-2.7733272463353376,0.4851127865115239
216.0,0.0,0.0,0.2767918446710532,1.9775863645205318,4.135892720948498,55.358368934210645,1.0,0.0,4.228877459596917,-0.04,0.0,False,0.004427980021309128,0.2767918446710532,0.22140067877111916,0.07577747210701764,7.577747210701764e-06,7.577747210701764e-06,0.0553600468883986,0.0,0.48994463018123713,-2.1583063564279668,-2.251291095076385,0.48994463018123713
217.0,0.0,0.0,0.2280675283387734,1.830067981601629,4.065196972662756,45.61350566775468,1.0,0.0,4.25566505398127,-0.04,0.0,False,0.004351582632290354,0.2280675283387734,0.2175807803741753,0.07577747210701764,7.577747210701764e-06,7.577747210701764e-06,0.045614888247739176,0.0,-0.14751838291890285,-2.235128991061127,-2.4255970723796407,0.14751838291890285
218.0,0.0,0.0,0.24244787859459457,2.0633092148779726,4.091080810682985,48.489575718918914,1.0,0.0,4.2583480598121,-0.02,0.0,False,0.0042608891777941,0.24244787859459457,0.21304607328675912,0.07577747210701764,7.577747210701764e-06,7.577747210701764e-06,0.04849104547477004,0.0,0.2332412332763436,-2.027771595805012,-2.1950388449341274,0.2332412332763436
219.0,0.0,0.0,0.21648274711464233,1.9323555321454315,4.109175542735771,43.296549422928464,1.0,0.0,4.25463862798436,0.19,0.0,False,0.003914483556805853,0.21648274711464233,0.19572566098863536,0.07577747210701764,7.577747210701764e-06,7.577747210701764e-06,0.04329786177421025,0.0,-0.13095368273254104,-2.176820010590339,-2.322283095838929,0.13095368273254104
220.0,0.0,0.0,0.22712101302429924,2.495516058146435,4.034044845131724,45.42420260485985,1.0,0.0,4.228218708601049,0.08,0.0,False,0.003972168797057268,0.22712101302429924,0.19860994485741457,0.07577747210701764,7.577747210701764e-06,7.577747210701764e-06,0.045425579446924796,0.0,0.5631605260010035,-1.5385287869852893,-1.732702650454614,0.5631605260010035
221.0,0.0,0.0,0.17124365347443363,2.1420285022207137,4.1033450964002665,34.248730694886724,1.0,0.0,4.203651715669569,0.03,0.0,False,0.003950680326718273,0.17124365347443363,0.19753551319875495,0.07577747210701764,7.577747210701764e-06,7.577747210701764e-06,0.03424976879991417,0.0,-0.35348755592572134,-1.9613165941795527,-2.061623213448855,0.35348755592572134
222.0,0.0,0.0,0.20533362079755446,2.6424041125331956,4.061649566899039,41.06672415951089,1.0,0.0,4.208017474946643,0.08,0.0,False,0.003860746212258678,0.20533362079755446,0.19303877340087588,0.07577747210701764,7.577747210701764e-06,7.577747210701764e-06,0.04106796892309616,0.0,0.5003756103124819,-1.4192454543658433,-1.5656133624134472,0.5003756103124819
223.0,0.0,0.0,0.1569739842686453,1.985264639940999,4.227962116082514,31.394796853729062,1.0,0.0,4.19544250850987,0.02,0.0,False,0.003918896653222932,0.1569739842686453,0.19594631748155572,0.07577747210701764,7.577747210701764e-06,7.577747210701764e-06,0.031395748453855205,0.0,-0.6571394725921966,-2.2426974761415153,-2.210177868568871,0.6571394725921966
224.0,0.0,0.0,0.22479521700167301,2.5373923972945356,4.171457648101658,44.9590434003346,1.0,0.0,4.212203430678219,-0.09,0.0,False,0.003811925488473499,0.22479521700167301,0.1905977187140618,0.07577747210701764,7.577747210701764e-06,7.577747210701764e-06,0.04496040614307093,0.0,0.5521277573535366,-1.6340652508071223,-1.6748110333836834,0.5521277573535366
225.0,0.0,0.0,0.17139528862900633,2.2226533999276317,4.24787048007495,34.279057725801266,1.0,0.0,4.233301982024157,0.09,0.0,False,0.003808988994940202,0.17139528862900633,0.19045089292479667,0.07577747210701764,7.577747210701764e-06,7.577747210701764e-06,0.034280096750064035,0.0,-0.3147389973669039,-2.0252170801473186,-2.0106485820965254,0.3147389973669039
226.0,0.0,0.0,0.20044646714636552,2.494275186944604,4.089369565699007,40.089293429273106,1.0,0.0,4.251410223093114,0.09,0.0,False,0.0037877954221643383,0.20044646714636552,0.18939120625602668,0.07577747210701764,7.577747210701764e-06,7.577747210701764e-06,0.04009050856619092,0.0,0.27162178701697215,-1.5950943787544034,-1.7571350361485099,0.27162178701697215
227.0,0.0,0.0,0.17170512753584075,1.7706084826432509,4.052993928104165,34.34102550716815,1.0,0.0,4.227194018024151,0.02,0.0,False,0.003849914224814404,0.1717051275358407,0.19249716992455915,0.07577747210701764,7.577747210701764e-06,7.577747210701764e-06,0.03434206640972142,0.0,-0.7236667043013529,-2.282385445460914,-2.4565855353809,0.7236667043013529
228.0,0.0,0.0,0.24447828183478063,1.4330999270253792,4.002657637256685,48.895656366956125,1.0,0.0,4.211391519205572,-0.04,0.0,False,0.003810877531925187,0.24447828183478063,0.19054532048958867,0.07577747210701764,7.577747210701764e-06,7.577747210701764e-06,0.04889713843141997,0.0,-0.33750855561787163,-2.5695577102313054,-2.7782915921801923,0.33750855561787163
229.0,0.0,0.0,0.277055289213365,0.9969677692576776,4.0868514377186145,55.411057842672996,1.0,0.0,4.215483930721967,0.02,0.0,False,0.0038590619981259556,0.2770552892133649,0.19295456205611242,0.07577747210701764,7.577747210701764e-06,7.577747210701764e-06,0.05541273739390176,0.0,-0.43613215776770164,-3.0898836684609368,-3.218516161464289,0.43613215776770164
230.0,0.0,0.0,0.32246958028252826,1.8374840402528863,4.101394201910102,64.49391605650565,1.0,0.0,4.203757791906279,-0.12,0.0,False,0.003947458923766366,0.32246958028252826,0.1973744418306107,0.07577747210701764,7.577747210701764e-06,7.577747210701764e-06,0.06449587091606218,0.0,0.8405162709952086,-2.2639101616572157,-2.3662737516533925,0.8405162709952086
231.0,0.0,0.0,0.23961664343392503,1.6715154222993878,4.064703484294712,47.923328686785005,1.0,0.0,4.221785751731083,0.04,0.0,False,0.003803090335848525,0.23961664343392503,0.19015595773528546,0.07577747210701764,7.577747210701764e-06,7.577747210701764e-06,0.04792478127925872,0.0,-0.1659686179534985,-2.393188061995324,-2.5502703294316955,0.1659686179534985
232.0,0.0,0.0,0.25503861899064995,2.1313162952429394,3.9882927910073405,51.007723798129994,1.0,0.0,4.233741262309705,0.02,0.0,False,0.0038579029531968594,0.25503861899064995,0.19289660937051006,0.07577747210701764,7.577747210701764e-06,7.577747210701764e-06,0.05100926988096106,0.0,0.45980087294355165,-1.856976495764401,-2.1024249670667654,0.45980087294355165
233.0,0.0,0.0,0.20900460313415523,2.350230827248634,3.9884533369776665,41.800920626831044,1.0,0.0,4.221998243115069,0.01,0.0,False,0.004044398661964794,0.20900460313415523,0.20222146546977368,0.07577747210701764,7.577747210701764e-06,7.577747210701764e-06,0.04180218764446861,0.0,0.21891453200569444,-1.6382225097290326,-1.8717674158664348,0.21891453200569444
234.0,0.0,0.0,0.18277748598657106,1.894253495196445,3.802540963993757,36.55549719731421,1.0,0.0,4.2214415157869105,0.32,0.0,False,0.004149560323581032,0.18277748598657106,0.20747958839501002,0.07577747210701764,7.577747210701764e-06,7.577747210701764e-06,0.03655660522218554,0.0,-0.45597733205218893,-1.908287468797312,-2.327188020590466,0.45597733205218893
235.0,0.0,0.0,0.2265490754989332,1.9599665135536481,3.747089098661897,45.30981509978664,1.0,0.0,4.178074939193573,0.21,0.0,False,0.0038136994389202403,0.2265490754989332,0.19068641690852617,0.07577747210701764,7.577747210701764e-06,7.577747210701764e-06,0.045311188474679465,0.0,0.06571301835720322,-1.787122585108249,-2.218108425639925,0.06571301835720322
236.0,0.0,0.0,0.21682641629875632,1.9441472278960603,3.7013228906387097,43.365283259751266,1.0,0.0,4.1598300867670215,0.3,0.0,False,0.0038138428671395715,0.21682641629875632,0.19069358837383604,0.07577747210701764,7.577747210701764e-06,7.577747210701764e-06,0.04336659769440782,0.0,-0.015819285657587834,-1.7571756627426494,-2.215682858870961,0.015819285657587834
237.0,0.0,0.0,0.2145127452558614,2.9100312574612754,3.8155622605141537,42.90254905117228,1.0,0.0,4.128312829329775,0.26,0.0,False,0.003924220955172375,0.2145127452558614,0.1962125345963386,0.07577747210701764,7.577747210701764e-06,7.577747210701764e-06,0.04290384946000369,0.0,0.9658840295652151,-0.9055310030528783,-1.2182815718684994,0.9658840295652151
238.0,0.0,0.0,0.11673045622416017,2.183409554060492,3.7974224986676552,23.346091244832035,1.0,0.0,4.089355956622524,0.0,0.0,False,0.0039768113216638885,0.11673045622416017,0.1988420728467394,0.07577747210701764,7.577747210701764e-06,7.577747210701764e-06,0.023346798882580958,0.0,-0.7266217034007836,-1.6140129446071634,-1.9059464025620318,0.7266217034007836
239.0,0.0,0.0,0.18826203187105045,2.349400784922327,3.8559643391783016,37.65240637421009,1.0,0.0,4.077380047397329,0.05,0.0,False,0.004045500402110263,0.18826203187105045,0.2022765528944826,0.07577747210701764,7.577747210701764e-06,7.577747210701764e-06,0.037653547647231285,0.0,0.16599123086183498,-1.5065635542559748,-1.7279792624750026,0.16599123086183498
240.0,0.0,0.0,0.17388170558144064,2.492811702058271,4.015700127467927,34.77634111628813,1.0,0.0,4.066101202875339,0.02,0.0,False,0.003940519635899709,0.17388170558144067,0.1970274748080694,0.07577747210701764,7.577747210701764e-06,7.577747210701764e-06,0.03477739521358799,0.0,0.14341091713594434,-1.5228884254096555,-1.5732895008170682,0.14341091713594434
241.0,0.0,0.0,0.16142393514075326,2.617234426267632,4.107247232284718,32.28478702815065,1.0,0.0,4.088283722317205,-0.1,0.0,False,0.00400982902820893,0.1614239351407533,0.2004929706839831,0.07577747210701764,7.577747210701764e-06,7.577747210701764e-06,0.03228576560455462,0.0,0.12442272420936096,-1.4900128060170856,-1.4710492960495727,0.12442272420936096
242.0,0.0,0.0,0.15219955726149004,2.2618229988887744,4.079654512568872,30.43991145229801,1.0,0.0,4.107112214954515,-0.04,0.0,False,0.004170438947838057,0.15219955726149004,0.20852352751850803,0.07577747210701764,7.577747210701764e-06,7.577747210701764e-06,0.030440834109122728,0.0,-0.3554114273788578,-1.817831513680098,-1.845289216065741,0.3554114273788578
243.0,0.0,0.0,0.18758428476295122,2.0642741121691097,4.002775627371655,37.516856952590246,1.0,0.0,4.139287665371056,-0.09,0.0,False,0.004241761138941863,0.18758428476295122,0.21208966409677515,0.07577747210701764,7.577747210701764e-06,7.577747210701764e-06,0.03751799411700557,0.0,-0.19754888671966464,-1.938501515202545,-2.0750135532019467,0.19754888671966464
244.0,0.0,0.0,0.2069829259879256,1.7212359946559896,4.015808051225543,41.39658519758512,1.0,0.0,4.137736919832816,0.13,0.0,False,0.004165883516791984,0.20698292598792561,0.2082957542402091,0.07577747210701764,7.577747210701764e-06,7.577747210701764e-06,0.04139783995950887,0.0,-0.3430381175131201,-2.294572056569553,-2.416500925176827,0.3430381175131201
245.0,0.0,0.0,0.24286000866096544,1.967003594402963,4.030116376859154,48.57200173219309,1.0,0.0,4.134181795262867,-0.15,0.0,False,0.0042365720466684955,0.24286000866096544,0.21183020751702533,0.07577747210701764,7.577747210701764e-06,7.577747210701764e-06,0.04857347398643925,0.0,0.24576759974697326,-2.0631127824561912,-2.167178200859904,0.24576759974697326
246.0,0.0,0.0,0.21766394123962043,2.4074987892907966,4.063267086983317,43.53278824792409,1.0,0.0,4.149928097853302,0.0,0.0,False,0.004309411805827451,0.2176639412396205,0.21547222307303712,0.07577747210701764,7.577747210701764e-06,7.577747210701764e-06,0.043534107759784,0.0,0.44049519488783373,-1.6557682976925205,-1.7424293085625058,0.44049519488783373
247.0,0.0,0.0,0.17536325631264782,2.158456497194181,4.137463377732363,35.07265126252956,1.0,0.0,4.143725476915345,0.06,0.0,False,0.0041587494965316454,0.17536325631264785,0.20793905052420217,0.07577747210701764,7.577747210701764e-06,7.577747210701764e-06,0.035073714341214896,0.0,-0.24904229209661555,-1.979006880538182,-1.9852689797211642,0.24904229209661555
248.0,0.0,0.0,0.1999630210667143,2.1176529627557885,4.223767698103638,39.99260421334286,1.0,0.0,4.161197795338592,-0.03,0.0,False,0.004300668707199516,0.19996302106671426,0.21503506482899074,0.07577747210701764,7.577747210701764e-06,7.577747210701764e-06,0.039993816419537136,0.0,-0.040803534438392575,-2.106114735347849,-2.0435448325828034,0.040803534438392575
249.0,0.0,0.0,0.20904310373347698,2.833199481888575,4.356356283478984,41.8086207466954,1.0,0.0,4.158162471322579,0.24,0.0,False,0.004058193242872212,0.20904310373347698,0.20291119974173688,0.07577747210701764,7.577747210701764e-06,7.577747210701764e-06,0.04180988799772943,0.0,0.7155465191327863,-1.5231568015904093,-1.3249629894340043,0.7155465191327863
250.0,0.0,0.0,0.14112543454273294,2.220980434938866,4.394082884894367,28.225086908546587,1.0,0.0,4.208163203880368,0.24,0.0,False,0.004021424063123856,0.14112543454273294,0.20107272682294164,0.07577747210701764,7.577747210701764e-06,7.577747210701764e-06,0.02822594243235799,0.0,-0.6122190469497086,-2.1731024499555005,-1.9871827689415014,0.6122190469497086
251.0,0.0,0.0,0.2046591021939668,3.374521508555622,4.471101396453377,40.93182043879336,1.0,0.0,4.244507297959301,0.19,0.0,False,0.0039082929273726846,0.2046591021939668,0.19541612717142565,0.07577747210701764,7.577747210701764e-06,7.577747210701764e-06,0.04093306111334444,0.0,1.153541073616756,-1.0965798878977546,-0.8699857894036791,1.153541073616756
252.0,0.0,0.0,0.09295255125654318,2.9975134769577463,4.459599405157085,18.590510251308636,1.0,0.0,4.267648999625572,0.22,0.0,False,0.0038283014420428035,0.09295255125654318,0.19141652259716882,0.07577747210701764,7.577747210701764e-06,7.577747210701764e-06,0.018591073743787427,0.0,-0.3770080315978759,-1.4620859281993384,-1.2701355226678257,0.3770080315978759
253.0,0.0,0.0,0.1301364509970468,2.99464268029968,4.349151526381495,26.02729019940936,1.0,0.0,4.304082239667854,-0.07,0.0,False,0.003913656410254836,0.1301364509970468,0.19568430334768908,0.07577747210701764,7.577747210701764e-06,7.577747210701764e-06,0.026028079106334038,0.0,-0.0028707966580663324,-1.3545088460818149,-1.3094395593681738,0.0028707966580663324
254.0,0.0,0.0,0.13353326076901673,3.3141720611802947,4.302414864792975,26.706652153803347,1.0,0.0,4.29892729398464,0.07,0.0,False,0.0038262029999573317,0.13353326076901673,0.19131159969782205,0.07577747210701764,7.577747210701764e-06,7.577747210701764e-06,0.026707461652704604,0.0,0.3195293808806148,-0.98824280361268,-0.9847552328043454,0.3195293808806148
255.0,0.0,0.0,0.10676837950427055,3.4254243018760584,4.447894530345945,21.35367590085411,1.0,0.0,4.330025882054562,0.19,0.0,False,0.003688366165542284,0.10676837950427055,0.18441970575243538,0.07577747210701764,7.577747210701764e-06,7.577747210701764e-06,0.021354323146981408,0.0,0.11125224069576367,-1.0224702284698863,-0.9046015801785035,0.11125224069576367
256.0,0.0,0.0,0.09746896542579497,3.4919042139455354,4.450100228273153,19.493793085158995,1.0,0.0,4.3818963094124985,0.04,0.0,False,0.0036368232113295684,0.09746896542579499,0.18184253851282567,0.07577747210701764,7.577747210701764e-06,7.577747210701764e-06,0.01949438395682621,0.0,0.06647991206947701,-0.9581960143276178,-0.8899920954669631,0.06647991206947701
257.0,0.0,0.0,0.09574585346212203,2.5554451758055734,4.488308573588011,19.149170692424406,1.0,0.0,4.400150885893051,0.17,0.0,False,0.0036311368564192386,0.09574585346212203,0.18155821861282118,0.07577747210701764,7.577747210701764e-06,7.577747210701764e-06,0.019149751118325273,0.0,-0.936459038139962,-1.9328633977824374,-1.844705710087478,0.936459038139962
258.0,0.0,0.0,0.18891345420928116,2.6362715709845244,4.295038344829669,37.78269084185623,1.0,0.0,4.449399025460455,-0.01,0.0,False,0.003711937640180081,0.18891345420928116,0.18559828841525897,0.07577747210701764,7.577747210701764e-06,7.577747210701764e-06,0.03778383606389855,0.0,0.08082639517895096,-1.6587667738451444,-1.8131274544759304,0.08082639517895096
259.0,0.0,0.0,0.17921791870346507,3.566902279131646,4.350546199234258,35.84358374069301,1.0,0.0,4.444651294818418,0.11,0.0,False,0.003675797813131235,0.17921791870346504,0.183791283369893,0.07577747210701764,7.577747210701764e-06,7.577747210701764e-06,0.03584467018692701,0.0,0.9306307081471217,-0.783643920102612,-0.877749015686772,0.9306307081471217
260.0,0.0,0.0,0.08792347113747366,3.3672364127687358,4.434158011387967,17.584694227494733,1.0,0.0,4.428518661423351,0.03,0.0,False,0.003680333655432662,0.08792347113747365,0.1840180772035377,0.07577747210701764,7.577747210701764e-06,7.577747210701764e-06,0.01758522723292627,0.0,-0.19966586636291028,-1.0669215986192313,-1.0612822486546154,0.19966586636291028
261.0,0.0,0.0,0.10975228208735775,3.203708227865857,4.439710181685702,21.95045641747155,1.0,0.0,4.44617030359829,0.02,0.0,False,0.003859067924411512,0.10975228208735775,0.1929548583726356,0.07577747210701764,7.577747210701764e-06,7.577747210701764e-06,0.021951121752469355,0.0,-0.16352818490287868,-1.2360019538198448,-1.242462075732433,0.16352818490287868
262.0,0.0,0.0,0.12695392128989225,3.3454729599118065,4.539270858237407,25.39078425797845,1.0,0.0,4.464800817394785,-0.01,0.0,False,0.003888487619397075,0.12695392128989225,0.19442585426866432,0.07577747210701764,7.577747210701764e-06,7.577747210701764e-06,0.02539155387192484,0.0,0.14176473204594942,-1.1937978983256001,-1.1193278574829786,0.14176473204594942
263.0,0.0,0.0,0.12019110748003502,3.349928132943536,4.67940256839697,24.038221496007004,1.0,0.0,4.473295542000925,0.23,0.0,False,0.004201652215590062,0.12019110748003502,0.21008420273242093,0.07577747210701764,7.577747210701764e-06,7.577747210701764e-06,0.024038950112749275,0.0,0.004455173031729487,-1.329474435453434,-1.1233674090573893,0.004455173031729487
264.0,0.0,0.0,0.12203839650937948,3.5286729210166423,4.542671732612705,24.407679301875895,1.0,0.0,4.547429573603628,0.01,0.0,False,0.004071045413016242,0.12203839650937948,0.20355381311846327,0.07577747210701764,7.577747210701764e-06,7.577747210701764e-06,0.024408419117164737,0.0,0.17874478807310634,-1.0139988115960628,-1.0187566525869856,0.17874478807310634
265.0,0.0,0.0,0.10618279806755221,3.3913246612132903,4.606214489740962,21.23655961351044,1.0,0.0,4.570358336843267,0.13,0.0,False,0.003989479311514476,0.10618279806755222,0.19947547713901007,0.07577747210701764,7.577747210701764e-06,7.577747210701764e-06,0.02123720330975416,0.0,-0.13734825980335197,-1.2148898285276717,-1.1790336756299764,0.13734825980335197
266.0,0.0,0.0,0.12313213896821491,3.9233960420990432,4.68755286806566,24.626427793642982,1.0,0.0,4.590541133012257,0.06,0.0,False,0.004074001234502796,0.12313213896821491,0.20370160531271436,0.07577747210701764,7.577747210701764e-06,7.577747210701764e-06,0.024627174239364672,0.0,0.5320713808857529,-0.7641568259666172,-0.667145090913214,0.5320713808857529
267.0,0.0,0.0,0.06859445981885726,3.398073272642911,4.4876787607451964,13.718891963771451,1.0,0.0,4.622692704106568,-0.04,0.0,False,0.004226481787629816,0.06859445981885726,0.21132569074201965,0.07577747210701764,7.577747210701764e-06,7.577747210701764e-06,0.013719307793801634,0.0,-0.5253227694561322,-1.0896054881022854,-1.2246194314636574,0.5253227694561322
268.0,0.0,0.0,0.12082018145031646,1.8979255895540343,4.581316786511526,24.164036290063294,1.0,0.0,4.6093666298614435,-0.04,0.0,False,0.004405832825103515,0.12082018145031646,0.2202933105695458,0.07577747210701764,7.577747210701764e-06,7.577747210701764e-06,0.024164768720347486,0.0,-1.5001476830888767,-2.683391196957492,-2.711441040307409,1.5001476830888767
269.0,0.0,0.0,0.27314162670722325,1.7420000007384555,4.609779488054193,54.62832534144465,1.0,0.0,4.606320864385724,0.11,0.0,False,0.004338431764171986,0.27314162670722325,0.21692323198555938,0.07577747210701764,7.577747210701764e-06,7.577747210701764e-06,0.0546299811674571,0.0,-0.15592558881557883,-2.8677794873157376,-2.8643208636472686,0.15592558881557883
270.0,0.0,0.0,0.2911040520248541,2.115141686854125,4.629248445488232,58.22081040497083,1.0,0.0,4.62944534653626,-0.08,0.0,False,0.004332104433960865,0.2911040520248541,0.21660686307765784,0.07577747210701764,7.577747210701764e-06,7.577747210701764e-06,0.058222575121932796,0.0,0.37314168611566956,-2.5141067586341066,-2.5143036596821347,0.37314168611566956
271.0,0.0,0.0,0.25383584534926407,1.1525702874098716,4.73300603891291,50.76716906985281,1.0,0.0,4.653150816632906,0.01,0.0,False,0.004424531456084524,0.25383584534926407,0.2212282492032713,0.07577747210701764,7.577747210701764e-06,7.577747210701764e-06,0.05076870786128745,0.0,-0.9625713994442535,-3.580435751503038,-3.5005805292230345,0.9625713994442535
272.0,0.0,0.0,0.35302343549046133,0.44769475040762574,4.689584569606483,70.60468709809227,1.0,0.0,4.6535963155402165,0.04,0.0,False,0.004369357963279208,0.35302343549046133,0.21846955365846632,0.07577747210701764,7.577747210701764e-06,7.577747210701764e-06,0.07060682717975808,0.0,-0.7048755370022458,-4.241889819198857,-4.20590156513259,0.7048755370022458
273.0,0.0,0.0,0.42457641057641965,1.1180765334580707,4.777797617714835,84.91528211528393,1.0,0.0,4.682938398432162,0.08,0.0,False,0.004320072075816179,0.42457641057641965,0.21600524061151524,0.07577747210701764,7.577747210701764e-06,7.577747210701764e-06,0.08491785596194867,0.0,0.6703817830504449,-3.6597210842567645,-3.564861864974091,0.6703817830504449
274.0,0.0,0.0,0.36311770101709107,1.4801132515402684,4.896049589589406,72.62354020341822,1.0,0.0,4.693619722807367,0.33,0.0,False,0.004163408800294337,0.36311770101709107,0.20817201747768802,0.07577747210701764,7.577747210701764e-06,7.577747210701764e-06,0.07262574147805427,0.0,0.36203671808219773,-3.415936338049138,-3.2135064712670984,0.36203671808219773
275.0,0.0,0.0,0.3293807862909987,1.5164781401331946,4.8255313427224555,65.87615725819974,1.0,0.0,4.749391124336279,0.06,0.0,False,0.004154341530478033,0.3293807862909987,0.20771865055139885,0.07577747210701764,7.577747210701764e-06,7.577747210701764e-06,0.06587815401453642,0.0,0.03636488859292619,-3.309053202589261,-3.2329129842030846,0.03636488859292619
276.0,0.0,0.0,0.3291776378576728,1.5702992845105281,4.94171351695339,65.83552757153456,1.0,0.0,4.774045912666981,0.19,0.0,False,0.0042234450365664835,0.3291776378576728,0.2111738520382664,0.07577747210701764,7.577747210701764e-06,7.577747210701764e-06,0.0658375230963546,0.0,0.05382114437733354,-3.371414232442862,-3.203746628156453,0.05382114437733354
277.0,0.0,0.0,0.3273902373783739,1.7691319608780731,5.0409327907812616,65.47804747567479,1.0,0.0,4.808379239956275,0.16,0.0,False,0.004249152761623512,0.3273902373783739,0.21245924803144992,0.07577747210701764,7.577747210701764e-06,7.577747210701764e-06,0.06548003216500174,0.0,0.19883267636754498,-3.2718008299031887,-3.039247279078202,0.19883267636754498
278.0,0.0,0.0,0.3097649092411507,2.1609693401043994,4.923395320743834,61.95298184823014,1.0,0.0,4.84432570231717,0.06,0.0,False,0.004129103172545643,0.3097649092411507,0.2064567230922846,0.07577747210701764,7.577747210701764e-06,7.577747210701764e-06,0.06195485969014185,0.0,0.39183737922632633,-2.762425980639435,-2.6833563622127707,0.39183737922632633
279.0,0.0,0.0,0.2732335222626781,1.988249603158219,4.9020788400890645,54.64670445253562,1.0,0.0,4.866898419298426,0.03,0.0,False,0.004214831242003016,0.2732335222626781,0.21074315904643523,0.07577747210701764,7.577747210701764e-06,7.577747210701764e-06,0.054648360835632875,0.0,-0.17271973694618037,-2.9138292369308454,-2.878648816140207,0.17271973694618037
280.0,0.0,0.0,0.29492869446691855,1.9060468873888194,4.866501894761727,58.98573889338371,1.0,0.0,4.893408087459238,-0.05,0.0,False,0.004083825873920788,0.29492869446691855,0.20419284100604568,0.07577747210701764,7.577747210701764e-06,7.577747210701764e-06,0.058987526795908865,0.0,-0.08220271576939964,-2.960455007372908,-2.987361200070419,0.08220271576939964
281.0,0.0,0.0,0.3036040226635644,1.6376927030969946,4.923333351965363,60.72080453271288,1.0,0.0,4.9376482925819944,0.04,0.0,False,0.00391844081796885,0.3036040226635644,0.1959235255461415,0.07577747210701764,7.577747210701764e-06,7.577747210701764e-06,0.06072264502639474,0.0,-0.2683541842918249,-3.2856406488683687,-3.299955589485,0.2683541842918249
282.0,0.0,0.0,0.3341379775851276,1.318415451507413,5.087675465015606,66.82759551702551,1.0,0.0,4.942202145751255,0.12,0.0,False,0.00399709307243812,0.3341379775851276,0.19985616806994996,0.07577747210701764,7.577747210701764e-06,7.577747210701764e-06,0.06682962111217812,0.0,-0.31927725158958165,-3.7692600135081937,-3.623786694243842,0.31927725158958165
283.0,0.0,0.0,0.367926636087632,1.5568199770401305,5.177158804200224,73.5853272175264,1.0,0.0,4.9791990796046495,0.11,0.0,False,0.004177326722481872,0.367926636087632,0.2088679188603895,0.07577747210701764,7.577747210701764e-06,7.577747210701764e-06,0.07358755764465699,0.0,0.23840452553271763,-3.6203388271600936,-3.422379102564519,0.23840452553271763
284.0,0.0,0.0,0.35095877522480456,1.9194181481101118,5.336038043018671,70.19175504496091,1.0,0.0,4.997821215135747,0.51,0.0,False,0.003992049940399723,0.35095877522480456,0.19960400955725122,0.07577747210701764,7.577747210701764e-06,7.577747210701764e-06,0.07019388261034272,0.0,0.36259817106998127,-3.4166198949085587,-3.0784030670256346,0.36259817106998127
285.0,0.0,0.0,0.3214867029141187,1.7171166354427894,5.260868511036593,64.29734058282374,1.0,0.0,5.0665407031321745,0.23,0.0,False,0.004140588381385504,0.3214867029141187,0.2070309878858781,0.07577747210701764,7.577747210701764e-06,7.577747210701764e-06,0.06429928948402842,0.0,-0.20230151266732244,-3.5437518755938036,-3.349424067689385,0.20230151266732244
286.0,0.0,0.0,0.3437731626655954,1.521876854950587,5.265764747928393,68.75463253311908,1.0,0.0,5.13440698449961,0.16,0.0,False,0.004120328923235099,0.3437731626655955,0.2060180073023052,0.07577747210701764,7.577747210701764e-06,7.577747210701764e-06,0.06875671653822656,0.0,-0.19523978049220236,-3.743887892977806,-3.612530129549023,0.19523978049220236
287.0,0.0,0.0,0.3670179178515411,2.67279490757452,5.2646670560777435,73.40358357030821,1.0,0.0,5.154978513404966,0.15,0.0,False,0.004158462512688555,0.3670179178515411,0.20792470122331302,0.07577747210701764,7.577747210701764e-06,7.577747210701764e-06,0.0734058084886509,0.0,1.150918052623933,-2.5918721485032234,-2.4821836058304463,1.150918052623933
288.0,0.0,0.0,0.25583746747074654,2.5300332277006614,5.335071311797436,51.16749349414931,1.0,0.0,5.192195091916159,0.1,0.0,False,0.004190604808541768,0.25583746747074654,0.20953182819428331,0.07577747210701764,7.577747210701764e-06,7.577747210701764e-06,0.05116904441972116,0.0,-0.14276167987385868,-2.8050380840967746,-2.6621618642154976,0.14276167987385868
289.0,0.0,0.0,0.27180101052307615,2.943870324132417,5.200514857452552,54.36020210461523,1.0,0.0,5.231266515864759,0.07,0.0,False,0.004024639488165084,0.27180101052307615,0.20123349929328696,0.07577747210701764,7.577747210701764e-06,7.577747210701764e-06,0.054361849803608815,0.0,0.4138370964317555,-2.256644533320135,-2.2873961917323418,0.4138370964317555
290.0,0.0,0.0,0.23324042115855828,2.760702330257333,5.135126316492814,46.64808423171166,1.0,0.0,5.2481463148988885,-0.07,0.0,False,0.003940487181202175,0.2332404211585583,0.19702585206089604,0.07577747210701764,7.577747210701764e-06,7.577747210701764e-06,0.04664949817055783,0.0,-0.1831679938750841,-2.374423986235481,-2.4874439846415557,0.1831679938750841
291.0,0.0,0.0,0.25466452484486113,2.7501468785638647,5.305935328325119,50.932904968972224,1.0,0.0,5.276362907565541,0.01,0.0,False,0.003941616814441499,0.25466452484486113,0.19708233415086612,0.07577747210701764,7.577747210701764e-06,7.577747210701764e-06,0.050934448783987785,0.0,-0.010555451693468054,-2.555788449761254,-2.526216029001676,0.010555451693468054
292.0,0.0,0.0,0.25822686612527584,2.5305335311113857,5.320017967637119,51.64537322505517,1.0,0.0,5.307444067875582,0.17,0.0,False,0.003861142459239297,0.25822686612527584,0.19305858590003985,0.07577747210701764,7.577747210701764e-06,7.577747210701764e-06,0.05164693863552444,0.0,-0.21961334745247907,-2.789484436525733,-2.776910536764196,0.21961334745247907
293.0,0.0,0.0,0.2813698827031617,2.64424584743294,5.302785826278751,56.27397654063234,1.0,0.0,5.3325133787123455,-0.09,0.0,False,0.003871663744243565,0.2813698827031617,0.19358465413663514,0.07577747210701764,7.577747210701764e-06,7.577747210701764e-06,0.05627568224758194,0.0,0.11371231632155432,-2.6585399788458113,-2.6882675312794055,0.11371231632155432
294.0,0.0,0.0,0.27119154954829416,2.504064226065343,5.368689833470161,54.23830990965883,1.0,0.0,5.344338965635192,0.09,0.0,False,0.0036712483463049728,0.27119154954829416,0.1835638083048445,0.07577747210701764,7.577747210701764e-06,7.577747210701764e-06,0.05423995391400746,0.0,-0.14018162136759704,-2.864625607404818,-2.840274739569849,0.14018162136759704
295.0,0.0,0.0,0.2886479223230707,1.439291333398291,5.481893423127182,57.729584464614135,1.0,0.0,5.356264093966287,0.19,0.0,False,0.0037516046321695654,0.2886479223230707,0.18758165304405514,0.07577747210701764,7.577747210701764e-06,7.577747210701764e-06,0.057731334292144935,0.0,-1.0647728926670519,-4.042602089728891,-3.9169727605679956,1.0647728926670519
296.0,0.0,0.0,0.3956079989220535,0.8486533318273762,5.526991239578011,79.1215997844107,1.0,0.0,5.390652814345459,-0.03,0.0,False,0.00384594122217159,0.3956079989220535,0.19229851828709787,0.07577747210701764,7.577747210701764e-06,7.577747210701764e-06,0.07912399802016569,0.0,-0.5906380015709148,-4.6783379077506355,-4.541999482518083,0.5906380015709148
297.0,0.0,0.0,0.4587382793551178,1.9996474673903553,5.564247589832726,91.74765587102355,1.0,0.0,5.3955212134893396,0.15,0.0,False,0.00394596447083848,0.4587382793551178,0.19729971861798712,0.07577747210701764,7.577747210701764e-06,7.577747210701764e-06,0.09175043681212365,0.0,1.150994135562979,-3.5646001224423705,-3.3958737460989843,1.150994135562979
298.0,0.0,0.0,0.345203350447646,1.9964862418776612,5.511003283076353,69.0406700895292,1.0,0.0,5.43620993551439,-0.01,0.0,False,0.0037994887551879362,0.34520335044764594,0.18997587733766277,0.07577747210701764,7.577747210701764e-06,7.577747210701764e-06,0.06904276276465215,0.0,-0.0031612255126940436,-3.514517041198692,-3.4397236936367293,0.0031612255126940436
299.0,0.0,0.0,0.3489294203283654,2.0179259984999343,5.582908261479589,69.78588406567307,1.0,0.0,5.451811765053111,0.19,0.0,False,0.0036693404357639554,0.3489294203283654,0.18346841205491043,0.07577747210701764,7.577747210701764e-06,7.577747210701764e-06,0.06978799932879737,0.0,0.021439756622273043,-3.5649822629796546,-3.4338857665531766,0.021439756622273043
300.0,0.0,0.0,0.3491529183763806,2.0672848890294593,5.482432444871986,69.83058367527613,1.0,0.0,5.485912650108393,-0.09,0.0,False,0.0038889768636378463,0.3491529183763806,0.1944503166660713,0.07577747210701764,7.577747210701764e-06,7.577747210701764e-06,0.06983270029327954,0.0,0.049358890529525024,-3.4151475558425264,-3.4186277610789335,0.049358890529525024
301.0,0.0,0.0,0.34333619188742903,2.2748170927377234,5.495901917689353,68.6672383774858,1.0,0.0,5.509587471891405,-0.02,0.0,False,0.003963607656452122,0.34333619188742903,0.1981818845834492,0.07577747210701764,7.577747210701764e-06,7.577747210701764e-06,0.06866931973361007,0.0,0.20753220370826408,-3.2210848249516295,-3.2347703791536815,0.20753220370826408
302.0,0.0,0.0,0.3265317254784144,2.14539808799808,5.5631687982968305,65.30634509568289,1.0,0.0,5.5007768936472665,0.0,0.0,False,0.004076555103733667,0.32653172547841436,0.2038292997418868,0.07577747210701764,7.577747210701764e-06,7.577747210701764e-06,0.06530832458058035,0.0,-0.1294190047396433,-3.4177707102987505,-3.3553788056491864,0.1294190047396433
303.0,0.0,0.0,0.34282798005038756,1.7427198458762145,5.662824213210578,68.56559601007751,1.0,0.0,5.540258066265461,0.2,0.0,False,0.004239277194293053,0.34282798005038756,0.21196546592319934,0.07577747210701764,7.577747210701764e-06,7.577747210701764e-06,0.06856767428534447,0.0,-0.40267824212186554,-3.920104367334363,-3.7975382203892467,0.40267824212186554
304.0,0.0,0.0,0.3839401045814082,1.8555963246918168,5.5886971342775205,76.78802091628164,1.0,0.0,5.573807781690431,-0.05,0.0,False,0.004216489102742195,0.38394010458140815,0.21082605271153662,0.07577747210701764,7.577747210701764e-06,7.577747210701764e-06,0.07679034841948958,0.0,0.11287647881560225,-3.7331008095857037,-3.718211456998614,0.11287647881560225
305.0,0.0,0.0,0.3751915460797553,2.414861531545282,5.566451859707258,75.03830921595106,1.0,0.0,5.5822663617431205,-0.06,0.0,False,0.004246327489063396,0.3751915460797553,0.21231798333298413,0.07577747210701764,7.577747210701764e-06,7.577747210701764e-06,0.07504058368406907,0.0,0.5592652068534654,-3.151590328161976,-3.1674048301978384,0.5592652068534654
306.0,0.0,0.0,0.3212881731651677,2.8308689931753968,5.5242066885870145,64.25763463303355,1.0,0.0,5.607653940823956,-0.14,0.0,False,0.004446241080820569,0.3212881731651677,0.22231373866557583,0.07577747210701764,7.577747210701764e-06,7.577747210701764e-06,0.06425958233072075,0.0,0.4160074616301146,-2.6933376954116177,-2.776784947648559,0.4160074616301146
307.0,0.0,0.0,0.27603612234147734,2.722622114509807,5.342955658003172,55.20722446829547,1.0,0.0,5.627864995224858,0.17,0.0,False,0.004421730106744062,0.27603612234147734,0.2210881806748523,0.07577747210701764,7.577747210701764e-06,7.577747210701764e-06,0.055208897841179924,0.0,-0.10824687866558991,-2.620333543493365,-2.905242880715051,0.10824687866558991
308.0,0.0,0.0,0.28530664318777094,2.2988362656469232,5.3143431486302095,57.06132863755419,1.0,0.0,5.591334803187974,0.09,0.0,False,0.00425426860504444,0.28530664318777094,0.21271504214082487,0.07577747210701764,7.577747210701764e-06,7.577747210701764e-06,0.05706305820974356,0.0,-0.4237858488628836,-3.0155068829832863,-3.2924985375410505,0.4237858488628836
309.0,0.0,0.0,0.3270899823456417,2.7151919605551416,5.354192349083514,65.41799646912834,1.0,0.0,5.575796645468495,0.15,0.0,False,0.004155727731543544,0.3270899823456418,0.20778796112988848,0.07577747210701764,7.577747210701764e-06,7.577747210701764e-06,0.0654199793382637,0.0,0.41635569490821833,-2.639000388528373,-2.8606046849133535,0.41635569490821833
310.0,0.0,0.0,0.28608344450362555,2.873808469501352,5.377837045113616,57.21668890072511,1.0,0.0,5.569860019363406,-0.02,0.0,False,0.004127157161681237,0.2860834445036255,0.20635942181174546,0.07577747210701764,7.577747210701764e-06,7.577747210701764e-06,0.05721842318200201,0.0,0.15861650894621038,-2.5040285756122644,-2.6960515498620543,0.15861650894621038
311.0,0.0,0.0,0.26832748838261594,2.3329483177731363,5.234708725516984,53.66549767652319,1.0,0.0,5.576134798992575,0.17,0.0,False,0.004116867094371511,0.26832748838261594,0.20584491454748274,0.07577747210701764,7.577747210701764e-06,7.577747210701764e-06,0.053667124318498176,0.0,-0.5408601517282157,-2.9017604077438475,-3.2431864812194386,0.5408601517282157
312.0,0.0,0.0,0.31817114862305024,2.648943846961935,5.234708847891147,63.634229724610044,1.0,0.0,5.5571850192213414,0.26,0.0,False,0.0042532585939065205,0.3181711486230502,0.2126645412012483,0.07577747210701764,7.577747210701764e-06,7.577747210701764e-06,0.06363615852642121,0.0,0.3159955291887986,-2.585765000929212,-2.9082411722594066,0.3159955291887986
313.0,0.0,0.0,0.28767961147820476,2.7539499026328182,5.359536837635374,57.53592229564095,1.0,0.0,5.514780355030336,-0.07,0.0,False,0.004287043154866961,0.2876796114782047,0.2143537820498136,0.07577747210701764,7.577747210701764e-06,7.577747210701764e-06,0.05753766625312439,0.0,0.10500605567088339,-2.6055869350025556,-2.7608304523975176,0.10500605567088339
314.0,0.0,0.0,0.279252878245099,2.966381215070101,5.654438925666851,55.850575649019795,1.0,0.0,5.5258489599126515,0.14,0.0,False,0.004343249202229273,0.279252878245099,0.21716410571369,0.07577747210701764,7.577747210701764e-06,7.577747210701764e-06,0.05585226852236694,0.0,0.21243131243728275,-2.6880577105967496,-2.5594677448425505,0.21243131243728275
315.0,0.0,0.0,0.261301614452966,3.2255165497740466,5.8108419247684004,52.2603228905932,1.0,0.0,5.546584490469765,0.29,0.0,False,0.004084881615599537,0.261301614452966,0.20424562848999028,0.07577747210701764,7.577747210701764e-06,7.577747210701764e-06,0.05226190694065368,0.0,0.25913533470394556,-2.585325374994354,-2.321067940695719,0.25913533470394556
316.0,0.0,0.0,0.23817050714614355,3.208299976118961,5.8264098493429195,47.63410142922871,1.0,0.0,5.579496363478762,0.08,0.0,False,0.00412654896400588,0.23817050714614355,0.20632901169753912,0.07577747210701764,7.577747210701764e-06,7.577747210701764e-06,0.04763554525500467,0.0,-0.017216573655085554,-2.6181098732239585,-2.3711963873598014,0.017216573655085554
317.0,0.0,0.0,0.2434486835776494,3.461687804281348,5.8323584255276675,48.68973671552988,1.0,0.0,5.607311861030289,0.21,0.0,False,0.004098452070181758,0.2434486835776494,0.20492415636077507,0.07577747210701764,7.577747210701764e-06,7.577747210701764e-06,0.04869121253841277,0.0,0.25338782816238714,-2.3706706212463193,-2.145624056748941,0.25338782816238714
318.0,0.0,0.0,0.22371471155354283,3.3734250768634206,5.945284485948573,44.742942310708564,1.0,0.0,5.642879051524599,0.32,0.0,False,0.004210441090015388,0.22371471155354286,0.2105236497836807,0.07577747210701764,7.577747210701764e-06,7.577747210701764e-06,0.04474429850325681,0.0,-0.08826272741792751,-2.5718594090851523,-2.269453974661178,0.08826272741792751
319.0,0.0,0.0,0.23682353978273674,3.4982575657722523,5.992445462180764,47.36470795654735,1.0,0.0,5.698919682493348,0.26,0.0,False,0.004209156263080494,0.23682353978273674,0.2104594079501313,0.07577747210701764,7.577747210701764e-06,7.577747210701764e-06,0.04736614361680265,0.0,0.1248324889088317,-2.4941878964085116,-2.200662116721096,0.1248324889088317
320.0,0.0,0.0,0.22918082160814243,4.1622580820092425,6.137344396388935,45.83616432162849,1.0,0.0,5.741750204136687,0.4,0.0,False,0.004035672321852476,0.22918082160814243,0.20178514515785784,0.07577747210701764,7.577747210701764e-06,7.577747210701764e-06,0.04583755365056581,0.0,0.6640005162369902,-1.9750863143796922,-1.5794921221274443,0.6640005162369902
321.0,0.0,0.0,0.1676407134423066,5.209802705561653,6.08095551678296,33.52814268846132,1.0,0.0,5.790152615570259,0.36,0.0,False,0.0038032293206471464,0.1676407134423066,0.19016290702787608,0.07577747210701764,7.577747210701764e-06,7.577747210701764e-06,0.033529158951919255,0.0,1.0475446235524108,-0.8711528112213065,-0.5803499100086054,1.0475446235524108
322.0,0.0,0.0,0.06407731558403384,5.850371423123014,5.886734516919886,12.815463116806768,1.0,0.0,5.8387287333797415,-0.08,0.0,False,0.003780629812902473,0.06407731558403384,0.18903292307797462,0.07577747210701764,7.577747210701764e-06,7.577747210701764e-06,0.012815851563222756,0.0,0.6405687175613606,-0.03636309379687219,0.011642689743272427,0.6405687175613606
323.0,0.0,0.0,0.0007393429710083946,6.923442266204702,5.811918098240467,0.14786859420167892,1.0,0.0,5.850600139486963,-0.04,0.0,False,0.003825536204571078,0.003144148699700602,0.1912782596758691,0.07577747210701764,7.577747210701764e-06,7.577747210701764e-06,0.0001478730762110243,0.0,1.0730708430816884,1.1115241679642356,1.072842126717739,1.0730708430816884
324.0,0.0,0.0,-0.107560508895185,7.8674282803030104,5.709267080843332,-21.512101779037,1.0,0.0,5.857765132960805,0.05,0.0,False,0.0038192130384013755,0.10756050889518498,0.1909620989716162,0.07577747210701764,7.577747210701764e-06,7.577747210701764e-06,-0.021512753827172933,0.0,0.9439860140983081,2.1581611994596788,2.0096631473422057,0.9439860140983081
325.0,0.0,0.0,-0.19999566985126496,8.212559691658251,5.8326147883964365,-39.99913397025299,1.0,0.0,5.84779642393554,-0.05,0.0,False,0.0038488196884278437,0.19999566985126493,0.1924424426905251,0.07577747210701764,7.577747210701764e-06,7.577747210701764e-06,-0.04000034637436915,0.0,0.34513141135524084,2.3799449032618147,2.3647632677227115,0.34513141135524084
326.0,0.0,0.0,-0.23303325167896297,7.971584553801319,6.0284657343637145,-46.606650335792594,1.0,0.0,5.867395805958895,0.12,0.0,False,0.0037536439558783384,0.23303325167896297,0.18768362000216768,0.07577747210701764,7.577747210701764e-06,7.577747210701764e-06,-0.04660806301874593,0.0,-0.2409751378569327,1.9431188194376041,2.1041887478424233,0.2409751378569327
327.0,0.0,0.0,-0.2028714795202194,8.466764046218476,5.94382091160804,-40.57429590404388,1.0,0.0,5.882138881514979,0.0,0.0,False,0.003847860003408323,0.2028714795202194,0.19239445807593653,0.07577747210701764,7.577747210701764e-06,7.577747210701764e-06,-0.040575525741754895,0.0,0.4951794924171571,2.5229431346104354,2.584625164703497,0.4951794924171571
328.0,0.0,0.0,-0.25057252673735564,8.134171824415395,6.020094315362589,-50.11450534747112,1.0,0.0,5.942792893159723,0.11,0.0,False,0.003846190262163024,0.25057252673735564,0.19231097038102776,0.07577747210701764,7.577747210701764e-06,7.577747210701764e-06,-0.050116024356172864,0.0,-0.3325922218030808,2.114077509052806,2.191378931255672,0.3325922218030808
329.0,0.0,0.0,-0.21186197470522816,8.286211430063009,6.185393803935167,-42.372394941045634,1.0,0.0,5.960943840081644,0.35,0.0,False,0.0038971608962919528,0.21186197470522816,0.19485952139960316,0.07577747210701764,7.577747210701764e-06,7.577747210701764e-06,-0.0423736792805035,0.0,0.1520396056476141,2.100817626127842,2.3252675899813653,0.1520396056476141
330.0,0.0,0.0,-0.22423988218810237,8.05399923885204,6.233163855174827,-44.847976437620474,1.0,0.0,6.015471805538722,0.11,0.0,False,0.004003450056727431,0.22423988218810237,0.20017401969299659,0.07577747210701764,7.577747210701764e-06,7.577747210701764e-06,-0.044849335813832845,0.0,-0.23221219121096937,1.8208353836772124,2.038527433313318,0.23221219121096937
331.0,0.0,0.0,-0.19807586875438063,8.143763842213056,6.324681203926336,-39.615173750876124,1.0,0.0,6.043727646524899,0.21,0.0,False,0.003982614108756599,0.19807586875438063,0.19913221439997758,0.07577747210701764,7.577747210701764e-06,7.577747210701764e-06,-0.03961637451686656,0.0,0.08976460336101688,1.8190826382867202,2.1000361956881575,0.08976460336101688
332.0,0.0,0.0,-0.20282511504344175,8.86160702567827,6.416818181495494,-40.56502300868835,1.0,0.0,6.073165502865137,0.32,0.0,False,0.003977815952416166,0.20282511504344175,0.1988923047649952,0.07577747210701764,7.577747210701764e-06,7.577747210701764e-06,-0.04056625256533087,0.0,0.717843183465213,2.444788844182775,2.788441522813133,0.717843183465213
333.0,0.0,0.0,-0.26917266300314113,8.995141542551483,6.39492875175538,-53.83453260062823,1.0,0.0,6.115435843906153,0.27,0.0,False,0.004096452903285077,0.26917266300314113,0.20482419725848192,0.07577747210701764,7.577747210701764e-06,7.577747210701764e-06,-0.053836164366180085,0.0,0.1335345168732136,2.6002127907961032,2.8797056986453304,0.1335345168732136
334.0,0.0,0.0,-0.27908286539614885,8.613121239573355,6.268640904512199,-55.81657307922977,1.0,0.0,6.169778409527048,0.14,0.0,False,0.003842402251215213,0.2790828653961489,0.19212156839840777,0.07577747210701764,7.577747210701764e-06,7.577747210701764e-06,-0.05581826492193321,0.0,-0.3820203029781286,2.3444803350611556,2.4433428300463067,0.3820203029781286
335.0,0.0,0.0,-0.2363933588351164,8.098864521542115,6.445849837136777,-47.278671767023276,1.0,0.0,6.204207147619757,0.31,0.0,False,0.003826860385553054,0.23639335883511634,0.1913444692266833,0.07577747210701764,7.577747210701764e-06,7.577747210701764e-06,-0.04728010481945635,0.0,-0.5142567180312394,1.6530146844053384,1.8946573739223584,0.5142567180312394
336.0,0.0,0.0,-0.17970517145719825,7.904306400685043,6.488912616322471,-35.94103429143965,1.0,0.0,6.249098084766416,0.2,0.0,False,0.00393650351018424,0.17970517145719825,0.1968266670006368,0.07577747210701764,7.577747210701764e-06,7.577747210701764e-06,-0.03594212369147383,0.0,-0.1945581208570717,1.4153937843625721,1.6552083159186273,0.1945581208570717
337.0,0.0,0.0,-0.15539570931797325,7.763680431307954,6.500321330009155,-31.07914186359465,1.0,0.0,6.301744718952047,0.23,0.0,False,0.0039592146606646774,0.15539570931797325,0.19796223312962638,0.07577747210701764,7.577747210701764e-06,7.577747210701764e-06,-0.03108008389597841,0.0,-0.1406259693770897,1.263359101298799,1.4619357123559071,0.1406259693770897
338.0,0.0,0.0,-0.13699095270353204,7.510700434658218,6.438629598843391,-27.39819054070641,1.0,0.0,6.35029043003517,0.14,0.0,False,0.004111105530933623,0.13699095270353204,0.20555683419260462,0.07577747210701764,7.577747210701764e-06,7.577747210701764e-06,-0.02739902100066116,0.0,-0.2529799966497359,1.0720708358148272,1.1604100046230474,0.2529799966497359
339.0,0.0,0.0,-0.109079794461997,7.301945952946168,6.38699091798535,-21.8159588923994,1.0,0.0,6.393719000132148,-0.1,0.0,False,0.004144133346182127,0.109079794461997,0.20720823746885156,0.07577747210701764,7.577747210701764e-06,7.577747210701764e-06,-0.021816620150675113,0.0,-0.2087544817120497,0.9149550349608182,0.9082269528140205,0.2087544817120497
340.0,0.0,0.0,-0.08571863630528095,7.514619277082856,6.40618328663684,-17.143727261056192,1.0,0.0,6.419861161082838,-0.03,0.0,False,0.004229352455571299,0.08571863630528095,0.2114692252267536,0.07577747210701764,7.577747210701764e-06,7.577747210701764e-06,-0.017144246900444214,0.0,0.21267332413668782,1.108435990446016,1.0947581160000182,0.21267332413668782
341.0,0.0,0.0,-0.10417048758627633,6.985799050940853,6.455919293913466,-20.834097517255266,1.0,0.0,6.444727112185501,0.02,0.0,False,0.004279254675713064,0.10417048758627633,0.21396435514116233,0.07577747210701764,7.577747210701764e-06,7.577747210701764e-06,-0.020834729014567316,0.0,-0.5288202261420025,0.5298797570273877,0.5410719387553522,0.5288202261420025
342.0,0.0,0.0,-0.048565433276007715,6.483126878493666,6.639950816023311,-9.713086655201543,1.0,0.0,6.472874932339007,0.21,0.0,False,0.004216498348813951,0.048565433276007715,0.2108265150186276,0.07577747210701764,7.577747210701764e-06,7.577747210701764e-06,-0.009713381066231796,0.0,-0.5026721724471876,-0.15682393752964519,0.010251946154658853,0.5026721724471876
343.0,0.0,0.0,0.005326763738999204,7.612116346068395,6.456561980842681,1.0653527477998408,1.0,0.0,6.50012631735195,-0.17,0.0,False,0.00417587653077615,0.005762877378217802,0.20879540872564414,0.07577747210701764,7.577747210701764e-06,7.577747210701764e-06,0.0010653850394503942,0.0,1.128989467574729,1.155554365225714,1.1119900287164448,1.128989467574729
344.0,0.0,0.0,-0.10380231754568968,7.56062174824101,6.49803660823586,-20.760463509137935,1.0,0.0,6.536396534127111,-0.15,0.0,False,0.004248104738097444,0.10380231754568968,0.2124068464580637,0.07577747210701764,7.577747210701764e-06,7.577747210701764e-06,-0.020761092774547296,0.0,-0.05149459782738486,1.06258514000515,1.0242252141138986,0.05149459782738486
345.0,0.0,0.0,-0.09761159444082847,7.464100366687853,6.337275589600654,-19.522318888165692,1.0,0.0,6.574053841225386,-0.1,0.0,False,0.004065995953176059,0.09761159444082847,0.2033013382132776,0.07577747210701764,7.577747210701764e-06,7.577747210701764e-06,-0.01952291062447165,0.0,-0.09652138155315715,1.126824777087199,0.8900465254624663,0.09652138155315715
346.0,0.0,0.0,-0.09016209242467335,7.358793955735741,6.323186333154776,-18.03241848493467,1.0,0.0,6.584468820033351,0.21,0.0,False,0.003953110802020826,0.09016209242467335,0.19765703788475894,0.07577747210701764,7.577747210701764e-06,7.577747210701764e-06,-0.018032965061228343,0.0,-0.10530641095211202,1.0356076225809643,0.7743251357023899,0.10530641095211202
347.0,0.0,0.0,-0.07867198375951037,7.241374939566427,6.320887124340935,-15.734396751902075,1.0,0.0,6.562445281163901,-0.12,0.0,False,0.004055754753476826,0.07867198375951037,0.2027892743480548,0.07577747210701764,7.577747210701764e-06,7.577747210701764e-06,-0.015734873673412465,0.0,-0.11741901616931383,0.9204878152254921,0.6789296584025255,0.11741901616931383
348.0,0.0,0.0,-0.06820034770267173,7.766502148596517,6.212720354474591,-13.640069540534347,1.0,0.0,6.572044310320362,0.07,0.0,False,0.003936658750731553,0.06820034770267173,0.19683442908682108,0.07577747210701764,7.577747210701764e-06,7.577747210701764e-06,-0.013640482981397042,0.0,0.5251272090300905,1.5537817941219263,1.194457838276155,0.5251272090300905
349.0,0.0,0.0,-0.1208630214172663,8.40550832727313,6.176677277793774,-24.17260428345326,1.0,0.0,6.559345622289982,0.05,0.0,False,0.004083721972144945,0.12086302141726632,0.20418764587788638,0.07577747210701764,7.577747210701764e-06,7.577747210701764e-06,-0.024173336973439836,0.0,0.6390061786766132,2.228831049479356,1.8461627049831488,0.6390061786766132
350.0,0.0,0.0,-0.18237608424200324,8.881629798852991,6.370446979701596,-36.47521684840065,1.0,0.0,6.557826140952684,-0.17,0.0,False,0.003954186833162751,0.18237608424200324,0.19771083984954982,0.07577747210701764,7.577747210701764e-06,7.577747210701764e-06,-0.03647632243991365,0.0,0.4761214715798605,2.5111828191513954,2.3238036579003074,0.4761214715798605
351.0,0.0,0.0,-0.22998203720923133,8.117616000761021,6.525035683471158,-45.996407441846266,1.0,0.0,6.5816783848599165,-0.02,0.0,False,0.004030128437454177,0.22998203720923135,0.2015079488374351,0.07577747210701764,7.577747210701764e-06,7.577747210701764e-06,-0.045997801627874216,0.0,-0.7640137980919697,1.5925803172898636,1.535937615901105,0.7640137980919697
352.0,0.0,0.0,-0.15471994070078857,8.506109973690794,6.428692533527205,-30.943988140157714,1.0,0.0,6.581722289473631,0.09,0.0,False,0.004106841866583897,0.15471994070078857,0.20534364935966984,0.07577747210701764,7.577747210701764e-06,7.577747210701764e-06,-0.03094492607592951,0.0,0.3884939729297727,2.0774174401635888,1.9243876842171632,0.3884939729297727
353.0,0.0,0.0,-0.19386991632046535,8.160058110641888,6.533105927363012,-38.77398326409307,1.0,0.0,6.570357972323183,0.09,0.0,False,0.00399501043872878,0.1938699163204653,0.19975203559539945,0.07577747210701764,7.577747210701764e-06,7.577747210701764e-06,-0.03877515853296125,0.0,-0.3460518630489062,1.6269521832788758,1.5897001383187046,0.3460518630489062
354.0,0.0,0.0,-0.15317759719883445,8.033532346764332,6.641870419163622,-30.63551943976689,1.0,0.0,6.567337355625261,0.09,0.0,False,0.004078335622996041,0.15317759719883445,0.20391832637962157,0.07577747210701764,7.577747210701764e-06,7.577747210701764e-06,-0.030636448025618202,0.0,-0.12652576387755587,1.39166192760071,1.466194991139071,0.12652576387755587
355.0,0.0,0.0,-0.13770372119796542,7.912223537995613,6.627382716097407,-27.540744239593085,1.0,0.0,6.628224101598049,-0.19,0.0,False,0.004089202144953552,0.1377037211979654,0.20446165659468504,0.07577747210701764,7.577747210701764e-06,7.577747210701764e-06,-0.02754157902045867,0.0,-0.12130880876871863,1.2848408218982064,1.283999436397564,0.12130880876871863
356.0,0.0,0.0,-0.12263778628551535,7.6254870094874105,6.659411748725223,-24.52755725710307,1.0,0.0,6.656442960585219,0.12,0.0,False,0.0038994509791454995,0.12263778628551535,0.19497402640996397,0.07577747210701764,7.577747210701764e-06,7.577747210701764e-06,-0.024528300705983743,0.0,-0.28673652850820286,0.9660752607621879,0.9690440489021919,0.28673652850820286
357.0,0.0,0.0,-0.0939892422518937,7.745536328032748,6.5816683471609245,-18.79784845037874,1.0,0.0,6.685799209233313,-0.16,0.0,False,0.004111005603828809,0.0939892422518937,0.20555183779950284,0.07577747210701764,7.577747210701764e-06,7.577747210701764e-06,-0.018798418227435745,0.0,0.12004931854533751,1.1638679808718235,1.0597371187994353,0.12004931854533751
358.0,0.0,0.0,-0.10486351196228429,8.395825222172865,6.616684334946327,-20.972702392456856,1.0,0.0,6.685558975632559,-0.05,0.0,False,0.004142574951349256,0.10486351196228429,0.20713031713675192,0.07577747210701764,7.577747210701764e-06,7.577747210701764e-06,-0.020973338090987895,0.0,0.6502888941401173,1.7791408872265384,1.7102662465403062,0.6502888941401173
359.0,0.0,0.0,-0.1668869954850029,8.64992557830568,6.759200944887295,-33.377399097000584,1.0,0.0,6.696861476950643,0.13,0.0,False,0.003983871415918453,0.16688699548500288,0.19919508023444815,0.07577747210701764,7.577747210701764e-06,7.577747210701764e-06,-0.03337841079130582,0.0,0.254100356132815,1.890724633418385,1.9530641013550376,0.254100356132815
360.0,0.0,0.0,-0.19013926089803568,8.733780415395744,6.752803143247065,-38.02785217960714,1.0,0.0,6.726892035949611,-0.08,0.0,False,0.004073083175592624,0.19013926089803568,0.2036557020193648,0.07577747210701764,7.577747210701764e-06,7.577747210701764e-06,-0.03802900483267572,0.0,0.08385483709006358,1.980977272148679,2.006888379446133,0.08385483709006358
361.0,0.0,0.0,-0.19574941431604498,7.509442028026385,6.818766335558554,-39.149882863208994,1.0,0.0,6.748460927962629,0.0,0.0,False,0.0040389218142628785,0.19574941431604498,0.20194762100956948,0.07577747210701764,7.577747210701764e-06,7.577747210701764e-06,-0.039151069525879385,0.0,-1.2243383873693592,0.6906756924678303,0.7609811000637556,1.2243383873693592
362.0,0.0,0.0,-0.0718554107803137,6.969395055456746,6.5934128434030885,-14.371082156062739,1.0,0.0,6.776212105256381,-0.07,0.0,False,0.003819827671123829,0.07185541078031371,0.19099283084061544,0.07577747210701764,7.577747210701764e-06,7.577747210701764e-06,-0.014371517754472762,0.0,-0.5400469725696384,0.3759822120536578,0.1931829502003657,0.5400469725696384
363.0,0.0,0.0,-0.020447429504280835,7.01781628287587,6.479223178457358,-4.089485900856167,1.0,0.0,6.790860695116318,0.23,0.0,False,0.0037152310528116815,0.020447429504280842,0.18576296029467143,0.07577747210701764,7.577747210701764e-06,7.577747210701764e-06,-0.004089609856278375,0.0,0.0484212274191238,0.5385931044185117,0.22695558775955238,0.0484212274191238
364.0,0.0,0.0,-0.02556299823135834,7.532385820834659,6.544145358488628,-5.112599646271668,1.0,0.0,6.764913013141344,-0.07,0.0,False,0.003971740718943624,0.025562998231358342,0.19858854078953891,0.07577747210701764,7.577747210701764e-06,7.577747210701764e-06,-0.0051127546130482,0.0,0.5145695379587885,0.9882404623460301,0.7674728076933146,0.5145695379587885
365.0,0.0,0.0,-0.07755576132301013,8.435095979291862,6.5860025526618395,-15.511152264602027,1.0,0.0,6.76217661506536,0.03,0.0,False,0.004069878593034895,0.07755576132301013,0.2034954716773026,0.07577747210701764,7.577747210701764e-06,7.577747210701764e-06,-0.01551162241940253,0.0,0.9027101584572037,1.8490934266300227,1.6729193642265026,0.9027101584572037
366.0,0.0,0.0,-0.17016063966326717,8.840339982888601,6.687011750556403,-34.03212793265343,1.0,0.0,6.756798822706856,-0.05,0.0,False,0.004074824851708247,0.17016063966326717,0.203742786485045,0.07577747210701764,7.577747210701764e-06,7.577747210701764e-06,-0.03403315947228672,0.0,0.4052440035967386,2.153328232332198,2.0835411601817446,0.4052440035967386
367.0,0.0,0.0,-0.2063667237338015,8.185378562348017,6.881202215671595,-41.2733447467603,1.0,0.0,6.733425110943564,0.09,0.0,False,0.0043482127858016075,0.2063667237338015,0.2174122867729458,0.07577747210701764,7.577747210701764e-06,7.577747210701764e-06,-0.041274595773172426,0.0,-0.6549614205405838,1.3041763466764218,1.451953451404453,0.6549614205405838
368.0,0.0,0.0,-0.13542055603803438,7.918419651820693,7.137474300449226,-27.084111207606874,1.0,0.0,6.77659455580733,0.39,0.0,False,0.004180419318904529,0.13542055603803438,0.20902254985326804,0.07577747210701764,7.577747210701764e-06,7.577747210701764e-06,-0.027084932147578608,0.0,-0.26695891052732446,0.780945351371467,1.1418250960133625,0.26695891052732446
369.0,0.0,0.0,-0.10383645244888859,7.904197095603557,7.277281688138361,-20.767290489777718,1.0,0.0,6.831121692830635,0.4,0.0,False,0.004306473508667277,0.10383645244888857,0.21532530710174475,0.07577747210701764,7.577747210701764e-06,7.577747210701764e-06,-0.020767919962118048,0.0,-0.01422255621713564,0.6269154074651961,1.073075402772922,0.01422255621713564
370.0,0.0,0.0,-0.09556832166505538,7.3112158380424015,7.234161104278515,-19.113664333011076,1.0,0.0,6.880015785012412,0.47,0.0,False,0.004218218349438271,0.09556832166505538,0.21091251570153008,0.07577747210701764,7.577747210701764e-06,7.577747210701764e-06,-0.019114243682687236,0.0,-0.5929812575611555,0.0770547337638865,0.43120005302998976,0.5929812575611555
371.0,0.0,0.0,-0.030795329423915784,7.728847445857311,7.34436536017827,-6.159065884783157,1.0,0.0,6.948477669323857,0.36,0.0,False,0.004295586797870786,0.030795329423915784,0.21478096743708305,0.07577747210701764,7.577747210701764e-06,7.577747210701764e-06,-0.006159252570745808,0.0,0.4176316078149096,0.38448208567904096,0.7803697765334539,0.4176316078149096
372.0,0.0,0.0,-0.06774135785874016,7.4795215955498575,7.262372291438836,-13.548271571748034,1.0,0.0,7.003250875842161,0.27,0.0,False,0.004368331666501631,0.06774135785874016,0.21841823843073663,0.07577747210701764,7.577747210701764e-06,7.577747210701764e-06,-0.013548682230144604,0.0,-0.24932585030745358,0.21714930411102173,0.4762707197076965,0.24932585030745358
373.0,0.0,0.0,-0.04101755927332506,7.321020960668485,7.166972071804522,-8.203511854665011,1.0,0.0,7.051408200925632,0.08,0.0,False,0.004464638368712212,0.04101755927332506,0.22323361003065784,0.07577747210701764,7.577747210701764e-06,7.577747210701764e-06,-0.00820376050933706,0.0,-0.15850063488137245,0.15404888886396328,0.26961275974285304,0.15850063488137245
374.0,0.0,0.0,-0.023456078483491453,7.144360258773267,7.0743385695760885,-4.691215696698291,1.0,0.0,7.069330461781838,-0.01,0.0,False,0.004356943280392873,0.023456078483491453,0.21784881481038312,0.07577747210701764,7.577747210701764e-06,7.577747210701764e-06,-0.0046913578910074165,0.0,-0.17666070189521843,0.0700216891971781,0.0750297969914282,0.17666070189521843
375.0,0.0,0.0,-0.005354634268228232,6.6339274571834554,6.885994655594976,-1.0709268536456464,1.0,0.0,7.086451288621905,-0.03,0.0,False,0.004432559210413098,0.005745793711702487,0.22162963996131457,0.07577747210701764,7.577747210701764e-06,7.577747210701764e-06,-0.0010709593142515794,0.0,-0.5104328015898112,-0.25206719841152037,-0.4525238314384499,0.5104328015898112
376.0,0.0,0.0,0.044114304352150156,7.113208949874409,6.8261167852182485,8.82286087043003,1.0,0.0,7.09081188728774,0.09,0.0,False,0.004277522783830931,0.044114304352150156,0.21387775989086374,0.07577747210701764,7.577747210701764e-06,7.577747210701764e-06,0.008823128298040928,0.0,0.4792814926909532,0.28709216465616016,0.02239706258666896,0.4792814926909532
377.0,0.0,0.0,-0.0037624059737388273,7.330066483918191,6.825511367789854,-0.7524811947477654,1.0,0.0,7.0750872150572945,0.04,0.0,False,0.0040971914242657085,0.004581278257125638,0.20486112358732975,0.07577747210701764,7.577747210701764e-06,7.577747210701764e-06,-0.0007525040030240278,0.0,0.2168575340437826,0.504555116128337,0.2549792688608967,0.2168575340437826
378.0,0.0,0.0,-0.025472081728429456,6.997732669740245,6.858085423192741,-5.094416345685891,1.0,0.0,7.075583464608952,-0.04,0.0,False,0.004023765967373748,0.025472081728429456,0.2011898229227542,0.07577747210701764,7.577747210701764e-06,7.577747210701764e-06,-0.005094570761312778,0.0,-0.3323338141779466,0.13964724654750338,-0.0778507948687075,0.3323338141779466
379.0,0.0,0.0,0.00612926071468256,7.581808110583013,6.873759028862648,1.225852142936512,1.0,0.0,7.075336015584083,0.08,0.0,False,0.004068620144810827,0.006363424840402745,0.20343254878928904,0.07577747210701764,7.577747210701764e-06,7.577747210701764e-06,0.0012258892994455757,0.0,0.584075440842768,0.7080490817203646,0.5064720949989292,0.584075440842768
380.0,0.0,0.0,-0.05239225620416928,6.763311168257239,6.950794715918658,-10.478451240833856,1.0,0.0,7.059027599186485,-0.08,0.0,False,0.0040030209695218096,0.05239225620416928,0.2001525651701398,0.07577747210701764,7.577747210701764e-06,7.577747210701764e-06,-0.01047876885064573,0.0,-0.8184969423257735,-0.18748354766141873,-0.2957164309292457,0.8184969423257735
381.0,0.0,0.0,0.031956224651980565,7.036291448359923,7.016762544719433,6.391244930396113,1.0,0.0,7.057865697777655,-0.02,0.0,False,0.003984527281404674,0.031956224651980565,0.19922787375725826,0.07577747210701764,7.577747210701764e-06,7.577747210701764e-06,0.006391438653881897,0.0,0.2729802801026837,0.01952890364048976,-0.021574249417732005,0.2729802801026837
382.0,0.0,0.0,0.009809290456192906,6.532827315154992,7.120398612526155,1.9618580912385812,1.0,0.0,7.082885522586655,-0.09,0.0,False,0.004225935972760349,0.009819792424703749,0.21129839979174395,0.07577747210701764,7.577747210701764e-06,7.577747210701764e-06,0.0019619175566466802,0.0,-0.5034641332049308,-0.5875712973711629,-0.5500582074316629,0.5034641332049308
383.0,0.0,0.0,0.06118231742236571,6.645393113414337,7.1054892050041305,12.236463484473143,1.0,0.0,7.134388069538021,0.0,0.0,False,0.004219604838847858,0.06118231742236571,0.21098184069733283,0.07577747210701764,7.577747210701764e-06,7.577747210701764e-06,0.012236834380970724,0.0,0.11256579825934487,-0.4600960915897936,-0.48899495612368415,0.11256579825934487
384.0,0.0,0.0,0.0504420983491603,6.924167078199637,7.1320852941018975,10.08841966983206,1.0,0.0,7.144673670585409,0.03,0.0,False,0.004009919552432732,0.05044209834916029,0.20049749692947177,0.07577747210701764,7.577747210701764e-06,7.577747210701764e-06,0.010088725457490922,0.0,0.2787739647852998,-0.20791821590226078,-0.22050659238577186,0.2787739647852998
385.0,0.0,0.0,0.026001854789205213,7.913133336599175,7.237710438799402,5.200370957841042,1.0,0.0,7.149833208779443,0.07,0.0,False,0.004032388433420009,0.026001854789205213,0.2016209494920106,0.07577747210701764,7.577747210701764e-06,7.577747210701764e-06,0.005200528585032661,0.0,0.9889662583995387,0.6754228977997734,0.7633001278197327,0.9889662583995387
386.0,0.0,0.0,-0.06597266413712774,8.037778099284385,7.345225460558241,-13.19453282742555,1.0,0.0,7.184195477865819,0.34,0.0,False,0.003936092758525168,0.06597266413712774,0.1968061292620545,0.07577747210701764,7.577747210701764e-06,7.577747210701764e-06,-0.013194932763732238,0.0,0.12464476268520919,0.6925526387261431,0.8535826214185658,0.12464476268520919
387.0,0.0,0.0,-0.07409155262758746,7.804610393716526,7.576109783466687,-14.818310525517493,1.0,0.0,7.253381699019317,0.29,0.0,False,0.0040895561659929115,0.07409155262758746,0.20447935778078702,0.07577747210701764,7.577747210701764e-06,7.577747210701764e-06,-0.01481875967975891,0.0,-0.23316770556785826,0.22850061024983948,0.5512286946972091,0.23316770556785826
388.0,0.0,0.0,-0.04406725549897069,8.374361438372759,7.674653199823866,-8.813451099794138,1.0,0.0,7.296834500655698,0.47,0.0,False,0.0039016594337266132,0.044067255498970684,0.19508444997577523,0.07577747210701764,7.577747210701764e-06,7.577747210701764e-06,-0.008813718242187744,0.0,0.5697510446562326,0.6997082385488929,1.077526937717061,0.5697510446562326
389.0,0.0,0.0,-0.09657466090699936,8.185451309552027,7.664135172148169,-19.314932181399872,1.0,0.0,7.363921142200698,0.33,0.0,False,0.003933154626485388,0.09657466090699934,0.1966592215468444,0.07577747210701764,7.577747210701764e-06,7.577747210701764e-06,-0.01931551763165731,0.0,-0.18891012882073177,0.5213161374038577,0.8215301673513293,0.18891012882073177
390.0,0.0,0.0,-0.07272648228025398,8.920348134940108,7.557227297460908,-14.545296456050796,1.0,0.0,7.4085782383844005,0.28,0.0,False,0.003878007728319511,0.07272648228025398,0.19390185574408786,0.07577747210701764,7.577747210701764e-06,7.577747210701764e-06,-0.014545737335028508,0.0,0.7348968253880805,1.3631208374792,1.5117698965557071,0.7348968253880805
391.0,0.0,0.0,-0.14391595827615974,8.79827534659601,7.5162354816020285,-28.78319165523195,1.0,0.0,7.458158931604576,-0.03,0.0,False,0.003948738947294807,0.14391595827615977,0.1974384434920176,0.07577747210701764,7.577747210701764e-06,7.577747210701764e-06,-0.02878406409562191,0.0,-0.12207278834409685,1.2820398649939824,1.340116414991435,0.12207278834409685
392.0,0.0,0.0,-0.12833635547833114,8.867337003972892,7.480605412781659,-25.667271095666226,1.0,0.0,7.481134024240942,-0.06,0.0,False,0.003916444916828123,0.12833635547833114,0.1958237297328833,0.07577747210701764,7.577747210701764e-06,7.577747210701764e-06,-0.02566804909013856,0.0,0.06906165737688141,1.386731591191233,1.3862029797319506,0.06906165737688141
393.0,0.0,0.0,-0.13272657502102797,8.442907131283931,7.575087360453876,-26.545315004205595,1.0,0.0,7.514863166789713,0.18,0.0,False,0.003687048490703205,0.13272657502102797,0.18435382151123103,0.07577747210701764,7.577747210701764e-06,7.577747210701764e-06,-0.02654611961285537,0.0,-0.42442987268896104,0.8678197708300548,0.9280439644942184,0.42442987268896104
394.0,0.0,0.0,-0.08847481774957208,8.40631755742596,7.519215841499014,-17.694963549914416,1.0,0.0,7.540020965340931,0.05,0.0,False,0.0036407124333295306,0.08847481774957208,0.1820370010864008,0.07577747210701764,7.577747210701764e-06,7.577747210701764e-06,-0.017695499897692826,0.0,-0.03658957385797201,0.8871017159269456,0.8662965920850283,0.03658957385797201
395.0,0.0,0.0,-0.08432735491222397,8.124016330135495,7.5244475373349475,-16.865470982444794,1.0,0.0,7.55812543179804,-0.07,0.0,False,0.0038985000344106784,0.08432735491222398,0.19492647881292197,0.07577747210701764,7.577747210701764e-06,7.577747210701764e-06,-0.016865982187673774,0.0,-0.28230122729046414,0.5995687928005475,0.5658908983374547,0.28230122729046414
396.0,0.0,0.0,-0.0546304196198286,6.32002272210464,7.50212904548846,-10.92608392396572,1.0,0.0,7.563012057734796,-0.01,0.0,False,0.0038167197407933413,0.0546304196198286,0.19083743314653553,0.07577747210701764,7.577747210701764e-06,7.577747210701764e-06,-0.010926415101864042,0.0,-1.8039936080308552,-1.1821063233838203,-1.2429893356301562,1.8039936080308552
397.0,0.0,0.0,0.13120405241863006,6.956262804452309,7.713147391261185,26.240810483726012,1.0,0.0,7.577691435161715,0.19,0.0,False,0.0036148261480253357,0.13120405241863003,0.18074267701320482,0.07577747210701764,7.577747210701764e-06,7.577747210701764e-06,0.026241605862612604,0.0,0.636240082347669,-0.7568845868088765,-0.6214286307094063,0.636240082347669
398.0,0.0,0.0,0.0698757368230826,7.122772591285196,7.735900459065883,13.97514736461652,1.0,0.0,7.632112957848051,0.07,0.0,False,0.003576768153616889,0.0698757368230826,0.17883976287308942,0.07577747210701764,7.577747210701764e-06,7.577747210701764e-06,0.013975570961942439,0.0,0.1665097868328873,-0.6131278677806868,-0.5093403665628546,0.1665097868328873
399.0,0.0,0.0,0.05568352019202398,7.08002434519437,7.733786832723987,11.136704038404796,1.0,0.0,7.655046647716624,0.13,0.0,False,0.0034982006325388953,0.05568352019202398,0.174911357050949,0.07577747210701764,7.577747210701764e-06,7.577747210701764e-06,0.01113704160035868,0.0,-0.04274824609082639,-0.6537624875296171,-0.5750223025222541,0.04274824609082639
