t,mean_abs_delta_real,mean_abs_delta_planning,mean_action,price,v_true,total_demand,mean_k,xs_k_std,mean_belief,mean_correctness,mean_salience,regime_post,xs_action_std,xs_action_mean_abs,xs_belief_std,xs_sigma_mean,xs_rho_mean,xs_rho_max,mean_myopic_term,mean_hedging_term,ret,mispricing_true,mispricing_belief,vol_proxy
0.0,0.0,0.0,-0.0060064417216545325,0.48806263724555393,-0.06416125592041887,-1.2012883443309066,1.0,0.0,0.0,-0.74,0.0,False,0.00950469049022027,0.008999730156768772,0.4752533191776004,0.39548192771084345,3.954819277108434e-05,3.954819277108435e-05,-0.0012014783719477185,0.0,0.0,0.5522238931659728,0.48806263724555393,0.0
1.0,0.0,0.0,-0.06456725006370846,0.14022645632343023,-0.14128733272826993,-12.913450012741691,1.0,0.0,-0.06007629441229913,0.16,0.0,False,0.00813969469143366,0.06456725006370846,0.4069948973435651,0.24970892072370304,2.4970892072370302e-05,2.4970892072370302e-05,-0.012914739822000204,0.0,-0.3478361809221237,0.28151378905170016,0.20030275073572934,0.3478361809221237
2.0,0.0,0.0,-0.029270841357295865,-0.17644262102713287,-0.06670440940686177,-5.854168271459173,1.0,0.0,-0.1576904784831681,0.16,0.0,False,0.0070762914785102195,0.029270841357295865,0.35382113951142247,0.1855657283607953,1.8556572836079535e-05,1.8556572836079532e-05,-0.0058546027965955694,0.0,-0.3166690773505631,-0.1097382116202711,-0.01875214254396476,0.3166690773505631
3.0,0.0,0.0,0.001311968085495778,-0.7865468735600443,-0.10717338845234342,0.2623936170991556,1.0,0.0,-0.15250911557450933,0.12,0.0,False,0.006946465703589303,0.005655367917768542,0.34732850664762865,0.15033452654348473,1.5033452654348474e-05,1.503345265434847e-05,0.00026240939559002814,0.0,-0.6101042525329115,-0.6793734851077009,-0.634037757985535,0.6101042525329115
4.0,0.0,0.0,0.05823285819630363,-0.5387616596480627,-0.22292555490788768,11.646571639260726,1.0,0.0,-0.16332195400167024,0.2,0.0,False,0.006253022529847736,0.05823285819630362,0.3126551475108246,0.12861039341098898,1.28610393410989e-05,1.2861039341098898e-05,0.011647170779619312,0.0,0.2477852139119816,-0.315836104740175,-0.3754397056463924,0.2477852139119816
5.0,0.0,0.0,0.03351318551324018,0.3986091414066133,-0.2986008727340572,6.702637102648036,1.0,0.0,-0.20418084484299825,0.05,0.0,False,0.005888879933575796,0.03351318551324018,0.29444736062745985,0.11424748706068398,1.1424748706068395e-05,1.1424748706068397e-05,0.006702943402926892,0.0,0.937370801054676,0.6972100141406705,0.6027899862496116,0.937370801054676
6.0,0.0,0.0,-0.062135901885394536,0.43270387622163187,-0.3320584461326313,-12.427180377078907,1.0,0.0,-0.20361066052951962,0.12,0.0,False,0.005450218063332797,0.062135901885394536,0.27251374569658826,0.10430885206491432,1.0430885206491433e-05,1.0430885206491434e-05,-0.0124276988776383,0.0,0.03409473481501857,0.7647623223542632,0.6363145367511515,0.03409473481501857
7.0,0.0,0.0,-0.06919454248431937,0.3756291030584838,-0.41012808926869015,-13.838908496863874,1.0,0.0,-0.22278228407032036,0.2,0.0,False,0.005139598959174529,0.06919454248431936,0.2569824461378073,0.09721299660661761,9.721299660661762e-06,9.721299660661762e-06,-0.01383944662033851,0.0,-0.057074773163148074,0.785757192327174,0.5984113871288042,0.057074773163148074
8.0,0.0,0.0,-0.069231517847041,0.27608260037220866,-0.3951365569882371,-13.8463035694082,1.0,0.0,-0.25927518166568025,0.12,0.0,False,0.005069604085946491,0.06923151784704099,0.25348253714713875,0.09203282049648383,9.20328204964838e-06,9.203282049648383e-06,-0.013846813290465467,0.0,-0.09954650268627513,0.6712191573604458,0.535357782037889,0.09954650268627513
9.0,0.0,0.0,-0.059134237994033674,0.023344575627962383,-0.2817309899130857,-11.826847598806735,1.0,0.0,-0.3167179332711997,0.05,0.0,False,0.004833830948480506,0.059134237994033674,0.24169367888760526,0.08818941343401722,8.818941343401728e-06,8.818941343401726e-06,-0.011827264796228493,0.0,-0.2527380247442463,0.3050755655410481,0.34006250889916206,0.2527380247442463
10.0,0.0,0.0,-0.03718464986782436,-0.07544248693128117,-0.2767047695083895,-7.436929973564872,1.0,0.0,-0.3152858546369406,-0.09,0.0,False,0.004737775957680541,0.03718464986782436,0.2368908186265826,0.08530342395407306,8.530342395407304e-06,8.530342395407304e-06,-0.007437183729636425,0.0,-0.09878706255924355,0.20126228257710835,0.23984336770565942,0.09878706255924355
11.0,0.0,0.0,-0.02975758698857018,-0.1431829261389309,-0.4266296370208451,-5.951517397714036,1.0,0.0,-0.34851778294004243,0.22,0.0,False,0.004390585065664805,0.029757586988570176,0.21953107793984797,0.08311678650488098,8.311678650488098e-06,8.311678650488098e-06,-0.005951715264469798,0.0,-0.06774043920764974,0.2834467108819142,0.20533485680111152,0.06774043920764974
12.0,0.0,0.0,-0.025369993155474793,-0.5359159894499167,-0.4645747706278785,-5.073998631094959,1.0,0.0,-0.373030723592006,0.01,0.0,False,0.004287126588819451,0.025369993155474793,0.21435807534584275,0.08144872021105272,8.144872021105273e-06,8.144872021105272e-06,-0.005074163938026497,0.0,-0.3927330633109858,-0.0713412188220382,-0.1628852658579107,0.3927330633109858
13.0,0.0,0.0,0.009743568716302949,-1.3002984877887256,-0.48209171831024594,1.9487137432605899,1.0,0.0,-0.39689318946105023,0.11,0.0,False,0.004155930465206562,0.00974356871630295,0.20779818915732667,0.0801696280765907,8.016962807659075e-06,8.016962807659074e-06,0.0019487762338220144,0.0,-0.7643824983388089,-0.8182067694784796,-0.9034052983276754,0.7643824983388089
14.0,0.0,0.0,0.08297884444165689,-0.9522741965985535,-0.43788503049265004,16.595768888331378,1.0,0.0,-0.4384763965954866,0.0,0.0,False,0.0041851212344363635,0.08297884444165689,0.20925771871385787,0.07918490036140627,7.918490036140629e-06,7.918490036140629e-06,0.016596294537891357,0.0,0.3480242911901721,-0.5143891661059035,-0.513797800003067,0.3480242911901721
15.0,0.0,0.0,0.04334167625211022,-1.0504925451191434,-0.5709654402087142,8.668335250422043,1.0,0.0,-0.47047719001451094,0.14,0.0,False,0.004094943339164256,0.04334167625211022,0.20474877267705108,0.07842447161267904,7.842447161267904e-06,7.842447161267904e-06,0.008668607172134225,0.0,-0.09821834852058986,-0.47952710491042916,-0.5800153551046324,0.09821834852058986
16.0,0.0,0.0,0.052119065423936434,-0.9336519859238408,-0.5809567462134964,10.423813084787287,1.0,0.0,-0.5188404388371568,0.08,0.0,False,0.003994873764577346,0.052119065423936434,0.19974524295111715,0.07783586373121831,7.78358637312183e-06,7.783586373121831e-06,0.010424137620859164,0.0,0.11684055919530256,-0.35269523971034444,-0.414811547086684,0.11684055919530256
17.0,0.0,0.0,0.03683493256008138,-0.25426020324077003,-0.6131373519547779,7.366986512016275,1.0,0.0,-0.5292816072174082,-0.05,0.0,False,0.0042072852949642,0.03683493256008138,0.21036589253469617,0.07737942031791788,7.73794203179179e-06,7.737942031791787e-06,0.007367214531510185,0.0,0.6793917826830708,0.3588771487140079,0.2750214039766382,0.6793917826830708
18.0,0.0,0.0,-0.03541251550320395,-0.5519329506325498,-0.6850826063525164,-7.08250310064079,1.0,0.0,-0.5652884089943825,0.07,0.0,False,0.004167789543743446,0.03541251550320395,0.20839108230636733,0.07702496386752834,7.702496386752833e-06,7.702496386752835e-06,-0.007082721310778192,0.0,-0.29767274739177974,0.13314965571996662,0.013355458361832717,0.29767274739177974
19.0,0.0,0.0,-0.006344577377140623,-0.6558206127104194,-0.5942688546845222,-1.2689154754281247,1.0,0.0,-0.6083989965114448,0.03,0.0,False,0.0039716675379582985,0.006502801250711601,0.19858490101349177,0.07674940373398333,7.674940373398337e-06,7.674940373398335e-06,-0.001268954430531598,0.0,-0.10388766207786959,-0.061551758025897185,-0.04742161619897456,0.10388766207786959
20.0,0.0,0.0,0.00023786256095725293,-0.2629070009351553,-0.6934753820396168,0.04757251219145059,1.0,0.0,-0.6153811591166093,0.12,0.0,False,0.003954691650545171,0.0031209504008538292,0.19773609588880042,0.07653499567330325,7.653499567330326e-06,7.653499567330328e-06,4.757396856511015e-05,0.0,0.39291361177526407,0.4305683811044615,0.352474158181454,0.39291361177526407
21.0,0.0,0.0,-0.040231152795555204,0.13084089625821838,-0.719377977139445,-8.046230559111041,1.0,0.0,-0.6534418960767965,0.02,0.0,False,0.004055320355194737,0.0402311527955552,0.20276756624443507,0.07636805789007794,7.636805789007794e-06,7.636805789007795e-06,-0.008046476347234459,0.0,0.39374789719337366,0.8502188733976633,0.7842827923350149,0.39374789719337366
22.0,0.0,0.0,-0.08514383472613646,0.005627720518741899,-0.8133397797869999,-17.028766945227293,1.0,0.0,-0.6652338907657358,0.25,0.0,False,0.004053561128105105,0.08514383472613646,0.20267960158248674,0.07623801307922962,7.623801307922961e-06,7.623801307922962e-06,-0.01702928623701116,0.0,-0.1252131757394765,0.8189675003057418,0.6708616112844777,0.1252131757394765
23.0,0.0,0.0,-0.07544927842796728,-0.07424348739052058,-0.8025096241810007,-15.089855685593456,1.0,0.0,-0.7206299069870739,0.1,0.0,False,0.003859537731869411,0.07544927842796728,0.19297835585516762,0.07613666709092755,7.613666709092755e-06,7.613666709092754e-06,-0.015090315238622077,0.0,-0.07987120790926248,0.7282661367904801,0.6463864195965533,0.07987120790926248
24.0,0.0,0.0,-0.06976627174201197,0.4075398741842173,-0.9154279738365051,-13.953254348402394,1.0,0.0,-0.7488937860438999,0.15,0.0,False,0.0039043805809139184,0.06976627174201198,0.19522051383598327,0.07605766172517958,7.605766172517959e-06,7.605766172517959e-06,-0.01395367884593343,0.0,0.4817833615747379,1.3229678480207223,1.156433660228117,0.4817833615747379
25.0,0.0,0.0,-0.12135031905307468,-0.10876488307201931,-0.842804525368303,-24.270063810614936,1.0,0.0,-0.7719327361081193,0.12,0.0,False,0.003937543882230742,0.12135031905307468,0.1968786903005865,0.07599605714348504,7.599605714348504e-06,7.599605714348505e-06,-0.024270801576670678,0.0,-0.5163047572562366,0.7340396422962836,0.6631678530361,0.5163047572562366
26.0,0.0,0.0,-0.07362871648808275,0.22893118402455484,-0.9711475400851334,-14.72574329761655,1.0,0.0,-0.8060094270754344,0.14,0.0,False,0.004034474197025979,0.07362871648808275,0.20172524190276617,0.07594801167850262,7.594801167850264e-06,7.594801167850261e-06,-0.01472619065058856,0.0,0.3376960670965742,1.2000787241096882,1.0349406110999892,0.3376960670965742
27.0,0.0,0.0,-0.1119507766384624,0.335143038492546,-1.029278940038745,-22.39015532769248,1.0,0.0,-0.8450800077259448,0.23,0.0,False,0.003923435540106304,0.1119507766384624,0.19617326615577746,0.07591053539720918,7.591053539720918e-06,7.59105353972092e-06,-0.02239083518200308,0.0,0.10621185446799117,1.364421978531291,1.1802230462184908,0.10621185446799117
28.0,0.0,0.0,-0.1261369167495428,-0.8858282108011484,-1.0014904976117482,-25.22738334990856,1.0,0.0,-0.8906190735770325,0.09,0.0,False,0.004006183609067214,0.1261369167495428,0.20031070042545943,0.07588129986214319,7.588129986214318e-06,7.588129986214319e-06,-0.02522814905875453,0.0,-1.2209712492936944,0.11566228681059987,0.0047908627758841416,1.2209712492936944
29.0,0.0,0.0,-0.006882431572716219,-0.962287977145539,-1.0755556250588798,-1.3764863145432438,1.0,0.0,-0.9262739861688989,0.25,0.0,False,0.0037532285942376855,0.006963799592659816,0.18766285328317062,0.07585849092897277,7.585849092897274e-06,7.5858490928972765e-06,-0.001376528081496248,0.0,-0.07645976634439067,0.11326764791334076,-0.03601399097664015,0.07645976634439067
30.0,0.0,0.0,-0.0010833950634388547,-0.5112192964855329,-1.1083958292130855,-0.21667901268777093,1.0,0.0,-0.9546551369826757,0.13,0.0,False,0.003741255388369286,0.0031438044734482524,0.18706418811550157,0.0758406946332553,7.58406946332553e-06,7.5840694633255315e-06,-0.00021668558587265328,0.0,0.45106868066000616,0.5971765327275527,0.4434358404971428,0.45106868066000616
31.0,0.0,0.0,-0.04984679648031385,-0.31432364849937267,-1.1398820401981038,-9.96935929606277,1.0,0.0,-0.9731223386070984,0.09,0.0,False,0.0038818056626933007,0.04984679648031385,0.19409175485934002,0.07582680859941437,7.582680859941435e-06,7.582680859941435e-06,-0.009969661671649633,0.0,0.19689564798616022,0.8255583916987311,0.6587986901077257,0.19689564798616022
32.0,0.0,0.0,-0.07266028450265344,0.005152085688377106,-1.0970968446019616,-14.532056900530687,1.0,0.0,-1.0097061599061512,0.04,0.0,False,0.0039135380299653594,0.07266028450265344,0.19567838504173962,0.07581597318505708,7.58159731850571e-06,7.581597318505709e-06,-0.01453249760200398,0.0,0.31947573418774977,1.1022489302903387,1.0148582455945283,0.31947573418774977
33.0,0.0,0.0,-0.10787309231686766,-0.5835369534088132,-1.1891652218855044,-21.574618463373533,1.0,0.0,-1.040954037576814,0.09,0.0,False,0.004115171909660649,0.10787309231686766,0.2057601552878738,0.07580751791624726,7.580751791624726e-06,7.580751791624725e-06,-0.021575272665724458,0.0,-0.5886890390971903,0.6056282684766913,0.45741708416800086,0.5886890390971903
34.0,0.0,0.0,-0.04782013916843178,-0.44520729158103056,-0.9944345406560375,-9.564027833686357,1.0,0.0,-1.0736197254371915,0.09,0.0,False,0.004073522546606396,0.04782013916843178,0.20367767121409888,0.07580091978879354,7.580091978879353e-06,7.580091978879353e-06,-0.009564317816330934,0.0,0.1383296618277826,0.549227249075007,0.628412433856161,0.1383296618277826
35.0,0.0,0.0,-0.06574210918442491,-1.0540056552409807,-1.0881264818254965,-13.148421836884982,1.0,0.0,-1.061756469145798,0.0,0.0,False,0.004216297595389717,0.06574210918442491,0.21081647765711642,0.07579577078909383,7.579577078909383e-06,7.579577078909382e-06,-0.013148820471770607,0.0,-0.6087983636599501,0.03412082658451587,0.007750813904817244,0.6087983636599501
36.0,0.0,0.0,-0.005820555951562679,-1.076912322125255,-1.009305032434171,-1.1641111903125358,1.0,0.0,-1.102653298294474,-0.14,0.0,False,0.004261126858319122,0.0061533168206222375,0.213057957707319,0.0757917525852373,7.579175258523732e-06,7.579175258523731e-06,-0.0011641464820559802,0.0,-0.02290666688427434,-0.06760728969108398,0.025740976169218888,0.02290666688427434
37.0,0.0,0.0,-0.004059973454120107,-0.32981492778156996,-0.9444528070794476,-0.8119946908240213,1.0,0.0,-1.1122134205072904,-0.14,0.0,False,0.004317848222994495,0.004923752260782736,0.2158940473684466,0.07578861679880576,7.578861679880579e-06,7.578861679880576e-06,-0.0008120193066192474,0.0,0.747097394343685,0.6146378792978776,0.7823984927257205,0.747097394343685
38.0,0.0,0.0,-0.07860506056922785,-0.8243560592310739,-0.8777565862132,-15.72101211384557,1.0,0.0,-1.1175135951653177,0.03,0.0,False,0.004122853255682416,0.07860506056922785,0.20614422506040167,0.07578616962277836,7.578616962277834e-06,7.5786169622778345e-06,-0.01572148868435011,0.0,-0.49454113144950396,0.05340052698212605,0.29315753593424376,0.49454113144950396
39.0,0.0,0.0,-0.026518494054711142,-0.3032606904644838,-0.8043380286934649,-5.303698810942229,1.0,0.0,-1.115895319356116,0.18,0.0,False,0.0042080098541264835,0.026518494054711142,0.21040208721088483,0.07578425982564119,7.5784259825641195e-06,7.5784259825641195e-06,-0.005303859584479307,0.0,0.5210953687665901,0.5010773382289812,0.8126346288916323,0.5210953687665901
40.0,0.0,0.0,-0.07807804895572167,0.273034519140176,-0.8705411157489518,-15.615609791144333,1.0,0.0,-1.0895510482004034,0.12,0.0,False,0.0039647315931695525,0.07807804895572167,0.19823808195017784,0.07578276939476822,7.578276939476819e-06,7.5782769394768205e-06,-0.01561608314521943,0.0,0.5762952096046599,1.1435756348891277,1.3625855673405793,0.5762952096046599
41.0,0.0,0.0,-0.13572420839806937,0.8099976218692001,-0.9585486488887148,-27.144841679613872,1.0,0.0,-1.0840707648755945,-0.07,0.0,False,0.003965755761556157,0.13572420839806937,0.19828929073451565,0.07578160623748331,7.5781606237483355e-06,7.578160623748335e-06,-0.02714566450525978,0.0,0.536963102729024,1.768546270757915,1.8940683867447947,0.536963102729024
42.0,0.0,0.0,-0.1939367234083684,1.2368949056271497,-1.1892225550433269,-38.78734468167368,1.0,0.0,-1.0842589918331058,0.11,0.0,False,0.004015547747173863,0.19393672340836837,0.20077890886375863,0.07578069848672941,7.578069848672939e-06,7.578069848672941e-06,-0.03878852040559293,0.0,0.42689728375794955,2.4261174606704765,2.3211538974602552,0.42689728375794955
43.0,0.0,0.0,-0.23908333515893931,0.8736122261135051,-1.1964426078023216,-47.816667031787865,1.0,0.0,-1.1294430955162946,-0.04,0.0,False,0.00407139064671761,0.2390833351589393,0.20357107498559424,0.07577999005824664,7.5779990058246634e-06,7.577999005824663e-06,-0.047818116439425164,0.0,-0.36328267951364457,2.070054833915827,2.0030553216298,0.36328267951364457
44.0,0.0,0.0,-0.20742125828575092,1.1547865751153452,-1.2666680702986468,-41.48425165715018,1.0,0.0,-1.1540290346260504,-0.03,0.0,False,0.004347849654419121,0.20742125828575092,0.21739413010895486,0.07577943718399627,7.577943718399631e-06,7.577943718399629e-06,-0.04148550910891828,0.0,0.28117434900184013,2.4214546454139922,2.3088156097413957,0.28117434900184013
45.0,0.0,0.0,-0.235929086023005,0.770682397383345,-1.131942342084262,-47.185817204601,1.0,0.0,-1.2006789480750664,0.06,0.0,False,0.004224339930703216,0.23592908602300505,0.2112185971165594,0.07577900570718792,7.5779005707187905e-06,7.577900570718793e-06,-0.04718724747148707,0.0,-0.38410417773200023,1.902624739467607,1.9713613454584114,0.38410417773200023
46.0,0.0,0.0,-0.19926964539842407,1.2356694898452778,-1.1410105977991682,-39.85392907968481,1.0,0.0,-1.2045936774724857,0.09,0.0,False,0.003986849852475756,0.19926964539842407,0.1993440032146639,0.07577866897151055,7.577866897151055e-06,7.577866897151055e-06,-0.03985513710161015,0.0,0.4649870924619328,2.376680087644446,2.4402631673177635,0.4649870924619328
47.0,0.0,0.0,-0.249645450318325,0.9297830494123933,-1.406947326391852,-49.929090063665,1.0,0.0,-1.2220895585433686,0.19,0.0,False,0.004042098667340763,0.249645450318325,0.20210646488601114,0.07577840617399134,7.577840617399135e-06,7.577840617399136e-06,-0.0499306034709433,0.0,-0.3058864404328845,2.3367303758042453,2.151872607955762,0.3058864404328845
48.0,0.0,0.0,-0.2243529188468138,0.8182757996688187,-1.5725850316089165,-44.87058376936276,1.0,0.0,-1.2608796020096387,0.23,0.0,False,0.0040583067930701966,0.2243529188468138,0.20291687730945082,0.07577820107961909,7.5778201079619125e-06,7.577820107961911e-06,-0.04487194384390409,0.0,-0.11150724974357462,2.390860831277735,2.0791554016784572,0.11150724974357462
49.0,0.0,0.0,-0.21776000310971924,0.1117682098975793,-1.5041180675932087,-43.55200062194385,1.0,0.0,-1.3138311443587278,0.29,0.0,False,0.003928397361759132,0.21776000310971924,0.19642135651923867,0.07577804101825933,7.577804101825934e-06,7.577804101825932e-06,-0.043553320726056145,0.0,-0.7065075897712394,1.6158862774907878,1.425599354256307,0.7065075897712394
50.0,0.0,0.0,-0.14858310679313683,0.7860613192344049,-1.4130200130227957,-29.716621358627368,1.0,0.0,-1.359406738560611,0.07,0.0,False,0.003876588671946023,0.14858310679313683,0.1938309023963569,0.07577791610185457,7.577791610185456e-06,7.577791610185456e-06,-0.029717522097257802,0.0,0.6742931093368256,2.1990813322572005,2.145468057795016,0.6742931093368256
51.0,0.0,0.0,-0.21852307369092785,1.630227585943022,-1.480107540678933,-43.70461473818557,1.0,0.0,-1.374119154624792,0.14,0.0,False,0.003676662038410895,0.21852307369092785,0.18383449496768997,0.07577781861352735,7.577781861352734e-06,7.577781861352734e-06,-0.04370593946429436,0.0,0.844166266708617,3.1103351266219548,3.004346740567814,0.844166266708617
52.0,0.0,0.0,-0.3050551871892897,1.5362978653972181,-1.4605234785081644,-61.01103743785794,1.0,0.0,-1.3992522136840784,-0.01,0.0,False,0.003826106709321656,0.3050551871892897,0.1913067851347283,0.07577774253083158,7.577774253083158e-06,7.5777742530831585e-06,-0.06101288673531896,0.0,-0.09392972054580384,2.9968213439053826,2.9355500790812963,0.09392972054580384
53.0,0.0,0.0,-0.29956538637437696,1.2954496604328885,-1.5505685671510552,-59.91307727487539,1.0,0.0,-1.4204398679170362,0.15,0.0,False,0.003764261073040115,0.29956538637437696,0.18821447988692017,0.07577768315369257,7.5777683153692564e-06,7.5777683153692564e-06,-0.05991489329078859,0.0,-0.24084820496432968,2.8460182275839436,2.7158895283499245,0.24084820496432968
54.0,0.0,0.0,-0.27829272960535006,1.6451832342329025,-1.5645158670345878,-55.65854592107001,1.0,0.0,-1.4594695002012108,0.05,0.0,False,0.003909808327749554,0.27829272960535,0.19549189776765497,0.07577763681404524,7.5777636814045205e-06,7.577763681404523e-06,-0.055660232977517286,0.0,0.349733573800014,3.20969910126749,3.1046527344341133,0.349733573800014
55.0,0.0,0.0,-0.3154850358780435,1.0054848004226864,-1.6074328848802861,-63.0970071756087,1.0,0.0,-1.4875830774475733,0.26,0.0,False,0.0038273341819068693,0.3154850358780435,0.19136815922634937,0.07577760064923067,7.577760064923067e-06,7.577760064923067e-06,-0.06309891969704082,0.0,-0.6396984338102161,2.6129176853029725,2.49306787787026,0.6396984338102161
56.0,0.0,0.0,-0.25511248846007506,1.041060026998066,-1.567683764703148,-51.02249769201501,1.0,0.0,-1.5097866580428294,0.04,0.0,False,0.003977874505121924,0.25511248846007506,0.1988952324244632,0.0757775724251497,7.577757242514966e-06,7.577757242514968e-06,-0.05102404422470144,0.0,0.035575226575379704,2.6087437917012144,2.5508466850408955,0.035575226575379704
57.0,0.0,0.0,-0.26294916180592987,0.5204500143395169,-1.6250010577685754,-52.58983236118597,1.0,0.0,-1.545736743203419,0.12,0.0,False,0.00385080884917565,0.26294916180592987,0.19254190148309075,0.07577755039824796,7.577755039824795e-06,7.577755039824794e-06,-0.05259142640057561,0.0,-0.5206100126585492,2.1454510721080924,2.066186757542936,0.5206100126585492
58.0,0.0,0.0,-0.21431632179975274,0.7947216981833416,-1.7513939306385002,-42.86326435995055,1.0,0.0,-1.5885312192780379,0.21,0.0,False,0.0037431768597555553,0.21431632179975274,0.18716026123132173,0.07577753320780568,7.577753320780569e-06,7.57775332078057e-06,-0.04286456357908072,0.0,0.2742716838438247,2.546115628821842,2.3832529174613795,0.2742716838438247
59.0,0.0,0.0,-0.24754119775093752,0.4226830692371521,-1.8618538614585876,-49.508239550187504,1.0,0.0,-1.6227944054689698,0.33,0.0,False,0.003905155968469822,0.24754119775093755,0.19525927803865964,0.07577751979187808,7.577751979187806e-06,7.577751979187805e-06,-0.04950974018345704,0.0,-0.3720386289461895,2.2845369306957397,2.045477474706122,0.3720386289461895
60.0,0.0,0.0,-0.2140315123483241,0.08293682464731672,-1.9063160513397746,-42.80630246966482,1.0,0.0,-1.6807840696160938,0.2,0.0,False,0.0040202567367786015,0.21403151234832407,0.20101436006414178,0.07577750932169237,7.577750932169239e-06,7.577750932169238e-06,-0.04280759996182649,0.0,-0.3397462445898354,1.9892528759870913,1.7637208942634106,0.3397462445898354
61.0,0.0,0.0,-0.18634903788401558,0.16984814106776897,-1.8917267163576372,-37.26980757680312,1.0,0.0,-1.717713148120698,0.33,0.0,False,0.0038239961627054894,0.18634903788401563,0.19120125699964255,0.07577750115045034,7.577750115045038e-06,7.577750115045036e-06,-0.0372709372533973,0.0,0.08691131642045224,2.061574857425406,1.887561289188467,0.08691131642045224
62.0,0.0,0.0,-0.19993202284510617,-1.240380279816204,-1.997436374453967,-39.98640456902123,1.0,0.0,-1.780624159515001,0.25,0.0,False,0.003992018108390009,0.19993202284510617,0.19960241794515718,0.0757774947733717,7.577749477337168e-06,7.577749477337169e-06,-0.039987616587662124,0.0,-1.410228420883973,0.7570560946377629,0.540243879698797,1.410228420883973
63.0,0.0,0.0,-0.06421663599392992,-1.383097354004768,-2.1228579374795986,-12.843327198785984,1.0,0.0,-1.8295478391223718,0.32,0.0,False,0.004089832609776547,0.06421663599392992,0.2044931800750716,0.075777489796511,7.577748979651099e-06,7.5777489796511e-06,-0.012843716489874337,0.0,-0.14271707418856394,0.7397605834748306,0.4464504851176039,0.14271707418856394
64.0,0.0,0.0,-0.05576532065663414,-1.414896399620214,-2.304021885857283,-11.153064131326829,1.0,0.0,-1.882570970632897,0.39,0.0,False,0.0039924235418301165,0.05576532065663414,0.19962268977059933,0.07577748591242173,7.577748591242176e-06,7.577748591242176e-06,-0.011153402189229146,0.0,-0.031799045615446,0.8891254862370692,0.46767457101268306,0.031799045615446
65.0,0.0,0.0,-0.06393060866422741,-1.7192047616029251,-2.581170325501812,-12.786121732845482,1.0,0.0,-1.9407716893501117,0.77,0.0,False,0.0039773867587208685,0.06393060866422741,0.19887084491782853,0.07577748288116361,7.577748288116364e-06,7.577748288116362e-06,-0.012786509289956963,0.0,-0.30430836198271116,0.8619655638988868,0.22156692774718656,0.30430836198271116
66.0,0.0,0.0,-0.04248334909032417,-1.4828565104042342,-2.473772552083254,-8.496669818064834,1.0,0.0,-2.054226708765506,0.6,0.0,False,0.004302118175856895,0.04248334909032417,0.21510753881122593,0.07577748051548007,7.577748051548008e-06,7.5777480515480085e-06,-0.00849692735860589,0.0,0.23634825119869096,0.9909160416790199,0.571370198361272,0.23634825119869096
67.0,0.0,0.0,-0.07111931765676968,-1.368511942312411,-2.5029460047604264,-14.223863531353937,1.0,0.0,-2.1440543489119563,0.4,0.0,False,0.004141641823458895,0.07111931765676967,0.2070836603888194,0.07577747866923067,7.577747866923064e-06,7.577747866923065e-06,-0.01422429466749303,0.0,0.11434456809182314,1.1344340624480154,0.7755424065995453,0.11434456809182314
68.0,0.0,0.0,-0.08960313194923439,-1.0621101342446566,-2.483805562343425,-17.920626389846877,1.0,0.0,-2.1940766331848143,0.45,0.0,False,0.0038467772504644612,0.08960313194923436,0.19234032001860055,0.07577747722836292,7.5777477228362955e-06,7.5777477228362955e-06,-0.017921169577674007,0.0,0.3064018080677544,1.4216954280987684,1.1319664989401577,0.3064018080677544
69.0,0.0,0.0,-0.12241955897594808,-1.0249816669319047,-2.307198644588258,-24.483911795189616,1.0,0.0,-2.264577211301209,0.11,0.0,False,0.003675095130292213,0.12241955897594808,0.1837561489617777,0.07577747610386716,7.577747610386715e-06,7.5777476103867154e-06,-0.024484653921182348,0.0,0.03712846731275188,1.2822169776563532,1.2395955443693043,0.03712846731275188
70.0,0.0,0.0,-0.12819594424610056,-1.4268924017729532,-2.3775854558067744,-25.639188849220112,1.0,0.0,-2.286352107230161,-0.08,0.0,False,0.0039019982586066667,0.12819594424610056,0.19510139134821522,0.07577747522627731,7.577747522627736e-06,7.577747522627733e-06,-0.025639965992530236,0.0,-0.40191073484104844,0.9506930540338212,0.859459705457208,0.40191073484104844
71.0,0.0,0.0,-0.08914127961697828,-1.372412583551652,-2.399065573257989,-17.828255923395655,1.0,0.0,-2.306989681217855,-0.02,0.0,False,0.004019060698319468,0.08914127961697828,0.20095455768732212,0.07577747454138026,7.577747454138024e-06,7.577747454138025e-06,-0.017828796311384485,0.0,0.0544798182213011,1.0266529897063368,0.9345770976662031,0.0544798182213011
72.0,0.0,0.0,-0.09411702455516797,-1.199755762622417,-2.2102858396280527,-18.823404911033595,1.0,0.0,-2.3183389724479704,0.1,0.0,False,0.003992504822950387,0.09411702455516796,0.19962675385717155,0.0757774740068663,7.577747400686627e-06,7.577747400686627e-06,-0.018823975462740637,0.0,0.17265682092923518,1.0105300770056358,1.1185832098255535,0.17265682092923518
73.0,0.0,0.0,-0.11092795086196088,-1.3361698047337933,-2.1963972195206893,-22.185590172392175,1.0,0.0,-2.3136184888552402,-0.04,0.0,False,0.00403322358803398,0.11092795086196088,0.20166270753916862,0.07577747358971576,7.577747358971578e-06,7.577747358971577e-06,-0.022186262634485757,0.0,-0.13641404211137642,0.860227414786896,0.9774486841214469,0.13641404211137642
74.0,0.0,0.0,-0.09737457727488331,-1.3134056772327947,-2.202973783595808,-19.474915454976664,1.0,0.0,-2.3090773004413587,0.1,0.0,False,0.0038781569465095316,0.0973745772748833,0.19390931671014822,0.07577747326415916,7.577747326415918e-06,7.5777473264159154e-06,-0.01947550575445761,0.0,0.022764127500998654,0.8895681063630132,0.9956716232085641,0.022764127500998654
75.0,0.0,0.0,-0.0996377475608186,-1.501079263451163,-2.172769728848056,-19.92754951216372,1.0,0.0,-2.309952471479757,0.0,0.0,False,0.003797143707542194,0.09963774756081861,0.18985862406688372,0.07577747301008513,7.577747301008512e-06,7.577747301008514e-06,-0.019928153531324738,0.0,-0.18767358621836827,0.6716904653968929,0.8088732080285941,0.18767358621836827
76.0,0.0,0.0,-0.08070633008283191,-1.318991341891842,-2.1874749631665993,-16.141266016566384,1.0,0.0,-2.309820904324613,0.13,0.0,False,0.0038213492141292394,0.08070633008283191,0.19106890856739284,0.07577747281179825,7.577747281179824e-06,7.577747281179825e-06,-0.01614175527059762,0.0,0.18208792155932096,0.8684836212747573,0.9908295624327712,0.18208792155932096
77.0,0.0,0.0,-0.09782593831845515,-1.6192800957621019,-2.2409975231894537,-19.56518766369103,1.0,0.0,-2.30817314288815,0.01,0.0,False,0.0038241543110758,0.09782593831845515,0.19120916447753367,0.07577747265704927,7.577747265704929e-06,7.577747265704929e-06,-0.019565780699386432,0.0,-0.3002887538702599,0.6217174274273518,0.6888930471260479,0.3002887538702599
78.0,0.0,0.0,-0.0705018684691283,-1.6216490133512744,-2.3522522750100086,-14.10037369382566,1.0,0.0,-2.297287790088223,0.02,0.0,False,0.0039203857595422765,0.0705018684691283,0.19602077336173498,0.07577747253627864,7.577747253627861e-06,7.577747253627862e-06,-0.014100801086859122,0.0,-0.00236891758917257,0.7306032616587341,0.6756387767369487,0.00236891758917257
79.0,0.0,0.0,-0.07521600822233418,-2.049993747458094,-2.447735897560067,-15.043201644466835,1.0,0.0,-2.3243254927203933,0.2,0.0,False,0.0037933481410820113,0.07521600822233418,0.1896688443057717,0.07577747244202561,7.577747244202561e-06,7.577747244202561e-06,-0.015043657615330816,0.0,-0.4283447341068194,0.3977421501019731,0.27433174526229953,0.4283447341068194
80.0,0.0,0.0,-0.03320376639237325,-1.6410718287499133,-2.3838817869994666,-6.64075327847465,1.0,0.0,-2.3738375939695673,-0.07,0.0,False,0.0037789072784120328,0.03320376639237325,0.188946795700811,0.07577747236846775,7.577747236846778e-06,7.577747236846776e-06,-0.006640954564748575,0.0,0.4089219187081805,0.7428099582495533,0.732765765219654,0.4089219187081805
81.0,0.0,0.0,-0.07795508703188708,-1.8132019248226345,-2.5825939762619,-15.591017406377418,1.0,0.0,-2.3820439918692777,0.26,0.0,False,0.004042780527557912,0.07795508703188708,0.202140558136343,0.07577747231106102,7.577747231106104e-06,7.577747231106103e-06,-0.01559148998195228,0.0,-0.17213009607272123,0.7693920514392654,0.5688420670466432,0.17213009607272123
82.0,0.0,0.0,-0.06258367640406355,-1.056331986684655,-2.493342557514634,-12.51673528081271,1.0,0.0,-2.4206522352660294,0.16,0.0,False,0.0037642539237363604,0.06258367640406354,0.18821412241505453,0.07577747226625915,7.577747226625914e-06,7.5777472266259145e-06,-0.012517114672562016,0.0,0.7568699381379795,1.4370105708299792,1.3643202485813744,0.7568699381379795
83.0,0.0,0.0,-0.14097291494426634,-1.1477213598666014,-2.480817282295778,-28.19458298885327,1.0,0.0,-2.439062401027285,-0.14,0.0,False,0.003781599027385023,0.14097291494426634,0.18908138416932754,0.07577747223129438,7.57774722312944e-06,7.577747223129441e-06,-0.028195437588069118,0.0,-0.0913893731819464,1.3330959224291765,1.2913410411606836,0.0913893731819464
84.0,0.0,0.0,-0.13222963999373322,-1.5551523797548343,-2.4795345691180457,-26.445927998746644,1.0,0.0,-2.466114548983055,0.0,0.0,False,0.003922125847506537,0.1322296399937332,0.1961077784192388,0.07577747220400688,7.5777472204006916e-06,7.577747220400691e-06,-0.026446729594901876,0.0,-0.40743101988823294,0.9243821893632114,0.9109621692282208,0.40743101988823294
85.0,0.0,0.0,-0.09294015884519576,-1.208302570955642,-2.434195470367596,-18.58803176903915,1.0,0.0,-2.470067859943279,0.04,0.0,False,0.004057199799710633,0.09294015884519576,0.20286152720725648,0.07577747218271093,7.577747218271092e-06,7.577747218271093e-06,-0.01858859518639384,0.0,0.34684980879919225,1.2258928994119538,1.261765288987637,0.34684980879919225
86.0,0.0,0.0,-0.12788784291272415,-1.2105114025478438,-2.348680009595548,-25.577568582544828,1.0,0.0,-2.4845891820582993,-0.02,0.0,False,0.00409196495201143,0.12788784291272415,0.20459979799437272,0.07577747216609089,7.577747216609089e-06,7.577747216609091e-06,-0.02557834385806652,0.0,-0.0022088315922017543,1.138168607047704,1.2740777795104554,0.0022088315922017543
87.0,0.0,0.0,-0.12811094259152336,-2.119701757497352,-2.362671987288286,-25.62218851830467,1.0,0.0,-2.487229455170167,-0.01,0.0,False,0.004074579161359646,0.12811094259152336,0.20373050187452696,0.07577747215312015,7.577747215312016e-06,7.577747215312016e-06,-0.02562296514629035,0.0,-0.9091903549495082,0.24297022979093397,0.367527697672815,0.9091903549495082
88.0,0.0,0.0,-0.03852006221146854,-2.8317776446222234,-2.4097398105376264,-7.704012442293707,1.0,0.0,-2.49166936808,-0.04,0.0,False,0.00400724423976555,0.03852006221146854,0.20036373028247123,0.07577747214299738,7.5777472142997385e-06,7.577747214299739e-06,-0.007704245956759492,0.0,-0.7120758871248714,-0.42203783408459694,-0.3401082765422232,0.7120758871248714
89.0,0.0,0.0,0.030904367726231445,-3.006077858636166,-2.3944129242065686,6.180873545246289,1.0,0.0,-2.5049169743767434,-0.07,0.0,False,0.004113038548418754,0.030904367726231445,0.20565348579925763,0.07577747213509727,7.57774721350973e-06,7.577747213509728e-06,0.0061810608922157565,0.0,-0.1743002140139427,-0.6116649344295975,-0.5011608842594226,0.1743002140139427
90.0,0.0,0.0,0.051394234810374355,-2.3279030904329545,-2.2135078269869877,10.278846962074871,1.0,0.0,-2.522722258085588,0.22,0.0,False,0.0038485415472207726,0.051394234810374355,0.19242853552478772,0.07577747212893182,7.5777472128931844e-06,7.577747212893183e-06,0.010279158521729616,0.0,0.6781747682032115,-0.11439526344596684,0.1948191676526334,0.6781747682032115
91.0,0.0,0.0,-0.015227067781489015,-2.7642725230474823,-2.187517732736306,-3.045413556297803,1.0,0.0,-2.4921160379064435,0.18,0.0,False,0.0038464724050208737,0.015227067781489015,0.1923250776308209,0.07577747212412012,7.57774721241201e-06,7.577747212412012e-06,-0.003045505865094656,0.0,-0.43636943261452776,-0.5767547903111763,-0.27215648514103874,0.43636943261452776
92.0,0.0,0.0,0.029541339951276776,-2.4060763801503877,-2.1084592712967756,5.908267990255355,1.0,0.0,-2.4801795375913662,0.07,0.0,False,0.0037624316227510006,0.029541339951276776,0.188123006675337,0.0757774721203649,7.577747212036492e-06,7.577747212036491e-06,0.005908447074343459,0.0,0.35819614289709456,-0.29761710885361214,0.0741031574409785,0.35819614289709456
93.0,0.0,0.0,-0.0034083712712490682,-1.7430500819233108,-2.12056429396972,-0.6816742542498136,1.0,0.0,-2.468847930694392,0.33,0.0,False,0.0037461012000518288,0.004093575833869222,0.1873064793529876,0.07577747211743423,7.57774721174342e-06,7.577747211743423e-06,-0.0006816949163139591,0.0,0.6630262982270769,0.3775142120464092,0.7257978487710812,0.6630262982270769
94.0,0.0,0.0,-0.06766565084023637,-1.6769423672686266,-2.1171996508638022,-13.533130168047276,1.0,0.0,-2.4401613842516734,0.13,0.0,False,0.003934906150549021,0.06766565084023637,0.19674679841365655,0.07577747211514707,7.577747211514706e-06,7.577747211514704e-06,-0.013533540367496459,0.0,0.06610771465468424,0.4402572835951757,0.7632190169830468,0.06610771465468424
95.0,0.0,0.0,-0.07448319220083625,-0.5229422862868633,-2.119759269470292,-14.89663844016725,1.0,0.0,-2.4197322279855227,-0.04,0.0,False,0.004082823820430379,0.07448319220083625,0.20414273795185992,0.07577747211336205,7.577747211336206e-06,7.577747211336206e-06,-0.01489708996858727,0.0,1.1540000809817632,1.5968169831834287,1.8967899416986593,1.1540000809817632
96.0,0.0,0.0,-0.19117489641907892,-0.016743242694029936,-2.3281287345249853,-38.23497928381578,1.0,0.0,-2.421802510017088,0.0,0.0,False,0.003949617417754733,0.19117489641907887,0.1974823673478553,0.07577747211196902,7.5777472111969e-06,7.5777472111969e-06,-0.038236138215064254,0.0,0.5061990435928334,2.311385491830955,2.4050592673230584,0.5061990435928334
97.0,0.0,0.0,-0.2398988827096815,-0.3787885374986116,-2.242266530132554,-47.979776541936296,1.0,0.0,-2.434763684229562,0.16,0.0,False,0.004062923865099165,0.2398988827096815,0.20314773264545766,0.07577747211088182,7.577747211088183e-06,7.5777472110881835e-06,-0.047981230845387454,0.0,-0.36204529480458164,1.8634779926339426,2.0559751467309506,0.36204529480458164
98.0,0.0,0.0,-0.20355745360753852,-0.5996275273676388,-2.190149075351241,-40.7114907215077,1.0,0.0,-2.4158229644453133,-0.09,0.0,False,0.0042606950242120465,0.20355745360753852,0.21303636553409416,0.07577747211003336,7.5777472110033345e-06,7.5777472110033345e-06,-0.04071272471769788,0.0,-0.22083898986902722,1.5905215479836023,1.8161954370776745,0.22083898986902722
99.0,0.0,0.0,-0.18014977216770306,-0.08342823665361254,-2.1765441113719874,-36.02995443354061,1.0,0.0,-2.4144401989203144,0.07,0.0,False,0.004415227646234296,0.18014977216770306,0.2207630551856639,0.07577747210937115,7.577747210937115e-06,7.577747210937117e-06,-0.03603104652881184,0.0,0.5161992907140263,2.093115874718375,2.331011962266702,0.5161992907140263
100.0,0.0,0.0,-0.232474323984429,-0.5019773653709889,-2.136586310065908,-46.4948647968858,1.0,0.0,-2.4011935055163476,-0.12,0.0,False,0.004239170222667598,0.232474323984429,0.2119601173013965,0.0757774721088544,7.577747210885437e-06,7.5777472108854385e-06,-0.04649627409153464,0.0,-0.4185491287173764,1.634608944694919,1.8992161401453587,0.4185491287173764
101.0,0.0,0.0,-0.19035543552283263,-0.15423860024097208,-2.144448114113635,-38.07108710456652,1.0,0.0,-2.40825955808091,0.0,0.0,False,0.0039882102745759564,0.19035543552283257,0.19941202481126202,0.0757774721084511,7.577747210845108e-06,7.577747210845109e-06,-0.038072241068118545,0.0,0.34773876513001684,1.990209513872663,2.254020957839938,0.34773876513001684
102.0,0.0,0.0,-0.22664501889257097,-0.8675775967643875,-2.2993571010082214,-45.32900377851419,1.0,0.0,-2.4056038438678446,0.01,0.0,False,0.0038193850000361467,0.22664501889257097,0.19097069711850886,0.07577747210813633,7.577747210813634e-06,7.577747210813632e-06,-0.04533037773503049,0.0,-0.7133389965234154,1.431779504243834,1.5380262471034571,0.7133389965234154
103.0,0.0,0.0,-0.15601151676473354,-0.08464101092778342,-2.189150926187348,-31.20230335294671,1.0,0.0,-2.4207746620996686,0.02,0.0,False,0.003724336403455474,0.15601151676473354,0.1862182312767634,0.07577747210789067,7.577747210789067e-06,7.577747210789068e-06,-0.031203249118448743,0.0,0.7829365858366041,2.1045099152595643,2.336133651171885,0.7829365858366041
104.0,0.0,0.0,-0.23211018627867272,-0.9084368662148636,-2.160330321564807,-46.422037255734544,1.0,0.0,-2.4277518752035236,0.21,0.0,False,0.00373789139694797,0.23211018627867275,0.1868959860872039,0.07577747210769896,7.577747210769899e-06,7.577747210769897e-06,-0.04642344434292532,0.0,-0.8237958552870802,1.2518934553499432,1.51931500898866,0.8237958552870802
105.0,0.0,0.0,-0.14849847285627552,-0.5324987557336187,-2.1628299318496227,-29.6996945712551,1.0,0.0,-2.4058308173303438,0.09,0.0,False,0.004113562625574099,0.14849847285627552,0.20567968985559063,0.07577747210754936,7.577747210754937e-06,7.577747210754936e-06,-0.02970059479154425,0.0,0.3759381104812449,1.630331176116004,1.873332061596725,0.3759381104812449
106.0,0.0,0.0,-0.17891990728244686,-1.1402798572370227,-1.8992895750923524,-35.78398145648937,1.0,0.0,-2.393477858972043,0.6,0.0,False,0.0040726741516475505,0.17891990728244686,0.2036352506671371,0.07577747210743258,7.577747210743258e-06,7.577747210743259e-06,-0.03578506609613293,0.0,-0.607781101503404,0.7590097178553297,1.2531980017350204,0.607781101503404
107.0,0.0,0.0,-0.11599650398858277,-0.5335325374936094,-1.9670583840139282,-23.199300797716553,1.0,0.0,-2.321765619049505,0.17,0.0,False,0.003978230808191499,0.11599650398858277,0.1989130477109455,0.07577747210734144,7.577747210734148e-06,7.577747210734146e-06,-0.023200003986135614,0.0,0.6067473197434133,1.4335258465203187,1.7882330815558958,0.6067473197434133
108.0,0.0,0.0,-0.17377905814732655,-1.5343389899746196,-1.8843069492179005,-34.75581162946531,1.0,0.0,-2.3002888467320783,0.25,0.0,False,0.003985936683315518,0.1737790581473266,0.19929834438680505,0.07577747210727036,7.577747210727035e-06,7.577747210727035e-06,-0.03475686510450088,0.0,-1.0008064524810103,0.34996795924328095,0.7659498567574587,1.0008064524810103
109.0,0.0,0.0,-0.07159652991301681,-1.3690735845072413,-1.9668031573055853,-14.31930598260336,1.0,0.0,-2.2713889616555334,0.11,0.0,False,0.003842365732243159,0.07159652991301681,0.19211974243596844,0.07577747210721485,7.577747210721488e-06,7.577747210721485e-06,-0.014319740011638276,0.0,0.16526540546737833,0.597729572798344,0.9023153771482921,0.16526540546737833
110.0,0.0,0.0,-0.08539763167245333,-2.1325295514923592,-1.8427011023366608,-17.079526334490666,1.0,0.0,-2.25033141612503,0.19,0.0,False,0.0038767326144885017,0.08539763167245333,0.19383809956941286,0.07577747210717153,7.5777472107171526e-06,7.5777472107171526e-06,-0.017080044027899866,0.0,-0.763455966985118,-0.2898284491556984,0.11780186463267084,0.763455966985118
111.0,0.0,0.0,-0.005815927247844022,-2.2668041621537722,-1.8185980325762099,-1.1631854495688043,1.0,0.0,-2.223082257315034,0.2,0.0,False,0.004078884862789346,0.006057130985464013,0.20394578857738685,0.0757774721071377,7.5777472107137695e-06,7.577747210713772e-06,-0.0011632207066028183,0.0,-0.134274610661413,-0.44820612957756234,-0.04372190483873828,0.134274610661413
112.0,0.0,0.0,0.006270695086307411,-3.4848379200672452,-2.030283926961182,1.2541390172614821,1.0,0.0,-2.1906910275521234,-0.09,0.0,False,0.004181649671283062,0.006493935568525735,0.20908406793835974,0.07577747210711135,7.577747210711135e-06,7.5777472107111335e-06,0.0012541770311671808,0.0,-1.218033757913473,-1.4545539931060634,-1.2941468925151218,1.218033757913473
113.0,0.0,0.0,0.12558181618027975,-3.194579019184964,-2.1410129108767695,25.11636323605595,1.0,0.0,-2.204094835403588,-0.04,0.0,False,0.00404754978327272,0.12558181618027978,0.20237902272909,0.07577747210709075,7.577747210709075e-06,7.577747210709075e-06,0.025117124532092836,0.0,0.29025890088228135,-1.0535661083081944,-0.9904841837813758,0.29025890088228135
114.0,0.0,0.0,0.0962887706684779,-2.6623367310742267,-1.9869781825744655,19.257754133695578,1.0,0.0,-2.228972176901585,-0.01,0.0,False,0.004042285543972657,0.0962887706684779,0.2021158087695331,0.07577747210707467,7.577747210707468e-06,7.5777472107074684e-06,0.01925833785084298,0.0,0.5322422881107371,-0.6753585484997613,-0.43336455417264164,0.5322422881107371
115.0,0.0,0.0,0.04288398583597791,-2.9249542508011466,-2.0282466050520593,8.576797167195583,1.0,0.0,-2.2316548299020185,0.02,0.0,False,0.0037272581786282183,0.04288398583597791,0.18636432114242424,0.07577747210706212,7.5777472107062165e-06,7.577747210706214e-06,0.008577057136428836,0.0,-0.2626175197269198,-0.8967076457490872,-0.6932994208991281,0.2626175197269198
116.0,0.0,0.0,0.06967694308694435,-2.6245025893495493,-1.9131769120112925,13.935388617388869,1.0,0.0,-2.2334806245142453,-0.02,0.0,False,0.003783027175213,0.06967694308694435,0.1891527921018312,0.07577747210705234,7.577747210705233e-06,7.577747210705234e-06,0.013935811009596977,0.0,0.3004516614515973,-0.7113256773382568,-0.39102196483530394,0.3004516614515973
117.0,0.0,0.0,0.04310216329217132,-2.805366657978547,-1.8490170793520533,8.620432658434265,1.0,0.0,-2.2281584202186475,0.3,0.0,False,0.003771064460206223,0.04310216329217132,0.18855465181897088,0.07577747210704468,7.57774721070447e-06,7.577747210704469e-06,0.008620693950292383,0.0,-0.18086406862899773,-0.9563495786264937,-0.5772082377598995,0.18086406862899773
118.0,0.0,0.0,0.06150239936242673,-3.1779986137368543,-1.9839582522720935,12.300479872485345,1.0,0.0,-2.1934646255629535,-0.08,0.0,False,0.00383255116826836,0.061502399362426734,0.19162901051861425,0.07577747210703875,7.577747210703874e-06,7.5777472107038745e-06,0.012300852709368246,0.0,-0.3726319557583073,-1.1940403614647608,-0.9845339881739008,0.3726319557583073
119.0,0.0,0.0,0.09444656512166513,-3.6652089452818144,-2.2366368218752575,18.889313024333028,1.0,0.0,-2.1903193618725196,0.12,0.0,False,0.003646216081868966,0.09444656512166513,0.18231218559863552,0.0757774721070341,7.577747210703411e-06,7.5777472107034094e-06,0.018889885573750705,0.0,-0.4872103315449601,-1.428572123406557,-1.4748895834092948,0.4872103315449601
120.0,0.0,0.0,0.1441549757800925,-3.2644649325639814,-2.1472091257703383,28.830995156018503,1.0,0.0,-2.2334971779104333,0.11,0.0,False,0.003589549595263011,0.1441549757800925,0.17947883979812218,0.07577747210703047,7.577747210703047e-06,7.577747210703047e-06,0.028831869045368864,0.0,0.400744012717833,-1.1172558067936431,-1.030967754653548,0.400744012717833
121.0,0.0,0.0,0.10623187290304432,-3.626255138836648,-2.071353037197446,21.246374580608865,1.0,0.0,-2.2236045689826094,0.12,0.0,False,0.0038291200167987123,0.10623187290304432,0.19145745164511194,0.07577747210702765,7.577747210702763e-06,7.577747210702764e-06,0.021247018574351687,0.0,-0.36179020627266656,-1.5549021016392022,-1.4026505698540386,0.36179020627266656
122.0,0.0,0.0,0.13951503566513612,-4.05762928155897,-2.26030847842854,27.903007133027224,1.0,0.0,-2.2021059536196104,-0.02,0.0,False,0.003969945715214239,0.13951503566513612,0.19849878992296546,0.07577747210702544,7.577747210702544e-06,7.577747210702543e-06,0.02790385289435612,0.0,-0.43137414272232233,-1.7973208031304302,-1.85552332793936,0.43137414272232233
123.0,0.0,0.0,0.1771833025510572,-4.3874618518922075,-2.4534292947869796,35.43666051021144,1.0,0.0,-2.23105192170167,0.3,0.0,False,0.004139337067892518,0.1771833025510572,0.2069684217371219,0.0757774721070237,7.577747210702369e-06,7.577747210702371e-06,0.03543773462229341,0.0,-0.3298325703332372,-1.934032557105228,-2.1564099301905375,0.3298325703332372
124.0,0.0,0.0,0.20833006105481236,-4.474182902863674,-2.2646684511634243,41.66601221096247,1.0,0.0,-2.2857291235345656,-0.02,0.0,False,0.003919909480567854,0.2083300610548124,0.19599695923254937,0.07577747210702236,7.577747210702234e-06,7.577747210702236e-06,0.04166727513942353,0.0,-0.08672105097146687,-2.20951445170025,-2.188453779329109,0.08672105097146687
125.0,0.0,0.0,0.21866147566992372,-4.734597013970194,-2.2107143956896373,43.73229513398474,1.0,0.0,-2.3040823077171324,0.12,0.0,False,0.003842927075951453,0.21866147566992372,0.19214780983406926,0.07577747210702132,7.577747210702129e-06,7.577747210702131e-06,0.04373362069304983,0.0,-0.26041411110651946,-2.5238826182805565,-2.4305147062530614,0.26041411110651946
126.0,0.0,0.0,0.24171859389109288,-5.666515048052114,-2.297582467711851,48.34371877821857,1.0,0.0,-2.287485298095072,-0.1,0.0,False,0.004001370766668972,0.24171859389109282,0.2000700544022569,0.07577747210702046,7.577747210702047e-06,7.577747210702049e-06,0.048345184113035095,0.0,-0.93191803408192,-3.368932580340263,-3.379029749957042,0.93191803408192
127.0,0.0,0.0,0.33221271548997755,-5.203979182874072,-2.2957897646341947,66.44254309799551,1.0,0.0,-2.317319490939236,-0.04,0.0,False,0.003899039152204514,0.3322127154899775,0.1949534349068788,0.07577747210701986,7.577747210701988e-06,7.577747210701986e-06,0.06644455702191697,0.0,0.462535865178042,-2.908189418239877,-2.886659691934836,0.462535865178042
128.0,0.0,0.0,0.28246423035102375,-6.0753265002960575,-2.336160232420485,56.49284607020475,1.0,0.0,-2.344262021953434,-0.09,0.0,False,0.003878761797706944,0.28246423035102375,0.19393955949916689,0.07577747210701936,7.577747210701936e-06,7.5777472107019365e-06,0.05649455841125594,0.0,-0.8713473174219857,-3.7391662678755724,-3.7310644783426237,0.8713473174219857
129.0,0.0,0.0,0.36698080776942965,-6.080898433337944,-2.4605522986209505,73.39616155388593,1.0,0.0,-2.379229857237154,-0.01,0.0,False,0.0038742716467113554,0.3669808077694296,0.19371505024812594,0.07577747210701898,7.577747210701896e-06,7.577747210701897e-06,0.07339838624726167,0.0,-0.00557193304188619,-3.620346134716993,-3.7016685761007895,0.00557193304188619
130.0,0.0,0.0,0.3656156169984526,-5.162430813630926,-2.441829400583635,73.12312339969051,1.0,0.0,-2.4053793782121415,-0.03,0.0,False,0.003882802785861003,0.3656156169984526,0.19414161043794925,0.07577747210701867,7.577747210701865e-06,7.577747210701866e-06,0.07312533981707252,0.0,0.9184676197070178,-2.720601413047291,-2.7570514354187843,0.9184676197070178
131.0,0.0,0.0,0.26991925305025877,-5.198782600493381,-2.5184044988765546,53.98385061005175,1.0,0.0,-2.4246037362173265,0.05,0.0,False,0.00387865246469349,0.26991925305025877,0.19393409280706922,0.07577747210701846,7.577747210701843e-06,7.577747210701844e-06,0.05398548690154583,0.0,-0.03635178686245499,-2.680378101616826,-2.7741788642760543,0.03635178686245499
132.0,0.0,0.0,0.2721528112681899,-5.647226178155978,-2.360011699585418,54.43056225363798,1.0,0.0,-2.463136014134995,-0.04,0.0,False,0.003920556928783435,0.2721528112681899,0.19602933188863825,0.07577747210701824,7.5777472107018255e-06,7.5777472107018255e-06,0.05443221208530111,0.0,-0.448443577662597,-3.2872144785705597,-3.184090164020983,0.448443577662597
133.0,0.0,0.0,0.3164756630062752,-5.420703805824444,-2.5191057651841025,63.29513260125505,1.0,0.0,-2.4771513725511602,0.08,0.0,False,0.00385987006870032,0.3164756630062752,0.19299496589099838,0.07577747210701812,7.577747210701811e-06,7.57774721070181e-06,0.06329705112477498,0.0,0.22652237233153372,-2.9015980406403417,-2.943552433273284,0.22652237233153372
134.0,0.0,0.0,0.29340906487406143,-5.3037506470100215,-2.5446153128377906,58.68181297481229,1.0,0.0,-2.482349639464599,0.04,0.0,False,0.0037578726395151507,0.29340906487406143,0.1878950557862032,0.07577747210701802,7.577747210701799e-06,7.577747210701799e-06,0.05868359166511212,0.0,0.11695315881442259,-2.759135334172231,-2.8214010075454223,0.11695315881442259
135.0,0.0,0.0,0.27703643036773845,-5.754698457452692,-2.6182891115815594,55.40728607354769,1.0,0.0,-2.4865019880976855,0.16,0.0,False,0.0037437150026497297,0.27703643036773845,0.18718716857878237,0.0757774721070179,7.577747210701789e-06,7.577747210701791e-06,0.055408965510451276,0.0,-0.4509478104426705,-3.1364093458711326,-3.2681964693550065,0.4509478104426705
136.0,0.0,0.0,0.3216713527847886,-5.6002904638493165,-2.411465021433199,64.33427055695772,1.0,0.0,-2.533281377730766,-0.14,0.0,False,0.0038380400450728006,0.3216713527847886,0.19190345643850237,0.07577747210701782,7.577747210701785e-06,7.577747210701784e-06,0.06433622057753796,0.0,0.15440799360337554,-3.1888254424161175,-3.0670090861185506,0.15440799360337554
137.0,0.0,0.0,0.3059388596758929,-5.323678912130881,-2.4048926619548143,61.18777193517858,1.0,0.0,-2.537863052394993,0.02,0.0,False,0.003918076372409385,0.30593885967589285,0.19590530313008436,0.07577747210701778,7.577747210701776e-06,7.577747210701779e-06,0.06118962658299692,0.0,0.2766115517184353,-2.918786250176067,-2.785815859735888,0.2766115517184353
138.0,0.0,0.0,0.27721021084412295,-5.352128861248708,-2.409739769304908,55.44204216882459,1.0,0.0,-2.5407859507233623,0.05,0.0,False,0.0036584437974778884,0.27721021084412295,0.18292357601200857,0.07577747210701771,7.577747210701773e-06,7.577747210701773e-06,0.055443722659211804,0.0,-0.028449949117827167,-2.9423890919438005,-2.811342910525346,0.028449949117827167
139.0,0.0,0.0,0.2844537112748436,-5.156045785736409,-2.20923450666579,56.89074225496872,1.0,0.0,-2.551471772244555,0.25,0.0,False,0.003794797735153902,0.2844537112748436,0.18974132455859263,0.07577747210701768,7.577747210701771e-06,7.577747210701769e-06,0.05689246665655534,0.0,0.1960830755122993,-2.946811279070619,-2.6045740134918542,0.1960830755122993
140.0,0.0,0.0,0.2664818218602235,-4.64708073522991,-2.238274335832791,53.2963643720447,1.0,0.0,-2.5074839725844154,0.05,0.0,False,0.0037481383423411795,0.2664818218602235,0.18740833723930236,0.07577747210701767,7.577747210701768e-06,7.577747210701767e-06,0.053297979825309004,0.0,0.5089650505064993,-2.4088063993971187,-2.1395967626454944,0.5089650505064993
141.0,0.0,0.0,0.21619939853094747,-4.453605556555905,-2.241799743822614,43.23987970618949,1.0,0.0,-2.4911266005400616,0.03,0.0,False,0.003738260803485351,0.2161993985309475,0.18691445655403638,0.07577747210701766,7.577747210701764e-06,7.5777472107017645e-06,0.04324119033976914,0.0,0.19347517867400477,-2.211805812733291,-1.9624789560158433,0.19347517867400477
142.0,0.0,0.0,0.1948363725938449,-4.662534932209885,-2.3633112203545177,38.96727451876898,1.0,0.0,-2.4850048347009785,-0.07,0.0,False,0.003683981976791256,0.1948363725938449,0.1842004946537703,0.07577747210701764,7.577747210701764e-06,7.577747210701764e-06,0.03896845564644183,0.0,-0.2089293756539803,-2.2992237118553676,-2.1775300975089067,0.2089293756539803
143.0,0.0,0.0,0.21343200375334934,-3.667336790037129,-2.3800549006756975,42.68640075066987,1.0,0.0,-2.50516800957851,-0.15,0.0,False,0.0036613620712042387,0.21343200375334934,0.183069490804023,0.07577747210701764,7.577747210701764e-06,7.577747210701764e-06,0.0426876946078822,0.0,0.995198142172756,-1.2872818893614317,-1.1621687804586194,0.995198142172756
144.0,0.0,0.0,0.11486792280706658,-4.204537114550794,-2.3055843557175093,22.973584561413315,1.0,0.0,-2.528134027987838,0.04,0.0,False,0.0036322981812584765,0.11486792280706659,0.18161628529479443,0.07577747210701764,7.577747210701764e-06,7.577747210701764e-06,0.022974280908201875,0.0,-0.5372003245136647,-1.8989527588332846,-1.676403086562956,0.5372003245136647
145.0,0.0,0.0,0.16979535870146362,-3.54854263485238,-2.279379476439454,33.95907174029272,1.0,0.0,-2.518614039962382,0.1,0.0,False,0.0036136773058822423,0.16979535870146362,0.18068523447076837,0.07577747210701764,7.577747210701764e-06,7.577747210701764e-06,0.03396010106553735,0.0,0.6559944796984141,-1.2691631584129257,-1.0299285948899977,0.6559944796984141
146.0,0.0,0.0,0.10320484123527195,-3.892440566654119,-2.3452953079946366,20.64096824705439,1.0,0.0,-2.50651919422087,-0.17,0.0,False,0.0039089279124878635,0.10320484123527196,0.19544787666777247,0.07577747210701764,7.577747210701764e-06,7.577747210701764e-06,0.020641593890471644,0.0,-0.343897931801739,-1.5471452586594823,-1.3859213724332489,0.343897931801739
147.0,0.0,0.0,0.1383467906850389,-4.492503808176575,-2.284801372927206,27.669358137007784,1.0,0.0,-2.5164551194897715,0.13,0.0,False,0.0038057437144091433,0.1383467906850389,0.19028862766864796,0.07577747210701764,7.577747210701764e-06,7.577747210701764e-06,0.027670196816258236,0.0,-0.6000632415224558,-2.207702435249369,-1.9760486886868032,0.6000632415224558
148.0,0.0,0.0,0.2002413321779249,-3.500860086176381,-2.13161038605124,40.04826643558498,1.0,0.0,-2.50892024195337,0.16,0.0,False,0.003819906748169271,0.2002413321779249,0.19099678472284892,0.07577747210701764,7.577747210701764e-06,7.577747210701764e-06,0.04004948032894347,0.0,0.9916437220001937,-1.369249700125141,-0.991939844223011,0.9916437220001937
149.0,0.0,0.0,0.10482004723465473,-2.9237296101992376,-2.0016742416592175,20.964009446930945,1.0,0.0,-2.4900146174875086,0.31,0.0,False,0.003746844911756956,0.10482004723465473,0.18734366522002674,0.07577747210701764,7.577747210701764e-06,7.577747210701764e-06,0.020964644881972205,0.0,0.5771304759771434,-0.9220553685400201,-0.433714992711729,0.5771304759771434
150.0,0.0,0.0,0.04749997995833345,-3.0853592917190396,-2.1680222689856983,9.49999599166669,1.0,0.0,-2.452619898838807,-0.03,0.0,False,0.003774194478192753,0.04749997995833345,0.18871115390422163,0.07577747210701764,7.577747210701764e-06,7.577747210701764e-06,0.009500283943757164,0.0,-0.16162968151980195,-0.9173370227333413,-0.6327393928802327,0.16162968151980195
151.0,0.0,0.0,0.06415300967368934,-2.2925626508504875,-2.1899326428823884,12.830601934737867,1.0,0.0,-2.4487118134738717,-0.02,0.0,False,0.003892686084100563,0.06415300967368934,0.19463577909458396,0.07577747210701764,7.577747210701764e-06,7.577747210701764e-06,0.01283099084002292,0.0,0.7927966408685521,-0.10263000796809907,0.15614916262338419,0.7927966408685521
152.0,0.0,0.0,-0.01564645879977441,-2.330628188971164,-2.216933860497935,-3.1292917599548815,1.0,0.0,-2.4438048882176413,0.07,0.0,False,0.003882767956214509,0.01564645879977441,0.19413986894242793,0.07577747210701764,7.577747210701764e-06,7.577747210701764e-06,-0.003129386611163742,0.0,-0.03806553812067648,-0.1136943284732288,0.11317669924647733,0.03806553812067648
153.0,0.0,0.0,-0.013717129060466893,-1.5178027181294935,-2.2934114560110075,-2.7434258120933785,1.0,0.0,-2.4490331670937078,-0.06,0.0,False,0.003831899317731585,0.013717129060466893,0.19159641774479758,0.07577747210701764,7.577747210701764e-06,7.577747210701764e-06,-0.0027435089674124275,0.0,0.8128254708416704,0.775608737881514,0.9312304489642143,0.8128254708416704
154.0,0.0,0.0,-0.0959617235029869,-2.5887323340641863,-2.3593070689202316,-19.19234470059738,1.0,0.0,-2.4678046768226567,-0.16,0.0,False,0.00391903057353827,0.0959617235029869,0.19595301354806335,0.07577747210701764,7.577747210701764e-06,7.577747210701764e-06,-0.019192926435135215,0.0,-1.0709296159346928,-0.22942526514395478,-0.12092765724152965,1.0709296159346928
155.0,0.0,0.0,0.008027857973727237,-3.1585835664059303,-2.46192356051059,1.6055715947454474,1.0,0.0,-2.477456311843492,0.03,0.0,False,0.0037049429362400587,0.008047233716614328,0.18524855056805298,0.07577747210701764,7.577747210701764e-06,7.577747210701764e-06,0.001605620260839361,0.0,-0.569851232341744,-0.6966600058953403,-0.6811272545624383,0.569851232341744
156.0,0.0,0.0,0.06283818891725518,-2.9214312602522376,-2.5560555550252646,12.567637783451037,1.0,0.0,-2.5084507126729956,0.06,0.0,False,0.0034567700975974653,0.06283818891725518,0.1728398146063715,0.07577747210701764,7.577747210701764e-06,7.577747210701764e-06,0.012568018718093033,0.0,0.23715230615369265,-0.36537570522697305,-0.4129805475792421,0.23715230615369265
157.0,0.0,0.0,0.037772012186894785,-3.6774451496036358,-2.470196116028479,7.554402437378957,1.0,0.0,-2.5301778686378396,0.01,0.0,False,0.003606895615879926,0.037772012186894785,0.18034614740115593,0.07577747210701764,7.577747210701764e-06,7.577747210701764e-06,0.007554631417051793,0.0,-0.7560138893513981,-1.207249033575157,-1.1472672809657962,0.7560138893513981
158.0,0.0,0.0,0.11363770181684447,-4.266431152667543,-2.440822598642003,22.727540363368895,1.0,0.0,-2.5436968270452907,-0.15,0.0,False,0.0038942832502753366,0.11363770181684447,0.19471563800846867,0.07577747210701764,7.577747210701764e-06,7.577747210701764e-06,0.022728229252371026,0.0,-0.5889860030639076,-1.8256085540255405,-1.7227343256222527,0.5889860030639076
159.0,0.0,0.0,0.17093089807647094,-4.0793119992510825,-2.504203276599396,34.186179615294186,1.0,0.0,-2.5410250755462935,-0.01,0.0,False,0.003631537950260494,0.17093089807647097,0.1815782734568533,0.07577747210701764,7.577747210701764e-06,7.577747210701764e-06,0.03418721582435092,0.0,0.1871191534164609,-1.5751087226516867,-1.538286923704789,0.1871191534164609
160.0,0.0,0.0,0.15093056918044848,-3.668068422018534,-2.5285326237488284,30.186113836089696,1.0,0.0,-2.5570574083460293,0.08,0.0,False,0.003601037975887563,0.15093056918044848,0.18005326318215203,0.07577747210701764,7.577747210701764e-06,7.577747210701764e-06,0.030187028800115992,0.0,0.4112435772325487,-1.1395357982697054,-1.1110110136725044,0.4112435772325487
161.0,0.0,0.0,0.10876837720826708,-2.8761511036112064,-2.4621941556381706,21.753675441653417,1.0,0.0,-2.5699491217616184,-0.1,0.0,False,0.0036777087610719563,0.10876837720826708,0.18388683149096313,0.07577747210701764,7.577747210701764e-06,7.577747210701764e-06,0.021754334812070456,0.0,0.7919173184073274,-0.41395694797303584,-0.306201981849588,0.7919173184073274
162.0,0.0,0.0,0.026094996665526882,-2.356898523400837,-2.6853528578234793,5.218999333105376,1.0,0.0,-2.580343438972514,0.13,0.0,False,0.0038286825320700698,0.026094996665526886,0.19143557724292237,0.07577747210701764,7.577747210701764e-06,7.577747210701764e-06,0.00521915752493719,0.0,0.5192525802103694,0.32845433442264227,0.2234449155716769,0.5192525802103694
163.0,0.0,0.0,-0.028963482227266676,-2.5410807187744333,-2.7422652911612775,-5.792696445453335,1.0,0.0,-2.615191249891528,0.11,0.0,False,0.003897303542569608,0.02896348222726668,0.19486665376753284,0.07577747210701764,7.577747210701764e-06,7.577747210701764e-06,-0.005792872026480149,0.0,-0.18418219537359626,0.20118457238684417,0.07411053111709487,0.18418219537359626
164.0,0.0,0.0,-0.0180426379681852,-2.1603174090172015,-3.091903725795487,-3.60852759363704,1.0,0.0,-2.6465443195708365,0.54,0.0,False,0.003943936306228078,0.018042637968185202,0.19719830961902104,0.07577747210701764,7.577747210701764e-06,7.577747210701764e-06,-0.0036086369708478333,0.0,0.3807633097572318,0.9315863167782856,0.486226910553635,0.3807633097572318
165.0,0.0,0.0,-0.06185167320450003,-2.762653942234457,-3.003077723492737,-12.370334640900007,1.0,0.0,-2.7215139345837622,0.36,0.0,False,0.0038716115786549088,0.06185167320450003,0.19358204583743746,0.07577747210701764,7.577747210701764e-06,7.577747210701764e-06,-0.012370709595133969,0.0,-0.6023365332172554,0.24042378125828012,-0.0411400076506947,0.6023365332172554
166.0,0.0,0.0,-0.0064537567511862935,-2.9720248603349892,-2.981915166284023,-1.2907513502372587,1.0,0.0,-2.7788575758794063,0.33,0.0,False,0.004022529135563639,0.006663293154148337,0.20112798086362876,0.07577747210701764,7.577747210701764e-06,7.577747210701764e-06,-0.0012907904738905644,0.0,-0.20937091810053232,0.009890305949033618,-0.19316728445558295,0.20937091810053232
167.0,0.0,0.0,0.008428197745597303,-3.407829369166239,-3.1245157264230046,1.6856395491194605,1.0,0.0,-2.827193954993181,0.44,0.0,False,0.00404042421506113,0.008504377538752793,0.20202274161872277,0.07577747210701764,7.577747210701764e-06,7.577747210701764e-06,0.0016856906421338555,0.0,-0.43580450883124966,-0.28331364274323434,-0.5806354141730581,0.43580450883124966
168.0,0.0,0.0,0.047876419170974564,-4.16826091760999,-3.092357629950784,9.575283834194913,1.0,0.0,-2.887739689541418,0.29,0.0,False,0.004087537492389828,0.047876419170974564,0.204378423335783,0.07577747210701764,7.577747210701764e-06,7.577747210701764e-06,0.009575574068317048,0.0,-0.7604315484437509,-1.075903287659206,-1.2805212280685718,0.7604315484437509
169.0,0.0,0.0,0.11835786645026969,-4.738624186513319,-3.236617289982483,23.67157329005394,1.0,0.0,-2.929047037686402,0.4,0.0,False,0.00399432809870738,0.11835786645026972,0.1997179183357994,0.07577747210701764,7.577747210701764e-06,7.577747210701764e-06,0.023672290793410745,0.0,-0.5703632689033293,-1.502006896530836,-1.809577148826917,0.5703632689033293
170.0,0.0,0.0,0.1726685168937053,-4.37089541679741,-3.2264850594033287,34.53370337874106,1.0,0.0,-2.984637408807676,0.17,0.0,False,0.003962974799039247,0.1726685168937053,0.1981502414730238,0.07577747210701764,7.577747210701764e-06,7.577747210701764e-06,0.03453475012150689,0.0,0.3677287697159093,-1.1444103573940811,-1.386258007989734,0.3677287697159093
171.0,0.0,0.0,0.12973201215202704,-3.4135692638693196,-3.317100211871156,25.94640243040541,1.0,0.0,-3.011873595657655,0.4,0.0,False,0.004045440611138104,0.12973201215202704,0.20227356332322052,0.07577747210701764,7.577747210701764e-06,7.577747210701764e-06,0.025947188885560406,0.0,0.9573261529280903,-0.09646905199816347,-0.4016956682116648,0.9573261529280903
172.0,0.0,0.0,0.028008333631611274,-3.236245090825698,-3.4332872177539606,5.601666726322255,1.0,0.0,-3.0735261414574797,0.33,0.0,False,0.004186156000777816,0.028008333631611277,0.20930938612048872,0.07577747210701764,7.577747210701764e-06,7.577747210701764e-06,0.00560183651709326,0.0,0.1773241730436217,0.19704212692826273,-0.16271894936821818,0.1773241730436217
173.0,0.0,0.0,0.005399287976276026,-3.4759630216265136,-3.5333716271098132,1.0798575952552052,1.0,0.0,-3.1334753155496045,0.34,0.0,False,0.004197501100226588,0.005682213495850535,0.20987664539144207,0.07577747210701764,7.577747210701764e-06,7.577747210701764e-06,0.0010798903265586961,0.0,-0.23971793080081572,0.057408605483299624,-0.34248770607690915,0.23971793080081572
174.0,0.0,0.0,0.021325949777751627,-3.7568194335463243,-3.6760844532965566,4.265189955550325,1.0,0.0,-3.182250165340968,0.56,0.0,False,0.004089794344849195,0.02132594977775163,0.20449126681384422,0.07577747210701764,7.577747210701764e-06,7.577747210701764e-06,0.004265319236695817,0.0,-0.2808564119198107,-0.08073498024976766,-0.5745692682053565,0.2808564119198107
175.0,0.0,0.0,0.03993207123377551,-3.8571196050364795,-3.900977296516772,7.9864142467551025,1.0,0.0,-3.2626954437161753,0.68,0.0,False,0.004218011447104284,0.03993207123377552,0.21090217050643809,0.07577747210701764,7.577747210701764e-06,7.577747210701764e-06,0.007986656321033845,0.0,-0.10030017149015524,0.043857691480292615,-0.5944241613203043,0.10030017149015524
176.0,0.0,0.0,0.043159110561655056,-3.1931065346863114,-3.869182868636671,8.631822112331012,1.0,0.0,-3.357483591451499,0.66,0.0,False,0.004081273438566718,0.043159110561655056,0.20406521827125668,0.07577747210701764,7.577747210701764e-06,7.577747210701764e-06,0.008632083749412123,0.0,0.6640130703501681,0.6760763339503595,0.16437705676518766,0.6640130703501681
177.0,0.0,0.0,-0.02858076092060506,-2.89508810205319,-3.7841846590818276,-5.716152184121012,1.0,0.0,-3.4255121469784457,0.44,0.0,False,0.004095309430857755,0.028580760920605054,0.20476702320386855,0.07577747210701764,7.577747210701764e-06,7.577747210701764e-06,-0.005716325445033156,0.0,0.29801843263312167,0.8890965570286378,0.530424044925256,0.29801843263312167
178.0,0.0,0.0,-0.06546038160136743,-2.8437286313062433,-3.851272061669951,-13.092076320273485,1.0,0.0,-3.4789249727814293,0.51,0.0,False,0.00403106059047362,0.06546038160136743,0.2015545568415883,0.07577747210701764,7.577747210701764e-06,7.577747210701764e-06,-0.013092473151045662,0.0,0.05135947074694647,1.0075434303637079,0.635196341475186,0.05135947074694647
179.0,0.0,0.0,-0.07637112594199072,-3.918129609514417,-3.938878566619904,-15.274225188398145,1.0,0.0,-3.549716720178068,0.36,0.0,False,0.0043443223325620875,0.07637112594199072,0.21721776263692624,0.07577747210701764,7.577747210701764e-06,7.577747210701764e-06,-0.015274688161759102,0.0,-1.0744009782081738,0.020748957105487076,-0.3684128893363492,1.0744009782081738
180.0,0.0,0.0,0.025723477371712707,-4.064779771672499,-3.912935550378702,5.144695474342542,1.0,0.0,-3.6074688267804786,0.39,0.0,False,0.004263009858085771,0.025723477371712714,0.2131521081048416,0.07577747210701764,7.577747210701764e-06,7.577747210701764e-06,0.005144851413967988,0.0,-0.1466501621580818,-0.1518442212937967,-0.4573109448920203,0.1466501621580818
181.0,0.0,0.0,0.0375900339168067,-3.596594771271416,-3.789728279754368,7.51800678336134,1.0,0.0,-3.6608850894968454,-0.06,0.0,False,0.004568686086913978,0.0375900339168067,0.2284360353631115,0.07577747210701764,7.577747210701764e-06,7.577747210701764e-06,0.007518234659854274,0.0,0.4681850004010828,0.19313350848295174,0.0642903182254293,0.4681850004010828
182.0,0.0,0.0,-0.007726816454508805,-2.9131584491278866,-3.617315174273377,-1.545363290901761,1.0,0.0,-3.6888651901156995,0.07,0.0,False,0.004340040048174212,0.00783885339108995,0.21700364679502904,0.07577747210701764,7.577747210701764e-06,7.577747210701764e-06,-0.0015454101320362778,0.0,0.6834363221435296,0.7041567251454905,0.7757067409878129,0.6834363221435296
183.0,0.0,0.0,-0.07917816729371818,-2.9544775405864216,-3.615157212763689,-15.835633458743636,1.0,0.0,-3.673865863409596,-0.06,0.0,False,0.004244061983144434,0.07917816729371817,0.21220470717866446,0.07577747210701764,7.577747210701764e-06,7.577747210701764e-06,-0.015836113448815466,0.0,-0.04131909145853507,0.6606796721772672,0.7193883228231743,0.04131909145853507
184.0,0.0,0.0,-0.07480931925897363,-3.189309417878066,-3.544698295321744,-14.961863851794726,1.0,0.0,-3.7049701216718853,-0.02,0.0,False,0.0041430100665052995,0.07480931925897362,0.20715207305941374,0.07577747210701764,7.577747210701764e-06,7.577747210701764e-06,-0.014962317357246442,0.0,-0.23483187729164445,0.35538887744367775,0.5156607037938192,0.23483187729164445
185.0,0.0,0.0,-0.05095116491289143,-3.3930283068107454,-3.4838048873120657,-10.190232982578285,1.0,0.0,-3.7025990774816746,0.02,0.0,False,0.004089101131008452,0.050951164912891436,0.20445660585915704,0.07577747210701764,7.577747210701764e-06,7.577747210701764e-06,-0.01019054185627595,0.0,-0.2037188889326793,0.09077658050132031,0.3095707706709292,0.2037188889326793
186.0,0.0,0.0,-0.029860661361202686,-3.1995797052806445,-3.4120400642263107,-5.972132272240537,1.0,0.0,-3.69884037175937,0.12,0.0,False,0.0039003776680154377,0.02986066136120269,0.19502036120457159,0.07577747210701764,7.577747210701764e-06,7.577747210701764e-06,-0.00597231329210348,0.0,0.1934486015301009,0.21246035894566617,0.4992606664787256,0.1934486015301009
187.0,0.0,0.0,-0.04506634949355865,-3.274275019477509,-3.423392896216436,-9.01326989871173,1.0,0.0,-3.691646234249939,0.24,0.0,False,0.0038382026402367054,0.04506634949355865,0.19191158625830282,0.07577747210701764,7.577747210701764e-06,7.577747210701764e-06,-0.009013543097764826,0.0,-0.0746953141968647,0.14911787673892674,0.4173712147724298,0.0746953141968647
188.0,0.0,0.0,-0.03728903313426972,-3.0429907870266155,-3.4333184567409902,-7.457806626853944,1.0,0.0,-3.6502602752864393,-0.07,0.0,False,0.0037807090069694655,0.03728903313426972,0.18903688281132985,0.07577747210701764,7.577747210701764e-06,7.577747210701764e-06,-0.007458032678634432,0.0,0.2312842324508937,0.3903276697143747,0.6072694882598237,0.2312842324508937
189.0,0.0,0.0,-0.057605702395399104,-2.6274787553812846,-3.305941652183741,-11.52114047907982,1.0,0.0,-3.647179479163547,0.23,0.0,False,0.0037508960403510355,0.057605702395399104,0.18754622318465214,0.07577747210701764,7.577747210701764e-06,7.577747210701764e-06,-0.011521489693594067,0.0,0.4155120316453309,0.6784628968024564,1.0197007237822624,0.4155120316453309
190.0,0.0,0.0,-0.09847362148250971,-2.209868217690722,-3.302402740230281,-19.694724296501942,1.0,0.0,-3.6190696370531383,0.04,0.0,False,0.003719983932905399,0.09847362148250971,0.1860006061001635,0.07577747210701764,7.577747210701764e-06,7.577747210701764e-06,-0.01969532125854671,0.0,0.41761053769056256,1.0925345225395588,1.4092014193624163,0.41761053769056256
191.0,0.0,0.0,-0.1399741106235131,-1.8872962515820162,-3.4516481956811154,-27.99482212470262,1.0,0.0,-3.6122522806169064,0.15,0.0,False,0.0035526859519070322,0.1399741106235131,0.1776356436631547,0.07577747210701764,7.577747210701764e-06,7.577747210701764e-06,-0.027995670669013616,0.0,0.32257196610870587,1.5643519440990992,1.7249560290348902,0.32257196610870587
192.0,0.0,0.0,-0.1698876271355932,-1.7785399358704066,-3.293803981937837,-33.977525427118636,1.0,0.0,-3.609662358347169,0.16,0.0,False,0.00378141029050272,0.1698876271355932,0.18907194725370005,0.07577747210701764,7.577747210701764e-06,7.577747210701764e-06,-0.03397855531170852,0.0,0.1087563157116096,1.5152640460674303,1.8311224224767624,0.1087563157116096
193.0,0.0,0.0,-0.17578089287618684,-1.7398985124823731,-3.2018609147874995,-35.15617857523737,1.0,0.0,-3.586236891212579,0.41,0.0,False,0.003586408153458668,0.17578089287618684,0.17932176651765247,0.07577747210701764,7.577747210701764e-06,7.577747210701764e-06,-0.03515724418569896,0.0,0.03864142338803345,1.4619624023051263,1.8463383787302057,0.03864142338803345
194.0,0.0,0.0,-0.18002194805231572,-1.915879225302219,-3.2605940883532094,-36.00438961046314,1.0,0.0,-3.5364154657908076,-0.05,0.0,False,0.0036321022978596657,0.18002194805231572,0.18160649105063612,0.07577747210701764,7.577747210701764e-06,7.577747210701764e-06,-0.036005480930845137,0.0,-0.17598071281984584,1.3447148630509904,1.6205362404885886,0.17598071281984584
195.0,0.0,0.0,-0.1596648032446899,-0.9835677799144029,-3.272970290454823,-31.932960648937982,1.0,0.0,-3.5401862010462644,0.2,0.0,False,0.003910347261370451,0.1596648032446899,0.1955188446496752,0.07577747210701764,7.577747210701764e-06,7.577747210701764e-06,-0.03193392856121731,0.0,0.9323114453878161,2.2894025105404197,2.556618421131861,0.9323114453878161
196.0,0.0,0.0,-0.2521690996501511,-2.1246089440179774,-3.3826391922219106,-50.43381993003022,1.0,0.0,-3.5125877527249885,-0.04,0.0,False,0.0038878292591602117,0.25216909965015105,0.1943929360073768,0.07577747210701764,7.577747210701764e-06,7.577747210701764e-06,-0.050435348617399366,0.0,-1.1410411641035745,1.2580302482039332,1.387978808707011,1.1410411641035745
197.0,0.0,0.0,-0.13701311768731647,-2.5222805691708374,-3.2496239083195966,-27.402623537463292,1.0,0.0,-3.5053543201004866,0.02,0.0,False,0.0038012724779294244,0.13701311768731647,0.19006506415056706,0.07577747210701764,7.577747210701764e-06,7.577747210701764e-06,-0.02740345413178554,0.0,-0.39767162515286003,0.7273433391487591,0.9830737509296492,0.39767162515286003
198.0,0.0,0.0,-0.09582248612493595,-2.8335738277102163,-3.403915346338338,-19.16449722498719,1.0,0.0,-3.49479203342966,-0.1,0.0,False,0.0040725551075792244,0.09582248612493595,0.20362929841861654,0.07577747210701764,7.577747210701764e-06,7.577747210701764e-06,-0.019165078115446897,0.0,-0.31129325853937884,0.5703415186281218,0.6612182057194436,0.31129325853937884
199.0,0.0,0.0,-0.0635458544270517,-2.7570469124398076,-3.436331321184484,-12.70917088541034,1.0,0.0,-3.4805417363490436,0.07,0.0,False,0.004184869724906381,0.0635458544270517,0.20924507183956334,0.07577747210701764,7.577747210701764e-06,7.577747210701764e-06,-0.012709556110028102,0.0,0.07652691527040867,0.6792844087446763,0.723494823909236,0.07652691527040867
200.0,0.0,0.0,-0.07442601491424128,-2.337102042100191,-3.598601629651238,-14.885202982848256,1.0,0.0,-3.4690564487017896,0.06,0.0,False,0.004313802973437093,0.07442601491424128,0.21569178311727707,0.07577747210701764,7.577747210701764e-06,7.577747210701764e-06,-0.014885654164650836,0.0,0.41994487033961647,1.261499587551047,1.1319544066015985,0.41994487033961647
201.0,0.0,0.0,-0.11993345998406613,-2.254442415384045,-3.5134612767922704,-23.986691996813224,1.0,0.0,-3.501335260658566,-0.05,0.0,False,0.004370609947761373,0.11993345998406613,0.21853215335693568,0.07577747210701764,7.577747210701764e-06,7.577747210701764e-06,-0.023987419051657258,0.0,0.08265962671614613,1.2590188614082254,1.246892845274521,0.08265962671614613
202.0,0.0,0.0,-0.130035397744392,-2.3400033249909966,-3.478174170835778,-26.007079548878398,1.0,0.0,-3.536482083212945,0.07,0.0,False,0.004278489148283246,0.13003539774439202,0.2139260784796227,0.07577747210701764,7.577747210701764e-06,7.577747210701764e-06,-0.02600786784320292,0.0,-0.08556090960695162,1.1381708458447815,1.1964787582219483,0.08556090960695162
203.0,0.0,0.0,-0.12252240734637908,-2.730518593178793,-3.474645656046117,-24.504481469275817,1.0,0.0,-3.5548456615965915,0.0,0.0,False,0.004230866522698595,0.12252240734637908,0.21154492915677933,0.07577747210701764,7.577747210701764e-06,7.577747210701764e-06,-0.02450522421871184,0.0,-0.3905152681877966,0.744127062867324,0.8243270684177983,0.3905152681877966
204.0,0.0,0.0,-0.08212786754590415,-1.879212829550506,-3.3815579470557724,-16.42557350918083,1.0,0.0,-3.5652738206463126,0.09,0.0,False,0.004241861108087921,0.08212786754590415,0.212094662591955,0.07577747210701764,7.577747210701764e-06,7.577747210701764e-06,-0.016426071380783443,0.0,0.8513057636282872,1.5023451175052664,1.6860609910958066,0.8513057636282872
205.0,0.0,0.0,-0.16885034129849985,-1.4254674348127567,-3.513720465094819,-33.77006825969997,1.0,0.0,-3.551828385848795,0.02,0.0,False,0.004270617286277902,0.16885034129849985,0.2135324823968066,0.07577747210701764,7.577747210701764e-06,7.577747210701764e-06,-0.03377109185610563,0.0,0.4537453947377492,2.088253030282062,2.1263609510360384,0.4537453947377492
206.0,0.0,0.0,-0.21541362940745912,-0.6559923411714467,-3.5009311508458527,-43.082725881491825,1.0,0.0,-3.5677802177956432,-0.17,0.0,False,0.0044577848777759355,0.21541362940745912,0.22289093288714298,0.07577747210701764,7.577747210701764e-06,7.577747210701764e-06,-0.04308403175161974,0.0,0.7694750936413101,2.844938809674406,2.9117878766241967,0.7694750936413101
207.0,0.0,0.0,-0.29312955780619815,-1.2355865960632773,-3.3737019779076034,-58.625911561239626,1.0,0.0,-3.5796853463888154,-0.08,0.0,False,0.004593309237773816,0.29312955780619815,0.22966720223550405,0.07577747210701764,7.577747210701764e-06,7.577747210701764e-06,-0.058627688557125184,0.0,-0.5795942548918306,2.138115381844326,2.3440987503255384,0.5795942548918306
208.0,0.0,0.0,-0.23208207964223782,-0.46875767773103916,-3.4652333759042255,-46.41641592844756,1.0,0.0,-3.587398982317877,0.13,0.0,False,0.0045976923032627105,0.23208207964223782,0.22988635717063685,0.07577747210701764,7.577747210701764e-06,7.577747210701764e-06,-0.04641782284525159,0.0,0.7668289183322381,2.996475698173186,3.1186413045868377,0.7668289183322381
209.0,0.0,0.0,-0.30825985831855046,-0.6839315236313166,-3.548146793979603,-61.65197166371009,1.0,0.0,-3.5564953254522362,0.07,0.0,False,0.0043552039590927915,0.30825985831855046,0.2177618480863722,0.07577747210701764,7.577747210701764e-06,7.577747210701764e-06,-0.0616538403817746,0.0,-0.21517384590027744,2.8642152703482866,2.8725638018209194,0.21517384590027744
210.0,0.0,0.0,-0.2888429615343777,-1.5723271218510377,-3.5910743824798796,-57.76859230687555,1.0,0.0,-3.551473056680618,-0.03,0.0,False,0.004410505959827246,0.2888429615343777,0.22052696907632396,0.07577747210701764,7.577747210701764e-06,7.577747210701764e-06,-0.05777034331676366,0.0,-0.8883955982197211,2.018747260628842,1.9791459348295803,0.8883955982197211
211.0,0.0,0.0,-0.19902021145970175,-1.4650511562037718,-3.3426876794414175,-39.80404229194035,1.0,0.0,-3.572470577922396,0.1,0.0,False,0.0044025577675676,0.19902021145970175,0.22012955645187213,0.07577747210701764,7.577747210701764e-06,7.577747210701764e-06,-0.03980524878267964,0.0,0.10727596564726594,1.8776365232376457,2.1074194217186246,0.10727596564726594
212.0,0.0,0.0,-0.2099769243785593,-1.690606422134802,-3.402445388810866,-41.99538487571186,1.0,0.0,-3.5626046426906663,0.09,0.0,False,0.004261899422456619,0.2099769243785593,0.21309658590265393,0.07577747210701764,7.577747210701764e-06,7.577747210701764e-06,-0.04199665778770844,0.0,-0.22555526593103026,1.7118389666760638,1.8719982205558643,0.22555526593103026
213.0,0.0,0.0,-0.18844289357685282,-1.8261207028136757,-3.4541411338651185,-37.68857871537056,1.0,0.0,-3.564899957592014,0.02,0.0,False,0.004231095037056397,0.18844289357685276,0.21155635496125058,0.07577747210701764,7.577747210701764e-06,7.577747210701764e-06,-0.03768972108480288,0.0,-0.1355142806788736,1.6280204310514428,1.7387792547783385,0.1355142806788736
214.0,0.0,0.0,-0.17596301697737604,-1.647242021084808,-3.588792213187687,-35.19260339547521,1.0,0.0,-3.575106756533887,0.0,0.0,False,0.004121490602651001,0.175963016977376,0.20607609171324592,0.07577747210701764,7.577747210701764e-06,7.577747210701764e-06,-0.035193670110000755,0.0,0.17887868172886767,1.9415501921028788,1.927864735449079,0.17887868172886767
215.0,0.0,0.0,-0.19577565581437187,-0.759732087853566,-3.4980276041155327,-39.155131162874376,1.0,0.0,-3.5858175427504886,0.06,0.0,False,0.003939199750100281,0.19577565581437187,0.19696148001800995,0.07577747210701764,7.577747210701764e-06,7.577747210701764e-06,-0.03915631798462472,0.0,0.8875099332312419,2.7382955162619664,2.8260854548969228,0.8875099332312419
216.0,0.0,0.0,-0.2867655642341766,-1.2920487300405743,-3.5137846762223983,-57.353112846835316,1.0,0.0,-3.6050727561500135,-0.09,0.0,False,0.003934109883445695,0.2867655642341766,0.19670698475679452,0.07577747210701764,7.577747210701764e-06,7.577747210701764e-06,-0.057354851263225586,0.0,-0.5323166421870082,2.2217359461818242,2.3130240261094395,0.5323166421870082
217.0,0.0,0.0,-0.23405350924055085,-1.7621186887726292,-3.521327630442799,-46.81070184811017,1.0,0.0,-3.6274963820430544,-0.02,0.0,False,0.0038638119245551564,0.23405350924055085,0.19319206017725948,0.07577747210701764,7.577747210701764e-06,7.577747210701764e-06,-0.04681212071601974,0.0,-0.4700699587320549,1.75920894167017,1.8653776932704251,0.4700699587320549
218.0,0.0,0.0,-0.1882554614976075,-2.764203404022471,-3.5399248301431077,-37.6510922995215,1.0,0.0,-3.6326725023624205,0.04,0.0,False,0.003738301844549754,0.18825546149760747,0.18691650862280645,0.07577747210701764,7.577747210701764e-06,7.577747210701764e-06,-0.0376522335327121,0.0,-1.0020847152498416,0.7757214261206369,0.8684690983399497,1.0020847152498416
219.0,0.0,0.0,-0.08642951193918705,-2.3121671275152327,-3.41044215024344,-17.28590238783741,1.0,0.0,-3.6447446313636154,0.18,0.0,False,0.0036047499938409557,0.08642951193918705,0.18023886548625834,0.07577747210701764,7.577747210701764e-06,7.577747210701764e-06,-0.017286426336661456,0.0,0.4520362765072381,1.0982750227282074,1.3325775038483827,0.4520362765072381
220.0,0.0,0.0,-0.13182717830411575,-3.189934055724213,-3.5561955351884302,-26.365435660823152,1.0,0.0,-3.6285312704639914,-0.09,0.0,False,0.0038067343498922298,0.13182717830411575,0.1903381598181416,0.07577747210701764,7.577747210701764e-06,7.577747210701764e-06,-0.02636623481719347,0.0,-0.8777669282089802,0.3662614794642174,0.43859721473977853,0.8777669282089802
221.0,0.0,0.0,-0.04765313295870415,-2.6550423865332924,-3.6156744077946197,-9.53062659174083,1.0,0.0,-3.6304888582080235,-0.14,0.0,False,0.003916123871256571,0.04765313295870415,0.19580767733266566,0.07577747210701764,7.577747210701764e-06,7.577747210701764e-06,-0.009530915472268045,0.0,0.5348916691909205,0.9606320212613273,0.9754464716747311,0.5348916691909205
222.0,0.0,0.0,-0.10299238938346318,-2.2442091573534935,-3.5706036805448873,-20.598477876692638,1.0,0.0,-3.6664834404810223,-0.09,0.0,False,0.0041603975022546525,0.10299238938346317,0.20802145143476103,0.07577747210701764,7.577747210701764e-06,7.577747210701764e-06,-0.020599102232194508,0.0,0.4108332291797989,1.3263945231913938,1.4222742831275288,0.4108332291797989
223.0,0.0,0.0,-0.1447879386756716,-1.457051516731687,-3.6266275900734035,-28.95758773513432,1.0,0.0,-3.685005302882492,-0.08,0.0,False,0.0042682595627441975,0.14478793867567163,0.21341459532680968,0.07577747210701764,7.577747210701764e-06,7.577747210701764e-06,-0.02895846546160186,0.0,0.7871576406218064,2.1695760733417164,2.2279537861508047,0.7871576406218064
224.0,0.0,0.0,-0.22556613331400086,-1.6482402003124632,-3.747048979525584,-45.11322666280017,1.0,0.0,-3.6921434024301307,0.06,0.0,False,0.004304960433628496,0.22556613331400086,0.21524965277652072,0.07577747210701764,7.577747210701764e-06,7.577747210701764e-06,-0.04511459407894824,0.0,-0.19118868358077612,2.0988087792131207,2.0439032021176677,0.19118868358077612
225.0,0.0,0.0,-0.2092842878766565,-2.237745781856351,-3.8550402143791733,-41.856857575331304,1.0,0.0,-3.712798314028571,0.08,0.0,False,0.004308750205420267,0.20928428787665657,0.21543914280200588,0.07577747210701764,7.577747210701764e-06,7.577747210701764e-06,-0.041858126288460244,0.0,-0.5895055815438879,1.6172944325228222,1.4750525321722199,0.5895055815438879
226.0,0.0,0.0,-0.15553866654405368,-2.6768723687320723,-3.8712131391894595,-31.107733308810737,1.0,0.0,-3.741162374250462,0.2,0.0,False,0.004236923838123766,0.15553866654405368,0.2118477972230781,0.07577747210701764,7.577747210701764e-06,7.577747210701764e-06,-0.031108676207822906,0.0,-0.43912658687572126,1.1943407704573872,1.0642900055183895,0.43912658687572126
227.0,0.0,0.0,-0.11688165338223748,-2.6260631236999687,-4.1220875485400095,-23.376330676447495,1.0,0.0,-3.7931913789317147,0.3,0.0,False,0.003991851411409402,0.11688165338223748,0.19959408303251505,0.07577747210701764,7.577747210701764e-06,7.577747210701764e-06,-0.023377039230776546,0.0,0.0508092450321036,1.4960244248400407,1.167128255231746,0.0508092450321036
228.0,0.0,0.0,-0.12847259118046117,-2.0167644846602384,-4.140141537045157,-25.694518236092236,1.0,0.0,-3.8457331875355907,0.38,0.0,False,0.004075654842176223,0.12847259118046117,0.20378428632291676,0.07577747210701764,7.577747210701764e-06,7.577747210701764e-06,-0.025695297056446083,0.0,0.6092986390397304,2.1233770523849183,1.8289687028753523,0.6092986390397304
229.0,0.0,0.0,-0.19355303498761198,-2.43748542805991,-4.0763056709904735,-38.7106069975224,1.0,0.0,-3.9108377121455526,0.17,0.0,False,0.004181609056382863,0.19355303498761203,0.2090820371779613,0.07577747210701764,7.577747210701764e-06,7.577747210701764e-06,-0.03871178034540783,0.0,-0.4207209433996715,1.6388202429305636,1.4733522840856428,0.4207209433996715
230.0,0.0,0.0,-0.15758810206050503,-1.832641738305034,-4.241301015860312,-31.517620412101007,1.0,0.0,-3.952368169334907,0.38,0.0,False,0.004199325575748511,0.15758810206050503,0.20996786985880894,0.07577747210701764,7.577747210701764e-06,7.577747210701764e-06,-0.031518575735102444,0.0,0.6048436897548759,2.4086592775552784,2.119726431029873,0.6048436897548759
231.0,0.0,0.0,-0.22095229878352066,-1.7216594568590864,-4.213505001788178,-44.19045975670413,1.0,0.0,-4.013426156805,0.19,0.0,False,0.004267790281436814,0.22095229878352066,0.2133911310836357,0.07577747210701764,7.577747210701764e-06,7.577747210701764e-06,-0.044191799203086746,0.0,0.11098228144594757,2.4918455449290917,2.2917666999459136,0.11098228144594757
232.0,0.0,0.0,-0.23575892635895748,-1.7520078359846543,-4.135588581355005,-47.151785271791496,1.0,0.0,-4.042248442173528,0.08,0.0,False,0.004090387571646778,0.23575892635895748,0.20452092837848945,0.07577747210701764,7.577747210701764e-06,7.577747210701764e-06,-0.04715321447819858,0.0,-0.03034837912556787,2.383580745370351,2.2902406061888736,0.03034837912556787
233.0,0.0,0.0,-0.23547697427406739,-0.9842204422231582,-4.155699529553637,-47.09539485481348,1.0,0.0,-4.079338046525989,0.15,0.0,False,0.0040009643073121645,0.23547697427406739,0.20004973128041423,0.07577747210701764,7.577747210701764e-06,7.577747210701764e-06,-0.047096822351984216,0.0,0.7677873937614961,3.1714790873304786,3.095117604302831,0.7677873937614961
234.0,0.0,0.0,-0.31461424283302075,-1.2682957094121414,-4.0972476665602775,-62.922848566604145,1.0,0.0,-4.106866797974575,0.04,0.0,False,0.0040274174489709465,0.31461424283302075,0.20137239838611426,0.07577747210701764,7.577747210701764e-06,7.577747210701764e-06,-0.06292475580591236,0.0,-0.28407526718898324,2.828951957148136,2.838571088562434,0.28407526718898324
235.0,0.0,0.0,-0.2860599841419012,-1.648416359360025,-4.01586728523433,-57.21199682838024,1.0,0.0,-4.130482073913416,0.07,0.0,False,0.003794828218198145,0.2860599841419012,0.18974284872235464,0.07577747210701764,7.577747210701764e-06,7.577747210701764e-06,-0.05721373096743686,0.0,-0.3801206499478835,2.3674509258743046,2.4820657145533906,0.3801206499478835
236.0,0.0,0.0,-0.25281170730084584,-1.4561098089268976,-4.140264868525751,-50.56234146016917,1.0,0.0,-4.129003935343497,0.07,0.0,False,0.0037923408821067144,0.25281170730084584,0.18961848097536277,0.07577747210701764,7.577747210701764e-06,7.577747210701764e-06,-0.050563874043123465,0.0,0.1923065504331274,2.6841550595988535,2.6728941264165993,0.1923065504331274
237.0,0.0,0.0,-0.27348462524109884,-1.546898889383039,-4.182192056377377,-54.69692504821977,1.0,0.0,-4.176629219528973,-0.07,0.0,False,0.0037880988762602342,0.27348462524109884,0.18940637907579644,0.07577747210701764,7.577747210701764e-06,7.577747210701764e-06,-0.05469858295354141,0.0,-0.09078908045614154,2.6352931669943382,2.629730330145934,0.09078908045614154
238.0,0.0,0.0,-0.2656553716461317,-1.257245895484988,-4.2181683059527835,-53.13107432922634,1.0,0.0,-4.191059681205688,0.15,0.0,False,0.003698026819960813,0.2656553716461317,0.18490274213366142,0.07577747210701764,7.577747210701764e-06,7.577747210701764e-06,-0.05313268477242395,0.0,0.289652993898051,2.9609224104677954,2.9338137857207003,0.289652993898051
239.0,0.0,0.0,-0.3001593246555895,-1.3665141174938265,-4.335235633937961,-60.031864931117894,1.0,0.0,-4.203553259306927,0.26,0.0,False,0.003837557033640608,0.3001593246555895,0.19187930568388578,0.07577747210701764,7.577747210701764e-06,7.577747210701764e-06,-0.060033684542517424,0.0,-0.10926822200883834,2.968721516444134,2.8370391418131007,0.10926822200883834
240.0,0.0,0.0,-0.29083208996412574,-1.3273639981021241,-4.442138552029938,-58.166417992825146,1.0,0.0,-4.258952868615139,0.12,0.0,False,0.003913842952113277,0.29083208996412574,0.1956936305112896,0.07577747210701764,7.577747210701764e-06,7.577747210701764e-06,-0.05816818106111181,0.0,0.03915011939170232,3.114774553927814,2.9315888705130146,0.03915011939170232
241.0,0.0,0.0,-0.300384753415253,-1.5046762832976637,-4.572115255818864,-60.0769506830506,1.0,0.0,-4.274945209738006,0.38,0.0,False,0.004157953212074271,0.300384753415253,0.20789923599963123,0.07577747210701764,7.577747210701764e-06,7.577747210701764e-06,-0.0600787716610335,0.0,-0.17731228519553954,3.0674389725212006,2.770268926440343,0.17731228519553954
242.0,0.0,0.0,-0.2886577263334461,-1.431482042906474,-4.545343559326054,-57.731545266689224,1.0,0.0,-4.331325344241018,0.33,0.0,False,0.00407292385634759,0.2886577263334461,0.20364773599674896,0.07577747210701764,7.577747210701764e-06,7.577747210701764e-06,-0.05773329515365342,0.0,0.0731942403911896,3.11386151641958,2.8998433013345437,0.0731942403911896
243.0,0.0,0.0,-0.299820107236856,-1.641382496354286,-4.601180557765104,-59.964021447371195,1.0,0.0,-4.39136291539615,0.17,0.0,False,0.004113131325240992,0.299820107236856,0.205658124675521,0.07577747210701764,7.577747210701764e-06,7.577747210701764e-06,-0.059965839002383226,0.0,-0.20990045344781194,2.959798061410818,2.749980419041864,0.20990045344781194
244.0,0.0,0.0,-0.28092550310049574,-1.3671555471345995,-4.5430282190156195,-56.18510062009915,1.0,0.0,-4.429796713324097,0.06,0.0,False,0.00417077080709782,0.28092550310049574,0.2085401206072335,0.07577747210701764,7.577747210701764e-06,7.577747210701764e-06,-0.05618680363315212,0.0,0.2742269492196865,3.17587267188102,3.062641166189498,0.2742269492196865
245.0,0.0,0.0,-0.31128090081578297,-1.0818218239128448,-4.697454436260036,-62.25618016315659,1.0,0.0,-4.4507439664816175,0.21,0.0,False,0.004013003340398692,0.31128090081578297,0.20065168749617807,0.07577747210701764,7.577747210701764e-06,7.577747210701764e-06,-0.0622580671952394,0.0,0.28533372322175476,3.615632612347191,3.3689221425687728,0.28533372322175476
246.0,0.0,0.0,-0.34572788960726375,-1.7722448868030032,-4.793426772920397,-69.14557792145276,1.0,0.0,-4.480082495691321,0.39,0.0,False,0.003944058930196493,0.3457278896072637,0.19720444086390249,0.07577747210701764,7.577747210701764e-06,7.577747210701764e-06,-0.06914767377641173,0.0,-0.6904230628901584,3.021181886117394,2.707837608888318,0.6904230628901584
247.0,0.0,0.0,-0.2805050562392115,-2.2522094941005677,-4.729113702081193,-56.1010112478423,1.0,0.0,-4.539231711913035,0.26,0.0,False,0.003885813744148129,0.2805050562392115,0.19429215949311948,0.07577747210701764,7.577747210701764e-06,7.577747210701764e-06,-0.056102711712082566,0.0,-0.4799646072975645,2.4769042079806254,2.2870222178124675,0.4799646072975645
248.0,0.0,0.0,-0.2350708788127153,-2.4923187003814355,-4.647198662712085,-47.01417576254306,1.0,0.0,-4.577401729015491,0.11,0.0,False,0.0037768305362494074,0.2350708788127153,0.1888429578058234,0.07577747210701764,7.577747210701764e-06,7.577747210701764e-06,-0.04701560079790146,0.0,-0.24010920628086785,2.154879962330649,2.085083028634055,0.24010920628086785
249.0,0.0,0.0,-0.2122336576360901,-2.525458639015733,-4.632926952312841,-42.44673152721802,1.0,0.0,-4.603007347612531,-0.01,0.0,False,0.0037435862931616665,0.2122336576360901,0.18718073305561286,0.07577747210701764,7.577747210701764e-06,7.577747210701764e-06,-0.042448018119874247,0.0,-0.03313993863429765,2.107468313297108,2.0775487085967974,0.03313993863429765
250.0,0.0,0.0,-0.21335943608050506,-2.2805505152692183,-4.710016631726438,-42.67188721610101,1.0,0.0,-4.614735689392693,0.03,0.0,False,0.003861171696293563,0.21335943608050506,0.19306004776383068,0.07577747210701764,7.577747210701764e-06,7.577747210701764e-06,-0.04267318063339709,0.0,0.24490812374651494,2.4294661164572195,2.3341851741234745,0.24490812374651494
251.0,0.0,0.0,-0.23684346695461553,-2.689600223269317,-4.573644881808671,-47.368693390923106,1.0,0.0,-4.6591338390143635,0.01,0.0,False,0.003814997657661231,0.23684346695461553,0.19075132833745453,0.07577747210701764,7.577747210701764e-06,7.577747210701764e-06,-0.04737012917197995,0.0,-0.40904970800009854,1.8840446585393544,1.9695336157450467,0.40904970800009854
252.0,0.0,0.0,-0.1967920203299151,-2.1871864056767176,-4.709148981765862,-39.358404065983024,1.0,0.0,-4.649074921811426,0.01,0.0,False,0.004031780653348278,0.1967920203299151,0.20159056025814387,0.07577747210701764,7.577747210701764e-06,7.577747210701764e-06,-0.039359597049089375,0.0,0.5024138175925992,2.5219625760891446,2.4618885161347084,0.5024138175925992
253.0,0.0,0.0,-0.24876877841687112,-1.2954758738556351,-4.679726498781118,-49.75375568337422,1.0,0.0,-4.657594988577623,-0.09,0.0,False,0.004136150273380198,0.24876877841687112,0.20680908080406968,0.07577747210701764,7.577747210701764e-06,7.577747210701764e-06,-0.04975526375747978,0.0,0.8917105318210825,3.384250624925483,3.3621191147219878,0.8917105318210825
254.0,0.0,0.0,-0.3396992087900786,-1.7326175247668796,-4.63191364091902,-67.93984175801572,1.0,0.0,-4.674968445191264,0.02,0.0,False,0.0040886675913183205,0.3396992087900786,0.20443492871038776,0.07577747210701764,7.577747210701764e-06,7.577747210701764e-06,-0.06794190106619624,0.0,-0.43714165091124446,2.8992961161521404,2.9423509204243845,0.43714165091124446
255.0,0.0,0.0,-0.2972078995826916,-1.0610430778011912,-4.623489342666782,-59.44157991653832,1.0,0.0,-4.692596669493011,-0.02,0.0,False,0.004027181218869823,0.29720789958269156,0.20136058679155347,0.07577747210701764,7.577747210701764e-06,7.577747210701764e-06,-0.05944338163595094,0.0,0.6715744469656884,3.5624462648655912,3.6315535916918202,0.6715744469656884
256.0,0.0,0.0,-0.3642869261093544,-0.5736196935359018,-4.624707968727075,-72.85738522187089,1.0,0.0,-4.704809128910395,0.07,0.0,False,0.0037324763738112404,0.3642869261093544,0.18662523287868354,0.07577747210701764,7.577747210701764e-06,7.577747210701764e-06,-0.07285959358452698,0.0,0.4874233842652894,4.051088275191174,4.131189435374494,0.4874233842652894
257.0,0.0,0.0,-0.4177036457302711,-0.4992343746468899,-4.759609073877581,-83.54072914605422,1.0,0.0,-4.704050362606643,-0.02,0.0,False,0.0038035811869678764,0.4177036457302711,0.19018050047723037,0.07577747210701764,7.577747210701764e-06,7.577747210701764e-06,-0.08354326132897497,0.0,0.0743853188890119,4.260374699230691,4.204815987959753,0.0743853188890119
258.0,0.0,0.0,-0.4285251547396252,-0.353366684700315,-4.722080504640702,-85.70503094792504,1.0,0.0,-4.750814413470425,-0.13,0.0,False,0.003884640868166915,0.4285251547396252,0.19423351524967075,0.07577747210701764,7.577747210701764e-06,7.577747210701764e-06,-0.08570762873247645,0.0,0.1458676899465749,4.368713819940386,4.39744772877011,0.1458676899465749
259.0,0.0,0.0,-0.4446240679867236,0.10776248750130851,-4.611707477217172,-88.92481359734472,1.0,0.0,-4.784648284807941,-0.08,0.0,False,0.0040523141447619294,0.4446240679867236,0.20261724260870692,0.07577747210701764,7.577747210701764e-06,7.577747210701764e-06,-0.08892750897595254,0.0,0.4611291722016235,4.71946996471848,4.892410772309249,0.4611291722016235
260.0,0.0,0.0,-0.4902808383382301,-0.12714256451119132,-4.519762571394385,-98.05616766764602,1.0,0.0,-4.799775827007097,0.06,0.0,False,0.004075756675715602,0.4902808383382301,0.2037893780384692,0.07577747210701764,7.577747210701764e-06,7.577747210701764e-06,-0.09805913982452782,0.0,-0.23490505201249984,4.3926200068831935,4.672633262495905,0.23490505201249984
261.0,0.0,0.0,-0.463297655595622,-0.2671765458994374,-4.553713175122342,-92.65953111912441,1.0,0.0,-4.795231657093747,0.29,0.0,False,0.00413367270074773,0.46329765559562197,0.20668520123372536,0.07577747210701764,7.577747210701764e-06,7.577747210701764e-06,-0.09266233969985553,0.0,-0.14003398138824608,4.286536629222904,4.528055111194309,0.14003398138824608
262.0,0.0,0.0,-0.44859682794889333,-0.03260855806644419,-4.555029315676245,-89.71936558977866,1.0,0.0,-4.760294658093278,0.18,0.0,False,0.00408654056746411,0.44859682794889333,0.20432857671177485,0.07577747210701764,7.577747210701764e-06,7.577747210701764e-06,-0.08972208505186055,0.0,0.2345679878329932,4.522420757609801,4.727686100026833,0.2345679878329932
263.0,0.0,0.0,-0.4688471011997882,0.0639482808473473,-4.4789916164183,-93.76942023995764,1.0,0.0,-4.753314793056452,0.23,0.0,False,0.0039178345432687,0.4688471011997883,0.19589321158142406,0.07577747210701764,7.577747210701764e-06,7.577747210701764e-06,-0.0937722624622706,0.0,0.09655683891379149,4.542939897265647,4.817263073903799,0.09655683891379149
264.0,0.0,0.0,-0.47595581419743566,-0.19223137730996798,-4.475825311904698,-95.19116283948713,1.0,0.0,-4.72125721030499,0.13,0.0,False,0.003948108336831381,0.47595581419743566,0.19740691272991592,0.07577747210701764,7.577747210701764e-06,7.577747210701764e-06,-0.0951940481558976,0.0,-0.25617965815731525,4.28359393459473,4.529025832995022,0.25617965815731525
265.0,0.0,0.0,-0.45064546798932037,-0.23816587223627886,-4.49439108337794,-90.12909359786407,1.0,0.0,-4.695790194769177,0.09,0.0,False,0.004005178266467544,0.4506454679893204,0.20026043083479902,0.07577747210701764,7.577747210701764e-06,7.577747210701764e-06,-0.09013182547911294,0.0,-0.04593449492631088,4.256225211141661,4.457624322532898,0.04593449492631088
266.0,0.0,0.0,-0.44722737042476374,-1.37551746179868,-4.503296218375546,-89.44547408495275,1.0,0.0,-4.69885680107507,-0.16,0.0,False,0.0036859300680867732,0.4472273704247638,0.18429789995665338,0.07577747210701764,7.577747210701764e-06,7.577747210701764e-06,-0.08944818524517521,0.0,-1.1373515895624011,3.1277787565768658,3.3233393392763904,1.1373515895624011
267.0,0.0,0.0,-0.3326341762376939,-1.3401815281425506,-4.448017591028706,-66.52683524753878,1.0,0.0,-4.710609025281852,0.04,0.0,False,0.003849562061893934,0.33263417623769387,0.19247956164510546,0.07577747210701764,7.577747210701764e-06,7.577747210701764e-06,-0.06652885172641929,0.0,0.035335933656129415,3.1078360628861557,3.3704274971393016,0.035335933656129415
268.0,0.0,0.0,-0.3376341718104476,-1.5280559766310302,-4.649683254354357,-67.52683436208952,1.0,0.0,-4.701985255060674,-0.03,0.0,False,0.003851752380931918,0.3376341718104476,0.192589078426889,0.07577747210701764,7.577747210701764e-06,7.577747210701764e-06,-0.06752888115170233,0.0,-0.18787444848847956,3.1216272777233263,3.173929278429644,0.18787444848847956
269.0,0.0,0.0,-0.3185214531221574,-2.2726869198614867,-4.574976930907331,-63.70429062443148,1.0,0.0,-4.716651171567206,-0.03,0.0,False,0.003907710499326323,0.3185214531221574,0.19538700554843305,0.07577747210701764,7.577747210701764e-06,7.577747210701764e-06,-0.06370622154984171,0.0,-0.7446309432304565,2.3022900110458444,2.4439642517057196,0.7446309432304565
270.0,0.0,0.0,-0.24511928426827695,-1.805762925573378,-4.495516987373261,-49.02385685365539,1.0,0.0,-4.713391191605249,-0.15,0.0,False,0.004111459149766062,0.24511928426827695,0.20557451526820833,0.07577747210701764,7.577747210701764e-06,7.577747210701764e-06,-0.049025342803973304,0.0,0.4669239942881087,2.6897540617998827,2.9076282660318706,0.4669239942881087
271.0,0.0,0.0,-0.29044203087631987,-1.8807817533644644,-4.557244351626113,-58.08840617526398,1.0,0.0,-4.723972635142887,0.0,0.0,False,0.004259812036748214,0.29044203087631987,0.2129922158263496,0.07577747210701764,7.577747210701764e-06,7.577747210701764e-06,-0.05809016687895323,0.0,-0.07501882779108637,2.6764625982616486,2.843190881778422,0.07501882779108637
272.0,0.0,0.0,-0.28135409965457286,-1.4748478626266466,-4.497810450458561,-56.27081993091457,1.0,0.0,-4.710293279151041,0.11,0.0,False,0.004194732017086873,0.28135409965457286,0.2097381901852857,0.07577747210701764,7.577747210701764e-06,7.577747210701764e-06,-0.056272525542184926,0.0,0.4059338907378178,3.022962587831915,3.2354454165243944,0.4059338907378178
273.0,0.0,0.0,-0.32241877115792106,-0.8255081357636385,-4.500040100142633,-64.48375423158421,1.0,0.0,-4.694429351422384,-0.02,0.0,False,0.004073764268153064,0.32241877115792106,0.20368975690544422,0.07577747210701764,7.577747210701764e-06,7.577747210701764e-06,-0.0644857087831281,0.0,0.6493397268630081,3.6745319643789944,3.8689212156587454,0.6493397268630081
274.0,0.0,0.0,-0.38944440965243493,-1.0060711125378283,-4.523647734490195,-77.88888193048699,1.0,0.0,-4.699157734603045,-0.07,0.0,False,0.003830912877641969,0.3894444096524349,0.191547095366567,0.07577747210701764,7.577747210701764e-06,7.577747210701764e-06,-0.077891242801628,0.0,-0.18056297677418987,3.517576621952367,3.6930866220652163,0.18056297677418987
275.0,0.0,0.0,-0.3717418864198514,-1.3041139678352074,-4.5457282737908065,-74.34837728397028,1.0,0.0,-4.7200997878524324,-0.02,0.0,False,0.0039434692321401515,0.3717418864198514,0.19717495573765628,0.07577747210701764,7.577747210701764e-06,7.577747210701764e-06,-0.07435063083972766,0.0,-0.29804285529737906,3.241614305955599,3.415985820017225,0.29804285529737906
276.0,0.0,0.0,-0.33896579222208545,0.04729622625632879,-4.322962702198763,-67.79315844441709,1.0,0.0,-4.723630825038485,0.22,0.0,False,0.003826364931957458,0.33896579222208545,0.19131969635918242,0.07577747210701764,7.577747210701764e-06,7.577747210701764e-06,-0.06779521330651501,0.0,1.3514101940915362,4.370258928455091,4.770927051294813,1.3514101940915362
277.0,0.0,0.0,-0.47110801655083884,-0.5199214050489581,-4.339473198383377,-94.22160331016777,1.0,0.0,-4.693900319910385,0.16,0.0,False,0.0038861045690970633,0.47110801655083884,0.19430670085075608,0.07577747210701764,7.577747210701764e-06,7.577747210701764e-06,-0.09422445923849286,0.0,-0.5672176313052869,3.819551793334419,4.173978914861427,0.5672176313052869
278.0,0.0,0.0,-0.4105361689342453,-1.1696933557629947,-4.266735049263252,-82.10723378684906,1.0,0.0,-4.663962436124973,0.25,0.0,False,0.00405213303766487,0.4105361689342453,0.2026081871852347,0.07577747210701764,7.577747210701764e-06,7.577747210701764e-06,-0.08210972251943724,0.0,-0.6497719507140366,3.097041693500257,3.4942690803619785,0.6497719507140366
279.0,0.0,0.0,-0.34270931745616195,-0.8524700184515568,-4.324430949551008,-68.54186349123239,1.0,0.0,-4.62543864135686,0.13,0.0,False,0.00429995563434654,0.34270931745616195,0.2149994109161677,0.07577747210701764,7.577747210701764e-06,7.577747210701764e-06,-0.06854394104714868,0.0,0.3172233373114379,3.471960931099451,3.772968622905303,0.3172233373114379
280.0,0.0,0.0,-0.37214703980653835,-1.6702890083274142,-4.187660726251343,-74.42940796130767,1.0,0.0,-4.596916378553333,0.17,0.0,False,0.00413147715782982,0.37214703980653835,0.20657542325596645,0.07577747210701764,7.577747210701764e-06,7.577747210701764e-06,-0.07443166397316642,0.0,-0.8178189898758574,2.5173717179239286,2.9266273702259187,0.8178189898758574
281.0,0.0,0.0,-0.2900683536017158,-1.621220990303275,-4.318202876042935,-58.01367072034316,1.0,0.0,-4.574081418326581,-0.05,0.0,False,0.004364855118396341,0.2900683536017158,0.21824440970825196,0.07577747210701764,7.577747210701764e-06,7.577747210701764e-06,-0.05801542915874403,0.0,0.04906801802413918,2.6969818857396604,2.952860428023306,0.04906801802413918
282.0,0.0,0.0,-0.29636889171969794,-1.7715462984615935,-4.393529666167387,-59.27377834393959,1.0,0.0,-4.57108244757744,-0.01,0.0,False,0.004260268793483947,0.29636889171969794,0.21301505383619565,0.07577747210701764,7.577747210701764e-06,7.577747210701764e-06,-0.05927557497715916,0.0,-0.15032530815831846,2.6219833677057935,2.799536149115846,0.15032530815831846
283.0,0.0,0.0,-0.2820081078106511,-1.8163267502247953,-4.5032951315540215,-56.401621562130224,1.0,0.0,-4.58502219792738,0.04,0.0,False,0.004174546022124221,0.28200810781065117,0.2087288827889348,0.07577747210701764,7.577747210701764e-06,7.577747210701764e-06,-0.056403331138097326,0.0,-0.04478045176320178,2.686968381329226,2.7686954477025845,0.04478045176320178
284.0,0.0,0.0,-0.27773605936763146,-1.8391000981214791,-4.463141681537821,-55.547211873526294,1.0,0.0,-4.5917342258757206,0.05,0.0,False,0.0040107324367144375,0.27773605936763146,0.20053814145154858,0.07577747210701764,7.577747210701764e-06,7.577747210701764e-06,-0.0555488955516871,0.0,-0.022773347896683838,2.624041583416342,2.7526341277542414,0.022773347896683838
285.0,0.0,0.0,-0.27478089893016056,-2.1453984987350267,-4.6116156979663465,-54.95617978603211,1.0,0.0,-4.593792574583566,0.02,0.0,False,0.004020662595710256,0.27478089893016056,0.20103465316375127,0.07577747210701764,7.577747210701764e-06,7.577747210701764e-06,-0.05495784554956166,0.0,-0.30629840061354763,2.4662171992313198,2.4483940758485394,0.30629840061354763
286.0,0.0,0.0,-0.24669816961369712,-2.2052488069641947,-4.575604228215156,-49.339633922739424,1.0,0.0,-4.587013198432603,0.05,0.0,False,0.00394877149286002,0.24669816961369712,0.1974400707826093,0.07577747210701764,7.577747210701764e-06,7.577747210701764e-06,-0.04934112944450003,0.0,-0.059850308229167926,2.3703554212509617,2.381764391468408,0.059850308229167926
287.0,0.0,0.0,-0.2430067869171382,-2.1980806571699207,-4.686339671728173,-48.60135738342764,1.0,0.0,-4.612473665690329,0.03,0.0,False,0.0038879036519214798,0.2430067869171382,0.19439665567362668,0.07577747210701764,7.577747210701764e-06,7.577747210701764e-06,-0.048602830527465876,0.0,0.007168149794273937,2.488259014558252,2.4143930085204084,0.007168149794273937
288.0,0.0,0.0,-0.2444249577079602,-1.4040491569031603,-4.595651418600724,-48.884991541592036,1.0,0.0,-4.635408748335661,0.05,0.0,False,0.0037421278902232953,0.24442495770796013,0.18710781235612378,0.07577747210701764,7.577747210701764e-06,7.577747210701764e-06,-0.04888647328279693,0.0,0.7940315002667604,3.1916022616975637,3.2313595914325006,0.7940315002667604
289.0,0.0,0.0,-0.32564345386208615,-1.3342834579152096,-4.547426009360088,-65.12869077241723,1.0,0.0,-4.642422843776595,-0.11,0.0,False,0.0038366162676064237,0.32564345386208615,0.19183226702573214,0.07577747210701764,7.577747210701764e-06,7.577747210701764e-06,-0.06513066487247729,0.0,0.06976569898795071,3.2131425514448777,3.3081393858613852,0.06976569898795071
290.0,0.0,0.0,-0.3346809820603282,-0.821670581632389,-4.561627743261673,-66.93619641206564,1.0,0.0,-4.660607077712728,-0.03,0.0,False,0.0038186299194776126,0.3346809820603282,0.19093294280449175,0.07577747210701764,7.577747210701764e-06,7.577747210701764e-06,-0.06693822529899382,0.0,0.5126128762828206,3.739957161629284,3.8389364960803394,0.5126128762828206
291.0,0.0,0.0,-0.3881645524170503,-0.40592779384706557,-4.598613207036973,-77.63291048341006,1.0,0.0,-4.681220084912403,-0.04,0.0,False,0.003936585968357378,0.3881645524170503,0.19683078994053593,0.07577747210701764,7.577747210701764e-06,7.577747210701764e-06,-0.07763526359586219,0.0,0.4157427877853235,4.192685413189907,4.2752922910653375,0.4157427877853235
292.0,0.0,0.0,-0.43037332758914765,0.09102907809455207,-4.629235876928011,-86.07466551782953,1.0,0.0,-4.703463176445606,-0.07,0.0,False,0.004000135548536645,0.43037332758914765,0.20000829302763198,0.07577747210701764,7.577747210701764e-06,7.577747210701764e-06,-0.08607727450628536,0.0,0.49695687194161764,4.720264955022563,4.794492254540158,0.49695687194161764
293.0,0.0,0.0,-0.47753905730729007,0.48638583959755105,-4.5039842216642825,-95.50781146145802,1.0,0.0,-4.709824132752673,0.09,0.0,False,0.003985223360290137,0.4775390573072902,0.19926267796526695,0.07577747210701764,7.577747210701764e-06,7.577747210701764e-06,-0.09551070637572862,0.0,0.395356761502999,4.990370061261833,5.196209972350224,0.395356761502999
294.0,0.0,0.0,-0.5178659870335824,0.34309965183256164,-4.599842416422101,-103.57319740671649,1.0,0.0,-4.68454242849132,-0.02,0.0,False,0.004018171280518685,0.5178659870335826,0.20091008646024505,0.07577747210701764,7.577747210701764e-06,7.577747210701764e-06,-0.10357633678895796,0.0,-0.14328618776498941,4.942942068254663,5.027642080323882,0.14328618776498941
295.0,0.0,0.0,-0.5054898574540515,0.09546760344281219,-4.5383165711113,-101.0979714908103,1.0,0.0,-4.692470243615207,-0.09,0.0,False,0.00393756897497959,0.5054898574540515,0.19687994064409525,0.07577747210701764,7.577747210701764e-06,7.577747210701764e-06,-0.10110103584707518,0.0,-0.24763204838974945,4.633784174554112,4.78793784705802,0.24763204838974945
296.0,0.0,0.0,-0.4806376716169091,-0.3843064270299474,-4.540584333592331,-96.12753432338182,1.0,0.0,-4.711990446425816,0.01,0.0,False,0.0040414593001044654,0.4806376716169091,0.20207449626307014,0.07577747210701764,7.577747210701764e-06,7.577747210701764e-06,-0.09613044802192283,0.0,-0.47977403047275957,4.156277906562384,4.327684019395869,0.47977403047275957
297.0,0.0,0.0,-0.4338811430513994,-0.32256209749394005,-4.554030838645719,-86.77622861027989,1.0,0.0,-4.711091220265047,0.04,0.0,False,0.004084937009318648,0.4338811430513995,0.2042483981969338,0.07577747210701764,7.577747210701764e-06,7.577747210701764e-06,-0.08677885886364564,0.0,0.061744329536007336,4.2314687411517795,4.388529122771107,0.061744329536007336
298.0,0.0,0.0,-0.4388609310991679,-0.6346391703072544,-4.5868044347063135,-87.77218621983359,1.0,0.0,-4.723282249625014,-0.06,0.0,False,0.004074468365662387,0.4388609310991679,0.20372496204768395,0.07577747210701764,7.577747210701764e-06,7.577747210701764e-06,-0.08777484666143057,0.0,-0.3120770728133143,3.952165264399059,4.08864307931776,0.3120770728133143
299.0,0.0,0.0,-0.40750182437318067,-0.11487615088132064,-4.635423763031533,-81.50036487463613,1.0,0.0,-4.711337687345441,-0.09,0.0,False,0.0040416235522162825,0.40750182437318067,0.20208270893089422,0.07577747210701764,7.577747210701764e-06,7.577747210701764e-06,-0.08150283521256686,0.0,0.5197630194259337,4.520547612150213,4.596461536464121,0.5197630194259337
300.0,0.0,0.0,-0.46283316293744065,-0.41248988693700817,-4.653564062268414,-92.56663258748813,1.0,0.0,-4.709811811329708,-0.12,0.0,False,0.00400889656195812,0.46283316293744065,0.20044634701814304,0.07577747210701764,7.577747210701764e-06,7.577747210701764e-06,-0.09256943835239424,0.0,-0.29761373605568753,4.241074175331406,4.297321924392699,0.29761373605568753
301.0,0.0,0.0,-0.4326154653228426,-0.3990015342611526,-4.657832481912792,-86.52309306456853,1.0,0.0,-4.743383141891196,0.02,0.0,False,0.003985236935008802,0.43261546532284256,0.19926335670634343,0.07577747210701764,7.577747210701764e-06,7.577747210701764e-06,-0.08652571564520371,0.0,0.013488352675855575,4.2588309476516395,4.344381607630043,0.013488352675855575
302.0,0.0,0.0,-0.4368781970007325,-0.9166641070218097,-4.674835933334619,-87.3756394001465,1.0,0.0,-4.738808452697213,-0.05,0.0,False,0.003828242221327659,0.4368781970007325,0.19141356153897368,0.07577747210701764,7.577747210701764e-06,7.577747210701764e-06,-0.08737828782210834,0.0,-0.5176625727606571,3.7581718263128097,3.822144345675403,0.5176625727606571
303.0,0.0,0.0,-0.3868604759321238,-0.41246631066623085,-4.667033355010838,-77.37209518642476,1.0,0.0,-4.76794903189541,-0.09,0.0,False,0.0036455423471382082,0.3868604759321238,0.18227849860682813,0.07577747210701764,7.577747210701764e-06,7.577747210701764e-06,-0.07737444039336723,0.0,0.5041977963555788,4.254567044344607,4.355482721229179,0.5041977963555788
304.0,0.0,0.0,-0.43720334784892295,-0.19014683775538532,-4.5932290683884025,-87.44066956978459,1.0,0.0,-4.785415442887665,0.01,0.0,False,0.003871554503995929,0.4372033478489229,0.1935791920828636,0.07577747210701764,7.577747210701764e-06,7.577747210701764e-06,-0.08744331996286023,0.0,0.22231947291084553,4.403082230633017,4.595268605132279,0.22231947291084553
305.0,0.0,0.0,-0.4572224364301146,-0.20069997118861763,-4.592062724705211,-91.44448728602292,1.0,0.0,-4.784665439977939,0.19,0.0,False,0.003734076686433889,0.4572224364301146,0.18670524911615413,0.07577747210701764,7.577747210701764e-06,7.577747210701764e-06,-0.09144725903785306,0.0,-0.010553133433232303,4.391362753516593,4.583965468789321,0.010553133433232303
306.0,0.0,0.0,-0.45890673019777334,0.19176703202388196,-4.7098490264850685,-91.78134603955466,1.0,0.0,-4.762544437858644,-0.16,0.0,False,0.004022757926939364,0.45890673019777334,0.20113942051910136,0.07577747210701764,7.577747210701764e-06,7.577747210701764e-06,-0.09178412800182935,0.0,0.3924670032124996,4.90161605850895,4.9543114698825255,0.3924670032124996
307.0,0.0,0.0,-0.5012339791415381,0.6220159169619752,-4.706823596034454,-100.24679582830761,1.0,0.0,-4.789941147126083,-0.11,0.0,False,0.003920743960185277,0.5012339791415381,0.19603868352959414,0.07577747210701764,7.577747210701764e-06,7.577747210701764e-06,-0.10024983438479199,0.0,0.43024888493809327,5.328839512996429,5.411957064088058,0.43024888493809327
308.0,0.0,0.0,-0.5459808353607035,0.42394389845927577,-4.977374811051433,-109.1961670721407,1.0,0.0,-4.820762670610861,0.11,0.0,False,0.004116288588589634,0.5459808353607035,0.20581598903920031,0.07577747210701764,7.577747210701764e-06,7.577747210701764e-06,-0.10919947689086143,0.0,-0.19807201850269945,5.401318709510709,5.244706569070137,0.19807201850269945
309.0,0.0,0.0,-0.5296096778306982,0.7583133021069735,-5.151682645601225,-105.92193556613965,1.0,0.0,-4.837999301882668,0.13,0.0,False,0.004156715500814171,0.5296096778306982,0.20783734996767292,0.07577747210701764,7.577747210701764e-06,7.577747210701764e-06,-0.10592514614041777,0.0,0.3343694036476977,5.9099959477081985,5.596312603989642,0.3343694036476977
310.0,0.0,0.0,-0.565136400568588,1.4894933464100335,-5.03545695883025,-113.02728011371761,1.0,0.0,-4.872353542260648,0.06,0.0,False,0.004131093700113966,0.565136400568588,0.20655625022488627,0.07577747210701764,7.577747210701764e-06,7.577747210701764e-06,-0.11303070605638305,0.0,0.73118004430306,6.524950305240283,6.361846888670682,0.73118004430306
311.0,0.0,0.0,-0.6411669266090996,1.2046214142386866,-5.2182248472220865,-128.23338532181992,1.0,0.0,-4.893264826618056,0.21,0.0,False,0.004247653202260525,0.6411669266090996,0.2123842694951365,0.07577747210701764,7.577747210701764e-06,7.577747210701764e-06,-0.128237272173078,0.0,-0.2848719321713469,6.422846261460773,6.0978862408567425,0.2848719321713469
312.0,0.0,0.0,-0.6197830148184832,0.6457050119606995,-5.49934887827455,-123.95660296369664,1.0,0.0,-4.922418849725442,0.49,0.0,False,0.0043227344129582596,0.6197830148184832,0.2161383584773449,0.07577747210701764,7.577747210701764e-06,7.577747210701764e-06,-0.1239603601824347,0.0,-0.5589164022779871,6.14505389023525,5.568123861686142,0.5589164022779871
313.0,0.0,0.0,-0.5715118516270444,0.3874604649781788,-5.499681221908678,-114.30237032540889,1.0,0.0,-4.993443561896728,0.56,0.0,False,0.004233954397706455,0.5715118516270443,0.211699324077129,0.07577747210701764,7.577747210701764e-06,7.577747210701764e-06,-0.11430583491702662,0.0,-0.2582445469825207,5.8871416868868565,5.380904026874907,0.2582445469825207
314.0,0.0,0.0,-0.5530175804288741,0.7070435778431421,-5.580124747483702,-110.60351608577481,1.0,0.0,-5.0696300429267165,0.57,0.0,False,0.004013534703513032,0.553017580428874,0.20067825585322208,0.07577747210701764,7.577747210701764e-06,7.577747210701764e-06,-0.11060686856231254,0.0,0.31958311286496327,6.287168325326844,5.776673620769858,0.31958311286496327
315.0,0.0,0.0,-0.5913843211328872,0.03606475809983145,-5.473687289137637,-118.27686422657743,1.0,0.0,-5.142924870681935,0.41,0.0,False,0.0038156517678975678,0.5913843211328872,0.19078403409710543,0.07577747210701764,7.577747210701764e-06,7.577747210701764e-06,-0.11828044928812256,0.0,-0.6709788197433106,5.509752047237469,5.178989628781767,0.6709788197433106
316.0,0.0,0.0,-0.529410761104743,-0.34269676547421785,-5.504158606076512,-105.88215222094861,1.0,0.0,-5.20702370153022,0.38,0.0,False,0.003956167844127931,0.5294107611047429,0.19780989114838876,0.07577747210701764,7.577747210701764e-06,7.577747210701764e-06,-0.10588536158936336,0.0,-0.3787615235740493,5.1614618406022945,4.864326936056003,0.3787615235740493
317.0,0.0,0.0,-0.4955402123857088,-0.7757410555105138,-5.484513087776758,-99.10804247714175,1.0,0.0,-5.2582434399935085,0.24,0.0,False,0.004019660360491762,0.4955402123857088,0.20098454102309232,0.07577747210701764,7.577747210701764e-06,7.577747210701764e-06,-0.09911104651714756,0.0,-0.4330442900362959,4.7087720322662445,4.482502384482995,0.4330442900362959
318.0,0.0,0.0,-0.45771750242728637,-0.5229600079884995,-5.535993468326509,-91.54350048545727,1.0,0.0,-5.29828664325441,0.36,0.0,False,0.0040082207412511315,0.4577175024272863,0.2004125557267336,0.07577747210701764,7.577747210701764e-06,7.577747210701764e-06,-0.09154627523845266,0.0,0.25278104752201425,5.01303346033801,4.775326635265911,0.25278104752201425
319.0,0.0,0.0,-0.4847845880672174,-0.36111055071576525,-5.4588963382875235,-96.95691761344348,1.0,0.0,-5.353089503159738,0.04,0.0,False,0.004080459161211591,0.4847845880672174,0.2040245040949808,0.07577747210701764,7.577747210701764e-06,7.577747210701764e-06,-0.09695985645122164,0.0,0.16184945727273425,5.097785787571758,4.991978952443972,0.16184945727273425
320.0,0.0,0.0,-0.5048303138461386,-0.43959446430658333,-5.459728798899311,-100.96606276922773,1.0,0.0,-5.37098956741367,0.09,0.0,False,0.004055655811367716,0.5048303138461386,0.2027843272051116,0.07577747210701764,7.577747210701764e-06,7.577747210701764e-06,-0.10096912312723912,0.0,-0.07848391359081808,5.020134334592728,4.931395103107087,0.07848391359081808
321.0,0.0,0.0,-0.49960959585031595,-0.41370490411173233,-5.458732118343063,-99.92191917006319,1.0,0.0,-5.409604963002278,-0.01,0.0,False,0.0041196546169205185,0.499609595850316,0.2059842917310901,0.07577747210701764,7.577747210701764e-06,7.577747210701764e-06,-0.09992494787928942,0.0,0.025889560194851002,5.045027214231331,4.995900058890546,0.025889560194851002
322.0,0.0,0.0,-0.5041447101475409,0.08912472144712968,-5.50619528515944,-100.82894202950818,1.0,0.0,-5.435879718570806,0.09,0.0,False,0.003994153281957858,0.504144710147541,0.19970917743208755,0.07577747210701764,7.577747210701764e-06,7.577747210701764e-06,-0.10083199823128584,0.0,0.502829625558862,5.59532000660657,5.525004440017936,0.502829625558862
323.0,0.0,0.0,-0.5577442735639742,-0.07516088843403441,-5.577951243213519,-111.54885471279484,1.0,0.0,-5.455343019645692,0.11,0.0,False,0.003985585611279258,0.5577442735639742,0.19928079065197532,0.07577747210701764,7.577747210701764e-06,7.577747210701764e-06,-0.11155223584326401,0.0,-0.16428560988116409,5.502790354779485,5.380182131211658,0.16428560988116409
324.0,0.0,0.0,-0.5435136347275813,-0.39227058520021774,-5.636136654309864,-108.70272694551626,1.0,0.0,-5.488529336448271,0.08,0.0,False,0.003912362055155192,0.5435136347275812,0.19561958510229205,0.07577747210701764,7.577747210701764e-06,7.577747210701764e-06,-0.10870602180769216,0.0,-0.31710969676618334,5.243866069109646,5.096258751248053,0.31710969676618334
325.0,0.0,0.0,-0.5176681537251567,-0.8248955559467849,-5.651201097498528,-103.53363074503135,1.0,0.0,-5.510503166156319,0.1,0.0,False,0.003927686748347346,0.5176681537251568,0.19638582556823247,0.07577747210701764,7.577747210701764e-06,7.577747210701764e-06,-0.10353676892797725,0.0,-0.43262497074656714,4.826305541551743,4.685607610209534,0.43262497074656714
326.0,0.0,0.0,-0.47403340910581304,-1.7511878957271492,-5.517241502790422,-94.80668182116261,1.0,0.0,-5.569148260372178,-0.01,0.0,False,0.00401484869,0.47403340910581315,0.2007439556754231,0.07577747210701764,7.577747210701764e-06,7.577747210701764e-06,-0.09480955548366155,0.0,-0.9262923397803643,3.766053607063273,3.817960364645029,0.9262923397803643
327.0,0.0,0.0,-0.38387824592701747,-2.0358810045223628,-5.509266991733213,-76.7756491854035,1.0,0.0,-5.565409252272093,-0.01,0.0,False,0.0037555569319042883,0.38387824592701747,0.18777926952826762,0.07577747210701764,7.577747210701764e-06,7.577747210701764e-06,-0.0767779763136149,0.0,-0.2846931087952136,3.4733859872108503,3.52952824774973,0.2846931087952136
328.0,0.0,0.0,-0.35801672269036644,-2.5401601002171725,-5.624946990169536,-71.60334453807329,1.0,0.0,-5.590115801612686,-0.01,0.0,False,0.0038064320905150696,0.35801672269036644,0.19032304673476133,0.07577747210701764,7.577747210701764e-06,7.577747210701764e-06,-0.07160551488980424,0.0,-0.5042790956948098,3.0847868899523636,3.049955701395514,0.5042790956948098
329.0,0.0,0.0,-0.30913903331654613,-2.1729077824214325,-5.665122212601434,-61.827806663309225,1.0,0.0,-5.616183879437111,0.04,0.0,False,0.00378898229099276,0.30913903331654613,0.18945055014713735,0.07577747210701764,7.577747210701764e-06,7.577747210701764e-06,-0.06182968071106606,0.0,0.3672523177957401,3.492214430180001,3.4432760970156786,0.3672523177957401
330.0,0.0,0.0,-0.34845970912002044,-2.4958431621413415,-5.810469248001065,-69.69194182400409,1.0,0.0,-5.631667562255003,0.18,0.0,False,0.0036695131429405315,0.34845970912002044,0.18347704747917576,0.07577747210701764,7.577747210701764e-06,7.577747210701764e-06,-0.06969405423966774,0.0,-0.32293537971990904,3.314626085859724,3.1358244001136613,0.32293537971990904
331.0,0.0,0.0,-0.31920636828609955,-2.998432452983797,-5.670823215893964,-63.841273657219915,1.0,0.0,-5.657636900601075,-0.1,0.0,False,0.003772003042524968,0.31920636828609955,0.188601581290525,0.07577747210701764,7.577747210701764e-06,7.577747210701764e-06,-0.06384320873468986,0.0,-0.5025892908424554,2.6723907629101675,2.659204447617278,0.5025892908424554
332.0,0.0,0.0,-0.270256493848185,-3.4557422614548488,-5.531199374242578,-54.051298769637,1.0,0.0,-5.68802778826068,-0.03,0.0,False,0.0037818594294734553,0.270256493848185,0.18909440437240996,0.07577747210701764,7.577747210701764e-06,7.577747210701764e-06,-0.054052937105536006,0.0,-0.45730980847105185,2.0754571127877295,2.232285526805831,0.45730980847105185
333.0,0.0,0.0,-0.22144295011021137,-3.0126584042951743,-5.376435655172933,-44.28859002204227,1.0,0.0,-5.701099788235266,0.26,0.0,False,0.003650952771073571,0.22144295011021137,0.18254902185353739,0.07577747210701764,7.577747210701764e-06,7.577747210701764e-06,-0.04428993244282773,0.0,0.44308385715967447,2.3637772508777584,2.6884413839400914,0.44308385715967447
334.0,0.0,0.0,-0.26163846908982724,-2.790543903068384,-5.267121117471969,-52.32769381796545,1.0,0.0,-5.670255664491837,0.32,0.0,False,0.0037701482946726605,0.26163846908982724,0.1885088431951692,0.07577747210701764,7.577747210701764e-06,7.577747210701764e-06,-0.05232927991008988,0.0,0.22211450122679022,2.4765772144035854,2.8797117614234526,0.22211450122679022
335.0,0.0,0.0,-0.27946990081175466,-2.644276554188012,-5.169763152056059,-55.893980162350935,1.0,0.0,-5.629142226702412,0.33,0.0,False,0.003942353014089882,0.27946990081175466,0.197119144412222,0.07577747210701764,7.577747210701764e-06,7.577747210701764e-06,-0.055895674351321825,0.0,0.14626734888037207,2.525486597868047,2.9848656725144003,0.14626734888037207
336.0,0.0,0.0,-0.2913411019895957,-3.259418103173319,-5.296321469199318,-58.26822039791914,1.0,0.0,-5.585348798798996,0.15,0.0,False,0.00387485430503402,0.2913411019895957,0.19374418338502117,0.07577747210701764,7.577747210701764e-06,7.577747210701764e-06,-0.05826998655191398,0.0,-0.6151415489853069,2.0369033660259994,2.3259306956256767,0.6151415489853069
337.0,0.0,0.0,-0.2273032557818951,-2.763642206220011,-5.206499101959005,-45.46065115637902,1.0,0.0,-5.557797959545114,0.12,0.0,False,0.0038818369315373287,0.2273032557818951,0.19409331735581545,0.07577747210701764,7.577747210701764e-06,7.577747210701764e-06,-0.04546202910322723,0.0,0.4957758969533077,2.4428568957389936,2.794155753325103,0.4957758969533077
338.0,0.0,0.0,-0.27692006391037166,-3.1276443500335613,-5.304077817129731,-55.384012782074336,1.0,0.0,-5.532536783322891,-0.02,0.0,False,0.003844757654307976,0.27692006391037166,0.19223933944547833,0.07577747210701764,7.577747210701764e-06,7.577747210701764e-06,-0.05538569151354679,0.0,-0.3640021438135501,2.17643346709617,2.40489243328933,0.3640021438135501
339.0,0.0,0.0,-0.2412731010490432,-3.0122165900116125,-5.361880143466805,-48.25462020980864,1.0,0.0,-5.53294776683582,-0.03,0.0,False,0.003880275416885805,0.2412731010490432,0.19401524103160106,0.07577747210701764,7.577747210701764e-06,7.577747210701764e-06,-0.04825608284397992,0.0,0.11542776002194888,2.3496635534551924,2.5207311768242073,0.11542776002194888
340.0,0.0,0.0,-0.255379049529716,-3.327973875318819,-5.469227778482905,-51.0758099059432,1.0,0.0,-5.5404667758524155,0.04,0.0,False,0.003821827544749786,0.255379049529716,0.1910928252796401,0.07577747210701764,7.577747210701764e-06,7.577747210701764e-06,-0.05107735805251589,0.0,-0.31575728530720637,2.141253903164086,2.2124929005335967,0.31575728530720637
341.0,0.0,0.0,-0.22600756632828845,-3.837419126323938,-5.653337247056607,-45.20151326565769,1.0,0.0,-5.5661038452027825,0.06,0.0,False,0.003713338929744009,0.22600756632828845,0.1856683534243863,0.07577747210701764,7.577747210701764e-06,7.577747210701764e-06,-0.04520288335783971,0.0,-0.5094452510051193,1.8159181207326687,1.7286847188788443,0.5094452510051193
342.0,0.0,0.0,-0.17959585419934151,-3.467142254927901,-5.706743394806672,-35.9191708398683,1.0,0.0,-5.588135170011968,0.07,0.0,False,0.003608836942214947,0.17959585419934151,0.180443214453451,0.07577747210701764,7.577747210701764e-06,7.577747210701764e-06,-0.035920259577204655,0.0,0.37027687139603715,2.239601139878771,2.1209929150840674,0.37027687139603715
343.0,0.0,0.0,-0.21887509500019475,-2.903877522287509,-5.7393091258943585,-43.77501900003895,1.0,0.0,-5.633445714916512,0.08,0.0,False,0.003628113589281139,0.21887509500019472,0.18140705411043853,0.07577747210701764,7.577747210701764e-06,7.577747210701764e-06,-0.04377634585409685,0.0,0.5632647326403921,2.8354316036068496,2.729568192629003,0.5632647326403921
344.0,0.0,0.0,-0.2734380187827541,-3.022637242310707,-5.700433176468706,-54.68760375655082,1.0,0.0,-5.6559761339368775,-0.02,0.0,False,0.003599768634877964,0.27343801878275414,0.17998979565073484,0.07577747210701764,7.577747210701764e-06,7.577747210701764e-06,-0.05468926137933702,0.0,-0.11875972002319823,2.6777959341579987,2.6333388916261704,0.11875972002319823
345.0,0.0,0.0,-0.26622520645286196,-2.932624602686193,-5.795376843574719,-53.24504129057239,1.0,0.0,-5.638361312324253,0.14,0.0,False,0.003878959667639973,0.26622520645286196,0.19394945307078873,0.07577747210701764,7.577747210701764e-06,7.577747210701764e-06,-0.05324665518819512,0.0,0.090012639624514,2.8627522408885255,2.7057367096380602,0.090012639624514
346.0,0.0,0.0,-0.2770602498053402,-2.927365057695338,-5.753543537248819,-55.41204996106804,1.0,0.0,-5.684990176205105,0.06,0.0,False,0.0038772488309949072,0.2770602498053403,0.19386391059032096,0.07577747210701764,7.577747210701764e-06,7.577747210701764e-06,-0.05541372954236868,0.0,0.005259544990855236,2.8261784795534814,2.757625118509767,0.005259544990855236
347.0,0.0,0.0,-0.2816248277272798,-3.4144823426592543,-5.8339189084457805,-56.32496554545597,1.0,0.0,-5.703332075366351,0.06,0.0,False,0.003952256062869026,0.2816248277272798,0.19761430060331903,0.07577747210701764,7.577747210701764e-06,7.577747210701764e-06,-0.056326672797921,0.0,-0.4871172849639165,2.419436565786526,2.2888497327070967,0.4871172849639165
348.0,0.0,0.0,-0.23540024600149892,-4.022226482815196,-5.821395622604172,-47.08004920029978,1.0,0.0,-5.7437200390557726,-0.09,0.0,False,0.003969318634349473,0.23540024600149895,0.19846743564213415,0.07577747210701764,7.577747210701764e-06,7.577747210701764e-06,-0.04708147623233208,0.0,-0.6077441401559414,1.799169139788976,1.7214935562405769,0.6077441401559414
349.0,0.0,0.0,-0.17680900095532884,-4.3318923902255095,-5.778750605979676,-35.36180019106577,1.0,0.0,-5.768573992852119,-0.01,0.0,False,0.003949359300152707,0.17680900095532884,0.19746946136995638,0.07577747210701764,7.577747210701764e-06,7.577747210701764e-06,-0.035362872034074636,0.0,-0.30966590741031386,1.4468582157541663,1.4366816026266092,0.30966590741031386
350.0,0.0,0.0,-0.1458213923012791,-4.320783959788131,-5.79036654564096,-29.164278460255822,1.0,0.0,-5.790383483064173,0.07,0.0,False,0.0038429378549350935,0.1458213923012791,0.19214834878733525,0.07577747210701764,7.577747210701764e-06,7.577747210701764e-06,-0.02916516245167615,0.0,0.011108430437378303,1.4695825858528284,1.4695995232760417,0.011108430437378303
351.0,0.0,0.0,-0.14965086733067767,-4.372791948422668,-5.772094200280405,-29.930173466135532,1.0,0.0,-5.790161563120738,-0.08,0.0,False,0.003938918462677377,0.14965086733067767,0.1969474155402885,0.07577747210701764,7.577747210701764e-06,7.577747210701764e-06,-0.02993108067241492,0.0,-0.052007988634536595,1.399302251857737,1.41736961469807,0.052007988634536595
352.0,0.0,0.0,-0.14608698168676906,-4.464704420181567,-5.842088397760203,-29.217396337353815,1.0,0.0,-5.817349333917031,0.0,0.0,False,0.00395313315168448,0.14608698168676906,0.19765815537640968,0.07577747210701764,7.577747210701764e-06,7.577747210701764e-06,-0.02921828193881732,0.0,-0.09191247175889927,1.3773839775786358,1.352644913735464,0.09191247175889927
353.0,0.0,0.0,-0.14086859672054428,-4.52899100607584,-5.960829398051493,-28.173719344108854,1.0,0.0,-5.8337171158012575,0.19,0.0,False,0.004044530889774629,0.14086859672054428,0.20222807691036487,0.07577747210701764,7.577747210701764e-06,7.577747210701764e-06,-0.028174573310930384,0.0,-0.06428658589427272,1.4318383919756528,1.3047261097254177,0.06428658589427272
354.0,0.0,0.0,-0.137983570229742,-5.577528661211499,-6.047661539280898,-27.5967140459484,1.0,0.0,-5.873443760717802,0.15,0.0,False,0.0037313667883749455,0.137983570229742,0.1865697531864609,0.07577747210701764,7.577747210701764e-06,7.577747210701764e-06,-0.027597550523301307,0.0,-1.048537655135659,0.47013287806939896,0.2959150995063027,1.048537655135659
355.0,0.0,0.0,-0.03542600123316303,-5.802154254981862,-5.986317733927315,-7.085200246632606,1.0,0.0,-5.90887898860398,0.06,0.0,False,0.0038331100666536685,0.03542600123316303,0.19165695564963925,0.07577747210701764,7.577747210701764e-06,7.577747210701764e-06,-0.007085415004430843,0.0,-0.22462559377036317,0.18416347894545293,0.10672473362211754,0.22462559377036317
356.0,0.0,0.0,-0.015758194885960593,-5.624473554394576,-6.094664395891274,-3.1516389771921185,1.0,0.0,-5.931802096007231,0.07,0.0,False,0.003944519143387759,0.015758194885960593,0.19722745169783473,0.07577747210701764,7.577747210701764e-06,7.577747210701764e-06,-0.0031517345057620982,0.0,0.17768070058728647,0.47019084149669865,0.3073285416126552,0.17768070058728647
357.0,0.0,0.0,-0.03343850616935669,-5.632218552259171,-6.11465718757709,-6.687701233871337,1.0,0.0,-5.959742174422335,0.02,0.0,False,0.003902477726007795,0.03343850616935668,0.1951253648998749,0.07577747210701764,7.577747210701764e-06,7.577747210701764e-06,-0.006687903943172735,0.0,-0.007744997864595149,0.4824386353179193,0.3275236221631639,0.007744997864595149
358.0,0.0,0.0,-0.034761597764917114,-5.602212630427537,-6.107507307129495,-6.952319552983423,1.0,0.0,-5.958871285515484,0.12,0.0,False,0.003884326216980395,0.03476159776491711,0.19421778257112754,0.07577747210701764,7.577747210701764e-06,7.577747210701764e-06,-0.006952530283066959,0.0,0.030005921831634197,0.5052946767019586,0.3566586550879478,0.030005921831634197
359.0,0.0,0.0,-0.04116037698334047,-6.044496806815583,-6.104828194479081,-8.232075396668094,1.0,0.0,-5.979847700638366,0.18,0.0,False,0.003933859899424919,0.04116037698334047,0.19669448546103993,0.07577747210701764,7.577747210701764e-06,7.577747210701764e-06,-0.008232324917122785,0.0,-0.4422841763880463,0.060331387663498326,-0.06464910617721653,0.4422841763880463
360.0,0.0,0.0,-0.00042925399150426193,-6.2077702362257625,-6.214225840975664,-0.08585079830085239,1.0,0.0,-6.013831995407535,0.13,0.0,False,0.004044094316069765,0.0033367365848007828,0.2022062480597094,0.07577747210701764,7.577747210701764e-06,7.577747210701764e-06,-8.58534005037229e-05,0.0,-0.16327342941017964,0.006455604749901589,-0.19393824081822775,0.16327342941017964
361.0,0.0,0.0,0.010294603630257946,-5.763792313280721,-6.410958202463841,2.058920726051589,1.0,0.0,-6.048789509369538,0.34,0.0,False,0.003984612704210783,0.010300457815059092,0.19923214492992938,0.07577747210701764,7.577747210701764e-06,7.577747210701764e-06,0.002058983133501835,0.0,0.44397792294504157,0.6471658891831202,0.2849971960888169,0.44397792294504157
362.0,0.0,0.0,-0.04130379648278392,-5.455134363065782,-6.533991576288696,-8.260759296556785,1.0,0.0,-6.104820299427986,0.5,0.0,False,0.0038958178744390483,0.04130379648278392,0.19479236979810396,0.07577747210701764,7.577747210701764e-06,7.577747210701764e-06,-0.008261009686442257,0.0,0.3086579502149389,1.0788572132229142,0.6496859363622036,0.3086579502149389
363.0,0.0,0.0,-0.07849541959944864,-5.148622279950975,-6.585271280353547,-15.699083919889729,1.0,0.0,-6.176845927594989,0.49,0.0,False,0.0037051024562774273,0.07849541959944863,0.18525652663036152,0.07577747210701764,7.577747210701764e-06,7.577747210701764e-06,-0.01569955977104137,0.0,0.30651208311480715,1.4366490004025723,1.0282236476440145,0.30651208311480715
364.0,0.0,0.0,-0.11642795979884502,-4.70193291514382,-6.65251528618167,-23.285591959769004,1.0,0.0,-6.240118299982615,0.53,0.0,False,0.003718328033163475,0.11642795979884502,0.1859178104856678,0.07577747210701764,7.577747210701764e-06,7.577747210701764e-06,-0.023286297763738667,0.0,0.44668936480715526,1.95058237103785,1.538185384838795,0.44668936480715526
365.0,0.0,0.0,-0.16692159049710475,-4.368429670124752,-6.488901152886094,-33.38431809942095,1.0,0.0,-6.312945991021804,0.35,0.0,False,0.0036538331433956504,0.16692159049710475,0.18269304156097807,0.07577747210701764,7.577747210701764e-06,7.577747210701764e-06,-0.0333853300034464,0.0,0.3335032450190676,2.1204714827613422,1.9445163208970522,0.3335032450190676
366.0,0.0,0.0,-0.20383749237460397,-3.8569765058632184,-6.594911728160409,-40.76749847492079,1.0,0.0,-6.3712120645957055,0.26,0.0,False,0.003691752434442031,0.20383749237460397,0.18458902048043718,0.07577747210701764,7.577747210701764e-06,7.577747210701764e-06,-0.040768734168748405,0.0,0.5114531642615336,2.7379352222971907,2.514235558732487,0.5114531642615336
367.0,0.0,0.0,-0.2598176202725912,-3.6628322102847917,-6.625094448325999,-51.96352405451824,1.0,0.0,-6.406881825320254,0.3,0.0,False,0.003935039436072903,0.2598176202725912,0.19675346274035066,0.07577747210701764,7.577747210701764e-06,7.577747210701764e-06,-0.05196509910838068,0.0,0.19414429557842672,2.9622622380412076,2.7440496150354625,0.19414429557842672
368.0,0.0,0.0,-0.28630973973442103,-3.3357381185760837,-6.7324386061410655,-57.261947946884206,1.0,0.0,-6.4552511502014935,0.43,0.0,False,0.0037801199507503805,0.28630973973442103,0.18900742977718968,0.07577747210701764,7.577747210701764e-06,7.577747210701764e-06,-0.057263683599997145,0.0,0.32709409170870796,3.3967004875649818,3.11951303162541,0.32709409170870796
369.0,0.0,0.0,-0.323628160598223,-2.721726754324397,-6.7785839657523494,-64.7256321196446,1.0,0.0,-6.5260380867705825,0.36,0.0,False,0.0035585089857793806,0.3236281605982231,0.1779267975630461,0.07577747210701764,7.577747210701764e-06,7.577747210701764e-06,-0.06472759400269092,0.0,0.6140113642516867,4.056857211427952,3.8043113324461855,0.6140113642516867
370.0,0.0,0.0,-0.39183577586446316,-1.8791723239356712,-6.8041790905627115,-78.36715517289264,1.0,0.0,-6.572142343177875,0.39,0.0,False,0.0036768887951750934,0.39183577586446316,0.18384583288544523,0.07577747210701764,7.577747210701764e-06,7.577747210701764e-06,-0.07836953054085871,0.0,0.8425544303887258,4.925006766627041,4.692970019242203,0.8425544303887258
371.0,0.0,0.0,-0.47991525517506806,-2.439407223419217,-6.743592158250217,-95.98305103501362,1.0,0.0,-6.640232974591905,0.02,0.0,False,0.003871337388492844,0.479915255175068,0.1935683362254469,0.07577747210701764,7.577747210701764e-06,7.577747210701764e-06,-0.09598596035415646,0.0,-0.5602348994835458,4.3041849348309995,4.2008257511726885,0.5602348994835458
372.0,0.0,0.0,-0.426181360158966,-1.9433272192259552,-6.711575624370084,-85.2362720317932,1.0,0.0,-6.678506709510661,0.04,0.0,False,0.003856869699863828,0.42618136015896596,0.19284494631237195,0.07577747210701764,7.577747210701764e-06,7.577747210701764e-06,-0.08523885560790599,0.0,0.4960800041932618,4.76824840514413,4.735179490284706,0.4960800041932618
373.0,0.0,0.0,-0.4770557576655844,-1.6533646370919388,-6.805263329095848,-95.41115153311688,1.0,0.0,-6.7013822997395325,0.02,0.0,False,0.003933973361454709,0.4770557576655844,0.19670015860551876,0.07577747210701764,7.577747210701764e-06,7.577747210701764e-06,-0.09541404351755166,0.0,0.2899625821340164,5.151898692003909,5.048017662647593,0.2899625821340164
374.0,0.0,0.0,-0.5122801361751007,-1.7160307345170174,-6.952710859240774,-102.45602723502014,1.0,0.0,-6.714065546278644,0.3,0.0,False,0.003986849790988706,0.5122801361751007,0.1993440001164292,0.07577747210701764,7.577747210701764e-06,7.577747210701764e-06,-0.10245913275498561,0.0,-0.06266609742507856,5.236680124723756,4.998034811761627,0.06266609742507856
375.0,0.0,0.0,-0.5101452157557759,-2.855162870731819,-6.88543546225546,-102.02904315115518,1.0,0.0,-6.776360095311592,0.18,0.0,False,0.0038702423917453105,0.5101452157557759,0.19351358597318996,0.07577747210701764,7.577747210701764e-06,7.577747210701764e-06,-0.1020321357289089,0.0,-1.1391321362148017,4.030272591523641,3.921197224579773,1.1391321362148017
376.0,0.0,0.0,-0.39678737662141117,-2.465512404387053,-6.790980411007007,-79.35747532428223,1.0,0.0,-6.817676179649059,0.07,0.0,False,0.003795112261010387,0.39678737662141117,0.1897570509705869,0.07577747210701764,7.577747210701764e-06,7.577747210701764e-06,-0.07935988070960391,0.0,0.38965046634476597,4.325468006619954,4.352163775262006,0.38965046634476597
377.0,0.0,0.0,-0.43822334822294445,-1.637558002640496,-6.8793182342062105,-87.64466964458889,1.0,0.0,-6.823186974667749,0.0,0.0,False,0.003780822409942576,0.43822334822294445,0.18904255300295233,0.07577747210701764,7.577747210701764e-06,7.577747210701764e-06,-0.08764732622106167,0.0,0.8279544017465572,5.241760231565714,5.185628972027253,0.8279544017465572
378.0,0.0,0.0,-0.5209499074318839,-1.2640319032538978,-6.820344239720307,-104.18998148637677,1.0,0.0,-6.847911923904226,0.03,0.0,False,0.003734123717597511,0.5209499074318839,0.18670760069215497,0.07577747210701764,7.577747210701764e-06,7.577747210701764e-06,-0.10419313956381193,0.0,0.3735260993865981,5.5563123364664095,5.583880020650328,0.3735260993865981
379.0,0.0,0.0,-0.564936551441472,-1.126927215617382,-7.0401594151104785,-112.98731028829441,1.0,0.0,-6.847254458294729,0.26,0.0,False,0.003737902465757049,0.564936551441472,0.18689653953185156,0.07577747210701764,7.577747210701764e-06,7.577747210701764e-06,-0.11299073501944408,0.0,0.13710468763651584,5.9132321994930965,5.720327242677347,0.13710468763651584
380.0,0.0,0.0,-0.5832990700089011,-1.178862602912228,-7.304817708326567,-116.65981400178023,1.0,0.0,-6.913611464987457,0.38,0.0,False,0.0035555640917001854,0.5832990700089011,0.17777955174330312,0.07577747210701764,7.577747210701764e-06,7.577747210701764e-06,-0.11666335004930545,0.0,-0.051935387294846036,6.125955105414339,5.734748862075229,0.051935387294846036
381.0,0.0,0.0,-0.5840249023923616,-0.7697428897972781,-7.195754393582542,-116.80498047847232,1.0,0.0,-6.960138920351426,0.3,0.0,False,0.0035332942150697864,0.5840249023923616,0.17666604947400844,0.07577747210701764,7.577747210701764e-06,7.577747210701764e-06,-0.11680852092610365,0.0,0.4091197131149499,6.426011503785263,6.190396030554147,0.4091197131149499
382.0,0.0,0.0,-0.6307533137569894,-1.360548959209257,-7.298624009388476,-126.15066275139789,1.0,0.0,-7.019332906489592,0.4,0.0,False,0.003717770963099254,0.6307533137569894,0.18588995677139017,0.07577747210701764,7.577747210701764e-06,7.577747210701764e-06,-0.12615448647375374,0.0,-0.5908060694119789,5.9380750501792186,5.658783947280336,0.5908060694119789
383.0,0.0,0.0,-0.57424411037532,-2.015703969415748,-7.328473683409972,-114.84882207506399,1.0,0.0,-7.077515011825365,0.09,0.0,False,0.0037600830104159654,0.57424411037532,0.18800557516872546,0.07577747210701764,7.577747210701764e-06,7.577747210701764e-06,-0.1148523032300491,0.0,-0.6551550102064909,5.312769713994224,5.061811042409617,0.6551550102064909
384.0,0.0,0.0,-0.5155871253672336,-2.901072940385801,-7.36953442131654,-103.11742507344673,1.0,0.0,-7.103207636797733,0.44,0.0,False,0.0037472910032669824,0.5155871253672336,0.1873659699645464,0.07577747210701764,7.577747210701764e-06,7.577747210701764e-06,-0.10312055064088277,0.0,-0.885368970970053,4.468461480930738,4.202134696411932,0.885368970970053
385.0,0.0,0.0,-0.429690574900673,-3.558563700823476,-7.337336856449133,-85.9381149801346,1.0,0.0,-7.171770572533135,0.13,0.0,False,0.0037702552607627557,0.429690574900673,0.188514191540202,0.07577747210701764,7.577747210701764e-06,7.577747210701764e-06,-0.08594071982963997,0.0,-0.6574907604376752,3.7787731556256565,3.613206871709659,0.6574907604376752
386.0,0.0,0.0,-0.37022244722615566,-3.5579871604396702,-7.5532667315478434,-74.04448944523114,1.0,0.0,-7.198141493720297,0.4,0.0,False,0.003882766306180622,0.37022244722615566,0.19413978644010835,0.07577747210701764,7.577747210701764e-06,7.577747210701764e-06,-0.07404673378991743,0.0,0.0005765403838058347,3.9952795711081732,3.640154333280627,0.0005765403838058347
387.0,0.0,0.0,-0.37736773982871497,-3.3456745297833175,-7.530497335218949,-75.473547965743,1.0,0.0,-7.260928445690869,0.47,0.0,False,0.0038168571655353206,0.37736773982871497,0.19084430443570305,0.07577747210701764,7.577747210701764e-06,7.577747210701764e-06,-0.07547583562627792,0.0,0.21231263065635275,4.184822805435632,3.9152539159075515,0.21231263065635275
388.0,0.0,0.0,-0.4046499335436725,-3.783508184697148,-7.7426670062029554,-80.9299867087345,1.0,0.0,-7.3318075385937105,0.47,0.0,False,0.0038172331420283988,0.4046499335436725,0.19086310340280951,0.07577747210701764,7.577747210701764e-06,7.577747210701764e-06,-0.08093243975807002,0.0,-0.43783365491383064,3.9591588215058073,3.5482993538965624,0.43783365491383064
389.0,0.0,0.0,-0.36593877831286803,-3.5424795867401806,-7.608964085199979,-73.18775566257361,1.0,0.0,-7.3923271819653005,0.26,0.0,False,0.003947083637738338,0.36593877831286803,0.1973556773870182,0.07577747210701764,7.577747210701764e-06,7.577747210701764e-06,-0.07318997403900857,0.0,0.24102859795696752,4.066484498459799,3.84984759522512,0.24102859795696752
390.0,0.0,0.0,-0.3946258364732052,-3.6891422192670666,-7.518741247135141,-78.92516729464104,1.0,0.0,-7.443034617403657,0.01,0.0,False,0.004209426070556597,0.3946258364732052,0.21047289842616304,0.07577747210701764,7.577747210701764e-06,7.577747210701764e-06,-0.07892755957637815,0.0,-0.14666263252688605,3.8295990278680745,3.7538923981365904,0.14666263252688605
391.0,0.0,0.0,-0.38428054121512517,-3.5217328583606102,-7.611627412391417,-76.85610824302503,1.0,0.0,-7.488887470213809,0.18,0.0,False,0.004181600437061937,0.38428054121512517,0.20908160620864932,0.07577747210701764,7.577747210701764e-06,7.577747210701764e-06,-0.07685843781001155,0.0,0.16740936090645642,4.089894554030807,3.967154611853199,0.16740936090645642
392.0,0.0,0.0,-0.4033283544809529,-2.3952799687495423,-7.651697717232763,-80.66567089619058,1.0,0.0,-7.53209323045828,0.06,0.0,False,0.004120879588766405,0.4033283544809529,0.20604554078751058,0.07577747210701764,7.577747210701764e-06,7.577747210701764e-06,-0.08066811593391315,0.0,1.126452889611068,5.256417748483221,5.136813261708737,1.126452889611068
393.0,0.0,0.0,-0.5180511779006165,-2.8638472759018985,-7.587018406418894,-103.6102355801233,1.0,0.0,-7.555169219185794,0.0,0.0,False,0.004227692588364043,0.5180511779006165,0.21138623123748806,0.07577747210701764,7.577747210701764e-06,7.577747210701764e-06,-0.10361337608501991,0.0,-0.46856730715235617,4.723171130516995,4.691321943283896,0.46856730715235617
394.0,0.0,0.0,-0.4725979731154453,-2.7001378208085924,-7.627448618890368,-94.51959462308906,1.0,0.0,-7.575988030799119,0.07,0.0,False,0.004114173226901169,0.4725979731154453,0.2057102201532932,0.07577747210701764,7.577747210701764e-06,7.577747210701764e-06,-0.09452245958375707,0.0,0.16370945509330603,4.927310798081775,4.875850209990527,0.16370945509330603
395.0,0.0,0.0,-0.4895686117654536,-1.9398198562442746,-7.547391913984795,-97.91372235309072,1.0,0.0,-7.590006068454975,-0.03,0.0,False,0.004043622233897385,0.4895686117654536,0.20218264377222442,0.07577747210701764,7.577747210701764e-06,7.577747210701764e-06,-0.09791669019234689,0.0,0.7603179645643179,5.60757205774052,5.6501862122107,0.7603179645643179
396.0,0.0,0.0,-0.5686274716905579,-2.3298181746883064,-7.615400354863393,-113.72549433811159,1.0,0.0,-7.596009429822236,0.01,0.0,False,0.004137592679663387,0.5686274716905579,0.20688120166473875,0.07577747210701764,7.577747210701764e-06,7.577747210701764e-06,-0.1137289414441802,0.0,-0.3899983184440319,5.285582180175087,5.266191255133929,0.3899983184440319
397.0,0.0,0.0,-0.533162750365659,-2.768334177756241,-7.747968559174688,-106.6325500731318,1.0,0.0,-7.626310018911725,0.23,0.0,False,0.003845214998399018,0.533162750365659,0.1922622068233124,0.07577747210701764,7.577747210701764e-06,7.577747210701764e-06,-0.1066357821866751,0.0,-0.4385160030679347,4.979634381418447,4.857975841155484,0.4385160030679347
398.0,0.0,0.0,-0.4914339126431553,-3.033966527940097,-7.73055194502836,-98.28678252863105,1.0,0.0,-7.661647686972112,-0.02,0.0,False,0.003960046120835068,0.4914339126431553,0.19800380645317564,0.07577747210701764,7.577747210701764e-06,7.577747210701764e-06,-0.09828976167562437,0.0,-0.2656323501838558,4.696585417088263,4.627681159032015,0.2656323501838558
399.0,0.0,0.0,-0.4686351670071645,-3.2761777533255905,-7.721832064262433,-93.7270334014329,1.0,0.0,-7.682859502285827,0.03,0.0,False,0.0037739204215032317,0.4686351670071646,0.18869745096590884,0.07577747210701764,7.577747210701764e-06,7.577747210701764e-06,-0.09372987433896862,0.0,-0.24221122538549356,4.445654310936842,4.406681748960237,0.24221122538549356
