t,mean_abs_delta_real,mean_abs_delta_planning,mean_action,price,v_true,total_demand,mean_k,xs_k_std,mean_belief,mean_correctness,mean_salience,regime_post,xs_action_std,xs_action_mean_abs,xs_belief_std,xs_sigma_mean,xs_rho_mean,xs_rho_max,mean_myopic_term,mean_hedging_term,ret,mispricing_true,mispricing_belief,vol_proxy
0.0,0.0,0.0,0.011975424535673029,0.8037524874174786,0.1827664366437925,2.395084907134606,1.0,0.0,0.0,-0.47,0.0,False,0.01011869232205415,0.012985273987425827,0.5059546249024347,0.39548192771084345,3.954819277108434e-05,3.954819277108435e-05,0.0023954637772694177,0.0,0.0,0.6209860507736862,0.8037524874174786,0.0
1.0,0.0,0.0,-0.04766767783137574,0.9013343844642651,0.4481976272156215,-9.533535566275148,1.0,0.0,0.11977792567663287,0.33,0.0,False,0.008617106261218496,0.04766767783137574,0.4308660719024461,0.24970892072370304,2.4970892072370302e-05,2.4970892072370302e-05,-0.009534487786048146,0.0,0.09758189704678644,0.45313675724864355,0.7815564587876322,0.09758189704678644
2.0,0.0,0.0,-0.057025787154847886,1.257527845229581,0.3856894190294226,-11.405157430969577,1.0,0.0,0.3270161938817978,0.09,0.0,False,0.007798960657405154,0.057025787154847886,0.389955268969332,0.1855657283607953,1.8556572836079535e-05,1.8556572836079532e-05,-0.011406003977798864,0.0,0.356193460765316,0.8718384262001584,0.9305116513477832,0.356193460765316
3.0,0.0,0.0,-0.08937600432071913,1.903010081135263,0.4056039351793451,-17.875200864143824,1.0,0.0,0.3310236027571427,0.24,0.0,False,0.007075635406545905,0.0893760043207191,0.35378708888878935,0.15033452654348473,1.5033452654348474e-05,1.503345265434847e-05,-0.01787627575192805,0.0,0.645482235905682,1.4974061459559178,1.5719864783781203,0.645482235905682
4.0,0.0,0.0,-0.149419648631639,1.9980002654363433,0.4106741750646081,-29.883929726327803,1.0,0.0,0.36370062052592106,0.21,0.0,False,0.006257405524161641,0.149419648631639,0.312874300045013,0.12861039341098898,1.28610393410989e-05,1.2861039341098898e-05,-0.029885467060139566,0.0,0.0949901843010803,1.5873260903717352,1.6342996449104223,0.0949901843010803
5.0,0.0,0.0,-0.15116027997462358,1.3270783605795669,0.626416666769978,-30.232055994924718,1.0,0.0,0.40871751021990543,0.32,0.0,False,0.00586495123660435,0.15116027997462358,0.2932509121099201,0.11424748706068398,1.1424748706068395e-05,1.1424748706068397e-05,-0.030233437553711176,0.0,-0.6709219048567765,0.7006616938095889,0.9183608503596614,0.6709219048567765
6.0,0.0,0.0,-0.07602623827420307,0.9468405036977421,0.6842771857319121,-15.205247654840614,1.0,0.0,0.48631111727945603,0.36,0.0,False,0.00538640581737301,0.07602623827420307,0.2693231001176883,0.10430885206491432,1.0430885206491433e-05,1.0430885206491434e-05,-0.01520588206499445,0.0,-0.38023785688182477,0.26256331796583,0.46052938641828606,0.38023785688182477
7.0,0.0,0.0,-0.03541316492673255,1.0824007552605148,0.6990987464255127,-7.08263298534651,1.0,0.0,0.5667763267893302,0.02,0.0,False,0.005314792692367016,0.03541316492673255,0.2657422179529706,0.09721299660661761,9.721299660661762e-06,9.721299660661762e-06,-0.007082908392259744,0.0,0.13556025156277274,0.3833020088350021,0.5156244284711846,0.13556025156277274
8.0,0.0,0.0,-0.04220786553045931,0.6589677282907045,0.8325224322400201,-8.441573106091862,1.0,0.0,0.5926916413310074,0.34,0.0,False,0.004998094620142946,0.04220786553045931,0.2499070309508723,0.09203282049648383,9.20328204964838e-06,9.203282049648383e-06,-0.008441883863944821,0.0,-0.42343302696981033,-0.1735547039493156,0.06627608695969711,0.42343302696981033
9.0,0.0,0.0,0.00847150121510757,0.3563930911817113,0.9525935850870315,1.6943002430215142,1.0,0.0,0.6603026774113623,0.28,0.0,False,0.00489255670150417,0.008697804701857423,0.24462999243373704,0.08818941343401722,8.818941343401728e-06,8.818941343401726e-06,0.0016943600102322749,0.0,-0.3025746371089932,-0.5962004939053203,-0.303909586229651,0.3025746371089932
10.0,0.0,0.0,0.04156476676059331,0.9471457286823448,0.8074389997022517,8.312953352118662,1.0,0.0,0.7436864759253955,0.06,0.0,False,0.004665853679705469,0.04156476676059331,0.23329467405174614,0.08530342395407306,8.530342395407304e-06,8.530342395407304e-06,0.008313236999052696,0.0,0.5907526375006336,0.13970672898009306,0.20345925275694932,0.5907526375006336
11.0,0.0,0.0,-0.016507381977772267,0.9102888594044176,0.8239185798319881,-3.3014763955544533,1.0,0.0,0.7720584868722469,0.04,0.0,False,0.004556366063490076,0.016507381977772267,0.2278201967270305,0.08311678650488098,8.311678650488098e-06,8.311678650488098e-06,-0.0033015861578856304,0.0,-0.036856869277927196,0.08637027957242949,0.13823037253217074,0.036856869277927196
12.0,0.0,0.0,-0.00892903145073486,1.6168636054499057,0.8830113538806179,-1.7858062901469718,1.0,0.0,0.7820650487019043,0.12,0.0,False,0.004490660820122657,0.008992222855180547,0.22453486979901635,0.08144872021105272,8.144872021105273e-06,8.144872021105272e-06,-0.001785864470327853,0.0,0.7065747460454881,0.7338522515692878,0.8347985567480014,0.7065747460454881
13.0,0.0,0.0,-0.07776166089984714,1.194244831769922,0.8449058035497861,-15.552332179969428,1.0,0.0,0.8209949086061471,-0.04,0.0,False,0.004532141286887458,0.07776166089984712,0.2266088810447797,0.0801696280765907,8.016962807659075e-06,8.016962807659074e-06,-0.015552830905845789,0.0,-0.4226187736799838,0.34933902822013585,0.3732499231637748,0.4226187736799838
14.0,0.0,0.0,-0.03618528802659394,1.385508467953823,0.6561583094447772,-7.237057605318787,1.0,0.0,0.83921582583427,0.11,0.0,False,0.004340815039948981,0.03618528802659394,0.21704247063248122,0.07918490036140627,7.918490036140629e-06,7.918490036140629e-06,-0.007237286829777828,0.0,0.19126363618390108,0.7293501585090458,0.546292642119553,0.19126363618390108
15.0,0.0,0.0,-0.053643020380764954,1.5364339652732537,0.7053450818719526,-10.72860407615299,1.0,0.0,0.832377624861848,-0.13,0.0,False,0.004496180070187735,0.053643020380764954,0.22481076656211813,0.07842447161267904,7.842447161267904e-06,7.842447161267904e-06,-0.010728940627555932,0.0,0.15092549731943072,0.8310888834013012,0.7040563404114057,0.15092549731943072
16.0,0.0,0.0,-0.06925435689587385,1.0380218098401532,0.7938555767364135,-13.85087137917477,1.0,0.0,0.8490572295185279,0.08,0.0,False,0.004330608488627606,0.06925435689587385,0.2165321098146413,0.07783586373121831,7.78358637312183e-06,7.783586373121831e-06,-0.013851302613633112,0.0,-0.49841215543310047,0.24416623310373975,0.18896458032162533,0.49841215543310047
17.0,0.0,0.0,-0.014548570376884885,2.132351479535534,0.8823885500645058,-2.909714075376977,1.0,0.0,0.8438634439510844,0.12,0.0,False,0.004054890893880714,0.014548570376884885,0.20274611351956978,0.07737942031791788,7.73794203179179e-06,7.737942031791787e-06,-0.0029098041354754726,0.0,1.0943296696953806,1.2499629294710282,1.2884880355844495,1.0943296696953806
18.0,0.0,0.0,-0.1212108508063735,1.7514054276571878,0.8579351370248829,-24.2421701612747,1.0,0.0,0.8925304772715934,-0.1,0.0,False,0.004128494423074016,0.1212108508063735,0.20642631113936966,0.07702496386752834,7.702496386752833e-06,7.702496386752835e-06,-0.02424291705643403,0.0,-0.38094605187834607,0.8934702906323049,0.8588749503855944,0.38094605187834607
19.0,0.0,0.0,-0.08129978982015645,2.717804784782255,1.0509738695299315,-16.25995796403129,1.0,0.0,0.9201962901647809,0.07,0.0,False,0.004213072685062223,0.08129978982015645,0.2106552510071935,0.07674940373398333,7.674940373398337e-06,7.674940373398335e-06,-0.016260457137031562,0.0,0.9663993571250671,1.6668309152523233,1.797608494617474,0.9663993571250671
20.0,0.0,0.0,-0.17408155547796159,3.648971899785692,1.0153404197261828,-34.81631109559232,1.0,0.0,0.938376330903661,0.1,0.0,False,0.00413818178689642,0.17408155547796159,0.2069106729234468,0.07653499567330325,7.653499567330326e-06,7.653499567330328e-06,-0.034817376953922397,0.0,0.9311671150034373,2.6336314800595093,2.710595568882031,0.9311671150034373
21.0,0.0,0.0,-0.26308279564144016,3.040312088590615,1.133417097907268,-52.61655912828803,1.0,0.0,0.9769226133471622,0.15,0.0,False,0.004098946503590309,0.26308279564144016,0.20494889032243493,0.07636805789007794,7.636805789007794e-06,7.636805789007795e-06,-0.05261816640578696,0.0,-0.6086598111950772,1.906894990683347,2.0633894752434525,0.6086598111950772
22.0,0.0,0.0,-0.19531975443005498,2.310516095592508,1.2405859641870438,-39.06395088601099,1.0,0.0,1.018043487760453,0.37,0.0,False,0.0038976404508817434,0.19531975443005492,0.19488350828590553,0.07623801307922962,7.623801307922961e-06,7.623801307922962e-06,-0.03906514214012855,0.0,-0.729795992998107,1.0699301314054641,1.292472607832055,0.729795992998107
23.0,0.0,0.0,-0.11492298322537219,1.923570472187524,1.394979231367571,-22.984596645074436,1.0,0.0,1.0870400903401003,0.4,0.0,False,0.003989040257937899,0.11492298322537219,0.19945353145804554,0.07613666709092755,7.613666709092755e-06,7.613666709092754e-06,-0.02298529662797818,0.0,-0.38694562340498395,0.5285912408199529,0.8365303818474237,0.38694562340498395
24.0,0.0,0.0,-0.07181734027635292,2.8517559337858596,1.4082436258956774,-14.363468055270584,1.0,0.0,1.1612425140742122,0.25,0.0,False,0.004084981652099497,0.07181734027635292,0.2042506360757381,0.07605766172517958,7.605766172517959e-06,7.605766172517959e-06,-0.014363905032664841,0.0,0.9281854615983356,1.4435123078901821,1.6905134197116474,0.9281854615983356
25.0,0.0,0.0,-0.16088413042497063,3.3054791570500495,1.2795938032946261,-32.176826084994126,1.0,0.0,1.2053697581291318,0.08,0.0,False,0.004009763200442821,0.16088413042497066,0.20048968365310763,0.07599605714348504,7.599605714348504e-06,7.599605714348505e-06,-0.03217780420232634,0.0,0.4537232232641899,2.0258853537554233,2.1001093989209174,0.4537232232641899
26.0,0.0,0.0,-0.2070572974525027,3.424646022059963,1.0277701075461319,-41.41145949050054,1.0,0.0,1.242853496738308,0.01,0.0,False,0.0041451042634126955,0.2070572974525027,0.20725678723276983,0.07594801167850262,7.594801167850264e-06,7.594801167850261e-06,-0.04141271752814957,0.0,0.11916686500991336,2.396875914513831,2.181792525321655,0.11916686500991336
27.0,0.0,0.0,-0.21789074254770388,2.8294137681634908,1.0573066732080532,-43.578148509540775,1.0,0.0,1.2348275545747989,-0.06,0.0,False,0.003997914405846921,0.21789074254770388,0.1998972377114612,0.07591053539720918,7.591053539720918e-06,7.59105353972092e-06,-0.04357947171573022,0.0,-0.595232253896472,1.7721070949554376,1.594586213588692,0.595232253896472
28.0,0.0,0.0,-0.16074289672530376,2.1481609953540834,0.908719645072672,-32.14857934506075,1.0,0.0,1.2456558955683006,0.23,0.0,False,0.0037921687378888002,0.16074289672530376,0.18960987566790563,0.07588129986214319,7.588129986214318e-06,7.588129986214319e-06,-0.032149555128052135,0.0,-0.6812527728094073,1.2394413502814114,0.9025050997857829,0.6812527728094073
29.0,0.0,0.0,-0.09506233094990194,2.3331545744820494,0.8437347282706686,-19.012466189980387,1.0,0.0,1.221923814010719,0.15,0.0,False,0.0035895697442508354,0.09506233094990194,0.17947984870926115,0.07585849092897277,7.585849092897274e-06,7.5858490928972765e-06,-0.019013043088401724,0.0,0.184993579127966,1.4894198462113808,1.1112307604713305,0.184993579127966
30.0,0.0,0.0,-0.11422602527168996,2.012435551216002,0.9536069382887956,-22.845205054337992,1.0,0.0,1.1975016294302139,0.06,0.0,False,0.0036607246330081413,0.11422602527168996,0.1830376198099022,0.0758406946332553,7.58406946332553e-06,7.5840694633255315e-06,-0.02284589808757012,0.0,-0.3207190232660473,1.0588286129272064,0.8149339217857883,0.3207190232660473
31.0,0.0,0.0,-0.0851633228785341,2.558195166644415,0.8950752669013136,-17.03266457570682,1.0,0.0,1.1908510068596412,0.16,0.0,False,0.0037364880440294837,0.0851633228785341,0.1868258188312929,0.07582680859941437,7.582680859941435e-06,7.582680859941435e-06,-0.017033181184828227,0.0,0.545759615428413,1.6631198997431016,1.367344159784774,0.545759615428413
32.0,0.0,0.0,-0.1420468979999019,2.170140638306661,0.8777041390617942,-28.40937959998038,1.0,0.0,1.1607700341157432,0.16,0.0,False,0.003631123265235947,0.1420468979999019,0.1815575397475179,0.07581597318505708,7.58159731850571e-06,7.581597318505709e-06,-0.028410241147353247,0.0,-0.38805452833775433,1.2924364992448667,1.0093706041909176,0.38805452833775433
33.0,0.0,0.0,-0.10234113860584897,1.1392150844575029,1.0696217441201832,-20.468227721169793,1.0,0.0,1.1376723395263477,0.06,0.0,False,0.0034363676418750874,0.10234113860584895,0.17181968460626224,0.07580751791624726,7.580751791624726e-06,7.580751791624725e-06,-0.02046884837468064,0.0,-1.030925553849158,0.06959334033731968,0.0015427449311551378,1.030925553849158
34.0,0.0,0.0,0.0023886978474496282,0.9145695701160614,1.1032129923208003,0.47773956948992563,1.0,0.0,1.1466904611096793,-0.11,0.0,False,0.0036075640114868316,0.0034254157824179167,0.18037956785769294,0.07580091978879354,7.580091978879353e-06,7.580091978879353e-06,0.0004777540546196418,0.0,-0.22464551434144142,-0.18864342220473884,-0.23212089099361788,0.22464551434144142
35.0,0.0,0.0,0.024250801228902,1.3096882625367139,1.0423868968518906,4.8501602457804,1.0,0.0,1.1631029682594687,-0.05,0.0,False,0.0035489259626088013,0.024250801228902,0.1774476430983341,0.07579577078909383,7.579577078909383e-06,7.579577078909382e-06,0.004850307293319552,0.0,0.39511869242065245,0.2673013656848233,0.1465852942772452,0.39511869242065245
36.0,0.0,0.0,-0.013922852474709209,1.7525491243856788,1.109234458702789,-2.7845704949418417,1.0,0.0,1.1570867729459382,-0.06,0.0,False,0.0036398462174570007,0.013922852474709209,0.18199369022446982,0.0757917525852373,7.579175258523732e-06,7.579175258523731e-06,-0.0027846549132932224,0.0,0.4428608618489649,0.6433146656828899,0.5954623514397406,0.4428608618489649
37.0,0.0,0.0,-0.055488356973998815,1.3435735619020572,1.1215028948837484,-11.097671394799763,1.0,0.0,1.1704544616026715,-0.07,0.0,False,0.0038127242674315413,0.055488356973998815,0.19063765817706935,0.07578861679880576,7.578861679880579e-06,7.578861679880576e-06,-0.011098007823115895,0.0,-0.40897556248362155,0.2220706670183088,0.1731191002993857,0.40897556248362155
38.0,0.0,0.0,-0.01315686295063622,0.724508672189926,1.106802404160552,-2.6313725901272442,1.0,0.0,1.1976445277165735,0.04,0.0,False,0.0036662747427413708,0.01315686295063622,0.18331512640166622,0.07578616962277836,7.578616962277834e-06,7.5786169622778345e-06,-0.002631452358182496,0.0,-0.6190648897121312,-0.382293731970626,-0.4731358555266475,0.6190648897121312
39.0,0.0,0.0,0.04994194254357073,0.8833166705856518,1.0315276555231454,9.988388508714147,1.0,0.0,1.2119999468544587,-0.01,0.0,False,0.003632510392686113,0.049941942543570726,0.18162689606986274,0.07578425982564119,7.5784259825641195e-06,7.5784259825641195e-06,0.009988691291471521,0.0,0.1588079983957258,-0.14821098493749363,-0.3286832762688069,0.1588079983957258
40.0,0.0,0.0,0.037197572334685715,0.8603630518105518,1.144737523670412,7.439514466937143,1.0,0.0,1.2239470216913828,-0.12,0.0,False,0.0038145344848846954,0.03719757233468571,0.1907281696241709,0.07578276939476822,7.578276939476819e-06,7.5782769394768205e-06,0.0074397399800318455,0.0,-0.022953618775099938,-0.2843744718598602,-0.36358396988083097,0.022953618775099938
41.0,0.0,0.0,0.040615355819210316,0.3063380604678462,1.117285718633871,8.123071163842063,1.0,0.0,1.2553064886077403,-0.01,0.0,False,0.0038569919619270217,0.04061535581921032,0.19285105954158166,0.07578160623748331,7.5781606237483355e-06,7.578160623748335e-06,0.008123317393728242,0.0,-0.5540249913427057,-0.8109476581660248,-0.9489684281398941,0.5540249913427057
42.0,0.0,0.0,0.09740107383479282,0.4863491067741458,1.02966783403711,19.480214766958564,1.0,0.0,1.2665319994871644,-0.09,0.0,False,0.0039037446241649257,0.09740107383479282,0.19518871035071794,0.07578069848672941,7.578069848672939e-06,7.578069848672941e-06,0.01948080525219651,0.0,0.1800110463062996,-0.5433187272629642,-0.7801828927130187,0.1800110463062996
43.0,0.0,0.0,0.07761776105493072,1.185447662763604,1.0825676462575538,15.523552210986145,1.0,0.0,1.2803857044228173,0.14,0.0,False,0.004005670884540315,0.07761776105493072,0.20028506197551482,0.07577999005824664,7.5779990058246634e-06,7.577999005824663e-06,0.015524022757273229,0.0,0.6990985559894581,0.10288001650605016,-0.09493804165921338,0.6990985559894581
44.0,0.0,0.0,0.006001334213901183,1.6026010452695059,0.9926402494208961,1.2002668427802365,1.0,0.0,1.2625561266892584,0.16,0.0,False,0.0041426548602219405,0.006236228475604841,0.20713431265136575,0.07577943718399627,7.577943718399631e-06,7.577943718399629e-06,0.0012003032247228619,0.0,0.41715338250590195,0.6099607958486097,0.34004491858024744,0.41715338250590195
45.0,0.0,0.0,-0.03643560064172178,1.5455463891374666,0.9573002045548205,-7.287120128344355,1.0,0.0,1.2454632787912612,0.01,0.0,False,0.004135937142328384,0.03643560064172178,0.20679842420244074,0.07577900570718792,7.5779005707187905e-06,7.577900570718793e-06,-0.007287341010957646,0.0,-0.057054656132039305,0.5882461845826461,0.3000831103462054,0.057054656132039305
46.0,0.0,0.0,-0.033441294122373684,1.0028210026315065,0.9892487317987362,-6.688258824474737,1.0,0.0,1.238231233584343,0.19,0.0,False,0.004252737428908587,0.033441294122373684,0.21263848277933858,0.07577866897151055,7.577866897151055e-06,7.577866897151055e-06,-0.006688461553879061,0.0,-0.54272538650596,0.01357227083277035,-0.23541023095283653,0.54272538650596
47.0,0.0,0.0,0.01792444236085203,0.4600717031855597,0.8508502690677,3.584888472170406,1.0,0.0,1.2111207772299435,0.18,0.0,False,0.004293566398575784,0.017924442360852028,0.21467994672688162,0.07577840617399134,7.577840617399135e-06,7.577840617399136e-06,0.0035849971342008726,0.0,-0.5427492994459469,-0.3907785658821403,-0.7510490740443838,0.5427492994459469
48.0,0.0,0.0,0.06677377280008064,0.2270920544257184,0.712171712417083,13.354754560016127,1.0,0.0,1.1820722176683949,0.38,0.0,False,0.004149316067659174,0.06677377280008062,0.20746737552149527,0.07577820107961909,7.5778201079619125e-06,7.577820107961911e-06,0.013355159356659206,0.0,-0.23297964875984128,-0.4850796579913646,-0.9549801632426764,0.23297964875984128
49.0,0.0,0.0,0.08647777619065407,0.0343888076883217,0.7857199371470547,17.295555238130813,1.0,0.0,1.1278347311682757,0.27,0.0,False,0.003850126190195758,0.08647777619065408,0.19250776828488975,0.07577804101825933,7.577804101825934e-06,7.577804101825932e-06,0.01729607948347588,0.0,-0.1927032467373967,-0.751331129458733,-1.093445923479954,0.1927032467373967
50.0,0.0,0.0,0.10556460572015863,-0.22556001312478985,0.8972707209134575,21.112921144031727,1.0,0.0,1.0919025819146153,0.03,0.0,False,0.003924397101331172,0.10556460572015863,0.19622134197973004,0.07577791610185457,7.577791610185456e-06,7.577791610185456e-06,0.02111356109644914,0.0,-0.25994882081311155,-1.1228307340382473,-1.3174625950394052,0.25994882081311155
51.0,0.0,0.0,0.1307458849967888,-1.0311089953217285,0.9293232434210221,26.14917699935776,1.0,0.0,1.0900748622190854,0.02,0.0,False,0.003991366552151626,0.1307458849967888,0.19956983989283436,0.07577781861352735,7.577781861352734e-06,7.577781861352734e-06,0.026149969604388187,0.0,-0.8055489821969386,-1.9604322387427506,-2.1211838575408137,0.8055489821969386
52.0,0.0,0.0,0.2117609362317765,-0.24510229568628783,0.8433307431323807,42.3521872463553,1.0,0.0,1.0819483750328869,-0.19,0.0,False,0.004033119711753987,0.2117609362317765,0.20165751369123489,0.07577774253083158,7.577774253083158e-06,7.5777742530831585e-06,0.042353470977883764,0.0,0.7860066996354407,-1.0884330388186685,-1.3270506707191747,0.7860066996354407
53.0,0.0,0.0,0.13258087541741195,0.005136064489823233,0.8515532357606027,26.51617508348239,1.0,0.0,1.0865806008245547,0.11,0.0,False,0.0038778000932780323,0.13258087541741195,0.19389147391743558,0.07577768315369257,7.5777683153692564e-06,7.5777683153692564e-06,0.026516978811117475,0.0,0.25023836017611106,-0.8464171712707795,-1.0814445363347314,0.25023836017611106
54.0,0.0,0.0,0.1075553805339488,0.20777729371140444,0.926247411453024,21.51107610678976,1.0,0.0,1.0807566918456786,-0.07,0.0,False,0.004131642385614615,0.1075553805339488,0.20658368471121152,0.07577763681404524,7.5777636814045205e-06,7.577763681404523e-06,0.02151172812525401,0.0,0.2026412292215812,-0.7184701177416196,-0.8729793981342742,0.2026412292215812
55.0,0.0,0.0,0.09002575498928321,-0.15880147676131778,0.9459851894178555,18.005150997856642,1.0,0.0,1.0807306212921295,-0.21,0.0,False,0.004045078227252697,0.09002575498928322,0.20225544399424739,0.07577760064923067,7.577760064923067e-06,7.577760064923067e-06,0.018005696748577847,0.0,-0.36657877047272225,-1.1047866661791732,-1.2395320980534472,0.36657877047272225
56.0,0.0,0.0,0.1253953623148065,-0.3338410547659222,0.9756528622600885,25.0790724629613,1.0,0.0,1.108068953282785,0.0,0.0,False,0.0042189712000317335,0.1253953623148065,0.2109501585185651,0.0757775724251497,7.577757242514966e-06,7.577757242514968e-06,0.025079832629692916,0.0,-0.1750395780046044,-1.3094939170260107,-1.441910008048707,0.1750395780046044
57.0,0.0,0.0,0.14216277059361918,-1.09607044259205,0.9418164891485374,28.432554118723836,1.0,0.0,1.0951996571674956,0.02,0.0,False,0.004132612999634138,0.14216277059361918,0.20663221577815624,0.07577755039824796,7.577755039824795e-06,7.577755039824794e-06,0.028433415931914306,0.0,-0.7622293878261278,-2.037886931740587,-2.191270099759546,0.7622293878261278
58.0,0.0,0.0,0.21656329797275764,-0.7724754864131973,0.9397506881741395,43.312659594551526,1.0,0.0,1.0878405149028374,0.08,0.0,False,0.004089417564179999,0.21656329797275767,0.2044724276388764,0.07577753320780568,7.577753320780569e-06,7.57775332078057e-06,0.04331397243520341,0.0,0.3235949561788527,-1.7122261745873368,-1.8603160013160347,0.3235949561788527
59.0,0.0,0.0,0.18608339893970777,0.10870805581216614,0.9118827869194503,37.21667978794155,1.0,0.0,1.0696445902980434,-0.09,0.0,False,0.004106791129251238,0.1860833989397078,0.20534111247479228,0.07577751979187808,7.577751979187806e-06,7.577751979187805e-06,0.037217807854469036,0.0,0.8811835422253634,-0.8031747311072842,-0.9609365344858772,0.8811835422253634
60.0,0.0,0.0,0.09969349603011574,-0.7638077627499605,1.0296221530321266,19.93869920602315,1.0,0.0,1.0884290076761114,-0.12,0.0,False,0.004074439881397413,0.09969349603011576,0.20372353782440106,0.07577750932169237,7.577750932169239e-06,7.577750932169238e-06,0.019939303563429444,0.0,-0.8725158185621267,-1.7934299157820872,-1.8522367704260718,0.8725158185621267
61.0,0.0,0.0,0.1884629456968154,-0.24987434913214457,1.1484067499285746,37.69258913936308,1.0,0.0,1.1056807887374465,-0.07,0.0,False,0.004082682783824398,0.1884629456968154,0.20413568606871665,0.07577750115045034,7.577750115045038e-06,7.577750115045036e-06,0.03769373163079229,0.0,0.513933413617816,-1.398281099060719,-1.3555551378695911,0.513933413617816
62.0,0.0,0.0,0.13866397276836606,-0.7696956894356778,1.0542482239004998,27.732794553673212,1.0,0.0,1.120893100473614,-0.02,0.0,False,0.004071650774775488,0.13866397276836606,0.20358408143625092,0.0757774947733717,7.577749477337168e-06,7.577749477337169e-06,0.027733635155981054,0.0,-0.5198213403035332,-1.8239439133361777,-1.890588789909292,0.5198213403035332
63.0,0.0,0.0,0.18969825336146737,-1.025214201257172,1.0930098551789866,37.939650672293475,1.0,0.0,1.1368179165938734,0.05,0.0,False,0.004064048122789519,0.18969825336146737,0.2032039459563017,0.075777489796511,7.577748979651099e-06,7.5777489796511e-06,0.03794080065217589,0.0,-0.2555185118214943,-2.1182240564361585,-2.1620321178510453,0.2555185118214943
64.0,0.0,0.0,0.21547891977183212,-0.5998664563316805,0.9115642812477271,43.095783954366425,1.0,0.0,1.1273587184662883,-0.04,0.0,False,0.004356443234412688,0.21547891977183212,0.2178238123222135,0.07577748591242173,7.577748591242176e-06,7.577748591242176e-06,0.04309709022053245,0.0,0.42534774492549166,-1.5114307375794076,-1.7272251747979688,0.42534774492549166
65.0,0.0,0.0,0.1722930488033072,-0.5935230125230723,0.9204518766307909,34.45860976066144,1.0,0.0,1.129656638715186,0.05,0.0,False,0.004331322123363921,0.1722930488033072,0.2165677472516363,0.07577748288116361,7.577748288116364e-06,7.577748288116362e-06,0.034459654227431226,0.0,0.006343443808608185,-1.5139748891538631,-1.7231796512382584,0.006343443808608185
66.0,0.0,0.0,0.17288079773311993,-0.18980077568721715,0.8343500903499063,34.576159546623984,1.0,0.0,1.1231293113691723,-0.06,0.0,False,0.004046350836055913,0.17288079773311993,0.2023190749141537,0.07577748051548007,7.577748051548008e-06,7.5777480515480085e-06,0.03457720757638481,0.0,0.4037222368358551,-1.0241508660371235,-1.3129300870563894,0.4037222368358551
67.0,0.0,0.0,0.13314386553767965,-0.1828282467573366,0.9842395162075195,26.62877310753593,1.0,0.0,1.135350467164535,-0.09,0.0,False,0.004252488208917623,0.13314386553767965,0.21262602166005387,0.07577747866923067,7.577747866923064e-06,7.577747866923065e-06,0.026629580245934096,0.0,0.006972528929880539,-1.167067762964856,-1.3181787139218715,0.006972528929880539
68.0,0.0,0.0,0.13224125461775235,-0.6826670523825342,0.9801536193542598,26.448250923550468,1.0,0.0,1.141688326221733,0.2,0.0,False,0.004196345793673128,0.13224125461775235,0.2098188796261455,0.07577747722836292,7.5777477228362955e-06,7.5777477228362955e-06,0.026449052590168477,0.0,-0.4998388056251976,-1.6628206717367942,-1.8243553786042672,0.4998388056251976
69.0,0.0,0.0,0.18286873216263388,-1.120243462759253,1.0339626887222142,36.573746432526775,1.0,0.0,1.139634403963489,0.05,0.0,False,0.004143769356840118,0.18286873216263388,0.20719003786392293,0.07577747610386716,7.577747610386715e-06,7.5777476103867154e-06,0.03657485501060474,0.0,-0.4375764103767188,-2.154206151481467,-2.259877866722742,0.4375764103767188
70.0,0.0,0.0,0.22695144619557264,-1.6200774200913333,1.0889377339369708,45.39028923911453,1.0,0.0,1.1460895558987105,-0.07,0.0,False,0.004254437307327509,0.22695144619557261,0.21272347731896368,0.07577747522627731,7.577747522627736e-06,7.577747522627733e-06,0.045391665053296254,0.0,-0.49983395733208025,-2.709015154028304,-2.7661669759900436,0.49983395733208025
71.0,0.0,0.0,0.2790096965126261,-0.4808954396901708,0.9822063014891914,55.80193930252521,1.0,0.0,1.1493569882344294,-0.03,0.0,False,0.0041324187867173,0.2790096965126261,0.20662250505716206,0.07577747454138026,7.577747454138024e-06,7.577747454138025e-06,0.05580363070172219,0.0,1.1391819804011625,-1.4631017411793623,-1.6302524279246002,1.1391819804011625
72.0,0.0,0.0,0.16437921452176762,0.19985409520987057,0.893493009393611,32.875842904353526,1.0,0.0,1.1701252582858,0.05,0.0,False,0.004190836256348087,0.1643792145217676,0.20954340067233174,0.0757774740068663,7.577747400686627e-06,7.577747400686627e-06,0.032876839396134803,0.0,0.6807495349000414,-0.6936389141837405,-0.9702711630759293,0.6807495349000414
73.0,0.0,0.0,0.09408946881050533,0.17896274341036508,0.8911983112012352,18.817893762101065,1.0,0.0,1.162958986735783,0.06,0.0,False,0.00438041234091668,0.09408946881050533,0.21902227672873636,0.07577747358971576,7.577747358971578e-06,7.577747358971577e-06,0.018818464146757852,0.0,-0.020891351799505492,-0.71223556779087,-0.9839962433254179,0.020891351799505492
74.0,0.0,0.0,0.09746743325389577,-0.5303114502568707,0.9428448651162142,19.493486650779154,1.0,0.0,1.1407844326261125,0.0,0.0,False,0.004242850044696446,0.09746743325389577,0.21214410979710144,0.07577747326415916,7.577747326415918e-06,7.5777473264159154e-06,0.019494077513167157,0.0,-0.7092741936672358,-1.473156315373085,-1.6710958828829832,0.7092741936672358
75.0,0.0,0.0,0.16771731286306532,-1.2024525689104646,0.9573785851691285,33.543462572613066,1.0,0.0,1.1536740051284107,0.0,0.0,False,0.004355432227379964,0.16771731286306532,0.2177732615872384,0.07577747301008513,7.577747301008512e-06,7.577747301008514e-06,0.03354447930044046,0.0,-0.6721411186535939,-2.159831154079593,-2.3561265740388753,0.6721411186535939
76.0,0.0,0.0,0.2361362237633926,-1.4404607792040152,0.8886800102587268,47.22724475267852,1.0,0.0,1.146925224344526,-0.07,0.0,False,0.004192574323669689,0.23613622376339258,0.20963030469691868,0.07577747281179825,7.577747281179824e-06,7.577747281179825e-06,0.0472286762463331,0.0,-0.23800821029355057,-2.329140789462742,-2.5873860035485414,0.23800821029355057
77.0,0.0,0.0,0.2612431509855684,-2.1737421430067525,0.9279830143716599,52.24863019711368,1.0,0.0,1.1589991377548414,-0.05,0.0,False,0.004070463381148343,0.26124315098556833,0.20352471130455493,0.07577747265704927,7.577747265704929e-06,7.577747265704929e-06,0.05225021389277125,0.0,-0.7332813638027373,-3.1017251573784126,-3.332741280761594,0.7332813638027373
78.0,0.0,0.0,0.3370392369137674,-2.2398247208036195,1.0991919891933604,67.40784738275349,1.0,0.0,1.1720697123803199,-0.07,0.0,False,0.0040139093610529735,0.3370392369137674,0.20069698887218057,0.07577747253627864,7.577747253627861e-06,7.577747253627862e-06,0.0674098905657923,0.0,-0.06608257779686699,-3.33901670999698,-3.4118944331839396,0.06608257779686699
79.0,0.0,0.0,0.34163330883692367,-2.6687035847983154,1.04574823277379,68.32666176738473,1.0,0.0,1.1967779260385176,-0.06,0.0,False,0.004137331567129389,0.34163330883692367,0.2068681459391134,0.07577747244202561,7.577747244202561e-06,7.577747244202561e-06,0.06832873280038258,0.0,-0.4288788639946959,-3.7144518175721055,-3.8654815108368332,0.4288788639946959
80.0,0.0,0.0,0.3871643931566566,-2.555102814742188,1.1506947076504694,77.43287863133132,1.0,0.0,1.1766378081088436,0.07,0.0,False,0.004059606860537249,0.3871643931566567,0.20298188116059598,0.07577747236846775,7.577747236846778e-06,7.577747236846776e-06,0.07743522568067429,0.0,0.11360077005612723,-3.7057975223926576,-3.7317406228510315,0.11360077005612723
81.0,0.0,0.0,0.3818909308648213,-2.960553909537096,1.2274722061262546,76.37818617296426,1.0,0.0,1.203087038463771,0.06,0.0,False,0.003983544777371824,0.3818909308648213,0.19917874818336156,0.07577747231106102,7.577747231106104e-06,7.577747231106103e-06,0.0763805012537763,0.0,-0.4054510947949077,-4.188026115663351,-4.163640948000867,0.4054510947949077
82.0,0.0,0.0,0.42112350185026415,-3.273682767000503,1.1479238661847222,84.22470037005283,1.0,0.0,1.2639511875532201,0.09,0.0,False,0.0040413224057085475,0.42112350185026415,0.2020676514914099,0.07577747226625915,7.577747226625914e-06,7.5777472266259145e-06,0.08422725328466603,0.0,-0.31312885746340724,-4.421606633185226,-4.537633954553723,0.31312885746340724
83.0,0.0,0.0,0.45183551190133747,-3.767197225155315,1.2327369517832658,90.3671023802675,1.0,0.0,1.250840667337955,0.06,0.0,False,0.003795371346736702,0.45183551190133747,0.1897700053550693,0.07577747223129438,7.57774722312944e-06,7.577747223129441e-06,0.09036984147574775,0.0,-0.4935144581548121,-4.999934176938581,-5.01803789249327,0.4935144581548121
84.0,0.0,0.0,0.5016440895183116,-3.994833812063943,1.2184970334188834,100.32881790366233,1.0,0.0,1.2448435467776493,0.11,0.0,False,0.00375370879114375,0.5016440895183115,0.18768686179000538,0.07577747220400688,7.5777472204006916e-06,7.577747220400691e-06,0.10033185894630202,0.0,-0.22763658690862787,-5.213330845482826,-5.239677358841592,0.22763658690862787
85.0,0.0,0.0,0.5257575736740976,-4.800796104894733,1.1655244718141509,105.15151473481951,1.0,0.0,1.249433736633048,-0.06,0.0,False,0.0037593179610457654,0.5257575736740976,0.18796732241034939,0.07577747218271093,7.577747218271092e-06,7.577747218271093e-06,0.10515470195706066,0.0,-0.8059622928307899,-5.966320576708884,-6.050229841527781,0.8059622928307899
86.0,0.0,0.0,0.6056853427565803,-5.674693045202607,1.1985914011863097,121.13706855131605,1.0,0.0,1.2629411275766018,0.05,0.0,False,0.003734007191037607,0.6056853427565803,0.18670177432001048,0.07577747216609089,7.577747216609089e-06,7.577747216609091e-06,0.12114074030782856,0.0,-0.8738969403078745,-6.873284446388917,-6.937634172779209,0.8738969403078745
87.0,0.0,0.0,0.6955101781151342,-4.988119896070501,1.4086420308033902,139.10203562302684,1.0,0.0,1.2562868091920785,0.13,0.0,False,0.0037403263322780193,0.6955101781151342,0.18701773377627312,0.07577747215312015,7.577747215312016e-06,7.577747215312016e-06,0.13910625191132917,0.0,0.6865731491321068,-6.396761926873891,-6.244406705262579,0.6865731491321068
88.0,0.0,0.0,0.6316971430849112,-4.715322897217754,1.4723257777402976,126.33942861698225,1.0,0.0,1.2806722559645016,0.14,0.0,False,0.003775888091718358,0.6316971430849112,0.18879583522219134,0.07577747214299738,7.5777472142997385e-06,7.577747214299739e-06,0.1263432580609768,0.0,0.2727969988527468,-6.1876486749580515,-5.995995153182255,0.2727969988527468
89.0,0.0,0.0,0.609604765080816,-3.8373495432757587,1.6400692206915752,121.9209530161632,1.0,0.0,1.32909087684193,0.35,0.0,False,0.0038068425216420477,0.609604765080816,0.19034356844661804,0.07577747213509727,7.57774721350973e-06,7.577747213509728e-06,0.12192464853280739,0.0,0.8779733539419952,-5.477418763967334,-5.166440420117689,0.8779733539419952
90.0,0.0,0.0,0.5286589422666526,-3.8176023552590634,1.7976740952497383,105.73178845333051,1.0,0.0,1.3809557251308988,0.55,0.0,False,0.0037768053395449805,0.5286589422666526,0.18884169796105577,0.07577747212893182,7.5777472128931844e-06,7.577747212893183e-06,0.10573499326410624,0.0,0.019747188016695283,-5.6152764505088015,-5.1985580803899625,0.019747188016695283
91.0,0.0,0.0,0.5316020625294653,-3.3043152710079307,1.7441259268204543,106.32041250589306,1.0,0.0,1.4494401815820779,0.35,0.0,False,0.003593921377164891,0.5316020625294653,0.17969743054962947,0.07577747212412012,7.57774721241201e-06,7.577747212412012e-06,0.1063236351583105,0.0,0.5132870842511328,-5.048441197828385,-4.753755452590008,0.5132870842511328
92.0,0.0,0.0,0.48465920896172476,-3.094094500719457,1.7002144183391739,96.93184179234495,1.0,0.0,1.498619687337958,0.21,0.0,False,0.0037335326847218724,0.48465920896172476,0.18667804882443828,0.0757774721203649,7.577747212036492e-06,7.577747212036491e-06,0.09693477987005643,0.0,0.21022077028847352,-4.794308919058631,-4.592714188057415,0.21022077028847352
93.0,0.0,0.0,0.4709935013072025,-3.09011113669441,1.8999923867441235,94.19870026144051,1.0,0.0,1.5424604498577856,0.51,0.0,False,0.003736175604051477,0.4709935013072025,0.1868101957922871,0.07577747211743423,7.57774721174342e-06,7.577747211743423e-06,0.09420155549555723,0.0,0.003983364025047287,-4.990103523438533,-4.632571586552196,0.003983364025047287
94.0,0.0,0.0,0.4736695603338479,-2.362942428724227,1.7744371312119502,94.73391206676958,1.0,0.0,1.6160189658371293,0.05,0.0,False,0.004090803307197929,0.47366956033384794,0.20454171531356422,0.07577747211514707,7.577747211514706e-06,7.577747211514704e-06,0.09473678352356238,0.0,0.7271687079701827,-4.137379559936178,-3.9789613945613564,0.7271687079701827
95.0,0.0,0.0,0.40115327270406226,-2.4299509405129163,1.7543130732608372,80.23065454081245,1.0,0.0,1.6467639340535678,-0.04,0.0,False,0.0040394793114997,0.40115327270406226,0.2019754960826394,0.07577747211336205,7.577747211336206e-06,7.577747211336206e-06,0.08023308639285931,0.0,-0.06700851178868916,-4.1842640137737535,-4.076714874566484,0.06700851178868916
96.0,0.0,0.0,0.4094169953923911,-2.982414155761024,1.8122736928010263,81.88339907847822,1.0,0.0,1.648742290221071,0.07,0.0,False,0.004154032169287398,0.4094169953923911,0.2077031823746542,0.07577747211196902,7.5777472111969e-06,7.5777472111969e-06,0.08188588102646671,0.0,-0.5524632152481077,-4.7946878485620505,-4.631156445982095,0.5524632152481077
97.0,0.0,0.0,0.4701522873164752,-2.641788222008093,1.7051430544671118,94.03045746329504,1.0,0.0,1.6643741363357483,0.08,0.0,False,0.004135992215026068,0.4701522873164752,0.2068011778264771,0.07577747211088182,7.577747211088183e-06,7.5777472110881835e-06,0.09403330759784462,0.0,0.34062593375293115,-4.346931276475205,-4.306162358343841,0.34062593375293115
98.0,0.0,0.0,0.43949379803145744,-3.007518518800371,1.7413005330595817,87.89875960629149,1.0,0.0,1.7192868521629259,0.03,0.0,False,0.003993370469769691,0.43949379803145744,0.19967003652608156,0.07577747211003336,7.5777472110033345e-06,7.5777472110033345e-06,0.0879014238844241,0.0,-0.365730296792278,-4.748819051859952,-4.726805370963296,0.365730296792278
99.0,0.0,0.0,0.4779433784017538,-3.2441636724350627,1.8363393171301179,95.58867568035076,1.0,0.0,1.7533162769515969,0.15,0.0,False,0.003746136807215833,0.4779433784017539,0.1873082597246788,0.07577747210937115,7.577747210937115e-06,7.577747210937117e-06,0.09559157304567732,0.0,-0.23664515363469185,-5.080502989565181,-4.997479949386659,0.23664515363469185
100.0,0.0,0.0,0.5058501143029516,-3.762197380528983,1.817872606160826,101.17002286059032,1.0,0.0,1.772096351922296,0.06,0.0,False,0.0036989609938750125,0.5058501143029516,0.1849494511833181,0.0757774721088544,7.577747210885437e-06,7.5777472108854385e-06,0.10117308940078702,0.0,-0.5180337080939204,-5.580069986689809,-5.534293732451279,0.5180337080939204
101.0,0.0,0.0,0.5575282672567303,-3.580576979567589,1.6456519991772265,111.50565345134606,1.0,0.0,1.8145291308090892,0.06,0.0,False,0.0036263560985646615,0.5575282672567303,0.18131917890872343,0.0757774721084511,7.577747210845108e-06,7.577747210845109e-06,0.11150903327235233,0.0,0.18162040096139398,-5.226228978744816,-5.395106110376679,0.18162040096139398
102.0,0.0,0.0,0.5389992489722104,-3.0620356945731335,1.7923496731852917,107.79984979444208,1.0,0.0,1.8132965324519261,0.07,0.0,False,0.0036241039328466645,0.5389992489722104,0.1812065697695067,0.07577747210813633,7.577747210813634e-06,7.577747210813632e-06,0.10780311728972623,0.0,0.5185412849944555,-4.854385367758425,-4.875332227025059,0.5185412849944555
103.0,0.0,0.0,0.48683604854993734,-2.849635017032133,1.6926892405131992,97.36720970998746,1.0,0.0,1.809619730157291,-0.01,0.0,False,0.0036338607600195426,0.48683604854993734,0.18169441482488913,0.07577747210789067,7.577747210789067e-06,7.577747210789068e-06,0.09737016098403065,0.0,0.21240067754100034,-4.542324257545332,-4.659254747189424,0.21240067754100034
104.0,0.0,0.0,0.4668770048458885,-2.2303905370031014,1.806763148568998,93.3754009691777,1.0,0.0,1.806509246951689,0.04,0.0,False,0.0036109273394756476,0.4668770048458885,0.18054773510851113,0.07577747210769896,7.577747210769899e-06,7.577747210769897e-06,0.09337823124846756,0.0,0.6192444800290318,-4.0371536855720995,-4.036899783954791,0.6192444800290318
105.0,0.0,0.0,0.408994831615222,-1.9914090820345174,1.9242608028869215,81.7989663230444,1.0,0.0,1.8193119252228138,0.05,0.0,False,0.0037249239310465708,0.408994831615222,0.18624760787892491,0.07577747210754936,7.577747210754937e-06,7.577747210754936e-06,0.0818014457118118,0.0,0.23898145496858403,-3.9156698849214386,-3.810721007257331,0.23898145496858403
106.0,0.0,0.0,0.38390647624556223,-2.1047694534098667,1.8006787015126937,76.78129524911245,1.0,0.0,1.859712742121343,-0.01,0.0,False,0.0037710667359081716,0.38390647624556223,0.18855476560493054,0.07577747210743258,7.577747210743258e-06,7.577747210743259e-06,0.0767836225484604,0.0,-0.11336037137534927,-3.9054481549225604,-3.9644821955312097,0.11336037137534927
107.0,0.0,0.0,0.3965682366013407,-1.2353324806245185,1.8717986109143532,79.31364732026815,1.0,0.0,1.8478011377325827,0.02,0.0,False,0.0036138694970640124,0.3965682366013407,0.18069484410267564,0.07577747210734144,7.577747210734148e-06,7.577747210734146e-06,0.07931605137712983,0.0,0.8694369727853481,-3.1071310915388715,-3.083133618357101,0.8694369727853481
108.0,0.0,0.0,0.31420827069871843,-1.8666363409317732,1.937838262925913,62.84165413974369,1.0,0.0,1.8610631672959792,0.07,0.0,False,0.003781193633194681,0.31420827069871843,0.18906111430620945,0.07577747210727036,7.577747210727035e-06,7.577747210727035e-06,0.06284355891798726,0.0,-0.6313038603072547,-3.8044746038576864,-3.7276995082277526,0.6313038603072547
109.0,0.0,0.0,0.38332374962420573,-2.6448403592070466,2.159299867918654,76.66474992484115,1.0,0.0,1.90686927590501,0.29,0.0,False,0.003807945646305283,0.38332374962420573,0.19039872509773903,0.07577747210721485,7.577747210721488e-06,7.577747210721485e-06,0.07666707369161185,0.0,-0.7782040182752734,-4.804140227125701,-4.551709635112057,0.7782040182752734
110.0,0.0,0.0,0.4666300310190759,-2.120911845672856,2.291868832252874,93.32600620381518,1.0,0.0,1.9667463918340107,0.39,0.0,False,0.003969965406968235,0.4666300310190759,0.19849977451812623,0.07577747210717153,7.5777472107171526e-06,7.5777472107171526e-06,0.09332883498591209,0.0,0.5239285135341905,-4.41278067792573,-4.087658237506867,0.5239285135341905
111.0,0.0,0.0,0.4201197943420533,-2.5668667161225676,2.4168445244006302,84.02395886841066,1.0,0.0,2.0216367512045075,0.43,0.0,False,0.004112740613481231,0.4201197943420533,0.20563858893949707,0.0757774721071377,7.5777472107137695e-06,7.577747210713772e-06,0.08402650569839114,0.0,-0.4459548704497114,-4.983711240523197,-4.588503467327075,0.4459548704497114
112.0,0.0,0.0,0.468162548014379,-2.9450464772695053,2.3812904409964806,93.6325096028758,1.0,0.0,2.0804452758276595,0.28,0.0,False,0.0038514217211147194,0.468162548014379,0.19257254531074627,0.07577747210711135,7.577747210711135e-06,7.5777472107111335e-06,0.09363534767532342,0.0,-0.37817976114693774,-5.326336918265985,-5.025491753097165,0.37817976114693774
113.0,0.0,0.0,0.5111104485238568,-2.0195452717566424,2.3970198691464297,102.22208970477135,1.0,0.0,2.114936144893336,0.23,0.0,False,0.0039023837214407163,0.5111104485238568,0.19512066463590402,0.07577747210709075,7.577747210709075e-06,7.577747210709075e-06,0.10222518813391268,0.0,0.9255012055128629,-4.416565140903073,-4.134481416649979,0.9255012055128629
114.0,0.0,0.0,0.4257193679662061,-1.0489072596174167,2.6776544499293107,85.14387359324121,1.0,0.0,2.1662516612578404,0.66,0.0,False,0.0038831993631495594,0.4257193679662061,0.19416143945263525,0.07577747210707467,7.577747210707468e-06,7.5777472107074684e-06,0.08514645436868719,0.0,0.9706380121392257,-3.7265617095467274,-3.215158920875257,0.9706380121392257
115.0,0.0,0.0,0.3341906000619638,-1.4496032734787097,2.608518695415144,66.83812001239276,1.0,0.0,2.2378097075930707,0.41,0.0,False,0.0038518186033790823,0.3341906000619638,0.19259238957433797,0.07577747210706212,7.5777472107062165e-06,7.577747210706214e-06,0.06684014592655081,0.0,-0.40069601386129294,-4.058121968893854,-3.6874129810717804,0.40069601386129294
116.0,0.0,0.0,0.38242156839725505,-0.8833323002845285,2.758502606126395,76.484313679451,1.0,0.0,2.293125361596591,0.52,0.0,False,0.003923574804431564,0.3824215683972551,0.19618022681447977,0.07577747210705234,7.577747210705233e-06,7.577747210705234e-06,0.07648663197706206,0.0,0.5662709731941812,-3.6418349064109234,-3.1764576618811198,0.5662709731941812
117.0,0.0,0.0,0.33551018196328114,-1.1153659711730373,2.9895723948700983,67.10203639265623,1.0,0.0,2.3747573051924986,0.74,0.0,False,0.0039748984303538655,0.33551018196328114,0.1987464275564679,0.07577747210704468,7.57774721070447e-06,7.577747210704469e-06,0.06710407030632011,0.0,-0.2320336708885088,-4.104938366043136,-3.490123276365536,0.2320336708885088
118.0,0.0,0.0,0.36745652331932743,-0.9297699973918405,3.1494415286478628,73.49130466386549,1.0,0.0,2.471896639915556,0.64,0.0,False,0.004025903120228386,0.3674565233193274,0.2012966813752263,0.07577747210703875,7.577747210703874e-06,7.5777472107038745e-06,0.07349353224110111,0.0,0.18559597378119674,-4.079211526039703,-3.4016666373073967,0.18559597378119674
119.0,0.0,0.0,0.35753382098877035,-0.550442399640847,3.125091469338147,71.50676419775407,1.0,0.0,2.559338486652465,0.61,0.0,False,0.004006397547369096,0.35753382098877023,0.2003213953418467,0.0757774721070341,7.577747210703411e-06,7.5777472107034094e-06,0.07150893162206158,0.0,0.37932759775099356,-3.675533868978994,-3.109780886293312,0.37932759775099356
120.0,0.0,0.0,0.3273336306116424,-1.25015320641333,3.2148567486208792,65.46672612232848,1.0,0.0,2.645703677541596,0.58,0.0,False,0.0039922578137656485,0.3273336306116424,0.19961440330430807,0.07577747210703047,7.577747210703047e-06,7.577747210703047e-06,0.06546871046849662,0.0,-0.6997108067724831,-4.465009955034209,-3.895856883954926,0.6997108067724831
121.0,0.0,0.0,0.4033782483488043,-0.720937263595474,3.2924813738347924,80.67564966976086,1.0,0.0,2.723017929050891,0.45,0.0,False,0.0038379098269394362,0.40337824834880437,0.19189694548249614,0.07577747210702765,7.577747210702763e-06,7.577747210702764e-06,0.08067809500994765,0.0,0.529215942817856,-4.0134186374302665,-3.443955192646365,0.529215942817856
122.0,0.0,0.0,0.3571852196419163,0.03712802053265374,3.24325637361284,71.43704392838326,1.0,0.0,2.783782111994524,0.53,0.0,False,0.0037886645842632656,0.3571852196419163,0.1894346646902876,0.07577747210702544,7.577747210702544e-06,7.577747210702543e-06,0.07143920923941649,0.0,0.7580652841281278,-3.206128353080186,-2.74665409146187,0.7580652841281278
123.0,0.0,0.0,0.287868259160871,-0.6987780814694381,3.1976350013720403,57.5736518321742,1.0,0.0,2.851050265788778,0.46,0.0,False,0.0038687020166738653,0.287868259160871,0.19343656663598904,0.0757774721070237,7.577747210702369e-06,7.577747210702371e-06,0.05757539693326854,0.0,-0.7359061020020918,-3.8964130828414785,-3.549828347258216,0.7359061020020918
124.0,0.0,0.0,0.36717438030119837,0.42131114347188237,3.1731640669051147,73.43487606023967,1.0,0.0,2.915919681786257,0.31,0.0,False,0.004087531357621486,0.36717438030119837,0.20437811659504151,0.07577747210702236,7.577747210702234e-06,7.577747210702236e-06,0.07343710192708149,0.0,1.1200892249413203,-2.7518529234332325,-2.494608538314375,1.1200892249413203
125.0,0.0,0.0,0.2602013319224301,0.7736258969836038,3.0709919766930924,52.040266384486024,1.0,0.0,2.9731048392743507,0.18,0.0,False,0.004066608585848396,0.2602013319224301,0.2033319700790132,0.07577747210702132,7.577747210702129e-06,7.577747210702131e-06,0.052041843764466744,0.0,0.3523147535117215,-2.2973660797094886,-2.199478942290747,0.3523147535117215
126.0,0.0,0.0,0.22836812194018344,0.36265152880742985,3.1114427528916275,45.673624388036686,1.0,0.0,3.0234230496920405,0.13,0.0,False,0.004064567403458324,0.22836812194018344,0.2032299101861314,0.07577747210702046,7.577747210702047e-06,7.577747210702049e-06,0.04567500879026523,0.0,-0.410974368176174,-2.7487912240841976,-2.6607715208846106,0.410974368176174
127.0,0.0,0.0,0.27225514949303664,0.8567287651444006,3.080590570549135,54.451029898607324,1.0,0.0,3.0573936421803887,-0.1,0.0,False,0.0042849768515712955,0.27225514949303664,0.2142504661021341,0.07577747210701986,7.577747210701988e-06,7.577747210701986e-06,0.054452680350660296,0.0,0.4940772363369707,-2.2238618054047343,-2.200664877035988,0.4940772363369707
128.0,0.0,0.0,0.22421141218722354,0.4668085159183723,3.0824796713529903,44.84228243744471,1.0,0.0,3.085306177772777,-0.02,0.0,False,0.004185443940902343,0.22421141218722354,0.20927378285692463,0.07577747210701936,7.577747210701936e-06,7.5777472107019365e-06,0.04484364164106761,0.0,-0.38992024922602825,-2.615671155434618,-2.6184976618544047,0.38992024922602825
129.0,0.0,0.0,0.26680169732696496,-1.061626798480281,2.985979701181194,53.36033946539299,1.0,0.0,3.0989278378867993,-0.17,0.0,False,0.004265423976135313,0.26680169732696496,0.21327281492199757,0.07577747210701898,7.577747210701896e-06,7.577747210701897e-06,0.05336195685779094,0.0,-1.5284353143986533,-4.047606499661475,-4.16055463636708,1.5284353143986533
130.0,0.0,0.0,0.4201681568449259,-0.5665166315009331,3.0768214004379932,84.03363136898518,1.0,0.0,3.134926576978906,0.01,0.0,False,0.004157738682752268,0.42016815684492587,0.20788850945224865,0.07577747210701867,7.577747210701865e-06,7.577747210701866e-06,0.0840361784921465,0.0,0.49511016697934784,-3.643338031938926,-3.701443208479839,0.49511016697934784
131.0,0.0,0.0,0.3727830109556915,0.3818289548424565,3.1417292176938076,74.5566021911383,1.0,0.0,3.140213966372902,-0.01,0.0,False,0.004025146316276976,0.3727830109556915,0.20125884089091237,0.07577747210701846,7.577747210701843e-06,7.577747210701844e-06,0.0745588620583507,0.0,0.9483455863433896,-2.7599002628513514,-2.7583850115304456,0.9483455863433896
132.0,0.0,0.0,0.28045887846579454,0.36934681586198187,3.076292205676435,56.09177569315891,1.0,0.0,3.161454720827051,-0.03,0.0,False,0.004054475938982747,0.28045887846579454,0.20272533313882415,0.07577747210701824,7.5777472107018255e-06,7.5777472107018255e-06,0.056093475877462495,0.0,-0.012482138980474622,-2.7069453898144533,-2.792107904965069,0.012482138980474622
133.0,0.0,0.0,0.28320907560999303,0.4300292395567931,2.9863972157775516,56.64181512199861,1.0,0.0,3.1865240018245995,-0.12,0.0,False,0.004115709681219713,0.28320907560999303,0.20578704345136353,0.07577747210701812,7.577747210701811e-06,7.57774721070181e-06,0.05664353197841485,0.0,0.06068242369481125,-2.5563679762207583,-2.756494762267806,0.06068242369481125
134.0,0.0,0.0,0.275688635189823,0.5444418069036027,2.956878993516804,55.1377270379646,1.0,0.0,3.201544876301047,0.22,0.0,False,0.003670539921214486,0.27568863518982295,0.18352838678190675,0.07577747210701802,7.577747210701799e-06,7.577747210701799e-06,0.05513939830432918,0.0,0.11441256734680955,-2.4124371866132015,-2.6571030693974445,0.11441256734680955
135.0,0.0,0.0,0.263406977348212,0.8540669825110552,3.1293300691670467,52.6813954696424,1.0,0.0,3.1870200463943363,0.07,0.0,False,0.0036246471768219797,0.263406977348212,0.18123373217410071,0.0757774721070179,7.577747210701789e-06,7.577747210701791e-06,0.052682992282732405,0.0,0.3096251756074525,-2.2752630866559915,-2.332953063883281,0.3096251756074525
136.0,0.0,0.0,0.2330768888059062,1.163138980791776,3.2584288532595482,46.61537776118124,1.0,0.0,3.178611381960114,0.01,0.0,False,0.0036453882449376286,0.2330768888059062,0.1822707934384117,0.07577747210701782,7.577747210701785e-06,7.577747210701784e-06,0.04661679070866946,0.0,0.30907199828072085,-2.095289872467772,-2.0154724011683376,0.30907199828072085
137.0,0.0,0.0,0.20414193702629047,1.380545235046681,3.1969913989229624,40.82838740525809,1.0,0.0,3.1849241804573167,0.04,0.0,False,0.0036873951623983396,0.2041419370262905,0.1843711552273373,0.07577747210701778,7.577747210701776e-06,7.577747210701779e-06,0.0408296249446754,0.0,0.2174062542549049,-1.8164461638762814,-1.8043789454106358,0.2174062542549049
138.0,0.0,0.0,0.18382311133675014,1.5620969824498225,3.2783056203723646,36.76462226735003,1.0,0.0,3.204635697854373,-0.05,0.0,False,0.0038723829795024303,0.18382311133675014,0.1936206161720876,0.07577747210701771,7.577747210701773e-06,7.577747210701773e-06,0.036765736630960985,0.0,0.18155174740314162,-1.716208637922542,-1.6425387154045505,0.18155174740314162
139.0,0.0,0.0,0.16967413465278247,1.6043794330734475,3.324597497967176,33.9348269305565,1.0,0.0,3.2188459966676404,0.07,0.0,False,0.0040595002809103425,0.16967413465278247,0.2029765521388636,0.07577747210701768,7.577747210701771e-06,7.577747210701769e-06,0.03393585552092254,0.0,0.04228245062362501,-1.7202180648937286,-1.6144665635941928,0.04228245062362501
140.0,0.0,0.0,0.16919221628895367,2.42686904256182,3.4281794230900977,33.838443257790736,1.0,0.0,3.2589026163626755,0.11,0.0,False,0.0042261745681746584,0.16919221628895367,0.2113103296528602,0.07577747210701767,7.577747210701768e-06,7.577747210701767e-06,0.03383946892669449,0.0,0.8224896094883722,-1.001310380528278,-0.8320335738008557,0.8224896094883722
141.0,0.0,0.0,0.08997072861257481,1.964681646999929,3.4917133825819135,17.99414572251496,1.0,0.0,3.2963657007552354,0.18,0.0,False,0.004417788986211094,0.08997072861257478,0.22089112315496306,0.07577747210701766,7.577747210701764e-06,7.5777472107017645e-06,0.017994691138732147,0.0,-0.4621873955618907,-1.5270317355819845,-1.3316840537553063,0.4621873955618907
142.0,0.0,0.0,0.14030255470813896,2.2074187810626853,3.508793240732316,28.060510941627793,1.0,0.0,3.3266104174594564,0.21,0.0,False,0.0044143293082666655,0.140302554708139,0.22071813794691333,0.07577747210701764,7.577747210701764e-06,7.577747210701764e-06,0.0280613614770167,0.0,0.2427371340627562,-1.3013744596696308,-1.119191636396771,0.2427371340627562
143.0,0.0,0.0,0.11814095531565927,1.9597716206770661,3.391542756548754,23.628191063131855,1.0,0.0,3.3677603529459468,0.04,0.0,False,0.004087676650591758,0.11814095531565927,0.20438538129860476,0.07577747210701764,7.577747210701764e-06,7.577747210701764e-06,0.02362890725154043,0.0,-0.24764716038561918,-1.431771135871688,-1.4079887322688807,0.24764716038561918
144.0,0.0,0.0,0.14683643667701007,1.5623000230994666,3.6898396296809217,29.367287335402015,1.0,0.0,3.3888730963340077,0.35,0.0,False,0.004166634850189064,0.14683643667701007,0.2083333211947339,0.07577747210701764,7.577747210701764e-06,7.577747210701764e-06,0.029368177480175464,0.0,-0.39747159757759953,-2.127539606581455,-1.826573073234541,0.39747159757759953
145.0,0.0,0.0,0.19018874996276658,1.528315902238261,3.7208855414253246,38.037749992553316,1.0,0.0,3.4281916219170885,0.23,0.0,False,0.004363375479423139,0.19018874996276658,0.2181704271989754,0.07577747210701764,7.577747210701764e-06,7.577747210701764e-06,0.03803890294563213,0.0,-0.0339841208612055,-2.1925696391870635,-1.8998757196788274,0.0339841208612055
146.0,0.0,0.0,0.19609096080412428,2.3291434518194243,3.6192748589999977,39.218192160824856,1.0,0.0,3.4642595828406075,0.17,0.0,False,0.004016665186593286,0.19609096080412428,0.20083478119333495,0.07577747210701764,7.577747210701764e-06,7.577747210701764e-06,0.03921938089400192,0.0,0.8008275495811632,-1.2901314071805734,-1.1351161310211833,0.8008275495811632
147.0,0.0,0.0,0.11735275667387572,3.0695772143491684,3.5935132256461393,23.470551334775145,1.0,0.0,3.489299806666066,0.13,0.0,False,0.004104145283246626,0.11735275667387574,0.20520881917110492,0.07577747210701764,7.577747210701764e-06,7.577747210701764e-06,0.02347126274500388,0.0,0.7404337625297441,-0.5239360112969709,-0.41972259231689746,0.7404337625297441
148.0,0.0,0.0,0.046241078632826664,2.6584990633935988,3.618354946309311,9.248215726565332,1.0,0.0,3.502715482034408,0.09,0.0,False,0.0040434989609590705,0.046241078632826664,0.20217648007860214,0.07577747210701764,7.577747210701764e-06,7.577747210701764e-06,0.00924849604700483,0.0,-0.41107815095556965,-0.9598558829157122,-0.8442164186408094,0.41107815095556965
149.0,0.0,0.0,0.091090209905963,3.1336634482583428,3.6418770927876625,18.218041981192602,1.0,0.0,3.5320055208376657,0.04,0.0,False,0.004095724895236492,0.09109020990596303,0.2047877965802196,0.07577747210701764,7.577747210701764e-06,7.577747210701764e-06,0.018218594183875364,0.0,0.475164384864744,-0.5082136445293197,-0.39834207257932297,0.475164384864744
150.0,0.0,0.0,0.04580422553506119,3.150344183624577,3.7325579393089,9.160845107012237,1.0,0.0,3.56943567538243,0.11,0.0,False,0.004066893253270085,0.04580422553506118,0.20334620355795455,0.07577747210701764,7.577747210701764e-06,7.577747210701764e-06,0.009161122779181928,0.0,0.016680735366234156,-0.582213755684323,-0.419091491757853,0.016680735366234156
151.0,0.0,0.0,0.04840890418565839,3.5557526568542253,3.7898589072580964,9.681780837131678,1.0,0.0,3.5917230582510684,0.14,0.0,False,0.004254218623276483,0.048408904185658394,0.21271254303348944,0.07577747210701764,7.577747210701764e-06,7.577747210701764e-06,0.00968207429925882,0.0,0.40540847322964835,-0.23410625040387112,-0.035970401396843155,0.40540847322964835
152.0,0.0,0.0,0.010699271233797592,3.010223772990825,3.6964796021762916,2.1398542467595183,1.0,0.0,3.6344515670030937,0.05,0.0,False,0.0039027726130190232,0.010705996836739052,0.19514010936216528,0.07577747210701764,7.577747210701764e-06,7.577747210701764e-06,0.0021399191073662176,0.0,-0.5455288838634003,-0.6862558291854666,-0.6242277940122687,0.5455288838634003
153.0,0.0,0.0,0.06675254658506187,4.172725061948098,3.771187125391748,13.350509317012374,1.0,0.0,3.6627494230108386,0.04,0.0,False,0.0039527074543877294,0.06675254658506187,0.19763687035028082,0.07577747210701764,7.577747210701764e-06,7.577747210701764e-06,0.013350913981084874,0.0,1.162501288957273,0.40153793655635006,0.5099756389372594,1.162501288957273
154.0,0.0,0.0,-0.04660241340754698,3.643256715964593,3.809354926067606,-9.320482681509395,1.0,0.0,3.6777745305376275,0.13,0.0,False,0.003981424342491879,0.04660241340754698,0.19907272563595424,0.07577747210701764,7.577747210701764e-06,7.577747210701764e-06,-0.009320765192415158,0.0,-0.529468345983505,-0.16609821010301307,-0.03451781457303449,0.529468345983505
155.0,0.0,0.0,0.005931759572565904,4.047487762613636,3.6690382538909954,1.186351914513181,1.0,0.0,3.7066832708072184,0.07,0.0,False,0.00392307358675801,0.006039796128778843,0.19615516574089695,0.07577747210701764,7.577747210701764e-06,7.577747210701764e-06,0.0011863878737403343,0.0,0.40423104664904264,0.37844950872264027,0.34080449180641725,0.40423104664904264
156.0,0.0,0.0,-0.032857421580083396,4.222587954508728,3.6886704218540647,-6.571484316016679,1.0,0.0,3.70257655915898,0.06,0.0,False,0.003964541412002254,0.032857421580083396,0.19822857271474398,0.07577747210701764,7.577747210701764e-06,7.577747210701764e-06,-0.0065716835026950705,0.0,0.1751001918950923,0.5339175326546632,0.5200113953497478,0.1751001918950923
157.0,0.0,0.0,-0.04917758048485459,4.083682750868615,3.7014111806012973,-9.835516096970919,1.0,0.0,3.7189010975510657,-0.05,0.0,False,0.004017534203825037,0.04917758048485459,0.20087823238418218,0.07577747210701764,7.577747210701764e-06,7.577747210701764e-06,-0.009835814218930495,0.0,-0.13890520364011305,0.3822715702673176,0.3647816533175492,0.13890520364011305
158.0,0.0,0.0,-0.033689068252034444,4.802469808207179,3.6848699545143413,-6.737813650406888,1.0,0.0,3.730793516896515,-0.09,0.0,False,0.003945182511614799,0.033689068252034444,0.1972606203605286,0.07577747210701764,7.577747210701764e-06,7.577747210701764e-06,-0.006738017878653675,0.0,0.718787057338564,1.1175998536928375,1.0716762913106637,0.718787057338564
159.0,0.0,0.0,-0.1048705586998497,4.835817794975761,3.5981166400293363,-20.97411173996994,1.0,0.0,3.746779303986122,-0.13,0.0,False,0.0038958674322616257,0.10487055869984971,0.19479484770800967,0.07577747210701764,7.577747210701764e-06,7.577747210701764e-06,-0.020974747481219372,0.0,0.033347986768582416,1.237701154946425,1.0890384909896391,0.033347986768582416
160.0,0.0,0.0,-0.1108849874424611,5.0516267282730345,3.6214902243177236,-22.17699748849222,1.0,0.0,3.753724487079499,0.01,0.0,False,0.004128523768482043,0.1108849874424611,0.20642775266957564,0.07577747210701764,7.577747210701764e-06,7.577747210701764e-06,-0.022177669690121863,0.0,0.21580893329727324,1.430136503955311,1.2979022411935355,0.21580893329727324
161.0,0.0,0.0,-0.13201354641600646,4.412859700953579,3.6196679125513747,-26.40270928320129,1.0,0.0,3.7269259076309367,0.04,0.0,False,0.003977760683458971,0.13201354641600646,0.1988895412961947,0.07577747210701764,7.577747210701764e-06,7.577747210701764e-06,-0.026403509569363402,0.0,-0.6387670273194557,0.7931917884022042,0.6859337933226421,0.6387670273194557
162.0,0.0,0.0,-0.06768649621848588,4.5046111922190075,3.7788914833542924,-13.537299243697177,1.0,0.0,3.731441245848815,-0.07,0.0,False,0.004064831090146356,0.06768649621848588,0.20324309462044057,0.07577747210701764,7.577747210701764e-06,7.577747210701764e-06,-0.013537709569514157,0.0,0.0917514912654287,0.7257197088647152,0.7731699463701927,0.0917514912654287
163.0,0.0,0.0,-0.07421094205484305,5.209325737246143,3.6053407562513757,-14.84218841096861,1.0,0.0,3.7359690932108247,-0.08,0.0,False,0.004012118073373701,0.07421094205484305,0.20060742380951196,0.07577747210701764,7.577747210701764e-06,7.577747210701764e-06,-0.014842638288966863,0.0,0.7047145450271355,1.6039849809947673,1.4733566440353183,0.7047145450271355
164.0,0.0,0.0,-0.14825421671238004,5.523505293075709,3.456274150778694,-29.650843342476005,1.0,0.0,3.76247365408262,0.16,0.0,False,0.00394457706150814,0.14825421671238004,0.19723034762579825,0.07577747210701764,7.577747210701764e-06,7.577747210701764e-06,-0.029651742082047287,0.0,0.3141795558295657,2.0672311422970147,1.7610316389930887,0.3141795558295657
165.0,0.0,0.0,-0.17658125385457765,4.632737774960356,3.574033011309281,-35.31625077091553,1.0,0.0,3.7267273984734857,-0.24,0.0,False,0.0038737196869554624,0.17658125385457765,0.19368745205120078,0.07577747210701764,7.577747210701764e-06,7.577747210701764e-06,-0.035317321233286895,0.0,-0.8907675181153527,1.058704763651075,0.9060103764868703,0.8907675181153527
166.0,0.0,0.0,-0.09230137378253359,4.8406751963075285,3.4322919633653863,-18.460274756506717,1.0,0.0,3.7576258501247413,0.31,0.0,False,0.003977798232299352,0.09230137378253357,0.1988914187524405,0.07577747210701764,7.577747210701764e-06,7.577747210701764e-06,-0.01846083430144879,0.0,0.20793742134717252,1.4083832329421422,1.0830493461827873,0.20793742134717252
167.0,0.0,0.0,-0.11447881153207203,5.828634441059567,3.45911456003566,-22.895762306414404,1.0,0.0,3.7096890653111347,0.13,0.0,False,0.00427868758621634,0.11447881153207203,0.2139360004514631,0.07577747210701764,7.577747210701764e-06,7.577747210701764e-06,-0.022896456294351334,0.0,0.9879592447520382,2.3695198810239066,2.118945375748432,0.9879592447520382
168.0,0.0,0.0,-0.2159897137695447,6.292497484135628,3.4549969743519027,-43.19794275390894,1.0,0.0,3.695843706412071,0.16,0.0,False,0.0042567023932609,0.2159897137695447,0.21283673247377935,0.07577747210701764,7.577747210701764e-06,7.577747210701764e-06,-0.04319925211634773,0.0,0.46386304307606085,2.837500509783725,2.5966537777235565,0.46386304307606085
169.0,0.0,0.0,-0.26202298522641226,7.170966119556434,3.414074204426806,-52.40459704528245,1.0,0.0,3.668655467591569,0.02,0.0,False,0.004191753808028679,0.26202298522641226,0.20958927860397034,0.07577747210701764,7.577747210701764e-06,7.577747210701764e-06,-0.05240618546840209,0.0,0.8784686354208064,3.756891915129628,3.5023106519648652,0.8784686354208064
170.0,0.0,0.0,-0.35473724147627483,7.19519009538014,3.4111891352070307,-70.94744829525497,1.0,0.0,3.6721683546742354,0.29,0.0,False,0.003983379539143839,0.3547372414762748,0.19917048620935152,0.07577747210701764,7.577747210701764e-06,7.577747210701764e-06,-0.07094959876627288,0.0,0.02422397582370639,3.7840009601731097,3.523021740705905,0.02422397582370639
171.0,0.0,0.0,-0.3585777033128867,6.940416235208951,3.3149508925002626,-71.71554066257734,1.0,0.0,3.6234592993365826,0.04,0.0,False,0.0039152100511613865,0.35857770331288674,0.19576198598167155,0.07577747210701764,7.577747210701764e-06,7.577747210701764e-06,-0.07171771441505802,0.0,-0.2547738601711895,3.6254653427086883,3.3169569358723683,0.2547738601711895
172.0,0.0,0.0,-0.33316840704109035,7.060783815017082,3.413147917255524,-66.63368140821807,1.0,0.0,3.6092772016917216,0.04,0.0,False,0.003954757687950457,0.33316840704109035,0.1977393828052247,0.07577747210701764,7.577747210701764e-06,7.577747210701764e-06,-0.06663570112568681,0.0,0.12036757980813118,3.647635897761558,3.4515066133253605,0.12036757980813118
173.0,0.0,0.0,-0.3448867795208415,6.35255477459451,3.420158758659875,-68.9773559041683,1.0,0.0,3.6086059314996937,0.01,0.0,False,0.00408666963643419,0.3448867795208415,0.20433503020918148,0.07577747210701764,7.577747210701764e-06,7.577747210701764e-06,-0.06897944666019024,0.0,-0.7082290404225722,2.9323960159346347,2.7439488430948162,0.7082290404225722
174.0,0.0,0.0,-0.27352763228528243,6.1875794312796115,3.4864011301970406,-54.705526457056486,1.0,0.0,3.6117853465670944,-0.04,0.0,False,0.00394724108535921,0.2735276322852825,0.19736354982771673,0.07577747210701764,7.577747210701764e-06,7.577747210701764e-06,-0.05470718462309335,0.0,-0.16497534331489838,2.701178301082571,2.575794084712517,0.16497534331489838
175.0,0.0,0.0,-0.25891181304789906,6.011084533613693,3.4090505218186573,-51.78236260957981,1.0,0.0,3.6171748155790584,0.13,0.0,False,0.004076692325839756,0.2589118130478991,0.20383616089918283,0.07577747210701764,7.577747210701764e-06,7.577747210701764e-06,-0.05178393217230133,0.0,-0.17649489766591842,2.602034011795036,2.3939097180346347,0.17649489766591842
176.0,0.0,0.0,-0.24423003847867686,5.977946558907635,3.2550898309682896,-48.84600769573537,1.0,0.0,3.598363202387166,0.19,0.0,False,0.0042678283534403165,0.24423003847867686,0.2133930346982358,0.07577747210701764,7.577747210701764e-06,7.577747210701764e-06,-0.0488474882553103,0.0,-0.03313797470605806,2.7228567279393454,2.379583356520469,0.03313797470605806
177.0,0.0,0.0,-0.24268398472632685,5.768637649965905,3.355466146099199,-48.53679694526537,1.0,0.0,3.5686916131522843,0.21,0.0,False,0.0039725964990840945,0.24268398472632685,0.19863133012080675,0.07577747210701764,7.577747210701764e-06,7.577747210701764e-06,-0.04853826813242772,0.0,-0.20930890894172993,2.4131715038667063,2.1999460368136208,0.20930890894172993
178.0,0.0,0.0,-0.22589270298881392,5.581723466976667,3.2391427445238836,-45.17854059776278,1.0,0.0,3.551014761749952,0.26,0.0,False,0.004117750449950453,0.2258927029888139,0.2058890826611219,0.07577747210701764,7.577747210701764e-06,7.577747210701764e-06,-0.0451799099936258,0.0,-0.1869141829892378,2.3425807224527837,2.0307087052267154,0.1869141829892378
179.0,0.0,0.0,-0.20666182210150474,5.414730558536723,3.314480724750593,-41.33236442030095,1.0,0.0,3.5096250321877687,-0.08,0.0,False,0.004018185981581927,0.20666182210150474,0.20091082151897705,0.07577747210701764,7.577747210701764e-06,7.577747210701764e-06,-0.04133361723564418,0.0,-0.1669929084399442,2.10024983378613,1.9051055263489545,0.1669929084399442
180.0,0.0,0.0,-0.19017594334199742,5.5135083794971695,3.396970357129937,-38.035188668399485,1.0,0.0,3.5150269444093225,0.12,0.0,False,0.0037524789370525593,0.19017594334199742,0.18762536861946788,0.07577747210701764,7.577747210701764e-06,7.577747210701764e-06,-0.03803634154384261,0.0,0.0987778209604464,2.1165380223672328,1.998481435087847,0.0987778209604464
181.0,0.0,0.0,-0.20024147885024643,5.276190908598394,3.3244395380668657,-40.048295770049286,1.0,0.0,3.512899069855541,-0.03,0.0,False,0.0037130243442034788,0.2002414788502464,0.18565262402816732,0.07577747210701764,7.577747210701764e-06,7.577747210701764e-06,-0.04004950966429693,0.0,-0.23731747089877597,1.951751370531528,1.7632918387428527,0.23731747089877597
182.0,0.0,0.0,-0.17734189439447,4.909900960225437,3.3123478478622514,-35.468378878894,1.0,0.0,3.511017722029316,0.01,0.0,False,0.0036895624659733705,0.17734189439447,0.18447952122725278,0.07577747210701764,7.577747210701764e-06,7.577747210701764e-06,-0.0354694539523838,0.0,-0.36628994837295625,1.5975531123631859,1.3988832381961211,0.36628994837295625
183.0,0.0,0.0,-0.14124400871854104,4.449240595830706,3.296651042497281,-28.24880174370821,1.0,0.0,3.5027047720514157,0.17,0.0,False,0.0036636620794100187,0.14124400871854104,0.18318449208575602,0.07577747210701764,7.577747210701764e-06,7.577747210701764e-06,-0.028249657986334265,0.0,-0.4606603643947311,1.1525895533334252,0.9465358237792905,0.4606603643947311
184.0,0.0,0.0,-0.09391717604252958,4.417492676303053,3.323881034908959,-18.783435208505917,1.0,0.0,3.4974073574703737,-0.02,0.0,False,0.003587606271210648,0.09391717604252957,0.17938167285920312,0.07577747210701764,7.577747210701764e-06,7.577747210701764e-06,-0.018784004548686617,0.0,-0.03174791952765332,1.093611641394094,0.9200853188326792,0.03174791952765332
185.0,0.0,0.0,-0.08986527312745735,5.004199725027356,3.3955222201977078,-17.973054625491468,1.0,0.0,3.510033251374472,-0.05,0.0,False,0.0037195878639154703,0.08986527312745735,0.1859808025006015,0.07577747210701764,7.577747210701764e-06,7.577747210701764e-06,-0.017973599402421492,0.0,0.5867070487243033,1.6086775048296484,1.4941664736528844,0.5867070487243033
186.0,0.0,0.0,-0.1485003915788388,4.2311179158760766,3.5235138048349803,-29.700078315767758,1.0,0.0,3.5188058962123416,0.03,0.0,False,0.003725537786970235,0.14850039157883876,0.18627830090769038,0.07577747210701764,7.577747210701764e-06,7.577747210701764e-06,-0.02970097854768846,0.0,-0.7730818091512797,0.7076041110410962,0.7123120196637349,0.7730818091512797
187.0,0.0,0.0,-0.0669457740812696,4.639914436673264,3.7169406062900845,-13.389154816253921,1.0,0.0,3.519139544317566,0.24,0.0,False,0.0037103148164083707,0.0669457740812696,0.18551714661180607,0.07577747210701764,7.577747210701764e-06,7.577747210701764e-06,-0.01338956065170084,0.0,0.4087965207971873,0.9229738303831794,1.1207748923556977,0.4087965207971873
188.0,0.0,0.0,-0.10589484585370273,3.8769062129965373,3.607253396711905,-21.178969170740547,1.0,0.0,3.5616348101557405,-0.06,0.0,False,0.003995784025543508,0.10589484585370273,0.19979071522923808,0.07577747210701764,7.577747210701764e-06,7.577747210701764e-06,-0.021179611121374228,0.0,-0.7630082236767266,0.2696528162846321,0.3152714028407968,0.7630082236767266
189.0,0.0,0.0,-0.026940323439491442,4.197020659481795,3.634097445297208,-5.3880646878982885,1.0,0.0,3.5809258559175974,0.03,0.0,False,0.0037599800585309713,0.026940323439491442,0.1880004275354686,0.07577747210701764,7.577747210701764e-06,7.577747210701764e-06,-0.005388228004229353,0.0,0.32011444648525744,0.5629232141845866,0.6160948035641973,0.32011444648525744
190.0,0.0,0.0,-0.0560583972410344,4.170109030387477,3.598793290749651,-11.21167944820688,1.0,0.0,3.6074927712535834,-0.03,0.0,False,0.003804915939365204,0.0560583972410344,0.1902472386028175,0.07577747210701764,7.577747210701764e-06,7.577747210701764e-06,-0.011212019282722353,0.0,-0.0269116290943181,0.5713157396378254,0.5626162591338932,0.0269116290943181
191.0,0.0,0.0,-0.050169557739013645,4.391667270386315,3.7483728325960297,-10.03391154780273,1.0,0.0,3.6364154472532846,0.13,0.0,False,0.0037400951575495144,0.05016955773901364,0.18700617495225813,0.07577747210701764,7.577747210701764e-06,7.577747210701764e-06,-0.010034215683279033,0.0,0.2215582399988385,0.6432944377902854,0.7552518231330305,0.2215582399988385
192.0,0.0,0.0,-0.07115095405923498,4.828316670990968,3.6368856258791866,-14.230190811846997,1.0,0.0,3.66839444438603,-0.12,0.0,False,0.003916539817186548,0.07115095405923498,0.19582847478676113,0.07577747210701764,7.577747210701764e-06,7.577747210701764e-06,-0.01423062213973342,0.0,0.4366494006046526,1.191431045111781,1.1599222266049378,0.4366494006046526
193.0,0.0,0.0,-0.11504601880898878,5.0684665409052405,3.7711223920968613,-23.009203761797757,1.0,0.0,3.680130771596783,0.01,0.0,False,0.0038929963524273995,0.11504601880898878,0.19465129262848252,0.07577747210701764,7.577747210701764e-06,7.577747210701764e-06,-0.02300990118823132,0.0,0.24014986991427278,1.2973441488083792,1.3883357693084575,0.24014986991427278
194.0,0.0,0.0,-0.13501724192697054,5.275746468792009,3.856625264564365,-27.00344838539411,1.0,0.0,3.677812893418674,0.21,0.0,False,0.003956272854111631,0.1350172419269705,0.19781514168736075,0.07577747210701764,7.577747210701764e-06,7.577747210701764e-06,-0.027004266880414463,0.0,0.20727992788676808,1.4191212042276438,1.5979335753733346,0.20727992788676808
195.0,0.0,0.0,-0.1538474916128819,4.260886159382252,3.6476303362955185,-30.769498322576375,1.0,0.0,3.7182429653091162,-0.09,0.0,False,0.004075060147953282,0.1538474916128819,0.2037545513864476,0.07577747210701764,7.577747210701764e-06,7.577747210701764e-06,-0.03077043096942934,0.0,-1.014860309409757,0.6132558230867331,0.5426431940731353,1.014860309409757
196.0,0.0,0.0,-0.051544344846712865,4.21167356933945,3.601448093797489,-10.308868969342573,1.0,0.0,3.737213261793169,-0.07,0.0,False,0.004017096366278285,0.051544344846712865,0.20085634034095345,0.07577747210701764,7.577747210701764e-06,7.577747210701764e-06,-0.010309181438987059,0.0,-0.049212590042801985,0.6102254755419607,0.47446030754628055,0.049212590042801985
197.0,0.0,0.0,-0.04504428669992269,3.751995993654803,3.763355476585018,-9.008857339984539,1.0,0.0,3.7454231814143544,0.1,0.0,False,0.003769482092747012,0.04504428669992269,0.18847553284647128,0.07577747210701764,7.577747210701764e-06,7.577747210701764e-06,-0.00900913040528963,0.0,-0.45967757568464673,-0.011359482930215048,0.006572812240448478,0.45967757568464673
198.0,0.0,0.0,0.005518049350823597,3.5850002483729906,3.8572058770031017,1.1036098701647195,1.0,0.0,3.761213635629328,0.11,0.0,False,0.003967939566337153,0.005795821170662218,0.19839848171900668,0.07577747210701764,7.577747210701764e-06,7.577747210701764e-06,0.0011036433214176946,0.0,-0.16699574528181227,-0.2722056286301111,-0.1762133872563374,0.16699574528181227
199.0,0.0,0.0,0.02599604751504174,2.8419609867160034,3.943187961410103,5.199209503008348,1.0,0.0,3.8071785778821923,0.12,0.0,False,0.0041148359179867,0.02599604751504174,0.205743354958655,0.07577747210701764,7.577747210701764e-06,7.577747210701764e-06,0.005199367094995387,0.0,-0.7430392616569872,-1.1012269746940997,-0.9652175911661889,0.7430392616569872
200.0,0.0,0.0,0.0995842453385289,2.359681907172213,3.8786918799887884,19.91684906770578,1.0,0.0,3.844970573097235,0.03,0.0,False,0.004331664051682933,0.09958424533852889,0.21658484379690587,0.07577747210701764,7.577747210701764e-06,7.577747210701764e-06,0.01991745276252099,0.0,-0.48227907954379035,-1.5190099728165753,-1.485288665925022,0.48227907954379035
201.0,0.0,0.0,0.14911393628960654,2.5924057845858433,3.803107642922852,29.822787257921306,1.0,0.0,3.8378411713131584,0.04,0.0,False,0.004064321438415185,0.14911393628960654,0.20321761184078133,0.07577747210701764,7.577747210701764e-06,7.577747210701764e-06,0.0298236912092432,0.0,0.2327238774136302,-1.2107018583370088,-1.2454353867273151,0.2327238774136302
202.0,0.0,0.0,0.1273532075929024,2.6860294779602674,3.866208905095116,25.47064151858048,1.0,0.0,3.8508777674540164,0.03,0.0,False,0.003997932513713085,0.1273532075929024,0.19989814045175194,0.07577747210701764,7.577747210701764e-06,7.577747210701764e-06,0.02547141355306106,0.0,0.09362369337442411,-1.1801794271348487,-1.164848289493749,0.09362369337442411
203.0,0.0,0.0,0.11829037240191041,1.6457832040407734,3.799673803941038,23.658074480382083,1.0,0.0,3.8659861130355466,-0.1,0.0,False,0.0039205643815605346,0.11829037240191041,0.19602970453031707,0.07577747210701764,7.577747210701764e-06,7.577747210701764e-06,0.02365879157457972,0.0,-1.040246273919494,-2.1538905999002647,-2.2202029089947732,1.040246273919494
204.0,0.0,0.0,0.22385889832422162,1.9541875125588286,3.8242571739963735,44.771779664844324,1.0,0.0,3.8689780207063467,0.04,0.0,False,0.0038831584613132322,0.22385889832422162,0.19415939434532153,0.07577747210701764,7.577747210701764e-06,7.577747210701764e-06,0.04477313673147467,0.0,0.3084043085180552,-1.870069661437545,-1.914790508147518,0.3084043085180552
205.0,0.0,0.0,0.19301144474601295,3.451523739328631,3.7922080849151842,38.60228894920259,1.0,0.0,3.884457004590106,-0.08,0.0,False,0.003953595364730367,0.1930114447460129,0.1976812662038306,0.07577747210701764,7.577747210701764e-06,7.577747210701764e-06,0.03860345901388574,0.0,1.4973362267698025,-0.34068434558655314,-0.4329332652614748,1.4973362267698025
206.0,0.0,0.0,0.04394389960539453,3.6915568111968624,3.8445765059964834,8.788779921078905,1.0,0.0,3.884375089615809,0.11,0.0,False,0.003817031584654437,0.04394389960539453,0.19085302545774407,0.07577747210701764,7.577747210701764e-06,7.577747210701764e-06,0.008789046315670356,0.0,0.2400330718682313,-0.15301969479962096,-0.1928182784189465,0.2400330718682313
207.0,0.0,0.0,0.01927102210834869,3.0407925673669682,3.8021545310405562,3.854204421669738,1.0,0.0,3.8909793851707093,0.17,0.0,False,0.0036183954129157666,0.01927102210834869,0.1809211416100757,0.07577747210701764,7.577747210701764e-06,7.577747210701764e-06,0.0038543212455316956,0.0,-0.6507642438298942,-0.761361963673588,-0.8501868178037411,0.6507642438298942
208.0,0.0,0.0,0.08647161642043893,3.2557245266036614,3.8796851615027776,17.29432328408779,1.0,0.0,3.8842743338270505,-0.06,0.0,False,0.0037302770531306233,0.08647161642043893,0.18651526601135787,0.07577747210701764,7.577747210701764e-06,7.577747210701764e-06,0.017294847488155594,0.0,0.21493195923669317,-0.6239606348991162,-0.628549807223389,0.21493195923669317
209.0,0.0,0.0,0.06775083915863904,3.2021055276100996,3.939474080800072,13.550167831727808,1.0,0.0,3.9055414945738636,-0.02,0.0,False,0.003780557296406674,0.06775083915863904,0.18902929722570908,0.07577747210701764,7.577747210701764e-06,7.577747210701764e-06,0.01355057854760146,0.0,-0.05361899899356182,-0.7373685531899725,-0.703435966963764,0.05361899899356182
210.0,0.0,0.0,0.07754910156523032,3.7702082092764417,3.879888701054864,15.509820313046063,1.0,0.0,3.933258588126674,0.0,0.0,False,0.0034533045035729532,0.07754910156523032,0.17266653359207618,0.07577747210701764,7.577747210701764e-06,7.577747210701764e-06,0.015510290427474102,0.0,0.5681026816663421,-0.10968049177842243,-0.1630503788502322,0.5681026816663421
211.0,0.0,0.0,0.02315064406661258,2.813176540061307,3.91477576252691,4.630128813322516,1.0,0.0,3.977625925636806,-0.11,0.0,False,0.0034234070898581837,0.023150644066612585,0.1711716515785855,0.07577747210701764,7.577747210701764e-06,7.577747210701764e-06,0.004630269156041832,0.0,-0.9570316692151346,-1.101599222465603,-1.164449385575499,0.9570316692151346
212.0,0.0,0.0,0.12038282911151832,3.6390805123758416,3.9494694106161448,24.076565822303664,1.0,0.0,4.001723421428992,-0.1,0.0,False,0.003653117555943152,0.12038282911151832,0.18265726191722612,0.07577747210701764,7.577747210701764e-06,7.577747210701764e-06,0.024077295601291574,0.0,0.8259039723145345,-0.31038889824030313,-0.36264290905315066,0.8259039723145345
213.0,0.0,0.0,0.03792120798590053,3.793004720642205,4.010477827709163,7.584241597180107,1.0,0.0,4.017050442708865,-0.01,0.0,False,0.0034599867841006394,0.03792120798590053,0.17300065015029206,0.07577747210701764,7.577747210701764e-06,7.577747210701764e-06,0.007584471481300529,0.0,0.15392420826636322,-0.21747310706695844,-0.2240457220666605,0.15392420826636322
214.0,0.0,0.0,0.021318530597711813,3.581295630860641,3.952886129870128,4.263706119542363,1.0,0.0,4.018306960101249,-0.02,0.0,False,0.0036979254943599613,0.021318530597711813,0.18489767581522806,0.07577747210701764,7.577747210701764e-06,7.577747210701764e-06,0.004263835355711658,0.0,-0.2117090897815639,-0.37159049900948693,-0.43701132924060815,0.2117090897815639
215.0,0.0,0.0,0.0451934755612166,4.5592877117631945,4.222268744248758,9.03869511224332,1.0,0.0,4.006198103941111,0.08,0.0,False,0.0039019193296523456,0.045193475561216605,0.19509744487053307,0.07577747210701764,7.577747210701764e-06,7.577747210701764e-06,0.00903896908195394,0.0,0.9779920809025535,0.33701896751443616,0.5530896078220833,0.9779920809025535
216.0,0.0,0.0,-0.04916524550773703,3.8764969943181686,4.2666190550465375,-9.833049101547406,1.0,0.0,4.033247509709476,0.21,0.0,False,0.0038344285041424573,0.04916524550773703,0.19172287802361795,0.07577747210701764,7.577747210701764e-06,7.577747210701764e-06,-0.009833347148730479,0.0,-0.6827907174450258,-0.39012206072836886,-0.15675051539130713,0.6827907174450258
217.0,0.0,0.0,0.022187710768810348,3.744381014011265,4.1887509855851945,4.437542153762069,1.0,0.0,4.067616628595724,0.17,0.0,False,0.003758052673525589,0.02218771076881035,0.18790405755493766,0.07577747210701764,7.577747210701764e-06,7.577747210701764e-06,0.004437676659033531,0.0,-0.1321159803069034,-0.4443699715739293,-0.3232356145844588,0.1321159803069034
218.0,0.0,0.0,0.039863595239045674,4.3984559469299125,4.414589142121019,7.972719047809135,1.0,0.0,4.098382508649442,0.26,0.0,False,0.00397035236287937,0.03986359523904568,0.1985191224602956,0.07577747210701764,7.577747210701764e-06,7.577747210701764e-06,0.007972960706976,0.0,0.6540749329186473,-0.016133195191106786,0.30007343828047084,0.6540749329186473
219.0,0.0,0.0,-0.019928526337891873,4.4169214598544375,4.345637577265367,-3.9857052675783744,1.0,0.0,4.143032070214103,0.31,0.0,False,0.004068773671023488,0.01992852633789187,0.20344022515809124,0.07577747210701764,7.577747210701764e-06,7.577747210701764e-06,-0.003985826077330801,0.0,0.01846551292452503,0.07128388258907048,0.2738893896403347,0.01846551292452503
220.0,0.0,0.0,-0.017924594064364904,3.44032734021708,4.393420169071877,-3.584918812872981,1.0,0.0,4.199163132884251,0.2,0.0,False,0.004124636760236791,0.017924594064364904,0.2062334007845748,0.07577747210701764,7.577747210701764e-06,7.577747210701764e-06,-0.003585027474483707,0.0,-0.9765941196373573,-0.9530928288547971,-0.7588357926671705,0.9765941196373573
221.0,0.0,0.0,0.08191003764142016,2.3731881784180535,4.440068143248434,16.38200752828403,1.0,0.0,4.2376687278086544,0.11,0.0,False,0.003994990933751154,0.08191003764142017,0.19975106033912793,0.07577747210701764,7.577747210701764e-06,7.577747210701764e-06,0.01638250407936869,0.0,-1.0671391617990267,-2.06687996483038,-1.864480549390601,1.0671391617990267
222.0,0.0,0.0,0.19276225264089752,2.741728499678665,4.433701826779692,38.552450528179506,1.0,0.0,4.259458751309245,0.13,0.0,False,0.004071668479943219,0.19276225264089752,0.20358496670088427,0.07577747210701764,7.577747210701764e-06,7.577747210701764e-06,0.03855361908222229,0.0,0.3685403212606113,-1.691973327101027,-1.5177302516305797,0.3685403212606113
223.0,0.0,0.0,0.15593830588804508,2.7682528508760864,4.2573594614719745,31.187661177609016,1.0,0.0,4.300883740008141,-0.01,0.0,False,0.004011449466965792,0.15593830588804508,0.20057399323579003,0.07577747210701764,7.577747210701764e-06,7.577747210701764e-06,0.031188606499295567,0.0,0.02652435119742158,-1.4891066105958881,-1.5326308891320544,0.02652435119742158
224.0,0.0,0.0,0.1529732644387522,2.2664496156956635,4.228408347162986,30.594652887750442,1.0,0.0,4.301170641612238,0.06,0.0,False,0.0039462029836743575,0.1529732644387522,0.19731164435015044,0.07577747210701764,7.577747210701764e-06,7.577747210701764e-06,0.03059558023490554,0.0,-0.5018032351804229,-1.9619587314673228,-2.0347210259165744,0.5018032351804229
225.0,0.0,0.0,0.20562064888672224,1.5106696825065824,4.32712882257918,41.12412977734445,1.0,0.0,4.298043454900002,0.14,0.0,False,0.0038457968812937726,0.20562064888672224,0.19229130118851812,0.07577747210701764,7.577747210701764e-06,7.577747210701764e-06,0.04112537628093757,0.0,-0.7557799331890811,-2.8164591400725976,-2.7873737723934195,0.7557799331890811
226.0,0.0,0.0,0.2847278590661079,1.1521266889103128,4.4291800236916945,56.945571813221584,1.0,0.0,4.322734011627812,0.14,0.0,False,0.0038062582493750842,0.28472785906610787,0.1903143546118959,0.07577747210701764,7.577747210701764e-06,7.577747210701764e-06,0.05694729787673374,0.0,-0.3585429935962696,-3.2770533347813817,-3.1706073227174993,0.3585429935962696
227.0,0.0,0.0,0.3246357909369247,1.3926806193047898,4.443181864104892,64.92715818738493,1.0,0.0,4.358056152954651,0.07,0.0,False,0.003799149241657193,0.3246357909369247,0.1899589015324881,0.07577747210701764,7.577747210701764e-06,7.577747210701764e-06,0.06492912617883935,0.0,0.24055393039447703,-3.0505012448001017,-2.965375533649861,0.24055393039447703
228.0,0.0,0.0,0.3024159090994758,1.802782108651939,4.332665861268115,60.483181819895165,1.0,0.0,4.39860759867752,-0.1,0.0,False,0.003714073584581898,0.3024159090994758,0.18570508644463218,0.07577747210701764,7.577747210701764e-06,7.577747210701764e-06,0.06048501511105221,0.0,0.4101014893471493,-2.529883752616176,-2.595825490025581,0.4101014893471493
229.0,0.0,0.0,0.26143575969940086,1.7258410977563143,4.344129073696137,52.287151939880175,1.0,0.0,4.416954291865128,0.01,0.0,False,0.003568575736890971,0.26143575969940086,0.17843013893279036,0.07577747210701764,7.577747210701764e-06,7.577747210701764e-06,0.0522887368031495,0.0,-0.07694101089562477,-2.6182879759398228,-2.691113194108814,0.07694101089562477
230.0,0.0,0.0,0.272482648430184,0.9343145742007389,4.419222150866942,54.496529686036794,1.0,0.0,4.417238760350887,-0.12,0.0,False,0.003684088993231434,0.272482648430184,0.18420584551632627,0.07577747210701764,7.577747210701764e-06,7.577747210701764e-06,0.05449818151722287,0.0,-0.7915265235555754,-3.4849075766662025,-3.4829241861501483,0.7915265235555754
231.0,0.0,0.0,0.3540838384863534,2.148437198182126,4.528230433645189,70.81676769727068,1.0,0.0,4.4507708222896065,0.12,0.0,False,0.003679872987477985,0.3540838384863534,0.1839950436312626,0.07577747210701764,7.577747210701764e-06,7.577747210701764e-06,0.07081891420726046,0.0,1.2141226239813872,-2.3797932354630627,-2.3023336241074803,1.2141226239813872
232.0,0.0,0.0,0.23550590578710512,2.494779075794697,4.568362153144443,47.101181157421024,1.0,0.0,4.475287116955241,0.0,0.0,False,0.0037102127217475012,0.2355059057871051,0.18551204184008027,0.07577747210701764,7.577747210701764e-06,7.577747210701764e-06,0.04710260882997898,0.0,0.34634187761257085,-2.0735830773497463,-1.9805080411605438,0.34634187761257085
233.0,0.0,0.0,0.2045776916169503,2.603160782867218,4.532888321134121,40.91553832339006,1.0,0.0,4.503585486264209,-0.01,0.0,False,0.0038031570053495807,0.20457769161695033,0.19015929123559847,0.07577747210701764,7.577747210701764e-06,7.577747210701764e-06,0.04091677850441786,0.0,0.10838170707252104,-1.9297275382669028,-1.9004247033969905,0.10838170707252104
234.0,0.0,0.0,0.1925219035031639,2.733700229462887,4.442908682148076,38.50438070063278,1.0,0.0,4.540633503865799,-0.01,0.0,False,0.0038987432513183755,0.1925219035031639,0.1949386397504587,0.07577747210701764,7.577747210701764e-06,7.577747210701764e-06,0.03850554779764259,0.0,0.13053944659566907,-1.7092084526851887,-1.8069332744029114,0.13053944659566907
235.0,0.0,0.0,0.1782182793290736,1.7395559641849427,4.4645185110229955,35.64365586581472,1.0,0.0,4.528452762014719,-0.05,0.0,False,0.0039556127361084084,0.1782182793290736,0.19778213553708923,0.07577747210701764,7.577747210701764e-06,7.577747210701764e-06,0.03564473625208306,0.0,-0.9941442652779444,-2.7249625468380527,-2.788896797829776,0.9941442652779444
236.0,0.0,0.0,0.27835471203553563,1.9335675180910032,4.314080447874638,55.67094240710713,1.0,0.0,4.515950547407075,-0.11,0.0,False,0.0038720356234529605,0.2783547120355356,0.1936032482380052,0.07577747210701764,7.577747210701764e-06,7.577747210701764e-06,0.05567262983563434,0.0,0.1940115539060605,-2.3805129297836354,-2.5823830293160723,0.1940115539060605
237.0,0.0,0.0,0.2554989915331286,2.271941134576482,4.383755671084926,51.09979830662572,1.0,0.0,4.5232085496224315,0.13,0.0,False,0.003868803016689166,0.2554989915331286,0.19344161667502172,0.07577747210701764,7.577747210701764e-06,7.577747210701764e-06,0.05110134718030504,0.0,0.3383736164854787,-2.111814536508444,-2.2512674150459495,0.3383736164854787
238.0,0.0,0.0,0.22305599542174512,2.2861483524609527,4.495711964277631,44.611199084349025,1.0,0.0,4.488654238760808,0.0,0.0,False,0.003780754170905194,0.22305599542174512,0.18903914102522834,0.07577747210701764,7.577747210701764e-06,7.577747210701764e-06,0.04461255128366007,0.0,0.014207217884470769,-2.2095636118166784,-2.202505886299855,0.014207217884470769
239.0,0.0,0.0,0.2237826450770389,2.0348440752901373,4.4958046652959425,44.75652901540778,1.0,0.0,4.502585601891288,0.05,0.0,False,0.004012281727390128,0.2237826450770389,0.20061560657233982,0.07577747210701764,7.577747210701764e-06,7.577747210701764e-06,0.044757885619779364,0.0,-0.2513042771708154,-2.460960590005805,-2.4677415266011504,0.2513042771708154
240.0,0.0,0.0,0.24810724155932826,2.4233959561382563,4.581117968568525,49.62144831186565,1.0,0.0,4.524059591647067,0.06,0.0,False,0.003989406737397246,0.24810724155932826,0.19947184840565102,0.07577747210701764,7.577747210701764e-06,7.577747210701764e-06,0.04962295237563433,0.0,0.388551880848119,-2.1577220124302685,-2.1006636355088104,0.388551880848119
241.0,0.0,0.0,0.21185628328756187,2.5545456504170945,4.62311663946856,42.371256657512376,1.0,0.0,4.516010495581301,0.18,0.0,False,0.00389701538631373,0.21185628328756193,0.1948522458455602,0.07577747210701764,7.577747210701764e-06,7.577747210701764e-06,0.042372540962468,0.0,0.13114969427883816,-2.068570989051466,-1.9614648451642065,0.13114969427883816
242.0,0.0,0.0,0.20059647038331174,2.843558170396743,4.635002846862374,40.11929407666235,1.0,0.0,4.542039058681861,0.09,0.0,False,0.0038298389841102164,0.20059647038331174,0.1914934002830948,0.07577747210701764,7.577747210701764e-06,7.577747210701764e-06,0.04012051012292256,0.0,0.2890125199796487,-1.7914446764656309,-1.698480888285118,0.2890125199796487
243.0,0.0,0.0,0.17505934547975996,2.4030771295546343,4.706095081769453,35.011869095951994,1.0,0.0,4.560586357717407,0.11,0.0,False,0.0037307651212722752,0.17505934547975996,0.18653966960336332,0.07577747210701764,7.577747210701764e-06,7.577747210701764e-06,0.03501293033228372,0.0,-0.44048104084210893,-2.3030179522148186,-2.1575092281627724,0.44048104084210893
244.0,0.0,0.0,0.22215776542829577,2.3982527616984872,4.660644552010759,44.431553085659154,1.0,0.0,4.594217952967687,0.07,0.0,False,0.0035131198724931293,0.2221577654282958,0.17565732470137216,0.07577747210701764,7.577747210701764e-06,7.577747210701764e-06,0.0444328998397636,0.0,-0.004824367856147038,-2.262391790312272,-2.1959651912692,0.004824367856147038
245.0,0.0,0.0,0.22560782966521148,2.549296793909785,4.752863132206618,45.1215659330423,1.0,0.0,4.624738956606955,0.16,0.0,False,0.0035349071089982188,0.22560782966521148,0.17674669478153526,0.07577747210701764,7.577747210701764e-06,7.577747210701764e-06,0.04512293360195998,0.0,0.1510440322112978,-2.2035663382968327,-2.07544216269717,0.1510440322112978
246.0,0.0,0.0,0.21687720909288413,2.7418493933833914,5.015904563064611,43.375441818576824,1.0,0.0,4.654416538305698,0.47,0.0,False,0.0034338658184799933,0.21687720909288416,0.17169459197235606,0.07577747210701764,7.577747210701764e-06,7.577747210701764e-06,0.04337675656114701,0.0,0.19255259947360637,-2.2740551696812195,-1.9125671449223067,0.19255259947360637
247.0,0.0,0.0,0.20266512810364726,2.533181038856806,5.0307043321966765,40.533025620729454,1.0,0.0,4.718151056871937,0.4,0.0,False,0.003541431631852581,0.20266512810364723,0.17707292339631256,0.07577747210701764,7.577747210701764e-06,7.577747210701764e-06,0.04053425420750685,0.0,-0.20866835452658528,-2.4975232933398703,-2.184970018015131,0.20866835452658528
248.0,0.0,0.0,0.22685099462303213,2.99164806742128,4.933445141770733,45.37019892460643,1.0,0.0,4.768577461675322,0.2,0.0,False,0.003398806994471982,0.22685099462303213,0.16994163748861016,0.07577747210701764,7.577747210701764e-06,7.577747210701764e-06,0.045371574129778824,0.0,0.4584670285644741,-1.9417970743494526,-1.7769293942540414,0.4584670285644741
249.0,0.0,0.0,0.18335806382096986,3.3212095561651855,4.997112068446257,36.67161276419397,1.0,0.0,4.801776936061713,0.11,0.0,False,0.003780280898156575,0.18335806382096984,0.18901547720848025,0.07577747210701764,7.577747210701764e-06,7.577747210701764e-06,0.036672724308616275,0.0,0.32956148874390534,-1.6759025122810716,-1.4805673798965273,0.32956148874390534
250.0,0.0,0.0,0.152745838923344,3.1098798671211934,4.925516352815255,30.5491677846688,1.0,0.0,4.825298177683811,0.0,0.0,False,0.00391800450673218,0.152745838923344,0.1959017098189951,0.07577747210701764,7.577747210701764e-06,7.577747210701764e-06,0.030550093753135898,0.0,-0.21132968904399219,-1.8156364856940619,-1.7154183105626175,0.21132968904399219
251.0,0.0,0.0,0.17537043195856455,2.517015762792078,4.940266608457785,35.07408639171291,1.0,0.0,4.848725818866367,0.04,0.0,False,0.0039402882411883585,0.17537043195856455,0.19701590498482935,0.07577747210701764,7.577747210701764e-06,7.577747210701764e-06,0.0350751495138981,0.0,-0.5928641043291152,-2.4232508456657067,-2.3317100560742885,0.5928641043291152
252.0,0.0,0.0,0.23948385355990628,1.9938162021031975,5.002732960129719,47.896770711981254,1.0,0.0,4.863650632346919,0.31,0.0,False,0.0038765624250439606,0.23948385355990628,0.19382959003270314,0.07577747210701764,7.577747210701764e-06,7.577747210701764e-06,0.04789822249946259,0.0,-0.5231995606888806,-3.0089167580265213,-2.869834430243721,0.5231995606888806
253.0,0.0,0.0,0.29528701580747985,2.639916076584325,5.020140327217196,59.05740316149597,1.0,0.0,4.911945035796305,-0.03,0.0,False,0.0038855146562052456,0.29528701580747985,0.19427720498265474,0.07577747210701764,7.577747210701764e-06,7.577747210701764e-06,0.0590591932362195,0.0,0.6460998744811275,-2.380224250632871,-2.27202895921198,0.6460998744811275
254.0,0.0,0.0,0.22950588521981893,3.251589987677574,4.76625024683219,45.901177043963784,1.0,0.0,4.946798240696013,0.13,0.0,False,0.0037272282311001676,0.22950588521981893,0.18636282375467497,0.07577747210701764,7.577747210701764e-06,7.577747210701764e-06,0.04590256834348608,0.0,0.611673911093249,-1.5146602591546157,-1.6952082530184387,0.611673911093249
255.0,0.0,0.0,0.16591574853855348,3.764200164903303,4.657067769543353,33.1831497077107,1.0,0.0,4.93506188566159,0.08,0.0,False,0.003767270640923783,0.16591574853855348,0.18836495941741865,0.07577747210701764,7.577747210701764e-06,7.577747210701764e-06,0.03318415551416948,0.0,0.5126101772257288,-0.8928676046400503,-1.1708617207582876,0.5126101772257288
256.0,0.0,0.0,0.11387742070153711,4.00335496620249,4.615867469758397,22.775484140307423,1.0,0.0,4.910810336443142,0.03,0.0,False,0.0036528043458696484,0.11387742070153711,0.18264160129487955,0.07577747210701764,7.577747210701764e-06,7.577747210701764e-06,0.022776174482521828,0.0,0.23915480129918754,-0.6125125035559069,-0.907455370240652,0.23915480129918754
257.0,0.0,0.0,0.088367427786398,3.748078299948132,4.466084051435389,17.6734855572796,1.0,0.0,4.903017518634027,0.08,0.0,False,0.0038140143049828885,0.08836742778639803,0.19070216033095747,0.07577747210701764,7.577747210701764e-06,7.577747210701764e-06,0.01767402125404375,0.0,-0.2552766662543582,-0.7180057514872566,-1.1549392186858944,0.2552766662543582
258.0,0.0,0.0,0.11007354058799045,3.842466902299602,4.50871143848243,22.01470811759809,1.0,0.0,4.887062725367941,0.27,0.0,False,0.003545742492342219,0.11007354058799045,0.17728846805412496,0.07577747210701764,7.577747210701764e-06,7.577747210701764e-06,0.022015375400113703,0.0,0.09438860235146995,-0.6662445361828278,-1.044595823068339,0.09438860235146995
259.0,0.0,0.0,0.09893054817137083,3.785297845493651,4.6249979408206885,19.786109634274165,1.0,0.0,4.848855411301294,0.09,0.0,False,0.0034914277789766155,0.09893054817137084,0.17457271180668643,0.07577747210701764,7.577747210701764e-06,7.577747210701764e-06,0.019786709366277896,0.0,-0.05716905680595108,-0.8397000953270375,-1.0635575658076428,0.05716905680595108
260.0,0.0,0.0,0.10231789927864796,4.295425841371005,4.6297242817861415,20.46357985572959,1.0,0.0,4.831809867547582,0.06,0.0,False,0.0035717617070753307,0.10231789927864796,0.17858943864913215,0.07577747210701764,7.577747210701764e-06,7.577747210701764e-06,0.020464200122370036,0.0,0.5101279958773537,-0.3342984404151368,-0.5363840261765773,0.5101279958773537
261.0,0.0,0.0,0.05037430042751751,5.158191280975058,4.6378498798139915,10.074860085503502,1.0,0.0,4.808515605238923,0.07,0.0,False,0.0035756154336976558,0.05037430042751751,0.17878212644037678,0.07577747210701764,7.577747210701764e-06,7.577747210701764e-06,0.01007516546216107,0.0,0.8627654396040532,0.5203414011610663,0.349675675736135,0.8627654396040532
262.0,0.0,0.0,-0.03600538755808642,5.638363043991328,4.523364494663396,-7.201077511617283,1.0,0.0,4.799187931831907,-0.05,0.0,False,0.003742792420700756,0.03600538755808642,0.1871410391317791,0.07577747210701764,7.577747210701764e-06,7.577747210701764e-06,-0.007201295781743392,0.0,0.48017176301627007,1.1149985493279315,0.8391751121594213,0.48017176301627007
263.0,0.0,0.0,-0.08341704146694806,5.783414234776588,4.617882028212528,-16.68340829338961,1.0,0.0,4.798123763407937,0.04,0.0,False,0.003600207232967443,0.08341704146694806,0.18001172572138802,0.07577747210701764,7.577747210701764e-06,7.577747210701764e-06,-0.01668391398016027,0.0,0.14505119078526008,1.1655322065640599,0.9852904713686508,0.14505119078526008
264.0,0.0,0.0,-0.09940086392839496,5.264060253212789,4.659266749114166,-19.880172785678994,1.0,0.0,4.804161023659184,-0.03,0.0,False,0.0036657078362397205,0.09940086392839496,0.18328678070235258,0.07577747210701764,7.577747210701764e-06,7.577747210701764e-06,-0.01988077536880825,0.0,-0.5193539815637989,0.6047935040986232,0.4598992295536055,0.5193539815637989
265.0,0.0,0.0,-0.04886431532531785,5.421087039407994,4.5488127641855485,-9.77286306506357,1.0,0.0,4.789367933761671,0.11,0.0,False,0.003756508276974777,0.04886431532531785,0.18782683714224474,0.07577747210701764,7.577747210701764e-06,7.577747210701764e-06,-0.009773159287962185,0.0,0.15702678619520505,0.8722742752224457,0.6317191056463232,0.15702678619520505
266.0,0.0,0.0,-0.06890364301228773,6.740968215543656,4.519419947299352,-13.780728602457545,1.0,0.0,4.775398585888153,0.18,0.0,False,0.0038790609357215048,0.06890364301228774,0.1939545165132345,0.07577747210701764,7.577747210701764e-06,7.577747210701764e-06,-0.01378114630680319,0.0,1.3198811761356621,2.2215482682443044,1.9655696296555032,1.3198811761356621
267.0,0.0,0.0,-0.20286023430431754,6.355396791765399,4.430618914734573,-40.57204686086351,1.0,0.0,4.732024502565686,0.12,0.0,False,0.0040906096899934324,0.20286023430431754,0.20453203437998005,0.07577747210701764,7.577747210701764e-06,7.577747210701764e-06,-0.04057327663040431,0.0,-0.3855714237782575,1.9247778770308255,1.6233722891997129,0.3855714237782575
268.0,0.0,0.0,-0.16768461172206364,5.306938296294286,4.454492639016064,-33.53692234441273,1.0,0.0,4.71228901132175,0.24,0.0,False,0.0039600914478856025,0.16768461172206364,0.19800607282287624,0.07577747210701764,7.577747210701764e-06,7.577747210701764e-06,-0.0335379388739887,0.0,-1.0484584954711131,0.8524456572782215,0.5946492849725358,1.0484584954711131
269.0,0.0,0.0,-0.06229979868787315,5.890307416961675,4.542136191541663,-12.45995973757463,1.0,0.0,4.678487140964826,-0.03,0.0,False,0.0037397473032541304,0.06229979868787315,0.1869887821056913,0.07577747210701764,7.577747210701764e-06,7.577747210701764e-06,-0.012460337408413312,0.0,0.5833691206673892,1.3481712254200122,1.2118202759968488,0.5833691206673892
270.0,0.0,0.0,-0.11996411242620049,6.382524969296362,4.540683958959255,-23.992822485240097,1.0,0.0,4.683916704809268,-0.07,0.0,False,0.0038071773413045967,0.11996411242620049,0.19036030955660377,0.07577747210701764,7.577747210701764e-06,7.577747210701764e-06,-0.02399354972590389,0.0,0.49221755233468745,1.8418410103371077,1.6986082644870946,0.49221755233468745
271.0,0.0,0.0,-0.16698069196533902,6.562987605570927,4.669497998717886,-33.3961383930678,1.0,0.0,4.690620839813755,-0.07,0.0,False,0.003891462979839895,0.16698069196533896,0.19457462341813178,0.07577747210701764,7.577747210701764e-06,7.577747210701764e-06,-0.033397150655375324,0.0,0.18046263627456494,1.8934896068530414,1.8723667657571719,0.18046263627456494
272.0,0.0,0.0,-0.1835338179010372,6.102620101478958,4.827919857418079,-36.70676358020744,1.0,0.0,4.712654782769335,0.08,0.0,False,0.0037878796301986763,0.18353381790103726,0.18939541668964888,0.07577747210701764,7.577747210701764e-06,7.577747210701764e-06,-0.03670787619007767,0.0,-0.4603675040919697,1.2747002440608783,1.3899653187096224,0.4603675040919697
273.0,0.0,0.0,-0.13436068816550106,6.882734848710976,4.917567490230592,-26.872137633100213,1.0,0.0,4.727579887916724,0.11,0.0,False,0.003944171872969393,0.13436068816550106,0.1972100880453401,0.07577747210701764,7.577747210701764e-06,7.577747210701764e-06,-0.02687295214799198,0.0,0.7801147472320187,1.9651673584803842,2.1551549607942526,0.7801147472320187
274.0,0.0,0.0,-0.2108623430440148,6.956426501015374,4.80764654135353,-42.17246860880296,1.0,0.0,4.75896231225745,0.04,0.0,False,0.003871631930772516,0.21086234304401483,0.193583063451029,0.07577747210701764,7.577747210701764e-06,7.577747210701764e-06,-0.04217374688834192,0.0,0.07369165230439734,2.1487799596618435,2.197464188757924,0.07369165230439734
275.0,0.0,0.0,-0.21379450241453654,7.672774169530731,5.055518119420008,-42.75890048290731,1.0,0.0,4.774031525194237,0.34,0.0,False,0.003987492043162631,0.21379450241453654,0.19937611296846697,0.07577747210701764,7.577747210701764e-06,7.577747210701764e-06,-0.04276019653764156,0.0,0.7163476685153576,2.617256050110723,2.898742644336494,0.7163476685153576
276.0,0.0,0.0,-0.27871004506515945,8.20178715551963,5.2829569369093115,-55.74200901303189,1.0,0.0,4.818400472835294,0.52,0.0,False,0.003926481573857226,0.27871004506515945,0.1963255663871009,0.07577747210701764,7.577747210701764e-06,7.577747210701764e-06,-0.05574369859564188,0.0,0.5290129859888992,2.918830218610319,3.3833866826843364,0.5290129859888992
277.0,0.0,0.0,-0.32553691952858055,7.587034124999649,5.34014855907099,-65.1073839057161,1.0,0.0,4.88556811916581,0.56,0.0,False,0.003930766344950697,0.32553691952858044,0.19653980656522016,0.07577747210701764,7.577747210701764e-06,7.577747210701764e-06,-0.06510935735994886,0.0,-0.6147530305199815,2.2468855659286593,2.701466005833839,0.6147530305199815
278.0,0.0,0.0,-0.25651912564859153,7.067722193419292,5.352050773294479,-51.303825129718305,1.0,0.0,4.946294618409632,0.54,0.0,False,0.0038837059527380632,0.25651912564859153,0.19418676912400065,0.07577747210701764,7.577747210701764e-06,7.577747210701764e-06,-0.051305380187605526,0.0,-0.5193119315803569,1.7156714201248127,2.12142757500966,0.5193119315803569
279.0,0.0,0.0,-0.19963081398188023,6.779282023186021,5.485564454774076,-39.92616279637605,1.0,0.0,5.021745676659292,0.32,0.0,False,0.0039797673151259465,0.1996308139818802,0.19898987363983092,0.07577747210701764,7.577747210701764e-06,7.577747210701764e-06,-0.039927372988680536,0.0,-0.2884401702332706,1.293717568411945,1.757536346526729,0.2884401702332706
280.0,0.0,0.0,-0.16260084360900856,7.191217045913906,5.484988753531742,-32.52016872180171,1.0,0.0,5.071338416008301,0.59,0.0,False,0.004008576269327003,0.16260084360900856,0.20043033226523235,0.07577747210701764,7.577747210701764e-06,7.577747210701764e-06,-0.032521154432803505,0.0,0.41193502272788507,1.7062282923821641,2.119878629905606,0.41193502272788507
281.0,0.0,0.0,-0.19845638855142766,7.442548176934684,5.488929536834599,-39.69127771028553,1.0,0.0,5.153211979691481,0.49,0.0,False,0.003996106383164485,0.19845638855142766,0.19980683323242412,0.07577747210701764,7.577747210701764e-06,7.577747210701764e-06,-0.03969248078304475,0.0,0.25133113102077775,1.9536186401000855,2.2893361972432036,0.25133113102077775
282.0,0.0,0.0,-0.21622100003726757,7.4767838092969585,5.567253355273755,-43.244200007453514,1.0,0.0,5.206577967782392,0.52,0.0,False,0.003922544639195335,0.21622100003726757,0.1961287181623517,0.07577747210701764,7.577747210701764e-06,7.577747210701764e-06,-0.043245510771984776,0.0,0.03423563236227434,1.9095304540232032,2.2702058415145663,0.03423563236227434
283.0,0.0,0.0,-0.21640645856132884,8.364648576369035,5.5020149291373395,-43.28129171226577,1.0,0.0,5.280256253158014,0.12,0.0,False,0.00384857329783627,0.21640645856132884,0.19243012306759216,0.07577747210701764,7.577747210701764e-06,7.577747210701764e-06,-0.04328260360107476,0.0,0.8878647670720765,2.8626336472316956,3.084392323211021,0.8878647670720765
284.0,0.0,0.0,-0.29984214682996146,8.49538779329013,5.610860411033661,-59.96842936599229,1.0,0.0,5.312637230011785,0.38,0.0,False,0.003927365965416996,0.29984214682996146,0.19636978630017426,0.07577747210701764,7.577747210701764e-06,7.577747210701764e-06,-0.05997024705461168,0.0,0.13073921692109458,2.8845273822564685,3.1827505632783444,0.13073921692109458
285.0,0.0,0.0,-0.3075196895019974,9.00599023605134,5.716650516811944,-61.50393790039947,1.0,0.0,5.366113501669833,0.38,0.0,False,0.003978460615172907,0.3075196895019974,0.19892453814708685,0.07577747210701764,7.577747210701764e-06,7.577747210701764e-06,-0.06150580213144823,0.0,0.5106024427612113,3.289339719239397,3.6398767343815077,0.5106024427612113
286.0,0.0,0.0,-0.35112166462310335,9.564425033890716,5.715113234124861,-70.22433292462067,1.0,0.0,5.420074382946691,0.48,0.0,False,0.003928970423615376,0.35112166462310335,0.19645000981800223,0.07577747210701764,7.577747210701764e-06,7.577747210701764e-06,-0.07022646147746274,0.0,0.5584347978393751,3.8493117997658546,4.144350650944025,0.5584347978393751
287.0,0.0,0.0,-0.3999499118602503,10.041776893603856,5.883152779254992,-79.98998237205006,1.0,0.0,5.4946405542595755,0.38,0.0,False,0.004021582318152618,0.3999499118602503,0.2010806396343406,0.07577747210701764,7.577747210701764e-06,7.577747210701764e-06,-0.07999240692914053,0.0,0.4773518597131403,4.158624114348864,4.547136339344281,0.4773518597131403
288.0,0.0,0.0,-0.4395735347071294,9.76029142537469,5.9647767088630115,-87.91470694142588,1.0,0.0,5.564774379321765,0.57,0.0,False,0.00396996975607667,0.4395735347071293,0.1984999919751958,0.07577747210701764,7.577747210701764e-06,7.577747210701764e-06,-0.08791737170293412,0.0,-0.28148546822916565,3.795514716511679,4.195517046052926,0.28148546822916565
289.0,0.0,0.0,-0.40648016463408576,9.482866469567414,5.958153356354534,-81.29603292681715,1.0,0.0,5.645874997676241,0.35,0.0,False,0.003932185970692892,0.40648016463408576,0.19661078839020815,0.07577747210701764,7.577747210701764e-06,7.577747210701764e-06,-0.08129849707129141,0.0,-0.2774249558072768,3.52471311321288,3.8369914718911726,0.2774249558072768
290.0,0.0,0.0,-0.3734811852576146,9.24516190583306,5.834598335032557,-74.69623705152291,1.0,0.0,5.695335768837149,0.18,0.0,False,0.0039349511165876925,0.3734811852576146,0.19674904673262708,0.07577747210701764,7.577747210701764e-06,7.577747210701764e-06,-0.07469850115117393,0.0,-0.23770456373435422,3.4105635708005027,3.549826136995911,0.23770456373435422
291.0,0.0,0.0,-0.3454971075654624,7.817524018456661,5.847640085298195,-69.09942151309248,1.0,0.0,5.7479131096907805,0.09,0.0,False,0.003984229376390921,0.3454971075654625,0.19921297839369817,0.07577747210701764,7.577747210701764e-06,7.577747210701764e-06,-0.06910151596901569,0.0,-1.4276378873763989,1.9698839331584654,2.0696109087658803,1.4276378873763989
292.0,0.0,0.0,-0.19955592971558317,7.1572866545553095,5.904305923977754,-39.911185943116635,1.0,0.0,5.790059925691281,0.12,0.0,False,0.003907345332739869,0.19955592971558317,0.19536874708075322,0.07577747210701764,7.577747210701764e-06,7.577747210701764e-06,-0.03991239568146133,0.0,-0.6602373639013512,1.2529807305775558,1.3672267288640283,0.6602373639013512
293.0,0.0,0.0,-0.13230077458956255,7.21544749984204,5.852453539070631,-26.46015491791251,1.0,0.0,5.821889112081342,0.06,0.0,False,0.003765262876487898,0.13230077458956255,0.18826457043490788,0.07577747210701764,7.577747210701764e-06,7.577747210701764e-06,-0.026460956945295423,0.0,0.05816084528673038,1.3629939607714086,1.3935583877606978,0.05816084528673038
294.0,0.0,0.0,-0.13653969166455793,6.05193146173555,5.780287361244878,-27.307938332911583,1.0,0.0,5.834228781568404,-0.08,0.0,False,0.004021242292964096,0.13653969166455793,0.20106363824608323,0.07577747210701764,7.577747210701764e-06,7.577747210701764e-06,-0.027308766057253405,0.0,-1.16351603810649,0.271644100490672,0.21770268016714578,1.16351603810649
295.0,0.0,0.0,-0.02325377016320278,6.7083243455444315,5.755955009818582,-4.650754032640556,1.0,0.0,5.849998850033079,0.08,0.0,False,0.004162165921926258,0.02325377016320278,0.2081098730883732,0.07577747210701764,7.577747210701764e-06,7.577747210701764e-06,-0.004650895000525926,0.0,0.6563928838088815,0.9523693357258498,0.8583254955113526,0.6563928838088815
296.0,0.0,0.0,-0.08844753929895452,6.426859442888343,5.8378132979133746,-17.689507859790904,1.0,0.0,5.819384949543922,0.11,0.0,False,0.003879395989769655,0.08844753929895452,0.1939712693425898,0.07577747210701764,7.577747210701764e-06,7.577747210701764e-06,-0.017690044042203205,0.0,-0.28146490265608826,0.5890461449749687,0.6074744933444212,0.28146490265608826
297.0,0.0,0.0,-0.05746566734288182,6.914547920688243,5.858151837034579,-11.493133468576364,1.0,0.0,5.8238154409001766,0.04,0.0,False,0.003982179250110861,0.05746566734288182,0.19911047130292828,0.07577747210701764,7.577747210701764e-06,7.577747210701764e-06,-0.011493481834176861,0.0,0.48768847779989954,1.0563960836536639,1.0907324797880662,0.48768847779989954
298.0,0.0,0.0,-0.10315888807707602,6.512775757629294,6.040500389831911,-20.631777615415203,1.0,0.0,5.852180996444505,0.14,0.0,False,0.004028242013871121,0.10315888807707602,0.20141362694354026,0.07577747210701764,7.577747210701764e-06,7.577747210701764e-06,-0.020632402980257435,0.0,-0.4017721630589488,0.47227536779738255,0.6605947611847887,0.4017721630589488
299.0,0.0,0.0,-0.06157815955158658,5.540395221939741,5.793089587182101,-12.315631910317316,1.0,0.0,5.882919954318664,-0.04,0.0,False,0.0038758245473079723,0.06157815955158659,0.19379269586633122,0.07577747210701764,7.577747210701764e-06,7.577747210701764e-06,-0.012316005206469987,0.0,-0.9723805356895525,-0.2526943652423599,-0.3425247323789229,0.9723805356895525
300.0,0.0,0.0,0.037799179214598,5.7204932424334025,5.678744202482195,7.5598358429196,1.0,0.0,5.896970830927089,-0.13,0.0,False,0.004060095054419534,0.037799179214598,0.20300629103967538,0.07577747210701764,7.577747210701764e-06,7.577747210701764e-06,0.007560064987283083,0.0,0.18009802049366108,0.041749039951207934,-0.1764775884936869,0.18009802049366108
301.0,0.0,0.0,0.023650648887219235,5.334653559428222,5.918177582444278,4.730129777443847,1.0,0.0,5.918401335716964,-0.06,0.0,False,0.004153134883893079,0.02365064888721924,0.20765831776496801,0.07577747210701764,7.577747210701764e-06,7.577747210701764e-06,0.004730273151268301,0.0,-0.38583968300518023,-0.5835240230160554,-0.5837477762887415,0.38583968300518023
302.0,0.0,0.0,0.06306092461824883,5.475831188120252,5.957962128592402,12.612184923649767,1.0,0.0,5.957008692237526,0.05,0.0,False,0.004105216851274046,0.06306092461824883,0.20526239797847953,0.07577747210701764,7.577747210701764e-06,7.577747210701764e-06,0.012612567208549402,0.0,0.14117762869202988,-0.48213094047214966,-0.4811775041172739,0.14117762869202988
303.0,0.0,0.0,0.04920631754800176,5.6993890956397655,5.91380457570859,9.841263509600353,1.0,0.0,5.965286698597992,-0.02,0.0,False,0.004015162119088286,0.04920631754800176,0.2007596272485917,0.07577747210701764,7.577747210701764e-06,7.577747210701764e-06,0.009841561805768369,0.0,0.22355790751951332,-0.2144154800688245,-0.2658976029582263,0.22355790751951332
304.0,0.0,0.0,0.028265932709181853,5.569457435924779,5.991561484172803,5.65318654183637,1.0,0.0,5.967913007252047,0.15,0.0,False,0.003919979811703082,0.028265932709181853,0.19600047581595828,0.07577747210701764,7.577747210701764e-06,7.577747210701764e-06,0.005653357894212095,0.0,-0.12993165971498666,-0.4221040482480243,-0.3984555713272684,0.12993165971498666
305.0,0.0,0.0,0.04554706267869364,6.2980955212819065,6.022662888096785,9.109412535738729,1.0,0.0,5.9820591323362216,0.06,0.0,False,0.0037521446103336823,0.04554706267869364,0.18760865215685185,0.07577747210701764,7.577747210701764e-06,7.577747210701764e-06,0.00910968864894814,0.0,0.7286380853571277,0.27543263318512157,0.316036388945685,0.7286380853571277
306.0,0.0,0.0,-0.02713309184053449,6.8490493430946255,5.9973182831861545,-5.426618368106898,1.0,0.0,6.024945319918073,-0.03,0.0,False,0.003760632800991442,0.027133091840534494,0.18803306490580796,0.07577747210701764,7.577747210701764e-06,7.577747210701764e-06,-0.005426782853029278,0.0,0.550953821812719,0.8517310599084711,0.8241040231765524,0.550953821812719
307.0,0.0,0.0,-0.07827699453067427,7.185538537013278,5.955617820063801,-15.655398906134854,1.0,0.0,6.026754322491012,-0.16,0.0,False,0.003990164982494804,0.07827699453067428,0.19950976094781853,0.07577747210701764,7.577747210701764e-06,7.577747210701764e-06,-0.015655873433160567,0.0,0.33648919391865206,1.2299207169494766,1.1587842145222655,0.33648919391865206
308.0,0.0,0.0,-0.11166088042303463,8.069285364690954,5.917117203955764,-22.332176084606925,1.0,0.0,6.066249739624035,0.04,0.0,False,0.0038864597492026427,0.11166088042303464,0.1943244599906083,0.07577747210701764,7.577747210701764e-06,7.577747210701764e-06,-0.022332852989817624,0.0,0.8837468276776761,2.15216816073519,2.003035625066919,0.8837468276776761
309.0,0.0,0.0,-0.20280632768573129,9.060897614389617,5.796991646789554,-40.561265537146255,1.0,0.0,6.068887425886674,0.15,0.0,False,0.003793977080459143,0.20280632768573123,0.18970029151291903,0.07577747210701764,7.577747210701764e-06,7.577747210701764e-06,-0.04056249497989695,0.0,0.9916122496986635,3.2639059676000635,2.9920101885029435,0.9916122496986635
310.0,0.0,0.0,-0.3034602218700357,9.249708332743582,5.815335980323892,-60.69204437400714,1.0,0.0,6.041145247079446,0.01,0.0,False,0.003810185018558092,0.3034602218700357,0.1905106945588494,0.07577747210701764,7.577747210701764e-06,7.577747210701764e-06,-0.06069388399594675,0.0,0.1888107183539649,3.4343723524196896,3.208563085664136,0.1888107183539649
311.0,0.0,0.0,-0.3238169328833012,8.98786364961997,5.861676262631303,-64.76338657666024,1.0,0.0,6.0261804184467715,-0.08,0.0,False,0.004179762835295299,0.32381693288330127,0.20898972542407324,0.07577747210701764,7.577747210701764e-06,7.577747210701764e-06,-0.0647653496040728,0.0,-0.26184468312361275,3.1261873869886667,2.9616832311731978,0.26184468312361275
312.0,0.0,0.0,-0.2980014583926474,9.43752292713075,5.9350225116129645,-59.60029167852949,1.0,0.0,6.011416313767577,0.01,0.0,False,0.004187410019302248,0.2980014583926474,0.20937208752184214,0.07577747210701764,7.577747210701764e-06,7.577747210701764e-06,-0.059602098208616096,0.0,0.44965927751078105,3.502500415517786,3.4261066133631735,0.44965927751078105
313.0,0.0,0.0,-0.34119315652503474,9.38713108828907,6.006437834140396,-68.23863130500695,1.0,0.0,6.007736156707492,-0.07,0.0,False,0.004287648698927068,0.34119315652503474,0.2143840594822518,0.07577747210701764,7.577747210701764e-06,7.577747210701764e-06,-0.06824069966972547,0.0,-0.05039183884167997,3.3806932541486745,3.3793949315815786,0.05039183884167997
314.0,0.0,0.0,-0.3337393833125064,9.59657347673792,6.067923089121344,-66.74787666250128,1.0,0.0,6.025462088105899,-0.06,0.0,False,0.004427520628679891,0.3337393833125064,0.22137770896559925,0.07577747210701764,7.577747210701764e-06,7.577747210701764e-06,-0.0667498998413149,0.0,0.20944238844884921,3.528650387616576,3.571111388632021,0.20944238844884921
315.0,0.0,0.0,-0.3504928765828373,9.874638783525048,6.1388118298718775,-70.09857531656746,1.0,0.0,6.049610805529959,0.11,0.0,False,0.004360426020391415,0.3504928765828373,0.2180229531298765,0.07577747210701764,7.577747210701764e-06,7.577747210701764e-06,-0.07010070005760095,0.0,0.2780653067871288,3.735826953653171,3.8250279779950898,0.2780653067871288
316.0,0.0,0.0,-0.37594504483365976,9.624874445956456,6.1100438595657565,-75.18900896673195,1.0,0.0,6.091511913588656,0.1,0.0,False,0.00407636747031228,0.37594504483365976,0.20381991799972526,0.07577747210701764,7.577747210701764e-06,7.577747210701764e-06,-0.07519128800267381,0.0,-0.2497643375685925,3.5148305863906995,3.5333625323678,0.2497643375685925
317.0,0.0,0.0,-0.3488927981301114,9.87144890310543,6.1206728922548015,-69.77855962602229,1.0,0.0,6.115045894362711,-0.04,0.0,False,0.0041289774895967414,0.3488927981301114,0.20645043889721967,0.07577747210701764,7.577747210701764e-06,7.577747210701764e-06,-0.06978067466713726,0.0,0.24657445714897364,3.750776010850628,3.7564030087427183,0.24657445714897364
318.0,0.0,0.0,-0.3748918933472215,10.324662413850303,6.025596457808796,-74.9783786694443,1.0,0.0,6.135814273583952,0.13,0.0,False,0.004009464772085709,0.3748918933472215,0.20047475773980997,0.07577747210701764,7.577747210701764e-06,7.577747210701764e-06,-0.07498065132102195,0.0,0.4532135107448738,4.299065956041507,4.1888481402663515,0.4532135107448738
319.0,0.0,0.0,-0.4184086744118351,10.645473136377646,6.018141105404274,-83.68173488236702,1.0,0.0,6.122387927833262,0.0,0.0,False,0.003892582985545499,0.41840867441183505,0.19463062412776802,0.07577747210701764,7.577747210701764e-06,7.577747210701764e-06,-0.08368427133927868,0.0,0.32081072252734266,4.627332030973372,4.5230852085443845,0.32081072252734266
320.0,0.0,0.0,-0.4498015096919905,10.26319828469484,5.879741341096187,-89.9603019383981,1.0,0.0,6.1404171399736835,-0.14,0.0,False,0.00411025649303793,0.4498015096919905,0.20551438197613028,0.07577747210701764,7.577747210701764e-06,7.577747210701764e-06,-0.08996302870344364,0.0,-0.3822748516828067,4.383456943598652,4.122781144721156,0.3822748516828067
321.0,0.0,0.0,-0.41546430054926725,10.248729236645104,5.797722708742326,-83.09286010985345,1.0,0.0,6.147287615350973,0.3,0.0,False,0.004350789317764885,0.41546430054926725,0.2175411143473251,0.07577747210701764,7.577747210701764e-06,7.577747210701764e-06,-0.0830953787175237,0.0,-0.014469048049734923,4.451006527902778,4.101441621294131,0.014469048049734923
322.0,0.0,0.0,-0.41890205098988526,9.302806880905845,5.759085001807737,-83.78041019797705,1.0,0.0,6.108397865029939,0.37,0.0,False,0.004198530110605847,0.41890205098988526,0.2099280963002841,0.07577747210701764,7.577747210701764e-06,7.577747210701764e-06,-0.08378294964581244,0.0,-0.9459223557392598,3.5437218790981078,3.1944090158759053,0.9459223557392598
323.0,0.0,0.0,-0.32289189296813203,8.981962644426504,5.773763357918979,-64.57837859362641,1.0,0.0,6.059550010053833,-0.09,0.0,False,0.004129091340237715,0.32289189296813203,0.20645613147240494,0.07577747210701764,7.577747210701764e-06,7.577747210701764e-06,-0.06458033601330655,0.0,-0.32084423647934024,3.2081992865075257,2.9224126343726713,0.32084423647934024
324.0,0.0,0.0,-0.2869019858221495,7.892853544807238,5.940505491931228,-57.380397164429894,1.0,0.0,6.073765611567463,-0.16,0.0,False,0.004149278861384252,0.2869019858221495,0.20746551517852854,0.07577747210701764,7.577747210701764e-06,7.577747210701764e-06,-0.05738213640782854,0.0,-1.0891090996192663,1.95234805287601,1.819087933239775,1.0891090996192663
325.0,0.0,0.0,-0.17692225076052137,7.258071234202981,5.89309149524998,-35.38445015210427,1.0,0.0,6.112834082668871,-0.17,0.0,False,0.004095068925170721,0.1769222507605214,0.2047549978283923,0.07577747210701764,7.577747210701764e-06,7.577747210701764e-06,-0.035385522681650655,0.0,-0.6347823106042574,1.364979738953001,1.1452371515341095,0.6347823106042574
326.0,0.0,0.0,-0.11506713198179531,7.890111997537494,5.9610962552354625,-23.013426396359062,1.0,0.0,6.123564003597416,0.03,0.0,False,0.004355673174092025,0.11506713198179529,0.21778530901411358,0.07577747210701764,7.577747210701764e-06,7.577747210701764e-06,-0.023014123950783883,0.0,0.6320407633345129,1.929015742302031,1.7665479939400779,0.6320407633345129
327.0,0.0,0.0,-0.17922011093256926,8.49470800848906,5.980928104091421,-35.844022186513854,1.0,0.0,6.107356316903108,-0.02,0.0,False,0.004381531280479034,0.17922011093256926,0.21907822413077366,0.07577747210701764,7.577747210701764e-06,7.577747210701764e-06,-0.03584510864603748,0.0,0.6045960109515658,2.513779904397638,2.387351691585951,0.6045960109515658
328.0,0.0,0.0,-0.2435863238989401,8.044655587271603,5.847469991101213,-48.717264779788024,1.0,0.0,6.097842983977017,0.3,0.0,False,0.004255821754890943,0.2435863238989401,0.21279270022161884,0.07577747210701764,7.577747210701764e-06,7.577747210701764e-06,-0.048718741437067434,0.0,-0.4500524212174568,2.1971855961703897,1.9468126032945854,0.4500524212174568
329.0,0.0,0.0,-0.2002424159772552,7.421368287406116,5.797314335148055,-40.04848319545104,1.0,0.0,6.058752477720336,0.16,0.0,False,0.004263827335484726,0.2002424159772552,0.21319298228452124,0.07577747210701764,7.577747210701764e-06,7.577747210701764e-06,-0.040049697095379685,0.0,-0.6232872998654866,1.6240539522580608,1.3626158096857797,0.6232872998654866
330.0,0.0,0.0,-0.13603996450383354,7.045832585784224,5.84372494671777,-27.20799290076671,1.0,0.0,6.042155558178596,-0.07,0.0,False,0.004190151773674996,0.13603996450383354,0.20950917627929552,0.07577747210701764,7.577747210701764e-06,7.577747210701764e-06,-0.027208817595686604,0.0,-0.3755357016218923,1.2021076390664538,1.0036770276056277,0.3755357016218923
331.0,0.0,0.0,-0.09953582671577245,6.406163047755948,5.7470018945916435,-19.90716534315449,1.0,0.0,6.060917098544704,0.04,0.0,False,0.00397503690266405,0.09953582671577245,0.1987533512244426,0.07577747210701764,7.577747210701764e-06,7.577747210701764e-06,-0.019907768744448655,0.0,-0.6396695380282758,0.6591611531643045,0.3452459492112441,0.6396695380282758
332.0,0.0,0.0,-0.03611529518331772,6.114127533092485,5.734281168884341,-7.223059036663544,1.0,0.0,6.050436605759837,-0.04,0.0,False,0.0038241514380850236,0.03611529518331772,0.19120902082689584,0.07577747210701764,7.577747210701764e-06,7.577747210701764e-06,-0.007223277973066365,0.0,-0.2920355146634632,0.37984636420814333,0.06369092733264736,0.2920355146634632
333.0,0.0,0.0,-0.010614711415822821,5.4415869811696895,5.697187160036746,-2.1229422831645643,1.0,0.0,6.044996412293903,0.22,0.0,False,0.003774737549736518,0.010617277096876609,0.1887383076871728,0.07577747210701764,7.577747210701764e-06,7.577747210701764e-06,-0.002123006631156809,0.0,-0.6725405519227952,-0.25560017886705655,-0.6034094311242137,0.6725405519227952
334.0,0.0,0.0,0.05213207005699544,6.0411576822792075,5.670599192957117,10.426414011399087,1.0,0.0,6.007976397154265,0.37,0.0,False,0.003947170410541418,0.052132070056995446,0.19736001606004938,0.07577747210701764,7.577747210701764e-06,7.577747210701764e-06,0.010426730043923034,0.0,0.5995707011095179,0.37055848932209035,0.03318128512494223,0.5995707011095179
335.0,0.0,0.0,-0.007397701758256991,5.700183959700219,5.775351440052169,-1.479540351651398,1.0,0.0,5.962927433922066,0.0,0.0,False,0.003650552249037997,0.00743210730991337,0.18252899560000593,0.07577747210701764,7.577747210701764e-06,7.577747210701764e-06,-0.0014795851976426564,0.0,-0.3409737225789886,-0.07516748035194976,-0.2627434742218471,0.3409737225789886
336.0,0.0,0.0,0.024570493326298824,5.581861999033883,5.758446722919025,4.914098665259765,1.0,0.0,5.967177861800945,0.14,0.0,False,0.0037646826949646567,0.024570493326298824,0.18823556113892237,0.07577747210701764,7.577747210701764e-06,7.577747210701764e-06,0.004914247615320869,0.0,-0.11832196066633571,-0.17658472388514213,-0.38531586276706165,0.11832196066633571
337.0,0.0,0.0,0.03429280179687785,5.467939020571894,5.705761336669695,6.85856035937557,1.0,0.0,5.94589820241257,0.01,0.0,False,0.003667195423312828,0.03429280179687785,0.1833611606196359,0.07577747210701764,7.577747210701764e-06,7.577747210701764e-06,0.006858768247546771,0.0,-0.11392297846198929,-0.2378223160978008,-0.4779591818406761,0.11392297846198929
338.0,0.0,0.0,0.042565687799220125,5.740698518351599,5.58794177963492,8.513137559844026,1.0,0.0,5.92480301011182,0.13,0.0,False,0.003722002567103236,0.042565687799220125,0.18610153857489034,0.07577747210701764,7.577747210701764e-06,7.577747210701764e-06,0.008513395599506252,0.0,0.2727594977797052,0.15275673871667905,-0.1841044917602206,0.2727594977797052
339.0,0.0,0.0,0.014424921027513256,5.148292417516,5.726035899486074,2.884984205502651,1.0,0.0,5.8936120261651945,0.02,0.0,False,0.003929754758653121,0.014424921027513254,0.1964892268670641,0.07577747210701764,7.577747210701764e-06,7.577747210701764e-06,0.002885071651564069,0.0,-0.592406100835599,-0.5777434819700735,-0.7453196086491944,0.592406100835599
340.0,0.0,0.0,0.07563212613062859,4.536994719340997,5.786409246804105,15.126425226125717,1.0,0.0,5.884953194046985,0.01,0.0,False,0.0038464676257013047,0.07563212613062859,0.19232483866303132,0.07577747210701764,7.577747210701764e-06,7.577747210701764e-06,0.015126883719557616,0.0,-0.6112976981750027,-1.2494145274631077,-1.3479584747059876,0.6112976981750027
341.0,0.0,0.0,0.13833582733202332,5.45440772173443,5.790022452879257,27.667165466404665,1.0,0.0,5.904642334878926,0.01,0.0,False,0.003825639007444816,0.13833582733202332,0.1912833998585067,0.07577747210701764,7.577747210701764e-06,7.577747210701764e-06,0.02766800407919361,0.0,0.9174130023934328,-0.335614731144827,-0.4502346131444961,0.9174130023934328
342.0,0.0,0.0,0.045585842970880995,6.153484979792967,5.741096294886132,9.1171685941762,1.0,0.0,5.920405406357714,0.03,0.0,False,0.0038919228347975925,0.045585842970880995,0.1945976163402499,0.07577747210701764,7.577747210701764e-06,7.577747210701764e-06,0.00911744494247763,0.0,0.6990772580585372,0.4123886849068352,0.2330795734352531,0.6990772580585372
343.0,0.0,0.0,-0.024638350809667257,6.608775174876167,5.749630196798983,-4.9276701619334515,1.0,0.0,5.910283423342961,0.06,0.0,False,0.0038727838656051625,0.024638350809667253,0.1936406606291149,0.07577747210701764,7.577747210701764e-06,7.577747210701764e-06,-0.004927819523356923,0.0,0.4552901950832,0.8591449780771843,0.6984917515332061,0.4552901950832
344.0,0.0,0.0,-0.06984923444012874,6.719839452650481,5.725317983752393,-13.969846888025746,1.0,0.0,5.90709213653659,0.03,0.0,False,0.003874652748120576,0.06984923444012874,0.19373410546298153,0.07577747210701764,7.577747210701764e-06,7.577747210701764e-06,-0.013970270324690197,0.0,0.1110642777743136,0.9945214688980881,0.8127473161138914,0.1110642777743136
345.0,0.0,0.0,-0.07825864154046934,7.022501383122958,5.780491503001069,-15.651728308093869,1.0,0.0,5.910256365482809,-0.15,0.0,False,0.0037853450289306594,0.07825864154046934,0.18926868566591967,0.07577747210701764,7.577747210701764e-06,7.577747210701764e-06,-0.015652202723860968,0.0,0.30266193047247736,1.2420098801218895,1.1122450176401495,0.30266193047247736
346.0,0.0,0.0,-0.10784553412996332,6.043164218666032,5.73949218745725,-21.569106825992666,1.0,0.0,5.937223386035656,-0.05,0.0,False,0.003949887964455485,0.10784553412996332,0.1974958947853995,0.07577747210701764,7.577747210701764e-06,7.577747210701764e-06,-0.021569760601994847,0.0,-0.9793371644569264,0.30367203120878195,0.10594083263037568,0.9793371644569264
347.0,0.0,0.0,-0.00765507691479199,5.859628060567932,5.921997572412593,-1.531015382958398,1.0,0.0,5.944005180513554,-0.04,0.0,False,0.003952128735954169,0.00776786198482832,0.1976079342093337,0.07577747210701764,7.577747210701764e-06,7.577747210701764e-06,-0.0015310617891969329,0.0,-0.1835361580981001,-0.06236951184466122,-0.08437711994562225,0.1835361580981001
348.0,0.0,0.0,0.00947607948052474,6.215508310589339,5.839703833687294,1.895215896104948,1.0,0.0,5.966610549106225,-0.05,0.0,False,0.003948384394967042,0.009495178971982264,0.19742071574129386,0.07577747210701764,7.577747210701764e-06,7.577747210701764e-06,0.0018952733415375208,0.0,0.3558802500214071,0.37580447690204455,0.24889776148311427,0.3558802500214071
349.0,0.0,0.0,-0.025431880339774025,5.886259106479161,5.7695407818394395,-5.086376067954805,1.0,0.0,5.954392445739922,-0.04,0.0,False,0.003948546062613768,0.02543188033977402,0.19742879918488404,0.07577747210701764,7.577747210701764e-06,7.577747210701764e-06,-0.00508653023987477,0.0,-0.32924920411017755,0.11671832463972187,-0.06813333926076037,0.32924920411017755
350.0,0.0,0.0,0.006085672059859836,5.8205785075718,5.775973398019966,1.2171344119719671,1.0,0.0,5.9611798713735835,0.07,0.0,False,0.003923750151407356,0.006260253036320023,0.1961889942297061,0.07577747210701764,7.577747210701764e-06,7.577747210701764e-06,0.0012171713042399871,0.0,-0.06568059890736144,0.044605109551834055,-0.14060136380178356,0.06568059890736144
351.0,0.0,0.0,0.01233287759024837,5.66973133800193,5.710675750315614,2.466575518049674,1.0,0.0,5.947118132861983,0.03,0.0,False,0.0038859892484879115,0.012332877590248372,0.194300934776605,0.07577747210701764,7.577747210701764e-06,7.577747210701764e-06,0.0024666502818261383,0.0,-0.15084716956986988,-0.040944412313684175,-0.27738679486005324,0.15084716956986988
352.0,0.0,0.0,0.02619925224445112,5.500878943334109,5.700729840294996,5.239850448890223,1.0,0.0,5.943911956245721,-0.03,0.0,False,0.004018911897268378,0.02619925224445112,0.20094711757833983,0.07577747210701764,7.577747210701764e-06,7.577747210701764e-06,0.0052400092727351855,0.0,-0.16885239466782132,-0.19985089696088743,-0.443033012911612,0.16885239466782132
353.0,0.0,0.0,0.04251813092800201,5.827646590755517,5.722755986867975,8.503626185600401,1.0,0.0,5.9317337870119715,0.07,0.0,False,0.003990949420431528,0.04251813092800201,0.19954898314186828,0.07577747210701764,7.577747210701764e-06,7.577747210701764e-06,0.008503883936965655,0.0,0.3267676474214083,0.1048906038875419,-0.10408719625645446,0.3267676474214083
354.0,0.0,0.0,0.011323975552101,6.555129318332119,5.895564754291705,2.2647951104202,1.0,0.0,5.926076362196531,0.03,0.0,False,0.0038941476900799087,0.011323975552100997,0.19470885994733528,0.07577747210701764,7.577747210701764e-06,7.577747210701764e-06,0.002264863758079326,0.0,0.7274827275766018,0.659564564040414,0.6290529561355882,0.7274827275766018
355.0,0.0,0.0,-0.06259491012771792,6.7001067036596105,5.702337430174791,-12.518982025543584,1.0,0.0,5.940890636787734,0.13,0.0,False,0.0037568936545396407,0.06259491012771792,0.1878461061665026,0.07577747210701764,7.577747210701764e-06,7.577747210701764e-06,-0.012519361485392622,0.0,0.1449773853274916,0.9977692734848196,0.7592160668718764,0.1449773853274916
356.0,0.0,0.0,-0.07948702793078452,7.176580070474672,5.643962954614143,-15.897405586156905,1.0,0.0,5.929156500634659,0.12,0.0,False,0.003610659867016478,0.07948702793078452,0.1805343613842107,0.07577747210701764,7.577747210701764e-06,7.577747210701764e-06,-0.015897887448588808,0.0,0.47647336681506136,1.5326171158605284,1.247423569840013,0.47647336681506136
357.0,0.0,0.0,-0.12738942308567777,6.771996786154191,5.670676448769517,-25.477884617135555,1.0,0.0,5.905206307721556,-0.05,0.0,False,0.003651113472330084,0.1273894230856778,0.18255705697725078,0.07577747210701764,7.577747210701764e-06,7.577747210701764e-06,-0.025478656871159952,0.0,-0.40458328432048063,1.1013203373846743,0.8667904784326348,0.40458328432048063
358.0,0.0,0.0,-0.08711656527939589,6.937012802244787,5.675142064018001,-17.423313055879177,1.0,0.0,5.902637573375622,0.08,0.0,False,0.0035923758263655824,0.08711656527939589,0.17962015242407403,0.07577747210701764,7.577747210701764e-06,7.577747210701764e-06,-0.017423841169724886,0.0,0.16501601609059602,1.2618707382267864,1.0343752288691652,0.16501601609059602
359.0,0.0,0.0,-0.10597314237051078,7.24018473545403,5.609731478145953,-21.194628474102156,1.0,0.0,5.900798125994755,0.19,0.0,False,0.0037821049318986235,0.1059731423705108,0.18910667958668606,0.07577747210701764,7.577747210701764e-06,7.577747210701764e-06,-0.021195270899381207,0.0,0.30317193320924307,1.6304532573080772,1.3393866094592752,0.30317193320924307
360.0,0.0,0.0,-0.1341208230326049,8.051201392175562,5.742490109457983,-26.82416460652098,1.0,0.0,5.87724122665548,-0.08,0.0,False,0.0037683962363675495,0.1341208230326049,0.18842123961608093,0.07577747210701764,7.577747210701764e-06,7.577747210701764e-06,-0.02682497766731389,0.0,0.8110166567215318,2.308711282717579,2.173960165520082,0.8110166567215318
361.0,0.0,0.0,-0.2168742933216404,7.82892763564038,5.699462619177132,-43.37485866432808,1.0,0.0,5.8989256884433505,0.03,0.0,False,0.003967013572682572,0.2168742933216404,0.1983521816854303,0.07577747210701764,7.577747210701764e-06,7.577747210701764e-06,-0.04337617338922242,0.0,-0.22227375653518244,2.1294650164632474,1.930001947197029,0.22227375653518244
362.0,0.0,0.0,-0.19739252059666504,7.74613006715068,5.628942969707661,-39.47850411933301,1.0,0.0,5.882376288030596,0.24,0.0,False,0.004079935686074599,0.19739252059666504,0.20399833013979315,0.07577747210701764,7.577747210701764e-06,7.577747210701764e-06,-0.039479700742763156,0.0,-0.08279756848969999,2.1171870974430185,1.863753779120084,0.08279756848969999
363.0,0.0,0.0,-0.18688334513054486,7.1779631898345695,5.8005548785068095,-37.37666902610897,1.0,0.0,5.854927640142613,0.01,0.0,False,0.004059851578540185,0.18688334513054486,0.20299411715345797,0.07577747210701764,7.577747210701764e-06,7.577747210701764e-06,-0.03737780194132182,0.0,-0.5681668773161102,1.37740831132776,1.3230355496919568,0.5681668773161102
364.0,0.0,0.0,-0.1285422042379656,7.714574974348189,5.691105662036521,-25.70844084759312,1.0,0.0,5.877225808107869,-0.22,0.0,False,0.004038055687546362,0.1285422042379656,0.20190431434557926,0.07577747210701764,7.577747210701764e-06,7.577747210701764e-06,-0.025709220089951895,0.0,0.5366117845136191,2.0234693123116676,1.8373491662403199,0.5366117845136191
365.0,0.0,0.0,-0.182976287772782,7.995926925786933,5.624602266520523,-36.5952575545564,1.0,0.0,5.892492444438434,0.01,0.0,False,0.003993761673551514,0.182976287772782,0.1996895968633948,0.07577747210701764,7.577747210701764e-06,7.577747210701764e-06,-0.03659636678459433,0.0,0.2813519514387446,2.37132465926641,2.103434481348499,0.2813519514387446
366.0,0.0,0.0,-0.2114150232283203,8.288990639040648,5.706258064641383,-42.28300464566406,1.0,0.0,5.884742769217656,0.01,0.0,False,0.004164116269845759,0.21141502322832026,0.20820739122331045,0.07577747210701764,7.577747210701764e-06,7.577747210701764e-06,-0.0422842862756342,0.0,0.29306371325371483,2.582732574399265,2.404247869822992,0.29306371325371483
367.0,0.0,0.0,-0.23967088221335967,7.447561915511068,5.767375074716416,-47.934176442671934,1.0,0.0,5.881696591023605,-0.02,0.0,False,0.004107677476978631,0.23967088221335967,0.2053854301960088,0.07577747210701764,7.577747210701764e-06,7.577747210701764e-06,-0.047935629363949364,0.0,-0.8414287235295799,1.6801868407946525,1.5658653244874632,0.8414287235295799
368.0,0.0,0.0,-0.1527229666475426,7.292788052751164,5.962109180768951,-30.544593329508515,1.0,0.0,5.892191008639095,-0.01,0.0,False,0.004157090539078852,0.1527229666475426,0.20785610202300447,0.07577747210701764,7.577747210701764e-06,7.577747210701764e-06,-0.030545519159320404,0.0,-0.154773862759904,1.3306788719822134,1.400597044112069,0.154773862759904
369.0,0.0,0.0,-0.13601057488094337,6.646886850887141,5.84784726216856,-27.202114976188675,1.0,0.0,5.920274384233918,-0.03,0.0,False,0.004236889838469611,0.13601057488094337,0.21184609722748832,0.07577747210701764,7.577747210701764e-06,7.577747210701764e-06,-0.027202939492944216,0.0,-0.6459012018640236,0.7990395887185802,0.726612466653223,0.6459012018640236
370.0,0.0,0.0,-0.06934657756506377,7.438500557402994,5.950742072870833,-13.869315513012754,1.0,0.0,5.93263077125401,-0.03,0.0,False,0.0042356717171259705,0.06934657756506377,0.21178519069877552,0.07577747210701764,7.577747210701764e-06,7.577747210701764e-06,-0.013869735902494908,0.0,0.7916137065158537,1.4877584845321614,1.5058697861489847,0.7916137065158537
371.0,0.0,0.0,-0.14902344512528817,7.202021573560737,6.015354472879228,-29.804689025057634,1.0,0.0,5.953394800694768,0.17,0.0,False,0.004054596084391383,0.14902344512528817,0.20273134045477753,0.07577747210701764,7.577747210701764e-06,7.577747210701764e-06,-0.02980559242780835,0.0,-0.2364789838422574,1.1866671006815093,1.2486267728659692,0.2364789838422574
372.0,0.0,0.0,-0.12405925205522436,7.481536995061041,5.90537333594992,-24.811850411044873,1.0,0.0,5.948209643050332,0.01,0.0,False,0.003919706866329695,0.12405925205522436,0.19598682844387344,0.07577747210701764,7.577747210701764e-06,7.577747210701764e-06,-0.02481260247706686,0.0,0.27951542150030395,1.5761636591111206,1.5333273520107085,0.27951542150030395
373.0,0.0,0.0,-0.15069046289981283,7.51309770307342,6.011237292012142,-30.138092579962567,1.0,0.0,5.961382048525934,0.07,0.0,False,0.004009306833921423,0.15069046289981283,0.20046686077175496,0.07577747210701764,7.577747210701764e-06,7.577747210701764e-06,-0.030139006088428136,0.0,0.0315607080123792,1.501860411061278,1.5517156545474862,0.0315607080123792
374.0,0.0,0.0,-0.14962289034579423,7.610007246181532,6.154412150292577,-29.924578069158848,1.0,0.0,5.974575271351168,0.15,0.0,False,0.004120482886808899,0.14962289034579423,0.20602570553933008,0.07577747210701764,7.577747210701764e-06,7.577747210701764e-06,-0.029925485105837507,0.0,0.0969095431081115,1.4555950958889543,1.6354319748303636,0.0969095431081115
375.0,0.0,0.0,-0.15656514310462655,7.001164451081302,6.1509589897398165,-31.313028620925312,1.0,0.0,6.016812109393481,0.07,0.0,False,0.0039369719038591525,0.15656514310462655,0.1968500868618507,0.07577747210701764,7.577747210701764e-06,7.577747210701764e-06,-0.03131397774259424,0.0,-0.6088427951002293,0.8502054613414858,0.9843523416878215,0.6088427951002293
376.0,0.0,0.0,-0.09284765844629243,7.698876992249643,6.1435910008846975,-18.569531689258486,1.0,0.0,6.044296494581444,-0.01,0.0,False,0.00409001638921142,0.09284765844629245,0.20450236911608524,0.07577747210701764,7.577747210701764e-06,7.577747210701764e-06,-0.018570094545861136,0.0,0.6977125411683405,1.5552859913649453,1.6545804976681984,0.6977125411683405
377.0,0.0,0.0,-0.15973011388070515,8.127903981860998,6.157426688017308,-31.94602277614103,1.0,0.0,6.072652687814139,0.24,0.0,False,0.0037753310164996934,0.15973011388070513,0.18876798125018865,0.07577747210701764,7.577747210701764e-06,7.577747210701764e-06,-0.031946991084343346,0.0,0.429026989611355,1.9704772938436896,2.055251294046859,0.429026989611355
378.0,0.0,0.0,-0.2007194239858299,9.19722069243898,6.127265428832619,-40.14388479716598,1.0,0.0,6.101515333721347,0.0,0.0,False,0.0038546398329108653,0.2007194239858299,0.19273345211985535,0.07577747210701764,7.577747210701764e-06,7.577747210701764e-06,-0.040145101588789596,0.0,1.0693167105779828,3.069955263606362,3.095705358717634,1.0693167105779828
379.0,0.0,0.0,-0.30434107101095215,9.194856859028272,6.268593498963673,-60.86821420219043,1.0,0.0,6.120633691949938,0.14,0.0,False,0.0038445021525396017,0.30434107101095215,0.19222656426025317,0.07577747210701764,7.577747210701764e-06,7.577747210701764e-06,-0.06087005916397128,0.0,-0.002363833410708338,2.926263360064599,3.074223167078334,0.002363833410708338
380.0,0.0,0.0,-0.2989098919742431,9.776106519864507,6.307919184587493,-59.78197839484862,1.0,0.0,6.153694671344365,0.23,0.0,False,0.003943171366899245,0.2989098919742431,0.19716006236275366,0.07577747210701764,7.577747210701764e-06,7.577747210701764e-06,-0.05978379043199753,0.0,0.5812496608362352,3.4681873352770145,3.6224118485201426,0.5812496608362352
381.0,0.0,0.0,-0.3560226957757146,10.252520974107037,6.32494361510983,-71.20453915514292,1.0,0.0,6.2056446861058365,0.1,0.0,False,0.0038692472243637204,0.3560226957757146,0.19346382722705416,0.07577747210701764,7.577747210701764e-06,7.577747210701764e-06,-0.07120669741877998,0.0,0.47641445424252993,3.9275773589972074,4.046876288001201,0.47641445424252993
382.0,0.0,0.0,-0.3982867912996052,10.770821703513642,6.493353586978174,-79.65735825992104,1.0,0.0,6.215744669607871,0.33,0.0,False,0.0039622097480570525,0.3982867912996052,0.19811198863404603,0.07577747210701764,7.577747210701764e-06,7.577747210701764e-06,-0.07965977273492215,0.0,0.5183007294066044,4.277468116535467,4.5550770339057705,0.5183007294066044
383.0,0.0,0.0,-0.44583344894486054,10.010047010190476,6.550218229855325,-89.1666897889721,1.0,0.0,6.2695021552798975,0.25,0.0,False,0.004219405566152705,0.4458334489448605,0.21097187698707326,0.07577747210701764,7.577747210701764e-06,7.577747210701764e-06,-0.0891693924990309,0.0,-0.7607746933231656,3.459828780335151,3.7405448549105786,0.7607746933231656
384.0,0.0,0.0,-0.3656635860059902,10.832043976710482,6.4967978590274695,-73.13271720119803,1.0,0.0,6.312318293406332,0.14,0.0,False,0.004331668240874587,0.3656635860059902,0.2165850532580759,0.07577747210701764,7.577747210701764e-06,7.577747210701764e-06,-0.07313493390937544,0.0,0.8219969665200058,4.335246117683012,4.5197256833041495,0.8219969665200058
385.0,0.0,0.0,-0.4443926014883883,10.748153179797532,6.499677373458957,-88.87852029767765,1.0,0.0,6.353272604819632,0.11,0.0,False,0.004294044999701117,0.4443926014883883,0.21470387694443177,0.07577747210701764,7.577747210701764e-06,7.577747210701764e-06,-0.08888121427310042,0.0,-0.0838907969129501,4.248475806338575,4.3948805749779,0.0838907969129501
386.0,0.0,0.0,-0.43116243105487967,10.87512904787384,6.594020216015053,-86.23248621097594,1.0,0.0,6.387949587086784,0.27,0.0,False,0.0042336022376857916,0.43116243105487967,0.211681715942667,0.07577747210701764,7.577747210701764e-06,7.577747210701764e-06,-0.0862350999830968,0.0,0.12697586807630756,4.281108831858786,4.487179460787055,0.12697586807630756
387.0,0.0,0.0,-0.437947015967564,10.902501727633403,6.682905010807716,-87.58940319351281,1.0,0.0,6.436365507253275,0.44,0.0,False,0.004201561406377922,0.437947015967564,0.21007966223740746,0.07577747210701764,7.577747210701764e-06,7.577747210701764e-06,-0.0875920580948175,0.0,0.027372679759563923,4.219596716825687,4.466136220380128,0.027372679759563923
388.0,0.0,0.0,-0.4334477257784545,11.44560351587791,6.717722098472201,-86.6895451556909,1.0,0.0,6.495492955609269,0.46,0.0,False,0.00398151633616795,0.4334477257784545,0.19907732535461298,0.07577747210701764,7.577747210701764e-06,7.577747210701764e-06,-0.08669217278161533,0.0,0.5431017882445062,4.727881417405708,4.950110560268641,0.5431017882445062
389.0,0.0,0.0,-0.4854737520889925,10.967573461819054,6.6472207861709025,-97.09475041779851,1.0,0.0,6.567860241984112,-0.02,0.0,False,0.0041240700155149,0.4854737520889925,0.20620506333374786,0.07577747210701764,7.577747210701764e-06,7.577747210701764e-06,-0.0970976934333936,0.0,-0.47803005405885557,4.320352675648151,4.399713219834942,0.47803005405885557
390.0,0.0,0.0,-0.43314388627853867,10.65172351306264,6.697105107282318,-86.62877725570773,1.0,0.0,6.5906820551194505,0.13,0.0,False,0.0042018823910859255,0.4331438862785386,0.21009571159442467,0.07577747210701764,7.577747210701764e-06,7.577747210701764e-06,-0.08663140303971098,0.0,-0.3158499487564139,3.954618405780322,4.0610414579431895,0.3158499487564139
391.0,0.0,0.0,-0.39847281325098227,10.883391348377017,6.656560225350096,-79.69456265019646,1.0,0.0,6.635970486289868,0.0,0.0,False,0.004262726217475821,0.3984728132509824,0.2131379259668762,0.07577747210701764,7.577747210701764e-06,7.577747210701764e-06,-0.07969697825289089,0.0,0.2316678353143775,4.226831123026922,4.247420862087149,0.2316678353143775
392.0,0.0,0.0,-0.41960251792020364,10.037350073273448,6.619011062448865,-83.92050358404073,1.0,0.0,6.666844404240362,-0.01,0.0,False,0.00406388198352919,0.4196025179202037,0.20319563892997763,0.07577747210701764,7.577747210701764e-06,7.577747210701764e-06,-0.08392304727821301,0.0,-0.8460412751035697,3.4183390108245826,3.3705056690330855,0.8460412751035697
393.0,0.0,0.0,-0.33344918059260636,9.612674676216823,6.720603236579858,-66.68983611852127,1.0,0.0,6.687207187084495,-0.07,0.0,False,0.004019433780574016,0.33344918059260636,0.20097321194135678,0.07577747210701764,7.577747210701764e-06,7.577747210701764e-06,-0.06669185753808192,0.0,-0.4246753970566246,2.8920714396369656,2.925467489132328,0.4246753970566246
394.0,0.0,0.0,-0.29138803235814,9.995524020076255,6.545627898046723,-58.277606471628,1.0,0.0,6.702731927667481,0.01,0.0,False,0.003975523631877271,0.29138803235814004,0.19877768786951922,0.07577747210701764,7.577747210701764e-06,7.577747210701764e-06,-0.05827937291012186,0.0,0.3828493438594318,3.449896122029532,3.2927920924087744,0.3828493438594318
395.0,0.0,0.0,-0.3296401807386411,10.248068199534755,6.5481436150429655,-65.92803614772822,1.0,0.0,6.698683949392954,0.03,0.0,False,0.0040239113174049945,0.3296401807386411,0.20119709047938775,0.07577747210701764,7.577747210701764e-06,7.577747210701764e-06,-0.06593003447655343,0.0,0.25254417945849994,3.6999245844917894,3.5493842501418005,0.25254417945849994
396.0,0.0,0.0,-0.35485122846289463,10.662375347683323,6.389303232263027,-70.97024569257893,1.0,0.0,6.698997316191841,0.09,0.0,False,0.003930428474042694,0.35485122846289463,0.19652291289180504,0.07577747210701764,7.577747210701764e-06,7.577747210701764e-06,-0.07097239685460326,0.0,0.41430714814856806,4.2730721154202955,3.963378031491482,0.41430714814856806
397.0,0.0,0.0,-0.39711768462239455,10.390429511379255,6.4844208884443715,-79.42353692447891,1.0,0.0,6.699421466260477,0.01,0.0,False,0.004020590523054401,0.39711768462239455,0.20103104950365103,0.07577747210701764,7.577747210701764e-06,7.577747210701764e-06,-0.07942594431217784,0.0,-0.2719458363040683,3.906008622934883,3.6910080451187772,0.2719458363040683
398.0,0.0,0.0,-0.3716451057743093,10.216683658307154,6.48984911831349,-74.32902115486186,1.0,0.0,6.691048038588033,0.14,0.0,False,0.00406108070184753,0.3716451057743093,0.20305557378452466,0.07577747210701764,7.577747210701764e-06,7.577747210701764e-06,-0.0743312741239203,0.0,-0.17374585307210033,3.726834539993664,3.5256356197191216,0.17374585307210033
399.0,0.0,0.0,-0.35392775580809366,10.476767363614323,6.6179601875391985,-70.78555116161873,1.0,0.0,6.673837642002982,0.17,0.0,False,0.003944259334365287,0.35392775580809366,0.1972144611482727,0.07577747210701764,7.577747210701764e-06,7.577747210701764e-06,-0.07078769672541162,0.0,0.26008370530716896,3.858807176075125,3.802929721611341,0.26008370530716896
