t,mean_abs_delta_real,mean_abs_delta_planning,mean_action,price,v_true,total_demand,mean_k,xs_k_std,mean_belief,mean_correctness,mean_salience,regime_post,xs_action_std,xs_action_mean_abs,xs_belief_std,xs_sigma_mean,xs_rho_mean,xs_rho_max,mean_myopic_term,mean_hedging_term,ret,mispricing_true,mispricing_belief,vol_proxy
0.0,0.0,0.0,0.00995608440734236,0.5572497926577169,0.09239489431691154,1.9912168814684719,3.0,0.0,0.0,-0.8,0.0,False,0.01387596539744557,0.013620497424869354,0.6938109588800953,0.18289189189189195,1.8289189189189194e-05,1.8289189189189194e-05,0.0019913625497733635,0.0,0.0,0.46485489834080534,0.5572497926577169,0.0
1.0,0.0,0.0,-0.0482739778813263,0.5672585475009826,0.08276579115270703,-9.65479557626526,3.0,0.0,0.09956994850898901,0.21,0.0,False,0.010660323322885142,0.0482739778813263,0.5330216828460018,0.10349970779853253,1.0349970779853254e-05,1.0349970779853254e-05,-0.009655195279536738,0.0,0.010008754843265688,0.48449275634827554,0.46768859899199355,0.010008754843265688
2.0,0.0,0.0,-0.053972763236929316,0.3554545738513347,0.07260232786710794,-10.794552647385864,3.0,0.0,0.07448503213142921,0.26,0.0,False,0.00849761353061463,0.05397276323692931,0.4248838739573415,0.07525469588680311,7.525469588680311e-06,7.525469588680309e-06,-0.01079487758125126,0.0,-0.21180397364964787,0.28285224598422676,0.2809695417199055,0.21180397364964787
3.0,0.0,0.0,-0.028349759136249163,0.10454151633007283,0.05507905946562057,-5.669951827249832,3.0,0.0,0.027510606612272063,0.13,0.0,False,0.007666080114288072,0.028367592588052767,0.3833063707416073,0.061701082387537146,6.170108238753715e-06,6.170108238753715e-06,-0.005670091763252343,0.0,-0.2509130575212619,0.04946245686445226,0.07703090971780077,0.2509130575212619
4.0,0.0,0.0,-0.003052569503321475,0.40472253522412477,-0.03207908897776657,-0.610513900664295,3.0,0.0,0.0719482364347224,0.18,0.0,False,0.006731848793210378,0.005817527824747513,0.33659426654437197,0.05427584335912398,5.427584335912399e-06,5.4275843359123984e-06,-0.0006105271550550922,0.0,0.3001810188940519,0.43680162420189134,0.33277429878940235,0.3001810188940519
5.0,0.0,0.0,-0.03875897950001525,0.8396150842623491,0.019594854092790312,-7.751795900003049,3.0,0.0,0.07401499289293705,0.05,0.0,False,0.006572429864689911,0.03875897950001525,0.3286231334259979,0.049911266793667725,4.991126679366772e-06,4.991126679366772e-06,-0.007751950660011942,0.0,0.43489254903822433,0.8200202301695588,0.7656000913694121,0.43489254903822433
6.0,0.0,0.0,-0.08238130429299854,0.6635037676833788,-0.005197297530576801,-16.47626085859971,3.0,0.0,0.017123067675139835,0.04,0.0,False,0.0065637052218797025,0.08238130429299854,0.32818681140732636,0.04723896911451465,4.723896911451467e-06,4.723896911451466e-06,-0.01647657218576015,0.0,-0.17611131657897028,0.6687010652139557,0.646380700008239,0.17611131657897028
7.0,0.0,0.0,-0.06837042123625331,0.9119190880850833,0.06447242626645983,-13.674084247250661,3.0,0.0,0.015782583292918644,0.1,0.0,False,0.005917440969634899,0.06837042123625331,0.2958733965270677,0.04556176663690604,4.5561766636906065e-06,4.556176663690606e-06,-0.013674333452289416,0.0,0.24841532040170444,0.8474466618186234,0.8961365047921647,0.24841532040170444
8.0,0.0,0.0,-0.08991891393025614,0.42134577419156577,0.051648642781472076,-17.98378278605123,3.0,0.0,-0.02021602006504035,0.03,0.0,False,0.005582505971337057,0.08991891393025614,0.2791265404705233,0.044492694745204016,4.449269474520401e-06,4.449269474520402e-06,-0.017984102843410347,0.0,-0.4905733138935175,0.3696971314100937,0.44156179425660613,0.4905733138935175
9.0,0.0,0.0,-0.0413312129987369,0.739544403890319,0.125020726298031,-8.266242599747379,3.0,0.0,0.012709945108575517,0.04,0.0,False,0.005686033189720445,0.0413312129987369,0.28430290485572923,0.04380451768299382,4.380451768299385e-06,4.380451768299384e-06,-0.008266387438620966,0.0,0.3181986296987532,0.614523677592288,0.7268344587817435,0.3181986296987532
10.0,0.0,0.0,-0.07283937679366809,0.7735183755398198,0.20953255791416742,-14.567875358733618,3.0,0.0,0.008024591734943902,0.01,0.0,False,0.005632928793845501,0.07283937679366809,0.28164766087516635,0.0433587192744284,4.335871927442841e-06,4.3358719274428405e-06,-0.014568128015405373,0.0,0.03397397164950089,0.5639858176256525,0.765493783804876,0.03397397164950089
11.0,0.0,0.0,-0.0764079191024535,0.2809753181893628,0.11612472617486427,-15.281583820490699,3.0,0.0,0.011134844843185445,0.11,0.0,False,0.004960297111535295,0.0764079191024535,0.24801592374572767,0.04306874926707378,4.3068749267073785e-06,4.306874926707378e-06,-0.015281847082837651,0.0,-0.49254305735045706,0.1648505920144985,0.26984047334617733,0.49254305735045706
12.0,0.0,0.0,-0.028843222600150594,0.006592528992791613,-0.04678373899719454,-5.768644520030119,3.0,0.0,0.009422730547735516,0.02,0.0,False,0.005058396701993726,0.028843222600150594,0.2529209196107309,0.042879635920764284,4.287963592076431e-06,4.28796359207643e-06,-0.0057687434625565606,0.0,-0.27438278919657116,0.053376267989986154,-0.0028302015549439025,0.27438278919657116
13.0,0.0,0.0,0.001847391036288743,-1.09992851466494,0.03851933942659469,0.3694782072577486,3.0,0.0,-0.007463091746562221,0.09,0.0,False,0.004677980481174308,0.004075623530077093,0.23390002411938468,0.04275608559413131,4.2756085594131314e-06,4.275608559413132e-06,0.000369484526207473,0.0,-1.1065210436577315,-1.1384478540915346,-1.092465422918378,1.1065210436577315
14.0,0.0,0.0,0.10839043934080315,-1.2884705565954444,0.02037321823402802,21.67808786816063,3.0,0.0,0.025066834291725404,-0.13,0.0,False,0.005040925173255225,0.10839043934080315,0.25204733427715353,0.042675277071923805,4.26752770719238e-06,4.267527707192379e-06,0.021678457913943912,0.0,-0.1885420419305044,-1.3088437748294723,-1.31353739088717,0.1885420419305044
15.0,0.0,0.0,0.1320445983842432,-0.758225144407036,0.12998546406511383,26.408919676848644,3.0,0.0,-0.01600099329675463,0.15,0.0,False,0.005194831409097037,0.1320445983842432,0.25974267753536945,0.04262238484319971,4.2622384843199725e-06,4.262238484319972e-06,0.0264093699193847,0.0,0.5302454121884084,-0.8882106084721498,-0.7422241511102814,0.5302454121884084
16.0,0.0,0.0,0.08124219361824749,0.30365529148559867,0.1960237601820388,16.248438723649496,3.0,0.0,0.0320035675254315,0.08,0.0,False,0.0050716477420107405,0.0812421936182475,0.2535834670508197,0.04258774810914817,4.2587748109148164e-06,4.258774810914817e-06,0.0162487155162369,0.0,1.0618804358926348,0.10763153130355987,0.2716517239601672,1.0618804358926348
17.0,0.0,0.0,-0.024510860600128657,1.3382582041922844,0.10191101414222838,-4.902172120025732,3.0,0.0,0.05421409138582633,-0.07,0.0,False,0.0053627718212059545,0.024510860600128654,0.26813973239378935,0.042565058879555154,4.256505887955516e-06,4.256505887955516e-06,-0.004902255584168438,0.0,1.0346029127066858,1.236347190050056,1.2840441128064581,1.0346029127066858
18.0,0.0,0.0,-0.13243371497673068,1.6289472852838305,0.09754876055064274,-26.486742995346138,3.0,0.0,0.05854146895318887,0.0,0.0,False,0.00505955753728799,0.13243371497673068,0.25297895329014614,0.042550192925283656,4.255019292528367e-06,4.2550192925283665e-06,-0.026487193799837706,0.0,0.2906890810915461,1.5313985247331878,1.5704058163306416,0.2906890810915461
19.0,0.0,0.0,-0.16587563407896194,2.66813222477044,0.07017773915351355,-33.17512681579239,3.0,0.0,0.013892879024368046,0.08,0.0,False,0.005080240733492688,0.16587563407896194,0.25401311725330566,0.0425404514451206,4.254045144512061e-06,4.254045144512061e-06,-0.033175691327339524,0.0,1.0391849394866095,2.5979544856169263,2.654239345746072,1.0391849394866095
20.0,0.0,0.0,-0.2729309877116822,2.9764850784430426,-0.09220506677906615,-54.58619754233644,3.0,0.0,-0.02984433762757616,0.04,0.0,False,0.005300072346880845,0.2729309877116822,0.26500474451221434,0.04253406740151187,4.253406740151185e-06,4.253406740151186e-06,-0.054587126247588456,0.0,0.30835285367260257,3.0686901452221087,3.006329416070619,0.30835285367260257
21.0,0.0,0.0,-0.3043838325467089,2.604822297543583,-0.016918325123441394,-60.876766509341785,3.0,0.0,-0.061235696671518076,-0.06,0.0,False,0.005635788244820016,0.304383832546709,0.2817906106880854,0.04252988339718566,4.252988339718564e-06,4.252988339718564e-06,-0.060877802137649734,0.0,-0.3716627808994595,2.6217406226670246,2.6660579942151013,0.3716627808994595
22.0,0.0,0.0,-0.26707138034844535,2.8278049213819263,-0.08458656561943881,-53.41427606968907,3.0,0.0,-0.06741797406857572,0.04,0.0,False,0.005520570030048314,0.2670713803484454,0.27602967537272044,0.042527141159834476,4.252714115983449e-06,4.252714115983449e-06,-0.05341518468840831,0.0,0.22298262383834322,2.912391487001365,2.895222895450502,0.22298262383834322
23.0,0.0,0.0,-0.29133829401722966,3.5244513049214983,-0.12627269283777412,-58.26765880344593,3.0,0.0,-0.06594829485232881,0.06,0.0,False,0.005059211719588056,0.2913382940172297,0.2529616617029923,0.04252534382553204,4.252534382553201e-06,4.252534382553203e-06,-0.05826864994012091,0.0,0.696646383539572,3.6507239977592723,3.590399599773827,0.696646383539572
24.0,0.0,0.0,-0.36317234795882647,3.2897652077439123,-0.17979219092579302,-72.6344695917653,3.0,0.0,-0.08563996509598408,0.07,0.0,False,0.004893522252636241,0.36317234795882647,0.24467715309656968,0.04252416578609152,4.252416578609152e-06,4.252416578609151e-06,-0.07263570507460215,0.0,-0.23468609717758593,3.4695573986697053,3.3754051728398964,0.23468609717758593
25.0,0.0,0.0,-0.3421562203868796,2.9789616211084944,-0.20810285696385827,-68.43124407737592,3.0,0.0,-0.10734939267243199,0.06,0.0,False,0.004986880383927146,0.3421562203868797,0.24934507949174528,0.042523393647102156,4.252339364710216e-06,4.252339364710216e-06,-0.06843240804391817,0.0,-0.31080358663541796,3.1870644780723527,3.0863110137809264,0.31080358663541796
26.0,0.0,0.0,-0.31320749773899037,3.5138400859721157,-0.23562764146890697,-62.64149954779807,3.0,0.0,-0.13186974434312307,-0.02,0.0,False,0.00508128532374444,0.3132074977389903,0.2540653465418442,0.042522887549586885,4.252288754958689e-06,4.252288754958688e-06,-0.06264256502224383,0.0,0.5348784648636213,3.7494677274410226,3.645709830315239,0.5348784648636213
27.0,0.0,0.0,-0.37018416104037677,3.450084350044867,-0.06692063090298841,-74.03683220807535,3.0,0.0,-0.15317994871743848,-0.07,0.0,False,0.005065834187969494,0.37018416104037677,0.2532927864595601,0.04252255582707921,4.252255582707923e-06,4.252255582707922e-06,-0.07403809149685286,0.0,-0.06375573592724892,3.5170049809478554,3.6032642987623054,0.06375573592724892
28.0,0.0,0.0,-0.369732095457147,3.28032693469828,-0.11369153190957659,-73.9464190914294,3.0,0.0,-0.1880802303149226,0.03,0.0,False,0.0048735874031629245,0.369732095457147,0.24368040633981009,0.04252233839831703,4.252233839831701e-06,4.252233839831702e-06,-0.07394767683594358,0.0,-0.16975741534658662,3.3940184666078568,3.4684071650132027,0.16975741534658662
29.0,0.0,0.0,-0.3495928481814502,3.194134302954978,-0.01995825367716507,-69.91856963629004,3.0,0.0,-0.24731521389300312,0.09,0.0,False,0.004592289190332543,0.3495928481814502,0.22961543588772962,0.04252219588353538,4.252219588353537e-06,4.252219588353538e-06,-0.0699197588676788,0.0,-0.08619263174330216,3.214092556632143,3.4414495168479813,0.08619263174330216
30.0,0.0,0.0,-0.3432356124081799,3.5194001522786156,-0.13780377933837337,-68.64712248163598,3.0,0.0,-0.21567587439407299,-0.07,0.0,False,0.00452953601686686,0.3432356124081799,0.22647776387031623,0.042522102471379226,4.2522102471379225e-06,4.2522102471379225e-06,-0.06864829008466171,0.0,0.32526584932363756,3.657203931616989,3.7350760266726883,0.32526584932363756
31.0,0.0,0.0,-0.37563084769803795,3.828502066929153,-0.06376094977320808,-75.12616953960759,3.0,0.0,-0.23829479662623476,-0.06,0.0,False,0.004533477098581376,0.37563084769803795,0.22667481879256962,0.042522041243776856,4.252204124377685e-06,4.252204124377686e-06,-0.07512744734140593,0.0,0.3091019146505376,3.892263016702361,4.066796863555388,0.3091019146505376
32.0,0.0,0.0,-0.4060940231068756,4.826990200813934,-0.12194376115014838,-81.21880462137511,3.0,0.0,-0.2369881876537531,-0.09,0.0,False,0.004811659166651623,0.4060940231068755,0.24058398133946338,0.04252200111172609,4.252200111172611e-06,4.25220011117261e-06,-0.08122018604994119,0.0,0.9984881338847806,4.948933961964082,5.063978388467687,0.9984881338847806
33.0,0.0,0.0,-0.5016112656062454,3.8113049505757437,0.014987298581544517,-100.32225312124908,3.0,0.0,-0.2325245037921144,0.19,0.0,False,0.004930119762893123,0.5016112656062454,0.246507036336798,0.04252197480688926,4.2521974806889265e-06,4.252197480688927e-06,-0.10032395947412126,0.0,-1.0156852502381901,3.7963176519941992,4.043829454367858,1.0156852502381901
34.0,0.0,0.0,-0.39911969987849416,3.543986931712547,-0.03896314589547452,-79.82393997569883,3.0,0.0,-0.1892291027565167,0.07,0.0,False,0.004956184247176017,0.39911969987849416,0.2478102660920821,0.042521957565193544,4.2521957565193565e-06,4.252195756519356e-06,-0.07982529767800094,0.0,-0.2673180188631967,3.5829500776080216,3.7332160344690637,0.2673180188631967
35.0,0.0,0.0,-0.37544543986716555,2.8558531217162457,-0.01242765245377071,-75.08908797343311,3.0,0.0,-0.17997690496390578,-0.2,0.0,False,0.0050153681955808094,0.3754454398671656,0.250769476095125,0.04252194626399751,4.252194626399752e-06,4.252194626399751e-06,-0.07509036514166785,0.0,-0.6881338099963012,2.8682807741700165,3.0358300266801517,0.6881338099963012
36.0,0.0,0.0,-0.30617990292896835,3.338885067923311,-0.015656937957856762,-61.23598058579367,3.0,0.0,-0.2105472903132025,0.09,0.0,False,0.004665451315721604,0.30617990292896835,0.23327355770625827,0.04252193885654483,4.2521938856544815e-06,4.252193885654482e-06,-0.06123702213041371,0.0,0.48303194620706513,3.3545420058811675,3.5494323582365133,0.48303194620706513
37.0,0.0,0.0,-0.3531624750863337,3.0365479281135266,-0.16724419332593343,-70.63249501726673,3.0,0.0,-0.20601100438899325,-0.19,0.0,False,0.00508757371780526,0.3531624750863336,0.2543797675576323,0.04252193400127473,4.2521934001274746e-06,4.252193400127474e-06,-0.07063369638427482,0.0,-0.30233713980978427,3.2037921214394602,3.24255893250252,0.30233713980978427
38.0,0.0,0.0,-0.3218084057344519,2.525156621756375,-0.1973445777344751,-64.36168114689038,3.0,0.0,-0.19281476869730907,0.04,0.0,False,0.005015439589035382,0.3218084057344519,0.2507730457826453,0.042521930818851625,4.2521930818851625e-06,4.2521930818851625e-06,-0.06436277585541667,0.0,-0.5113913063571518,2.72250119949085,2.717971390453684,0.5113913063571518
39.0,0.0,0.0,-0.2752831616704145,2.3814871205462573,-0.19420414377654,-55.0566323340829,3.0,0.0,-0.18160454880481816,-0.07,0.0,False,0.005163628240487519,0.2752831616704145,0.25818250986153607,0.04252192873290852,4.252192873290852e-06,4.252192873290853e-06,-0.05505756877577952,0.0,-0.14366950121011746,2.5756912643227974,2.5630916693510755,0.14366950121011746
40.0,0.0,0.0,-0.2636066403061031,2.638608257580119,-0.21994960831257993,-52.72132806122062,3.0,0.0,-0.2277335228026794,-0.01,0.0,False,0.005230813090434496,0.2636066403061031,0.2615417666429963,0.04252192736566145,4.2521927365661454e-06,4.252192736566145e-06,-0.05272222478240054,0.0,0.25712113703386175,2.858557865892699,2.8663417803827986,0.25712113703386175
41.0,0.0,0.0,-0.2871596948602421,2.1979126380733174,-0.2264086639432592,-57.43193897204843,3.0,0.0,-0.2546353278268333,0.06,0.0,False,0.005076958929341433,0.2871596948602421,0.253849025877443,0.04252192646948904,4.252192646948904e-06,4.252192646948905e-06,-0.05743291581456906,0.0,-0.4406956195068017,2.4243213020165766,2.4525479659001506,0.4406956195068017
42.0,0.0,0.0,-0.2445995618274075,2.4486953917043275,-0.2619430510029116,-48.9199123654815,3.0,0.0,-0.23304974393944927,-0.08,0.0,False,0.00528385559739484,0.2445995618274075,0.2641939032683225,0.04252192588208612,4.252192588208611e-06,4.252192588208612e-06,-0.048920744429498536,0.0,0.2507827536310101,2.710638442707239,2.681745135643777,0.2507827536310101
43.0,0.0,0.0,-0.2688626495625964,2.0788792962272398,-0.22596358082446136,-53.77252991251928,3.0,0.0,-0.2481349844229529,0.1,0.0,False,0.005068548855339581,0.2688626495625964,0.25342852038926306,0.042521925497068444,4.252192549706844e-06,4.252192549706844e-06,-0.05377344451323449,0.0,-0.3698160954770877,2.3048428770517013,2.3270142806501926,0.3698160954770877
44.0,0.0,0.0,-0.23347197388709198,1.502520578222265,-0.2565230820916672,-46.694394777418395,3.0,0.0,-0.23998826670940365,-0.01,0.0,False,0.005207932552228171,0.23347197388709195,0.2603977348680019,0.042521925244705674,4.2521925244705684e-06,4.252192524470569e-06,-0.04669518898826687,0.0,-0.5763587180049747,1.7590436603139321,1.7425088449316686,0.5763587180049747
45.0,0.0,0.0,-0.17705210172751917,1.4336689895896397,-0.34908572074848176,-35.41042034550384,3.0,0.0,-0.2558900810327809,0.04,0.0,False,0.00517192338674483,0.17705210172751917,0.2585972689379353,0.04252192507929264,4.252192507929263e-06,4.2521925079292635e-06,-0.035411022630639166,0.0,-0.0688515886326253,1.7827547103381214,1.6895590706224206,0.0688515886326253
46.0,0.0,0.0,-0.17549976957996716,0.9212756964623849,-0.34483594215190766,-35.09995391599343,3.0,0.0,-0.2680380820339495,0.04,0.0,False,0.0051612394167891654,0.17549976957996716,0.2580630681686344,0.042521924970871386,4.252192497087138e-06,4.252192497087139e-06,-0.03510055092049757,0.0,-0.5123932931272548,1.2661116386142925,1.1893137784963344,0.5123932931272548
47.0,0.0,0.0,-0.12901320399516308,1.4028541120614362,-0.3513987891559486,-25.802640799032616,3.0,0.0,-0.321366019150202,0.17,0.0,False,0.004763111549344892,0.12901320399516308,0.23815659015060256,0.04252192489980588,4.252192489980587e-06,4.252192489980588e-06,-0.025803079668348165,0.0,0.48157841559905123,1.7542529012173849,1.7242201312116383,0.48157841559905123
48.0,0.0,0.0,-0.17971672887714552,0.9156429701285063,-0.3081578590838179,-35.9433457754291,3.0,0.0,-0.3688837729381023,-0.13,0.0,False,0.005210733578514781,0.17971672887714554,0.2605377867778473,0.04252192485322546,4.252192485322546e-06,4.252192485322545e-06,-0.03594395712492871,0.0,-0.4872111419329299,1.2238008292123241,1.2845267430666085,0.4872111419329299
49.0,0.0,0.0,-0.13033159277013523,0.817662023875346,-0.3855055605358516,-26.066318554027045,3.0,0.0,-0.394351386216218,-0.05,0.0,False,0.005280631250026307,0.13033159277013523,0.26403268521434053,0.04252192482269396,4.252192482269395e-06,4.252192482269396e-06,-0.026066761908156995,0.0,-0.09798094625316023,1.2031675844111978,1.212013410091564,0.09798094625316023
50.0,0.0,0.0,-0.1200926992325696,1.3315484663153723,-0.49748613239767975,-24.01853984651392,3.0,0.0,-0.3877006673237947,0.01,0.0,False,0.0050523880759597945,0.1200926992325696,0.25262047798431897,0.04252192480268187,4.252192480268186e-06,4.252192480268186e-06,-0.024018948370594886,0.0,0.5138864424400262,1.829034598713052,1.7192491336391669,0.5138864424400262
51.0,0.0,0.0,-0.17478136147539794,0.5788108328478256,-0.6439013105758384,-34.956272295079586,3.0,0.0,-0.3832905013139807,0.04,0.0,False,0.00512998138146863,0.17478136147539794,0.2565001597568438,0.04252192478956478,4.252192478956478e-06,4.252192478956478e-06,-0.03495686685574397,0.0,-0.7527376334675466,1.222712143423664,0.9621013341618063,0.7527376334675466
52.0,0.0,0.0,-0.10946665524778046,0.7238098157739955,-0.8199983171747167,-21.893331049556092,3.0,0.0,-0.41630230863814327,0.36,0.0,False,0.005355423203978584,0.10946665524778049,0.26777229881344244,0.0425219247809671,4.252192478096709e-06,4.25219247809671e-06,-0.021893703426603107,0.0,0.14499898292616986,1.5438081329487123,1.1401121244121388,0.14499898292616986
53.0,0.0,0.0,-0.1266159997634171,1.272930269669133,-0.7096400958862175,-25.323199952683417,3.0,0.0,-0.5158789932943809,0.05,0.0,False,0.005476859582488478,0.1266159997634171,0.27384414355747977,0.04252192477533167,4.252192477533166e-06,4.252192477533167e-06,-0.0253236306673333,0.0,0.5491204538951374,1.9825703655553504,1.7888092629635137,0.5491204538951374
54.0,0.0,0.0,-0.18519258477688832,0.8148895694913927,-0.6247467782283359,-37.038516955377666,3.0,0.0,-0.5423771016402609,0.17,0.0,False,0.005205252644005465,0.18519258477688838,0.26026373888707993,0.0425219247716379,4.25219247716379e-06,4.252192477163789e-06,-0.03703914693231153,0.0,-0.45804070017774023,1.4396363477197287,1.3572666711316534,0.45804070017774023
55.0,0.0,0.0,-0.14210796685893629,0.4707546259806968,-0.5913941765054087,-28.421593371787257,3.0,0.0,-0.5790349518255407,-0.07,0.0,False,0.005070653232964371,0.14210796685893629,0.2535337397178952,0.04252192476921678,4.252192476921676e-06,4.252192476921677e-06,-0.02842207678607376,0.0,-0.3441349435106959,1.0621488024861054,1.0497895778062374,0.3441349435106959
56.0,0.0,0.0,-0.11264155735989288,0.6500003738553206,-0.5864763120316476,-22.528311471978576,3.0,0.0,-0.6062203126193497,-0.04,0.0,False,0.005132925596184252,0.11264155735989288,0.2566473711185928,0.04252192476762984,4.2521924767629835e-06,4.252192476762984e-06,-0.022528694649215444,0.0,0.17924574787462383,1.2364766858869682,1.2562206864746703,0.17924574787462383
57.0,0.0,0.0,-0.1332656867063817,1.0209578946215283,-0.6891769459142543,-26.65313734127634,3.0,0.0,-0.6556848962973705,0.0,0.0,False,0.005247838638113244,0.1332656867063817,0.26239304764666094,0.042521924766589676,4.252192476658967e-06,4.252192476658967e-06,-0.026653590676429,0.0,0.3709575207662077,1.7101348405357826,1.6766427909188988,0.3709575207662077
58.0,0.0,0.0,-0.16835906205767426,0.5708152046180428,-0.6514632878268959,-33.67181241153485,3.0,0.0,-0.6826848267760167,0.12,0.0,False,0.004826498665392669,0.16835906205767423,0.24132595942969912,0.04252192476590788,4.252192476590789e-06,4.2521924765907885e-06,-0.03367238512520921,0.0,-0.4501426900034855,1.2222784924449388,1.2535000313940596,0.4501426900034855
59.0,0.0,0.0,-0.1282581787556576,0.5432175958905863,-0.6541216998517898,-25.65163575113152,3.0,0.0,-0.6626685207120667,-0.07,0.0,False,0.005062339381394401,0.1282581787556576,0.2531180453717916,0.04252192476546101,4.252192476546101e-06,4.252192476546101e-06,-0.025652072052046497,0.0,-0.027597608727456535,1.197339295742376,1.2058861166026529,0.027597608727456535
60.0,0.0,0.0,-0.1253682595549772,0.2768263813223646,-0.7920447077141927,-25.07365191099544,3.0,0.0,-0.7117938518616712,-0.06,0.0,False,0.005082635738371534,0.12536825955497718,0.2541328675358491,0.04252192476516809,4.252192476516809e-06,4.2521924765168095e-06,-0.025074078381158077,0.0,-0.2663912145682217,1.0688710890365574,0.9886202331840358,0.2663912145682217
61.0,0.0,0.0,-0.09763125902414056,-0.29338033309258854,-0.7465745506323305,-19.526251804828114,3.0,0.0,-0.71049165415769,-0.09,0.0,False,0.0049952396672583565,0.09763125902414056,0.2497630453989444,0.042521924764976085,4.25219247649761e-06,4.25219247649761e-06,-0.019526583920939977,0.0,-0.5702067144149532,0.45319421753974193,0.41711132106510146,0.5702067144149532
62.0,0.0,0.0,-0.04620475531220108,-0.7684676697813051,-0.802323344591324,-9.240951062440216,3.0,0.0,-0.6995069662642963,0.14,0.0,False,0.004978420810769107,0.046204755312201085,0.24892209899863124,0.04252192476485026,4.252192476485025e-06,4.252192476485025e-06,-0.00924110823898221,0.0,-0.47508733668871655,0.03385567481001894,-0.06896070351700878,0.47508733668871655
63.0,0.0,0.0,-0.0033039709885923137,-1.8521222339203558,-0.8459947977453731,-0.6607941977184627,3.0,0.0,-0.7554377097902454,0.07,0.0,False,0.005130103040642309,0.0047591190088793305,0.2565062427413931,0.04252192476476777,4.252192476476778e-06,4.252192476476777e-06,-0.0006608054369671359,0.0,-1.0836545641390507,-1.0061274361749826,-1.0966845241301104,1.0836545641390507
64.0,0.0,0.0,0.10564481539424779,-2.3819725742019964,-0.7994053398512135,21.12896307884956,3.0,0.0,-0.8015080821232573,0.0,0.0,False,0.0050858164934625165,0.10564481539424779,0.25429190596665735,0.04252192476471372,4.252192476471372e-06,4.25219247647137e-06,0.021129322454992792,0.0,-0.5298503402816406,-1.5825672343507828,-1.5804644920787392,0.5298503402816406
65.0,0.0,0.0,0.15495477132223404,-2.80218005014233,-0.7543133263817932,30.990954264446806,3.0,0.0,-0.7956516188734173,-0.03,0.0,False,0.005201013015503395,0.15495477132223404,0.26005175656059054,0.04252192476467826,4.252192476467827e-06,4.252192476467827e-06,0.030991481380215676,0.0,-0.4202074759403338,-2.047866723760537,-2.006528431268913,0.4202074759403338
66.0,0.0,0.0,0.19781882426602793,-2.866389276381126,-0.8205846040460987,39.56376485320558,3.0,0.0,-0.8323919161040148,-0.02,0.0,False,0.005070246888462361,0.19781882426602793,0.2535134224064017,0.04252192476465504,4.252192476465504e-06,4.252192476465505e-06,0.039564437781317185,0.0,-0.06420922623879566,-2.045804672335027,-2.033997360277111,0.06420922623879566
67.0,0.0,0.0,0.20056438154945122,-2.523405731418566,-0.8724884240992379,40.11287630989025,3.0,0.0,-0.8239497492962373,0.12,0.0,False,0.00474613138376494,0.2005643815494512,0.2373075782614551,0.042521924764639826,4.252192476463981e-06,4.252192476463982e-06,0.040113558577672556,0.0,0.3429835449625598,-1.6509173073193282,-1.6994559821223287,0.3429835449625598
68.0,0.0,0.0,0.16084371532609523,-2.7094614002171586,-0.9509343121885054,32.16874306521905,3.0,0.0,-0.860702818968899,-0.05,0.0,False,0.0051604860693849845,0.16084371532609523,0.2580254006382512,0.042521924764629834,4.252192476462983e-06,4.252192476462984e-06,0.03216929021364145,0.0,-0.1860556687985926,-1.7585270880286532,-1.8487585812482596,0.1860556687985926
69.0,0.0,0.0,0.17804193986922545,-2.815576271034346,-0.8517755661525527,35.60838797384509,3.0,0.0,-0.9149343812358027,0.0,0.0,False,0.004940219965796021,0.17804193986922545,0.24701204862810958,0.0425219247646233,4.252192476462331e-06,4.25219247646233e-06,0.03560899362614753,0.0,-0.10611487081718751,-1.9638007048817934,-1.9006418897985435,0.10611487081718751
70.0,0.0,0.0,0.1867675700297256,-3.3407862304458704,-0.9072254535675657,37.35351400594512,3.0,0.0,-0.9290041480950428,0.0,0.0,False,0.005346339694237613,0.18676757002972566,0.2673181213951518,0.04252192476461902,4.2521924764619006e-06,4.252192476461901e-06,0.037354149340568486,0.0,-0.5252099594115243,-2.4335607768783047,-2.4117820823508276,0.5252099594115243
71.0,0.0,0.0,0.2430815865101561,-3.3920271373656488,-0.8658629871678907,48.61631730203122,3.0,0.0,-0.9478608621542824,0.01,0.0,False,0.005297830637870242,0.2430815865101561,0.26489265826329117,0.042521924764616206,4.25219247646162e-06,4.25219247646162e-06,0.04861714420226977,0.0,-0.05124090691977834,-2.526164150197758,-2.444166275211366,0.05124090691977834
72.0,0.0,0.0,0.2458038045540652,-3.685371023132287,-0.8407706827932768,49.16076091081304,3.0,0.0,-0.9099186838596417,-0.02,0.0,False,0.005366159084153014,0.2458038045540652,0.26830909510471496,0.04252192476461437,4.252192476461437e-06,4.252192476461436e-06,0.0491615970713282,0.0,-0.2933438857666384,-2.84460034033901,-2.7754523392726456,0.2933438857666384
73.0,0.0,0.0,0.27596833400186943,-3.8262264850869263,-0.8038317842132084,55.19366680037388,3.0,0.0,-0.933936831570579,-0.04,0.0,False,0.005570630472090574,0.27596833400186943,0.27853270797417784,0.042521924764613146,4.252192476461316e-06,4.252192476461315e-06,0.05519460557276086,0.0,-0.14085546195463916,-3.022394700873718,-2.892289653516347,0.14085546195463916
74.0,0.0,0.0,0.29141938911793447,-3.6287074852445507,-0.7063403646086354,58.28387782358689,3.0,0.0,-0.9256290095899167,0.05,0.0,False,0.005488162013294192,0.29141938911793447,0.27440926750077066,0.042521924764612355,4.252192476461236e-06,4.2521924764612365e-06,0.05828486915643862,0.0,0.19751899984237564,-2.9223671206359154,-2.703078475654634,0.19751899984237564
75.0,0.0,0.0,0.2733746102229214,-4.09335329963998,-0.9147482613660108,54.674922044584285,3.0,0.0,-0.9119706353408901,0.02,0.0,False,0.005296966378504293,0.2733746102229214,0.2648494451112437,0.04252192476461185,4.252192476461185e-06,4.252192476461184e-06,0.05467585199379859,0.0,-0.4646458143954293,-3.178605038273969,-3.1813826642990897,0.4646458143954293
76.0,0.0,0.0,0.3166553805748233,-4.793146037223765,-0.9588046274471401,63.33107611496466,3.0,0.0,-0.894903260942297,0.09,0.0,False,0.005205455971073451,0.3166553805748233,0.26027390528370825,0.04252192476461149,4.252192476461149e-06,4.25219247646115e-06,0.06333215329408576,0.0,-0.6997927375837847,-3.8343414097766244,-3.8982427762814678,0.6997927375837847
77.0,0.0,0.0,0.38702633114501145,-4.059505291371548,-0.8042783125240262,77.4052662290023,3.0,0.0,-0.9267321699104047,-0.07,0.0,False,0.005246499705720158,0.38702633114501145,0.2623261007423366,0.04252192476461127,4.252192476461127e-06,4.252192476461128e-06,0.07740658279176674,0.0,0.7336407458522167,-3.2552269788475217,-3.132773121461143,0.7336407458522167
78.0,0.0,0.0,0.3115879239487495,-3.868405709288473,-0.8171694318929767,62.3175847897499,3.0,0.0,-0.9228004402509797,-0.01,0.0,False,0.005425828647651153,0.3115879239487495,0.27129258596594524,0.042521924764611134,4.252192476461113e-06,4.252192476461114e-06,0.062318644730703546,0.0,0.19109958208307498,-3.051236277395496,-2.945605269037493,0.19109958208307498
79.0,0.0,0.0,0.29109421609505437,-3.107822886554131,-0.9264320813362782,58.21884321901087,3.0,0.0,-0.9435598052927581,0.02,0.0,False,0.0052621444622976835,0.29109421609505437,0.2631083418974387,0.042521924764611044,4.252192476461104e-06,4.2521924764611035e-06,0.058219833445708684,0.0,0.7605828227343419,-2.181390805217853,-2.164263081261373,0.7605828227343419
80.0,0.0,0.0,0.2095027919371461,-2.5986952227079683,-1.1225942787552168,41.90055838742922,3.0,0.0,-0.9574016589061517,0.15,0.0,False,0.005468419963689724,0.20950279193714608,0.27342216082319754,0.042521924764610974,4.252192476461099e-06,4.2521924764610976e-06,0.04190127106135529,0.0,0.5091276638461628,-1.4761009439527515,-1.6412935638018165,0.5091276638461628
81.0,0.0,0.0,0.15546939337444293,-2.679356989127136,-1.0859869549037975,31.093878674888586,3.0,0.0,-1.0127504248728885,0.11,0.0,False,0.004986062596861806,0.15546939337444293,0.24930418992798337,0.042521924764610926,4.252192476461093e-06,4.252192476461093e-06,0.031094407541267577,0.0,-0.08066176641916778,-1.5933700342233386,-1.6666065642542476,0.08066176641916778
82.0,0.0,0.0,0.16257294841794004,-3.177378545823096,-1.0096555462064891,32.51458968358801,3.0,0.0,-1.0439682346742996,0.03,0.0,False,0.004823805915515888,0.16257294841794004,0.24119132136335544,0.04252192476461091,4.252192476461092e-06,4.252192476461091e-06,0.032515142714410895,0.0,-0.49802155669596004,-2.1677229996166067,-2.1334103111487965,0.49802155669596004
83.0,0.0,0.0,0.20717670837205257,-2.882147789529616,-1.0096627131048286,41.435341674410516,3.0,0.0,-1.0535929403743307,-0.17,0.0,False,0.005284150823313386,0.20717670837205257,0.26420866462698805,0.0425219247646109,4.25219247646109e-06,4.252192476461089e-06,0.04143604643560621,0.0,0.29523075629347995,-1.8724850764247876,-1.8285548491552854,0.29523075629347995
84.0,0.0,0.0,0.17984863076731483,-2.270975220945737,-1.0933638256184084,35.969726153462965,3.0,0.0,-1.105567414340541,0.0,0.0,False,0.005255400376528168,0.17984863076731478,0.26277113617510545,0.04252192476461088,4.252192476461087e-06,4.252192476461088e-06,0.03597033795165717,0.0,0.6111725685838794,-1.1776113953273284,-1.1654078066051958,0.6111725685838794
85.0,0.0,0.0,0.1123160393259072,-2.2837065702070825,-1.3358183539710002,22.463207865181438,3.0,0.0,-1.0836232443067373,0.23,0.0,False,0.005192959791548921,0.1123160393259072,0.2596490936506738,0.04252192476461086,4.252192476461086e-06,4.2521924764610866e-06,0.02246358993509071,0.0,-0.01273134926134567,-0.9478882162360822,-1.2000833259003452,0.01273134926134567
86.0,0.0,0.0,0.11150454330988692,-1.2976758170530955,-1.2384435807839038,22.300908661977385,3.0,0.0,-1.1477909482157955,-0.05,0.0,False,0.005237734332420551,0.1115045433098869,0.2618878302137536,0.04252192476461086,4.252192476461086e-06,4.2521924764610866e-06,0.02230128797138859,0.0,0.9860307531539869,-0.05923223626919172,-0.1498848688373,0.9860307531539869
87.0,0.0,0.0,0.012090001083994238,-1.5450737179687015,-1.2074942028261286,2.4180002167988475,3.0,0.0,-1.1686374301692066,-0.01,0.0,False,0.005000827270535684,0.012135685187019454,0.25004242675078897,0.04252192476461086,4.252192476461086e-06,4.2521924764610866e-06,0.0024180413438332853,0.0,-0.24739790091560598,-0.3375795151425729,-0.3764362877994949,0.24739790091560598
88.0,0.0,0.0,0.030953074298875113,-1.018341163604692,-1.425108529721122,6.190614859775023,3.0,0.0,-1.1767732357625709,0.22,0.0,False,0.0051632792137755006,0.030953074298875113,0.25816505845162635,0.04252192476461086,4.252192476461086e-06,4.2521924764610866e-06,0.006190720154071011,0.0,0.5267325543640096,0.40676736611642994,0.1584320721578789,0.5267325543640096
89.0,0.0,0.0,-0.02545386227945331,-1.1944498569150224,-1.5197136083164324,-5.0907724558906615,3.0,0.0,-1.2355363940584678,0.24,0.0,False,0.005220819612652181,0.02545386227945331,0.2610420906291029,0.04252192476461086,4.252192476461086e-06,4.2521924764610866e-06,-0.005090859043299816,0.0,-0.1761086933103304,0.32526375140141006,0.041086537143445456,0.1761086933103304
90.0,0.0,0.0,-0.008762656050922907,-1.0874025976714303,-1.412989308034814,-1.7525312101845814,3.0,0.0,-1.2728851981353089,-0.1,0.0,False,0.00549817112661171,0.009133185725356131,0.2749097252946804,0.04252192476461086,4.252192476461086e-06,4.2521924764610866e-06,-0.001752561018457936,0.0,0.10704725924359204,0.3255867103633836,0.18548260046387854,0.10704725924359204
91.0,0.0,0.0,-0.018325681486243216,-0.7143464357353879,-1.3031168220970477,-3.665136297248643,3.0,0.0,-1.282078280449258,0.02,0.0,False,0.005285726563862339,0.018325681486243216,0.26428745198945325,0.04252192476461086,4.252192476461086e-06,4.2521924764610866e-06,-0.003665198636443515,0.0,0.3730561619360424,0.5887703863616598,0.5677318447138702,0.3730561619360424
92.0,0.0,0.0,-0.060310368557922385,-0.4334160316182907,-1.2794513024306464,-12.062073711584476,3.0,0.0,-1.2706633087501094,0.0,0.0,False,0.00523020508936452,0.060310368557922385,0.2615113664601626,0.04252192476461086,4.252192476461086e-06,4.2521924764610866e-06,-0.012062278871748433,0.0,0.28093040411709724,0.8460352708123557,0.8372472771318187,0.28093040411709724
93.0,0.0,0.0,-0.09158505306231202,-0.6569116245355187,-1.3805496398543953,-18.317010612462404,3.0,0.0,-1.317462943879383,0.03,0.0,False,0.005336300039686238,0.09158505306231204,0.2668161365330559,0.04252192476461086,4.252192476461086e-06,4.2521924764610866e-06,-0.018317322160956495,0.0,-0.22349559291722798,0.7236380153188766,0.6605513193438644,0.22349559291722798
94.0,0.0,0.0,-0.07492655928507666,-0.22928339248729784,-1.3935806283871486,-14.985311857015333,3.0,0.0,-1.3492860341050894,-0.02,0.0,False,0.005058576497425146,0.07492655928507666,0.25292990037330343,0.04252192476461086,4.252192476461086e-06,4.2521924764610866e-06,-0.01498556673765286,0.0,0.4276282320482208,1.1642972358998507,1.1200026416177915,0.4276282320482208
95.0,0.0,0.0,-0.11232712882300612,-0.5288165064090692,-1.2550677781453323,-22.465425764601225,3.0,0.0,-1.4061931474938683,0.07,0.0,False,0.0049834913227059996,0.11232712882300612,0.24917562567351542,0.04252192476461086,4.252192476461086e-06,4.2521924764610866e-06,-0.022465807872234077,0.0,-0.29953311392177134,0.7262512717362631,0.8773766410847991,0.29953311392177134
96.0,0.0,0.0,-0.08208032284003028,-0.39332585847527124,-1.2880889705370246,-16.416064568006057,3.0,0.0,-1.3525785625459619,-0.06,0.0,False,0.00502693486151369,0.08208032284003028,0.2513478118504143,0.04252192476461086,4.252192476461086e-06,4.2521924764610866e-06,-0.01641634378388376,0.0,0.13549064793379795,0.8947631120617534,0.9592527040706906,0.13549064793379795
97.0,0.0,0.0,-0.09678165772972794,-0.6949530123597777,-1.36200344372798,-19.356331545945586,3.0,0.0,-1.3496371858759335,-0.03,0.0,False,0.0053845278218598355,0.09678165772972794,0.26922753589542636,0.04252192476461086,4.252192476461086e-06,4.2521924764610866e-06,-0.019356660771935125,0.0,-0.30162715388450645,0.6670504313682023,0.6546841735161558,0.30162715388450645
98.0,0.0,0.0,-0.07044370720537049,-0.21972371122360773,-1.479164517344843,-14.088741441074099,3.0,0.0,-1.3611630124843925,0.07,0.0,False,0.005365553115449003,0.07044370720537049,0.2682787965406796,0.04252192476461086,4.252192476461086e-06,4.2521924764610866e-06,-0.014088981072216561,0.0,0.47522930113616996,1.2594408061212354,1.1414393012607849,0.47522930113616996
99.0,0.0,0.0,-0.12215894319678036,-0.5882180349375593,-1.5184591854992255,-24.43178863935607,3.0,0.0,-1.3994050614235716,-0.03,0.0,False,0.005646010066494724,0.12215894319678036,0.28230170372081254,0.04252192476461086,4.252192476461086e-06,4.2521924764610866e-06,-0.02443220419226039,0.0,-0.3684943237139516,0.9302411505616662,0.8111870264860123,0.3684943237139516
100.0,0.0,0.0,-0.09141549260566943,-0.7151386206469865,-1.6646457361999751,-18.283098521133887,3.0,0.0,-1.4413391153583694,0.11,0.0,False,0.0057319386574525765,0.09141549260566943,0.2865981515379506,0.04252192476461086,4.252192476461086e-06,4.2521924764610866e-06,-0.01828340949282747,0.0,-0.1269205857094272,0.9495071155529886,0.7262004947113829,0.1269205857094272
101.0,0.0,0.0,-0.08551346055480046,-0.922988415224902,-1.8064126522716317,-17.102692110960092,3.0,0.0,-1.502392396807747,0.25,0.0,False,0.005636292643755385,0.08551346055480046,0.28181583051782794,0.04252192476461086,4.252192476461086e-06,4.2521924764610866e-06,-0.017102983005478023,0.0,-0.20784979457791553,0.8834242370467297,0.579403981582845,0.20784979457791553
102.0,0.0,0.0,-0.07127740552903478,-1.3113654731692768,-1.7654682150139165,-14.255481105806956,3.0,0.0,-1.5702914071796703,0.25,0.0,False,0.005431421843295012,0.07127740552903478,0.2715722469373055,0.04252192476461086,4.252192476461086e-06,4.2521924764610866e-06,-0.014255723572973951,0.0,-0.3883770579443747,0.4541027418446397,0.25892593401039354,0.3883770579443747
103.0,0.0,0.0,-0.03533510079285497,-0.6050992768950548,-1.7738432003919082,-7.067020158570994,3.0,0.0,-1.6357776247776257,0.07,0.0,False,0.005231850200271487,0.03533510079285497,0.2615936223552773,0.04252192476461086,4.252192476461086e-06,4.2521924764610866e-06,-0.007067140359379668,0.0,0.7062661962742219,1.1687439234968533,1.0306783478825707,0.7062661962742219
104.0,0.0,0.0,-0.10927911186468849,-0.5534805993737245,-1.6975447131547852,-21.8558223729377,3.0,0.0,-1.6647239936803135,0.07,0.0,False,0.0049978161999629095,0.10927911186468849,0.2498918725819676,0.04252192476461086,4.252192476461086e-06,4.2521924764610866e-06,-0.021856194112010816,0.0,0.051618677521330314,1.1440641137810608,1.1112433943065891,0.051618677521330314
105.0,0.0,0.0,-0.11502015498006919,-0.8102485258282405,-1.5990978737062007,-23.00403099601384,3.0,0.0,-1.6979136293328037,-0.06,0.0,False,0.0048310128649081754,0.11502015498006919,0.24155167036523661,0.04252192476461086,4.252192476461086e-06,4.2521924764610866e-06,-0.023004422264620187,0.0,-0.25676792645451596,0.7888493478779602,0.8876651035045632,0.25676792645451596
106.0,0.0,0.0,-0.08816100826978271,-0.8755540144287225,-1.509319436843211,-17.632201653956542,3.0,0.0,-1.7037066035662973,-0.02,0.0,False,0.005230591333961978,0.08816100826978271,0.2615306787721548,0.04252192476461086,4.252192476461086e-06,4.2521924764610866e-06,-0.017632501554742157,0.0,-0.06530548860048202,0.6337654224144885,0.8281525891375748,0.06530548860048202
107.0,0.0,0.0,-0.07605335058461683,-1.3631898046537747,-1.4923310403560857,-15.210670116923367,3.0,0.0,-1.691877352404871,0.21,0.0,False,0.0049922797428436924,0.07605335058461683,0.24961504854890273,0.04252192476461086,4.252192476461086e-06,4.2521924764610866e-06,-0.015210928830611386,0.0,-0.4876357902250522,0.12914123570231095,0.3286875477510962,0.4876357902250522
108.0,0.0,0.0,-0.028223360731786,-1.4717417439362508,-1.5338135569090845,-5.6446721463572,3.0,0.0,-1.6361036899491483,0.04,0.0,False,0.005105300991131832,0.028223360731786,0.2552661349927148,0.04252192476461086,4.252192476461086e-06,4.2521924764610866e-06,-0.00564476815487868,0.0,-0.10855193928247608,0.062071812972833706,0.16436194601289755,0.10855193928247608
109.0,0.0,0.0,-0.019633113167891986,-1.9113523266663424,-1.5390242800490075,-3.926622633578397,3.0,0.0,-1.6454294125297426,-0.17,0.0,False,0.005366103447814742,0.019633113167891986,0.26830631327597254,0.04252192476461086,4.252192476461086e-06,4.2521924764610866e-06,-0.003926689420315285,0.0,-0.43961058273009157,-0.3723280466173349,-0.26592291413659974,0.43961058273009157
110.0,0.0,0.0,0.024021385270288145,-1.4812509668536125,-1.5275056857559344,4.804277054057629,3.0,0.0,-1.6680770498039754,0.08,0.0,False,0.005179950411455545,0.024021385270288142,0.2589986218800856,0.04252192476461086,4.252192476461086e-06,4.2521924764610866e-06,0.004804358768553135,0.0,0.4301013598127299,0.04625471890232191,0.18682608295036296,0.4301013598127299
111.0,0.0,0.0,-0.020515784094937012,-1.3541053118058648,-1.5215292304743617,-4.103156818987403,3.0,0.0,-1.6711333667857753,0.08,0.0,False,0.005120387249980011,0.020515784094937012,0.2560204511426076,0.04252192476461086,4.252192476461086e-06,4.2521924764610866e-06,-0.004103226608340863,0.0,0.12714565504774766,0.16742391866849693,0.3170280549799105,0.12714565504774766
112.0,0.0,0.0,-0.03184992764655056,-1.036642274971197,-1.4897089208101226,-6.369985529310113,3.0,0.0,-1.6864131696561213,0.04,0.0,False,0.004851548986372492,0.03184992764655056,0.24257848080462951,0.04252192476461086,4.252192476461086e-06,4.2521924764610866e-06,-0.006370093874467574,0.0,0.3174630368346678,0.45306664583892564,0.6497708946849243,0.3174630368346678
113.0,0.0,0.0,-0.06140197198232383,-1.3260155575181414,-1.526715170970403,-12.280394396464766,3.0,0.0,-1.6726113598725059,0.11,0.0,False,0.004860428033051229,0.06140197198232383,0.24302243502633714,0.04252192476461086,4.252192476461086e-06,4.2521924764610866e-06,-0.012280603269979228,0.0,-0.2893732825469444,0.20069961345226162,0.3465958023543645,0.2893732825469444
114.0,0.0,0.0,-0.03509157548658626,-0.7413896293700856,-1.6759174118933515,-7.0183150973172514,3.0,0.0,-1.6506750494445999,-0.04,0.0,False,0.005282243704062388,0.03509157548658626,0.2641133082589662,0.04252192476461086,4.252192476461086e-06,4.2521924764610866e-06,-0.007018434469716267,0.0,0.5846259281480558,0.934527782523266,0.9092854200745143,0.5846259281480558
115.0,0.0,0.0,-0.09653978487442805,-0.5843890651394459,-1.816478945176803,-19.30795697488561,3.0,0.0,-1.676938773190667,0.05,0.0,False,0.005161814018207565,0.09653978487442806,0.25809179836171486,0.04252192476461086,4.252192476461086e-06,4.2521924764610866e-06,-0.019308285378086695,0.0,0.15700056423063968,1.2320898800373572,1.0925497080512212,0.15700056423063968
116.0,0.0,0.0,-0.11586169669508321,-0.5791392618181816,-1.7561141977343637,-23.17233933901664,3.0,0.0,-1.7068080034017112,-0.05,0.0,False,0.005273235190455102,0.11586169669508323,0.26366288066330523,0.04252192476461086,4.252192476461086e-06,4.2521924764610866e-06,-0.023172733470328697,0.0,0.005249803321264235,1.176974935916182,1.1276687415835296,0.005249803321264235
117.0,0.0,0.0,-0.12083158610826722,-0.7846122116393244,-1.8383228377356655,-24.166317221653443,3.0,0.0,-1.7430306654020264,0.14,0.0,False,0.004948190401328731,0.12083158610826722,0.24741057209933634,0.04252192476461086,4.252192476461086e-06,4.2521924764610866e-06,-0.024166728259234705,0.0,-0.20547294982114273,1.0537106260963411,0.9584184537627021,0.20547294982114273
118.0,0.0,0.0,-0.10680186129626551,-0.5974593050601178,-1.9442616814511302,-21.3603722592531,3.0,0.0,-1.787480812858921,0.07,0.0,False,0.00529097411471339,0.10680186129626552,0.26454983064768567,0.04252192476461086,4.252192476461086e-06,4.2521924764610866e-06,-0.021360735571365072,0.0,0.18715290657920658,1.3468023763910124,1.1900215077988032,0.18715290657920658
119.0,0.0,0.0,-0.12518148374636176,-0.5387047624391137,-1.8687747615644106,-25.036296749272353,3.0,0.0,-1.8526535317055322,-0.09,0.0,False,0.005614194046827491,0.12518148374636176,0.28071089597305887,0.04252192476461086,4.252192476461086e-06,4.2521924764610866e-06,-0.025036722584072302,0.0,0.0587545426210041,1.3300699991252969,1.3139487692664185,0.0587545426210041
120.0,0.0,0.0,-0.13571124816614724,-0.8807476856717018,-1.9272138477657785,-27.142249633229447,3.0,0.0,-1.849300757311903,0.2,0.0,False,0.005069132956473769,0.13571124816614724,0.25345772557013935,0.04252192476461086,4.252192476461086e-06,4.2521924764610866e-06,-0.02714271128754512,0.0,-0.3420429232325881,1.0464661620940767,0.9685530716402011,0.3420429232325881
121.0,0.0,0.0,-0.10392381030089139,-0.5773252653602294,-1.929433537903103,-20.784762060178277,3.0,0.0,-1.8958460976180058,-0.07,0.0,False,0.0053268280152298335,0.1039238103008914,0.2663425332963921,0.04252192476461086,4.252192476461086e-06,4.2521924764610866e-06,-0.020785115581910447,0.0,0.3034224203114724,1.3521082725428735,1.3185208322577764,0.3034224203114724
122.0,0.0,0.0,-0.13245291530780093,-0.7477642575059035,-1.7983896295175403,-26.490583061560187,3.0,0.0,-1.920007883882829,-0.03,0.0,False,0.0054963691179363535,0.13245291530780093,0.27481962447778824,0.04252192476461086,4.252192476461086e-06,4.2521924764610866e-06,-0.02649103363187622,0.0,-0.17043899214567404,1.0506253720116367,1.1722436263769254,0.17043899214567404
123.0,0.0,0.0,-0.11719318312438425,-0.5582430917684044,-1.8656568244125467,-23.43863662487685,3.0,0.0,-1.9018825792027354,0.1,0.0,False,0.005142019500402619,0.11719318312438425,0.25710206826296256,0.04252192476461086,4.252192476461086e-06,4.2521924764610866e-06,-0.023439035285558907,0.0,0.1895211657374991,1.3074137326441422,1.3436394874343311,0.1895211657374991
124.0,0.0,0.0,-0.13420388080277504,-0.2292046684056268,-1.8052205489067825,-26.840776160555006,3.0,0.0,-1.9197210051483233,-0.01,0.0,False,0.005317112703885717,0.13420388080277504,0.26585676566361766,0.04252192476461086,4.252192476461086e-06,4.2521924764610866e-06,-0.026841232687199554,0.0,0.32903842336277755,1.5760158805011557,1.6905163367426965,0.32903842336277755
125.0,0.0,0.0,-0.16898621103399503,-0.8882748159619649,-1.871394409482815,-33.797242206799005,3.0,0.0,-1.9003104328327662,0.15,0.0,False,0.00488603218188806,0.16898621103399505,0.2443026479118671,0.04252192476461086,4.252192476461086e-06,4.2521924764610866e-06,-0.03379781705387076,0.0,-0.6590701475563381,0.9831195935208501,1.0120356168708013,0.6590701475563381
126.0,0.0,0.0,-0.1028315035471689,-0.9352730214752585,-1.9240183012727465,-20.56630070943378,3.0,0.0,-1.9191027068403346,0.04,0.0,False,0.004543357111140385,0.1028315035471689,0.22716882151846549,0.04252192476461086,4.252192476461086e-06,4.2521924764610866e-06,-0.020566650515422898,0.0,-0.04699820551329359,0.988745279797488,0.9838296853650761,0.04699820551329359
127.0,0.0,0.0,-0.09999795725333199,0.20057677303625365,-1.936793427589814,-19.999591450666397,3.0,0.0,-1.9166117144009391,-0.02,0.0,False,0.004888674648087282,0.09999795725333199,0.24443477178364198,0.04252192476461086,4.252192476461086e-06,4.2521924764610866e-06,-0.01999993161766912,0.0,1.135849794511512,2.1373702006260675,2.117188487437193,1.135849794511512
128.0,0.0,0.0,-0.22016324245649874,0.25112288387983367,-2.159723926933877,-44.032648491299746,3.0,0.0,-1.9352738545366521,0.16,0.0,False,0.004937861851861218,0.22016324245649868,0.2468941424300117,0.04252192476461086,4.252192476461086e-06,4.2521924764610866e-06,-0.04403339742930161,0.0,0.05054611084358002,2.4108468108137107,2.186396738416486,0.05054611084358002
129.0,0.0,0.0,-0.22857470597852886,0.25481909455303775,-2.1519594953217642,-45.71494119570577,3.0,0.0,-2.00110246035289,0.08,0.0,False,0.0050000328720561345,0.22857470597852886,0.25000270665791463,0.04252192476461086,4.252192476461086e-06,4.2521924764610866e-06,-0.04571571874731548,0.0,0.003696210673204081,2.406778589874802,2.2559215549059277,0.003696210673204081
130.0,0.0,0.0,-0.2335384658558625,0.796061753738418,-2.167789959315827,-46.7076931711725,3.0,0.0,-2.0346727730877054,0.07,0.0,False,0.0051468328581934725,0.2335384658558625,0.25734273717587136,0.04252192476461086,4.252192476461086e-06,4.2521924764610866e-06,-0.04670848760820034,0.0,0.5412426591853803,2.963851713054245,2.8307345268261237,0.5412426591853803
131.0,0.0,0.0,-0.2897799493842092,0.4843779756778467,-2.0297525452081273,-57.95598987684184,3.0,0.0,-2.080615216530959,-0.05,0.0,False,0.005305287661422298,0.28977994938420915,0.265265511026329,0.04252192476461086,4.252192476461086e-06,4.2521924764610866e-06,-0.05795697563274665,0.0,-0.31168377806057135,2.514130520885974,2.5649931922088056,0.31168377806057135
132.0,0.0,0.0,-0.2564604637435508,0.27914964875239945,-1.9309667176420282,-51.29209274871016,3.0,0.0,-2.101799350109701,-0.08,0.0,False,0.005605505761326363,0.2564604637435508,0.28027647985078935,0.04252192476461086,4.252192476461086e-06,4.2521924764610866e-06,-0.051292965160404005,0.0,-0.20522832692544724,2.210116366394428,2.3809489988621007,0.20522832692544724
133.0,0.0,0.0,-0.2401336198462387,0.3440364888951772,-2.0613741056506103,-48.02672396924774,3.0,0.0,-2.0802811877203804,-0.02,0.0,False,0.005315309490403591,0.2401336198462387,0.2657666046061308,0.04252192476461086,4.252192476461086e-06,4.2521924764610866e-06,-0.048027540841271525,0.0,0.06488684014277774,2.4054105945457875,2.4243176766155576,0.06488684014277774
134.0,0.0,0.0,-0.24619537070453976,0.045994804744817874,-2.035978706176748,-49.23907414090795,3.0,0.0,-2.122237604428568,-0.02,0.0,False,0.005286469003884497,0.24619537070453973,0.26432457414841104,0.04252192476461086,4.252192476461086e-06,4.2521924764610866e-06,-0.04923991163342917,0.0,-0.2980416841503593,2.0819735109215656,2.1682324091733856,0.2980416841503593
135.0,0.0,0.0,-0.21686527696734434,-0.6535657936762805,-2.022812867967192,-43.37305539346887,3.0,0.0,-2.11796956165537,-0.01,0.0,False,0.005416284331824562,0.21686527696734434,0.2708153681454024,0.04252192476461086,4.252192476461086e-06,4.2521924764610866e-06,-0.04337379311265121,0.0,-0.6995605984210984,1.3692470742909113,1.4644037679790896,0.6995605984210984
136.0,0.0,0.0,-0.14766550322248784,-1.2522762075481146,-2.0169287898870967,-29.533100644497566,3.0,0.0,-2.1227040725735797,0.02,0.0,False,0.005136819833211769,0.14766550322248784,0.2568420837979208,0.04252192476461086,4.252192476461086e-06,4.2521924764610866e-06,-0.029533602964075048,0.0,-0.5987104138718341,0.764652582338982,0.8704278650254651,0.5987104138718341
137.0,0.0,0.0,-0.08512262570913381,-1.0943642621588971,-2.0416418699176213,-17.024525141826764,3.0,0.0,-2.130252221008249,0.09,0.0,False,0.005187391656994274,0.08512262570913381,0.25937068573910244,0.04252192476461086,4.252192476461086e-06,4.2521924764610866e-06,-0.017024814706826357,0.0,0.1579119453892175,0.9472776077587242,1.035887958849352,0.1579119453892175
138.0,0.0,0.0,-0.09990074236747784,-0.5384565644141374,-1.983664622769983,-19.980148473495568,3.0,0.0,-2.1035205625288826,-0.14,0.0,False,0.005459962970368089,0.09990074236747784,0.2729993093590776,0.04252192476461086,4.252192476461086e-06,4.2521924764610866e-06,-0.019980488309798573,0.0,0.5559076977447598,1.4452080583558455,1.5650639981147454,0.5559076977447598
139.0,0.0,0.0,-0.15880466842057953,0.43580349813356045,-2.01700467306591,-31.760933684115905,3.0,0.0,-2.093392925692929,0.19,0.0,False,0.004857255308827062,0.15880466842057953,0.242863798140577,0.04252192476461086,4.252192476461086e-06,4.2521924764610866e-06,-0.031761473896231816,0.0,0.9742600625476978,2.4528081711994707,2.5291964238264897,0.9742600625476978
140.0,0.0,0.0,-0.25979406119544446,-0.3942106791284401,-2.0136079155984046,-51.95881223908889,3.0,0.0,-2.126537012020745,-0.08,0.0,False,0.0048489905125698885,0.25979406119544446,0.2424505565705431,0.04252192476461086,4.252192476461086e-06,4.2521924764610866e-06,-0.05195969599081292,0.0,-0.8300141772620006,1.6193972364699645,1.732326332892305,0.8300141772620006
141.0,0.0,0.0,-0.17160950848744297,-0.6759108415781316,-1.8891150348873866,-34.32190169748859,3.0,0.0,-2.1621923485385035,0.26,0.0,False,0.005024374221707322,0.17160950848744297,0.25121977931567924,0.04252192476461086,4.252192476461086e-06,4.2521924764610866e-06,-0.03432248546833496,0.0,-0.28170016244969154,1.213204193309255,1.4862815069603719,0.28170016244969154
142.0,0.0,0.0,-0.14210958414752145,-0.28440108765245947,-1.9229592075930122,-28.42191682950429,3.0,0.0,-2.110342249835912,-0.01,0.0,False,0.004887300143461719,0.14210958414752145,0.24436604626013086,0.04252192476461086,4.252192476461086e-06,4.2521924764610866e-06,-0.028422400249292306,0.0,0.39150975392567217,1.6385581199405528,1.8259411621834527,0.39150975392567217
143.0,0.0,0.0,-0.18062083831519105,-0.35610998394490895,-1.913289668501972,-36.12416766303821,3.0,0.0,-2.0970368969185715,0.07,0.0,False,0.005208403182190671,0.18062083831519105,0.2604212664661748,0.04252192476461086,4.252192476461086e-06,4.2521924764610866e-06,-0.03612478208808134,0.0,-0.07170889629244948,1.5571796845570631,1.7409269129736626,0.07170889629244948
144.0,0.0,0.0,-0.17756057069634695,0.2744682693288401,-2.10643212139869,-35.51211413926939,3.0,0.0,-2.0906478725328568,0.04,0.0,False,0.005001985139566514,0.177560570696347,0.2501003204485046,0.04252192476461086,4.252192476461086e-06,4.2521924764610866e-06,-0.03551271815407924,0.0,0.6305782532737491,2.3809003907275303,2.365116141861697,0.6305782532737491
145.0,0.0,0.0,-0.24026949871628148,0.24387115394262662,-2.0507886464223266,-48.053899743256295,3.0,0.0,-2.131753441994518,0.04,0.0,False,0.005114525858410908,0.24026949871628148,0.25572738031796416,0.04252192476461086,4.252192476461086e-06,4.2521924764610866e-06,-0.0480547170775046,0.0,-0.030597115386213486,2.294659800364953,2.3756245959371447,0.030597115386213486
146.0,0.0,0.0,-0.23534704216803287,0.28733595026907977,-1.9754868550637912,-47.069408433606576,3.0,0.0,-2.12827780144171,0.04,0.0,False,0.005169088821953795,0.23534704216803284,0.2584555400957197,0.04252192476461086,4.252192476461086e-06,4.2521924764610866e-06,-0.04707020902293992,0.0,0.04346479632645314,2.262822805332871,2.41561375171079,0.04346479632645314
147.0,0.0,0.0,-0.2399688400066794,-0.06882082959879221,-1.883363876787996,-47.99376800133588,3.0,0.0,-2.1096493047838027,0.1,0.0,False,0.004873056301017512,0.2399688400066794,0.24365385110954263,0.04252192476461086,4.252192476461086e-06,4.2521924764610866e-06,-0.047994584312821574,0.0,-0.356156779867872,1.814543047189204,2.0408284751850108,0.356156779867872
148.0,0.0,0.0,-0.2032502658601761,0.7608601084136742,-1.8604321730546314,-40.65005317203522,3.0,0.0,-2.1124034694825147,0.01,0.0,False,0.005137500597635636,0.20325026586017614,0.2568761221638512,0.04252192476461086,4.252192476461086e-06,4.2521924764610866e-06,-0.04065074457649627,0.0,0.8296809380124665,2.6212922814683055,2.873263577896189,0.8296809380124665
149.0,0.0,0.0,-0.2860250464446914,0.8273527988916,-1.9264003246698458,-57.205009288938285,3.0,0.0,-2.1013667011631174,0.04,0.0,False,0.004659997051174074,0.2860250464446914,0.23300084331892382,0.04252192476461086,4.252192476461086e-06,4.2521924764610866e-06,-0.05720598227164138,0.0,0.06649269047792572,2.7537531235614456,2.9287195000547173,0.06649269047792572
150.0,0.0,0.0,-0.2895925201521436,0.1556093235338828,-1.8476925018101402,-57.91850403042872,3.0,0.0,-2.0994511677107655,0.12,0.0,False,0.004566184307302172,0.2895925201521436,0.22831018617983653,0.04252192476461086,4.252192476461086e-06,4.2521924764610866e-06,-0.057919489148748095,0.0,-0.6717434753577172,2.003301825344023,2.2550604912446484,0.6717434753577172
151.0,0.0,0.0,-0.22224534175534202,-0.6495734772996877,-1.9012505575498666,-44.449068351068405,3.0,0.0,-2.0686339727866043,0.01,0.0,False,0.004312263878652118,0.22224534175534202,0.21561411076140688,0.04252192476461086,4.252192476461086e-06,4.2521924764610866e-06,-0.04444982437182973,0.0,-0.8051828008335705,1.2516770802501789,1.4190604954869166,0.8051828008335705
152.0,0.0,0.0,-0.14313995033121277,-0.565195684187705,-1.957760088257064,-28.627990066242553,3.0,0.0,-2.066891345518042,-0.02,0.0,False,0.00436857965305278,0.14313995033121277,0.21842991145471566,0.04252192476461086,4.252192476461086e-06,4.2521924764610866e-06,-0.028628476991067936,0.0,0.08437779311198268,1.392564404069359,1.5016956613303372,0.08437779311198268
153.0,0.0,0.0,-0.15495896829692674,-0.5402672857198361,-1.859752189286659,-30.991793659385348,3.0,0.0,-2.081003413542808,-0.09,0.0,False,0.004591243754995948,0.1549589682969267,0.22956316389240497,0.04252192476461086,4.252192476461086e-06,4.2521924764610866e-06,-0.03099232078943118,0.0,0.024928398467868984,1.319484903566823,1.5407361278229719,0.024928398467868984
154.0,0.0,0.0,-0.16017490452667668,-0.5111990786492394,-1.970925942052199,-32.03498090533534,3.0,0.0,-2.1148183129249283,-0.24,0.0,False,0.005089319617955993,0.16017490452667668,0.2544670629361291,0.04252192476461086,4.252192476461086e-06,4.2521924764610866e-06,-0.03203552577863756,0.0,0.029068207070596652,1.4597268634029597,1.6036192342756888,0.029068207070596652
155.0,0.0,0.0,-0.15893354173027027,-0.8379038050461813,-1.9559918087643025,-31.786708346054052,3.0,0.0,-2.1420503857127984,0.15,0.0,False,0.005211264939507302,0.15893354173027027,0.2605643549404435,0.04252192476461086,4.252192476461086e-06,4.2521924764610866e-06,-0.0317872489965634,0.0,-0.3267047263969419,1.1180880037181211,1.304146580666617,0.3267047263969419
156.0,0.0,0.0,-0.12984592291478614,-0.41768602050446646,-2.073639380901523,-25.96918458295723,3.0,0.0,-2.1005682867524604,0.05,0.0,False,0.005080134990879837,0.12984592291478614,0.2540078296295812,0.04252192476461086,4.252192476461086e-06,4.2521924764610866e-06,-0.025969626284964215,0.0,0.4202177845417149,1.6559533603970569,1.682882266247994,0.4202177845417149
157.0,0.0,0.0,-0.16908340996114568,0.18513254394152484,-2.0500597003013623,-33.816681992229135,3.0,0.0,-2.1363906406868676,0.1,0.0,False,0.005025801643647796,0.16908340996114568,0.25129115071618663,0.04252192476461086,4.252192476461086e-06,4.2521924764610866e-06,-0.033817257169946324,0.0,0.6028185644459914,2.2351922442428873,2.3215231846283926,0.6028185644459914
158.0,0.0,0.0,-0.22855446326490117,-0.11708731293665059,-1.9683114060887945,-45.710892652980235,3.0,0.0,-2.1085560688761076,0.04,0.0,False,0.00488979010275712,0.22855446326490117,0.24449054475429022,0.04252192476461086,4.252192476461086e-06,4.2521924764610866e-06,-0.04571167013572951,0.0,-0.30221985687817543,1.851224093152144,1.991468755939457,0.30221985687817543
159.0,0.0,0.0,-0.20110755763472837,-0.44520762542566217,-2.0703439902443472,-40.221511526945676,3.0,0.0,-2.100460681585942,0.08,0.0,False,0.00457616544567507,0.20110755763472837,0.22880924522056745,0.04252192476461086,4.252192476461086e-06,4.2521924764610866e-06,-0.040222195642471474,0.0,-0.3281203124890116,1.625136364818685,1.6552530561602796,0.3281203124890116
160.0,0.0,0.0,-0.16669062337702845,-0.0036294357809443234,-2.113851445054064,-33.33812467540569,3.0,0.0,-2.128205646686109,-0.08,0.0,False,0.004673338222642968,0.16669062337702845,0.2336679047288299,0.04252192476461086,4.252192476461086e-06,4.2521924764610866e-06,-0.0333386917134862,0.0,0.44157818964471784,2.11022200927312,2.1245762109051647,0.44157818964471784
161.0,0.0,0.0,-0.2133172942566893,0.31538110730580887,-2.0959003775711804,-42.66345885133786,3.0,0.0,-2.112149299226676,-0.05,0.0,False,0.00488944696081942,0.21331729425668933,0.24447338758444992,0.04252192476461086,4.252192476461086e-06,4.2521924764610866e-06,-0.04266418450120721,0.0,0.3190105430867532,2.4112814848769895,2.427530406532485,0.3190105430867532
162.0,0.0,0.0,-0.24284496598024424,0.043127826696613275,-2.173436579152268,-48.56899319604885,3.0,0.0,-2.1368477316575216,-0.05,0.0,False,0.004962474274724753,0.24284496598024422,0.24812476880602632,0.04252192476461086,4.252192476461086e-06,4.2521924764610866e-06,-0.04856981929136592,0.0,-0.2722532806091956,2.216564405848881,2.1799755583541347,0.2722532806091956
163.0,0.0,0.0,-0.22287211994164188,0.21313375384920824,-2.3198054484228567,-44.57442398832838,3.0,0.0,-2.113120183673495,0.16,0.0,False,0.004886276200606383,0.22287211994164188,0.2443148488996641,0.04252192476461086,4.252192476461086e-06,4.2521924764610866e-06,-0.04457518214122583,0.0,0.17000592715259497,2.532939202272065,2.3262539375227034,0.17000592715259497
164.0,0.0,0.0,-0.24037955378548484,0.5559628670452061,-2.250329920765758,-48.07591075709697,3.0,0.0,-2.185640757477385,0.01,0.0,False,0.0047612624672641315,0.24037955378548484,0.23806413565342857,0.04252192476461086,4.252192476461086e-06,4.2521924764610866e-06,-0.04807672846572395,0.0,0.3428291131959979,2.806292787810964,2.7416036245225914,0.3428291131959979
165.0,0.0,0.0,-0.2776847752793844,0.4714048864231688,-2.3360831996639737,-55.53695505587688,3.0,0.0,-2.1907128910121427,0.01,0.0,False,0.004785259536361577,0.2776847752793844,0.23926399421030878,0.04252192476461086,4.252192476461086e-06,4.2521924764610866e-06,-0.055537899667149976,0.0,-0.08455798062203734,2.8074880860871425,2.6621177774353115,0.08455798062203734
166.0,0.0,0.0,-0.2700813585092672,0.6650360854034605,-2.2624933926241035,-54.01627170185344,3.0,0.0,-2.2209439242042484,0.06,0.0,False,0.0046411869635533546,0.2700813585092672,0.23206033493868208,0.04252192476461086,4.252192476461086e-06,4.2521924764610866e-06,-0.05401719044828325,0.0,0.19363119898029169,2.927529478027564,2.885980009607709,0.19363119898029169
167.0,0.0,0.0,-0.2916426361523686,0.4207485096274277,-2.3939563369290946,-58.32852723047372,3.0,0.0,-2.2294661205655344,0.01,0.0,False,0.005174793834682862,0.2916426361523686,0.25874079194511357,0.04252192476461086,4.252192476461086e-06,4.2521924764610866e-06,-0.05832951932275371,0.0,-0.24428757577603277,2.8147048465565225,2.650214630192962,0.24428757577603277
168.0,0.0,0.0,-0.2749296457765792,-0.6431146676456468,-2.426364055891409,-54.98592915531584,3.0,0.0,-2.2514522821513854,0.1,0.0,False,0.00524594220619462,0.27492964577657925,0.2622982256475301,0.04252192476461086,4.252192476461086e-06,4.2521924764610866e-06,-0.05498686439435604,0.0,-1.0638631772730744,1.7832493882457618,1.6083376145057384,1.0638631772730744
169.0,0.0,0.0,-0.17312067561052072,-0.5691308865562247,-2.425061965551845,-34.62413512210414,3.0,0.0,-2.328606400826928,0.07,0.0,False,0.005197518943199433,0.17312067561052072,0.25987705220251894,0.04252192476461086,4.252192476461086e-06,4.2521924764610866e-06,-0.034624724033547424,0.0,0.07398378108942216,1.8559310789956203,1.759475514270703,0.07398378108942216
170.0,0.0,0.0,-0.1825307884591132,-0.42078456028899436,-2.5399824811915246,-36.50615769182264,3.0,0.0,-2.3743582308725695,0.07,0.0,False,0.005121151277847491,0.1825307884591132,0.2560586526984212,0.04252192476461086,4.252192476461086e-06,4.2521924764610866e-06,-0.03650677861401865,0.0,0.14834632626723032,2.11919792090253,1.9535736705835751,0.14834632626723032
171.0,0.0,0.0,-0.20112798461232093,-0.2792233929171691,-2.350539157569073,-40.225596922464185,3.0,0.0,-2.394477578949625,-0.07,0.0,False,0.005403121019641509,0.20112798461232093,0.2701571997376028,0.04252192476461086,4.252192476461086e-06,4.2521924764610866e-06,-0.04022628110747724,0.0,0.14156116737182528,2.071315764651904,2.115254186032456,0.14156116737182528
172.0,0.0,0.0,-0.2177634471817343,-0.8959259710985421,-2.4765882575461244,-43.55268943634686,3.0,0.0,-2.43210716815735,-0.03,0.0,False,0.005444344277779294,0.2177634471817343,0.27221837140895344,0.04252192476461086,4.252192476461086e-06,4.2521924764610866e-06,-0.04355343021087031,0.0,-0.6167025781813731,1.5806622864475823,1.536181197058808,0.6167025781813731
173.0,0.0,0.0,-0.1580140819923323,-0.6853538533626923,-2.434419437370745,-31.602816398466462,3.0,0.0,-2.4569041633390976,0.04,0.0,False,0.005125114235750185,0.1580140819923323,0.2562568014361189,0.04252192476461086,4.252192476461086e-06,4.2521924764610866e-06,-0.03160335392121328,0.0,0.21057211773584983,1.749065584008053,1.7715503099764054,0.21057211773584983
174.0,0.0,0.0,-0.182105907929714,-1.8350382247056314,-2.582817622018477,-36.421181585942804,3.0,0.0,-2.476100386336394,-0.04,0.0,False,0.005206363373476627,0.182105907929714,0.2603192755967896,0.04252192476461086,4.252192476461086e-06,4.2521924764610866e-06,-0.03642180106280593,0.0,-1.1496843713429392,0.7477793973128457,0.6410621616307628,1.1496843713429392
175.0,0.0,0.0,-0.06924028842291828,-2.0242232714028128,-2.4498135878364327,-13.848057684583656,3.0,0.0,-2.5064516501284113,-0.05,0.0,False,0.005287492961555452,0.06924028842291827,0.2643757722496621,0.04252192476461086,4.252192476461086e-06,4.2521924764610866e-06,-0.013848293222008893,0.0,-0.1891850466971814,0.4255903164336199,0.48222837872559854,0.1891850466971814
176.0,0.0,0.0,-0.05215266324111914,-2.562886186007466,-2.462625210474901,-10.430532648223828,3.0,0.0,-2.5274558300864887,-0.01,0.0,False,0.005470813590180839,0.05215266324111914,0.2735418426566613,0.04252192476461086,4.252192476461086e-06,4.2521924764610866e-06,-0.010430710057999247,0.0,-0.5386629146046533,-0.10026097553256497,-0.03543035592097743,0.5386629146046533
177.0,0.0,0.0,0.0023987090007040485,-2.489927639318171,-2.3671284594848236,0.4797418001408097,3.0,0.0,-2.545760991972117,0.14,0.0,False,0.0053228767221544,0.004692906507276133,0.26614496780253755,0.04252192476461086,4.252192476461086e-06,4.2521924764610866e-06,0.0004797499599240051,0.0,0.07295854668929502,-0.12279917983334743,0.055833352653945845,0.07295854668929502
178.0,0.0,0.0,-0.003063411083104377,-3.417103683536271,-2.3642153137410142,-0.6126822166208754,3.0,0.0,-2.538898586011807,0.01,0.0,False,0.00551483335970819,0.00496879142003547,0.2757428404920555,0.04252192476461086,4.252192476461086e-06,4.2521924764610866e-06,-0.000612692637547411,0.0,-0.9271760442181001,-1.052888369795257,-0.878205097524464,0.9271760442181001
179.0,0.0,0.0,0.08611516988524799,-3.6265206714758733,-2.4208616961182354,17.2230339770496,3.0,0.0,-2.520562401459893,0.04,0.0,False,0.0052455886734925905,0.08611516988524802,0.2622805489372641,0.04252192476461086,4.252192476461086e-06,4.2521924764610866e-06,0.01722332691842594,0.0,-0.20941698793960217,-1.2056589753576379,-1.1059582700159805,0.20941698793960217
180.0,0.0,0.0,0.10642381564476237,-4.341302876752208,-2.4192165169270994,21.284763128952473,3.0,0.0,-2.555933675769917,0.02,0.0,False,0.005276593651906126,0.10642381564476239,0.26383080444989765,0.04252192476461086,4.252192476461086e-06,4.2521924764610866e-06,0.021285125155051612,0.0,-0.7147822052763351,-1.922086359825109,-1.7853692009822915,0.7147822052763351
181.0,0.0,0.0,0.18230166940106712,-4.011222776092716,-2.3576837167169757,36.460333880213426,3.0,0.0,-2.562259888300841,0.11,0.0,False,0.005458540140071152,0.18230166940106712,0.2729281675417234,0.04252192476461086,4.252192476461086e-06,4.2521924764610866e-06,0.03646095402300609,0.0,0.330080100659492,-1.6535390593757406,-1.4489628877918754,0.330080100659492
182.0,0.0,0.0,0.15172237823774495,-4.1070933757740065,-2.334914526188905,30.344475647548993,3.0,0.0,-2.5182474236521855,-0.02,0.0,False,0.0054135015988138226,0.15172237823774495,0.27067623090322956,0.04252192476461086,4.252192476461086e-06,4.2521924764610866e-06,0.030344991767558525,0.0,-0.09587059968129008,-1.7721788495851016,-1.588845952121821,0.09587059968129008
183.0,0.0,0.0,0.1642883666698799,-3.615039730768737,-2.3556129538879853,32.85767333397598,3.0,0.0,-2.493966736077506,0.02,0.0,False,0.005535739754282126,0.1642883666698799,0.2767881646656529,0.04252192476461086,4.252192476461086e-06,4.2521924764610866e-06,0.03285823220020492,0.0,0.4920536450052695,-1.2594267768807517,-1.121072994691231,0.4920536450052695
184.0,0.0,0.0,0.11510982713690344,-3.904492455539741,-2.3727943548558543,23.02196542738069,3.0,0.0,-2.4641747797873728,0.02,0.0,False,0.005441877628304272,0.11510982713690346,0.272095038410769,0.04252192476461086,4.252192476461086e-06,4.2521924764610866e-06,0.023022357001028358,0.0,-0.2894527247710039,-1.5316981006838866,-1.4403176757523681,0.2894527247710039
185.0,0.0,0.0,0.14446568223345566,-3.8268963303602175,-2.4617243134209117,28.89313644669113,3.0,0.0,-2.4639169859426575,0.06,0.0,False,0.005329982340676821,0.14446568223345566,0.2665002502393815,0.04252192476461086,4.252192476461086e-06,4.2521924764610866e-06,0.02889362788131111,0.0,0.07759612517952341,-1.3651720169393058,-1.36297934441756,0.07759612517952341
186.0,0.0,0.0,0.13847689040924163,-3.596488433863383,-2.3853750973791428,27.69537808184833,3.0,0.0,-2.459804918410831,-0.05,0.0,False,0.005699877555835723,0.13847689040924163,0.2849950896406091,0.04252192476461086,4.252192476461086e-06,4.2521924764610866e-06,0.027695849144158503,0.0,0.23040789649683457,-1.2111133364842401,-1.1366835154525519,0.23040789649683457
187.0,0.0,0.0,0.1134295204714975,-4.690152455767079,-2.4353664943441684,22.6859040942995,3.0,0.0,-2.4420979847482247,0.11,0.0,False,0.005619969620054533,0.1134295204714975,0.2809996758623534,0.04252192476461086,4.252192476461086e-06,4.2521924764610866e-06,0.022686289951981586,0.0,-1.0936640219036957,-2.25478596142291,-2.248054471018854,1.0936640219036957
188.0,0.0,0.0,0.2217807316078647,-4.859719590661142,-2.4411450108296324,44.35614632157294,3.0,0.0,-2.4621691129407313,0.1,0.0,False,0.005508517963911623,0.2217807316078647,0.2754270693595133,0.04252192476461086,4.252192476461086e-06,4.2521924764610866e-06,0.04435690076185157,0.0,-0.16956713489406372,-2.41857457983151,-2.397550477720411,0.16956713489406372
189.0,0.0,0.0,0.24088859017196648,-5.134585539531124,-2.365806789083566,48.177718034393294,3.0,0.0,-2.4722979869705157,0.06,0.0,False,0.005301468760514426,0.24088859017196648,0.2650745651690002,0.04252192476461086,4.252192476461086e-06,4.2521924764610866e-06,0.04817853747462947,0.0,-0.27486594886998184,-2.768778750447558,-2.6622875525606085,0.27486594886998184
190.0,0.0,0.0,0.2663715353799009,-4.4894243090817785,-2.3406656917187183,53.274307075980175,3.0,0.0,-2.4507824737089408,-0.18,0.0,False,0.00548221530658287,0.2663715353799009,0.27411193090087743,0.04252192476461086,4.252192476461086e-06,4.2521924764610866e-06,0.05327521320255805,0.0,0.6451612304493457,-2.14875861736306,-2.0386418353728377,0.6451612304493457
191.0,0.0,0.0,0.20448650822712064,-5.000971702198868,-2.268204915809125,40.89730164542413,3.0,0.0,-2.470813552580184,0.02,0.0,False,0.0055975426169956235,0.20448650822712067,0.27987832094121123,0.04252192476461086,4.252192476461086e-06,4.2521924764610866e-06,0.04089799725525969,0.0,-0.5115473931170893,-2.732766786389743,-2.530158149618684,0.5115473931170893
192.0,0.0,0.0,0.25646333295026935,-4.758189224655122,-2.3749820521285834,51.29266659005387,3.0,0.0,-2.4445157510109827,0.12,0.0,False,0.005505182423365952,0.25646333295026935,0.27526029162306154,0.04252192476461086,4.252192476461086e-06,4.2521924764610866e-06,0.05129353901150801,0.0,0.24278247754374593,-2.3832071725265385,-2.313673473644139,0.24278247754374593
193.0,0.0,0.0,0.23293470331329427,-5.111677153733283,-2.34051617816022,46.586940662658854,3.0,0.0,-2.436283846123434,0.2,0.0,False,0.004829776577173676,0.23293470331329427,0.24148985571566503,0.04252192476461086,4.252192476461086e-06,4.2521924764610866e-06,0.04658773304584379,0.0,-0.3534879290781614,-2.7711609755730633,-2.6753933076098493,0.3534879290781614
194.0,0.0,0.0,0.27248262202343576,-5.813939504435527,-2.198857870614732,54.49652440468715,3.0,0.0,-2.428792667362535,0.08,0.0,False,0.00502936161010547,0.27248262202343576,0.2514691497959534,0.04252192476461086,4.252192476461086e-06,4.2521924764610866e-06,0.05449745131958995,0.0,-0.7022623507022434,-3.6150816338207945,-3.3851468370729916,0.7022623507022434
195.0,0.0,0.0,0.34493272565003413,-6.03217084955379,-2.145844666168555,68.98654513000683,3.0,0.0,-2.386793001071162,0.04,0.0,False,0.005132499388448551,0.34493272565003424,0.25662606064119176,0.04252192476461086,4.252192476461086e-06,4.2521924764610866e-06,0.0689877185012901,0.0,-0.21823134511826314,-3.886326183385235,-3.6453778484826276,0.21823134511826314
196.0,0.0,0.0,0.3664510672159363,-5.664292709827228,-2.138514903487508,73.29021344318726,3.0,0.0,-2.364538911918144,0.03,0.0,False,0.005252722846795029,0.3664510672159363,0.2626372591191799,0.04252192476461086,4.252192476461086e-06,4.2521924764610866e-06,0.07329146001426334,0.0,0.367878139726562,-3.5257778063397196,-3.2997537979090836,0.367878139726562
197.0,0.0,0.0,0.33511212675928176,-5.83918985379341,-2.1067939276948255,67.02242535185636,3.0,0.0,-2.36758226637088,0.3,0.0,False,0.005049635715416663,0.33511212675928176,0.25248285937198295,0.04252192476461086,4.252192476461086e-06,4.2521924764610866e-06,0.06702356531602029,0.0,-0.1748971439661826,-3.732395926098585,-3.4716075874225303,0.1748971439661826
198.0,0.0,0.0,0.3525601262872345,-5.681636441854524,-2.1626331805949786,70.5120252574469,3.0,0.0,-2.313100194171205,0.02,0.0,False,0.00515573171961122,0.35256012628723454,0.25778768213874226,0.04252192476461086,4.252192476461086e-06,4.2521924764610866e-06,0.07051322457516031,0.0,0.1575534119388866,-3.519003261259545,-3.368536247683319,0.1575534119388866
199.0,0.0,0.0,0.3381540340493045,-5.92379333195946,-2.212846161071798,67.6308068098609,3.0,0.0,-2.313513633245244,0.02,0.0,False,0.005048472272544647,0.3381540340493045,0.2524246869810229,0.04252192476461086,4.252192476461086e-06,4.2521924764610866e-06,0.06763195712180106,0.0,-0.24215689010493602,-3.710947170887662,-3.6102796987142156,0.24215689010493602
200.0,0.0,0.0,0.36608928919848693,-5.25062066547677,-2.0822222089863685,73.21785783969739,3.0,0.0,-2.3000242065595087,0.0,0.0,False,0.005340045681899373,0.36608928919848693,0.2670034194400722,0.04252192476461086,4.252192476461086e-06,4.2521924764610866e-06,0.07321910318009889,0.0,0.6731726664826896,-3.1683984564904017,-2.9505964589172615,0.6731726664826896
201.0,0.0,0.0,0.29791220145985264,-5.201472664714734,-2.176440874735419,59.58244029197053,3.0,0.0,-2.262822605868532,-0.03,0.0,False,0.005279131256726176,0.29791220145985264,0.2639576852304194,0.04252192476461086,4.252192476461086e-06,4.2521924764610866e-06,0.05958345371167858,0.0,0.0491480007620364,-3.0250317899793147,-2.9386500588462017,0.0491480007620364
202.0,0.0,0.0,0.2944541304555865,-6.133088239103764,-2.1555254426688233,58.8908260911173,3.0,0.0,-2.271435311877162,0.01,0.0,False,0.005353790112187618,0.29445413045558655,0.26769064387668284,0.04252192476461086,4.252192476461086e-06,4.2521924764610866e-06,0.05889182774736856,0.0,-0.9316155743890304,-3.977562796434941,-3.861652927226602,0.9316155743890304
203.0,0.0,0.0,0.38598265664853315,-6.315874364753138,-2.109152833239037,77.19653132970663,3.0,0.0,-2.2568687563769627,-0.06,0.0,False,0.005203543836225437,0.38598265664853315,0.26017829813476934,0.04252192476461086,4.252192476461086e-06,4.2521924764610866e-06,0.07719784434216229,0.0,-0.1827861256493737,-4.206721531514101,-4.059005608376175,0.1827861256493737
204.0,0.0,0.0,0.4011937504398119,-5.9198596990536405,-2.1620483203431067,80.23875008796239,3.0,0.0,-2.273179608991005,-0.2,0.0,False,0.005549009528178028,0.4011937504398119,0.27745165618172973,0.04252192476461086,4.252192476461086e-06,4.2521924764610866e-06,0.0802401148445969,0.0,0.3960146656994974,-3.757811378710534,-3.6466800900626355,0.3960146656994974
205.0,0.0,0.0,0.366088758831094,-6.205964954652192,-2.032933546702534,73.2177517662188,3.0,0.0,-2.303851562702661,0.16,0.0,False,0.0054897414926300845,0.36608875883109404,0.2744882418033778,0.04252192476461086,4.252192476461086e-06,4.2521924764610866e-06,0.07321899710481612,0.0,-0.28610525559855127,-4.173031407949658,-3.902113391949531,0.28610525559855127
206.0,0.0,0.0,0.39764231043138715,-5.8120978806981585,-2.0254325931622623,79.52846208627743,3.0,0.0,-2.258894276749404,0.15,0.0,False,0.005461341666283822,0.39764231043138715,0.27306824444798833,0.04252192476461086,4.252192476461086e-06,4.2521924764610866e-06,0.07952981476183811,0.0,0.3938670739540333,-3.786665287535896,-3.5532036039487545,0.3938670739540333
207.0,0.0,0.0,0.35573893006153356,-6.1416355462264605,-2.0767074217335,71.14778601230671,3.0,0.0,-2.229457307756288,-0.08,0.0,False,0.00538376712394182,0.3557389300615336,0.26918950083779386,0.04252192476461086,4.252192476461086e-06,4.2521924764610866e-06,0.07114899614348254,0.0,-0.329537665528302,-4.06492812449296,-3.9121782384701724,0.329537665528302
208.0,0.0,0.0,0.3930867236355668,-6.138268365543076,-1.952977747141444,78.61734472711336,3.0,0.0,-2.254632946562727,0.25,0.0,False,0.005144441192718072,0.3930867236355668,0.2572231533936103,0.04252192476461086,4.252192476461086e-06,4.2521924764610866e-06,0.07861868190575443,0.0,0.0033671806833845963,-4.185290618401632,-3.883635418980349,0.0033671806833845963
209.0,0.0,0.0,0.39708387954174773,-5.80142772097349,-2.0342512062318736,79.41677590834955,3.0,0.0,-2.2106847358503545,0.13,0.0,False,0.004882808487931127,0.39708387954174773,0.2441414625286322,0.04252192476461086,4.252192476461086e-06,4.2521924764610866e-06,0.07941812668427381,0.0,0.33684064456958573,-3.7671765147416165,-3.5907429851231356,0.33684064456958573
210.0,0.0,0.0,0.3637708954888079,-6.069193258825768,-2.0574022181161067,72.75417909776158,3.0,0.0,-2.167345146271347,-0.01,0.0,False,0.0047810177085406205,0.3637708954888079,0.23905190191740752,0.04252192476461086,4.252192476461086e-06,4.2521924764610866e-06,0.07275541655159158,0.0,-0.2677655378522781,-4.011791040709662,-3.901848112554421,0.2677655378522781
211.0,0.0,0.0,0.3931180633481343,-6.441711340378979,-2.078513683279903,78.62361266962687,3.0,0.0,-2.163641424892168,0.0,0.0,False,0.004691608000629134,0.3931180633481344,0.23458139751246876,0.04252192476461086,4.252192476461086e-06,4.2521924764610866e-06,0.07862494995487747,0.0,-0.37251808155321076,-4.363197657099076,-4.278069915486811,0.37251808155321076
212.0,0.0,0.0,0.42312496744898953,-6.5676579265853485,-2.3060533676336057,84.6249934897979,3.0,0.0,-2.137929044660863,0.0,0.0,False,0.005126020091927596,0.42312496744898953,0.2563020944375832,0.04252192476461086,4.252192476461086e-06,4.2521924764610866e-06,0.08462643285071994,0.0,-0.12594658620636956,-4.261604558951743,-4.429728881924485,0.12594658620636956
213.0,0.0,0.0,0.4388146381563617,-7.035330309106113,-2.2195233070023908,87.76292763127233,3.0,0.0,-2.2103717054489285,0.01,0.0,False,0.005035880450372473,0.43881463815636174,0.2517950931952719,0.04252192476461086,4.252192476461086e-06,4.2521924764610866e-06,0.08776442036436721,0.0,-0.4676723825207647,-4.815807002103723,-4.824958603657185,0.4676723825207647
214.0,0.0,0.0,0.4792479339566139,-7.392377932423092,-2.365421711832954,95.84958679132278,3.0,0.0,-2.17941824880659,0.14,0.0,False,0.004904668518878366,0.4792479339566139,0.24523446872364704,0.04252192476461086,4.252192476461086e-06,4.2521924764610866e-06,0.09585121706795775,0.0,-0.35704762331697903,-5.026956220590138,-5.212959683616502,0.35704762331697903
215.0,0.0,0.0,0.5110530020584967,-7.210649018729048,-2.366907388885994,102.21060041169933,3.0,0.0,-2.242749076817023,0.01,0.0,False,0.004777520120409002,0.5110530020584967,0.23887702176720552,0.04252192476461086,4.252192476461086e-06,4.2521924764610866e-06,0.10221233888089128,0.0,0.18172891369404454,-4.843741629843054,-4.967899941912025,0.18172891369404454
216.0,0.0,0.0,0.48499374318923366,-7.085084437729287,-2.5153141705671165,96.99874863784673,3.0,0.0,-2.28173925705161,0.22,0.0,False,0.005030476419402443,0.48499374318923366,0.25152489049782134,0.04252192476461086,4.252192476461086e-06,4.2521924764610866e-06,0.09700039846022802,0.0,0.12556458099976098,-4.56977026716217,-4.803345180677677,0.12556458099976098
217.0,0.0,0.0,0.46931547253119005,-6.81784098342892,-2.4872781764988603,93.86309450623801,3.0,0.0,-2.36060847249942,0.04,0.0,False,0.005252746742489289,0.46931547253119016,0.2626384539089734,0.04252192476461086,4.252192476461086e-06,4.2521924764610866e-06,0.09386469099522646,0.0,0.2672434543003668,-4.330562806930059,-4.4572325109295,0.2672434543003668
218.0,0.0,0.0,0.4365734121908848,-6.817558525886435,-2.5249957525483593,87.31468243817696,3.0,0.0,-2.391829931431322,0.02,0.0,False,0.005324813154818846,0.4365734121908848,0.26624178984746405,0.04252192476461086,4.252192476461086e-06,4.2521924764610866e-06,0.0873161675472049,0.0,0.0002824575424851261,-4.292562773338076,-4.425728594455113,0.0002824575424851261
219.0,0.0,0.0,0.4358539769078867,-6.063784257352677,-2.4516558102192474,87.17079538157734,3.0,0.0,-2.4520140418111396,0.06,0.0,False,0.005226362927575898,0.4358539769078867,0.26131925755385077,0.04252192476461086,4.252192476461086e-06,4.2521924764610866e-06,0.08717227804327385,0.0,0.7537742685337578,-3.6121284471334296,-3.6117702155415374,0.7537742685337578
220.0,0.0,0.0,0.3533703487722846,-5.754932721960389,-2.633622031940586,70.67406975445692,3.0,0.0,-2.458926090057501,0.13,0.0,False,0.0053445686965550195,0.3533703487722847,0.26722957113449103,0.04252192476461086,4.252192476461086e-06,4.2521924764610866e-06,0.07067527182833618,0.0,0.3088515353922876,-3.1213106900198033,-3.2960066319028885,0.3088515353922876
221.0,0.0,0.0,0.3180422007974222,-5.639501358772558,-2.681688201461701,63.60844015948444,3.0,0.0,-2.5300056396929116,0.18,0.0,False,0.004994462305930489,0.31804220079742224,0.24972417716727646,0.04252192476461086,4.252192476461086e-06,4.2521924764610866e-06,0.0636095220562067,0.0,0.11543136318783098,-2.9578131573108575,-3.109495719079647,0.11543136318783098
222.0,0.0,0.0,0.29989675956196343,-4.482062149404405,-2.6838846745217637,59.97935191239269,3.0,0.0,-2.5744430951534993,-0.03,0.0,False,0.005293381645189675,0.29989675956196343,0.26467020768336397,0.04252192476461086,4.252192476461086e-06,4.2521924764610866e-06,0.05998037208305045,0.0,1.1574392093681531,-1.7981774748826416,-1.907619054250906,1.1574392093681531
223.0,0.0,0.0,0.1761595171578238,-4.641524666690794,-2.8318336739294616,35.23190343156476,3.0,0.0,-2.6404700022156913,0.23,0.0,False,0.005063850845977253,0.1761595171578238,0.25319361892228603,0.04252192476461086,4.252192476461086e-06,4.2521924764610866e-06,0.03523250268035542,0.0,-0.15946251728638838,-1.809690992761332,-2.0010546644751024,0.15946251728638838
224.0,0.0,0.0,0.19093608439460802,-4.892123113898254,-2.80295719932738,38.1872168789216,3.0,0.0,-2.720429524617493,0.04,0.0,False,0.005292924057017081,0.19093608439460805,0.2646473281774467,0.04252192476461086,4.252192476461086e-06,4.2521924764610866e-06,0.03818786639374495,0.0,-0.2505984472074605,-2.089165914570874,-2.171693589280761,0.2505984472074605
225.0,0.0,0.0,0.21194351415938517,-4.228580682471613,-2.8082251106276184,42.38870283187703,3.0,0.0,-2.732123227895638,0.06,0.0,False,0.0052086477366274355,0.21194351415938514,0.2604334942400076,0.04252192476461086,4.252192476461086e-06,4.2521924764610866e-06,0.042389423808504335,0.0,0.6635424314266416,-1.4203555718439942,-1.4964574545759746,0.6635424314266416
226.0,0.0,0.0,0.13934961126846418,-3.786310856039144,-2.812345563356151,27.869922253692838,3.0,0.0,-2.7726429110735875,0.05,0.0,False,0.005102163911415671,0.13934961126846418,0.25510928033993335,0.04252192476461086,4.252192476461086e-06,4.2521924764610866e-06,0.02787039628477205,0.0,0.4422698264324687,-0.9739652926829927,-1.0136679449655563,0.4422698264324687
227.0,0.0,0.0,0.093204721825487,-4.366399909623082,-2.9032156836068044,18.6409443650974,3.0,0.0,-2.8350549427185405,0.01,0.0,False,0.004895570100899539,0.09320472182548702,0.24477954589029446,0.04252192476461086,4.252192476461086e-06,4.2521924764610866e-06,0.018641261423282724,0.0,-0.5800890535839383,-1.4631842260162777,-1.5313449669045416,0.5800890535839383
228.0,0.0,0.0,0.15618820756407326,-3.300332542941703,-2.6592029101843266,31.23764151281465,3.0,0.0,-2.854243821563429,0.1,0.0,False,0.004947078238886073,0.15618820756407326,0.247354963740747,0.04252192476461086,4.252192476461086e-06,4.2521924764610866e-06,0.03123817282441228,0.0,1.066067366681379,-0.6411296327573766,-0.44608872137827404,1.066067366681379
229.0,0.0,0.0,0.05042064069638899,-3.4069905810709575,-2.635451787726334,10.084128139277798,3.0,0.0,-2.8044846268662953,0.06,0.0,False,0.004812872034022972,0.05042064069638899,0.24064462496406122,0.04252192476461086,4.252192476461086e-06,4.2521924764610866e-06,0.010084299657163684,0.0,-0.10665803812925434,-0.7715387933446234,-0.6025059542046622,0.10665803812925434
230.0,0.0,0.0,0.06283876441288963,-3.5645709459876387,-2.7058299816744698,12.567752882577926,3.0,0.0,-2.796115416064362,0.01,0.0,False,0.005040236443541579,0.06283876441288964,0.2520128937798531,0.04252192476461086,4.252192476461086e-06,4.2521924764610866e-06,0.012567966643685974,0.0,-0.15758036491668115,-0.8587409643131689,-0.7684555299232767,0.15758036491668115
231.0,0.0,0.0,0.0795325778485525,-2.9414493819702177,-2.801349572223744,15.9065155697105,3.0,0.0,-2.7785895768159987,0.08,0.0,False,0.004672004861775671,0.0795325778485525,0.2336012364019797,0.04252192476461086,4.252192476461086e-06,4.2521924764610866e-06,0.015906786118823388,0.0,0.623121564017421,-0.14009980974647362,-0.16285980515421894,0.623121564017421
232.0,0.0,0.0,0.015346001294441011,-3.2240970877851414,-2.9506718211409835,3.0692002588882024,3.0,0.0,-2.7692282581106564,0.06,0.0,False,0.004634777582705044,0.015346001294441011,0.23173986453357054,0.04252192476461086,4.252192476461086e-06,4.2521924764610866e-06,0.0030692524619872204,0.0,-0.2826477058149237,-0.2734252666441579,-0.45486882967448494,0.2826477058149237
233.0,0.0,0.0,0.03134961803262613,-3.855129614702437,-3.1685289005166766,6.269923606525226,3.0,0.0,-2.7879861063182454,0.48,0.0,False,0.004621357498650821,0.03134961803262613,0.2310688574776203,0.04252192476461086,4.252192476461086e-06,4.2521924764610866e-06,0.006270030249759703,0.0,-0.6310325269172958,-0.6866007141857606,-1.0671435083841918,0.6310325269172958
234.0,0.0,0.0,0.08158777098093006,-4.139755524052223,-3.411170726342595,16.317554196186013,3.0,0.0,-2.9105942422283833,0.57,0.0,False,0.004478808225152769,0.08158777098093006,0.2239413634953703,0.04252192476461086,4.252192476461086e-06,4.2521924764610866e-06,0.01631783173653059,0.0,-0.2846259093497858,-0.7285847977096278,-1.2291612818238398,0.2846259093497858
235.0,0.0,0.0,0.09932645385242762,-3.984521801819403,-3.493147902909023,19.865290770485526,3.0,0.0,-3.0392345585478404,0.41,0.0,False,0.004697854226271532,0.09932645385242762,0.23489371012259638,0.04252192476461086,4.252192476461086e-06,4.2521924764610866e-06,0.019865628653208595,0.0,0.15523372223282017,-0.49137389891037975,-0.9452872432715624,0.15523372223282017
236.0,0.0,0.0,0.08114781606191736,-4.681773258650982,-3.3415539074917664,16.22956321238347,3.0,0.0,-3.1464698677679586,0.0,0.0,False,0.005285026130626726,0.08114781606191737,0.2642524301787538,0.04252192476461086,4.252192476461086e-06,4.2521924764610866e-06,0.01622983925611602,0.0,-0.6972514568315793,-1.3402193511592158,-1.5353033908830236,0.6972514568315793
237.0,0.0,0.0,0.14015884340087248,-4.337650571507253,-3.4919517355870027,28.031768680174494,3.0,0.0,-3.173026388393583,0.43,0.0,False,0.005094947579927526,0.14015884340087248,0.25474846223126457,0.04252192476461086,4.252192476461086e-06,4.2521924764610866e-06,0.02803224546405063,0.0,0.34412268714372907,-0.8456988359202504,-1.1646241831136699,0.34412268714372907
238.0,0.0,0.0,0.10376966245765017,-4.359158433707452,-3.416759402380473,20.753932491530033,3.0,0.0,-3.280155025523288,-0.02,0.0,False,0.005353045326778459,0.10376966245765017,0.26765340444787616,0.04252192476461086,4.252192476461086e-06,4.2521924764610866e-06,0.02075428548889139,0.0,-0.021507862200198957,-0.9423990313269792,-1.079003408184164,0.021507862200198957
239.0,0.0,0.0,0.10430065171264263,-3.671565219045251,-3.3505328341981233,20.860130342528528,3.0,0.0,-3.299931884501853,0.1,0.0,False,0.005230139264699612,0.10430065171264263,0.2615080752129222,0.04252192476461086,4.252192476461086e-06,4.2521924764610866e-06,0.020860485146177016,0.0,0.687593214662201,-0.3210323848471277,-0.371633334543398,0.687593214662201
240.0,0.0,0.0,0.0335543127694656,-4.219994639186761,-3.347616122649374,6.7108625538931195,3.0,0.0,-3.3161297412587016,-0.06,0.0,False,0.0053668158222149485,0.0335543127694656,0.2683419321474404,0.04252192476461086,4.252192476461086e-06,4.2521924764610866e-06,0.006710976696924804,0.0,-0.5484294201415101,-0.872378516537387,-0.9038648979280595,0.5484294201415101
241.0,0.0,0.0,0.08742692295419381,-4.312617957428332,-3.433099255736846,17.485384590838763,3.0,0.0,-3.3360149573807796,-0.01,0.0,False,0.005355906944612425,0.08742692295419381,0.26779648594798194,0.04252192476461086,4.252192476461086e-06,4.2521924764610866e-06,0.01748568199445735,0.0,-0.09262331824157055,-0.8795187016914858,-0.9766030000475521,0.09262331824157055
242.0,0.0,0.0,0.09192631062122053,-4.752651427605445,-3.5362234981238685,18.385262124244107,3.0,0.0,-3.345706821839623,0.1,0.0,False,0.00528037446731317,0.09192631062122053,0.2640198460240876,0.04252192476461086,4.252192476461086e-06,4.2521924764610866e-06,0.018385574833607518,0.0,-0.4400334701771129,-1.216427929481576,-1.4069446057658217,0.4400334701771129
243.0,0.0,0.0,0.13267325411591013,-5.016782439504615,-3.533141758896848,26.534650823182027,3.0,0.0,-3.3933353067978067,0.19,0.0,False,0.0048931343764130955,0.13267325411591013,0.2446577591481138,0.04252192476461086,4.252192476461086e-06,4.2521924764610866e-06,0.026535102143033288,0.0,-0.26413101189917043,-1.4836406806077669,-1.6234471327068083,0.26413101189917043
244.0,0.0,0.0,0.16171492162577114,-5.093175633530795,-3.4701075367202026,32.34298432515423,3.0,0.0,-3.4258906788356955,-0.04,0.0,False,0.0048960325535983285,0.16171492162577114,0.24480266862355582,0.04252192476461086,4.252192476461086e-06,4.2521924764610866e-06,0.03234353443719347,0.0,-0.07639319402618039,-1.6230680968105928,-1.6672849546950999,0.07639319402618039
245.0,0.0,0.0,0.17009664564022386,-4.772631390352293,-3.459948861042535,34.019329128044774,3.0,0.0,-3.399598841098252,0.03,0.0,False,0.004913324018617244,0.17009664564022386,0.24566724555083344,0.04252192476461086,4.252192476461086e-06,4.2521924764610866e-06,0.03401990775252581,0.0,0.32054424317850216,-1.3126825293097584,-1.3730325492540412,0.32054424317850216
246.0,0.0,0.0,0.13476590388840778,-4.68592550259097,-3.596809130816954,26.953180777681556,3.0,0.0,-3.3921730129447156,0.07,0.0,False,0.004781197414917336,0.1347659038884078,0.23906088727445057,0.04252192476461086,4.252192476461086e-06,4.2521924764610866e-06,0.026953639216182244,0.0,0.08670588776132337,-1.0891163717740158,-1.2937524896462542,0.08670588776132337
247.0,0.0,0.0,0.12284551641323388,-4.7945836460945745,-3.4776661263021857,24.569103282646775,3.0,0.0,-3.424943698940087,0.0,0.0,False,0.0051832887407738575,0.1228455164132339,0.2591655390557621,0.04252192476461086,4.252192476461086e-06,4.2521924764610866e-06,0.02456952117109434,0.0,-0.1086581435036047,-1.3169175197923888,-1.3696399471544876,0.1086581435036047
248.0,0.0,0.0,0.13026681666663406,-4.8644056371129425,-3.4376907136721333,26.05336333332681,3.0,0.0,-3.457444220319599,0.08,0.0,False,0.004892483956777144,0.13026681666663406,0.24462523802803077,0.04252192476461086,4.252192476461086e-06,4.2521924764610866e-06,0.026053806467104708,0.0,-0.06982199101836795,-1.4267149234408092,-1.4069614167933433,0.06982199101836795
249.0,0.0,0.0,0.13373250808419093,-5.288089951075707,-3.5680451589143063,26.746501616838188,3.0,0.0,-3.4918877834493474,0.01,0.0,False,0.004907194786738924,0.13373250808419093,0.24536078265378375,0.04252192476461086,4.252192476461086e-06,4.2521924764610866e-06,0.02674695653999553,0.0,-0.42368431396276485,-1.720044792161401,-1.79620216762636,0.42368431396276485
250.0,0.0,0.0,0.17208416337625385,-4.674059153097955,-3.6687090860527847,34.41683267525077,3.0,0.0,-3.527052123452798,0.08,0.0,False,0.00485713051107392,0.17208416337625387,0.2428575582263868,0.04252192476461086,4.252192476461086e-06,4.2521924764610866e-06,0.034417418060749425,0.0,0.614030797977752,-1.0053500670451707,-1.1470070296451573,0.614030797977752
251.0,0.0,0.0,0.10663808565125095,-4.645133711855792,-3.7062098089104634,21.32761713025019,3.0,0.0,-3.5672117305639297,0.08,0.0,False,0.005182189415923661,0.10663808565125095,0.2591105725795253,0.04252192476461086,4.252192476461086e-06,4.2521924764610866e-06,0.021327979885240076,0.0,0.028925441242163785,-0.9389239029453282,-1.077921981291862,0.028925441242163785
252.0,0.0,0.0,0.09348325684803463,-3.777834027015866,-3.8517429421076934,18.696651369606926,3.0,0.0,-3.607655624302171,0.36,0.0,False,0.004946899221117363,0.09348325684803463,0.24734601281425062,0.04252192476461086,4.252192476461086e-06,4.2521924764610866e-06,0.018696969375295844,0.0,0.8672996848399257,0.07390891509182751,-0.17017840271369478,0.8672996848399257
253.0,0.0,0.0,0.001504557524396771,-4.103954110397799,-3.9458917065880224,0.3009115048793542,3.0,0.0,-3.710281267935374,0.1,0.0,False,0.0052118477205140255,0.004317990881110002,0.26059349411468447,0.04252192476461086,4.252192476461086e-06,4.2521924764610866e-06,0.00030091662299213924,0.0,-0.3261200833819333,-0.15806240380977687,-0.3936728424624252,0.3261200833819333
254.0,0.0,0.0,0.027480439321270988,-3.9053496197237085,-4.1049220299654845,5.496087864254197,3.0,0.0,-3.762788131888489,0.28,0.0,False,0.005144022175104393,0.027480439321270988,0.2572022024238392,0.04252192476461086,4.252192476461086e-06,4.2521924764610866e-06,0.005496181345550557,0.0,0.1986044906740907,0.19957241024177597,-0.1425614878352195,0.1986044906740907
255.0,0.0,0.0,0.0010176155201305436,-3.666348136355095,-4.094729773223788,0.2035231040261087,3.0,0.0,-3.829143874579223,0.2,0.0,False,0.00517215710527274,0.004151826269504256,0.2586089549140135,0.04252192476461086,4.252192476461086e-06,4.2521924764610866e-06,0.00020352656568903578,0.0,0.2390014833686136,0.42838163686869324,0.16279573822412807,0.2390014833686136
256.0,0.0,0.0,-0.025811688158083948,-3.5972958662133965,-4.102582977848299,-5.16233763161679,3.0,0.0,-3.8951732481675503,0.15,0.0,False,0.005001395741069026,0.025811688158083948,0.25007085039831833,0.04252192476461086,4.252192476461086e-06,4.2521924764610866e-06,-0.005162425436256376,0.0,0.06905227014169846,0.5052871116349027,0.2978773819541538,0.06905227014169846
257.0,0.0,0.0,-0.04069984813926699,-4.059897622298941,-4.2931168399338855,-8.139969627853398,3.0,0.0,-3.9244705057492437,0.34,0.0,False,0.004858362043128933,0.040699848139266984,0.24291913509097302,0.04252192476461086,4.252192476461086e-06,4.2521924764610866e-06,-0.008140108078135115,0.0,-0.4626017560855442,0.2332192176349448,-0.13542711654969697,0.4626017560855442
258.0,0.0,0.0,-0.0020416775656552726,-5.029833182131031,-4.326931889146945,-0.40833551313105454,3.0,0.0,-4.004303000785469,0.2,0.0,False,0.005221486804422441,0.004592765811397361,0.26107545035946733,0.04252192476461086,4.252192476461086e-06,4.2521924764610866e-06,-0.0004083424583863088,0.0,-0.9699355598320905,-0.7029012929840865,-1.0255301813455624,0.9699355598320905
259.0,0.0,0.0,0.08737794463048645,-5.124394575149806,-4.443758768743989,17.47558892609729,3.0,0.0,-4.080314832035793,0.39,0.0,False,0.0051042606264456005,0.08737794463048645,0.25521411653721165,0.04252192476461086,4.252192476461086e-06,4.2521924764610866e-06,0.01747588616310438,0.0,-0.09456139301877453,-0.6806358064058164,-1.044079743114013,0.09456139301877453
260.0,0.0,0.0,0.09251497054467846,-5.4108102965197435,-4.401242209653322,18.50299410893569,3.0,0.0,-4.156035158434229,0.2,0.0,False,0.00490552030946562,0.09251497054467844,0.2452770584341086,0.04252192476461086,4.252192476461086e-06,4.2521924764610866e-06,0.01850330882076683,0.0,-0.28641572136993787,-1.0095680868664214,-1.254775138085514,0.28641572136993787
261.0,0.0,0.0,0.11323685137397353,-5.16586637922916,-4.32596804660798,22.647370274794707,3.0,0.0,-4.199225200129936,0.08,0.0,False,0.004852813753777979,0.11323685137397353,0.2426417194438056,0.04252192476461086,4.252192476461086e-06,4.2521924764610866e-06,0.022647755477066708,0.0,0.24494391729058318,-0.8398983326211802,-0.9666411790992244,0.24494391729058318
262.0,0.0,0.0,0.0861629459274695,-4.878972254151083,-4.39921117937803,17.2325891854939,3.0,0.0,-4.2784177075356356,-0.02,0.0,False,0.004739426429165916,0.08616294592746952,0.236972329105966,0.04252192476461086,4.252192476461086e-06,4.2521924764610866e-06,0.01723288228939189,0.0,0.286894125078077,-0.4797610747730534,-0.6005545466154478,0.286894125078077
263.0,0.0,0.0,0.052454185429820936,-4.3203950269012905,-4.4836860367982085,10.490837085964188,3.0,0.0,-4.304218600882945,0.1,0.0,False,0.004958195696650212,0.052454185429820936,0.2479108389926325,0.04252192476461086,4.252192476461086e-06,4.2521924764610866e-06,0.01049101552143955,0.0,0.5585772272497929,0.16329100989691803,-0.01617642601834568,0.5585772272497929
264.0,0.0,0.0,-0.005187697665797477,-3.4910899384758265,-4.411021605829725,-1.0375395331594954,3.0,0.0,-4.354419247588242,0.0,0.0,False,0.00503991311258972,0.006004384140976624,0.2519967271635169,0.04252192476461086,4.252192476461086e-06,4.2521924764610866e-06,-0.0010375571803556431,0.0,0.829305088425464,0.9199316673538984,0.8633293091124159,0.829305088425464
265.0,0.0,0.0,-0.08657505388726727,-3.7444791910064232,-4.438940064729101,-17.315010777453455,3.0,0.0,-4.372273106513714,-0.03,0.0,False,0.005023011265323718,0.08657505388726727,0.2511516312067214,0.04252192476461086,4.252192476461086e-06,4.2521924764610866e-06,-0.017315305283235376,0.0,-0.25338925253059674,0.6944608737226776,0.6277939155072909,0.25338925253059674
266.0,0.0,0.0,-0.06440989779517982,-3.5193918591746827,-4.490004943318445,-12.881979559035964,3.0,0.0,-4.356858884038138,0.05,0.0,False,0.004996694217599452,0.06440989779517983,0.24983577322525052,0.04252192476461086,4.252192476461086e-06,4.2521924764610866e-06,-0.012882198664730525,0.0,0.22508733183174057,0.9706130841437619,0.837467024863455,0.22508733183174057
267.0,0.0,0.0,-0.08744321935734918,-3.5971488453664646,-4.4258452521517215,-17.488643871469836,3.0,0.0,-4.388591863122361,-0.03,0.0,False,0.004943583404475268,0.08744321935734917,0.24718022127717132,0.04252192476461086,4.252192476461086e-06,4.2521924764610866e-06,-0.017488941330524543,0.0,-0.07775698619178195,0.8286964067852569,0.7914430177558964,0.07775698619178195
268.0,0.0,0.0,-0.08297962086536384,-4.170125032605977,-4.635347357868259,-16.595924173072767,3.0,0.0,-4.393842644018147,0.06,0.0,False,0.005170784357845118,0.08297962086536384,0.25854031725077303,0.04252192476461086,4.252192476461086e-06,4.2521924764610866e-06,-0.016596206448128096,0.0,-0.5729761872395125,0.4652223252622818,0.2237176114121695,0.5729761872395125
269.0,0.0,0.0,-0.032877653157247354,-4.274850504802447,-4.744053471020046,-6.575530631449471,3.0,0.0,-4.426962696286079,0.27,0.0,False,0.005447073889259338,0.032877653157247354,0.2723548525632974,0.04252192476461086,4.252192476461086e-06,4.2521924764610866e-06,-0.006575642472661413,0.0,-0.10472547219646966,0.4692029662175994,0.1521121914836323,0.10472547219646966
270.0,0.0,0.0,-0.026827116677844164,-3.434572302808708,-4.645639975548974,-5.365423335568833,3.0,0.0,-4.49890855428392,0.1,0.0,False,0.005657385525594965,0.026827116677844164,0.2828704790943566,0.04252192476461086,4.252192476461086e-06,4.2521924764610866e-06,-0.005365514594431741,0.0,0.8402782019937387,1.211067672740266,1.0643362514752122,0.8402782019937387
271.0,0.0,0.0,-0.11831327275652127,-3.0907794335537897,-4.695518436933464,-23.662654551304254,3.0,0.0,-4.543127375284073,0.09,0.0,False,0.005488710731274143,0.11831327275652129,0.27443670351643096,0.04252192476461086,4.252192476461086e-06,4.2521924764610866e-06,-0.023663057022239475,0.0,0.34379286925491837,1.6047390033796747,1.4523479417302836,0.34379286925491837
272.0,0.0,0.0,-0.16163209731229142,-3.0822992274901493,-4.8093347555493375,-32.32641946245828,3.0,0.0,-4.6177301849143335,0.29,0.0,False,0.005167977561293287,0.16163209731229145,0.2583999768264295,0.04252192476461086,4.252192476461086e-06,4.2521924764610866e-06,-0.032326969292750786,0.0,0.008480206063640416,1.7270355280591883,1.5354309574241842,0.008480206063640416
273.0,0.0,0.0,-0.16424548683175388,-2.3718595516292464,-4.705087097043823,-32.849097366350776,3.0,0.0,-4.70713477121611,0.02,0.0,False,0.0050880228239401255,0.16424548683175388,0.25440222295962484,0.04252192476461086,4.252192476461086e-06,4.2521924764610866e-06,-0.032849656086713676,0.0,0.7104396758609028,2.333227545414577,2.335275219586863,0.7104396758609028
274.0,0.0,0.0,-0.23156865014245237,-1.555036548341283,-4.598390469743252,-46.313730028490475,3.0,0.0,-4.724789015978856,0.12,0.0,False,0.00517975591232201,0.23156865014245237,0.25898889688205645,0.04252192476461086,4.252192476461086e-06,4.2521924764610866e-06,-0.046314517764718365,0.0,0.8168230032879635,3.0433539214019687,3.169752467637573,0.8168230032879635
275.0,0.0,0.0,-0.3133522682775794,-1.605456685658987,-4.659163319534103,-62.67045365551588,3.0,0.0,-4.687595286777364,0.01,0.0,False,0.004919913642382773,0.3133522682775794,0.24599672814012732,0.04252192476461086,4.252192476461086e-06,4.2521924764610866e-06,-0.06267151959830936,0.0,-0.050420137317704006,3.053706633875116,3.082138601118377,0.050420137317704006
276.0,0.0,0.0,-0.30941129298492637,-1.8326779461733074,-4.677678231220794,-61.882258596985274,3.0,0.0,-4.688625852824956,0.08,0.0,False,0.004677332076468345,0.30941129298492637,0.23386759826923045,0.04252192476461086,4.252192476461086e-06,4.2521924764610866e-06,-0.061883311133607365,0.0,-0.22722126051432046,2.8450002850474867,2.8559479066516484,0.22722126051432046
277.0,0.0,0.0,-0.28982177997931724,-1.6791717019013954,-4.679423235713968,-57.96435599586344,3.0,0.0,-4.699635399326855,0.01,0.0,False,0.005048016076100466,0.28982177997931724,0.25240187706182216,0.04252192476461086,4.252192476461086e-06,4.2521924764610866e-06,-0.057965341894065034,0.0,0.15350624427191195,3.000251533812573,3.0204636974254595,0.15350624427191195
278.0,0.0,0.0,-0.30801505060337786,-0.8476247640800296,-4.743182103350742,-61.60301012067557,3.0,0.0,-4.730957364866093,-0.07,0.0,False,0.00509106473947452,0.30801505060337786,0.254554319383085,0.04252192476461086,4.252192476461086e-06,4.2521924764610866e-06,-0.061604057907644776,0.0,0.8315469378213658,3.8955573392707126,3.8833326007860633,0.8315469378213658
279.0,0.0,0.0,-0.39629688472519725,-1.3784063604320698,-4.7899538712469925,-79.25937694503945,3.0,0.0,-4.759387694899211,0.08,0.0,False,0.004671490573564945,0.3962968847251973,0.23357552188210076,0.04252192476461086,4.252192476461086e-06,4.2521924764610866e-06,-0.07926072504381235,0.0,-0.5307815963520401,3.4115475108149225,3.3809813344671413,0.5307815963520401
280.0,0.0,0.0,-0.3425136264604445,-1.1756929135049607,-4.86738800077425,-68.5027252920889,3.0,0.0,-4.810677867863582,-0.07,0.0,False,0.004970574667584403,0.3425136264604444,0.24852979017123047,0.04252192476461086,4.252192476461086e-06,4.2521924764610866e-06,-0.06850389043422685,0.0,0.20271344692710902,3.6916950872692893,3.6349849543586212,0.20271344692710902
281.0,0.0,0.0,-0.3724077912358712,-1.2554106513487262,-5.140980569100418,-74.48155824717423,3.0,0.0,-4.803615446729787,0.32,0.0,False,0.00487656811648356,0.3724077912358712,0.2438294426294907,0.04252192476461086,4.252192476461086e-06,4.2521924764610866e-06,-0.0744828250814738,0.0,-0.07971773784376546,3.885569917751692,3.5482047953810607,0.07971773784376546
282.0,0.0,0.0,-0.36936471516451574,-1.5116975472901137,-5.132684756689738,-73.87294303290315,3.0,0.0,-4.899850003344072,0.18,0.0,False,0.004958521144425754,0.36936471516451574,0.24792711145060292,0.04252192476461086,4.252192476461086e-06,4.2521924764610866e-06,-0.07387419951545059,0.0,-0.25628689594138754,3.6209872093996243,3.388152456053959,0.25628689594138754
283.0,0.0,0.0,-0.35021915015111404,-2.1611271548722786,-5.207343437632395,-70.04383003022281,3.0,0.0,-4.949136333487024,0.14,0.0,False,0.0050908618396861335,0.350219150151114,0.25454417435052734,0.04252192476461086,4.252192476461086e-06,4.2521924764610866e-06,-0.07004502138454519,0.0,-0.6494296075821648,3.0462162827601165,2.7880091786147454,0.6494296075821648
284.0,0.0,0.0,-0.29394280050389704,-2.364531779492497,-5.2256509603718175,-58.78856010077941,3.0,0.0,-5.01396350876302,0.19,0.0,False,0.005173858310171805,0.29394280050389704,0.2586940155206593,0.04252192476461086,4.252192476461086e-06,4.2521924764610866e-06,-0.05878956001761936,0.0,-0.20340462462021858,2.8611191808793204,2.6494317292705225,0.20340462462021858
285.0,0.0,0.0,-0.2745499245830033,-2.14475219630528,-5.154801281090883,-54.90998491660066,3.0,0.0,-5.100617654979486,-0.02,0.0,False,0.005021715220269655,0.2745499245830033,0.25108682867846666,0.04252192476461086,4.252192476461086e-06,4.2521924764610866e-06,-0.054910918863928265,0.0,0.21977958318721713,3.010049084785603,2.9558654586742064,0.21977958318721713
286.0,0.0,0.0,-0.2921119484013427,-2.830932411536052,-4.937330317249158,-58.42238968026854,3.0,0.0,-5.110089397278713,0.18,0.0,False,0.004697246379692932,0.2921119484013427,0.23486331766443228,0.04252192476461086,4.252192476461086e-06,4.2521924764610866e-06,-0.058423383369026555,0.0,-0.6861802152307721,2.1063979057131057,2.2791569857426612,0.6861802152307721
287.0,0.0,0.0,-0.2238985672686992,-3.4788245493361636,-5.218441369063832,-44.77971345373984,3.0,0.0,-5.065933786130168,0.03,0.0,False,0.004542822638336174,0.2238985672686992,0.2271420977646209,0.04252192476461086,4.252192476461086e-06,4.2521924764610866e-06,-0.04478047509834372,0.0,-0.6478921378001115,1.7396168197276687,1.5871092367940047,0.6478921378001115
288.0,0.0,0.0,-0.1649241022606857,-3.314656412009759,-5.199998394597938,-32.98482045213714,3.0,0.0,-5.069965687213203,-0.03,0.0,False,0.0048927097409459394,0.1649241022606857,0.24463652728447444,0.04252192476461086,4.252192476461086e-06,4.2521924764610866e-06,-0.032985381480972964,0.0,0.16416813732640456,1.8853419825881792,1.7553092752034436,0.16416813732640456
289.0,0.0,0.0,-0.18785731253520166,-3.4930288725371965,-5.363414200538189,-37.57146250704033,3.0,0.0,-5.128100636394359,0.14,0.0,False,0.0051603774185956155,0.1878573125352016,0.25801996807568245,0.04252192476461086,4.252192476461086e-06,4.2521924764610866e-06,-0.037572101548683776,0.0,-0.1783724605274375,1.8703853280009928,1.6350717638571628,0.1783724605274375
290.0,0.0,0.0,-0.17490605080737168,-3.0596458934902,-5.190536944819757,-34.98121016147434,3.0,0.0,-5.193269477634324,-0.02,0.0,False,0.005354684035978245,0.17490605080737168,0.26773534025627077,0.04252192476461086,4.252192476461086e-06,4.2521924764610866e-06,-0.03498180514629898,0.0,0.4333829790469963,2.130891051329557,2.133623584144124,0.4333829790469963
291.0,0.0,0.0,-0.2236816455163234,-2.27640101750198,-5.250457669215365,-44.73632910326468,3.0,0.0,-5.242126567320578,-0.04,0.0,False,0.005299969530814049,0.2236816455163234,0.2649996033652306,0.04252192476461086,4.252192476461086e-06,4.2521924764610866e-06,-0.044737090009957264,0.0,0.78324487598822,2.9740566517133846,2.9657255498185977,0.78324487598822
292.0,0.0,0.0,-0.3104932354050286,-1.8692786220521915,-5.43564731421331,-62.098647081005716,3.0,0.0,-5.296509905523941,0.05,0.0,False,0.005516638650796258,0.31049323540502854,0.2758331054302811,0.04252192476461086,4.252192476461086e-06,4.2521924764610866e-06,-0.06209970329811409,0.0,0.4071223954497887,3.5663686921611184,3.427231283471749,0.4071223954497887
293.0,0.0,0.0,-0.3533113445788746,-2.000877696522435,-5.4746520618209615,-70.66226891577492,3.0,0.0,-5.381399385402242,0.12,0.0,False,0.0053951669675506705,0.3533113445788746,0.2697594954419528,0.04252192476461086,4.252192476461086e-06,4.2521924764610866e-06,-0.07066347078893728,0.0,-0.13159907447024333,3.4737743652985267,3.380521688879807,0.13159907447024333
294.0,0.0,0.0,-0.34632076023198555,-2.54409163914597,-5.60279133879356,-69.26415204639711,3.0,0.0,-5.402467185232997,0.09,0.0,False,0.005364964344346359,0.34632076023198555,0.26824935786036896,0.04252192476461086,4.252192476461086e-06,4.2521924764610866e-06,-0.06926533013941245,0.0,-0.543213942623535,3.0586996996475904,2.858375546087027,0.543213942623535
295.0,0.0,0.0,-0.2993193127523034,-2.7380324940566863,-5.6564015909082315,-59.86386255046068,3.0,0.0,-5.464158929968842,0.13,0.0,False,0.005644559492798491,0.2993193127523034,0.2822291747275949,0.04252192476461086,4.252192476461086e-06,4.2521924764610866e-06,-0.05986488075679482,0.0,-0.19394085491071644,2.918369096851545,2.7261264359121555,0.19394085491071644
296.0,0.0,0.0,-0.2809435879502357,-2.178885309742359,-5.690696494391493,-56.18871759004715,3.0,0.0,-5.537348404835488,0.06,0.0,False,0.005521759015457076,0.2809435879502357,0.2760891247519609,0.04252192476461086,4.252192476461086e-06,4.2521924764610866e-06,-0.05618967328695208,0.0,0.5591471843143272,3.511811184649134,3.3584630950931293,0.5591471843143272
297.0,0.0,0.0,-0.34221067485855144,-2.632653935201966,-5.670356270155664,-68.44213497171029,3.0,0.0,-5.54752810486959,0.12,0.0,False,0.005528035085682463,0.34221067485855144,0.27640292959758317,0.04252192476461086,4.252192476461086e-06,4.2521924764610866e-06,-0.06844329908328581,0.0,-0.45376862545960694,3.037702334953698,2.914874169667624,0.45376862545960694
298.0,0.0,0.0,-0.29697747815642306,-3.5300669373982174,-5.646148774974349,-59.39549563128461,3.0,0.0,-5.6010648156107194,0.03,0.0,False,0.0052991987977997574,0.2969774781564231,0.2649610665506509,0.04252192476461086,4.252192476461086e-06,4.2521924764610866e-06,-0.05939650587130746,0.0,-0.8974130021962514,2.1160818375761314,2.070997878212502,0.8974130021962514
299.0,0.0,0.0,-0.21181490832336233,-3.4215905323104363,-5.660857237952636,-42.36298166467247,3.0,0.0,-5.602491857036108,-0.06,0.0,False,0.005299091035280597,0.21181490832336233,0.2649556784017814,0.04252192476461086,4.252192476461086e-06,4.2521924764610866e-06,-0.04236370220381622,0.0,0.10847640508778111,2.2392667056422,2.180901324725672,0.10847640508778111
300.0,0.0,0.0,-0.2221238806116804,-2.8768658974304837,-5.754503126760568,-44.42477612233608,3.0,0.0,-5.648261054519817,0.02,0.0,False,0.0049858158134773395,0.22212388061168034,0.24929185070629148,0.04252192476461086,4.252192476461086e-06,4.2521924764610866e-06,-0.04442553172991823,0.0,0.5447246348799526,2.8776372293300843,2.771395157089333,0.5447246348799526
301.0,0.0,0.0,-0.2784562509045968,-2.4034476281231747,-5.7690171658138025,-55.69125018091936,3.0,0.0,-5.642876564101937,-0.08,0.0,False,0.005265739508404759,0.2784562509045968,0.2632880949671339,0.04252192476461086,4.252192476461086e-06,4.2521924764610866e-06,-0.055692197416551584,0.0,0.473418269307309,3.365569537690628,3.2394289359787622,0.473418269307309
302.0,0.0,0.0,-0.32939257217752965,-1.4958307099411567,-5.823666763453251,-65.87851443550593,3.0,0.0,-5.661487608955205,0.0,0.0,False,0.005528301088875036,0.32939257217752965,0.2764162298137666,0.04252192476461086,4.252192476461086e-06,4.2521924764610866e-06,-0.06587963494323504,0.0,0.907616918182018,4.327836053512094,4.1656568990140475,0.907616918182018
303.0,0.0,0.0,-0.42612087709269064,-1.1405108579635526,-5.86739977249832,-85.22417541853812,3.0,0.0,-5.697443381929329,0.14,0.0,False,0.00543154588854604,0.42612087709269064,0.27157844922623003,0.04252192476461086,4.252192476461086e-06,4.2521924764610866e-06,-0.08522562497076437,0.0,0.3553198519776042,4.726888914534768,4.556932523965776,0.3553198519776042
304.0,0.0,0.0,-0.46350498483967884,-0.5754160916717455,-5.803677177850702,-92.70099696793577,3.0,0.0,-5.757130078267441,-0.05,0.0,False,0.005406206830141297,0.46350498483967884,0.27031149091866535,0.04252192476461086,4.252192476461086e-06,4.2521924764610866e-06,-0.09270257369115863,0.0,0.5650947662918071,5.228261086178956,5.181713986595695,0.5650947662918071
305.0,0.0,0.0,-0.5212803219882558,-1.0507948641053044,-5.889363297693435,-104.25606439765116,3.0,0.0,-5.775659251980803,0.12,0.0,False,0.005290344454088819,0.5212803219882558,0.2645183474825851,0.04252192476461086,4.252192476461086e-06,4.2521924764610866e-06,-0.10425783765752145,0.0,-0.47537877243355897,4.83856843358813,4.724864387875499,0.47537877243355897
306.0,0.0,0.0,-0.4802820140211919,-1.5577833572587139,-6.042269551427039,-96.05640280423839,3.0,0.0,-5.788330140767462,0.25,0.0,False,0.005071445383680779,0.4802820140211919,0.253573347422134,0.04252192476461086,4.252192476461086e-06,4.2521924764610866e-06,-0.09605803659854438,0.0,-0.5069884931534094,4.484486194168325,4.230546783508748,0.5069884931534094
307.0,0.0,0.0,-0.4359128222170653,-1.6109140114144045,-6.1392339775530775,-87.18256444341306,3.0,0.0,-5.853717116895549,0.22,0.0,False,0.005257485672094167,0.43591282221706523,0.2628754013967593,0.04252192476461086,4.252192476461086e-06,4.2521924764610866e-06,-0.08718404730528598,0.0,-0.053130654155690626,4.528319966138673,4.242803105481144,0.053130654155690626
308.0,0.0,0.0,-0.4360826074118293,-1.4019255086418223,-6.126469756835082,-87.21652148236586,3.0,0.0,-5.917004258690513,0.07,0.0,False,0.005439524031583833,0.4360826074118293,0.2719773580743498,0.04252192476461086,4.252192476461086e-06,4.2521924764610866e-06,-0.08721800492180379,0.0,0.20898850277258219,4.72454424819326,4.515078750048691,0.20898850277258219
309.0,0.0,0.0,-0.457905147679203,-1.8441563762483437,-6.159336705925524,-91.5810295358406,3.0,0.0,-5.971832800891811,0.08,0.0,False,0.005008662593505762,0.457905147679203,0.2504341945651579,0.04252192476461086,4.252192476461086e-06,4.2521924764610866e-06,-0.0915825872098761,0.0,-0.4422308676065214,4.3151803296771805,4.127676424643467,0.4422308676065214
310.0,0.0,0.0,-0.4190463577014215,-2.1127242790481997,-6.095973113707476,-83.8092715402843,3.0,0.0,-5.9810743404750415,-0.07,0.0,False,0.00551815466453879,0.4190463577014215,0.275908906439727,0.04252192476461086,4.252192476461086e-06,4.2521924764610866e-06,-0.08381069702683838,0.0,-0.268567902799856,3.9832488346592765,3.868350061426842,0.268567902799856
311.0,0.0,0.0,-0.39138904836794636,-2.0526505183040835,-5.965227076047172,-78.27780967358927,3.0,0.0,-6.034709046551029,-0.03,0.0,False,0.005677436937278208,0.39138904836794636,0.28387305394164175,0.04252192476461086,4.252192476461086e-06,4.2521924764610866e-06,-0.0782791410771813,0.0,0.06007376074411619,3.912576557743088,3.9820585282469456,0.06007376074411619
312.0,0.0,0.0,-0.3985331087843469,-2.3193044456073713,-6.051492003494722,-79.70662175686938,3.0,0.0,-6.026697975806002,-0.01,0.0,False,0.0055542918471029185,0.3985331087843469,0.27771577325104607,0.04252192476461086,4.252192476461086e-06,4.2521924764610866e-06,-0.07970797746269402,0.0,-0.26665392730328774,3.732187557887351,3.7073935301986305,0.26665392730328774
313.0,0.0,0.0,-0.3762491565880223,-3.579731972617024,-6.139191835449481,-75.24983131760446,3.0,0.0,-6.038066338121888,0.04,0.0,False,0.005567332295914212,0.3762491565880222,0.2783677984641357,0.04252192476461086,4.252192476461086e-06,4.2521924764610866e-06,-0.07525111121922834,0.0,-1.2604275270096528,2.5594598628324574,2.4583343655048644,1.2604275270096528
314.0,0.0,0.0,-0.25587333572631804,-3.602432847688578,-6.13153884012776,-51.17466714526361,3.0,0.0,-6.081876005679236,0.01,0.0,False,0.00557649748493621,0.25587333572631804,0.27882605986384296,0.04252192476461086,4.252192476461086e-06,4.2521924764610866e-06,-0.051175537559700876,0.0,-0.022700875071553828,2.5291059924391823,2.479443157990658,0.022700875071553828
315.0,0.0,0.0,-0.2559637222170656,-3.6023043276011095,-6.21974268127726,-51.19274444341312,3.0,0.0,-6.138519731013856,0.02,0.0,False,0.005779494443573771,0.2559637222170656,0.2889759509548281,0.04252192476461086,4.252192476461086e-06,4.2521924764610866e-06,-0.051193615165321685,0.0,0.0001285200874683312,2.61743835367615,2.5362154034127466,0.0001285200874683312
316.0,0.0,0.0,-0.2597146318262484,-3.7210260235751993,-6.343629536468077,-51.942926365249676,3.0,0.0,-6.162124490209924,0.08,0.0,False,0.0053667332384468355,0.2597146318262484,0.2683378029414768,0.04252192476461086,4.252192476461086e-06,4.2521924764610866e-06,-0.05194380984677568,0.0,-0.11872169597408977,2.6226035128928777,2.4410984666347244,0.11872169597408977
317.0,0.0,0.0,-0.25873006371414214,-4.455361538597178,-6.510126695391786,-51.746012742828434,3.0,0.0,-6.199505863693764,0.4,0.0,False,0.004984232729203578,0.25873006371414214,0.24921269615602448,0.04252192476461086,4.252192476461086e-06,4.2521924764610866e-06,-0.05174689287511018,0.0,-0.734335515021979,2.0547651567946073,1.7441443250965856,0.734335515021979
318.0,0.0,0.0,-0.19143991477061653,-5.1688809627729615,-6.491535049483306,-38.28798295412331,3.0,0.0,-6.308381669218136,0.12,0.0,False,0.0050752688666691964,0.19143991477061653,0.2537645223844644,0.04252192476461086,4.252192476461086e-06,4.2521924764610866e-06,-0.03828863418284635,0.0,-0.7135194241757832,1.3226540867103447,1.1395007064451743,0.7135194241757832
319.0,0.0,0.0,-0.12475493790921784,-5.392005515505391,-6.430375732300357,-24.950987581843567,3.0,0.0,-6.369801388271606,0.0,0.0,False,0.005122509808488974,0.12475493790921782,0.25612657951933204,0.04252192476461086,4.252192476461086e-06,4.2521924764610866e-06,-0.024951411965645685,0.0,-0.22312455273242993,1.0383702167949656,0.9777958727662144,0.22312455273242993
320.0,0.0,0.0,-0.10597037574718383,-5.188091983938075,-6.4991554589385565,-21.194075149436767,3.0,0.0,-6.416456865965557,0.04,0.0,False,0.005258311148430134,0.10597037574718385,0.2629166753890618,0.04252192476461086,4.252192476461086e-06,4.2521924764610866e-06,-0.021194435633051487,0.0,0.2039135315673164,1.3110634750004815,1.2283648820274822,0.2039135315673164
321.0,0.0,0.0,-0.12640011732758374,-5.8328295996909,-6.514197255110948,-25.28002346551675,3.0,0.0,-6.451731803298952,0.02,0.0,False,0.004951620644846232,0.12640011732758374,0.24758208500451412,0.04252192476461086,4.252192476461086e-06,4.2521924764610866e-06,-0.025280453445790704,0.0,-0.6447376157528248,0.6813676554200478,0.6189022036080525,0.6447376157528248
322.0,0.0,0.0,-0.07172161259315224,-5.2863320256286395,-6.673915253949459,-14.344322518630447,3.0,0.0,-6.452120031095307,0.29,0.0,False,0.004784583129094377,0.07172161259315224,0.239230173703138,0.04252192476461086,4.252192476461086e-06,4.2521924764610866e-06,-0.014344566496874166,0.0,0.5464975740622604,1.3875832283208194,1.1657880054666672,0.5464975740622604
323.0,0.0,0.0,-0.13160809425631922,-5.462757680353201,-6.884965489562859,-26.321618851263846,3.0,0.0,-6.5500609743274945,0.19,0.0,False,0.005230257240067437,0.13160809425631922,0.2615139740063961,0.04252192476461086,4.252192476461086e-06,4.2521924764610866e-06,-0.026322066547718723,0.0,-0.17642565472456173,1.4222078092096577,1.0873032939742933,0.17642565472456173
324.0,0.0,0.0,-0.11927274051041031,-4.894543669373827,-6.819035894792827,-23.854548102082063,3.0,0.0,-6.602440949339242,0.25,0.0,False,0.005032755681410743,0.11927274051041031,0.2516388540828293,0.04252192476461086,4.252192476461086e-06,4.2521924764610866e-06,-0.023854953836876656,0.0,0.5682140109793741,1.9244922254189998,1.7078972799654153,0.5682140109793741
325.0,0.0,0.0,-0.18079858909898813,-3.98804590614978,-6.735607934029822,-36.15971781979763,3.0,0.0,-6.655510443989796,-0.1,0.0,False,0.005116733250743861,0.18079858909898813,0.25583775040392454,0.04252192476461086,4.252192476461086e-06,4.2521924764610866e-06,-0.036160332849502624,0.0,0.906497763224047,2.747562027880042,2.6674645378400155,0.906497763224047
326.0,0.0,0.0,-0.27798168244623206,-4.045178372218784,-6.929134406638467,-55.59633648924641,3.0,0.0,-6.702567999883723,0.09,0.0,False,0.005007202293274621,0.27798168244623206,0.250361179243127,0.04252192476461086,4.252192476461086e-06,4.2521924764610866e-06,-0.055597282110520355,0.0,-0.057132466069003573,2.8839560344196835,2.657389627664939,0.057132466069003573
327.0,0.0,0.0,-0.27764920752196853,-4.028927473505005,-7.016117411545185,-55.5298415043937,3.0,0.0,-6.767921832193032,0.19,0.0,False,0.005066771857903058,0.27764920752196853,0.25333967013961156,0.04252192476461086,4.252192476461086e-06,4.2521924764610866e-06,-0.05553078599467456,0.0,0.016250898713778383,2.9871899380401796,2.7389943586880268,0.016250898713778383
328.0,0.0,0.0,-0.2863815099363755,-4.282608608916833,-6.982488709176985,-57.276301987275104,3.0,0.0,-6.821729478332032,0.17,0.0,False,0.0046473168250921555,0.2863815099363755,0.23236682931888974,0.04252192476461086,4.252192476461086e-06,4.2521924764610866e-06,-0.057277276182574145,0.0,-0.2536811354118278,2.6998801002601516,2.539120869415199,0.2536811354118278
329.0,0.0,0.0,-0.26018763278618323,-4.393283367999975,-6.9610641596282035,-52.037526557236646,3.0,0.0,-6.892803460333855,-0.04,0.0,False,0.004745755039399182,0.26018763278618323,0.23728876096315268,0.04252192476461086,4.252192476461086e-06,4.2521924764610866e-06,-0.05203841164778871,0.0,-0.11067475908314162,2.5677807916282287,2.4995200923338805,0.11067475908314162
330.0,0.0,0.0,-0.2554448386200289,-3.7587494422334196,-6.928959452279972,-51.088967724005784,3.0,0.0,-6.884540255173394,-0.02,0.0,False,0.004961814698899354,0.2554448386200289,0.2480917898745242,0.04252192476461086,4.252192476461086e-06,4.2521924764610866e-06,-0.05108983668080751,0.0,0.6345339257665552,3.170210010046552,3.1257908129399743,0.6345339257665552
331.0,0.0,0.0,-0.3242832874921915,-3.8733524121831104,-6.976809299831392,-64.8566574984383,3.0,0.0,-6.947786064231308,-0.14,0.0,False,0.00519339611180779,0.3242832874921915,0.25967090975638313,0.04252192476461086,4.252192476461086e-06,4.2521924764610866e-06,-0.06485776062571177,0.0,-0.11460296994969088,3.1034568876482815,3.0744336520481976,0.11460296994969088
332.0,0.0,0.0,-0.3120437316326088,-3.8200078938365682,-6.968050130189698,-62.40874632652176,3.0,0.0,-7.0016512629030965,0.08,0.0,False,0.004881047483539914,0.3120437316326088,0.24405341193466487,0.04252192476461086,4.252192476461086e-06,4.2521924764610866e-06,-0.06240980781801442,0.0,0.05334451834654219,3.1480422363531297,3.1816433690665282,0.05334451834654219
333.0,0.0,0.0,-0.3216058095657959,-3.431571322431322,-6.969811946084113,-64.32116191315917,3.0,0.0,-6.993856072009594,-0.04,0.0,False,0.004789210703653361,0.32160580956579593,0.2394615534149541,0.04252192476461086,4.252192476461086e-06,4.2521924764610866e-06,-0.06432225593235019,0.0,0.38843657140524623,3.5382406236527912,3.562284749578272,0.38843657140524623
334.0,0.0,0.0,-0.35751450140078206,-3.4625912331635846,-6.891843756178931,-71.50290028015641,3.0,0.0,-7.036134365984715,-0.01,0.0,False,0.005172621022880547,0.35751450140078206,0.25863215089303715,0.04252192476461086,4.252192476461086e-06,4.2521924764610866e-06,-0.07150411645136341,0.0,-0.031019910732262623,3.429252523015346,3.5735431328211305,0.031019910732262623
335.0,0.0,0.0,-0.3509500896156893,-3.2207260517036245,-6.841929794462356,-70.19001792313786,3.0,0.0,-7.006792347462793,-0.05,0.0,False,0.005529302302901788,0.3509500896156893,0.27646629072797185,0.04252192476461086,4.252192476461086e-06,4.2521924764610866e-06,-0.0701912117639259,0.0,0.24186518145996017,3.6212037427587314,3.786066295759168,0.24186518145996017
336.0,0.0,0.0,-0.37765905520762333,-3.4416322904953427,-6.895961571066869,-75.53181104152466,3.0,0.0,-6.972166744687009,0.02,0.0,False,0.005298281547405206,0.37765905520762333,0.26491520383590705,0.04252192476461086,4.252192476461086e-06,4.2521924764610866e-06,-0.07553309573925639,0.0,-0.22090623879171822,3.4543292805715264,3.530534454191666,0.22090623879171822
337.0,0.0,0.0,-0.35603242321944994,-4.622310711695171,-6.915991954354383,-71.20648464389,3.0,0.0,-6.997396897729515,0.04,0.0,False,0.005215198122641111,0.35603242321945006,0.26076101493336645,0.04252192476461086,4.252192476461086e-06,4.2521924764610866e-06,-0.0712076957734531,0.0,-1.1806784211998282,2.293681242659212,2.375086186034344,1.1806784211998282
338.0,0.0,0.0,-0.23872875262914967,-4.43477439146091,-6.964147657259633,-47.74575052582993,3.0,0.0,-7.002032218609409,-0.03,0.0,False,0.005311638865881663,0.23872875262914967,0.26558307259962427,0.04252192476461086,4.252192476461086e-06,4.2521924764610866e-06,-0.047746562618861385,0.0,0.18753632023426103,2.529373265798723,2.5672578271484987,0.18753632023426103
339.0,0.0,0.0,-0.253621222660708,-4.002592798999113,-6.70541127318815,-50.724244532141604,3.0,0.0,-7.009648994016957,0.12,0.0,False,0.005212698742885355,0.2536212226607081,0.26063604541418645,0.04252192476461086,4.252192476461086e-06,4.2521924764610866e-06,-0.05072510728547686,0.0,0.4321815924617969,2.702818474189037,3.007056195017844,0.4321815924617969
340.0,0.0,0.0,-0.2992711011195759,-3.7417556287147793,-6.905465909701089,-59.85422022391518,3.0,0.0,-6.971040540380731,0.08,0.0,False,0.0048883018804283555,0.2992711011195759,0.24441613332144166,0.04252192476461086,4.252192476461086e-06,4.2521924764610866e-06,-0.0598552382662459,0.0,0.26083717028433373,3.16371028098631,3.2292849116659514,0.26083717028433373
341.0,0.0,0.0,-0.32547166683096695,-3.0079875436863297,-6.945581822722155,-65.0943333661934,3.0,0.0,-6.995367438111099,-0.05,0.0,False,0.0051392309938456514,0.32547166683096695,0.2569626423422509,0.04252192476461086,4.252192476461086e-06,4.2521924764610866e-06,-0.06509544053602384,0.0,0.7337680850284496,3.9375942790358254,3.9873798944247696,0.7337680850284496
342.0,0.0,0.0,-0.4005916949675006,-2.6860718184619263,-6.958718494839127,-80.11833899350012,3.0,0.0,-6.996541495433096,0.09,0.0,False,0.0047162202366608,0.4005916949675006,0.23581201454685036,0.04252192476461086,4.252192476461086e-06,4.2521924764610866e-06,-0.08011970170209873,0.0,0.32191572522440337,4.272646676377201,4.31046967697117,0.32191572522440337
343.0,0.0,0.0,-0.431993913969639,-3.9730786827409776,-6.8708411781635546,-86.3987827939278,3.0,0.0,-7.013989663010904,-0.11,0.0,False,0.005296274148340585,0.431993913969639,0.2648148334558834,0.04252192476461086,4.252192476461086e-06,4.2521924764610866e-06,-0.08640025232469568,0.0,-1.2870068642790513,2.897762495422577,3.040910980269927,1.2870068642790513
344.0,0.0,0.0,-0.30898458283330155,-4.139455359635142,-7.121457829938814,-61.79691656666031,3.0,0.0,-7.006102804221855,0.01,0.0,False,0.00522268679961894,0.30898458283330155,0.26113545037442276,0.04252192476461086,4.252192476461086e-06,4.2521924764610866e-06,-0.061797967651725606,0.0,-0.16637667689416435,2.982002470303672,2.8666474445867127,0.16637667689416435
345.0,0.0,0.0,-0.29598690541375283,-4.48704277046156,-7.167973463207998,-59.19738108275057,3.0,0.0,-7.062990204169913,-0.06,0.0,False,0.005613889475454869,0.29598690541375283,0.28069566733967294,0.04252192476461086,4.252192476461086e-06,4.2521924764610866e-06,-0.05919838795310297,0.0,-0.3475874108264181,2.680930692746438,2.575947433708353,0.3475874108264181
346.0,0.0,0.0,-0.2673000234014592,-5.202592315563688,-7.276801053878755,-53.46000468029184,3.0,0.0,-7.099387343437283,0.11,0.0,False,0.005725774742660867,0.2673000234014592,0.2862899544878574,0.04252192476461086,4.252192476461086e-06,4.2521924764610866e-06,-0.05346091396534411,0.0,-0.7155495451021281,2.0742087383150665,1.896795027873595,0.7155495451021281
347.0,0.0,0.0,-0.19962203543000068,-5.672200859244822,-7.285402557954883,-39.92440708600014,3.0,0.0,-7.160099835033573,0.1,0.0,False,0.005711215482553311,0.19962203543000073,0.2855619883870409,0.04252192476461086,4.252192476461086e-06,4.2521924764610866e-06,-0.03992508614816635,0.0,-0.4696085436811339,1.6132016987100606,1.4878989757887506,0.4696085436811339
348.0,0.0,0.0,-0.1587133268891751,-6.045525597926734,-7.546369448500201,-31.742665377835024,3.0,0.0,-7.198855111429553,0.25,0.0,False,0.005230100390101048,0.1587133268891751,0.2615061314747289,0.04252192476461086,4.252192476461086e-06,4.2521924764610866e-06,-0.03174320527923084,0.0,-0.3733247386819123,1.5008438505734665,1.1533295135028183,0.3733247386819123
349.0,0.0,0.0,-0.1298643736758984,-6.113034639741084,-7.593312862804611,-25.97287473517968,3.0,0.0,-7.259367872117297,0.2,0.0,False,0.0052571693467470875,0.1298643736758984,0.2628595850621515,0.04252192476461086,4.252192476461086e-06,4.2521924764610866e-06,-0.025973316499951354,0.0,-0.06750904181434958,1.480278223063527,1.1463332323762128,0.06750904181434958
350.0,0.0,0.0,-0.13371537352448887,-7.1933284198763054,-7.604361200918918,-26.743074704897776,3.0,0.0,-7.344196945101353,0.38,0.0,False,0.005093776536612285,0.13371537352448887,0.2546899098165275,0.04252192476461086,4.252192476461086e-06,4.2521924764610866e-06,-0.026743529569767808,0.0,-1.0802937801352215,0.4110327810426124,0.15086852522504746,1.0802937801352215
351.0,0.0,0.0,-0.02601038404479198,-7.006442125383006,-7.577121442147618,-5.202076808958396,3.0,0.0,-7.4502168041612356,0.08,0.0,False,0.004950525607204242,0.026010384044791987,0.2475273328895991,0.04252192476461086,4.252192476461086e-06,4.2521924764610866e-06,-0.0052021652895096315,0.0,0.1868862944932994,0.570679316764612,0.4437746787782295,0.1868862944932994
352.0,0.0,0.0,-0.04564811891398211,-6.328109540961633,-7.466176708390961,-9.129623782796422,3.0,0.0,-7.453437790382192,-0.02,0.0,False,0.00488439904301345,0.04564811891398211,0.2442209906209156,0.04252192476461086,4.252192476461086e-06,4.2521924764610866e-06,-0.00912977906580637,0.0,0.6783325844213728,1.1380671674293277,1.1253282494205585,0.6783325844213728
353.0,0.0,0.0,-0.11567531212465751,-7.53592888318374,-7.414423594450615,-23.1350624249315,3.0,0.0,-7.462933019752217,0.02,0.0,False,0.005016169469818973,0.11567531212465748,0.25080953997685257,0.04252192476461086,4.252192476461086e-06,4.2521924764610866e-06,-0.023135455922211796,0.0,-1.2078193422221064,-0.1215052887331245,-0.07299586343152242,1.2078193422221064
354.0,0.0,0.0,0.0018003174812169839,-7.348479565161373,-7.573619458389726,0.3600634962433968,3.0,0.0,-7.4848872558928035,0.03,0.0,False,0.0051793312293664925,0.004442583821379674,0.2589676626439889,0.04252192476461086,4.252192476461086e-06,4.2521924764610866e-06,0.00036006962045451423,0.0,0.18744931802236664,0.22513989322835304,0.13640769073143044,0.18744931802236664
355.0,0.0,0.0,-0.020603458227514287,-6.682481378510517,-7.5353258697431045,-4.120691645502857,3.0,0.0,-7.517925325606748,-0.04,0.0,False,0.0055770214352406635,0.020603458227514287,0.27885225749046255,0.04252192476461086,4.252192476461086e-06,4.2521924764610866e-06,-0.004120761733100879,0.0,0.6659981866508558,0.8528444912325872,0.8354439470962305,0.6659981866508558
356.0,0.0,0.0,-0.08129431009530838,-5.352862458267625,-7.413466757777351,-16.258862019061677,3.0,0.0,-7.554518527930019,0.1,0.0,False,0.005549833371744271,0.08129431009530837,0.27749284853519895,0.04252192476461086,4.252192476461086e-06,4.2521924764610866e-06,-0.016259138561128764,0.0,1.3296189202428925,2.060604299509726,2.201656069662394,1.3296189202428925
357.0,0.0,0.0,-0.2133064987460424,-4.621989622374024,-7.349084760993477,-42.66129974920848,3.0,0.0,-7.495441763416288,0.11,0.0,False,0.0054360986456074714,0.2133064987460424,0.2718060880472616,0.04252192476461086,4.252192476461086e-06,4.2521924764610866e-06,-0.04266202536235431,0.0,0.7308728358936003,2.727095138619452,2.8734521410422635,0.7308728358936003
358.0,0.0,0.0,-0.28622212117318474,-4.621655644015476,-7.40679769472378,-57.244424234636945,3.0,0.0,-7.485972796742503,0.08,0.0,False,0.005528399667123628,0.28622212117318474,0.2764211587471548,0.04252192476461086,4.252192476461086e-06,4.2521924764610866e-06,-0.057245397887736936,0.0,0.0003339783585483147,2.785142050708304,2.8643171527270272,0.0003339783585483147
359.0,0.0,0.0,-0.2887848435424859,-4.512025160053857,-7.500231644341281,-57.75696870849718,3.0,0.0,-7.484271687683381,0.06,0.0,False,0.005301369322997378,0.2887848435424859,0.2650695932720064,0.04252192476461086,4.252192476461086e-06,4.2521924764610866e-06,-0.05775795107931112,0.0,0.10963048396161934,2.9882064842874243,2.9722465276295242,0.10963048396161934
360.0,0.0,0.0,-0.30147846781157084,-4.74162004768344,-7.5103895718332,-60.29569356231417,3.0,0.0,-7.509565477877284,-0.04,0.0,False,0.005173408044983561,0.30147846781157084,0.25867150216551626,0.04252192476461086,4.252192476461086e-06,4.2521924764610866e-06,-0.060296719113531384,0.0,-0.2295948876295828,2.7687695241497607,2.767945430193844,0.2295948876295828
361.0,0.0,0.0,-0.27817081308452285,-4.587282667599889,-7.55607646051186,-55.63416261690457,3.0,0.0,-7.526873935393194,0.08,0.0,False,0.005051744767407277,0.2781708130845228,0.25258831241991847,0.04252192476461086,4.252192476461086e-06,4.2521924764610866e-06,-0.055635108881551674,0.0,0.15433738008355036,2.9687937929119705,2.939591267793305,0.15433738008355036
362.0,0.0,0.0,-0.29117606086254405,-4.559537276571307,-7.423124778982759,-58.23521217250881,3.0,0.0,-7.523387320320593,0.13,0.0,False,0.004624001023351344,0.29117606086254405,0.23120103427468527,0.04252192476461086,4.252192476461086e-06,4.2521924764610866e-06,-0.0582362026776212,0.0,0.02774539102858231,2.863587502411452,2.963850043749286,0.02774539102858231
363.0,0.0,0.0,-0.29484949833644664,-4.072011091841009,-7.636006180227469,-58.969899667289326,3.0,0.0,-7.499105183058093,-0.05,0.0,False,0.004955322136002661,0.29484949833644664,0.24776716034930824,0.04252192476461086,4.252192476461086e-06,4.2521924764610866e-06,-0.05897090266847913,0.0,0.48752618473029763,3.5639950883864593,3.427094091217084,0.48752618473029763
364.0,0.0,0.0,-0.3457658791402792,-4.437565345461316,-7.537185094487396,-69.15317582805584,3.0,0.0,-7.508094947776695,-0.02,0.0,False,0.005095971914505519,0.34576587914027923,0.25479967917794766,0.04252192476461086,4.252192476461086e-06,4.2521924764610866e-06,-0.06915435203351024,0.0,-0.36555425362030647,3.09961974902608,3.0705296023153794,0.36555425362030647
365.0,0.0,0.0,-0.31237227540036105,-5.37301612661936,-7.597204785681869,-62.47445508007221,3.0,0.0,-7.529743396397293,-0.03,0.0,False,0.005489512859161525,0.3123722754003611,0.2744768100813401,0.04252192476461086,4.252192476461086e-06,4.2521924764610866e-06,-0.06247551768918519,0.0,-0.9354507811580444,2.2241886590625093,2.1567272697779325,0.9354507811580444
366.0,0.0,0.0,-0.21381451440851937,-6.326721089336344,-7.541996492530265,-42.76290288170387,3.0,0.0,-7.561354512816889,-0.01,0.0,False,0.005323373494442904,0.2138145144085194,0.2661698065225813,0.04252192476461086,4.252192476461086e-06,4.2521924764610866e-06,-0.04276363022298666,0.0,-0.9537049627169836,1.215275403193921,1.2346334234805454,0.9537049627169836
367.0,0.0,0.0,-0.1221421549002944,-6.760512933136081,-7.655487410557991,-24.42843098005888,3.0,0.0,-7.511206729728028,0.2,0.0,False,0.004644865267723806,0.12214215490029443,0.2322442509292476,0.04252192476461086,4.252192476461086e-06,4.2521924764610866e-06,-0.024428846475853794,0.0,-0.433791843799737,0.8949744774219104,0.7506937965919471,0.433791843799737
368.0,0.0,0.0,-0.0877770090281003,-7.125275811619948,-7.761175687942876,-17.55540180562006,3.0,0.0,-7.548168606936892,0.24,0.0,False,0.004802696679578273,0.08777700902810032,0.24013585507844804,0.04252192476461086,4.252192476461086e-06,4.2521924764610866e-06,-0.017555700400140282,0.0,-0.3647628784838677,0.6358998763229273,0.4228927953169439,0.3647628784838677
369.0,0.0,0.0,-0.0564940466625091,-6.897119972895809,-7.78162345721049,-11.29880933250182,3.0,0.0,-7.638301685653953,0.07,0.0,False,0.004849177759275645,0.0564940466625091,0.24245991894564142,0.04252192476461086,4.252192476461086e-06,4.2521924764610866e-06,-0.011299001510532779,0.0,0.22815583872413914,0.8845034843146804,0.7411817127581442,0.22815583872413914
370.0,0.0,0.0,-0.08362089522156742,-6.957670974766502,-7.745057002295057,-16.724179044313484,3.0,0.0,-7.6902282894230485,0.12,0.0,False,0.004954629827739263,0.08362089522156743,0.24773254478894693,0.04252192476461086,4.252192476461086e-06,4.2521924764610866e-06,-0.016724463500817133,0.0,-0.06055100187069318,0.7873860275285542,0.732557314656546,0.06055100187069318
371.0,0.0,0.0,-0.08249977244339535,-7.435859260277816,-7.911229747154161,-16.49995448867907,3.0,0.0,-7.73334670371856,0.04,0.0,False,0.0051264666904770285,0.08249977244339535,0.25632442446000603,0.04252192476461086,4.252192476461086e-06,4.2521924764610866e-06,-0.01650023513141506,0.0,-0.47818828551131354,0.4753704868763453,0.29748744344074396,0.47818828551131354
372.0,0.0,0.0,-0.03684013340428755,-6.948263206150419,-7.9367928669083305,-7.36802668085751,3.0,0.0,-7.78268623944604,-0.03,0.0,False,0.0052472159713398345,0.03684013340428756,0.26236191417560545,0.04252192476461086,4.252192476461086e-06,4.2521924764610866e-06,-0.007368152001395092,0.0,0.4875960541273967,0.9885296607579113,0.8344230332956206,0.4875960541273967
373.0,0.0,0.0,-0.09039290081594517,-6.781171472445672,-7.9807434465669616,-18.078580163189034,3.0,0.0,-7.804268426887596,0.02,0.0,False,0.005468696123882046,0.09039290081594517,0.27343596889152794,0.04252192476461086,4.252192476461086e-06,4.2521924764610866e-06,-0.018078887656291717,0.0,0.16709173370474684,1.1995719741212891,1.0230969544419235,0.16709173370474684
374.0,0.0,0.0,-0.10733545170251109,-6.653377101523867,-7.909991163233694,-21.467090340502217,3.0,0.0,-7.852211432710509,-0.02,0.0,False,0.005579486452082819,0.10733545170251109,0.27897550885665656,0.04252192476461086,4.252192476461086e-06,4.2521924764610866e-06,-0.021467455467749755,0.0,0.127794370921805,1.2566140617098265,1.1988343311866414,0.127794370921805
375.0,0.0,0.0,-0.12220034205551483,-6.405995702580306,-7.892114646813286,-24.440068411102967,3.0,0.0,-7.854548810020791,0.03,0.0,False,0.005549714985891482,0.12220034205551483,0.27748692921738954,0.04252192476461086,4.252192476461086e-06,4.2521924764610866e-06,-0.024440484104835423,0.0,0.2473813989435616,1.48611894423298,1.4485531074404854,0.2473813989435616
376.0,0.0,0.0,-0.1455889550280042,-6.653176126190418,-7.899985343272064,-29.11779100560084,3.0,0.0,-7.8754065030477705,-0.03,0.0,False,0.005547220757434839,0.14558895502800417,0.2773622172642604,0.04252192476461086,4.252192476461086e-06,4.2521924764610866e-06,-0.029118286261302275,0.0,-0.2471804236101125,1.2468092170816458,1.2222303768573521,0.2471804236101125
377.0,0.0,0.0,-0.12628527690175242,-6.435647729644056,-7.85601024241355,-25.257055380350486,3.0,0.0,-7.861916206473308,0.02,0.0,False,0.0053724822652561335,0.12628527690175242,0.26862525550424005,0.04252192476461086,4.252192476461086e-06,4.2521924764610866e-06,-0.025257484969967228,0.0,0.21752839654636258,1.4203625127694943,1.426268476829252,0.21752839654636258
378.0,0.0,0.0,-0.1495833960452886,-5.698321206940422,-7.887179150341638,-29.916679209057722,3.0,0.0,-7.916055744673158,-0.04,0.0,False,0.005394427144798497,0.1495833960452886,0.2697225041470509,0.04252192476461086,4.252192476461086e-06,4.2521924764610866e-06,-0.029917188052807006,0.0,0.7373265227036336,2.1888579434012163,2.2177345377327358,0.7373265227036336
379.0,0.0,0.0,-0.2288335740059969,-5.096427478985801,-7.9545784679190215,-45.766714801199385,3.0,0.0,-7.931513492966503,-0.01,0.0,False,0.005405750702901147,0.2288335740059969,0.27028868445968074,0.04252192476461086,4.252192476461086e-06,4.2521924764610866e-06,-0.0457674932334107,0.0,0.6018937279546215,2.858150988933221,2.8350860139807024,0.6018937279546215
380.0,0.0,0.0,-0.29194904957897977,-5.183833213795514,-7.974488806762011,-58.38980991579595,3.0,0.0,-7.9867055992204765,-0.1,0.0,False,0.005383789092735895,0.29194904957897977,0.26919059928216843,0.04252192476461086,4.252192476461086e-06,4.2521924764610866e-06,-0.05839080305041461,0.0,-0.08740573480971303,2.7906555929664973,2.802872385424963,0.08740573480971303
381.0,0.0,0.0,-0.28911497748090054,-5.560507767437315,-8.194067051558736,-57.82299549618011,3.0,0.0,-8.015980045953201,0.07,0.0,False,0.005282127708369054,0.28911497748090054,0.2641075084496377,0.04252192476461086,4.252192476461086e-06,4.2521924764610866e-06,-0.05782397899002371,0.0,-0.37667455364180125,2.6335592841214215,2.4554722785158862,0.37667455364180125
382.0,0.0,0.0,-0.25027665610954997,-5.530002901372092,-8.151436180020054,-50.055331221909995,3.0,0.0,-8.07504445723112,-0.02,0.0,False,0.005224636186764687,0.25027665610954997,0.2612329201461686,0.04252192476461086,4.252192476461086e-06,4.2521924764610866e-06,-0.05005618259790105,0.0,0.030504866065222735,2.621433278647962,2.5450415558590285,0.030504866065222735
383.0,0.0,0.0,-0.25611300502697104,-5.351729930247175,-8.124250766575237,-51.22260100539421,3.0,0.0,-8.06332753975852,0.03,0.0,False,0.005471689384940979,0.25611300502697104,0.27358563258087076,0.04252192476461086,4.252192476461086e-06,4.2521924764610866e-06,-0.051223472235124,0.0,0.17827297112491713,2.772520836328062,2.7115976095113448,0.17827297112491713
384.0,0.0,0.0,-0.274274155855298,-4.903333030891601,-7.913968423688241,-54.8548311710596,3.0,0.0,-8.091187403731455,-0.06,0.0,False,0.005444558747865766,0.274274155855298,0.2722290949588756,0.04252192476461086,4.252192476461086e-06,4.2521924764610866e-06,-0.05485576418029384,0.0,0.4483968993555738,3.0106353927966394,3.187854372839854,0.4483968993555738
385.0,0.0,0.0,-0.3197630225082236,-4.3308608634469,-8.184561120525219,-63.952604501644714,3.0,0.0,-8.094529802125253,-0.06,0.0,False,0.005604543484606099,0.3197630225082235,0.2802283658101869,0.04252192476461086,4.252192476461086e-06,4.2521924764610866e-06,-0.06395369225215418,0.0,0.5724721674447011,3.8537002570783185,3.763668938678353,0.5724721674447011
386.0,0.0,0.0,-0.37888506292972446,-4.788115564409656,-8.051857825095743,-75.77701258594489,3.0,0.0,-8.101031240669762,0.0,0.0,False,0.005418194387769513,0.37888506292972446,0.27091087134874625,0.04252192476461086,4.252192476461086e-06,4.2521924764610866e-06,-0.07577830145423553,0.0,-0.4572547009627561,3.2637422606860866,3.312915676260106,0.4572547009627561
387.0,0.0,0.0,-0.3353267525998392,-4.55398980020622,-8.021276016194975,-67.06535051996784,3.0,0.0,-8.119792047354842,0.07,0.0,False,0.0049121486721962985,0.3353267525998392,0.2456084779798963,0.04252192476461086,4.252192476461086e-06,4.2521924764610866e-06,-0.06706649121423297,0.0,0.23412576420343623,3.4672862159887545,3.565802247148622,0.23412576420343623
388.0,0.0,0.0,-0.3609352733513053,-5.0198849833972,-8.029838476111403,-72.18705467026106,3.0,0.0,-8.141454384102772,-0.01,0.0,False,0.005012209348414917,0.3609352733513053,0.25061153306468986,0.04252192476461086,4.252192476461086e-06,4.2521924764610866e-06,-0.07218828247804318,0.0,-0.46589518319098033,3.009953492714202,3.121569400705572,0.46589518319098033
389.0,0.0,0.0,-0.3165481959075425,-4.961352635609997,-8.325869460818044,-63.3096391815085,3.0,0.0,-8.16341927203196,0.1,0.0,False,0.004818416465418283,0.3165481959075425,0.24092184771262617,0.04252192476461086,4.252192476461086e-06,4.2521924764610866e-06,-0.06331071599601529,0.0,0.058532347787203065,3.364516825208047,3.2020666364219634,0.058532347787203065
390.0,0.0,0.0,-0.3258086747252871,-4.548138724757396,-8.210337694168688,-65.16173494505742,3.0,0.0,-8.185434243665476,0.07,0.0,False,0.004942163960266774,0.3258086747252871,0.247109248764959,0.04252192476461086,4.252192476461086e-06,4.2521924764610866e-06,-0.06516284326130094,0.0,0.4132139108526012,3.6621989694112917,3.63729551890808,0.4132139108526012
391.0,0.0,0.0,-0.3708164983244196,-4.6907948642010036,-8.154056209199018,-74.16329966488392,3.0,0.0,-8.219508652922636,-0.01,0.0,False,0.004706056361740403,0.3708164983244196,0.23530381863989291,0.04252192476461086,4.252192476461086e-06,4.2521924764610866e-06,-0.0741645610860195,0.0,-0.14265613944360744,3.4632613449980143,3.5287137887216327,0.14265613944360744
392.0,0.0,0.0,-0.35190109141017895,-4.062330998668174,-8.078970559609624,-70.38021828203578,3.0,0.0,-8.256382547157804,0.12,0.0,False,0.004409518955329762,0.351901091410179,0.22047688527265444,0.04252192476461086,4.252192476461086e-06,4.2521924764610866e-06,-0.07038141535788421,0.0,0.6284638655328294,4.01663956094145,4.19405154848963,0.6284638655328294
393.0,0.0,0.0,-0.4159835023091567,-3.9206906891905757,-8.207191080580508,-83.19670046183134,3.0,0.0,-8.209880595861456,-0.16,0.0,False,0.004690359624802377,0.4159835023091567,0.23451897845571423,0.04252192476461086,4.252192476461086e-06,4.2521924764610866e-06,-0.0831981155293492,0.0,0.14164030947759843,4.286500391389932,4.289189906670881,0.14164030947759843
394.0,0.0,0.0,-0.4365577328870355,-4.281532755567939,-8.273387778574563,-87.3115465774071,3.0,0.0,-8.222254463855679,-0.06,0.0,False,0.0049053767649904385,0.4365577328870355,0.24526988117983037,0.04252192476461086,4.252192476461086e-06,4.2521924764610866e-06,-0.08731303163309814,0.0,-0.3608420663773635,3.9918550230066234,3.9407217082877395,0.3608420663773635
395.0,0.0,0.0,-0.40466018773300083,-4.930862127268627,-8.224686872824895,-80.93203754660017,3.0,0.0,-8.286360834436293,-0.16,0.0,False,0.0049701630105904605,0.40466018773300083,0.248509207234011,0.04252192476461086,4.252192476461086e-06,4.2521924764610866e-06,-0.08093341409515138,0.0,-0.6493293717006878,3.293824745556268,3.3554987071676656,0.6493293717006878
396.0,0.0,0.0,-0.34319036969749317,-4.385593499331192,-8.296882586283894,-68.63807393949864,3.0,0.0,-8.328220667548234,-0.09,0.0,False,0.004976296759230133,0.34319036969749317,0.24881589597008866,0.04252192476461086,4.252192476461086e-06,4.2521924764610866e-06,-0.06863924138374079,0.0,0.5452686279374355,3.911289086952703,3.942627168217042,0.5452686279374355
397.0,0.0,0.0,-0.399278913126343,-4.358789494206142,-8.427206025604114,-79.8557826252686,3.0,0.0,-8.362838789818955,-0.14,0.0,False,0.005369359063199193,0.399278913126343,0.26846909473737024,0.04252192476461086,4.252192476461086e-06,4.2521924764610866e-06,-0.07985714086812534,0.0,0.02680400512504999,4.068416531397973,4.0040492956128135,0.02680400512504999
398.0,0.0,0.0,-0.40604004762772355,-4.911707823770343,-8.493455310131111,-81.20800952554471,3.0,0.0,-8.378467521134137,0.18,0.0,False,0.004980506226963208,0.40604004762772355,0.2490263702517157,0.04252192476461086,4.252192476461086e-06,4.2521924764610866e-06,-0.08120939076801986,0.0,-0.5529183295642017,3.5817474863607677,3.466759697363794,0.5529183295642017
399.0,0.0,0.0,-0.35394358431761935,-4.8877924364662135,-8.506558122160996,-70.78871686352387,3.0,0.0,-8.419276298505157,0.09,0.0,False,0.005050278777209126,0.35394358431761935,0.2525150125983273,0.04252192476461086,4.252192476461086e-06,4.2521924764610866e-06,-0.07078992088740113,0.0,0.023915387304129787,3.6187656856947825,3.531483862038943,0.023915387304129787
