t,mean_abs_delta_real,mean_abs_delta_planning,mean_action,price,v_true,total_demand,mean_k,xs_k_std,mean_belief,mean_correctness,mean_salience,regime_post,xs_action_std,xs_action_mean_abs,xs_belief_std,xs_sigma_mean,xs_rho_mean,xs_rho_max,mean_myopic_term,mean_hedging_term,ret,mispricing_true,mispricing_belief,vol_proxy
0.0,0.0,0.0,0.017450356387265522,0.14078564692711953,0.0992144740949791,3.4900712774531044,3.0,0.0,0.0,-0.77,0.0,False,0.013559482600350163,0.018358557341505828,0.6779865296146375,0.18289189189189195,1.8289189189189194e-05,1.8289189189189194e-05,0.003490326595079059,0.0,0.0,0.04157117283214043,0.14078564692711953,0.0
1.0,0.0,0.0,0.00539865050525623,-0.8027728474007563,0.28022158354131477,1.079730101051246,3.0,0.0,0.17451952151612438,0.27,0.0,False,0.009921619155740701,0.00907847432872949,0.49608609221045247,0.10349970779853253,1.0349970779853254e-05,1.0349970779853254e-05,0.0010797748012885834,0.0,-0.9435584943278759,-1.0829944309420712,-0.9772923689168806,0.9435584943278759
2.0,0.0,0.0,0.10883196342000936,-0.4299576879999125,0.389680579507455,21.76639268400187,3.0,0.0,0.1947749457734308,0.18,0.0,False,0.008794579824193531,0.10883196342000936,0.43973230037682703,0.07525469588680311,7.525469588680311e-06,7.525469588680309e-06,0.02176704788837593,0.0,0.37281515940084375,-0.8196382675073675,-0.6247326337733433,0.37281515940084375
3.0,0.0,0.0,0.07678926007289616,-0.4142374579666675,0.4227552202840834,15.357852014579231,3.0,0.0,0.2855877373808861,0.13,0.0,False,0.007816265413929787,0.07678926007289616,0.39081568205667067,0.061701082387537146,6.170108238753715e-06,6.170108238753715e-06,0.015358231050677518,0.0,0.01572023003324502,-0.8369926782507509,-0.6998251953475536,0.01572023003324502
4.0,0.0,0.0,0.08453939439757048,-0.7317052675770714,0.48853030015211796,16.907878879514097,3.0,0.0,0.33795860263136035,0.16,0.0,False,0.007272728012664426,0.08453939439757051,0.3636383743004533,0.05427584335912398,5.427584335912399e-06,5.4275843359123984e-06,0.016908245953276016,0.0,-0.31746780961040394,-1.2202355677291894,-1.0696638702084318,0.31746780961040394
5.0,0.0,0.0,0.11798059160160847,-1.186283219863355,0.4888660200656231,23.596118320321693,3.0,0.0,0.4311794282436775,0.08,0.0,False,0.006784043529918293,0.11798059160160847,0.33920386949694753,0.049911266793667725,4.991126679366772e-06,4.991126679366772e-06,0.023596589402833174,0.0,-0.4545779522862836,-1.6751492399289782,-1.6174626481070327,0.4545779522862836
6.0,0.0,0.0,0.17103590178963382,-1.2886718195869382,0.6897656988414758,34.20718035792677,3.0,0.0,0.4481300912429329,0.16,0.0,False,0.0062501326281783716,0.17103590178963382,0.31250810765802944,0.04723896911451465,4.723896911451467e-06,4.723896911451466e-06,0.03420782671964796,0.0,-0.10238859972358316,-1.978437518428414,-1.7368019108298711,0.10238859972358316
7.0,0.0,0.0,0.1869089818736575,-0.2013800857807866,0.6233623323632269,37.3817963747315,3.0,0.0,0.5241161958313925,0.16,0.0,False,0.006029537313694037,0.18690898187365745,0.301478239266562,0.04556176663690604,4.5561766636906065e-06,4.556176663690606e-06,0.03738247764390067,0.0,1.0872917338061516,-0.8247424181440135,-0.725496281612179,1.0872917338061516
8.0,0.0,0.0,0.08198198511055303,0.6152038757913051,0.6205236232100535,16.396397022110605,3.0,0.0,0.5804605786667092,0.0,0.0,False,0.005621285315122307,0.08198198511055303,0.2810655162867734,0.044492694745204016,4.449269474520401e-06,4.449269474520402e-06,0.01639668882876732,0.0,0.8165839615720917,-0.005319747418748411,0.034743297124595895,0.8165839615720917
9.0,0.0,0.0,0.000789806049471135,0.06581758054802056,0.7512551210750039,0.157961209894227,3.0,0.0,0.618458003321934,-0.07,0.0,False,0.005850850404113514,0.004658403199207325,0.2925438016740756,0.04380451768299382,4.380451768299385e-06,4.380451768299384e-06,0.00015796397764794766,0.0,-0.5493862952432845,-0.6854375405269834,-0.5526404227739135,0.5493862952432845
10.0,0.0,0.0,0.05624508148559288,0.5612596001250327,0.7555109834979852,11.249016297118576,3.0,0.0,0.6231021092713818,0.16,0.0,False,0.0052998844743899175,0.05624508148559288,0.26499537270051143,0.0433587192744284,4.335871927442841e-06,4.3358719274428405e-06,0.011249211393448559,0.0,0.49544201957701217,-0.19425138337295245,-0.061842509146349034,0.49544201957701217
11.0,0.0,0.0,0.0071528352139854645,0.26165747548594737,0.7591133833373467,1.430567042797093,3.0,0.0,0.6282805889774429,0.06,0.0,False,0.00525567274080523,0.007736905290965921,0.26278476881651897,0.04306874926707378,4.3068749267073785e-06,4.306874926707378e-06,0.001430591687784261,0.0,-0.29960212463908537,-0.4974559078513993,-0.3666231134914955,0.29960212463908537
12.0,0.0,0.0,0.03481305371375068,-0.41991641972875254,0.6328496581066494,6.962610742750137,3.0,0.0,0.6327894925832193,-0.06,0.0,False,0.005111528298627498,0.03481305371375068,0.25557751083373714,0.042879635920764284,4.287963592076431e-06,4.28796359207643e-06,0.006962730163923539,0.0,-0.6815738952146999,-1.052766077835402,-1.0527059123119717,0.6815738952146999
13.0,0.0,0.0,0.10390828275590015,-0.2920202345475324,0.5799050139407321,20.78165655118003,3.0,0.0,0.6097954764787965,-0.06,0.0,False,0.005374075742075045,0.10390828275590015,0.26870493597596434,0.04275608559413131,4.2756085594131314e-06,4.275608559413132e-06,0.020782011966574924,0.0,0.12789618518122015,-0.8719252484882645,-0.901815711026329,0.12789618518122015
14.0,0.0,0.0,0.09158968953743604,-0.2443926846517649,0.5899151026803205,18.31793790748721,3.0,0.0,0.6191886213874062,0.07,0.0,False,0.005144525793625737,0.09158968953743607,0.25722738740160506,0.042675277071923805,4.26752770719238e-06,4.267527707192379e-06,0.01831825059538304,0.0,0.04762754989576751,-0.8343077873320854,-0.863581306039171,0.04762754989576751
15.0,0.0,0.0,0.08750845547838089,0.4772031276860506,0.6557918551711798,17.50169109567618,3.0,0.0,0.6238962039037176,0.07,0.0,False,0.005006590742705137,0.08750845547838089,0.25033060409944385,0.04262238484319971,4.2622384843199725e-06,4.262238484319972e-06,0.0175019894799297,0.0,0.7215958123378154,-0.17858872748512916,-0.14669307621766697,0.7215958123378154
16.0,0.0,0.0,0.018205040163005625,0.5807020292575991,0.612277197834149,3.641008032601125,3.0,0.0,0.630710519227376,-0.02,0.0,False,0.0048280641120512025,0.018205040163005625,0.2414042336844514,0.04258774810914817,4.2587748109148164e-06,4.258774810914817e-06,0.003641070057270156,0.0,0.10349890157154845,-0.03157516857654996,-0.050008489969776915,0.10349890157154845
17.0,0.0,0.0,0.013774800687785232,0.3040372395593345,0.7085536654146588,2.7549601375570463,3.0,0.0,0.6592574058744306,-0.05,0.0,False,0.00482217187504026,0.013774800687785232,0.24110962003216194,0.042565058879555154,4.256505887955516e-06,4.256505887955516e-06,0.002755007043373578,0.0,-0.2766647896982646,-0.4045164258553243,-0.3552201663150961,0.2766647896982646
18.0,0.0,0.0,0.04098874889926722,0.2750615163987587,0.6811315617750408,8.197749779853444,3.0,0.0,0.718452967761463,0.03,0.0,False,0.0049089365533665896,0.04098874889926721,0.24544787204931645,0.042550192925283656,4.255019292528367e-06,4.2550192925283665e-06,0.008197889305593628,0.0,-0.028975723160575784,-0.40607004537628205,-0.44339145136270425,0.028975723160575784
19.0,0.0,0.0,0.04264008812476959,1.322668816571848,0.6419097754951608,8.528017624953918,3.0,0.0,0.7139334489478735,-0.07,0.0,False,0.005008909155479401,0.0426400881247696,0.2504465231802537,0.0425404514451206,4.254045144512061e-06,4.254045144512061e-06,0.008528162738624476,0.0,1.0476073001730895,0.6807590410766873,0.6087353676239746,1.0476073001730895
20.0,0.0,0.0,-0.06382781476769553,0.9220311183086827,0.5805751218317738,-12.765562953539106,3.0,0.0,0.7014714672894471,0.03,0.0,False,0.005003440865038554,0.06382781476769553,0.25017310733538267,0.04253406740151187,4.253406740151185e-06,4.253406740151186e-06,-0.012765780141141351,0.0,-0.4006376982631654,0.34145599647690883,0.22055965101923558,0.4006376982631654
21.0,0.0,0.0,-0.02620115924525507,0.5584586028947396,0.42420015976996683,-5.240231849051014,3.0,0.0,0.6843770946120157,0.14,0.0,False,0.0047605723981091926,0.02620115924525507,0.2380296322384046,0.04252988339718566,4.252988339718564e-06,4.252988339718564e-06,-0.005240320995251679,0.0,-0.3635725154139431,0.13425844312477275,-0.1259184917172761,0.3635725154139431
22.0,0.0,0.0,0.010330151553744869,0.5220899247971369,0.5294982831513979,2.0660303107489737,3.0,0.0,0.6600139541948943,-0.04,0.0,False,0.004715883671954696,0.010401399815451899,0.2357951863629878,0.042527141159834476,4.252714115983449e-06,4.252714115983449e-06,0.002066065455544579,0.0,-0.03636867809760269,-0.007408358354261013,-0.1379240293977574,0.03636867809760269
23.0,0.0,0.0,0.018724186226490934,0.16739825547335352,0.6179139217059957,3.7448372452981866,3.0,0.0,0.6617623149912549,-0.13,0.0,False,0.005067183792981747,0.018724186226490934,0.2533602670677525,0.04252534382553204,4.252534382553201e-06,4.252534382553203e-06,0.003744900945223872,0.0,-0.3546916693237834,-0.45051566623264216,-0.4943640595179014,0.3546916693237834
24.0,0.0,0.0,0.05659346985491119,-0.6981987034213186,0.5802102184910942,11.318693970982238,3.0,0.0,0.7093357683243319,0.01,0.0,False,0.00507752098244372,0.0565934698549112,0.2538771287089062,0.04252416578609152,4.252416578609152e-06,4.252416578609151e-06,0.011318886497371092,0.0,-0.8655969588946721,-1.2784089219124128,-1.4075344717456506,0.8655969588946721
25.0,0.0,0.0,0.14299104519884515,-0.5621451038056762,0.7354570293625885,28.598209039769028,3.0,0.0,0.7333449869729378,0.0,0.0,False,0.005096020801574189,0.14299104519884515,0.25480212357920234,0.042523393647102156,4.252339364710216e-06,4.252339364710216e-06,0.028598695474860766,0.0,0.13605359961564245,-1.2976021331682648,-1.295490090778614,0.13605359961564245
26.0,0.0,0.0,0.13594059448105875,-0.581357215028872,0.7581772361329902,27.188118896211748,3.0,0.0,0.7317421508896469,0.01,0.0,False,0.005153447671604643,0.13594059448105875,0.25767347927761125,0.042522887549586885,4.252288754958689e-06,4.252288754958688e-06,0.027188581341174297,0.0,-0.019212111223195882,-1.339534451161862,-1.3130993659185188,0.019212111223195882
27.0,0.0,0.0,0.14172643472345892,-0.847879807827072,0.9103030285919862,28.345286944691786,3.0,0.0,0.7972897439379736,0.09,0.0,False,0.0053107199879873996,0.14172643472345892,0.2655371285263058,0.04252255582707921,4.252255582707923e-06,4.252255582707922e-06,0.028345769068260286,0.0,-0.2665225927981999,-1.7581828364190581,-1.6451695517650455,0.2665225927981999
28.0,0.0,0.0,0.17976393202609597,-1.0206140406684796,0.9967020535098365,35.95278640521919,3.0,0.0,0.8359372650568807,0.26,0.0,False,0.005005115156482986,0.17976393202609597,0.25025682197015137,0.04252233839831703,4.252233839831701e-06,4.252233839831702e-06,0.03595339792123885,0.0,-0.17273423284140765,-2.017316094178316,-1.8565513057253602,0.17273423284140765
29.0,0.0,0.0,0.19867896869071525,-0.9004031963350044,1.0140903135865589,39.73579373814305,3.0,0.0,0.9497977323476354,-0.13,0.0,False,0.005316066713122981,0.19867896869071525,0.26580446591029955,0.04252219588353538,4.252219588353537e-06,4.252219588353538e-06,0.039736469596551145,0.0,0.12021084433347518,-1.9144935099215634,-1.8502009286826397,0.12021084433347518
30.0,0.0,0.0,0.18428284082763483,-1.014409474658682,0.9107075929176419,36.856568165526966,3.0,0.0,0.9662178875687972,0.06,0.0,False,0.005428524000911489,0.18428284082763483,0.27142735420684366,0.042522102471379226,4.2522102471379225e-06,4.2522102471379225e-06,0.036857195050368635,0.0,-0.1140062783236776,-1.9251170675763238,-1.9806273622274793,0.1140062783236776
31.0,0.0,0.0,0.19133448388008215,0.16182676588670086,0.9477296684231813,38.26689677601643,3.0,0.0,0.9424643924105515,0.07,0.0,False,0.005322497531909175,0.19133448388008212,0.2661260082127566,0.042522041243776856,4.252204124377685e-06,4.252204124377686e-06,0.03826754764787396,0.0,1.176236240545383,-0.7859029025364804,-0.7806376265238506,1.176236240545383
32.0,0.0,0.0,0.07180674268895632,0.22762972736367432,0.705969661004178,14.361348537791262,3.0,0.0,0.8989760438062129,0.05,0.0,False,0.005356885724536445,0.07180674268895632,0.2678454251543259,0.04252200111172609,4.252200111172611e-06,4.25220011117261e-06,0.014361592806063986,0.0,0.06580296147697345,-0.4783399336405037,-0.6713463164425386,0.06580296147697345
33.0,0.0,0.0,0.06285248910010686,-0.5011698519562633,0.7143077693757363,12.570497820021373,3.0,0.0,0.8799094596082265,0.11,0.0,False,0.00512104102474207,0.06285248910010686,0.2560531400209907,0.04252197480688926,4.2521974806889265e-06,4.252197480688927e-06,0.012570711628068866,0.0,-0.7287995793199376,-1.2154776213319995,-1.38107931156449,0.7287995793199376
34.0,0.0,0.0,0.13395039835313505,-0.6224634718049724,0.6576366828790684,26.790079670627012,3.0,0.0,0.8561679814245334,0.04,0.0,False,0.005042340880212528,0.13395039835313508,0.25211811606165113,0.042521957565193544,4.2521957565193565e-06,4.252195756519356e-06,0.0267905353353418,0.0,-0.12129361984870912,-1.2801001546840407,-1.478631453229506,0.12129361984870912
35.0,0.0,0.0,0.14244838473858773,-0.36855294740754785,0.6399743300138182,28.489676947717545,3.0,0.0,0.8383626107408603,0.15,0.0,False,0.005285621843966551,0.14244838473858773,0.2642822159729677,0.04252194626399751,4.252194626399752e-06,4.252194626399751e-06,0.028490161520261945,0.0,0.25391052439742456,-1.008527277421366,-1.2069155581484081,0.25391052439742456
36.0,0.0,0.0,0.11810930554157582,-0.3883185770784449,0.8557030209142334,23.621861108315166,3.0,0.0,0.802050661493711,0.13,0.0,False,0.004926515561726917,0.11810930554157582,0.24632682551131324,0.04252193885654483,4.2521938856544815e-06,4.252193885654482e-06,0.023622262885540212,0.0,-0.019765629670897067,-1.2440215979926783,-1.1903692385721558,0.019765629670897067
37.0,0.0,0.0,0.1259206815310726,0.6386735225570911,0.9931268564433273,25.184136306214523,3.0,0.0,0.812565219191553,0.05,0.0,False,0.005015165917398487,0.1259206815310726,0.25075936214269506,0.04252193400127473,4.2521934001274746e-06,4.252193400127474e-06,0.025184564655665834,0.0,1.026992099635536,-0.35445333388623623,-0.1738916966344619,1.026992099635536
38.0,0.0,0.0,0.025852241444651015,0.2057734824505446,1.070963259222376,5.170448288930203,3.0,0.0,0.8709150101868274,0.11,0.0,False,0.0049684163495331115,0.02585224144465101,0.24842187380993702,0.042521930818851625,4.2521930818851625e-06,4.2521930818851625e-06,0.005170536231534028,0.0,-0.4329000401065465,-0.8651897767718313,-0.6651415277362828,0.4329000401065465
39.0,0.0,0.0,0.0754601750726745,0.9194563361631034,0.9859524769692841,15.092035014534899,3.0,0.0,0.8972014334397121,-0.01,0.0,False,0.005531533429587674,0.0754601750726745,0.2765778475367351,0.04252192873290852,4.252192873290852e-06,4.252192873290853e-06,0.015092291710418307,0.0,0.7136828537125588,-0.06649614080618071,0.022254902723391257,0.7136828537125588
40.0,0.0,0.0,0.001815353617275784,0.9028042581054952,0.8375803164445095,0.36307072345515684,3.0,0.0,0.9603912767382226,-0.07,0.0,False,0.005413954224736552,0.004596995828071545,0.2706988622956691,0.04252192736566145,4.2521927365661454e-06,4.252192736566145e-06,0.0003630768988156704,0.0,-0.016652078057608155,0.06522394166098577,-0.057587018632727305,0.016652078057608155
41.0,0.0,0.0,0.003619497491241091,0.9918963969407942,0.8569391204395543,0.7238994982482182,3.0,0.0,0.9376102582975345,0.01,0.0,False,0.005548755981060033,0.005318913703704633,0.2774389787719707,0.04252192646948904,4.252192646948904e-06,4.252192646948905e-06,0.0007239118108363565,0.0,0.08909213883529898,0.1349572765012399,0.05428613864325971,0.08909213883529898
42.0,0.0,0.0,-0.003319784318720011,1.2020036240102003,1.0623015746908848,-0.6639568637440022,3.0,0.0,0.939000002557937,-0.02,0.0,False,0.005803352743097376,0.005277163220333998,0.2901688710035448,0.04252192588208612,4.252192588208611e-06,4.252192588208612e-06,-0.000663968156785802,0.0,0.2101072270694061,0.1397020493193155,0.2630036214522633,0.2101072270694061
43.0,0.0,0.0,-0.01539527236802102,1.56304690834989,1.0076135576228404,-3.079054473604204,3.0,0.0,0.9586978479354804,-0.04,0.0,False,0.005723327191395076,0.01539527236802102,0.286167576404216,0.042521925497068444,4.252192549706844e-06,4.252192549706844e-06,-0.003079106844311484,0.0,0.3610432843396896,0.5554333507270495,0.6043490604144095,0.3610432843396896
44.0,0.0,0.0,-0.05153008664465959,1.3616238208283402,1.0676034500800544,-10.306017328931919,3.0,0.0,1.048047627146867,0.09,0.0,False,0.005524737530904759,0.05153008664465959,0.2762380511576194,0.042521925244705674,4.2521925244705684e-06,4.252192524470569e-06,-0.010306192620865913,0.0,-0.2014230875215497,0.2940203707482858,0.31357619368147316,0.2014230875215497
45.0,0.0,0.0,-0.027267338050498045,0.5047303811701646,1.0909330404114546,-5.453467610099609,3.0,0.0,1.0477350861108334,0.12,0.0,False,0.005210290768880239,0.027267338050498045,0.26051564620198053,0.04252192507929264,4.252192507929263e-06,4.2521925079292635e-06,-0.0054535603664816424,0.0,-0.8568934396581757,-0.58620265924129,-0.5430047049406689,0.8568934396581757
46.0,0.0,0.0,0.065199851974279,0.14784648810991663,1.1895090513502977,13.0399703948558,3.0,0.0,1.0889446430248315,-0.01,0.0,False,0.005525074918481184,0.06519985197427901,0.27625492060816487,0.042521924970871386,4.252192497087138e-06,4.252192497087139e-06,0.01304019218776978,0.0,-0.3568838930602479,-1.041662563240381,-0.9410981549149149,0.3568838930602479
47.0,0.0,0.0,0.10367799338411825,-0.20302460070858827,1.1853492773901342,20.73559867682365,3.0,0.0,1.1567427630290223,0.12,0.0,False,0.005309679844461732,0.10367799338411826,0.26548512111212447,0.04252192489980588,4.252192489980587e-06,4.252192489980588e-06,0.020735951362351835,0.0,-0.35087108881850493,-1.3883738780987225,-1.3597673637376106,0.35087108881850493
48.0,0.0,0.0,0.14466518525492134,-0.20904480340168738,1.2349465117701661,28.933037050984268,3.0,0.0,1.1846484648903413,0.05,0.0,False,0.0051094277056388665,0.14466518525492134,0.255472471595448,0.04252192485322546,4.252192485322546e-06,4.252192485322545e-06,0.02893352916426259,0.0,-0.006020202693099108,-1.4439913151718535,-1.3936932682920287,0.006020202693099108
49.0,0.0,0.0,0.14229936471001936,1.3374857053310993,1.188458718048902,28.459872942003873,3.0,0.0,1.2436580090513052,0.01,0.0,False,0.0050635000006778496,0.1422993647100194,0.25317607658272434,0.04252192482269396,4.252192482269395e-06,4.252192482269396e-06,0.02846035700737661,0.0,1.5465305087327867,0.14902698728219743,0.09382769627979415,1.5465305087327867
50.0,0.0,0.0,-0.012361338879791956,1.0816552563545012,1.1452808203341764,-2.4722677759583913,3.0,0.0,1.2139790979129486,0.08,0.0,False,0.005150950915789953,0.012384283844073111,0.2575486409312352,0.04252192480268187,4.252192480268186e-06,4.252192480268186e-06,-0.002472309826013371,0.0,-0.2558304489765981,-0.06362556397967523,-0.13232384155844734,0.2558304489765981
51.0,0.0,0.0,0.012513150814273817,1.5330330210429957,1.1596834901349005,2.5026301628547634,3.0,0.0,1.2138696883935682,-0.05,0.0,False,0.005284854478491017,0.012598134820340738,0.26424384753547414,0.04252192478956478,4.252192478956478e-06,4.252192478956478e-06,0.002502672729334386,0.0,0.45137776468849444,0.3733495309080952,0.3191633326494274,0.45137776468849444
52.0,0.0,0.0,-0.033314011939105874,1.5599941531337957,1.1182128097912505,-6.662802387821174,3.0,0.0,1.2067894249135285,0.04,0.0,False,0.005256652431074171,0.033314011939105874,0.2628337391686049,0.0425219247809671,4.252192478096709e-06,4.25219247809671e-06,-0.006662915713412078,0.0,0.02696113209080009,0.44178134334254526,0.35320472822026727,0.02696113209080009
53.0,0.0,0.0,-0.03709784645772588,1.2861210721993692,1.1759196787443795,-7.4195692915451765,3.0,0.0,1.1998858187723878,-0.08,0.0,False,0.005749325124228706,0.03709784645772588,0.2874674785732875,0.04252192477533167,4.252192477533166e-06,4.252192477533167e-06,-0.007419695488755469,0.0,-0.2738730809344265,0.1102013934549897,0.08623525342698146,0.2738730809344265
54.0,0.0,0.0,-0.0059568991121706225,1.6180193720833769,1.3601133003667734,-1.1913798224341245,3.0,0.0,1.189007801197355,0.09,0.0,False,0.005374157774902243,0.006531799728811147,0.26870903134277524,0.0425219247716379,4.25219247716379e-06,4.252192477163789e-06,-0.0011914000862532322,0.0,0.33189829988400765,0.2579060717166035,0.4290115708860218,0.33189829988400765
55.0,0.0,0.0,-0.035108646257538574,1.3067911734651836,1.4118654602675769,-7.021729251507715,3.0,0.0,1.2265508145835833,0.1,0.0,False,0.004984503142616616,0.035108646257538574,0.24922621688416904,0.04252192476921678,4.252192476921676e-06,4.252192476921677e-06,-0.007021848681977067,0.0,-0.3112281986181933,-0.10507428680239328,0.0802403588816003,0.3112281986181933
56.0,0.0,0.0,0.007380963674318659,0.7994513931802395,1.5896559596310478,1.4761927348637318,3.0,0.0,1.2669254450719165,0.4,0.0,False,0.0047081711686806785,0.007601226642263276,0.23540955943653508,0.04252192476762984,4.2521924767629835e-06,4.252192476762984e-06,0.0014762178429795325,0.0,-0.5073397802849441,-0.7902045664508083,-0.467474051891677,0.5073397802849441
57.0,0.0,0.0,0.06350929837308411,-0.07029805634490605,1.5608172915807486,12.701859674616824,3.0,0.0,1.3806023794722804,0.11,0.0,False,0.005056373006522572,0.06350929837308411,0.2528197253596914,0.042521924766589676,4.252192476658967e-06,4.252192476658967e-06,0.01270207571670676,0.0,-0.8697494495251455,-1.6311153479256546,-1.4509004358171864,0.8697494495251455
58.0,0.0,0.0,0.15810971667396725,-0.5066939493088954,1.597332368072898,31.621943334793453,3.0,0.0,1.4345578795991174,0.13,0.0,False,0.00524366904417368,0.15810971667396728,0.2621845670631869,0.04252192476590788,4.252192476590789e-06,4.2521924765907885e-06,0.0316224811828646,0.0,-0.4363958929639894,-2.1040263173817935,-1.9412518289080127,0.4363958929639894
59.0,0.0,0.0,0.20222318777072495,-0.28918243191099857,1.6613973821039612,40.44463755414499,3.0,0.0,1.5108327260421524,-0.01,0.0,False,0.005253441593008625,0.20222318777072495,0.26267319658267213,0.04252192476546101,4.252192476546101e-06,4.252192476546101e-06,0.04044532546475397,0.0,0.21751151739789687,-1.9505798140149597,-1.800015157953151,0.21751151739789687
60.0,0.0,0.0,0.1776889279128267,0.16909935738657272,1.548044783261574,35.53778558256534,3.0,0.0,1.5155809229942352,-0.17,0.0,False,0.0055413235667639196,0.1776889279128267,0.277067356476915,0.04252192476516809,4.252192476516809e-06,4.2521924765168095e-06,0.03553839003401306,0.0,0.4582817892975713,-1.3789454258750014,-1.3464815656076625,0.4582817892975713
61.0,0.0,0.0,0.13311508187431373,1.0450374963289746,1.626890985960762,26.623016374862747,3.0,0.0,1.4877446255933906,0.09,0.0,False,0.005439270022700248,0.13311508187431373,0.2719646575761658,0.042521924764976085,4.25219247649761e-06,4.25219247649761e-06,0.026623469197696994,0.0,0.8759381389424019,-0.5818534896317875,-0.442707129264416,0.8759381389424019
62.0,0.0,0.0,0.04929818025362719,0.5615170664924145,1.647439390007809,9.859636050725438,3.0,0.0,1.5002784776771931,0.08,0.0,False,0.0053297716100758775,0.04929818025362719,0.26648971366453095,0.04252192476485026,4.252192476485025e-06,4.252192476485025e-06,0.009859803750293295,0.0,-0.4835204298365601,-1.0859223235153945,-0.9387614111847786,0.4835204298365601
63.0,0.0,0.0,0.10084848474212382,0.9603951192160148,1.7006557928680026,20.169696948424765,3.0,0.0,1.5380297801328058,0.15,0.0,False,0.005066449070592895,0.10084848474212382,0.25332353070547575,0.04252192476476777,4.252192476476778e-06,4.252192476476777e-06,0.020170040008700485,0.0,0.39887805272360033,-0.7402606736519878,-0.5776346609167909,0.39887805272360033
64.0,0.0,0.0,0.06701054349006981,1.3851406781958515,1.816526819521818,13.402108698013963,3.0,0.0,1.5700233552720575,0.15,0.0,False,0.0051340393522985505,0.06701054349006981,0.2567030591611029,0.04252192476471372,4.252192476471372e-06,4.25219247647137e-06,0.013402336650427773,0.0,0.4247455589798367,-0.43138614132596653,-0.18488267707620598,0.4247455589798367
65.0,0.0,0.0,0.03642045674293544,1.9888153653016643,1.7397972334274663,7.284091348587088,3.0,0.0,1.6305148012031572,0.07,0.0,False,0.00505852239045748,0.03642045674293544,0.25292719501341654,0.04252192476467826,4.252192476467827e-06,4.252192476467827e-06,0.007284215241493998,0.0,0.6036746871058127,0.24901813187419797,0.3583005640985071,0.6036746871058127
66.0,0.0,0.0,-0.025266758915531307,2.852857098062948,1.8954309447893212,-5.053351783106262,3.0,0.0,1.7493529889648138,-0.04,0.0,False,0.005004755348087448,0.025266758915531307,0.2502388314635243,0.04252192476465504,4.252192476465504e-06,4.252192476465505e-06,-0.0050534377340385175,0.0,0.8640417327612839,0.957426153273627,1.1035041090981343,0.8640417327612839
67.0,0.0,0.0,-0.1088603339226422,3.3246312363064217,1.8286915305789415,-21.77206678452844,3.0,0.0,1.7361424041902427,0.0,0.0,False,0.00511804342791526,0.1088603339226422,0.2559032595410509,0.042521924764639826,4.252192476463981e-06,4.252192476463982e-06,-0.021772437099028118,0.0,0.4717741382434735,1.4959397057274801,1.588488832116179,0.4717741382434735
68.0,0.0,0.0,-0.15022662769804573,3.742619441690683,1.8715551995782376,-30.045325539609145,3.0,0.0,1.7642306140818809,0.14,0.0,False,0.005032504623039229,0.15022662769804573,0.25162630111087625,0.042521924764629834,4.252192476462983e-06,4.252192476462984e-06,-0.03004583657146501,0.0,0.4179882053842614,1.8710642421124455,1.9783888276088022,0.4179882053842614
69.0,0.0,0.0,-0.18860865108275576,3.659636133815429,1.9267082120814343,-37.72173021655115,3.0,0.0,1.8223330196991603,0.04,0.0,False,0.005153095687874353,0.18860865108275576,0.2576558799914534,0.0425219247646233,4.252192476462331e-06,4.25219247646233e-06,-0.037722371814052684,0.0,-0.08298330787525421,1.7329279217339946,1.8373031141162686,0.08298330787525421
70.0,0.0,0.0,-0.17772593439554873,2.5039596045191406,1.9701149805473648,-35.54518687910975,3.0,0.0,1.856492830848768,0.03,0.0,False,0.005340475071249838,0.17772593439554873,0.2670248889988879,0.04252192476461902,4.2521924764619006e-06,4.252192476461901e-06,-0.03554579145644388,0.0,-1.1556765292962883,0.5338446239717758,0.6474667736703725,1.1556765292962883
71.0,0.0,0.0,-0.05172500034922414,2.4733132600312366,2.106930058198352,-10.34500006984483,3.0,0.0,1.8823390036158845,0.31,0.0,False,0.0050473662024315335,0.051725000349224136,0.25236938324020625,0.042521924764616206,4.25219247646162e-06,4.25219247646162e-06,-0.010345176024822504,0.0,-0.03064634448790393,0.36638320183288453,0.5909742564153522,0.03064634448790393
72.0,0.0,0.0,-0.04532936804607071,2.0817268435981737,2.1154934455718624,-9.065873609214142,3.0,0.0,1.9866986037940322,-0.06,0.0,False,0.00531065284663323,0.045329368046070705,0.2655337714275654,0.04252192476461437,4.252192476461437e-06,4.252192476461436e-06,-0.009066027807916665,0.0,-0.3915864164330629,-0.03376660197368864,0.09502823980414155,0.3915864164330629
73.0,0.0,0.0,6.62527468752038e-05,1.7849856409366296,2.3874666013633354,0.01325054937504076,3.0,0.0,2.0200099421106414,0.28,0.0,False,0.0051782568976468275,0.004130322088109092,0.25891394582959243,0.042521924764613146,4.252192476461316e-06,4.252192476461315e-06,1.325077474962785e-05,0.0,-0.29674120266154413,-0.6024809604267058,-0.23502430117401185,0.29674120266154413
74.0,0.0,0.0,0.03768585356354934,1.2852763620533958,2.40703017208143,7.537170712709868,3.0,0.0,2.082389385152897,0.29,0.0,False,0.005113890072242101,0.03768585356354934,0.2556955908743495,0.042521924764612355,4.252192476461236e-06,4.2521924764612365e-06,0.007537298910167134,0.0,-0.4997092788832338,-1.1217538100280344,-0.7971130230995014,0.4997092788832338
75.0,0.0,0.0,0.09458727533116357,1.0758102203717657,2.367375098204669,18.917455066232712,3.0,0.0,2.161852188947272,0.26,0.0,False,0.005238983408790175,0.09458727533116357,0.2619502842978005,0.04252192476461185,4.252192476461185e-06,4.252192476461184e-06,0.01891777682750493,0.0,-0.20946614168163014,-1.2915648778329032,-1.0860419685755065,0.20946614168163014
76.0,0.0,0.0,0.12032693112373426,1.3704294914739412,2.4270067838050733,24.065386224746852,3.0,0.0,2.2311692255300573,0.05,0.0,False,0.005391290832328525,0.12032693112373426,0.26956568785674195,0.04252192476461149,4.252192476461149e-06,4.25219247646115e-06,0.02406579554562331,0.0,0.29461927110217556,-1.056577292331132,-0.860739734056116,0.29461927110217556
77.0,0.0,0.0,0.09593727279954409,1.0691457144634071,2.570681860676901,19.18745455990882,3.0,0.0,2.279105114272669,0.15,0.0,False,0.005665064715089592,0.09593727279954412,0.2832544402017575,0.04252192476461127,4.252192476461127e-06,4.252192476461128e-06,0.019187780913520774,0.0,-0.3012837770105341,-1.5015361462134937,-1.209959399809262,0.3012837770105341
78.0,0.0,0.0,0.1400541922719539,1.1215051416899136,2.744037422849877,28.01083845439078,3.0,0.0,2.3298226166568616,0.52,0.0,False,0.005637453263904926,0.1400541922719539,0.28187386177206397,0.042521924764611134,4.252192476461113e-06,4.252192476461114e-06,0.02801131488227103,0.0,0.05235942722650644,-1.6225322811599634,-1.208317474966948,0.05235942722650644
79.0,0.0,0.0,0.1429098415057857,0.8036342576395339,2.8983632427975072,28.58196830115714,3.0,0.0,2.469717414052078,0.31,0.0,False,0.005653619430605998,0.1429098415057857,0.2826821735442003,0.042521924764611044,4.252192476461104e-06,4.2521924764611035e-06,0.028582454443212234,0.0,-0.31787088405037967,-2.0947289851579733,-1.6660831564125442,0.31787088405037967
80.0,0.0,0.0,0.18176891284316432,1.1599841895478145,2.813151893525037,36.353782568632866,3.0,0.0,2.550633940755412,0.26,0.0,False,0.005469956439960848,0.18176891284316432,0.2734989849634234,0.042521924764610974,4.252192476461099e-06,4.2521924764610976e-06,0.03635440089912649,0.0,0.35634993190828057,-1.6531677039772226,-1.3906497512075977,0.35634993190828057
81.0,0.0,0.0,0.1506813466109463,0.8373891094748955,2.806190605554395,30.136269322189257,3.0,0.0,2.6213620318913575,0.11,0.0,False,0.005422044681414673,0.1506813466109463,0.2711033868496137,0.042521924764610926,4.252192476461093e-06,4.252192476461093e-06,0.030136781900880368,0.0,-0.3225950800729189,-1.9688014960794995,-1.783972922416462,0.3225950800729189
82.0,0.0,0.0,0.18651545953737533,0.7493445160784664,2.707808694775263,37.303091907475064,3.0,0.0,2.6668296919616963,0.03,0.0,False,0.005291099377553835,0.18651545953737533,0.26455609381634004,0.04252192476461091,4.252192476461092e-06,4.252192476461091e-06,0.03730372638448415,0.0,-0.08804459339642912,-1.9584641786967967,-1.9174851758832299,0.08804459339642912
83.0,0.0,0.0,0.1986878690358078,0.6053546791980743,2.81072653249351,39.73757380716156,3.0,0.0,2.7025833598303364,0.03,0.0,False,0.005525892468696275,0.1986878690358078,0.27629579829273276,0.0425219247646109,4.25219247646109e-06,4.252192476461089e-06,0.03973824969153703,0.0,-0.14398983688039213,-2.2053718532954356,-2.097228680632262,0.14398983688039213
84.0,0.0,0.0,0.21148158326167535,0.852024000732507,2.48322601988021,42.29631665233507,3.0,0.0,2.736265449389636,-0.03,0.0,False,0.005393953932038003,0.21148158326167535,0.26969884340841654,0.04252192476461088,4.252192476461087e-06,4.252192476461088e-06,0.04229703605759379,0.0,0.24666932153443266,-1.631202019147703,-1.884241448657129,0.24666932153443266
85.0,0.0,0.0,0.18663640764645334,1.2796590620492896,2.5022693653373675,37.327281529290666,3.0,0.0,2.7202154748346885,0.06,0.0,False,0.005110734572676969,0.18663640764645334,0.2555378152252034,0.04252192476461086,4.252192476461086e-06,4.2521924764610866e-06,0.037327916417733704,0.0,0.42763506131678264,-1.222610303288078,-1.440556412785399,0.42763506131678264
86.0,0.0,0.0,0.1434511284986903,1.6640823386876449,2.710672933760534,28.690225699738058,3.0,0.0,2.7184277578934597,0.06,0.0,False,0.005040585507669316,0.1434511284986903,0.2520303470604544,0.04252192476461086,4.252192476461086e-06,4.2521924764610866e-06,0.028690713683110505,0.0,0.3844232766383553,-1.046590595072889,-1.0543454192058148,0.3844232766383553
87.0,0.0,0.0,0.1070043869115775,2.4829364369884352,2.664601477001178,21.4008773823155,3.0,0.0,2.714200846126658,0.0,0.0,False,0.005437922277540332,0.1070043869115775,0.27189727003162634,0.04252192476461086,4.252192476461086e-06,4.2521924764610866e-06,0.021401241383366857,0.0,0.8188540983007904,-0.18166504001274264,-0.23126440913822277,0.8188540983007904
88.0,0.0,0.0,0.023430488268438493,3.2145299757646915,2.64501779463496,4.686097653687699,3.0,0.0,2.7341489579658673,-0.02,0.0,False,0.005260638848974175,0.023430488268438493,0.2630330609111554,0.04252192476461086,4.252192476461086e-06,4.2521924764610866e-06,0.004686177358105524,0.0,0.7315935387762562,0.5695121811297317,0.48038101779882414,0.7315935387762562
89.0,0.0,0.0,-0.04579288304771637,3.2478495192507606,2.6533436747060284,-9.158576609543275,3.0,0.0,2.7172463012201167,-0.06,0.0,False,0.005428129988267294,0.04579288304771637,0.27140765348603946,0.04252192476461086,4.252192476461086e-06,4.2521924764610866e-06,-0.009158732385003096,0.0,0.033319543486069136,0.5945058445447322,0.5306032180306439,0.033319543486069136
90.0,0.0,0.0,-0.04853134474839717,3.48403936476927,2.6282906054604447,-9.706268949679433,3.0,0.0,2.7565914092798898,-0.03,0.0,False,0.005374635660751713,0.04853134474839717,0.2687329257368516,0.04252192476461086,4.252192476461086e-06,4.2521924764610866e-06,-0.009706434040672635,0.0,0.2361898455185094,0.8557487593088253,0.7274479554893802,0.2361898455185094
91.0,0.0,0.0,-0.07202830038991365,3.6231718704694886,2.6281855547186694,-14.405660077982729,3.0,0.0,2.7625257535358387,0.05,0.0,False,0.005130405696351683,0.07202830038991363,0.2565213755912093,0.04252192476461086,4.252192476461086e-06,4.2521924764610866e-06,-0.014405905099498446,0.0,0.13913250570021862,0.9949863157508192,0.8606461169336499,0.13913250570021862
92.0,0.0,0.0,-0.08938785401258892,2.9712434653799966,2.572861827744542,-17.877570802517784,3.0,0.0,2.7637410469602837,0.13,0.0,False,0.0052635467919568465,0.08938785401258892,0.26317845867854567,0.04252192476461086,4.252192476461086e-06,4.2521924764610866e-06,-0.01787787487671304,0.0,-0.651928405089492,0.39838163763545476,0.20750241841971295,0.651928405089492
93.0,0.0,0.0,-0.026441049984400486,3.6427937203825884,2.495527676432414,-5.288209996880097,3.0,0.0,2.7292743256255845,0.14,0.0,False,0.0052793105219775425,0.026441049984400486,0.2639666485311012,0.04252192476461086,4.252192476461086e-06,4.2521924764610866e-06,-0.005288299942444678,0.0,0.6715502550025918,1.1472660439501743,0.9135193947570039,0.6715502550025918
94.0,0.0,0.0,-0.09371923531910785,4.4195749984426005,2.505366266874588,-18.74384706382157,3.0,0.0,2.706827343914301,0.0,0.0,False,0.0053460089620786765,0.09371923531910785,0.26730158471688814,0.04252192476461086,4.252192476461086e-06,4.2521924764610866e-06,-0.018744165872247778,0.0,0.7767812780600121,1.9142087315680123,1.7127476545282994,0.7767812780600121
95.0,0.0,0.0,-0.17345697801812335,4.662463271073263,2.416960161180531,-34.69139560362467,3.0,0.0,2.7055814415801445,0.03,0.0,False,0.005221163494191755,0.17345697801812335,0.26105928477919416,0.04252192476461086,4.252192476461086e-06,4.2521924764610866e-06,-0.034691985659081145,0.0,0.2428882726306627,2.245503109892732,1.9568818294931187,0.2428882726306627
96.0,0.0,0.0,-0.1995624676268039,4.705608382732074,2.4355538410460253,-39.91249352536078,3.0,0.0,2.6849683396385227,-0.05,0.0,False,0.005631011960457427,0.1995624676268039,0.28155179523020596,0.04252192476461086,4.252192476461086e-06,4.2521924764610866e-06,-0.039913172384892844,0.0,0.043145111658811075,2.270054541686049,2.0206400430935516,0.043145111658811075
97.0,0.0,0.0,-0.21069994050080246,5.471331261170042,2.314421243497153,-42.139988100160494,3.0,0.0,2.6667961659040547,0.36,0.0,False,0.00525731657349705,0.21069994050080246,0.26286694643095143,0.04252192476461086,4.252192476461086e-06,4.2521924764610866e-06,-0.04214070484647414,0.0,0.7657228784379679,3.1569100176728893,2.8045350952659875,0.7657228784379679
98.0,0.0,0.0,-0.2945086698882265,5.5936485078566704,2.2342948485634504,-58.9017339776453,3.0,0.0,2.5985641808889626,0.31,0.0,False,0.004996105369610898,0.29450866988822644,0.2498063307006281,0.04252192476461086,4.252192476461086e-06,4.2521924764610866e-06,-0.058902735819425504,0.0,0.12231724668662824,3.35935365929322,2.995084326967708,0.12231724668662824
99.0,0.0,0.0,-0.3074098133097073,4.790148491795369,2.2566965222086974,-61.48196266194146,3.0,0.0,2.526181946910263,0.05,0.0,False,0.004893122915476129,0.3074098133097073,0.24465718609882872,0.04252192476461086,4.252192476461086e-06,4.2521924764610866e-06,-0.061483008390051046,0.0,-0.8035000160613013,2.5334519695866717,2.2639665448851063,0.8035000160613013
100.0,0.0,0.0,-0.2339217431542955,4.483995368479481,2.094723629545389,-46.7843486308591,3.0,0.0,2.5194850164748335,0.31,0.0,False,0.005331775382884042,0.2339217431542955,0.2665899027309605,0.04252192476461086,4.252192476461086e-06,4.2521924764610866e-06,-0.04678514437169647,0.0,-0.3061531233158883,2.389271738934092,1.9645103520046474,0.3061531233158883
101.0,0.0,0.0,-0.2069596312558305,4.738783463737786,2.0866688874429236,-41.3919262511661,3.0,0.0,2.450881326238601,0.18,0.0,False,0.005115984326718964,0.2069596312558305,0.2558003040434513,0.04252192476461086,4.252192476461086e-06,4.2521924764610866e-06,-0.04139263027392198,0.0,0.2547880952583048,2.652114576294862,2.287902137499185,0.2547880952583048
102.0,0.0,0.0,-0.23575585293649565,5.365178932803718,2.250274168756096,-47.15117058729913,3.0,0.0,2.4143550543118306,0.06,0.0,False,0.0052290611513926,0.2357558529364956,0.26145416931835425,0.04252192476461086,4.252192476461086e-06,4.2521924764610866e-06,-0.04715197256730022,0.0,0.6263954690659324,3.114904764047622,2.9508238784918874,0.6263954690659324
103.0,0.0,0.0,-0.3015271291246376,5.655570565079726,2.1059131916103726,-60.30542582492752,3.0,0.0,2.381174810409625,0.06,0.0,False,0.005199325715575037,0.3015271291246375,0.2599673912054363,0.04252192476461086,4.252192476461086e-06,4.2521924764610866e-06,-0.06030645154167785,0.0,0.29039163227600806,3.5496573734693535,3.2743957546701012,0.29039163227600806
104.0,0.0,0.0,-0.3277015988186318,5.954273860406316,2.2649046371075654,-65.54031976372636,3.0,0.0,2.34984353398785,0.0,0.0,False,0.005236669212970768,0.3277015988186318,0.2618345740148099,0.04252192476461086,4.252192476461086e-06,4.2521924764610866e-06,-0.06554143451920456,0.0,0.29870329532658957,3.6893692232987503,3.604430326418466,0.29870329532658957
105.0,0.0,0.0,-0.36088575086258823,5.66419819941541,2.216950347087632,-72.17715017251764,3.0,0.0,2.3784849043797602,0.01,0.0,False,0.005272374200042116,0.3608857508625883,0.2636198309596011,0.04252192476461086,4.252192476461086e-06,4.2521924764610866e-06,-0.07217837781183717,0.0,-0.2900756609909054,3.447247852327778,3.28571329503565,0.2900756609909054
106.0,0.0,0.0,-0.33236495532767124,6.483676256515352,2.4178323245987023,-66.47299106553425,3.0,0.0,2.345339623996703,0.05,0.0,False,0.004852103840747426,0.33236495532767124,0.24260622364134346,0.04252192476461086,4.252192476461086e-06,4.2521924764610866e-06,-0.06647412168453656,0.0,0.8194780570999418,4.06584393191665,4.13833663251865,0.8194780570999418
107.0,0.0,0.0,-0.41042415986897895,6.3052703413533315,2.4106539240904943,-82.08483197379579,3.0,0.0,2.3404779821505777,0.21,0.0,False,0.004679196771145325,0.41042415986897895,0.23396083339953155,0.04252192476461086,4.252192476461086e-06,4.2521924764610866e-06,-0.08208622812987879,0.0,-0.17840591516202053,3.8946164172628372,3.964792359202754,0.17840591516202053
108.0,0.0,0.0,-0.3912194779821557,7.024083975616748,2.4230771012830816,-78.24389559643113,3.0,0.0,2.37934739769933,-0.04,0.0,False,0.005031006361086444,0.3912194779821557,0.251551387694692,0.04252192476461086,4.252192476461086e-06,4.2521924764610866e-06,-0.07824522642318887,0.0,0.7188136342634168,4.601006874333667,4.644736577917419,0.7188136342634168
109.0,0.0,0.0,-0.4592311117318196,6.22107041756312,2.367256930578963,-91.84622234636392,3.0,0.0,2.392992384505733,-0.19,0.0,False,0.0049830164752115635,0.4592311117318195,0.24915188319783643,0.04252192476461086,4.252192476461086e-06,4.2521924764610866e-06,-0.09184778453098373,0.0,-0.8030135580536282,3.853813486984157,3.828078033057387,0.8030135580536282
110.0,0.0,0.0,-0.3754710664957412,6.915814776983796,2.3687104672335417,-75.09421329914824,3.0,0.0,2.4316752213446446,0.07,0.0,False,0.005001454727599647,0.3754710664957412,0.2500737997373905,0.04252192476461086,4.252192476461086e-06,4.2521924764610866e-06,-0.0750954905539123,0.0,0.6947443594206755,4.547104309750254,4.4841395556391515,0.6947443594206755
111.0,0.0,0.0,-0.44218232558654286,6.530111754427832,2.516120832626519,-88.43646511730857,3.0,0.0,2.466279923843508,-0.01,0.0,False,0.00498848578152431,0.44218232558654286,0.24942534967630095,0.04252192476461086,4.252192476461086e-06,4.2521924764610866e-06,-0.08843796930639886,0.0,-0.38570302255596367,4.013990921801312,4.0638318305843235,0.38570302255596367
112.0,0.0,0.0,-0.40095957739859345,6.127481709598229,2.581243119297078,-80.19191547971869,3.0,0.0,2.493897508900467,0.03,0.0,False,0.005100899104381877,0.40095957739859345,0.2550460397193335,0.04252192476461086,4.252192476461086e-06,4.2521924764610866e-06,-0.0801932794397575,0.0,-0.4026300448296034,3.5462385903011504,3.6335842006977614,0.4026300448296034
113.0,0.0,0.0,-0.3551366007655924,6.148006257989596,2.7687653582391265,-71.02732015311848,3.0,0.0,2.520430732576983,0.17,0.0,False,0.0050832961462831195,0.3551366007655925,0.2541658880718374,0.04252192476461086,4.252192476461086e-06,4.2521924764610866e-06,-0.07102852823532693,0.0,0.02052454839136786,3.37924089975047,3.6275755254126136,0.02052454839136786
114.0,0.0,0.0,-0.3487744105047594,6.92086862133111,2.8199670330977673,-69.75488210095187,3.0,0.0,2.576040196483214,0.24,0.0,False,0.005095708904047507,0.3487744105047594,0.25478652859912865,0.04252192476461086,4.252192476461086e-06,4.2521924764610866e-06,-0.06975606854064631,0.0,0.7728623633415133,4.100901588233342,4.344828424847895,0.7728623633415133
115.0,0.0,0.0,-0.4247794468396504,7.518729396995844,2.64343478810155,-84.95588936793008,3.0,0.0,2.6601880001457903,-0.01,0.0,False,0.005159651787067806,0.4247794468396504,0.2579836863450158,0.04252192476461086,4.252192476461086e-06,4.2521924764610866e-06,-0.08495733435696005,0.0,0.5978607756647341,4.8752946088942934,4.858541396850054,0.5978607756647341
116.0,0.0,0.0,-0.4841485921938219,6.243610054691528,2.435769953190378,-96.82971843876437,3.0,0.0,2.67298384073621,0.0,0.0,False,0.005447043049744188,0.4841485921938219,0.2723533105809831,0.04252192476461086,4.252192476461086e-06,4.2521924764610866e-06,-0.09683136538616212,0.0,-1.2751193423043157,3.8078401015011503,3.570626213955318,1.2751193423043157
117.0,0.0,0.0,-0.35626913276248606,7.032614411690674,2.402377855379046,-71.25382655249722,3.0,0.0,2.67714054040757,-0.01,0.0,False,0.005003923791272402,0.35626913276248606,0.25019725344597493,0.04252192476461086,4.252192476461086e-06,4.2521924764610866e-06,-0.07125503848728452,0.0,0.7890043569991461,4.630236556311628,4.355473871283104,0.7890043569991461
118.0,0.0,0.0,-0.43100328293129037,6.900679056789581,2.5335848807732755,-86.20065658625808,3.0,0.0,2.680842980820374,-0.22,0.0,False,0.0049940339654073575,0.43100328293129037,0.24970276005005063,0.04252192476461086,4.252192476461086e-06,4.2521924764610866e-06,-0.0862021227471572,0.0,-0.13193535490109287,4.367094176016305,4.219836075969207,0.13193535490109287
119.0,0.0,0.0,-0.42010912526940425,7.117868196074769,2.6012630478831213,-84.02182505388085,3.0,0.0,2.722489946931924,0.09,0.0,False,0.004982122840713059,0.42010912526940425,0.24910720128291594,0.04252192476461086,4.252192476461086e-06,4.2521924764610866e-06,-0.08402325415569337,0.0,0.21718913928518813,4.516605148191648,4.395378249142846,0.21718913928518813
120.0,0.0,0.0,-0.4398029199748479,6.515249543334571,2.568086138655843,-87.96058399496958,3.0,0.0,2.6994984848524552,-0.09,0.0,False,0.005401190624753922,0.4398029199748479,0.27006067958280294,0.04252192476461086,4.252192476461086e-06,4.2521924764610866e-06,-0.08796208008994177,0.0,-0.6026186527401984,3.947163404678728,3.8157510584821157,0.6026186527401984
121.0,0.0,0.0,-0.382929077608721,6.241530439764383,2.5810128097026452,-76.58581552174421,3.0,0.0,2.7197454899929228,-0.03,0.0,False,0.005525843446817791,0.38292907760872097,0.276293347188386,0.04252192476461086,4.252192476461086e-06,4.2521924764610866e-06,-0.07658711814671938,0.0,-0.2737191035701878,3.660517630061738,3.5217849497714604,0.2737191035701878
122.0,0.0,0.0,-0.3565278309708242,6.707022892347128,2.5995228531837147,-71.30556619416484,3.0,0.0,2.6858773528402238,-0.04,0.0,False,0.005775567293370995,0.3565278309708242,0.28877959260973934,0.04252192476461086,4.252192476461086e-06,4.2521924764610866e-06,-0.07130677900897607,0.0,0.46549245258274485,4.107500039163414,4.021145539506904,0.46549245258274485
123.0,0.0,0.0,-0.4027029457363789,5.7979162522570835,2.5634690701791856,-80.54058914727578,3.0,0.0,2.6761763288081193,-0.01,0.0,False,0.0058310905659511355,0.4027029457363788,0.29155576804352845,0.04252192476461086,4.252192476461086e-06,4.2521924764610866e-06,-0.08054195903779955,0.0,-0.9091066400900445,3.234447182077898,3.1217399234489642,0.9091066400900445
124.0,0.0,0.0,-0.3149003648096892,6.387082721835176,2.537948331887534,-62.980072961937836,3.0,0.0,2.6799078164615384,0.15,0.0,False,0.005360583012014737,0.3149003648096892,0.2680302903122746,0.04252192476461086,4.252192476461086e-06,4.2521924764610866e-06,-0.06298114417095246,0.0,0.5891664695780925,3.849134389947642,3.7071749053736376,0.5891664695780925
125.0,0.0,0.0,-0.37343404232200605,6.673640201464799,2.6208308625798282,-74.68680846440121,3.0,0.0,2.648845653312091,0.02,0.0,False,0.00515029469100615,0.37343404232200605,0.2575158295525243,0.04252192476461086,4.252192476461086e-06,4.2521924764610866e-06,-0.07468807878973965,0.0,0.2865574796296233,4.0528093388849715,4.024794548152708,0.2865574796296233
126.0,0.0,0.0,-0.4004839651271851,6.440093817302619,2.732968958472206,-80.09679302543702,3.0,0.0,2.652662902943858,0.0,0.0,False,0.0051098563358599886,0.4004839651271851,0.25549390319763265,0.04252192476461086,4.252192476461086e-06,4.2521924764610866e-06,-0.08009815536756677,0.0,-0.23354638416217988,3.7071248588304133,3.7874309143587612,0.23354638416217988
127.0,0.0,0.0,-0.37356807738218817,6.623523748719751,2.83473097731557,-74.71361547643764,3.0,0.0,2.668715403447779,0.02,0.0,False,0.005390865123539362,0.3735680773821881,0.26954440232677407,0.04252192476461086,4.252192476461086e-06,4.2521924764610866e-06,-0.07471488625772843,0.0,0.18342993141713126,3.7887927714041805,3.954808345271972,0.18342993141713126
128.0,0.0,0.0,-0.38497784438879107,5.485547879091399,2.839966421132639,-76.99556887775822,3.0,0.0,2.704333619312337,0.22,0.0,False,0.005054554721070492,0.3849778443887912,0.2527288107005024,0.04252192476461086,4.252192476461086e-06,4.2521924764610866e-06,-0.07699687847210432,0.0,-1.1379758696283515,2.64558145795876,2.781214259779062,1.1379758696283515
129.0,0.0,0.0,-0.26708004769400284,4.450612781444836,2.9737822172654527,-53.416009538800566,3.0,0.0,2.773663454837168,0.13,0.0,False,0.005035172619275756,0.26708004769400284,0.25175970148994414,0.04252192476461086,4.252192476461086e-06,4.2521924764610866e-06,-0.05341691807555278,0.0,-1.0349350976465628,1.4768305641793837,1.6769493266076685,1.0349350976465628
130.0,0.0,0.0,-0.15950755294436536,4.3975038857819495,2.930488703401267,-31.90151058887307,3.0,0.0,2.814690618362903,-0.05,0.0,False,0.005200718067568697,0.15950755294436536,0.2600370091011468,0.04252192476461086,4.252192476461086e-06,4.2521924764610866e-06,-0.031902053192019046,0.0,-0.0531088956628869,1.4670151823806825,1.5828132674190467,0.0531088956628869
131.0,0.0,0.0,-0.15098170999095573,4.875932902647722,2.949643315646557,-30.196341998191148,3.0,0.0,2.855503339160356,-0.01,0.0,False,0.005232301668747328,0.15098170999095573,0.2616161958750559,0.04252192476461086,4.252192476461086e-06,4.2521924764610866e-06,-0.030196855598640236,0.0,0.4784290168657721,1.9262895870011647,2.0204295634873657,0.4784290168657721
132.0,0.0,0.0,-0.19994994391533683,4.29856809470484,2.8418424806255174,-39.98998878306737,3.0,0.0,2.8876546857078282,-0.07,0.0,False,0.005182419916307273,0.1999499439153368,0.2591220976477125,0.04252192476461086,4.252192476461086e-06,4.2521924764610866e-06,-0.03999066896069283,0.0,-0.5773648079428817,1.4567256140793226,1.4109134089970117,0.5773648079428817
133.0,0.0,0.0,-0.13923734036501373,4.815082330936329,2.8854195232835456,-27.847468073002744,3.0,0.0,2.876390952211996,-0.1,0.0,False,0.005284720631696892,0.13923734036501373,0.26423715516731006,0.04252192476461086,4.252192476461086e-06,4.2521924764610866e-06,-0.02784794172216559,0.0,0.5165142362314894,1.9296628076527838,1.9386913787243332,0.5165142362314894
134.0,0.0,0.0,-0.18887635771589298,4.870243230669005,3.050450517451851,-37.7752715431786,3.0,0.0,2.9061650878561465,0.04,0.0,False,0.0053824122091158276,0.18887635771589295,0.26912175480842637,0.04252192476461086,4.252192476461086e-06,4.2521924764610866e-06,-0.0377759140513483,0.0,0.055160899732675794,1.8197927132171543,1.9640781428128586,0.055160899732675794
135.0,0.0,0.0,-0.19231702161133285,4.7543449831659705,3.107300987981982,-38.46340432226657,3.0,0.0,2.9262785968460387,0.07,0.0,False,0.005676951655866663,0.19231702161133285,0.2838487897678891,0.04252192476461086,4.252192476461086e-06,4.2521924764610866e-06,-0.03846405853467861,0.0,-0.11589824750303457,1.6470439951839886,1.8280663863199318,0.11589824750303457
136.0,0.0,0.0,-0.17344405985465083,4.716394465264702,3.033082742247257,-34.68881197093017,3.0,0.0,2.9470321261060595,-0.01,0.0,False,0.0056441166506716696,0.17344405985465086,0.28220703252710133,0.04252192476461086,4.252192476461086e-06,4.2521924764610866e-06,-0.034689401982442414,0.0,-0.03795051790126891,1.6833117230174448,1.7693623391586422,0.03795051790126891
137.0,0.0,0.0,-0.17019151750939823,5.002280416924322,2.9036094461080126,-34.038303501879646,3.0,0.0,3.019867508743144,0.02,0.0,False,0.005668063460342966,0.17019151750939823,0.2834043781019884,0.04252192476461086,4.252192476461086e-06,4.2521924764610866e-06,-0.03403888244909007,0.0,0.28588595165961994,2.098670970816309,1.9824129081811774,0.28588595165961994
138.0,0.0,0.0,-0.19741965778684975,3.9911367757274214,2.9976724537602273,-39.48393155736995,3.0,0.0,3.014443105816205,0.11,0.0,False,0.005316270683644439,0.19741965778684975,0.2658146644725321,0.04252192476461086,4.252192476461086e-06,4.2521924764610866e-06,-0.0394846031276211,0.0,-1.0111436411969001,0.9934643219671941,0.9766936699112163,1.0111436411969001
139.0,0.0,0.0,-0.09447973660609633,4.196060886993912,3.0479652384076954,-18.895947321219268,3.0,0.0,3.0280418657366486,0.01,0.0,False,0.005108233007566605,0.09447973660609633,0.25541273643782836,0.04252192476461086,4.252192476461086e-06,4.2521924764610866e-06,-0.018896268716672753,0.0,0.2049241112664908,1.1480956485862168,1.1680190212572636,0.2049241112664908
140.0,0.0,0.0,-0.11602121143717778,3.97387129329173,3.0228795539289397,-23.204242287435555,3.0,0.0,3.0463193223652008,0.16,0.0,False,0.00482074198052457,0.11602121143717778,0.2410381239623675,0.04252192476461086,4.252192476461086e-06,4.2521924764610866e-06,-0.023204636961375213,0.0,-0.22218959370218228,0.9509917393627902,0.9275519709265292,0.22218959370218228
141.0,0.0,0.0,-0.0927704303981489,4.680096880863418,2.9326639433232735,-18.55408607962978,3.0,0.0,3.0358241053960167,-0.08,0.0,False,0.004923794107892652,0.09277043039814888,0.24619075224064565,0.04252192476461086,4.252192476461086e-06,4.2521924764610866e-06,-0.018554401660468792,0.0,0.7062255875716876,1.747432937540144,1.644272775467401,0.7062255875716876
142.0,0.0,0.0,-0.16009072213777575,4.670095803754032,3.1193056598807116,-32.01814442755515,3.0,0.0,3.0461472654239334,0.01,0.0,False,0.005123879143774383,0.16009072213777575,0.25619504657473635,0.04252192476461086,4.252192476461086e-06,4.2521924764610866e-06,-0.032018689014490814,0.0,-0.01000107710938547,1.5507901438733205,1.6239485383300987,0.01000107710938547
143.0,0.0,0.0,-0.15777034164771409,4.771590633307672,3.092204053945107,-31.55406832954282,3.0,0.0,3.0791556226574506,-0.03,0.0,False,0.005202150677906799,0.1577703416477141,0.2601086399226386,0.04252192476461086,4.252192476461086e-06,4.2521924764610866e-06,-0.031554605023148476,0.0,0.10149482955363975,1.679386579362565,1.6924350106502213,0.10149482955363975
144.0,0.0,0.0,-0.16553984406955588,5.09063887951231,3.228822743040013,-33.10796881391118,3.0,0.0,3.0923588437839045,0.09,0.0,False,0.005139061960629229,0.16553984406955588,0.25695419064549163,0.04252192476461086,4.252192476461086e-06,4.2521924764610866e-06,-0.03310853193734025,0.0,0.31904824620463845,1.8618161364722972,1.9982800357284058,0.31904824620463845
145.0,0.0,0.0,-0.19239655327450805,4.593032176818333,3.2723177513275123,-38.47931065490161,3.0,0.0,3.116156997248139,0.18,0.0,False,0.005130679371361685,0.19239655327450805,0.25653505939989535,0.04252192476461086,4.252192476461086e-06,4.2521924764610866e-06,-0.03847996513785965,0.0,-0.497606702693977,1.320714425490821,1.4768751795701944,0.497606702693977
146.0,0.0,0.0,-0.14152995428004225,5.229188544981105,3.339434998898164,-28.30599085600845,3.0,0.0,3.1666324414084155,-0.02,0.0,False,0.005306069783034791,0.14152995428004225,0.26530461727324006,0.04252192476461086,4.252192476461086e-06,4.2521924764610866e-06,-0.028306472304046645,0.0,0.636156368162772,1.8897535460829413,2.06255610357269,0.636156368162772
147.0,0.0,0.0,-0.19762376672532775,4.854920031375432,3.349210244068352,-39.52475334506555,3.0,0.0,3.177702543387573,0.09,0.0,False,0.00522036079233423,0.19762376672532775,0.26101914951565575,0.04252192476461086,4.252192476461086e-06,4.2521924764610866e-06,-0.039525425609642145,0.0,-0.37426851360567337,1.50570978730708,1.6772174879878587,0.37426851360567337
148.0,0.0,0.0,-0.15962853983664096,3.873230216030893,3.2481026669121587,-31.925707967328194,3.0,0.0,3.252908861013128,0.01,0.0,False,0.005143077652498322,0.15962853983664096,0.25715497609272103,0.04252192476461086,4.252192476461086e-06,4.2521924764610866e-06,-0.03192625098204006,0.0,-0.9816898153445388,0.6251275491187345,0.6203213550177651,0.9816898153445388
149.0,0.0,0.0,-0.06390454500750067,3.5414057908200753,3.2624464258052392,-12.780909001500135,3.0,0.0,3.258600694445218,0.07,0.0,False,0.0050040382386166765,0.06390454500750067,0.2502029758375213,0.04252192476461086,4.252192476461086e-06,4.2521924764610866e-06,-0.012781126388116149,0.0,-0.3318244252108178,0.2789593650148361,0.2828050963748572,0.3318244252108178
150.0,0.0,0.0,-0.029688311286230378,3.5123997950548955,3.277924374754972,-5.9376622572460755,3.0,0.0,3.234171179234613,0.02,0.0,False,0.004914107966103893,0.029688311286230378,0.24570644309184073,0.04252192476461086,4.252192476461086e-06,4.2521924764610866e-06,-0.005937763249147745,0.0,-0.029005995765179815,0.23447542029992352,0.2782286158202827,0.029005995765179815
151.0,0.0,0.0,-0.026802584469493847,2.85795420211905,3.3731656231205775,-5.36051689389877,3.0,0.0,3.2445163659370775,-0.04,0.0,False,0.005291526559172117,0.026802584469493854,0.264577452988077,0.04252192476461086,4.252192476461086e-06,4.2521924764610866e-06,-0.005360608069309495,0.0,-0.6544455929358457,-0.5152114210015277,-0.38656216381802766,0.6544455929358457
152.0,0.0,0.0,0.04079887999114427,2.8371823985964872,3.2540285114479506,8.159775998228854,3.0,0.0,3.244368251872556,0.04,0.0,False,0.005634323509520255,0.04079887999114427,0.2817173733874146,0.04252192476461086,4.252192476461086e-06,4.2521924764610866e-06,0.008159914785391133,0.0,-0.020771803522562582,-0.41684611285146334,-0.4071858532760686,0.020771803522562582
153.0,0.0,0.0,0.045411448208774886,3.2368170357825186,3.3137119491018616,9.082289641754977,3.0,0.0,3.265951676265019,0.07,0.0,False,0.005354206539541762,0.04541144820877488,0.26771146533292633,0.04252192476461086,4.252192476461086e-06,4.2521924764610866e-06,0.009082444119672834,0.0,0.3996346371860313,-0.07689491331934306,-0.029134640482500362,0.3996346371860313
154.0,0.0,0.0,0.008950429700655856,3.4728201917074752,3.2808451926795623,1.790085940131171,3.0,0.0,3.2913065355951567,-0.09,0.0,False,0.005798640393145454,0.009253080590859919,0.28993325250402535,0.04252192476461086,4.252192476461086e-06,4.2521924764610866e-06,0.0017901163871615702,0.0,0.2360031559249567,0.19197499902791293,0.1815136561123185,0.2360031559249567
155.0,0.0,0.0,-0.012409263478022165,2.7349846096343047,3.3562525949144897,-2.481852695604433,3.0,0.0,3.326323235736569,0.11,0.0,False,0.005310482963931679,0.012471648238399047,0.2655252772563692,0.04252192476461086,4.252192476461086e-06,4.2521924764610866e-06,-0.0024818949086863724,0.0,-0.7378355820731706,-0.621267985280185,-0.5913386261022642,0.7378355820731706
156.0,0.0,0.0,0.065712519793597,2.2518774234280987,3.4703622970183625,13.1425039587194,3.0,0.0,3.3487249185984136,0.03,0.0,False,0.005418688486529388,0.065712519793597,0.2709355763917901,0.04252192476461086,4.252192476461086e-06,4.2521924764610866e-06,0.013142727495594688,0.0,-0.48310718620620596,-1.2184848735902638,-1.0968474951703149,0.48310718620620596
157.0,0.0,0.0,0.11947083704085565,2.784748457906908,3.462934348705041,23.89416740817113,3.0,0.0,3.392123778684388,0.16,0.0,False,0.004815490751492506,0.11947083704085565,0.24077556139430245,0.04252192476461086,4.252192476461086e-06,4.2521924764610866e-06,0.02389457381683852,0.0,0.5328710344788092,-0.6781858907981331,-0.6073753207774799,0.5328710344788092
158.0,0.0,0.0,0.06921567144896097,2.471799796260294,3.5924124739423267,13.843134289792195,3.0,0.0,3.4466111944863744,0.13,0.0,False,0.004392604982795329,0.06921567144896096,0.2196311830498594,0.04252192476461086,4.252192476461086e-06,4.2521924764610866e-06,0.0138433697434769,0.0,-0.31294866164661395,-1.1206126776820327,-0.9748113982260804,0.31294866164661395
159.0,0.0,0.0,0.09963778484505127,2.0096396289719225,3.4267169505184767,19.927556969010254,3.0,0.0,3.476919888314386,-0.13,0.0,False,0.004989003390149534,0.09963778484505127,0.2494512302176107,0.04252192476461086,4.252192476461086e-06,4.2521924764610866e-06,0.01992789591080026,0.0,-0.4621601672883715,-1.4170773215465542,-1.4672802593424636,0.4621601672883715
160.0,0.0,0.0,0.15051549457321609,2.068787443211446,3.5397650856174727,30.103098914643216,3.0,0.0,3.46819882866276,0.06,0.0,False,0.005003685191765259,0.15051549457321609,0.25018532341988925,0.04252192476461086,4.252192476461086e-06,4.2521924764610866e-06,0.030103610929148896,0.0,0.059147814239523644,-1.4709776424060266,-1.3994113854513137,0.059147814239523644
161.0,0.0,0.0,0.14357758403525384,1.9536746220161612,3.3638335050389334,28.71551680705077,3.0,0.0,3.5148265757467625,0.04,0.0,False,0.004617494499213571,0.14357758403525384,0.230875706684447,0.04252192476461086,4.252192476461086e-06,4.2521924764610866e-06,0.028716005220592013,0.0,-0.11511282119528499,-1.4101588830227723,-1.5611519537306013,0.11511282119528499
162.0,0.0,0.0,0.15151297990581983,1.7098720188906804,3.3818715621042292,30.302595981163968,3.0,0.0,3.504593809540114,0.02,0.0,False,0.004844332693740355,0.15151297990581983,0.24221766463876937,0.04252192476461086,4.252192476461086e-06,4.2521924764610866e-06,0.030303111388854918,0.0,-0.24380260312548074,-1.6719995432135488,-1.7947217906494335,0.24380260312548074
163.0,0.0,0.0,0.17419855971544307,2.278096148684111,3.3592210287354103,34.839711943088616,3.0,0.0,3.46883663419202,-0.17,0.0,False,0.005394818241329197,0.17419855971544307,0.26974205905673665,0.04252192476461086,4.252192476461086e-06,4.2521924764610866e-06,0.03484030452121285,0.0,0.5682241297934305,-1.0811248800512994,-1.190740485507909,0.5682241297934305
164.0,0.0,0.0,0.12163798437897329,2.089197291746782,3.4682371836311585,24.327596875794658,3.0,0.0,3.451894652335361,-0.03,0.0,False,0.005476404748940065,0.12163798437897329,0.2738214017833568,0.04252192476461086,4.252192476461086e-06,4.2521924764610866e-06,0.024328010656532784,0.0,-0.1888988569373291,-1.3790398918843767,-1.3626973605885793,0.1888988569373291
165.0,0.0,0.0,0.14148168029897254,2.60718704334951,3.396371104675769,28.29633605979451,3.0,0.0,3.494501853879944,0.0,0.0,False,0.005184143297652833,0.14148168029897254,0.2592082670813981,0.04252192476461086,4.252192476461086e-06,4.2521924764610866e-06,0.028296817343617192,0.0,0.5179897516027281,-0.7891840613262593,-0.8873148105304343,0.5179897516027281
166.0,0.0,0.0,0.09330945002567993,3.123667713158522,3.5133968123790513,18.661890005135987,3.0,0.0,3.5040441751033318,0.07,0.0,False,0.005056744831875414,0.09330945002567993,0.2528383167063871,0.04252192476461086,4.252192476461086e-06,4.2521924764610866e-06,0.018662207419579368,0.0,0.5164806698090123,-0.3897290992205291,-0.38037646194480956,0.5164806698090123
167.0,0.0,0.0,0.04353506168848832,3.0883695844759953,3.5502746965745393,8.707012337697664,3.0,0.0,3.5403013820933773,0.04,0.0,False,0.004986199953580109,0.04353506168848832,0.24931105779310186,0.04252192476461086,4.252192476461086e-06,4.2521924764610866e-06,0.008707160432637348,0.0,-0.03529812868252691,-0.461905112098544,-0.451931797617382,0.03529812868252691
168.0,0.0,0.0,0.04695736412365799,2.9440178200632436,3.5365737238845534,9.391472824731597,3.0,0.0,3.559027586016494,-0.08,0.0,False,0.005523450558562928,0.04695736412365799,0.2761737022668918,0.04252192476461086,4.252192476461086e-06,4.2521924764610866e-06,0.00939163256145271,0.0,-0.14435176441275166,-0.5925559038213097,-0.6150097659532503,0.14435176441275166
169.0,0.0,0.0,0.06153013448594363,3.196894246687287,3.564229801251767,12.306026897188726,3.0,0.0,3.5579532093000967,0.01,0.0,False,0.005287454830659513,0.06153013448594363,0.2643738656967581,0.04252192476461086,4.252192476461086e-06,4.2521924764610866e-06,0.01230623620667864,0.0,0.2528764266240433,-0.36733555456447986,-0.3610589626128098,0.2528764266240433
170.0,0.0,0.0,0.0395243051851332,2.6008195940399728,3.5056488552633818,7.904861037026641,3.0,0.0,3.5593322468214263,0.05,0.0,False,0.004982981286656266,0.039524305185133196,0.24915012376259013,0.04252192476461086,4.252192476461086e-06,4.2521924764610866e-06,0.007904995488417436,0.0,-0.5960746526473142,-0.904829261223409,-0.9585126527814536,0.5960746526473142
171.0,0.0,0.0,0.10214535486948789,2.294593844924593,3.640631396822683,20.429070973897577,3.0,0.0,3.5921457017862757,-0.07,0.0,False,0.005229219644316194,0.1021453548694879,0.2614620939982311,0.04252192476461086,4.252192476461086e-06,4.2521924764610866e-06,0.020429418445787627,0.0,-0.3062257491153799,-1.3460375518980903,-1.2975518568616828,0.3062257491153799
172.0,0.0,0.0,0.13505629033125297,0.23885391920583166,3.677854292657632,27.01125806625059,3.0,0.0,3.6222948598203244,0.14,0.0,False,0.004929900257712829,0.13505629033125297,0.24649606102988067,0.04252192476461086,4.252192476461086e-06,4.2521924764610866e-06,0.027011717492570315,0.0,-2.055739925718761,-3.4390003734518,-3.3834409406144927,2.055739925718761
173.0,0.0,0.0,0.33944019159170147,0.9098684496739589,3.5921718171529036,67.88803831834029,3.0,0.0,3.6451854625042035,-0.08,0.0,False,0.0050152416564741885,0.3394401915917015,0.2507631491123513,0.04252192476461086,4.252192476461086e-06,4.2521924764610866e-06,0.0678891930054534,0.0,0.6710145304681272,-2.6823033674789447,-2.7353170128302446,0.6710145304681272
174.0,0.0,0.0,0.2709078957179576,1.0102098562928175,3.6404931100780855,54.18157914359152,3.0,0.0,3.633328003374288,0.03,0.0,False,0.004883920944998502,0.2709078957179576,0.24419708561851985,0.04252192476461086,4.252192476461086e-06,4.2521924764610866e-06,0.054182500701685614,0.0,0.1003414066188586,-2.630283253785268,-2.6231181470814704,0.1003414066188586
175.0,0.0,0.0,0.2592782461569846,1.1704678990336834,3.4161211169464436,51.85564923139692,3.0,0.0,3.619005004479331,0.06,0.0,False,0.005067325901253124,0.2592782461569846,0.25336737242490986,0.04252192476461086,4.252192476461086e-06,4.2521924764610866e-06,0.051856531228452546,0.0,0.16025804274086597,-2.24565321791276,-2.4485371054456477,0.16025804274086597
176.0,0.0,0.0,0.24442572134496846,0.9185569070653588,3.4660226822783566,48.88514426899369,3.0,0.0,3.6030474429130415,-0.11,0.0,False,0.00529610905372756,0.24442572134496848,0.26480657869013163,0.04252192476461086,4.252192476461086e-06,4.2521924764610866e-06,0.04888597574162876,0.0,-0.25191099196832467,-2.5474657752129977,-2.684490535847683,0.25191099196832467
177.0,0.0,0.0,0.26574149378627887,1.7436295710347358,3.373327227008329,53.14829875725577,3.0,0.0,3.614777079744033,0.04,0.0,False,0.005682512350314724,0.26574149378627887,0.28412682567254943,0.04252192476461086,4.252192476461086e-06,4.2521924764610866e-06,0.053149202740596264,0.0,0.8250726639693771,-1.6296976559735934,-1.871147508709297,0.8250726639693771
178.0,0.0,0.0,0.18065714768204802,1.1394074270774146,3.3997501820319433,36.131429536409605,3.0,0.0,3.5760283441271725,0.17,0.0,False,0.005302967518917925,0.18065714768204807,0.2651495034078255,0.04252192476461086,4.252192476461086e-06,4.2521924764610866e-06,0.03613204408496775,0.0,-0.6042221439573212,-2.2603427549545287,-2.436620917049758,0.6042221439573212
179.0,0.0,0.0,0.2425804821931139,1.808423467599082,3.3161568798269707,48.51609643862278,3.0,0.0,3.550239457303424,-0.11,0.0,False,0.005160224153553212,0.2425804821931139,0.2580123047909767,0.04252192476461086,4.252192476461086e-06,4.2521924764610866e-06,0.0485169216342349,0.0,0.6690160405216674,-1.5077334122278887,-1.741815989704342,0.6690160405216674
180.0,0.0,0.0,0.1718575044577269,2.2774310711612036,3.3828195409601958,34.37150089154538,3.0,0.0,3.5652638239536167,0.06,0.0,False,0.005240136426221248,0.1718575044577269,0.2620079354144967,0.04252192476461086,4.252192476461086e-06,4.2521924764610866e-06,0.03437208550600944,0.0,0.46900760356212157,-1.1053884697989922,-1.2878327527924132,0.46900760356212157
181.0,0.0,0.0,0.12189760887959025,1.176701101987405,3.416711312649316,24.37952177591805,3.0,0.0,3.5270350507357233,0.02,0.0,False,0.005001437480404599,0.12189760887959025,0.25007293737397124,0.04252192476461086,4.252192476461086e-06,4.2521924764610866e-06,0.0243799364398311,0.0,-1.1007299691737986,-2.240010210661911,-2.350333948748318,1.1007299691737986
182.0,0.0,0.0,0.23220128051671027,1.914030676464456,3.3105086281507172,46.44025610334205,3.0,0.0,3.4964330765618734,-0.01,0.0,False,0.004830712083852779,0.23220128051671027,0.24153663124851785,0.04252192476461086,4.252192476461086e-06,4.2521924764610866e-06,0.04644104599161368,0.0,0.7373295744770509,-1.3964779516862613,-1.5824024000974175,0.7373295744770509
183.0,0.0,0.0,0.15651409945145744,1.7865575737692057,3.400902899856698,31.302819890291488,3.0,0.0,3.498763275381407,-0.1,0.0,False,0.005045920020843291,0.15651409945145744,0.252297073853322,0.04252192476461086,4.252192476461086e-06,4.2521924764610866e-06,0.031303352310488426,0.0,-0.12747310269525025,-1.6143453260874923,-1.7122057016122012,0.12747310269525025
184.0,0.0,0.0,0.16704364135984093,1.623170886726022,3.448339759421721,33.40872827196819,3.0,0.0,3.479204947382836,0.08,0.0,False,0.0050244881653048945,0.16704364135984093,0.25122547651978344,0.04252192476461086,4.252192476461086e-06,4.2521924764610866e-06,0.03340929651092392,0.0,-0.1633866870431837,-1.825168872695699,-1.856034060656814,0.1633866870431837
185.0,0.0,0.0,0.18710312995794925,1.5811466120336328,3.438373959215655,37.42062599158985,3.0,0.0,3.4570295024533646,0.0,0.0,False,0.005196376359689679,0.18710312995794928,0.25981992278410704,0.04252192476461086,4.252192476461086e-06,4.2521924764610866e-06,0.037421262467700625,0.0,-0.04202427469238912,-1.857227347182022,-1.8758828904197318,0.04202427469238912
186.0,0.0,0.0,0.19257585251561796,1.2207269063726556,3.397721559929656,38.51517050312359,3.0,0.0,3.4942419662315896,-0.07,0.0,False,0.004980658849415506,0.19257585251561798,0.2490340014067796,0.04252192476461086,4.252192476461086e-06,4.2521924764610866e-06,0.03851582559601095,0.0,-0.36041970566097725,-2.1769946535570006,-2.273515059858934,0.36041970566097725
187.0,0.0,0.0,0.22815718531785387,2.0954287749461193,3.5039982568664234,45.63143706357077,3.0,0.0,3.5069460806693713,0.04,0.0,False,0.0049418332687045,0.22815718531785387,0.24709271411653722,0.04252192476461086,4.252192476461086e-06,4.2521924764610866e-06,0.045632213194883954,0.0,0.8747018685734638,-1.408569481920304,-1.411517305723252,0.8747018685734638
188.0,0.0,0.0,0.14148536234054118,2.8199626208183206,3.544731530215858,28.297072468108237,3.0,0.0,3.5023472679645344,0.02,0.0,False,0.0047785479947399494,0.14148536234054118,0.23892841570228904,0.04252192476461086,4.252192476461086e-06,4.2521924764610866e-06,0.028297553764456265,0.0,0.7245338458722013,-0.7247689093975374,-0.6823846471462138,0.7245338458722013
189.0,0.0,0.0,0.0725343298721184,2.148140189201855,3.5300769240808094,14.50686597442368,3.0,0.0,3.5103124795011933,0.02,0.0,False,0.004735498747101988,0.0725343298721184,0.23677594416770664,0.04252192476461086,4.252192476461086e-06,4.2521924764610866e-06,0.014507112717319883,0.0,-0.6718224316164658,-1.3819367348789546,-1.3621722902993385,0.6718224316164658
190.0,0.0,0.0,0.14011955225410574,2.5698786371453957,3.400565391369038,28.02391045082115,3.0,0.0,3.545321341036092,-0.01,0.0,False,0.004883513794502675,0.14011955225410574,0.2441767280071645,0.04252192476461086,4.252192476461086e-06,4.2521924764610866e-06,0.028024387101039036,0.0,0.4217384479435409,-0.8306867542236422,-0.9754427038906965,0.4217384479435409
191.0,0.0,0.0,0.09691043709607934,2.0130059434748926,3.4034862341020613,19.382087419215868,3.0,0.0,3.5493655025082056,0.05,0.0,False,0.0051235714940554965,0.09691043709607934,0.25617966402338277,0.04252192476461086,4.252192476461086e-06,4.2521924764610866e-06,0.01938241708327926,0.0,-0.5568726936705031,-1.3904802906271687,-1.536359559033313,0.5568726936705031
192.0,0.0,0.0,0.1491564252427986,2.002343947374248,3.3171076904181716,29.831285048559717,3.0,0.0,3.5390036121977637,0.1,0.0,False,0.004878408017853196,0.1491564252427986,0.24392143808915331,0.04252192476461086,4.252192476461086e-06,4.2521924764610866e-06,0.029831792439865553,0.0,-0.010661996100644444,-1.3147637430439234,-1.5366596648235156,0.010661996100644444
193.0,0.0,0.0,0.15001048790803748,1.2822098214500413,3.258609961697956,30.002097581607494,3.0,0.0,3.5046019079943385,-0.06,0.0,False,0.004989972945939302,0.15001048790803748,0.249499708213236,0.04252192476461086,4.252192476461086e-06,4.2521924764610866e-06,0.030002607878212045,0.0,-0.7201341259242069,-1.9764001402479145,-2.222392086544297,0.7201341259242069
194.0,0.0,0.0,0.22448944177884825,1.359521058879402,3.4553213107256537,44.89788835576965,3.0,0.0,3.502480720128025,-0.04,0.0,False,0.004859903965900949,0.22448944177884825,0.24299623155740138,0.04252192476461086,4.252192476461086e-06,4.2521924764610866e-06,0.04489865201037471,0.0,0.07731123742936075,-2.095800251846252,-2.1429596612486232,0.07731123742936075
195.0,0.0,0.0,0.2169436401746707,1.1021625219806332,3.5870365866387863,43.38872803493414,3.0,0.0,3.5271519678542904,0.04,0.0,False,0.0048490952289597265,0.21694364017467074,0.24245579241229875,0.04252192476461086,4.252192476461086e-06,4.2521924764610866e-06,0.043389466020687696,0.0,-0.25735853689876875,-2.484874064658153,-2.424989445873657,0.25735853689876875
196.0,0.0,0.0,0.24972994437500184,1.3089761594635565,3.798987767862395,49.94598887500037,3.0,0.0,3.529003584931835,0.2,0.0,False,0.005013758355979283,0.24972994437500184,0.2506889837722421,0.04252192476461086,4.252192476461086e-06,4.2521924764610866e-06,0.049946838391220515,0.0,0.20681363748292325,-2.4900116083988384,-2.2200274254682784,0.20681363748292325
197.0,0.0,0.0,0.2378918980472079,0.9337758152756328,3.8818036298479046,47.578379609441576,3.0,0.0,3.59951506072018,0.31,0.0,False,0.004872462343674755,0.23789189804720784,0.2436241531161237,0.04252192476461086,4.252192476461086e-06,4.2521924764610866e-06,0.04757918885571173,0.0,-0.3752003441879237,-2.9480278145722716,-2.6657392454445468,0.3752003441879237
198.0,0.0,0.0,0.2808803647318686,0.9936243874622827,4.015321012471579,56.17607294637372,3.0,0.0,3.6879457180425868,0.15,0.0,False,0.004836411175591421,0.2808803647318686,0.2418215870471318,0.04252192476461086,4.252192476461086e-06,4.2521924764610866e-06,0.056177028428209735,0.0,0.05984857218664985,-3.021696625009296,-2.694321330580304,0.05984857218664985
199.0,0.0,0.0,0.2832833468182853,0.9977452268249916,4.049411830232024,56.656669363657066,3.0,0.0,3.742639180463,0.13,0.0,False,0.005189867791740721,0.2832833468182853,0.25949449300287497,0.04252192476461086,4.252192476461086e-06,4.2521924764610866e-06,0.0566576330198122,0.0,0.004120839362708906,-3.051666603407032,-2.744893953638009,0.004120839362708906
200.0,0.0,0.0,0.2866885049311738,1.1096055677947783,4.047765181837728,57.33770098623476,3.0,0.0,3.826518084410935,0.15,0.0,False,0.0051092911208155,0.2866885049311738,0.2554656423252382,0.04252192476461086,4.252192476461086e-06,4.2521924764610866e-06,0.0573386762258508,0.0,0.1118603409697867,-2.9381596140429496,-2.7169125166161567,0.1118603409697867
201.0,0.0,0.0,0.2776914617394632,0.7181335233928985,3.9147902909477104,55.538292347892636,3.0,0.0,3.864691228871914,-0.01,0.0,False,0.005080102414974136,0.2776914617394632,0.2540062008273702,0.04252192476461086,4.252192476461086e-06,4.2521924764610866e-06,0.055539236981911336,0.0,-0.39147204440187977,-3.1966567675548117,-3.1465577054790153,0.39147204440187977
202.0,0.0,0.0,0.31913911527382177,0.9342831526006679,3.946568766542974,63.82782305476436,3.0,0.0,3.8865792250666265,-0.04,0.0,False,0.005483989511478983,0.31913911527382177,0.2742006415228963,0.04252192476461086,4.252192476461086e-06,4.2521924764610866e-06,0.06382890868290393,0.0,0.21614962920776937,-3.012285613942306,-2.9522960724659586,0.21614962920776937
203.0,0.0,0.0,0.3016730055547516,1.629807479517522,4.117557169887108,60.33460111095033,3.0,0.0,3.909592528178359,0.24,0.0,False,0.005210256211050288,0.3016730055547516,0.26051391830312737,0.04252192476461086,4.252192476461086e-06,4.2521924764610866e-06,0.060335627323934285,0.0,0.6955243269168541,-2.4877496903695855,-2.2797850486608366,0.6955243269168541
204.0,0.0,0.0,0.2357473395163852,0.9502193072962731,4.0162460971902485,47.14946790327704,3.0,0.0,3.95107734673241,-0.09,0.0,False,0.005299679635544778,0.2357473395163852,0.26498510854013263,0.04252192476461086,4.252192476461086e-06,4.2521924764610866e-06,0.0471502698543177,0.0,-0.6795881722212488,-3.0660267898939755,-3.000858039436137,0.6795881722212488
205.0,0.0,0.0,0.30696996278338423,1.7081441952859708,4.110932188679765,61.39399255667685,3.0,0.0,3.9873309968345434,0.14,0.0,False,0.0055743599340640675,0.30696996278338423,0.27871918186577194,0.04252192476461086,4.252192476461086e-06,4.2521924764610866e-06,0.06139503678852952,0.0,0.7579248879896977,-2.4027879933937943,-2.2791868015485726,0.7579248879896977
206.0,0.0,0.0,0.236093546695771,2.0049077587547037,4.120959843375498,47.2187093391542,3.0,0.0,4.019984199898425,-0.04,0.0,False,0.005871183844084633,0.236093546695771,0.2935604404744201,0.04252192476461086,4.252192476461086e-06,4.2521924764610866e-06,0.0472195124679015,0.0,0.2967635634687329,-2.1160520846207946,-2.015076441143721,0.2967635634687329
207.0,0.0,0.0,0.2115617390753655,2.4809418021346707,4.185931474361175,42.312347815073096,3.0,0.0,4.069129858003828,0.14,0.0,False,0.005506344980659993,0.2115617390753655,0.27531841973493454,0.04252192476461086,4.252192476461086e-06,4.2521924764610866e-06,0.04231306749300101,0.0,0.476034043379967,-1.7049896722265045,-1.5881880558691575,0.476034043379967
208.0,0.0,0.0,0.1653270040977655,2.6432737065321406,4.210827830957686,33.0654008195531,3.0,0.0,4.120570129570116,0.05,0.0,False,0.005268018408551994,0.16532700409776552,0.2634020404590118,0.04252192476461086,4.252192476461086e-06,4.2521924764610866e-06,0.033065963218956024,0.0,0.1623319043974698,-1.5675541244255453,-1.4772964230379757,0.1623319043974698
209.0,0.0,0.0,0.15293727768402138,1.32951817879401,4.3433388517254015,30.587455536804278,3.0,0.0,4.1342469932244725,0.11,0.0,False,0.005281080848935053,0.15293727768402138,0.2640551652553652,0.04252192476461086,4.252192476461086e-06,4.2521924764610866e-06,0.03058797578958526,0.0,-1.3137555277381305,-3.0138206729313914,-2.8047288144304625,1.3137555277381305
210.0,0.0,0.0,0.2894652302944612,1.667295368458597,4.282744889394825,57.89304605889224,3.0,0.0,4.172678999309429,0.05,0.0,False,0.005489142290044298,0.2894652302944612,0.2744582815466923,0.04252192476461086,4.252192476461086e-06,4.2521924764610866e-06,0.05789403074420468,0.0,0.3377771896645869,-2.6154495209362274,-2.505383630850832,0.3377771896645869
211.0,0.0,0.0,0.26045386649731694,2.044075456741913,4.341537235839226,52.090773299463386,3.0,0.0,4.224232024832341,0.2,0.0,False,0.005354189715413529,0.2604538664973169,0.26771062412293767,0.04252192476461086,4.252192476461086e-06,4.2521924764610866e-06,0.052091659295673186,0.0,0.3767800882833161,-2.297461779097313,-2.1801565680904282,0.3767800882833161
212.0,0.0,0.0,0.22670077173493688,1.895751295273431,4.484650107048706,45.340154346987376,3.0,0.0,4.271889408430343,0.11,0.0,False,0.00511257150312417,0.22670077173493688,0.2556296621381125,0.04252192476461086,4.252192476461086e-06,4.2521924764610866e-06,0.04534092552396093,0.0,-0.14832416146848204,-2.588898811775275,-2.3761381131569115,0.14832416146848204
213.0,0.0,0.0,0.24882695398717408,1.7055304180775273,4.772093726307185,49.76539079743482,3.0,0.0,4.311131372857079,0.22,0.0,False,0.005693703998790709,0.24882695398717408,0.2846864104758008,0.04252192476461086,4.252192476461086e-06,4.2521924764610866e-06,0.04976623724191687,0.0,-0.19022087719590375,-3.0665633082296577,-2.605600954779552,0.19022087719590375
214.0,0.0,0.0,0.2823364060805464,0.7645786489523656,4.933367932821495,56.46728121610928,3.0,0.0,4.384073738150253,0.56,0.0,False,0.005968559474921821,0.28233640608054644,0.29842924271927573,0.04252192476461086,4.252192476461086e-06,4.2521924764610866e-06,0.056468241651018686,0.0,-0.9409517691251617,-4.168789283869129,-3.619495089197887,0.9409517691251617
215.0,0.0,0.0,0.3835453454582759,0.6096862719298597,4.964998246341511,76.70906909165518,3.0,0.0,4.528954506320077,0.29,0.0,False,0.005401350759446255,0.3835453454582759,0.27006868635146586,0.04252192476461086,4.252192476461086e-06,4.2521924764610866e-06,0.07671037381301306,0.0,-0.1548923770225059,-4.355311974411651,-3.919268234390217,0.1548923770225059
216.0,0.0,0.0,0.40720122876062,1.8410599093005953,4.925570976392632,81.440245752124,3.0,0.0,4.600113648966738,0.36,0.0,False,0.0050950347110220425,0.4072012287606201,0.25475281880451534,0.04252192476461086,4.252192476461086e-06,4.2521924764610866e-06,0.0814416309446349,0.0,1.2313736373707356,-3.084511067092037,-2.7590537396661423,1.2313736373707356
217.0,0.0,0.0,0.2881539113880702,2.044183616961361,5.021060177359009,57.630782277614045,3.0,0.0,4.681785134436123,0.12,0.0,False,0.0053327187989329625,0.2881539113880702,0.26663707373398593,0.04252192476461086,4.252192476461086e-06,4.2521924764610866e-06,0.05763176250216114,0.0,0.2031237076607657,-2.9768765603976477,-2.6376015174747622,0.2031237076607657
218.0,0.0,0.0,0.27518598435490027,2.000003284940458,5.009216091858696,55.037196870980054,3.0,0.0,4.722660287475998,0.18,0.0,False,0.0053497538347214366,0.27518598435490027,0.2674888291452222,0.04252192476461086,4.252192476461086e-06,4.2521924764610866e-06,0.05503813298201732,0.0,-0.0441803320209031,-3.0092128069182382,-2.72265700253554,0.0441803320209031
219.0,0.0,0.0,0.28701398634724096,2.590891932017774,5.005096355656755,57.40279726944819,3.0,0.0,4.796101967698975,0.17,0.0,False,0.00564923478927044,0.28701398634724096,0.2824629405452054,0.04252192476461086,4.252192476461086e-06,4.2521924764610866e-06,0.05740377361626724,0.0,0.5908886470773163,-2.4142044236389806,-2.205210035681201,0.5908886470773163
220.0,0.0,0.0,0.23560978683122133,3.275083801130582,4.919088263796634,47.12195736624427,3.0,0.0,4.870204170348534,-0.04,0.0,False,0.0055280060844741475,0.23560978683122136,0.2764014795310014,0.04252192476461086,4.252192476461086e-06,4.2521924764610866e-06,0.04712275884936652,0.0,0.6841918691128077,-1.644004462666052,-1.5951203692179519,0.6841918691128077
221.0,0.0,0.0,0.16865435592155945,2.769914187504048,5.054282148524977,33.73087118431189,3.0,0.0,4.9470398932381325,0.11,0.0,False,0.005157942785372257,0.16865435592155945,0.25789823589688815,0.04252192476461086,4.252192476461086e-06,4.2521924764610866e-06,0.033731444902499,0.0,-0.505169613626534,-2.284367961020929,-2.1771257057340847,0.505169613626534
222.0,0.0,0.0,0.22600119918054876,2.3119655510015376,5.092786058549064,45.20023983610975,3.0,0.0,4.961663217885343,0.04,0.0,False,0.005410942837894422,0.22600119918054873,0.27054829231324234,0.04252192476461086,4.252192476461086e-06,4.2521924764610866e-06,0.045201008633319696,0.0,-0.4579486365025103,-2.780820507547526,-2.6496976668838057,0.4579486365025103
223.0,0.0,0.0,0.27961446228326486,1.2134767561765614,5.145869860133696,55.922892456652974,3.0,0.0,5.029974229339474,-0.07,0.0,False,0.005752801446940893,0.2796144622832648,0.2876412954479962,0.04252192476461086,4.252192476461086e-06,4.2521924764610866e-06,0.055923843632218605,0.0,-1.0984887948249762,-3.9323931039571347,-3.8164974731629124,1.0984887948249762
224.0,0.0,0.0,0.3926367260268984,0.677881577426839,5.118369038393766,78.52734520537969,3.0,0.0,5.108169622559824,0.07,0.0,False,0.005406619559353734,0.39263672602689836,0.2703321274670373,0.04252192476461086,4.252192476461086e-06,4.2521924764610866e-06,0.0785286808532461,0.0,-0.5355951787497224,-4.440487460966927,-4.430288045132985,0.5355951787497224
225.0,0.0,0.0,0.4463270396373028,0.6785684187826774,5.034023440932653,89.26540792746056,3.0,0.0,5.13992749479216,0.09,0.0,False,0.0053045806465809205,0.4463270396373028,0.2652301601339419,0.04252192476461086,4.252192476461086e-06,4.2521924764610866e-06,0.08926692621578841,0.0,0.0006868413558384079,-4.355455022149976,-4.461359076009483,0.0006868413558384079
226.0,0.0,0.0,0.45056013289788915,0.9610898620871482,5.089656678403061,90.11202657957783,3.0,0.0,5.141246867223861,0.03,0.0,False,0.005177737983884009,0.45056013289788915,0.25888800003112533,0.04252192476461086,4.252192476461086e-06,4.2521924764610866e-06,0.0901135592677863,0.0,0.2825214433044708,-4.128566816315912,-4.180157005136714,0.2825214433044708
227.0,0.0,0.0,0.42292989682984,1.083306376855818,5.161211280259384,84.585979365968,3.0,0.0,5.184265541181929,-0.1,0.0,False,0.005431836280101848,0.42292989682984,0.2715929688657605,0.04252192476461086,4.252192476461086e-06,4.2521924764610866e-06,0.0845874180633106,0.0,0.12221651476866979,-4.077904903403566,-4.100959164326111,0.12221651476866979
228.0,0.0,0.0,0.4091122613060881,1.0919707495837498,5.053416600140703,81.82245226121762,3.0,0.0,5.190478749351812,0.06,0.0,False,0.00544945013411295,0.4091122613060881,0.27247366531119055,0.04252192476461086,4.252192476461086e-06,4.2521924764610866e-06,0.08182384395456344,0.0,0.008664372727931857,-3.961445850556953,-4.098507999768063,0.008664372727931857
229.0,0.0,0.0,0.41002573158952793,0.443458273093573,5.14355682843739,82.00514631790558,3.0,0.0,5.174515971120671,0.02,0.0,False,0.00531822166939473,0.410025731589528,0.265912214174845,0.04252192476461086,4.252192476461086e-06,4.2521924764610866e-06,0.08200654111863936,0.0,-0.6485124764901768,-4.700098555343817,-4.731057698027098,0.6485124764901768
230.0,0.0,0.0,0.4735016200054439,1.34275501431696,5.017375581239779,94.70032400108877,3.0,0.0,5.192315240895576,0.11,0.0,False,0.005166815667555076,0.4735016200054439,0.25834188189248913,0.04252192476461086,4.252192476461086e-06,4.2521924764610866e-06,0.0947019347302605,0.0,0.899296741223387,-3.6746205669228194,-3.849560226578616,0.899296741223387
231.0,0.0,0.0,0.3800651184478847,0.916479414960291,4.956361451302646,76.01302368957694,3.0,0.0,5.178575144149315,0.18,0.0,False,0.004760339481184788,0.38006511844788465,0.23801798615322578,0.04252192476461086,4.252192476461086e-06,4.2521924764610866e-06,0.07601431657210908,0.0,-0.42627559935666903,-4.039882036342355,-4.262095729189024,0.42627559935666903
232.0,0.0,0.0,0.42161330877152686,0.3275266299408196,5.072580213991593,84.32266175430537,3.0,0.0,5.143487004297665,0.06,0.0,False,0.004502872577925146,0.42161330877152686,0.2251445862503023,0.04252192476461086,4.252192476461086e-06,4.2521924764610866e-06,0.08432409597295834,0.0,-0.5889527850194713,-4.7450535840507735,-4.8159603743568455,0.5889527850194713
233.0,0.0,0.0,0.48371927348074273,-0.06152125810094433,5.052665405151106,96.74385469614855,3.0,0.0,5.132702141722531,-0.18,0.0,False,0.0046188544666875215,0.48371927348074273,0.23094370534728673,0.04252192476461086,4.252192476461086e-06,4.2521924764610866e-06,0.09674550018311587,0.0,-0.38904788804176393,-5.11418666325205,-5.194223399823475,0.38904788804176393
234.0,0.0,0.0,0.5257041658420519,-0.22482954666067173,5.126940815138077,105.1408331684104,3.0,0.0,5.164822208121012,-0.08,0.0,False,0.004833202622021943,0.525704165842052,0.24166115868648852,0.04252192476461086,4.252192476461086e-06,4.2521924764610866e-06,0.10514262147704515,0.0,-0.1633082885597274,-5.351770361798749,-5.389651754781684,0.1633082885597274
235.0,0.0,0.0,0.5462414738877197,-0.2617740457731871,5.302427231617698,109.24829477754395,3.0,0.0,5.195632170084512,0.02,0.0,False,0.005005428042296647,0.5462414738877197,0.25027246631700567,0.04252192476461086,4.252192476461086e-06,4.2521924764610866e-06,0.10925015294875101,0.0,-0.03694449911251535,-5.564201277390885,-5.457406215857699,0.03694449911251535
236.0,0.0,0.0,0.5565212877794912,-0.4933772428577511,5.430889454758233,111.30425755589823,3.0,0.0,5.2377013284107985,0.19,0.0,False,0.004920572732736051,0.5565212877794912,0.24602968279792023,0.04252192476461086,4.252192476461086e-06,4.2521924764610866e-06,0.11130615069635445,0.0,-0.231603197084564,-5.924266697615985,-5.73107857126855,0.231603197084564
237.0,0.0,0.0,0.5755997716302135,-0.3514033880698399,5.2235919583488615,115.11995432604269,3.0,0.0,5.303557153803363,0.0,0.0,False,0.004928185447657403,0.5755997716302135,0.2464103201625242,0.04252192476461086,4.252192476461086e-06,4.2521924764610866e-06,0.11512191236653134,0.0,0.1419738547879112,-5.574995346418701,-5.654960541873202,0.1419738547879112
238.0,0.0,0.0,0.565092633469896,-0.61173686796097,5.268548275342946,113.0185266939792,3.0,0.0,5.262742851495297,0.02,0.0,False,0.004967480322365678,0.565092633469896,0.2483750722524066,0.04252192476461086,4.252192476461086e-06,4.2521924764610866e-06,0.11302044899192076,0.0,-0.26033347989113015,-5.880285143303916,-5.874479719456267,0.26033347989113015
239.0,0.0,0.0,0.5932221273927677,-0.2445826496770137,5.325087398543948,118.64442547855354,3.0,0.0,5.299643090761341,-0.02,0.0,False,0.0050957067626521925,0.5932221273927677,0.25478642152890735,0.04252192476461086,4.252192476461086e-06,4.2521924764610866e-06,0.11864644346570613,0.0,0.36715421828395634,-5.569670048220962,-5.544225740438355,0.36715421828395634
240.0,0.0,0.0,0.5609783781590723,-1.1961774939300356,5.529807060764991,112.19567563181445,3.0,0.0,5.320610530700049,0.11,0.0,False,0.005136381222636125,0.5609783781590721,0.25682015317588586,0.04252192476461086,4.252192476461086e-06,4.2521924764610866e-06,0.11219758393413114,0.0,-0.9515948442530219,-6.725984554695026,-6.516788024630085,0.9515948442530219
241.0,0.0,0.0,0.6630162809356279,-1.0324092776895124,5.43811460371133,132.6032561871256,3.0,0.0,5.365320401315656,0.01,0.0,False,0.005215041105149654,0.6630162809356281,0.26075316402541016,0.04252192476461086,4.252192476461086e-06,4.2521924764610866e-06,0.1326055115958083,0.0,0.16376821624052318,-6.470523881400843,-6.3977296790051685,0.16376821624052318
242.0,0.0,0.0,0.6492331823442479,-0.847924759769748,5.454610202633343,129.84663646884957,3.0,0.0,5.434126279068315,0.02,0.0,False,0.005322114204735658,0.6492331823442479,0.2661068417694819,0.04252192476461086,4.252192476461086e-06,4.2521924764610866e-06,0.12984884499102112,0.0,0.1844845179197644,-6.302534962403091,-6.2820510388380635,0.1844845179197644
243.0,0.0,0.0,0.6293342888864006,-1.5976576120389714,5.361930324973262,125.86685777728013,3.0,0.0,5.46006057897563,0.07,0.0,False,0.0052381728518743845,0.6293342888864006,0.26190975627967855,0.04252192476461086,4.252192476461086e-06,4.2521924764610866e-06,0.12586899860859949,0.0,-0.7497328522692234,-6.959587937012233,-7.057718191014601,0.7497328522692234
244.0,0.0,0.0,0.7083729692920674,-1.8060787776201692,5.437299255354747,141.6745938584135,3.0,0.0,5.445551931620669,-0.08,0.0,False,0.005500934614579146,0.7083729692920673,0.2750479002805965,0.04252192476461086,4.252192476461086e-06,4.2521924764610866e-06,0.14167700355873528,0.0,-0.20842116558119783,-7.243378032974916,-7.251630709240838,0.20842116558119783
245.0,0.0,0.0,0.7291602760060324,-1.3735523319315182,5.370136484202025,145.8320552012065,3.0,0.0,5.486222687792222,-0.02,0.0,False,0.005366749879734471,0.7291602760060323,0.2683386350093965,0.04252192476461086,4.252192476461086e-06,4.2521924764610866e-06,0.14583453561453097,0.0,0.43252644568865106,-6.743688816133543,-6.85977501972374,0.43252644568865106
246.0,0.0,0.0,0.6868903922865977,-0.92253554075735,5.315689680916488,137.37807845731953,3.0,0.0,5.485679008932135,0.0,0.0,False,0.005225206739655985,0.6868903922865977,0.26126144791203865,0.04252192476461086,4.252192476461086e-06,4.2521924764610866e-06,0.13738041507951024,0.0,0.45101679117416815,-6.238225221673838,-6.408214549689485,0.45101679117416815
247.0,0.0,0.0,0.6352866606613518,-1.1512839921367917,5.265951758233783,127.05733213227036,3.0,0.0,5.4954976304423635,0.26,0.0,False,0.005080270139946069,0.6352866606613519,0.25401458711162694,0.04252192476461086,4.252192476461086e-06,4.2521924764610866e-06,0.12705949321200802,0.0,-0.22874845137944166,-6.417235750370574,-6.646781622579155,0.22874845137944166
248.0,0.0,0.0,0.660082811209168,-1.5099091554755613,5.458476903740187,132.0165622418336,3.0,0.0,5.430466133914105,0.01,0.0,False,0.00483591498321055,0.6600828112091679,0.24179677732259292,0.04252192476461086,4.252192476461086e-06,4.2521924764610866e-06,0.13201880767161642,0.0,-0.3586251633387696,-6.968386059215748,-6.9403752893896655,0.3586251633387696
249.0,0.0,0.0,0.6961115271291821,-0.9298617067409308,5.444375126947862,139.22230542583642,3.0,0.0,5.4496844599130645,0.05,0.0,False,0.004863966315014332,0.6961115271291821,0.24319934987676511,0.04252192476461086,4.252192476461086e-06,4.2521924764610866e-06,0.1392246734159259,0.0,0.5800474487346304,-6.3742368336887925,-6.379546166653995,0.5800474487346304
250.0,0.0,0.0,0.641644253644945,-2.2515686065990805,5.564359906720771,128.328850728989,3.0,0.0,5.451354115826175,0.02,0.0,False,0.004849937067283321,0.641644253644945,0.24249788450746163,0.04252192476461086,4.252192476461086e-06,4.2521924764610866e-06,0.12833103343560193,0.0,-1.3217068998581496,-7.815928513319852,-7.702922722425255,1.3217068998581496
251.0,0.0,0.0,0.7755127113619337,-2.5804599305432094,5.557090986865018,155.10254227238673,3.0,0.0,5.486717249451909,-0.22,0.0,False,0.005313916498457528,0.7755127113619337,0.26569695471266414,0.04252192476461086,4.252192476461086e-06,4.2521924764610866e-06,0.15510518036462223,0.0,-0.3288913239441289,-8.137550917408227,-8.067177179995118,0.3288913239441289
252.0,0.0,0.0,0.8108313274717746,-2.920651713604396,5.521974015204942,162.16626549435492,3.0,0.0,5.503723388486081,0.08,0.0,False,0.005087223179647608,0.8108313274717746,0.2543622405749868,0.04252192476461086,4.252192476461086e-06,4.2521924764610866e-06,0.1621690237313225,0.0,-0.34019178306118647,-8.442625728809338,-8.424375102090476,0.34019178306118647
253.0,0.0,0.0,0.8485203712712821,-3.3068266772225603,5.670269670808314,169.70407425425643,3.0,0.0,5.528025734718045,0.17,0.0,False,0.004726268362015545,0.848520371271282,0.2363144229509157,0.04252192476461086,4.252192476461086e-06,4.2521924764610866e-06,0.16970696069953362,0.0,-0.3861749636181644,-8.977096348030875,-8.834852411940606,0.3861749636181644
254.0,0.0,0.0,0.8933621132212127,-2.6006065185236245,5.726585049252217,178.67242264424254,3.0,0.0,5.564732402705358,0.07,0.0,False,0.005139564357794954,0.8933621132212127,0.2569793106105925,0.04252192476461086,4.252192476461086e-06,4.2521924764610866e-06,0.1786754616294453,0.0,0.7062201586989358,-8.327191567775841,-8.165338921228983,0.7062201586989358
255.0,0.0,0.0,0.8264232966227039,-2.6349067258486043,5.699451666307849,165.28465932454077,3.0,0.0,5.626984392372387,-0.1,0.0,False,0.0053917796684070365,0.8264232966227039,0.26959012976459884,0.04252192476461086,4.252192476461086e-06,4.2521924764610866e-06,0.16528747060132595,0.0,-0.03430020732497985,-8.334358392156453,-8.26189111822099,0.03430020732497985
256.0,0.0,0.0,0.8344525220039327,-2.405839211191062,5.854525650117563,166.89050440078654,3.0,0.0,5.663802153249618,0.13,0.0,False,0.005300601755708591,0.8344525220039327,0.26503121474437485,0.04252192476461086,4.252192476461086e-06,4.2521924764610866e-06,0.166893342990905,0.0,0.2290675146575425,-8.260364861308625,-8.06964136444068,0.2290675146575425
257.0,0.0,0.0,0.8151659341635138,-2.400155792650666,5.933116768463677,163.03318683270277,3.0,0.0,5.709795906827517,0.01,0.0,False,0.005153229764411782,0.8151659341635138,0.2576625838468307,0.04252192476461086,4.252192476461086e-06,4.2521924764610866e-06,0.16303595981487323,0.0,0.005683418540396001,-8.333272561114342,-8.109951699478183,0.005683418540396001
258.0,0.0,0.0,0.8289595385637155,-1.716217475156914,6.212956699740021,165.7919077127431,3.0,0.0,5.745993442566685,0.52,0.0,False,0.005494475682867106,0.8289595385637156,0.27472495232176336,0.04252192476461086,4.252192476461086e-06,4.2521924764610866e-06,0.1657947276171627,0.0,0.6839383174937519,-7.929174174896935,-7.462210917723599,0.6839383174937519
259.0,0.0,0.0,0.7701904845884653,-0.8871250682048174,6.1750831473960055,154.03809691769305,3.0,0.0,5.889615837762139,0.35,0.0,False,0.005368096580901834,0.7701904845884653,0.2684059703540865,0.04252192476461086,4.252192476461086e-06,4.2521924764610866e-06,0.15404071690509943,0.0,0.8290924069520965,-7.062208215600823,-6.776740905966956,0.8290924069520965
260.0,0.0,0.0,0.6899549300088276,-1.1135294735902814,6.036289172239093,137.99098600176552,3.0,0.0,5.98585112063693,0.2,0.0,False,0.005150636214734866,0.6899549300088276,0.2575329058115712,0.04252192476461086,4.252192476461086e-06,4.2521924764610866e-06,0.13799333304871528,0.0,-0.22640440538546402,-7.149818645829375,-7.0993805942272115,0.22640440538546402
261.0,0.0,0.0,0.7167543823448677,-2.14129094499406,6.051836007399865,143.35087646897352,3.0,0.0,6.012570922941576,-0.07,0.0,False,0.005386710627232462,0.7167543823448677,0.2693366766281432,0.04252192476461086,4.252192476461086e-06,4.2521924764610866e-06,0.14335331468067933,0.0,-1.0277614714037786,-8.193126952393925,-8.153861867935635,1.0277614714037786
262.0,0.0,0.0,0.8224951148821777,-2.7759226278155475,6.076821305337178,164.49902297643555,3.0,0.0,6.054166738737991,0.03,0.0,False,0.0053089126805121005,0.8224951148821777,0.2654467627515328,0.04252192476461086,4.252192476461086e-06,4.2521924764610866e-06,0.1645018208905697,0.0,-0.6346316828214875,-8.852743933152725,-8.830089366553539,0.6346316828214875
263.0,0.0,0.0,0.8854457038268666,-2.6069345231079,6.247646630709842,177.08914076537332,3.0,0.0,6.083835074204682,0.07,0.0,False,0.005007983354603216,0.8854457038268666,0.25040023247561777,0.04252192476461086,4.252192476461086e-06,4.2521924764610866e-06,0.17709215282101343,0.0,0.16898810470764758,-8.854581153817742,-8.690769597312581,0.16898810470764758
264.0,0.0,0.0,0.8749279654610472,-2.258543539718885,6.320454363845167,174.98559309220946,3.0,0.0,6.078722664731116,0.18,0.0,False,0.004911163560003182,0.8749279654610472,0.24555922216079615,0.04252192476461086,4.252192476461086e-06,4.2521924764610866e-06,0.17498856936924334,0.0,0.34839098338901486,-8.578997903564051,-8.337266204450001,0.34839098338901486
265.0,0.0,0.0,0.8450848789589562,-2.286029101974446,6.240166539059291,169.01697579179125,3.0,0.0,6.142531149608172,0.12,0.0,False,0.0047379219499507266,0.8450848789589562,0.2368971048253396,0.04252192476461086,4.252192476461086e-06,4.2521924764610866e-06,0.1690198505504185,0.0,-0.027485562255560758,-8.526195641033738,-8.428560251582617,0.027485562255560758
266.0,0.0,0.0,0.8498271653101317,-2.2728738555891086,6.295139952933386,169.96543306202634,3.0,0.0,6.19248492304888,0.11,0.0,False,0.004573559491545527,0.8498271653101317,0.22867894696003932,0.04252192476461086,4.252192476461086e-06,4.2521924764610866e-06,0.16996832395267647,0.0,0.013155246385337271,-8.568013808522494,-8.465358778637988,0.013155246385337271
267.0,0.0,0.0,0.8591257509498247,-2.061474111084527,6.441977164931011,171.82515018996494,3.0,0.0,6.212423232560792,0.26,0.0,False,0.004484676081336127,0.8591257509498249,0.22423475755210087,0.04252192476461086,4.252192476461086e-06,4.2521924764610866e-06,0.1718280727119813,0.0,0.21139974450458165,-8.503451276015538,-8.27389734364532,0.21139974450458165
268.0,0.0,0.0,0.8452486636077573,-2.2059544955045194,6.535967667066,169.04973272155146,3.0,0.0,6.318566312311856,0.19,0.0,False,0.0045292669605106195,0.8452486636077574,0.22646431099127545,0.04252192476461086,4.252192476461086e-06,4.2521924764610866e-06,0.16905260803733144,0.0,-0.14448038441999245,-8.74192216257052,-8.524520807816376,0.14448038441999245
269.0,0.0,0.0,0.8645810204440169,-2.1372512030509596,6.660711976614268,172.91620408880337,3.0,0.0,6.391192232993444,0.25,0.0,False,0.004634656168050023,0.864581020444017,0.23173379377500558,0.04252192476461086,4.252192476461086e-06,4.2521924764610866e-06,0.1729191451682255,0.0,0.06870329245355977,-8.797963179665228,-8.528443436044403,0.06870329245355977
270.0,0.0,0.0,0.8661115089984951,-2.13102565272522,6.652528586073581,173.222301799699,3.0,0.0,6.44003952718116,0.23,0.0,False,0.004768868662040496,0.8661115089984951,0.23844444700939704,0.04252192476461086,4.252192476461086e-06,4.2521924764610866e-06,0.17322524808544457,0.0,0.006225550325739793,-8.7835542387988,-8.57106517990638,0.006225550325739793
271.0,0.0,0.0,0.8682876000315395,-1.0542580079185235,6.549308193185712,173.6575200063079,3.0,0.0,6.5240480305760995,-0.02,0.0,False,0.004709973655298891,0.8682876000315395,0.23549968415067155,0.04252192476461086,4.252192476461086e-06,4.2521924764610866e-06,0.1736604736945483,0.0,1.0767676448066963,-7.603566201104235,-7.578306038494623,1.0767676448066963
272.0,0.0,0.0,0.7665035559278729,-1.1155861300157073,6.728380386515609,153.30071118557458,3.0,0.0,6.552034953890178,0.17,0.0,False,0.004667792824900828,0.7665035559278729,0.23339063366271803,0.04252192476461086,4.252192476461086e-06,4.2521924764610866e-06,0.15330331863101007,0.0,-0.061328122097183746,-7.843966516531316,-7.667621083905885,0.061328122097183746
273.0,0.0,0.0,0.7726993308910584,-0.438223344765818,6.5729034936678365,154.53986617821167,3.0,0.0,6.610940517392883,-0.05,0.0,False,0.004712020369600675,0.7726993308910585,0.23560202030091185,0.04252192476461086,4.252192476461086e-06,4.2521924764610866e-06,0.15454249470005965,0.0,0.6773627852498894,-7.011126838433655,-7.049163862158701,0.6773627852498894
274.0,0.0,0.0,0.7028709968743243,-0.3991655146730735,6.713828206232876,140.57419937486486,3.0,0.0,6.6115714622089365,-0.1,0.0,False,0.004930229585702855,0.7028709968743243,0.24651252749940022,0.04252192476461086,4.252192476461086e-06,4.2521924764610866e-06,0.14057659035890968,0.0,0.039057830092744494,-7.1129937209059495,-7.01073697688201,0.039057830092744494
275.0,0.0,0.0,0.7013777456747605,-0.23283476841292358,6.73463427787782,140.27554913495212,3.0,0.0,6.590636061115658,0.02,0.0,False,0.005164066970209828,0.7013777456747605,0.25820444644082724,0.04252192476461086,4.252192476461086e-06,4.2521924764610866e-06,0.1402779350393453,0.0,0.1663307462601499,-6.967469046290744,-6.823470829528582,0.1663307462601499
276.0,0.0,0.0,0.6858503361413919,-0.6284818634232368,6.893739674136865,137.17006722827838,3.0,0.0,6.61476106173319,-0.08,0.0,False,0.005649989386477776,0.6858503361413918,0.2825006705660068,0.04252192476461086,4.252192476461086e-06,4.2521924764610866e-06,0.137172400312469,0.0,-0.39564709501031314,-7.522221537560101,-7.2432429251564265,0.39564709501031314
277.0,0.0,0.0,0.7315370938257257,-0.23022490156517705,6.958499899088591,146.30741876514514,3.0,0.0,6.6258144113829545,0.15,0.0,False,0.005588969608537746,0.7315370938257257,0.27944966869561316,0.04252192476461086,4.252192476461086e-06,4.2521924764610866e-06,0.1463099072637847,0.0,0.3982569618580597,-7.188724800653768,-6.856039312948131,0.3982569618580597
278.0,0.0,0.0,0.6993316941948052,0.26338357382503247,6.855367132925931,139.86633883896104,3.0,0.0,6.687044606660343,0.18,0.0,False,0.0053080217605142605,0.6993316941948052,0.2654022165622225,0.04252192476461086,4.252192476461086e-06,4.2521924764610866e-06,0.13986871778322008,0.0,0.4936084753902095,-6.591983559100899,-6.4236610328353105,0.4936084753902095
279.0,0.0,0.0,0.6573154086693588,0.3409524167721404,6.968240140203715,131.46308173387175,3.0,0.0,6.763240725031299,0.16,0.0,False,0.005294041079140403,0.6573154086693586,0.2647031795211024,0.04252192476461086,4.252192476461086e-06,4.2521924764610866e-06,0.13146531774967196,0.0,0.07756884294710792,-6.627287723431575,-6.422288308259159,0.07756884294710792
280.0,0.0,0.0,0.6515188624027175,1.0878141295442987,6.9372067450416255,130.3037724805435,3.0,0.0,6.836677412100382,0.02,0.0,False,0.005527478700359494,0.6515188624027175,0.2763751102131417,0.04252192476461086,4.252192476461086e-06,4.2521924764610866e-06,0.13030598877800326,0.0,0.7468617127721583,-5.849392615497327,-5.7488632825560835,0.7468617127721583
281.0,0.0,0.0,0.5790078064616755,0.8541873366767061,6.800252704593401,115.8015612923351,3.0,0.0,6.8562795599795585,0.0,0.0,False,0.005406113010626551,0.5790078064616755,0.27030679992298107,0.04252192476461086,4.252192476461086e-06,4.2521924764610866e-06,0.11580353092607049,0.0,-0.23362679286759258,-5.946065367916695,-6.002092223302853,0.23362679286759258
282.0,0.0,0.0,0.6039403641688347,1.064381257904873,6.755475551460297,120.78807283376693,3.0,0.0,6.87801529679297,0.11,0.0,False,0.0051304158867430645,0.6039403641688347,0.2565218851129449,0.04252192476461086,4.252192476461086e-06,4.2521924764610866e-06,0.12079012728156913,0.0,0.21019392122816694,-5.691094293555423,-5.813634038888097,0.21019392122816694
283.0,0.0,0.0,0.5802156449810186,1.2500690828683996,6.57291464968284,116.04312899620373,3.0,0.0,6.893719381898684,0.17,0.0,False,0.005247572317194628,0.5802156449810186,0.2623797315441077,0.04252192476461086,4.252192476461086e-06,4.2521924764610866e-06,0.11604510273869115,0.0,0.18568782496352654,-5.32284556681444,-5.643650299030284,0.18568782496352654
284.0,0.0,0.0,0.5525371188026317,2.215103851972225,6.4399062799303755,110.50742376052634,3.0,0.0,6.866661067145069,0.39,0.0,False,0.005270088370221877,0.5525371188026317,0.26350553898259976,0.04252192476461086,4.252192476461086e-06,4.2521924764610866e-06,0.1105093033478775,0.0,0.9650347691038252,-4.224802427958151,-4.6515572151728435,0.9650347691038252
285.0,0.0,0.0,0.4498911453497963,2.418044208185393,6.4572258605047415,89.97822906995926,3.0,0.0,6.775557745603686,0.23,0.0,False,0.0053570003723269,0.4498911453497963,0.26785115756617905,0.04252192476461086,4.252192476461086e-06,4.2521924764610866e-06,0.08997975948244635,0.0,0.2029403562131682,-4.039181652319348,-4.357513537418294,0.2029403562131682
286.0,0.0,0.0,0.42050566305992304,1.7999718527938815,6.341791923020888,84.10113261198461,3.0,0.0,6.714110956657358,0.32,0.0,False,0.005149383279923515,0.42050566305992304,0.25747025880461777,0.04252192476461086,4.252192476461086e-06,4.2521924764610866e-06,0.08410256306271541,0.0,-0.6180723553915115,-4.541820070227006,-4.9141391038634765,0.6180723553915115
287.0,0.0,0.0,0.48024309065627896,1.8316029084305971,6.415122203409979,96.0486181312558,3.0,0.0,6.623190242335458,-0.02,0.0,False,0.005452474789106515,0.480243090656279,0.2726248987039395,0.04252192476461086,4.252192476461086e-06,4.2521924764610866e-06,0.09605025179315463,0.0,0.031631055636715644,-4.583519294979382,-4.791587333904861,0.031631055636715644
288.0,0.0,0.0,0.4740957560201794,1.751438673633988,6.458946580740219,94.81915120403588,3.0,0.0,6.602504863659513,0.05,0.0,False,0.005253402990875213,0.4740957560201793,0.2626712664677944,0.04252192476461086,4.252192476461086e-06,4.2521924764610866e-06,0.09482076395430356,0.0,-0.08016423479660917,-4.707507907106231,-4.851066190025525,0.08016423479660917
289.0,0.0,0.0,0.47984812616801664,1.7455557079279311,6.518649806911566,95.96962523360332,3.0,0.0,6.572661265952729,-0.01,0.0,False,0.005294372692617684,0.47984812616801664,0.2647197602654707,0.04252192476461086,4.252192476461086e-06,4.2521924764610866e-06,0.09597125755193586,0.0,-0.005882965706056842,-4.773094098983635,-4.827105558024798,0.005882965706056842
290.0,0.0,0.0,0.4806487709920993,2.755350430797226,6.554764505033486,96.12975419841986,3.0,0.0,6.550021955643746,-0.02,0.0,False,0.005392524253352311,0.48064877099209924,0.2696273591701683,0.04252192476461086,4.252192476461086e-06,4.2521924764610866e-06,0.09613138924033753,0.0,1.0097947228692947,-3.79941407423626,-3.7946715248465197,1.0097947228692947
291.0,0.0,0.0,0.38203398284916107,2.59774767650637,6.671082370806586,76.40679656983221,3.0,0.0,6.552145608403309,-0.02,0.0,False,0.005411146809619188,0.38203398284916107,0.270558490942847,0.04252192476461086,4.252192476461086e-06,4.2521924764610866e-06,0.07640809614992818,0.0,-0.1576027542908558,-4.0733346943002156,-3.9543979318969393,0.1576027542908558
292.0,0.0,0.0,0.4016071253930319,2.3273671205605244,6.738531723700891,80.32142507860638,3.0,0.0,6.575771483390214,0.09,0.0,False,0.0055107942181657,0.4016071253930319,0.2755408825561706,0.04252192476461086,4.252192476461086e-06,4.2521924764610866e-06,0.08032279124143481,0.0,-0.27038055594584565,-4.411164603140367,-4.248404362829689,0.27038055594584565
293.0,0.0,0.0,0.43319884114745627,2.5049257844441013,6.777032867523006,86.63976822949125,3.0,0.0,6.61390431597654,0.23,0.0,False,0.005060813873431556,0.4331988411474562,0.2530417696493117,0.04252192476461086,4.252192476461086e-06,4.2521924764610866e-06,0.08664124185910753,0.0,0.17755866388357688,-4.272107083078904,-4.108978531532438,0.17755866388357688
294.0,0.0,0.0,0.4171414671892793,2.48136482943686,6.869449777413014,83.42829343785586,3.0,0.0,6.659447634277739,0.13,0.0,False,0.004928318119190727,0.41714146718927936,0.24641695376739775,0.04252192476461086,4.252192476461086e-06,4.2521924764610866e-06,0.08342971244446862,0.0,-0.02356095500724109,-4.388084947976154,-4.178082804840878,0.02356095500724109
295.0,0.0,0.0,0.42339782112760666,2.7526528128257963,6.836769360204416,84.67956422552133,3.0,0.0,6.676429144627309,0.08,0.0,False,0.005032177797857619,0.4233978211276066,0.25160995978230943,0.04252192476461086,4.252192476461086e-06,4.2521924764610866e-06,0.0846810045146205,0.0,0.2712879833889361,-4.08411654737862,-3.9237763318015126,0.2712879833889361
296.0,0.0,0.0,0.3940941056688905,2.514131401005745,6.7350987799751545,78.8188211337781,3.0,0.0,6.7154330591644,0.02,0.0,False,0.004840790984915272,0.3940941056688905,0.2420405784445139,0.04252192476461086,4.252192476461086e-06,4.2521924764610866e-06,0.07882016173927042,0.0,-0.23852141182005138,-4.2209673789694095,-4.201301658158655,0.23852141182005138
297.0,0.0,0.0,0.4189557349879452,2.344001117052629,6.789836252419254,83.79114699758904,3.0,0.0,6.693677657714254,-0.02,0.0,False,0.0050926854555032,0.4189557349879452,0.25463535552909883,0.04252192476461086,4.252192476461086e-06,4.2521924764610866e-06,0.08379257217586826,0.0,-0.17013028395311602,-4.445835135366625,-4.3496765406616245,0.17013028395311602
298.0,0.0,0.0,0.43872128793913084,2.5059473851102094,6.72379416138953,87.74425758782617,3.0,0.0,6.703777824906406,0.05,0.0,False,0.0050309450126026865,0.43872128793913084,0.251548320257461,0.04252192476461086,4.252192476461086e-06,4.2521924764610866e-06,0.08774575000336793,0.0,0.1619462680575805,-4.217846776279321,-4.1978304397961965,0.1619462680575805
299.0,0.0,0.0,0.4206555934127016,1.9015998087593116,6.873638703614295,84.13111868254032,3.0,0.0,6.731307272811924,0.0,0.0,False,0.004668955416960356,0.4206555934127016,0.23344876351287266,0.04252192476461086,4.252192476461086e-06,4.2521924764610866e-06,0.08413254964329511,0.0,-0.6043475763508979,-4.972038894854984,-4.829707464052612,0.6043475763508979
300.0,0.0,0.0,0.49142747727969976,1.806089255625705,6.81619820172657,98.28549545593995,3.0,0.0,6.712592754664695,0.01,0.0,False,0.0047812976005916765,0.4914274772796997,0.23906589657946806,0.04252192476461086,4.252192476461086e-06,4.2521924764610866e-06,0.09828716716420872,0.0,-0.09551055313360646,-5.010108946100864,-4.90650349903899,0.09551055313360646
301.0,0.0,0.0,0.49961936582020433,1.62459527322806,6.7690421017645255,99.92387316404087,3.0,0.0,6.815979063767385,0.09,0.0,False,0.004595674041658552,0.49961936582020444,0.22978467916745676,0.04252192476461086,4.252192476461086e-06,4.2521924764610866e-06,0.09992557273898062,0.0,-0.18149398239764514,-5.1444468285364655,-5.191383790539325,0.18149398239764514
302.0,0.0,0.0,0.5177571629082056,1.294181404449926,6.787979999425872,103.55143258164112,3.0,0.0,6.802389137713164,0.06,0.0,False,0.004401290342271435,0.5177571629082055,0.22006545287025545,0.04252192476461086,4.252192476461086e-06,4.2521924764610866e-06,0.10355319385664195,0.0,-0.33041386877813395,-5.493798594975946,-5.508207733263238,0.33041386877813395
303.0,0.0,0.0,0.5524620817493274,1.1993029803883242,6.735340658423651,110.4924163498655,3.0,0.0,6.802276982465749,-0.15,0.0,False,0.004637936231401627,0.5524620817493274,0.23189779763995857,0.04252192476461086,4.252192476461086e-06,4.2521924764610866e-06,0.11049429568196015,0.0,-0.09487842406160185,-5.536037678035326,-5.602974002077424,0.09487842406160185
304.0,0.0,0.0,0.5607013037180647,0.9129059011875507,6.796645907477982,112.14026074361294,3.0,0.0,6.8189196806985715,0.06,0.0,False,0.004775660699364108,0.5607013037180647,0.23878405031962985,0.04252192476461086,4.252192476461086e-06,4.2521924764610866e-06,0.11214216810339456,0.0,-0.2863970792007735,-5.883740006290432,-5.906013779511021,0.2863970792007735
305.0,0.0,0.0,0.5912547358002335,0.5430689884537944,6.930527844803771,118.25094716004669,3.0,0.0,6.8064352280622265,-0.03,0.0,False,0.005186241380362432,0.5912547358002335,0.2593131716629504,0.04252192476461086,4.252192476461086e-06,4.2521924764610866e-06,0.11825295845464558,0.0,-0.3698369127337563,-6.387458856349976,-6.263366239608432,0.3698369127337563
306.0,0.0,0.0,0.6292117859514367,1.0714875760535774,6.923875569167225,125.84235719028734,3.0,0.0,6.825578965636842,-0.02,0.0,False,0.005210575912477284,0.6292117859514368,0.2605299034424489,0.04252192476461086,4.252192476461086e-06,4.2521924764610866e-06,0.12584449760488364,0.0,0.528418587599783,-5.8523879931136475,-5.754091389583264,0.528418587599783
307.0,0.0,0.0,0.5798574033794056,0.8050521483404558,6.824315305149187,115.97148067588112,3.0,0.0,6.83532062444927,0.03,0.0,False,0.005337673681315353,0.5798574033794056,0.26688481890656124,0.04252192476461086,4.252192476461086e-06,4.2521924764610866e-06,0.11597345319972392,0.0,-0.26643542771312156,-6.019263156808732,-6.030268476108814,0.26643542771312156
308.0,0.0,0.0,0.6100745496884729,0.2446180230155628,6.8052960859871705,122.01490993769457,3.0,0.0,6.870184893112031,-0.06,0.0,False,0.005492176736364345,0.6100745496884729,0.2746100045078471,0.04252192476461086,4.252192476461086e-06,4.2521924764610866e-06,0.12201698525239804,0.0,-0.560434125324893,-6.560678062971608,-6.625566870096468,0.560434125324893
309.0,0.0,0.0,0.6654719285893569,0.6345832838169754,6.747457678186671,133.09438571787138,3.0,0.0,6.9059273529456915,0.04,0.0,False,0.005362641433997833,0.6654719285893569,0.26813321184906946,0.04252192476461086,4.252192476461086e-06,4.2521924764610866e-06,0.13309664948002775,0.0,0.3899652608014126,-6.112874394369696,-6.271344069128716,0.3899652608014126
310.0,0.0,0.0,0.6257760096926965,1.210393652969173,6.766473954036119,125.1552019385393,3.0,0.0,6.8994787946455265,0.02,0.0,False,0.00526695137392579,0.6257760096926966,0.26334868850083964,0.04252192476461086,4.252192476461086e-06,4.2521924764610866e-06,0.12515733066551973,0.0,0.5758103691521976,-5.556080301066946,-5.689085141676354,0.5758103691521976
311.0,0.0,0.0,0.5725946254136235,1.2436439675797648,6.878392324103999,114.5189250827247,3.0,0.0,6.892476426745953,0.04,0.0,False,0.005043413505595555,0.5725946254136235,0.2521717475580259,0.04252192476461086,4.252192476461086e-06,4.2521924764610866e-06,0.11452087290048871,0.0,0.0332503146105918,-5.634748356524234,-5.648832459166188,0.0332503146105918
312.0,0.0,0.0,0.571778637695974,1.3462300258722146,7.059637673541189,114.35572753919482,3.0,0.0,6.936461646233314,0.04,0.0,False,0.0049115048742883844,0.571778637695974,0.24557628794762293,0.04252192476461086,4.252192476461086e-06,4.2521924764610866e-06,0.11435767258118114,0.0,0.10258605829244982,-5.713407647668975,-5.5902316203610996,0.10258605829244982
313.0,0.0,0.0,0.5660947257638593,1.5921801497748387,7.266070556290553,113.21894515277187,3.0,0.0,6.961551910180569,0.24,0.0,False,0.004419088259922812,0.5660947257638592,0.2209553525368333,0.04252192476461086,4.252192476461086e-06,4.2521924764610866e-06,0.11322087085957037,0.0,0.24595012390262405,-5.6738904065157145,-5.3693717604057305,0.24595012390262405
314.0,0.0,0.0,0.546935291014526,2.6917738905768345,7.284104588710071,109.3870582029052,3.0,0.0,7.0072976406974945,0.18,0.0,False,0.004733558820060363,0.5469352910145261,0.23667894740317816,0.04252192476461086,4.252192476461086e-06,4.2521924764610866e-06,0.1093889187342974,0.0,1.0995937408019958,-4.592330698133237,-4.31552375012066,1.0995937408019958
315.0,0.0,0.0,0.44829592804065194,3.8133511397748245,7.47404826903446,89.65918560813039,3.0,0.0,7.061649343626571,0.46,0.0,False,0.004489611000415294,0.448295928040652,0.22448150455527066,0.04252192476461086,4.252192476461086e-06,4.2521924764610866e-06,0.08966071059410373,0.0,1.12157724919799,-3.6606971292596358,-3.2482982038517463,1.12157724919799
316.0,0.0,0.0,0.3430859678808793,5.198079395869396,7.596469092130769,68.61719357617586,3.0,0.0,7.1748284830119715,0.26,0.0,False,0.004863580733458556,0.3430859678808794,0.24318007071699793,0.04252192476461086,4.252192476461086e-06,4.2521924764610866e-06,0.06861836066527024,0.0,1.3847282560945713,-2.398389696261373,-1.9767490871425757,1.3847282560945713
317.0,0.0,0.0,0.21239813593840848,4.80312448502205,7.5835986553603725,42.47962718768169,3.0,0.0,7.244283761962184,0.32,0.0,False,0.004881941042266873,0.21239813593840848,0.24409809006099215,0.04252192476461086,4.252192476461086e-06,4.2521924764610866e-06,0.04248034971081387,0.0,-0.39495491084734624,-2.780474170338323,-2.4411592769401347,0.39495491084734624
318.0,0.0,0.0,0.2600687737496405,4.332921513639397,7.607831924283505,52.0137547499281,3.0,0.0,7.322105913141261,0.28,0.0,False,0.004889876214331815,0.2600687737496405,0.24449485035133312,0.04252192476461086,4.252192476461086e-06,4.2521924764610866e-06,0.05201463943615268,0.0,-0.470202971382653,-3.2749104106441083,-2.9891843995018643,0.470202971382653
319.0,0.0,0.0,0.3114114244651498,3.7507302950686765,7.602744193546265,62.28228489302996,3.0,0.0,7.403867515642606,0.11,0.0,False,0.004899072809090581,0.3114114244651498,0.2449546820445561,0.04252192476461086,4.252192476461086e-06,4.2521924764610866e-06,0.06228334423357834,0.0,-0.5821912185707201,-3.8520138984775882,-3.6531372205739294,0.5821912185707201
320.0,0.0,0.0,0.3715361593160985,4.0663969040962185,7.462453753683998,74.3072318632197,3.0,0.0,7.447101967356701,-0.05,0.0,False,0.004906491918163453,0.3715361593160985,0.24532563907557373,0.04252192476461086,4.252192476461086e-06,4.2521924764610866e-06,0.07430849573245452,0.0,0.31566660902754196,-3.3960568495877794,-3.380705063260483,0.31566660902754196
321.0,0.0,0.0,0.3422377695342207,4.263823892772393,7.464905607657878,68.44755390684413,3.0,0.0,7.466170880392727,-0.12,0.0,False,0.005362753342653034,0.3422377695342207,0.26813880730562256,0.04252192476461086,4.252192476461086e-06,4.2521924764610866e-06,0.06844871811058868,0.0,0.1974269886761748,-3.2010817148854844,-3.2023469876203334,0.1974269886761748
322.0,0.0,0.0,0.32460554479926,4.650068534876152,7.580802170556984,64.921108959852,3.0,0.0,7.48884736248186,0.09,0.0,False,0.005390103527219397,0.32460554479926,0.26950632234885313,0.04252192476461086,4.252192476461086e-06,4.2521924764610866e-06,0.0649222131833609,0.0,0.3862446421037591,-2.9307336356808316,-2.838778827605708,0.3862446421037591
323.0,0.0,0.0,0.2933656127528388,5.083769566300257,7.564889933551654,58.67312255056776,3.0,0.0,7.509948355027761,0.04,0.0,False,0.0054075467691899705,0.2933656127528388,0.2703784881559829,0.04252192476461086,4.252192476461086e-06,4.2521924764610866e-06,0.05867412050396534,0.0,0.4337010314241043,-2.481120367251397,-2.426178788727504,0.4337010314241043
324.0,0.0,0.0,0.2518069935949405,4.916918499927252,7.656339073952639,50.361398718988106,3.0,0.0,7.5837870347571075,0.1,0.0,False,0.005403547335304743,0.2518069935949405,0.2701785156114034,0.04252192476461086,4.252192476461086e-06,4.2521924764610866e-06,0.05036225530078866,0.0,-0.1668510663730043,-2.7394205740253863,-2.666868534829855,0.1668510663730043
325.0,0.0,0.0,0.27542152360554734,4.844832940588857,7.706237012543027,55.08430472110947,3.0,0.0,7.601893038839844,0.08,0.0,False,0.005181574241068022,0.27542152360554734,0.25907981370595146,0.04252192476461086,4.252192476461086e-06,4.2521924764610866e-06,0.05508524163338991,0.0,-0.07208555933839556,-2.86140407195417,-2.757060098250987,0.07208555933839556
326.0,0.0,0.0,0.2832109073271192,5.120696080462746,7.681064906391843,56.64218146542383,3.0,0.0,7.671192293249249,0.07,0.0,False,0.005115867107571051,0.2832109073271192,0.25579444306113375,0.04252192476461086,4.252192476461086e-06,4.2521924764610866e-06,0.05664314487515869,0.0,0.27586313987388955,-2.560368825929096,-2.550496212786503,0.27586313987388955
327.0,0.0,0.0,0.2540465387656539,5.398177182200466,7.6659334062146405,50.80930775313078,3.0,0.0,7.677002227224515,0.05,0.0,False,0.005280723213025151,0.2540465387656539,0.2640372833838333,0.04252192476461086,4.252192476461086e-06,4.2521924764610866e-06,0.05081017195328064,0.0,0.27748110173771945,-2.2677562240141746,-2.278825045024049,0.27748110173771945
328.0,0.0,0.0,0.22163032088238077,4.734562504255619,7.67552363603052,44.32606417647615,3.0,0.0,7.661215480858322,-0.03,0.0,False,0.004958544192656766,0.22163032088238077,0.2479282638670538,0.04252192476461086,4.252192476461086e-06,4.2521924764610866e-06,0.04432681810509667,0.0,-0.6636146779448469,-2.940961131774901,-2.9266529766027034,0.6636146779448469
329.0,0.0,0.0,0.2935752786290401,5.235756270539432,7.775645405869407,58.71505572580802,3.0,0.0,7.614527511763422,0.1,0.0,False,0.005055077592520531,0.2935752786290401,0.25275495438417184,0.04252192476461086,4.252192476461086e-06,4.2521924764610866e-06,0.0587160543924343,0.0,0.5011937662838131,-2.5398891353299753,-2.3787712412239896,0.5011937662838131
330.0,0.0,0.0,0.2511345540657016,4.26846285092415,7.889857240706647,50.22691081314032,3.0,0.0,7.67037770747557,0.2,0.0,False,0.00493388568569714,0.2511345540657016,0.2466953332764366,0.04252192476461086,4.252192476461086e-06,4.2521924764610866e-06,0.05022776510747676,0.0,-0.9672934196152818,-3.6213943897824965,-3.4019148565514197,0.9672934196152818
331.0,0.0,0.0,0.357758317724468,4.457090020634499,8.044138729353104,71.5516635448936,3.0,0.0,7.7471552048195145,0.32,0.0,False,0.005269654708874233,0.3577583177244681,0.26348385582301703,0.04252192476461086,4.252192476461086e-06,4.2521924764610866e-06,0.07155288054550024,0.0,0.1886271697103492,-3.587048708718605,-3.290065184185015,0.1886271697103492
332.0,0.0,0.0,0.3425998501192274,4.683202705792393,7.83426196951457,68.51997002384547,3.0,0.0,7.846122091030178,-0.09,0.0,False,0.005303224938787277,0.34259985011922744,0.26516237445602303,0.04252192476461086,4.252192476461086e-06,4.2521924764610866e-06,0.06852113545929385,0.0,0.22611268515789362,-3.1510592637221766,-3.1629193852377853,0.22611268515789362
333.0,0.0,0.0,0.3186864239252609,4.18611396110173,7.8181934650927625,63.73728478505219,3.0,0.0,7.883161361852025,0.03,0.0,False,0.005263263568370296,0.318686423925261,0.26316429743900205,0.04252192476461086,4.252192476461086e-06,4.2521924764610866e-06,0.06373836887325371,0.0,-0.49708874469066266,-3.632079503991032,-3.6970474007502947,0.49708874469066266
334.0,0.0,0.0,0.37188509500260203,4.019011039452145,7.93153828382373,74.3770190005204,3.0,0.0,7.870134700845707,0.1,0.0,False,0.005144989063064826,0.3718850950026021,0.2572505470274305,0.04252192476461086,4.252192476461086e-06,4.2521924764610866e-06,0.07437828405674354,0.0,-0.16710292164958496,-3.912527244371584,-3.8511236613935615,0.16710292164958496
335.0,0.0,0.0,0.3948108645310862,4.7917843908631035,7.990286002653468,78.96217290621725,3.0,0.0,7.905043977477901,-0.04,0.0,False,0.0055206427582381356,0.3948108645310862,0.2760333116536868,0.04252192476461086,4.252192476461086e-06,4.2521924764610866e-06,0.07896351594993653,0.0,0.772773351410958,-3.1985016117903644,-3.113259586614798,0.772773351410958
336.0,0.0,0.0,0.3196343124038702,4.44691190511258,7.868769753451091,63.92686248077404,3.0,0.0,7.9672036253523935,-0.1,0.0,False,0.005350264382184406,0.31963431240387025,0.2675143566269179,0.04252192476461086,4.252192476461086e-06,4.2521924764610866e-06,0.06392794979344525,0.0,-0.34487248575052387,-3.4218578483385116,-3.520291720239814,0.34487248575052387
337.0,0.0,0.0,0.3563196093681701,4.652471114696762,7.783954070780951,71.26392187363402,3.0,0.0,7.988195472232722,-0.08,0.0,False,0.005224003159635697,0.3563196093681701,0.2612012686551315,0.04252192476461086,4.252192476461086e-06,4.2521924764610866e-06,0.07126513398012958,0.0,0.20555920958418206,-3.1314829560841897,-3.3357243575359607,0.20555920958418206
338.0,0.0,0.0,0.33605772053621324,4.562240248329656,7.806049943993154,67.21154410724264,3.0,0.0,8.010183755772385,0.03,0.0,False,0.005154285284373788,0.33605772053621324,0.25771536006934465,0.04252192476461086,4.252192476461086e-06,4.2521924764610866e-06,0.0672126872880703,0.0,-0.09023086636710609,-3.243809695663498,-3.447943507442729,0.09023086636710609
339.0,0.0,0.0,0.34289724649750497,4.307924646582051,7.811167921384978,68.579449299501,3.0,0.0,8.013119769164437,0.09,0.0,False,0.005203923053317304,0.34289724649750497,0.260197259069988,0.04252192476461086,4.252192476461086e-06,4.2521924764610866e-06,0.06858061574661438,0.0,-0.2543156017476047,-3.5032432748029274,-3.705195122582386,0.2543156017476047
340.0,0.0,0.0,0.370770237290758,4.266045993269839,7.874029313099014,74.1540474581516,3.0,0.0,7.991285616559289,0.05,0.0,False,0.005027648916090293,0.370770237290758,0.25138351473105935,0.04252192476461086,4.252192476461086e-06,4.2521924764610866e-06,0.0741553087219192,0.0,-0.041878653312211966,-3.6079833198291755,-3.7252396232894505,0.041878653312211966
341.0,0.0,0.0,0.37613863752290216,4.337616471994299,7.943790121069376,75.22772750458043,3.0,0.0,8.015705848810303,-0.1,0.0,False,0.005485240255509961,0.37613863752290216,0.2742631789903653,0.04252192476461086,4.252192476461086e-06,4.2521924764610866e-06,0.07522900703024724,0.0,0.07157047872446043,-3.6061736490750764,-3.6780893768160032,0.07157047872446043
342.0,0.0,0.0,0.3669037084491278,4.6893352030509465,7.998994452787004,73.38074168982556,3.0,0.0,8.027512339193086,0.05,0.0,False,0.005282463029213817,0.3669037084491278,0.26412427456316834,0.04252192476461086,4.252192476461086e-06,4.2521924764610866e-06,0.0733819898006692,0.0,0.3517187310566472,-3.3096592497360575,-3.3381771361421393,0.3517187310566472
343.0,0.0,0.0,0.33754655656165766,5.4280480956792365,8.07436996542975,67.50931131233153,3.0,0.0,8.006731563745006,0.12,0.0,False,0.005078866305688446,0.3375465565616577,0.253944395100277,0.04252192476461086,4.252192476461086e-06,4.2521924764610866e-06,0.06751045955779153,0.0,0.73871289262829,-2.646321869750513,-2.57868346806577,0.73871289262829
344.0,0.0,0.0,0.26801119308588883,5.5866978395078135,8.111447693942493,53.60223861717777,3.0,0.0,8.064872534313933,-0.11,0.0,False,0.005358675769161617,0.26801119308588883,0.26793492776412026,0.04252192476461086,4.252192476461086e-06,4.2521924764610866e-06,0.053603150321444054,0.0,0.158649743828577,-2.5247498544346794,-2.4781746948061194,0.158649743828577
345.0,0.0,0.0,0.2521384560793146,5.926247089227784,8.06004367839299,50.42769121586292,3.0,0.0,8.108217008297064,0.1,0.0,False,0.005328808138369857,0.2521384560793146,0.26644153987438657,0.04252192476461086,4.252192476461086e-06,4.2521924764610866e-06,0.05042854892521251,0.0,0.3395492497199708,-2.1337965891652058,-2.18196991906928,0.3395492497199708
346.0,0.0,0.0,0.22346393816086846,5.166198953163965,8.235748241203456,44.69278763217369,3.0,0.0,8.108136007363255,0.08,0.0,False,0.005081024771610404,0.22346393816086846,0.2540523188552855,0.04252192476461086,4.252192476461086e-06,4.2521924764610866e-06,0.044693547798282565,0.0,-0.7600481360638192,-3.0695492880394912,-2.9419370541992897,0.7600481360638192
347.0,0.0,0.0,0.2989015539910523,5.3702888989987105,8.22874806914267,59.78031079821046,3.0,0.0,8.160933981420296,0.0,0.0,False,0.004792342241679759,0.2989015539910523,0.23961813098206913,0.04252192476461086,4.252192476461086e-06,4.2521924764610866e-06,0.059781327583438106,0.0,0.20408994583474538,-2.8584591701439592,-2.7906450824215856,0.20408994583474538
348.0,0.0,0.0,0.2811191624871978,4.235195423511894,8.20085768583166,56.22383249743956,3.0,0.0,8.15527804242144,-0.02,0.0,False,0.004841249707628058,0.2811191624871978,0.24206351467768203,0.04252192476461086,4.252192476461086e-06,4.2521924764610866e-06,0.056224788791603336,0.0,-1.1350934754868165,-3.965662262319767,-3.9200826189095457,1.1350934754868165
349.0,0.0,0.0,0.4002581402296624,4.57043858983081,8.215041563012868,80.05162804593247,3.0,0.0,8.181540292510071,0.07,0.0,False,0.004900296516588157,0.4002581402296624,0.24501586767960695,0.04252192476461086,4.252192476461086e-06,4.2521924764610866e-06,0.08005298961986476,0.0,0.33524316631891615,-3.6446029731820575,-3.611101702679261,0.33524316631891615
350.0,0.0,0.0,0.36863647052219123,3.4180694369174125,8.316457464310911,73.72729410443824,3.0,0.0,8.237861924541141,-0.06,0.0,False,0.005092957544046307,0.36863647052219123,0.2546489600141028,0.04252192476461086,4.252192476461086e-06,4.2521924764610866e-06,0.0737285481096871,0.0,-1.1523691529133977,-4.898388027393499,-4.819792487623729,1.1523691529133977
351.0,0.0,0.0,0.4886816083051098,3.7536651240965138,8.4036553329958,97.73632166102196,3.0,0.0,8.256881670714044,-0.06,0.0,False,0.005417210095164045,0.4886816083051098,0.27086165650920274,0.04252192476461086,4.252192476461086e-06,4.2521924764610866e-06,0.09773798402855974,0.0,0.33559568717910127,-4.649990208899286,-4.50321654661753,0.33559568717910127
352.0,0.0,0.0,0.4604719476115837,2.774037553435126,8.29959719427579,92.09438952231675,3.0,0.0,8.304989418381416,-0.02,0.0,False,0.005561882525840802,0.4604719476115837,0.2780953088017918,0.04252192476461086,4.252192476461086e-06,4.2521924764610866e-06,0.09209595592793701,0.0,-0.9796275706613877,-5.525559640840664,-5.53095186494629,0.9796275706613877
353.0,0.0,0.0,0.559739357310785,3.005215786781868,8.33299741890466,111.947871462157,3.0,0.0,8.358482500979909,-0.01,0.0,False,0.005611446393398725,0.559739357310785,0.2805735127174429,0.04252192476461086,4.252192476461086e-06,4.2521924764610866e-06,0.1119497755496475,0.0,0.2311782333467418,-5.327781632122791,-5.353266714198041,0.2311782333467418
354.0,0.0,0.0,0.5379903554255455,3.028579489101955,8.324345384271002,107.59807108510911,3.0,0.0,8.371550132517166,0.08,0.0,False,0.005228815527228325,0.5379903554255455,0.2614418880579184,0.04252192476461086,4.252192476461086e-06,4.2521924764610866e-06,0.10759990118816046,0.0,0.02336370232008722,-5.295765895169047,-5.342970643415211,0.02336370232008722
355.0,0.0,0.0,0.5369622270615924,3.030575369567304,8.484205022880392,107.39244541231847,3.0,0.0,8.385233722964404,0.04,0.0,False,0.005188017807549183,0.5369622270615924,0.25940199339997355,0.04252192476461086,4.252192476461086e-06,4.2521924764610866e-06,0.10739427201794495,0.0,0.0019958804653490425,-5.453629653313088,-5.354658353397101,0.0019958804653490425
356.0,0.0,0.0,0.5403850809901212,2.513376297827959,8.627115295909604,108.07701619802422,3.0,0.0,8.398315923054975,0.08,0.0,False,0.00542018126902627,0.5403850809901212,0.2710102158340141,0.04252192476461086,4.252192476461086e-06,4.2521924764610866e-06,0.10807885444730816,0.0,-0.5171990717393453,-6.1137389980816454,-5.884939625227016,0.5171990717393453
357.0,0.0,0.0,0.6012691589833561,3.1184150407237285,8.686219386757676,120.25383179667122,3.0,0.0,8.434541070537298,0.3,0.0,False,0.005034976040982491,0.6012691589833561,0.25174987253348646,0.04252192476461086,4.252192476461086e-06,4.2521924764610866e-06,0.12025587715772917,0.0,0.6050387428957698,-5.567804346033947,-5.316126029813569,0.6050387428957698
358.0,0.0,0.0,0.5444812088160197,3.3506288248899647,8.793543022843828,108.89624176320393,3.0,0.0,8.526195723271222,0.21,0.0,False,0.005244173695238575,0.5444812088160197,0.26220979972372505,0.04252192476461086,4.252192476461086e-06,4.2521924764610866e-06,0.10889809394644777,0.0,0.23221378416623617,-5.442914197953863,-5.175566898381257,0.23221378416623617
359.0,0.0,0.0,0.5255511851792691,4.017107029927054,8.654927641711454,105.11023703585383,3.0,0.0,8.563342890828906,0.14,0.0,False,0.005483482429671753,0.5255511851792691,0.27417528732472424,0.04252192476461086,4.252192476461086e-06,4.2521924764610866e-06,0.1051120248240882,0.0,0.6664782050370892,-4.6378206117844005,-4.546235860901852,0.6664782050370892
360.0,0.0,0.0,0.46198238494589033,3.6362578898272977,8.687184728719322,92.39647698917807,3.0,0.0,8.60625241392243,0.11,0.0,False,0.005362590552383886,0.46198238494589033,0.26813066775755423,0.04252192476461086,4.252192476461086e-06,4.2521924764610866e-06,0.0923980485329127,0.0,-0.38084914009975623,-5.050926838892024,-4.969994524095132,0.38084914009975623
361.0,0.0,0.0,0.5044642064692176,4.0593743934092235,8.737058258351489,100.89284129384352,3.0,0.0,8.637029101287029,0.16,0.0,False,0.0051937067363975265,0.5044642064692176,0.2596864410519118,0.04252192476461086,4.252192476461086e-06,4.2521924764610866e-06,0.10089455734966915,0.0,0.42311650358192576,-4.677683864942265,-4.577654707877805,0.42311650358192576
362.0,0.0,0.0,0.4628702717736997,4.825403042907047,8.707819893074236,92.57405435473994,3.0,0.0,8.681007208464639,-0.07,0.0,False,0.00531689706800892,0.4628702717736997,0.2658459838239316,0.04252192476461086,4.252192476461086e-06,4.2521924764610866e-06,0.09257562891883428,0.0,0.7660286494978239,-3.8824168501671883,-3.8556041655575912,0.7660286494978239
363.0,0.0,0.0,0.39591764245001393,5.311529393394516,8.913195365498284,79.18352849000279,3.0,0.0,8.688175521820575,0.2,0.0,False,0.005187164282179698,0.39591764245001393,0.25935931695003167,0.04252192476461086,4.252192476461086e-06,4.2521924764610866e-06,0.07918487529869225,0.0,0.4861263504874689,-3.601665972103768,-3.376646128426059,0.4861263504874689
364.0,0.0,0.0,0.35498551308496606,5.336546599072524,8.970748566622142,70.99710261699322,3.0,0.0,8.78466364330821,0.22,0.0,False,0.005288958095003709,0.35498551308496606,0.26444902923357644,0.04252192476461086,4.252192476461086e-06,4.2521924764610866e-06,0.07099831018524073,0.0,0.025017205678008025,-3.6342019675496173,-3.448117044235686,0.025017205678008025
365.0,0.0,0.0,0.35095929776600643,5.193644256413658,8.808439814441646,70.19185955320128,3.0,0.0,8.861459997580573,-0.03,0.0,False,0.005169577440544949,0.35095929776600643,0.2584799711291623,0.04252192476461086,4.252192476461086e-06,4.2521924764610866e-06,0.07019305342531305,0.0,-0.14290234265886603,-3.6147955580279882,-3.6678157411669146,0.14290234265886603
366.0,0.0,0.0,0.36500883554146235,5.620379081343261,8.745615648792347,73.00176710829247,3.0,0.0,8.84621419405686,-0.06,0.0,False,0.005473806924910747,0.36500883554146235,0.27369151002956854,0.04252192476461086,4.252192476461086e-06,4.2521924764610866e-06,0.07300300877327207,0.0,0.4267348249296026,-3.125236567449086,-3.2258351127135985,0.4267348249296026
367.0,0.0,0.0,0.32221328916823394,4.983058198031678,8.830512153709734,64.44265783364679,3.0,0.0,8.843810216219493,0.16,0.0,False,0.004857662472884345,0.32221328916823394,0.24288415643000813,0.04252192476461086,4.252192476461086e-06,4.2521924764610866e-06,0.06444375391932518,0.0,-0.6373208833115829,-3.8474539556780556,-3.8607520181878154,0.6373208833115829
368.0,0.0,0.0,0.3886163466526375,5.744595428667468,8.958496821297338,77.7232693305275,3.0,0.0,8.842580478671797,0.11,0.0,False,0.005027700268682354,0.3886163466526375,0.25138608237158044,0.04252192476461086,4.252192476461086e-06,4.2521924764610866e-06,0.07772459130211053,0.0,0.7615372306357902,-3.21390139262987,-3.097985050004329,0.7615372306357902
369.0,0.0,0.0,0.31503568932965287,6.350913503126504,8.951778879185236,63.007137865930574,3.0,0.0,8.869304288133321,0.05,0.0,False,0.005070491519110037,0.31503568932965287,0.25352565399079624,0.04252192476461086,4.252192476461086e-06,4.2521924764610866e-06,0.06300820953528397,0.0,0.6063180744590362,-2.6008653760587315,-2.518390785006817,0.6063180744590362
370.0,0.0,0.0,0.2607729589697327,6.454898643573654,9.00570372444311,52.15459179394654,3.0,0.0,8.895019301583392,0.02,0.0,False,0.005182376726848024,0.2607729589697327,0.2591199381655676,0.04252192476461086,4.252192476461086e-06,4.2521924764610866e-06,0.0521554788756258,0.0,0.10398514044714968,-2.5508050808694565,-2.4401206580097385,0.10398514044714968
371.0,0.0,0.0,0.25489720146453015,6.123735778123517,9.072939468691676,50.979440292906034,3.0,0.0,8.958698535664539,-0.07,0.0,False,0.00560481585680103,0.25489720146453015,0.28024198447784243,0.04252192476461086,4.252192476461086e-06,4.2521924764610866e-06,0.05098030738678881,0.0,-0.3311628654501373,-2.949203690568159,-2.834962757541022,0.3311628654501373
372.0,0.0,0.0,0.28851740546177573,6.536121890145696,9.103277075003131,57.70348109235515,3.0,0.0,9.00392485181707,0.06,0.0,False,0.005557314244196027,0.28851740546177573,0.2778668937482922,0.04252192476461086,4.252192476461086e-06,4.2521924764610866e-06,0.0577044625534144,0.0,0.4123861120221797,-2.5671551848574348,-2.4678029616713735,0.4123861120221797
373.0,0.0,0.0,0.2511994179822136,6.451311544358745,8.942477511148224,50.23988359644272,3.0,0.0,9.008971174318312,-0.12,0.0,False,0.005488020870996326,0.2511994179822136,0.27440221035586915,0.04252192476461086,4.252192476461086e-06,4.2521924764610866e-06,0.0502407381114293,0.0,-0.08481034578695112,-2.491165966789479,-2.5576596299595664,0.08481034578695112
374.0,0.0,0.0,0.254636081749258,7.6489122396588485,8.854013145501067,50.9272163498516,3.0,0.0,9.048169477381592,0.16,0.0,False,0.005417642579367405,0.254636081749258,0.27088328081132096,0.04252192476461086,4.252192476461086e-06,4.2521924764610866e-06,0.05092808255547312,0.0,1.1976006953001033,-1.2051009058422189,-1.3992572377227432,1.1976006953001033
375.0,0.0,0.0,0.13530080014353443,7.335964117103753,8.911790600418417,27.06016002870689,3.0,0.0,8.997726499932874,-0.15,0.0,False,0.00567682005047951,0.13530080014353443,0.28384220947055094,0.04252192476461086,4.252192476461086e-06,4.2521924764610866e-06,0.027060620286785304,0.0,-0.3129481225550954,-1.575826483314664,-1.6617623828291208,0.3129481225550954
376.0,0.0,0.0,0.1708768125581851,7.213415273944935,8.997739969593422,34.17536251163702,3.0,0.0,9.001949007346413,0.06,0.0,False,0.005256337221440077,0.1708768125581851,0.2628179786198831,0.04252192476461086,4.252192476461086e-06,4.2521924764610866e-06,0.03417594379004269,0.0,-0.12254884315881842,-1.784324695648487,-1.7885337334014784,0.12254884315881842
377.0,0.0,0.0,0.18776965257365824,7.299143666077612,9.102684418435185,37.55393051473165,3.0,0.0,9.044768572740441,0.12,0.0,False,0.00489187689620327,0.18776965257365824,0.24459488487027017,0.04252192476461086,4.252192476461086e-06,4.2521924764610866e-06,0.03755456925817874,0.0,0.08572839213267702,-1.8035407523575735,-1.7456249066628295,0.08572839213267702
378.0,0.0,0.0,0.17637435494171322,7.787987077933184,9.030138885280179,35.27487098834264,3.0,0.0,9.091151721316715,-0.16,0.0,False,0.005382181537501308,0.17637435494171322,0.26911022117865735,0.04252192476461086,4.252192476461086e-06,4.2521924764610866e-06,0.035275470967955476,0.0,0.488843411855572,-1.2421518073469953,-1.303164643383531,0.488843411855572
379.0,0.0,0.0,0.13419848559905587,7.980179072389568,9.160317474842797,26.839697119811174,3.0,0.0,9.062924714379998,0.12,0.0,False,0.005518393942183368,0.13419848559905584,0.2759208703728285,0.04252192476461086,4.252192476461086e-06,4.2521924764610866e-06,0.02684015362810264,0.0,0.19219199445638413,-1.1801384024532293,-1.0827456419904298,0.19219199445638413
380.0,0.0,0.0,0.12119623920785536,7.750686767822622,9.202995528901948,24.23924784157107,3.0,0.0,9.130000465813282,0.12,0.0,False,0.00531980951721939,0.12119623920785536,0.26599160690366974,0.04252192476461086,4.252192476461086e-06,4.2521924764610866e-06,0.024239660119607192,0.0,-0.22949230456694547,-1.4523087610793253,-1.3793136979906597,0.22949230456694547
381.0,0.0,0.0,0.14704250455866533,6.935634590089788,9.30387571549728,29.408500911733064,3.0,0.0,9.192167231954947,0.07,0.0,False,0.005206352300955266,0.14704250455866533,0.2603187219683675,0.04252192476461086,4.252192476461086e-06,4.2521924764610866e-06,0.029409001112031374,0.0,-0.8150521777328343,-2.3682411254074927,-2.2565326418651592,0.8150521777328343
382.0,0.0,0.0,0.2317171203806347,7.270523437502193,9.285480401529016,46.34342407612694,3.0,0.0,9.221143076060853,0.09,0.0,False,0.005252720880463697,0.2317171203806347,0.2626371608021953,0.04252192476461086,4.252192476461086e-06,4.2521924764610866e-06,0.046344212317411905,0.0,0.33488884741240543,-2.0149569640268226,-1.9506196385586598,0.33488884741240543
383.0,0.0,0.0,0.19736979955658074,6.8152840852662955,9.324476405890701,39.47395991131615,3.0,0.0,9.25285505918593,0.04,0.0,False,0.005074049352060111,0.19736979955658074,0.25370354639472953,0.04252192476461086,4.252192476461086e-06,4.2521924764610866e-06,0.0394746313119626,0.0,-0.45523935223589795,-2.509192320624406,-2.437570973919634,0.45523935223589795
384.0,0.0,0.0,0.2501394948275103,6.33991889277087,9.324088787622555,50.02789896550206,3.0,0.0,9.244263395786838,0.03,0.0,False,0.005103289842416969,0.2501394948275103,0.25516557712938215,0.04252192476461086,4.252192476461086e-06,4.2521924764610866e-06,0.050028749874906166,0.0,-0.47536519249542586,-2.9841698948516857,-2.9043445030159685,0.47536519249542586
385.0,0.0,0.0,0.29839190816343153,7.244328905958781,9.353807664138325,59.6783816326863,3.0,0.0,9.316732215605294,-0.13,0.0,False,0.005517212086021243,0.29839190816343153,0.2758617773134483,0.04252192476461086,4.252192476461086e-06,4.2521924764610866e-06,0.059679396684231605,0.0,0.9044100131879116,-2.1094787581795433,-2.0724033096465124,0.9044100131879116
386.0,0.0,0.0,0.21336283102530362,7.141845607475867,9.453849984337676,42.672566205060726,3.0,0.0,9.323901415396529,0.21,0.0,False,0.0050266068389440074,0.21336283102530362,0.25133141065218945,0.04252192476461086,4.252192476461086e-06,4.2521924764610866e-06,0.0426732920098343,0.0,-0.10248329848291426,-2.3120043768618093,-2.182055807920662,0.10248329848291426
387.0,0.0,0.0,0.2253648110372488,7.261530378710562,9.621221347541026,45.07296220744976,3.0,0.0,9.378002579203057,0.09,0.0,False,0.005058536649062497,0.2253648110372488,0.25292790794669884,0.04252192476461086,4.252192476461086e-06,4.2521924764610866e-06,0.045073728839833016,0.0,0.11968477123469512,-2.3596909688304635,-2.1164722004924954,0.11968477123469512
388.0,0.0,0.0,0.2208521212434871,7.267673187409872,9.737461052828866,44.17042424869742,3.0,0.0,9.39554163257605,0.3,0.0,False,0.005035177242303315,0.2208521212434871,0.25175993264230506,0.04252192476461086,4.252192476461086e-06,4.2521924764610866e-06,0.044171175530085476,0.0,0.006142808699309832,-2.4697878654189944,-2.127868445166178,0.006142808699309832
389.0,0.0,0.0,0.2266539820023069,7.652041611391204,9.75020157858292,45.33079640046138,3.0,0.0,9.47009854643185,0.17,0.0,False,0.005191304406197039,0.22665398200230688,0.25956632403112884,0.04252192476461086,4.252192476461086e-06,4.2521924764610866e-06,0.045331567418268444,0.0,0.3843684239813321,-2.098159967191717,-1.8180569350406453,0.3843684239813321
390.0,0.0,0.0,0.19721490469519318,7.672963228430252,9.820189696871648,39.442980939038634,3.0,0.0,9.534261196250789,0.2,0.0,False,0.005217967748072777,0.19721490469519318,0.26089949679379887,0.04252192476461086,4.252192476461086e-06,4.2521924764610866e-06,0.0394436518127731,0.0,0.020921617039047824,-2.1472264684413958,-1.861297967820537,0.020921617039047824
391.0,0.0,0.0,0.20072108953484566,7.4132361974075955,9.851176662614625,40.14421790696913,3.0,0.0,9.624232588129832,0.17,0.0,False,0.00548595159202861,0.20072108953484563,0.2742987459675348,0.04252192476461086,4.252192476461086e-06,4.2521924764610866e-06,0.040144900707831124,0.0,-0.25972703102265626,-2.4379404652070296,-2.2109963907222365,0.25972703102265626
392.0,0.0,0.0,0.23146713920065326,6.52470913217894,9.757342519805558,46.293427840130654,3.0,0.0,9.680216799014046,0.04,0.0,False,0.005501292716346404,0.23146713920065332,0.27506580544509507,0.04252192476461086,4.252192476461086e-06,4.2521924764610866e-06,0.046294215231044766,0.0,-0.8885270652286552,-3.232633387626618,-3.1555076668351054,0.8885270652286552
393.0,0.0,0.0,0.32224841118831116,6.423955962872756,9.77703046917336,64.44968223766223,3.0,0.0,9.727956801555518,0.09,0.0,False,0.0052295235177861965,0.3222484111883111,0.26147728773633766,0.04252192476461086,4.252192476461086e-06,4.2521924764610866e-06,0.06445077844281659,0.0,-0.10075316930618428,-3.3530745063006036,-3.3040008386827617,0.10075316930618428
394.0,0.0,0.0,0.33335915715982695,7.626807037001708,9.816021818242419,66.67183143196539,3.0,0.0,9.74726175717553,-0.02,0.0,False,0.00525800782075455,0.33335915715982695,0.26290150894079223,0.04252192476461086,4.252192476461086e-06,4.2521924764610866e-06,0.06667296543298336,0.0,1.2028510741289518,-2.189214781240711,-2.1204547201738215,1.2028510741289518
395.0,0.0,0.0,0.21717949550647617,7.1824880320569156,9.862503405764965,43.435899101295234,3.0,0.0,9.757618409836024,0.06,0.0,False,0.005260313463332048,0.21717949550647617,0.263016791559869,0.04252192476461086,4.252192476461086e-06,4.2521924764610866e-06,0.04343663788936719,0.0,-0.44431900494479226,-2.6800153737080494,-2.575130377779108,0.44431900494479226
396.0,0.0,0.0,0.26150543605475374,7.032580387495145,9.741694989819992,52.30108721095075,3.0,0.0,9.798648166517308,-0.04,0.0,False,0.0054315904931248726,0.2615054360547537,0.2715806794646551,0.04252192476461086,4.252192476461086e-06,4.2521924764610866e-06,0.052301976784326264,0.0,-0.14990764456177086,-2.7091146023248474,-2.7660677790221637,0.14990764456177086
397.0,0.0,0.0,0.2803991916495627,7.160330121079325,9.786152894551199,56.07983832991253,3.0,0.0,9.797597991176838,0.05,0.0,False,0.005110170689680288,0.2803991916495627,0.25550962095548235,0.04252192476461086,4.252192476461086e-06,4.2521924764610866e-06,0.056080792174923066,0.0,0.12774973358418062,-2.6258227734718735,-2.6372678700975127,0.12774973358418062
398.0,0.0,0.0,0.2678574872647762,7.780907964772035,9.850125669810163,53.57149745295524,3.0,0.0,9.836631919557426,-0.04,0.0,False,0.005119917212501432,0.2678574872647762,0.2559969491687441,0.04252192476461086,4.252192476461086e-06,4.2521924764610866e-06,0.05357240863435436,0.0,0.6205778436927094,-2.0692177050381284,-2.0557239547853916,0.6205778436927094
399.0,0.0,0.0,0.20892415979531034,8.339428798613575,9.674677305557493,41.78483195906207,3.0,0.0,9.838961942806689,-0.03,0.0,False,0.004747612412048194,0.20892415979531032,0.23738162999049867,0.04252192476461086,4.252192476461086e-06,4.2521924764610866e-06,0.04178554266463232,0.0,0.5585208338415404,-1.335248506943918,-1.499533144193114,0.5585208338415404
