t,mean_abs_delta_real,mean_abs_delta_planning,mean_action,price,v_true,total_demand,mean_k,xs_k_std,mean_belief,mean_correctness,mean_salience,regime_post,xs_action_std,xs_action_mean_abs,xs_belief_std,xs_sigma_mean,xs_rho_mean,xs_rho_max,mean_myopic_term,mean_hedging_term,ret,mispricing_true,mispricing_belief,vol_proxy
0.0,0.0,0.0,-0.007084155234623723,-0.8682939765599645,-0.07100598478532534,-1.4168310469247447,3.0,0.0,0.0,-0.79,0.0,False,0.012446122026009167,0.011516526504041003,0.6223174827744786,0.18289189189189195,1.8289189189189194e-05,1.8289189189189194e-05,-0.0014169346957933558,0.0,0.0,-0.7972879917746392,-0.8682939765599645,0.0
1.0,0.0,0.0,0.06689043204191783,-0.8776198941818444,-0.12950250118491197,13.378086408383565,3.0,0.0,-0.07084803051900379,0.16,0.0,False,0.00962113383463841,0.06689043204191783,0.48106167065462335,0.10349970779853253,1.0349970779853254e-05,1.0349970779853254e-05,0.013378640253864944,0.0,-0.009325917621879842,-0.7481173929969325,-0.8067718636628406,0.009325917621879842
2.0,0.0,0.0,0.0661826655536421,-0.6053032602616476,-0.2028230732214978,13.23653311072842,3.0,0.0,-0.19935504043993235,0.19,0.0,False,0.008058128641660908,0.0661826655536421,0.4029094641431471,0.07525469588680311,7.525469588680311e-06,7.525469588680309e-06,0.013236931552239489,0.0,0.2723166339201968,-0.40248018704014976,-0.40594821982171525,0.2723166339201968
3.0,0.0,0.0,0.03190165034813021,-0.5823609058671569,-0.35995933873164787,6.380330069626042,3.0,0.0,-0.2157683358635779,0.09,0.0,False,0.007333731103056222,0.031901650348130216,0.3666888176485461,0.061701082387537146,6.170108238753715e-06,6.170108238753715e-06,0.0063804875379629596,0.0,0.02294235439449066,-0.22240156713550907,-0.36659257000357903,0.02294235439449066
4.0,0.0,0.0,0.026065115182347106,-1.140180174067544,-0.37014295155841914,5.213023036469421,3.0,0.0,-0.2862769149485633,0.24,0.0,False,0.006719754769209112,0.02606511518234711,0.3359895620622419,0.05427584335912398,5.427584335912399e-06,5.4275843359123984e-06,0.005213136212343852,0.0,-0.557819268200387,-0.7700372225091248,-0.8539032591189806,0.557819268200387
5.0,0.0,0.0,0.07829839784538638,-1.0290753523532266,-0.3962347840662331,15.659679569077277,3.0,0.0,-0.32170268051314205,0.07,0.0,False,0.00644531775641206,0.07829839784538638,0.3222674962904735,0.049911266793667725,4.991126679366772e-06,4.991126679366772e-06,0.015659992205294824,0.0,0.11110482171431735,-0.6328405682869935,-0.7073726718400846,0.11110482171431735
6.0,0.0,0.0,0.06817063821999585,-0.8493266696837924,-0.3156822733174499,13.634127643999168,3.0,0.0,-0.357176655752558,-0.02,0.0,False,0.0061456759798479985,0.06817063821999585,0.3072852505693889,0.04723896911451465,4.723896911451467e-06,4.723896911451466e-06,0.013634385267636042,0.0,0.1797486826694341,-0.5336443963663425,-0.4921500139312344,0.1797486826694341
7.0,0.0,0.0,0.04369870363610179,-1.187684137618048,-0.346095234908322,8.739740727220358,3.0,0.0,-0.3473528685999018,0.01,0.0,False,0.006039806434407159,0.04369870363610179,0.30199169764161454,0.04556176663690604,4.5561766636906065e-06,4.556176663690606e-06,0.008739900005705648,0.0,-0.3383574679342556,-0.8415889027097261,-0.8403312690181463,0.3383574679342556
8.0,0.0,0.0,0.07584370862744504,-1.1403521669022758,-0.3802375709339752,15.168741725489008,3.0,0.0,-0.41232967837208756,0.1,0.0,False,0.005837903424234828,0.07584370862744505,0.29189646993201646,0.044492694745204016,4.449269474520401e-06,4.449269474520402e-06,0.01516901168356599,0.0,0.04733197071577222,-0.7601145959683007,-0.7280224885301882,0.04733197071577222
9.0,0.0,0.0,0.07655893023423746,-1.026770800472638,-0.32196602542385655,15.311786046847493,3.0,0.0,-0.4292301788887163,0.07,0.0,False,0.005507428497671103,0.07655893023423746,0.27537263113480015,0.04380451768299382,4.380451768299385e-06,4.380451768299384e-06,0.015312054335833311,0.0,0.1135813664296379,-0.7048047750487814,-0.5975406215839216,0.1135813664296379
10.0,0.0,0.0,0.06509438752666422,-1.3314935723887038,-0.22833488194920454,13.018877505332844,3.0,0.0,-0.3747460964248358,0.05,0.0,False,0.005343392358684906,0.06509438752666422,0.2671707763474916,0.0433587192744284,4.335871927442841e-06,4.3358719274428405e-06,0.013019103297095847,0.0,-0.3047227719160659,-1.1031586904394992,-0.956747475963868,0.3047227719160659
11.0,0.0,0.0,0.0994107299477969,-0.4592709921895154,-0.16250577878940814,19.88214598955938,3.0,0.0,-0.37581281315962023,0.08,0.0,False,0.005494376891553506,0.09941072994779689,0.27472002775737886,0.04306874926707378,4.3068749267073785e-06,4.306874926707378e-06,0.01988248850774841,0.0,0.8722225801991884,-0.29676521340010725,-0.08345817902989516,0.8722225801991884
12.0,0.0,0.0,0.013551603953014484,-0.2314114639851224,-0.10403751908666474,2.7103207906028968,3.0,0.0,-0.3373648654317216,0.07,0.0,False,0.005314176050870367,0.013551603953014486,0.26570994189318975,0.042879635920764284,4.287963592076431e-06,4.28796359207643e-06,0.002710367277431052,0.0,0.22785952820439298,-0.12737394489845766,0.1059534014465992,0.22785952820439298
13.0,0.0,0.0,-0.008937796942748375,-0.5266573839174632,-0.1164986887250645,-1.787559388549675,3.0,0.0,-0.3237520472201525,0.0,0.0,False,0.004995478839485742,0.009071680324604791,0.2497750099098913,0.04275608559413131,4.2756085594131314e-06,4.275608559413132e-06,-0.0017875899600358514,0.0,-0.2952459199323408,-0.41015869519239867,-0.2029053366973107,0.2952459199323408
14.0,0.0,0.0,0.01790835852624158,-0.30001126721091753,-0.19343438093879484,3.5816717052483162,3.0,0.0,-0.3207913441386616,-0.09,0.0,False,0.005123985065485896,0.017908358526241577,0.2562003466117067,0.042675277071923805,4.26752770719238e-06,4.267527707192379e-06,0.0035817328445203627,0.0,0.22664611670654566,-0.1065768862721227,0.020780076927744084,0.22664611670654566
15.0,0.0,0.0,-0.0026486867513207026,-0.16825000214491634,0.0749813635312182,-0.5297373502641405,3.0,0.0,-0.3475699774342374,0.13,0.0,False,0.004996074012600522,0.00450816535909768,0.24980476535297244,0.04262238484319971,4.2622384843199725e-06,4.262238484319972e-06,-0.0005297463816933297,0.0,0.1317612650660012,-0.24323136567613454,0.17931997528932106,0.1317612650660012
16.0,0.0,0.0,-0.012220281300865998,0.30803909568239995,0.06468722586598806,-2.4440562601731997,3.0,0.0,-0.3264986991908547,0.11,0.0,False,0.00550293114307853,0.012269581133080368,0.27514772894115336,0.04258774810914817,4.2587748109148164e-06,4.258774810914817e-06,-0.002444097894736835,0.0,0.4762890978273163,0.24335186981641188,0.6345377948732547,0.4762890978273163
17.0,0.0,0.0,-0.05722291545412383,0.5058631330998794,0.05085954397696023,-11.444583090824766,3.0,0.0,-0.29045541732488556,0.17,0.0,False,0.005336765172530058,0.05722291545412383,0.2668393944251219,0.042565058879555154,4.256505887955516e-06,4.256505887955516e-06,-0.011444777945736612,0.0,0.19782403741747945,0.45500358912291916,0.796318550424765,0.19782403741747945
18.0,0.0,0.0,-0.07582109907713803,0.127062754735706,0.0991015448611398,-15.164219815427607,3.0,0.0,-0.2642022373426663,0.02,0.0,False,0.005274028037766036,0.07582109907713803,0.26370252394285426,0.042550192925283656,4.255019292528367e-06,4.2550192925283665e-06,-0.015164477910520884,0.0,-0.3788003783641734,0.027961209874566198,0.3912649920783723,0.3788003783641734
19.0,0.0,0.0,-0.03370906638889369,-0.057737665028222585,-0.007287525953620783,-6.741813277778738,3.0,0.0,-0.25236398868346827,0.08,0.0,False,0.005434735354797075,0.033709066388893684,0.27173792372033123,0.0425404514451206,4.254045144512061e-06,4.254045144512061e-06,-0.006741927997202874,0.0,-0.18480041976392858,-0.0504501390746018,0.19462632365524568,0.18480041976392858
20.0,0.0,0.0,-0.011284980269312562,0.25700834053515836,-0.10340265224197581,-2.2569960538625122,3.0,0.0,-0.21003507914774083,0.09,0.0,False,0.00515522092517352,0.011284980269312558,0.25776214262124747,0.04253406740151187,4.253406740151185e-06,4.253406740151186e-06,-0.002257034453388095,0.0,0.31474600556338095,0.3604109927771342,0.4670434196828992,0.31474600556338095
21.0,0.0,0.0,-0.04655336715278144,-0.237196577560803,-0.15532784578851,-9.310673430556287,3.0,0.0,-0.17058986770190518,-0.01,0.0,False,0.005005365018054288,0.04655336715278144,0.25026931529066726,0.04252988339718566,4.252988339718564e-06,4.252988339718564e-06,-0.009310831822624783,0.0,-0.49420491809596134,-0.08186873177229301,-0.06660670985889783,0.49420491809596134
22.0,0.0,0.0,0.0024506571501535256,0.4332597903939006,-0.16545104066138833,0.49013143003070514,3.0,0.0,-0.20853523053903952,-0.07,0.0,False,0.005102000382266434,0.0046353122118579886,0.25510110398077396,0.042527141159834476,4.252714115983449e-06,4.252714115983449e-06,0.0004901397675506526,0.0,0.6704563679547036,0.5987108310552889,0.6417950209329402,0.6704563679547036
23.0,0.0,0.0,-0.06392144554524887,-0.29709057040174547,-0.24232347781868913,-12.784289109049773,3.0,0.0,-0.21268948496205498,-0.02,0.0,False,0.005010410862028366,0.06392144554524887,0.2505216084486414,0.04252534382553204,4.252534382553201e-06,4.252534382553203e-06,-0.012784506570640983,0.0,-0.7303503607956461,-0.05476709258305634,-0.08440108543969049,0.7303503607956461
24.0,0.0,0.0,0.003927606858585824,0.272676688037292,-0.37691766802022664,0.7855213717171649,3.0,0.0,-0.20596825646583636,0.14,0.0,False,0.004728340695664005,0.005063148346390932,0.23641804012691842,0.04252416578609152,4.252416578609152e-06,4.252416578609151e-06,0.000785534733116762,0.0,0.5697672584390374,0.6495943560575186,0.47864494450312833,0.5697672584390374
25.0,0.0,0.0,-0.05825085177438024,-0.5318575133042669,-0.46180487529252184,-11.650170354876048,3.0,0.0,-0.2578136667248613,0.18,0.0,False,0.00458060213632165,0.05825085177438023,0.2290310807298214,0.042523393647102156,4.252339364710216e-06,4.252339364710216e-06,-0.011650368515945414,0.0,-0.8045342013415588,-0.07005263801174505,-0.2740438465794056,0.8045342013415588
26.0,0.0,0.0,0.019585546230518263,-0.7172616371101264,-0.3720494451468068,3.9171092461036525,3.0,0.0,-0.3098442148260113,-0.07,0.0,False,0.004663050295139404,0.019585546230518263,0.2331535061887869,0.042522887549586885,4.252288754958689e-06,4.252288754958688e-06,0.003917175872538733,0.0,-0.18540412380585947,-0.34521219196331954,-0.40741742228411504,0.18540412380585947
27.0,0.0,0.0,0.03918845254126402,-0.5683940333680694,-0.25502582554617276,7.837690508252804,3.0,0.0,-0.3359978868291845,-0.11,0.0,False,0.004763650150738309,0.03918845254126402,0.23818352034981283,0.04252255582707921,4.252255582707923e-06,4.252255582707922e-06,0.007837823819138808,0.0,0.148867603742057,-0.3133682078218966,-0.23239614653888485,0.148867603742057
28.0,0.0,0.0,0.021298664098191034,0.014741591504521034,-0.3126336392088813,4.259732819638207,3.0,0.0,-0.3253687797316814,-0.02,0.0,False,0.004736360758917615,0.021298664098191037,0.2368190449515556,0.04252233839831703,4.252233839831701e-06,4.252233839831702e-06,0.004259805272850297,0.0,0.5831356248725904,0.32737523071340235,0.3401103712362024,0.5831356248725904
29.0,0.0,0.0,-0.037104414145441425,-0.4150715552252581,-0.4195134562191483,-7.420882829088285,3.0,0.0,-0.3554028640411479,-0.05,0.0,False,0.005046479936841233,0.037104414145441425,0.25232506977910363,0.04252219588353538,4.252219588353537e-06,4.252219588353538e-06,-0.007421009049444887,0.0,-0.42981314672977916,0.004441900993890191,-0.05966869118411022,0.42981314672977916
30.0,0.0,0.0,0.0030731506777239,0.5761536254775784,-0.3692144164537539,0.6146301355447801,3.0,0.0,-0.3563104387557256,-0.09,0.0,False,0.004949285282153401,0.00469973444586287,0.2474653163777497,0.042522102471379226,4.2522102471379225e-06,4.2522102471379225e-06,0.0006146405896465694,0.0,0.9912251807028365,0.9453680419313324,0.932464064233304,0.9912251807028365
31.0,0.0,0.0,-0.09759799634197522,0.703244345635051,-0.48640101118918155,-19.519599268395044,3.0,0.0,-0.38433939506387893,0.03,0.0,False,0.00469157746053119,0.0975979963419752,0.2345798705038109,0.042522041243776856,4.252204124377685e-06,4.252204124377686e-06,-0.019519931272265346,0.0,0.12709072015747258,1.1896453568242324,1.08758374069893,0.12709072015747258
32.0,0.0,0.0,-0.11321891041383088,1.24682079728542,-0.467673421795864,-22.643782082766176,3.0,0.0,-0.399847088272302,0.02,0.0,False,0.005046433859022243,0.11321891041383089,0.252322765873443,0.04252200111172609,4.252200111172611e-06,4.25220011117261e-06,-0.022644167224699245,0.0,0.5435764516503689,1.714494219081284,1.646667885557722,0.5435764516503689
33.0,0.0,0.0,-0.17317078291186305,0.2567541831103488,-0.5865004557496798,-34.63415658237261,3.0,0.0,-0.4289688299764309,0.09,0.0,False,0.0052150506602390255,0.17317078291186305,0.26075364178321525,0.04252197480688926,4.2521974806889265e-06,4.252197480688927e-06,-0.034634745664961185,0.0,-0.9900666141750711,0.8432546388600286,0.6857230130867797,0.9900666141750711
34.0,0.0,0.0,-0.07830760296852231,0.10460486330483779,-0.6667084549584845,-15.661520593704463,3.0,0.0,-0.48492384965155266,0.12,0.0,False,0.0051003650959402244,0.07830760296852231,0.25501933918455216,0.042521957565193544,4.2521957565193565e-06,4.252195756519356e-06,-0.015661786975977386,0.0,-0.15214931980551102,0.7713133182633223,0.5895287129563904,0.15214931980551102
35.0,0.0,0.0,-0.0705450290852202,-0.4617010005483504,-0.6931731197254011,-14.109005817044041,3.0,0.0,-0.5263384955377266,0.21,0.0,False,0.0052181551164142675,0.0705450290852202,0.26090886525127066,0.04252194626399751,4.252194626399752e-06,4.252194626399751e-06,-0.014109245792978488,0.0,-0.5663058638531882,0.23147211917705068,0.06463749498937621,0.5663058638531882
36.0,0.0,0.0,-0.018398680196210663,-1.1437150121172666,-0.6311163324945483,-3.6797360392421323,3.0,0.0,-0.6008604261070437,0.05,0.0,False,0.005080278075656761,0.018398680196210663,0.25401498389920657,0.04252193885654483,4.2521938856544815e-06,4.252193885654482e-06,-0.003679798626780344,0.0,-0.6820140115689162,-0.5125986796227182,-0.5428545860102229,0.6820140115689162
37.0,0.0,0.0,0.04838920346954152,-1.2926267832276632,-0.5788155685027493,9.677840693908305,3.0,0.0,-0.6456917142482287,0.03,0.0,False,0.005176313154371021,0.04838920346954152,0.2588167582527826,0.04252193400127473,4.2521934001274746e-06,4.252193400127474e-06,0.00967800530140966,0.0,-0.14891177111039666,-0.7138112147249139,-0.6469350689794345,0.14891177111039666
38.0,0.0,0.0,0.06165577931040539,-0.9647988690521566,-0.5649628372350165,12.331155862081078,3.0,0.0,-0.6598126894092702,-0.04,0.0,False,0.004998352414267533,0.06165577931040539,0.24991868341135445,0.042521930818851625,4.2521930818851625e-06,4.2521930818851625e-06,0.012331365599011821,0.0,0.3278279141755066,-0.3998360318171401,-0.30498617964288643,0.3278279141755066
39.0,0.0,0.0,0.029798444212506787,-0.7048921576062748,-0.5655001196537929,5.959688842501357,3.0,0.0,-0.6760558815096976,0.06,0.0,False,0.00518206952287703,0.029798444212506787,0.2591045779018062,0.04252192873290852,4.252192873290852e-06,4.252192873290853e-06,0.005959790209056019,0.0,0.25990671144588184,-0.1393920379524819,-0.02883627609657713,0.25990671144588184
40.0,0.0,0.0,0.0035555639744498063,-0.7313285388435116,-0.6323023903406517,0.7111127948899613,3.0,0.0,-0.666808091490483,-0.1,0.0,False,0.005334274151935402,0.00518524339199292,0.26671484171486026,0.04252192736566145,4.2521927365661454e-06,4.252192736566145e-06,0.0007111248899931754,0.0,-0.026436381237236795,-0.09902614850285985,-0.06452044735302853,0.026436381237236795
41.0,0.0,0.0,0.008782232043715487,-0.2041577060998142,-0.5868377106787759,1.7564464087430973,3.0,0.0,-0.6693357619146114,0.05,0.0,False,0.00527243024876246,0.009142847209031787,0.26362263340757974,0.04252192646948904,4.252192646948904e-06,4.252192646948905e-06,0.0017564762836100787,0.0,0.5271708327436974,0.3826800045789617,0.4651780558147972,0.5271708327436974
42.0,0.0,0.0,-0.04491488890134992,-1.3007234718525582,-0.6334843292083095,-8.982977780269984,3.0,0.0,-0.6435043512192307,-0.07,0.0,False,0.005255611758637119,0.04491488890134992,0.26278170532552425,0.04252192588208612,4.252192588208611e-06,4.252192588208612e-06,-0.008983130569026452,0.0,-1.096565765752744,-0.6672391426442487,-0.6572191206333275,1.096565765752744
43.0,0.0,0.0,0.05999078198887876,-0.9041365853884953,-0.7455555709576713,11.998156397775752,3.0,0.0,-0.653316144451198,0.06,0.0,False,0.005400029270520242,0.05999078198887876,0.27000261162422373,0.042521925497068444,4.252192549706844e-06,4.252192549706844e-06,0.011998360470792968,0.0,0.3965868864640629,-0.15858101443082395,-0.2508204409372973,0.3965868864640629
44.0,0.0,0.0,0.014883399819195864,-0.2398552063893329,-0.7782365714357821,2.9766799638391728,3.0,0.0,-0.7008028973459597,-0.02,0.0,False,0.0053257316710111505,0.014883399819195864,0.2662877158523775,0.042521925244705674,4.2521925244705684e-06,4.252192524470569e-06,0.002976730593289046,0.0,0.6642813789991624,0.5383813650464492,0.4609476909566268,0.6642813789991624
45.0,0.0,0.0,-0.049445681769825424,-0.09483091619334183,-0.611324152473566,-9.889136353965085,3.0,0.0,-0.7552994228424642,0.07,0.0,False,0.00539859943230317,0.049445681769825424,0.26993111940936143,0.04252192507929264,4.252192507929263e-06,4.2521925079292635e-06,-0.00988930455529591,0.0,0.14502429019599106,0.5164932362802241,0.6604685066491224,0.14502429019599106
46.0,0.0,0.0,-0.06564670551232417,-0.763886504256194,-0.6232840605312742,-13.129341102464833,3.0,0.0,-0.7343225367154652,-0.13,0.0,False,0.005345457629339868,0.06564670551232417,0.2672740179627346,0.042521924970871386,4.252192497087138e-06,4.252192497087139e-06,-0.013129564415458159,0.0,-0.6690555880628521,-0.1406024437249198,-0.029563967540728764,0.6690555880628521
47.0,0.0,0.0,0.0004988690566702892,-0.32055315154496083,-0.6447381772290006,0.09977381133405784,3.0,0.0,-0.7513119284380145,0.02,0.0,False,0.005503754494117984,0.0042950254450137395,0.2751888948570755,0.04252192489980588,4.252192489980587e-06,4.252192489980588e-06,9.977550835664676e-05,0.0,0.44333335271123314,0.3241850256840398,0.4307587768930537,0.44333335271123314
48.0,0.0,0.0,-0.042067139149250386,-0.07374943326901362,-0.6914049204975452,-8.413427829850077,3.0,0.0,-0.7588977076251282,0.0,0.0,False,0.005210720902263767,0.04206713914925039,0.2605371529626015,0.04252192485322546,4.252192485322546e-06,4.252192485322545e-06,-0.008413570931299953,0.0,0.24680371827594721,0.6176554872285316,0.6851482743561146,0.24680371827594721
49.0,0.0,0.0,-0.06842155320362538,-0.5239831315482031,-0.7207642445259825,-13.684310640725075,3.0,0.0,-0.7412334869161128,0.06,0.0,False,0.005159763996644856,0.06842155320362538,0.25798929684772665,0.04252192482269396,4.252192482269395e-06,4.252192482269396e-06,-0.01368454339302669,0.0,-0.45023369827918946,0.19678111297777945,0.2172503553679097,0.45023369827918946
50.0,0.0,0.0,-0.02550465370369797,-0.03496106705417834,-0.78503848343003,-5.100930740739594,3.0,0.0,-0.757979512385975,-0.03,0.0,False,0.0051989265516627714,0.025504653703697974,0.25994743292495803,0.04252192480268187,4.252192480268186e-06,4.252192480268186e-06,-0.005101017500928026,0.0,0.48902206449402474,0.7500774163758517,0.7230184453317967,0.48902206449402474
51.0,0.0,0.0,-0.07316485044744256,0.48840555492611726,-0.7828793657669405,-14.632970089488513,3.0,0.0,-0.7790350911200172,-0.12,0.0,False,0.005225062578003901,0.07316485044744256,0.26125423979878487,0.04252192478956478,4.252192478956478e-06,4.252192478956478e-06,-0.014633218977251627,0.0,0.5233666219802956,1.2712849206930579,1.2674406460461345,0.5233666219802956
52.0,0.0,0.0,-0.12664260654649856,0.2531353776647841,-0.880800201028018,-25.32852130929971,3.0,0.0,-0.7666251270799437,-0.04,0.0,False,0.005257060385644729,0.12664260654649856,0.26285413698386784,0.0425219247809671,4.252192478096709e-06,4.25219247809671e-06,-0.02532895211445901,0.0,-0.23527017726133315,1.1339355786928023,1.0197605047447278,0.23527017726133315
53.0,0.0,0.0,-0.11071425134886129,1.0634257144225654,-1.139640741083098,-22.142850269772257,3.0,0.0,-0.778047435975816,0.27,0.0,False,0.004969768349671757,0.11071425134886127,0.24848947410416738,0.04252192477533167,4.252192477533166e-06,4.252192477533167e-06,-0.02214322689081617,0.0,0.8102903367577813,2.203066455505663,1.8414731503983814,0.8102903367577813
54.0,0.0,0.0,-0.19833733101675052,1.0342256424214928,-1.1903780438185505,-39.6674662033501,3.0,0.0,-0.8540306747391649,0.27,0.0,False,0.005101958837026485,0.19833733101675052,0.25509902657687344,0.0425219247716379,4.25219247716379e-06,4.252192477163789e-06,-0.03966814089528668,0.0,-0.029200072001072552,2.2246036862400436,1.888256317160658,0.029200072001072552
55.0,0.0,0.0,-0.20194525052846968,0.9171792949255877,-1.2756048389512247,-40.38905010569393,3.0,0.0,-0.9199897641702836,0.28,0.0,False,0.005402387370807591,0.20194525052846968,0.2701205171399263,0.04252192476921678,4.252192476921676e-06,4.252192476921677e-06,-0.04038973707083286,0.0,-0.11704634749590515,2.1927841338768124,1.8371690590958711,0.11704634749590515
56.0,0.0,0.0,-0.19796966679084732,-0.38560098765796647,-1.3474814547590885,-39.593933358169465,3.0,0.0,-0.9852697983669565,0.31,0.0,False,0.005142379425024029,0.19796966679084732,0.2571200645705566,0.04252192476762984,4.2521924767629835e-06,4.252192476762984e-06,-0.03959460679940805,0.0,-1.3027802825835542,0.9618804671011221,0.59966881070899,1.3027802825835542
57.0,0.0,0.0,-0.07532705225227017,-0.3729313486224714,-1.3674687538079116,-15.065410450454035,3.0,0.0,-1.0625594632392725,0.29,0.0,False,0.004796344947702795,0.07532705225227017,0.23981826713423476,0.042521924766589676,4.252192476658967e-06,4.252192476658967e-06,-0.01506566669346434,0.0,0.012669639035495062,0.9945374051854401,0.6896281146168011,0.012669639035495062
58.0,0.0,0.0,-0.0801517729179002,-0.5028821640690062,-1.3345072547651762,-16.03035458358004,3.0,0.0,-1.1388875254369117,0.09,0.0,False,0.004547067632943865,0.08015177291790017,0.22735434839753216,0.04252192476590788,4.252192476590789e-06,4.2521924765907885e-06,-0.016030627239033285,0.0,-0.1299508154465348,0.83162509069617,0.6360053613679055,0.1299508154465348
59.0,0.0,0.0,-0.0752863583359887,-0.5078272912595431,-1.335706662832459,-15.05727166719774,3.0,0.0,-1.1744661188397627,0.13,0.0,False,0.004511716899763758,0.07528635833598869,0.22558680422262076,0.04252192476546101,4.252192476546101e-06,4.252192476546101e-06,-0.015057527771777941,0.0,-0.004945127190536858,0.8278793715729159,0.6666388275802196,0.004945127190536858
60.0,0.0,0.0,-0.07618251022494994,-0.19338203663693126,-1.316052682641935,-15.236502044989988,3.0,0.0,-1.2557617540332187,0.04,0.0,False,0.004601095121739604,0.07618251022494994,0.23005573432408324,0.04252192476516809,4.252192476516809e-06,4.2521924765168095e-06,-0.01523676119804548,0.0,0.3144452546226118,1.1226706460050038,1.0623797173962874,0.3144452546226118
61.0,0.0,0.0,-0.11068388608445609,-0.7424300814356112,-1.283161232955211,-22.13677721689122,3.0,0.0,-1.2696685906438836,-0.14,0.0,False,0.004774497388993403,0.1106838860844561,0.238725884553764,0.042521924764976085,4.25219247649761e-06,4.25219247649761e-06,-0.022137153734640348,0.0,-0.5490480447986799,0.5407311515195997,0.5272385092082724,0.5490480447986799
62.0,0.0,0.0,-0.05440239077346664,-0.10389826092511611,-1.2892231208183524,-10.880478154693328,3.0,0.0,-1.3002444299408764,-0.08,0.0,False,0.004951417052862053,0.05440239077346664,0.24757190536201965,0.04252192476485026,4.252192476485025e-06,4.252192476485025e-06,-0.01088066321745581,0.0,0.6385318205104951,1.1853248598932362,1.1963461690157602,0.6385318205104951
63.0,0.0,0.0,-0.1242674753820077,-0.42571970147024635,-1.3859930414297723,-24.85349507640154,3.0,0.0,-1.2864655556421152,-0.08,0.0,False,0.0055735175285150105,0.12426747538200772,0.2786770614092156,0.04252192476476777,4.252192476476778e-06,4.252192476476777e-06,-0.024853917801983157,0.0,-0.32182144054513023,0.960273339959526,0.8607458541718689,0.32182144054513023
64.0,0.0,0.0,-0.09417007914418896,-0.6898234711934629,-1.3738178343068181,-18.834015828837792,3.0,0.0,-1.3465994352063881,0.03,0.0,False,0.005540822979206746,0.09417007914418896,0.2770423269926266,0.04252192476471372,4.252192476471372e-06,4.25219247647137e-06,-0.018834336170917284,0.0,-0.26410376972321653,0.6839943631133553,0.6567759640129253,0.26410376972321653
65.0,0.0,0.0,-0.0718512733336999,-0.9220525473133445,-1.3041885546475083,-14.37025466673998,3.0,0.0,-1.3674405143772388,0.05,0.0,False,0.005277205728350264,0.0718512733336999,0.26386140840223793,0.04252192476467826,4.252192476467827e-06,4.252192476467827e-06,-0.014370499086055786,0.0,-0.23222907611988164,0.38213600733416375,0.4453879670638943,0.23222907611988164
66.0,0.0,0.0,-0.04702012743711634,-0.26653933562151766,-1.3816672252326794,-9.404025487423267,3.0,0.0,-1.408351480802657,0.06,0.0,False,0.005050072437626488,0.047020127437116324,0.2525046955753257,0.04252192476465504,4.252192476465504e-06,4.252192476465505e-06,-0.009404185437648838,0.0,0.6555132116918269,1.1151278896111618,1.1418121451811394,0.6555132116918269
67.0,0.0,0.0,-0.11533709396708497,0.19949007048635142,-1.549747516804146,-23.067418793416994,3.0,0.0,-1.3922638186161145,0.05,0.0,False,0.005247170936403208,0.11533709396708498,0.26235966241919934,0.042521924764639826,4.252192476463981e-06,4.252192476463982e-06,-0.023067811140167257,0.0,0.4660294061078691,1.7492375872904973,1.5917538891024658,0.4660294061078691
68.0,0.0,0.0,-0.16182499348156473,0.7466291086963497,-1.5082552066450823,-32.364998696312945,3.0,0.0,-1.4199347970685292,0.05,0.0,False,0.005088375659051256,0.16182499348156473,0.2544198647901975,0.042521924764629834,4.252192476462983e-06,4.252192476462984e-06,-0.03236554918278802,0.0,0.5471390382099983,2.2548843153414317,2.166563905764879,0.5471390382099983
69.0,0.0,0.0,-0.2205989770181294,0.07661063759650011,-1.5952268738895659,-44.11979540362588,3.0,0.0,-1.4187942698802862,0.11,0.0,False,0.004857776737681297,0.2205989770181294,0.24288986969414975,0.0425219247646233,4.252192476462331e-06,4.25219247646233e-06,-0.04412054582388329,0.0,-0.6700184710998496,1.671837511486066,1.4954049074767863,0.6700184710998496
70.0,0.0,0.0,-0.16038751605170515,0.32800279546180666,-1.6629691635189945,-32.07750321034103,3.0,0.0,-1.4594075629504653,0.2,0.0,False,0.004830036671777365,0.16038751605170515,0.24150286050114808,0.04252192476461902,4.2521924764619006e-06,4.252192476461901e-06,-0.03207804880689233,0.0,0.25139215786530655,1.990971958980801,1.7874103584122718,0.25139215786530655
71.0,0.0,0.0,-0.1919615711359952,1.7493700065348678,-1.728943510544853,-38.392314227199044,3.0,0.0,-1.5272986228500063,0.13,0.0,False,0.004825771483055988,0.19196157113599527,0.24128960015825904,0.042521924764616206,4.25219247646162e-06,4.25219247646162e-06,-0.03839296723046122,0.0,1.4213672110730613,3.478313517079721,3.276668629384874,1.4213672110730613
72.0,0.0,0.0,-0.3409426436239847,2.1323312332885083,-1.8898923701164037,-68.18852872479694,3.0,0.0,-1.5916537287755745,0.22,0.0,False,0.004892864652019262,0.3409426436239847,0.24464427287107607,0.04252192476461437,4.252192476461437e-06,4.252192476461436e-06,-0.06818968852286049,0.0,0.3829612267536404,4.022223603404912,3.723984962064083,0.3829612267536404
73.0,0.0,0.0,-0.38767200982334116,1.8825174650812624,-1.9871794426330327,-77.53440196466823,3.0,0.0,-1.6601289173921814,0.4,0.0,False,0.0046840174130796065,0.38767200982334116,0.2342018665211604,0.042521924764613146,4.252192476461316e-06,4.252192476461315e-06,-0.07753572072386335,0.0,-0.24981376820724588,3.869696907714295,3.5426463824734435,0.24981376820724588
74.0,0.0,0.0,-0.37109734059210303,1.4621571303305707,-1.9699130799425135,-74.21946811842061,3.0,0.0,-1.7444712877450745,0.16,0.0,False,0.005007437115721551,0.37109734059210303,0.25037292041539905,0.042521924764612355,4.252192476461236e-06,4.2521924764612365e-06,-0.07422073049490843,0.0,-0.4203603347506917,3.4320702102730842,3.2066284180756455,0.4203603347506917
75.0,0.0,0.0,-0.33652232455570635,2.1107275591028496,-2.036005177574043,-67.30446491114127,3.0,0.0,-1.8285348397057488,0.11,0.0,False,0.004957249113561083,0.3365223245557064,0.24786350963692327,0.04252192476461185,4.252192476461185e-06,4.252192476461184e-06,-0.06730560967243078,0.0,0.6485704287722789,4.146732736676892,3.9392623988085984,0.6485704287722789
76.0,0.0,0.0,-0.4060398218883881,1.9177226137610281,-2.1180521769484573,-81.20796437767763,3.0,0.0,-1.9031376631113213,0.17,0.0,False,0.005100379818966614,0.4060398218883881,0.2550200753381652,0.04252192476461149,4.252192476461149e-06,4.25219247646115e-06,-0.08120934561938487,0.0,-0.19300494534182144,4.035774790709485,3.8208602768723496,0.19300494534182144
77.0,0.0,0.0,-0.39140783672380164,2.777150445840747,-1.984029881824393,-78.28156734476033,3.0,0.0,-1.9497569877548164,0.07,0.0,False,0.005091419562379146,0.39140783672380164,0.254572060603755,0.04252192476461127,4.252192476461127e-06,4.252192476461128e-06,-0.07828289881226544,0.0,0.8594278320797191,4.761180327665141,4.726907433595564,0.8594278320797191
78.0,0.0,0.0,-0.48037254090708137,2.1832511551140117,-2.0468846230119047,-96.07450818141628,3.0,0.0,-1.9964389705499115,0.06,0.0,False,0.004896690352525673,0.4803725409070815,0.2448355587097773,0.042521924764611134,4.252192476461113e-06,4.252192476461114e-06,-0.09607614228367116,0.0,-0.5938992907267355,4.230135778125916,4.179690125663923,0.5938992907267355
79.0,0.0,0.0,-0.4220531129221948,1.6358971506830682,-2.095257269779877,-84.41062258443895,3.0,0.0,-2.026677095055279,-0.19,0.0,False,0.005044351367717592,0.4220531129221948,0.25221864086352636,0.042521924764611044,4.252192476461104e-06,4.2521924764611035e-06,-0.0844120582991911,0.0,-0.5473540044309435,3.731154420462945,3.6625742457383472,0.5473540044309435
80.0,0.0,0.0,-0.36859729749924874,2.5091514963642894,-1.9820717401415127,-73.71945949984975,3.0,0.0,-2.0373697066615035,0.0,0.0,False,0.005017194466794572,0.3685972974992487,0.25086079004355677,0.042521924764610974,4.252192476461099e-06,4.2521924764610976e-06,-0.07372071337184219,0.0,0.8732543456812212,4.491223236505802,4.546521203025793,0.8732543456812212
81.0,0.0,0.0,-0.45711880597726506,3.2622038099102593,-1.8568706790926868,-91.42376119545301,3.0,0.0,-2.050154191642178,-0.01,0.0,False,0.004918475657045526,0.457118805977265,0.24592482856753553,0.042521924764610926,4.252192476461093e-06,4.252192476461093e-06,-0.09142531619455886,0.0,0.7530523135459699,5.119074489002946,5.312358001552438,0.7530523135459699
82.0,0.0,0.0,-0.525820071052281,3.0500540858701863,-1.7437647038990596,-105.1640142104562,3.0,0.0,-2.062133751265737,0.13,0.0,False,0.005227251647366398,0.525820071052281,0.26136369373232604,0.04252192476461091,4.252192476461092e-06,4.252192476461091e-06,-0.10516580291337028,0.0,-0.21214972404007293,4.7938187897692455,5.112187837135924,0.21214972404007293
83.0,0.0,0.0,-0.5015595763139307,2.655634167432719,-1.7075026295907478,-100.31191526278613,3.0,0.0,-1.99610869502005,0.13,0.0,False,0.0054786267048828365,0.5015595763139307,0.2739325000529047,0.0425219247646109,4.25219247646109e-06,4.252192476461089e-06,-0.10031362143781658,0.0,-0.3944199184374675,4.363136797023467,4.651742862452769,0.3944199184374675
84.0,0.0,0.0,-0.4601934493362376,2.8977367678178814,-1.7485062678001886,-92.03868986724753,3.0,0.0,-1.9656483136619596,0.06,0.0,False,0.005674108513820928,0.4601934493362377,0.283706632061123,0.04252192476461088,4.252192476461087e-06,4.252192476461088e-06,-0.0920402553254892,0.0,0.24210260038516251,4.64624303561807,4.863385081479841,0.24210260038516251
85.0,0.0,0.0,-0.48451202251017217,2.3132775590744115,-1.7488346589817059,-96.90240450203443,3.0,0.0,-1.9463981674858022,-0.1,0.0,False,0.005456319374189903,0.4845120225101722,0.2728171287755048,0.04252192476461086,4.252192476461086e-06,4.2521924764610866e-06,-0.09690405268572745,0.0,-0.5844592087434699,4.062112218056117,4.259675726560213,0.5844592087434699
86.0,0.0,0.0,-0.42353969789964085,3.1596630794674208,-1.8538168958768027,-84.70793957992817,3.0,0.0,-1.9474864692026788,0.16,0.0,False,0.005002412077449845,0.42353969789964085,0.25012166743344216,0.04252192476461086,4.252192476461086e-06,4.2521924764610866e-06,-0.08470938035165516,0.0,0.8463855203930093,5.013479975344223,5.107149548670099,0.8463855203930093
87.0,0.0,0.0,-0.5106777710103807,3.5439613450900405,-1.9468267781650657,-102.13555420207614,3.0,0.0,-1.9222094685378373,-0.01,0.0,False,0.005057122160461186,0.5106777710103807,0.2528571832158994,0.04252192476461086,4.252192476461086e-06,4.2521924764610866e-06,-0.1021372913948298,0.0,0.3842982656226197,5.490788123255106,5.466170813627878,0.3842982656226197
88.0,0.0,0.0,-0.551474876263557,3.899314104092543,-2.000513861060876,-110.2949752527114,3.0,0.0,-1.9472232056451708,-0.06,0.0,False,0.005227240954354679,0.551474876263557,0.2613631590794667,0.04252192476461086,4.252192476461086e-06,4.2521924764610866e-06,-0.11029685122659014,0.0,0.3553527590025025,5.899827965153419,5.846537309737714,0.3553527590025025
89.0,0.0,0.0,-0.5905983851038048,3.563149630851401,-1.9798870909538657,-118.11967702076096,3.0,0.0,-1.9709046664115137,0.02,0.0,False,0.005383953812619446,0.5905983851038048,0.2691988353113669,0.04252192476461086,4.252192476461086e-06,4.2521924764610866e-06,-0.11812168608262574,0.0,-0.33616447324114196,5.543036721805267,5.534054297262915,0.33616447324114196
90.0,0.0,0.0,-0.5571694199404038,4.618450179734166,-2.0226188577815276,-111.43388398808075,3.0,0.0,-2.006795313845987,-0.02,0.0,False,0.005247308859533362,0.5571694199404038,0.26236655860503083,0.04252192476461086,4.252192476461086e-06,4.2521924764610866e-06,-0.11143577933331375,0.0,1.0553005488827654,6.6410690375156936,6.625245493580153,1.0553005488827654
91.0,0.0,0.0,-0.6648308857657684,4.782015058653586,-2.1438354618163693,-132.9661771531537,3.0,0.0,-2.00866302813341,0.12,0.0,False,0.005121827307612936,0.6648308857657684,0.25609245433042405,0.04252192476461086,4.252192476461086e-06,4.2521924764610866e-06,-0.13296843873464934,0.0,0.16356487891941995,6.925850520469956,6.790678086786997,0.16356487891941995
92.0,0.0,0.0,-0.6855413011019607,5.143122973312669,-2.310364004455532,-137.10826022039214,3.0,0.0,-2.030000027368039,0.13,0.0,False,0.00482562412868795,0.6855413011019607,0.24128223240852806,0.04252192476461086,4.252192476461086e-06,4.2521924764610866e-06,-0.13711059225332603,0.0,0.3611079146590823,7.4534869777682005,7.173123000680707,0.3611079146590823
93.0,0.0,0.0,-0.7265287045054801,4.840779588988753,-2.2811745150603766,-145.30574090109602,3.0,0.0,-2.0735437050441545,0.12,0.0,False,0.005003574578805237,0.7265287045054801,0.25017979274837093,0.04252192476461086,4.252192476461086e-06,4.2521924764610866e-06,-0.14530821236249974,0.0,-0.3023433843239154,7.12195410404913,6.914323294032908,0.3023433843239154
94.0,0.0,0.0,-0.7045107902513847,4.938487469962127,-2.172697499345839,-140.90215805027694,3.0,0.0,-2.1223185387366863,-0.07,0.0,False,0.005620021186648897,0.7045107902513847,0.2810022542030354,0.04252192476461086,4.252192476461086e-06,4.2521924764610866e-06,-0.14090455461247167,0.0,0.09770788097337402,7.111184969307966,7.060806008698814,0.09770788097337402
95.0,0.0,0.0,-0.7202596434385069,5.605675152493026,-2.2225578044720793,-144.05192868770138,3.0,0.0,-2.2044780992991804,0.0,0.0,False,0.005397711482390247,0.7202596434385069,0.2698867217249202,0.04252192476461086,4.252192476461086e-06,4.2521924764610866e-06,-0.14405437882339234,0.0,0.6671876825308987,7.828232956965105,7.810153251792206,0.6671876825308987
96.0,0.0,0.0,-0.7873891110063228,4.958533880154047,-2.1475883104536257,-157.47782220126456,3.0,0.0,-2.2642620985547803,0.06,0.0,False,0.00543581999800531,0.7873891110063229,0.27179215560791026,0.04252192476461086,4.252192476461086e-06,4.2521924764610866e-06,-0.15748050069391806,0.0,-0.6471412723389793,7.106122190607673,7.222795978708827,0.6471412723389793
97.0,0.0,0.0,-0.7218464238763758,4.640022565885569,-2.240844414497031,-144.36928477527516,3.0,0.0,-2.268383364072888,-0.09,0.0,False,0.005568333056656887,0.721846423876376,0.2784178367140407,0.04252192476461086,4.252192476461086e-06,4.2521924764610866e-06,-0.14437174030877986,0.0,-0.3185113142684779,6.880866980382599,6.908405929958457,0.3185113142684779
98.0,0.0,0.0,-0.6906214769986508,4.125616799059447,-2.2658336763899882,-138.12429539973016,3.0,0.0,-2.2600838301063426,-0.06,0.0,False,0.0056155167599533954,0.6906214769986508,0.2807770319105757,0.04252192476461086,4.252192476461086e-06,4.2521924764610866e-06,-0.13812664471409916,0.0,-0.5144057668261217,6.391450475449435,6.38570062916579,0.5144057668261217
99.0,0.0,0.0,-0.6424838907669063,4.173897128496338,-2.2828101694211216,-128.49677815338126,3.0,0.0,-2.266339036873361,0.01,0.0,False,0.005521435400628205,0.6424838907669063,0.2760729439417137,0.04252192476461086,4.252192476461086e-06,4.2521924764610866e-06,-0.12849896371622097,0.0,0.0482803294368912,6.456707297917459,6.440236165369699,0.0482803294368912
100.0,0.0,0.0,-0.6491902106523717,3.754718311522972,-2.3527767638468315,-129.83804213047435,3.0,0.0,-2.2993587068679373,-0.02,0.0,False,0.005709278126691971,0.6491902106523717,0.28546512018207343,0.04252192476461086,4.252192476461086e-06,4.2521924764610866e-06,-0.12984025050646741,0.0,-0.41917881697336634,6.107495075369803,6.05407701839091,0.41917881697336634
101.0,0.0,0.0,-0.6150972786910005,3.6526913865746895,-2.5741796850741823,-123.0194557382001,3.0,0.0,-2.3181430021138483,0.25,0.0,False,0.005289952260633075,0.6150972786910005,0.2644987377264138,0.04252192476461086,4.252192476461086e-06,4.2521924764610866e-06,-0.12302154813891927,0.0,-0.10202692494828236,6.226871071648872,5.970834388688537,0.10202692494828236
102.0,0.0,0.0,-0.606508624823854,3.3385105720134227,-2.5114528723990306,-121.30172496477081,3.0,0.0,-2.396385250988063,0.08,0.0,False,0.005274934932993613,0.606508624823854,0.26374786815161216,0.04252192476461086,4.252192476461086e-06,4.2521924764610866e-06,-0.12130378814912675,0.0,-0.3141808145612668,5.849963444412453,5.7348958230014855,0.3141808145612668
103.0,0.0,0.0,-0.5825599762701884,3.221935020662078,-2.611750027460371,-116.51199525403769,3.0,0.0,-2.412523811234413,0.14,0.0,False,0.005375327820057488,0.5825599762701884,0.2687675338493002,0.04252192476461086,4.252192476461086e-06,4.2521924764610866e-06,-0.11651397697132948,0.0,-0.11657555135134468,5.833685048122449,5.634458831896492,0.11657555135134468
104.0,0.0,0.0,-0.5744514411355435,3.3148797734864837,-2.4775777437914215,-114.8902882271087,3.0,0.0,-2.487213048545864,0.0,0.0,False,0.005195958069162229,0.5744514411355435,0.2597990081688019,0.04252192476461086,4.252192476461086e-06,4.2521924764610866e-06,-0.11489224236127611,0.0,0.09294475282440562,5.792457517277905,5.802092822032348,0.09294475282440562
105.0,0.0,0.0,-0.5809256436763997,2.060637818609208,-2.3768906840031137,-116.18512873527993,3.0,0.0,-2.5227015245981557,0.17,0.0,False,0.005049401914207658,0.5809256436763997,0.2524711692618244,0.04252192476461086,4.252192476461086e-06,4.2521924764610866e-06,-0.11618710489299797,0.0,-1.2542419548772759,4.437528502612322,4.5833393432073635,1.2542419548772759
106.0,0.0,0.0,-0.4526172929225926,2.6049341175486593,-2.3986842200985903,-90.52345858451852,3.0,0.0,-2.4945001736600783,0.08,0.0,False,0.004798682774978534,0.4526172929225926,0.23993515899506623,0.04252192476461086,4.252192476461086e-06,4.2521924764610866e-06,-0.09052499827064954,0.0,0.5442962989394515,5.00361833764725,5.099434291208738,0.5442962989394515
107.0,0.0,0.0,-0.5083799406069386,2.9449715729464394,-2.5192585175650772,-101.67598812138772,3.0,0.0,-2.4656313414090976,-0.02,0.0,False,0.004965946875321893,0.5083799406069386,0.24829839957419186,0.04252192476461086,4.252192476461086e-06,4.2521924764610866e-06,-0.1016777174975209,0.0,0.3400374553977801,5.464230090511517,5.410602914355537,0.3400374553977801
108.0,0.0,0.0,-0.5437588891334094,2.8484693852850222,-2.535219156352786,-108.75177782668189,3.0,0.0,-2.478973374988653,0.02,0.0,False,0.005255140865032892,0.5437588891334094,0.26275816054516715,0.04252192476461086,4.252192476461086e-06,4.2521924764610866e-06,-0.1087536275527823,0.0,-0.09650218766141716,5.383688541637808,5.327442760273675,0.09650218766141716
109.0,0.0,0.0,-0.5360549997680664,3.552278631843269,-2.4325938021693565,-107.21099995361327,3.0,0.0,-2.4927329267605183,-0.07,0.0,False,0.005279507737433792,0.5360549997680664,0.2639765093458437,0.04252192476461086,4.252192476461086e-06,4.2521924764610866e-06,-0.1072128234730888,0.0,0.7038092465582468,5.984872434012626,6.045011558603788,0.7038092465582468
110.0,0.0,0.0,-0.6072612397453794,3.233174903475043,-2.441239502625594,-121.45224794907587,3.0,0.0,-2.5121945828474845,0.0,0.0,False,0.005137210321533896,0.6072612397453794,0.25686160829704874,0.04252192476461086,4.252192476461086e-06,4.2521924764610866e-06,-0.12145431369363173,0.0,-0.31910372836822587,5.674414406100637,5.745369486322527,0.31910372836822587
111.0,0.0,0.0,-0.5766524021375891,2.9126646796076443,-2.492302247206671,-115.33048042751781,3.0,0.0,-2.5204628751942626,0.11,0.0,False,0.0047304058024334236,0.5766524021375891,0.2365212958514692,0.04252192476461086,4.252192476461086e-06,4.2521924764610866e-06,-0.11533244204878124,0.0,-0.3205102238673989,5.404966926814316,5.4331275548019065,0.3205102238673989
112.0,0.0,0.0,-0.5495789230472782,2.2511684546876025,-2.619043098520633,-109.91578460945564,3.0,0.0,-2.5334717197511356,0.05,0.0,False,0.004679222065369655,0.5495789230472782,0.23396209811612564,0.04252192476461086,4.252192476461086e-06,4.2521924764610866e-06,-0.1099176541337954,0.0,-0.6614962249200418,4.870211553208236,4.784640174438739,0.6614962249200418
113.0,0.0,0.0,-0.4805319444152642,1.4765052778685308,-2.529506421859432,-96.10638888305284,3.0,0.0,-2.583241396633221,-0.04,0.0,False,0.004679865530113715,0.4805319444152642,0.23399427149013563,0.04252192476461086,4.252192476461086e-06,4.2521924764610866e-06,-0.09610802352755693,0.0,-0.7746631768190717,4.006011699727963,4.059746674501752,0.7746631768190717
114.0,0.0,0.0,-0.40342639766171096,1.285383669500021,-2.5134919799071307,-80.6852795323422,3.0,0.0,-2.5542531551809713,-0.01,0.0,False,0.004754584753523281,0.4034263976617109,0.2377302485466399,0.04252192476461086,4.252192476461086e-06,4.2521924764610866e-06,-0.08068665188386097,0.0,-0.1911216083685099,3.798875649407152,3.8396368246809924,0.1911216083685099
115.0,0.0,0.0,-0.38662103793274016,-0.13930248771959697,-2.445602327191577,-77.32420758654803,3.0,0.0,-2.557844471083222,-0.06,0.0,False,0.00515668229198075,0.38662103793274016,0.2578352109593197,0.04252192476461086,4.252192476461086e-06,4.2521924764610866e-06,-0.07732552277061054,0.0,-1.4246861572196179,2.30629983947198,2.418541983363625,1.4246861572196179
116.0,0.0,0.0,-0.24363604704936356,0.016082276992212735,-2.4613198062677313,-48.727209409872714,3.0,0.0,-2.5809089091808137,0.01,0.0,False,0.004965248713191846,0.24363604704936354,0.2482634913192533,0.04252192476461086,4.252192476461086e-06,4.2521924764610866e-06,-0.04872803819624152,0.0,0.1553847647118097,2.477402083259944,2.5969911861730264,0.1553847647118097
117.0,0.0,0.0,-0.2553415162998677,-0.020993268320747348,-2.4403623521833606,-51.06830325997354,3.0,0.0,-2.575714757581543,0.03,0.0,False,0.004968904912181127,0.2553415162998677,0.2484463020460605,0.04252192476461086,4.252192476461086e-06,4.2521924764610866e-06,-0.05106917186529964,0.0,-0.03707554531296008,2.4193690838626134,2.5547214892607957,0.03707554531296008
118.0,0.0,0.0,-0.2519785422309211,1.0705277705432872,-2.548123488626529,-50.395708446184216,3.0,0.0,-2.5373871740701883,0.13,0.0,False,0.004715330439529081,0.2519785422309211,0.23576752450108499,0.04252192476461086,4.252192476461086e-06,4.2521924764610866e-06,-0.05039656561154854,0.0,1.0915210388640346,3.618651259169816,3.6079149446134755,1.0915210388640346
119.0,0.0,0.0,-0.3590047091177141,1.5233021446400583,-2.522071718893265,-71.80094182354281,3.0,0.0,-2.54083226369303,-0.06,0.0,False,0.005001363715974464,0.3590047091177141,0.25006924913678136,0.04252192476461086,4.252192476461086e-06,4.2521924764610866e-06,-0.0718021630640483,0.0,0.4527743740967711,4.045373863533323,4.064134408333088,0.4527743740967711
120.0,0.0,0.0,-0.4097745853561456,1.5362960682694928,-2.6599540727057285,-81.95491707122912,3.0,0.0,-2.5195956484900055,-0.01,0.0,False,0.005448054527440286,0.4097745853561456,0.2724038846808378,0.04252192476461086,4.252192476461086e-06,4.2521924764610866e-06,-0.08195631101762883,0.0,0.012993923629434523,4.196250140975222,4.055891716759499,0.012993923629434523
121.0,0.0,0.0,-0.41414503825933013,0.9112606202087091,-2.5556272001102847,-82.82900765186602,3.0,0.0,-2.5745308309418378,-0.02,0.0,False,0.005460119052807052,0.41414503825933013,0.27300711351421053,0.04252192476461086,4.252192476461086e-06,4.2521924764610866e-06,-0.08283041646540808,0.0,-0.6250354480607837,3.466887820318994,3.485791451150547,0.6250354480607837
122.0,0.0,0.0,-0.3580618151330876,0.9773937382520259,-2.7203771300698714,-71.61236302661752,3.0,0.0,-2.605242365544596,0.08,0.0,False,0.005605346460859753,0.3580618151330876,0.28026851479359005,0.04252192476461086,4.252192476461086e-06,4.2521924764610866e-06,-0.07161358105964327,0.0,0.06613311804331679,3.6977708683218973,3.582636103796622,0.06613311804331679
123.0,0.0,0.0,-0.3678076496691601,1.4207952296892579,-2.645641951668953,-73.56152993383202,3.0,0.0,-2.6694336585099836,-0.01,0.0,False,0.005407444073068202,0.3678076496691601,0.27037335332806034,0.04252192476461086,4.252192476461086e-06,4.2521924764610866e-06,-0.07356278111964824,0.0,0.44340149143723195,4.066437181358211,4.090228888199242,0.44340149143723195
124.0,0.0,0.0,-0.41190058609802477,0.5823497376494018,-2.6269599542996454,-82.38011721960495,3.0,0.0,-2.7007609578856067,0.06,0.0,False,0.005159308144916977,0.41190058609802477,0.25796650416441275,0.04252192476461086,4.252192476461086e-06,4.2521924764610866e-06,-0.0823815183981054,0.0,-0.8384454920398561,3.209309691949047,3.2831106955350084,0.8384454920398561
125.0,0.0,0.0,-0.32828980060827084,0.11914359405572683,-2.721997063130223,-65.65796012165417,3.0,0.0,-2.698298205319648,0.1,0.0,False,0.005143755085622494,0.32828980060827084,0.25718884789295837,0.04252192476461086,4.252192476461086e-06,4.2521924764610866e-06,-0.06565907687804165,0.0,-0.46320614359367496,2.8411406571859494,2.8174417993753744,0.46320614359367496
126.0,0.0,0.0,-0.286250389663733,-0.39598089416913296,-2.716099480367139,-57.2500779327466,3.0,0.0,-2.7006180660043158,0.09,0.0,False,0.005089896645575887,0.286250389663733,0.2544959144398055,0.04252192476461086,4.252192476461086e-06,4.2521924764610866e-06,-0.057251051682008634,0.0,-0.5151244882248598,2.3201185861980065,2.304637171835183,0.5151244882248598
127.0,0.0,0.0,-0.23952034350432494,-0.6093443612634748,-2.8436915240728404,-47.90406870086499,3.0,0.0,-2.7434211621692657,-0.02,0.0,False,0.005247812312807179,0.23952034350432494,0.26239173137576066,0.04252192476461086,4.252192476461086e-06,4.2521924764610866e-06,-0.047904883486682405,0.0,-0.21336346709434184,2.2343471628093656,2.134076800905791,0.21336346709434184
128.0,0.0,0.0,-0.2240731567792527,-0.2842781840130726,-2.8619951189188755,-44.814631355850544,3.0,0.0,-2.7912352535425105,0.04,0.0,False,0.005353282085306071,0.22407315677925277,0.26766524242459394,0.04252192476461086,4.252192476461086e-06,4.2521924764610866e-06,-0.044815393594362464,0.0,0.3250661772504022,2.577716934905803,2.506957069529438,0.3250661772504022
129.0,0.0,0.0,-0.2590282671139508,-0.3881420630062667,-2.946446219796866,-51.805653422790165,3.0,0.0,-2.850123569165571,0.12,0.0,False,0.005379785845491858,0.2590282671139509,0.2689904360688376,0.04252192476461086,4.252192476461086e-06,4.2521924764610866e-06,-0.0518065345694822,0.0,-0.1038638789931941,2.5583041567905993,2.4619815061593044,0.1038638789931941
130.0,0.0,0.0,-0.25257539753466207,-0.09068554081090252,-3.2127023751828414,-50.515079506932416,3.0,0.0,-2.874615927055009,0.22,0.0,False,0.005128873210046361,0.25257539753466207,0.25644475095012187,0.04252192476461086,4.252192476461086e-06,4.2521924764610866e-06,-0.05051593870264301,0.0,0.29745652219536417,3.122016834371939,2.7839303862441067,0.29745652219536417
131.0,0.0,0.0,-0.28902744428103194,0.12383926042673529,-3.071488129295576,-57.80548885620639,3.0,0.0,-2.9139497383131414,0.13,0.0,False,0.005039230138389528,0.289027444281032,0.25196257830830043,0.04252192476461086,4.252192476461086e-06,4.2521924764610866e-06,-0.05780647205228485,0.0,0.2145248012376378,3.195327389722311,3.0377889987398765,0.2145248012376378
132.0,0.0,0.0,-0.3118513704539188,0.3210509105906011,-3.021383821643743,-62.37027409078376,3.0,0.0,-2.9810214336374217,0.06,0.0,False,0.0050967279320570345,0.3118513704539188,0.25483748021626,0.04252192476461086,4.252192476461086e-06,4.2521924764610866e-06,-0.0623713349279138,0.0,0.1972116501638658,3.342434732234344,3.302072344228023,0.1972116501638658
133.0,0.0,0.0,-0.33394036934296556,0.9686430765850349,-3.081233673636451,-66.78807386859312,3.0,0.0,-2.9947407467150104,-0.01,0.0,False,0.005133950770563273,0.3339403693429655,0.2566986300555057,0.04252192476461086,4.252192476461086e-06,4.2521924764610866e-06,-0.06678920984674354,0.0,0.6475921659944338,4.049876750221486,3.9633838233000453,0.6475921659944338
134.0,0.0,0.0,-0.40505250398683246,0.6149898396386014,-3.1064714202041066,-81.01050079736649,3.0,0.0,-3.018423781775356,0.05,0.0,False,0.005187863757874324,0.40505250398683246,0.25939429088347815,0.04252192476461086,4.252192476461086e-06,4.2521924764610866e-06,-0.08101187868047541,0.0,-0.35365323694643347,3.721461259842708,3.633413621413957,0.35365323694643347
135.0,0.0,0.0,-0.3680197504210597,1.2323691067293308,-2.904710090438222,-73.60395008421195,3.0,0.0,-3.081968081343786,0.05,0.0,False,0.005133020388978902,0.3680197504210597,0.25665211077847905,0.04252192476461086,4.252192476461086e-06,4.2521924764610866e-06,-0.07360520199153968,0.0,0.6173792670907293,4.1370791971675525,4.314337188073117,0.6173792670907293
136.0,0.0,0.0,-0.4262942684469399,1.2398068741508723,-2.7661420991165486,-85.25885368938798,3.0,0.0,-3.0652859091126885,0.17,0.0,False,0.00522571461869817,0.4262942684469399,0.26128684197212765,0.04252192476461086,4.252192476461086e-06,4.2521924764610866e-06,-0.08526030383144645,0.0,0.0074377674215415635,4.0059489732674205,4.305092783263561,0.0074377674215415635
137.0,0.0,0.0,-0.4222501334786773,1.1298732493333616,-2.8039298848998713,-84.45002669573546,3.0,0.0,-3.030664212004116,0.05,0.0,False,0.0053663740101185155,0.4222501334786773,0.2683198414486853,0.04252192476461086,4.252192476461086e-06,4.2521924764610866e-06,-0.0844514630807002,0.0,-0.10993362481751068,3.9338031342332327,4.160537461337477,0.10993362481751068
138.0,0.0,0.0,-0.4025487512261414,1.163851972245971,-2.590898567516552,-80.50975024522829,3.0,0.0,-2.9827842350779346,0.33,0.0,False,0.005485151467676939,0.40254875122614153,0.2742587395798371,0.04252192476461086,4.252192476461086e-06,4.2521924764610866e-06,-0.08051111961122251,0.0,0.033978722912609394,3.754750539762523,4.146636207323906,0.033978722912609394
139.0,0.0,0.0,-0.40005793409567575,1.2533135400959665,-2.5123809351669437,-80.01158681913515,3.0,0.0,-2.8956998486666174,0.18,0.0,False,0.005466615716620611,0.40005793409567575,0.2733319480861417,0.04252192476461086,4.252192476461086e-06,4.2521924764610866e-06,-0.0800129477120183,0.0,0.08946156784999548,3.7656944752629102,4.149013388762584,0.08946156784999548
140.0,0.0,0.0,-0.39949699980178804,2.223935794315386,-2.460543427113447,-79.89939996035761,3.0,0.0,-2.8368124248776576,0.27,0.0,False,0.0058754177638463,0.39949699980178804,0.2937721373626756,0.04252192476461086,4.252192476461086e-06,4.2521924764610866e-06,-0.07990075894508841,0.0,0.9706222542194194,4.684479221428833,5.0607482191930435,0.9706222542194194
141.0,0.0,0.0,-0.4928312508029636,1.554053959590922,-2.572106167567924,-98.56625016059272,3.0,0.0,-2.7417413948287557,0.15,0.0,False,0.005478592505358074,0.4928312508029636,0.2739307900693953,0.04252192476461086,4.252192476461086e-06,4.2521924764610866e-06,-0.09856792664413336,0.0,-0.6698818347244639,4.126160127158846,4.295795354419678,0.6698818347244639
142.0,0.0,0.0,-0.42304098884704805,1.938220065394329,-2.5396841150565526,-84.60819776940961,3.0,0.0,-2.704481494381086,0.13,0.0,False,0.005160870158307517,0.42304098884704816,0.2580446051660387,0.04252192476461086,4.252192476461086e-06,4.2521924764610866e-06,-0.08460963684465833,0.0,0.38416610580340693,4.4779041804508815,4.642701559775415,0.38416610580340693
143.0,0.0,0.0,-0.4594451580567506,1.7318294379004737,-2.487410118687115,-91.88903161135012,3.0,0.0,-2.676445871465055,0.1,0.0,False,0.005126984298566223,0.4594451580567506,0.25635030497451416,0.04252192476461086,4.252192476461086e-06,4.2521924764610866e-06,-0.09189059452409978,0.0,-0.20639062749385517,4.219239556587588,4.4082753093655285,0.20639062749385517
144.0,0.0,0.0,-0.4354154482512175,2.0928222151588685,-2.408175528762989,-87.0830896502435,3.0,0.0,-2.6563291976353933,0.17,0.0,False,0.005132041034079894,0.4354154482512175,0.25660314282530844,0.04252192476461086,4.252192476461086e-06,4.2521924764610866e-06,-0.08708457082017976,0.0,0.36099277725839474,4.500997743921857,4.749151412794262,0.36099277725839474
145.0,0.0,0.0,-0.464618362725201,2.4591966849896316,-2.24364446561866,-92.9236725450402,3.0,0.0,-2.6224176181263563,0.25,0.0,False,0.005081367220080194,0.464618362725201,0.25406944135158294,0.04252192476461086,4.252192476461086e-06,4.2521924764610866e-06,-0.09292525305568461,0.0,0.36637446983076316,4.702841150608291,5.0816143031159875,0.36637446983076316
146.0,0.0,0.0,-0.4963771332269391,2.0111334962579437,-2.247370413127653,-99.27542664538782,3.0,0.0,-2.5534601944284567,0.11,0.0,False,0.005263343974117804,0.49637713322693905,0.2631683177434725,0.04252192476461086,4.252192476461086e-06,4.2521924764610866e-06,-0.09927711519109683,0.0,-0.44806318873168793,4.258503909385597,4.564593690686401,0.44806318873168793
147.0,0.0,0.0,-0.44285146722490315,1.9933555683391508,-2.100470045186824,-88.57029344498063,3.0,0.0,-2.5046801818353246,0.34,0.0,False,0.0050743916771052115,0.44285146722490315,0.2537206627197661,0.04252192476461086,4.252192476461086e-06,4.2521924764610866e-06,-0.08857179991031648,0.0,-0.017777927918792846,4.093825613525975,4.498035750174475,0.017777927918792846
148.0,0.0,0.0,-0.44091873356803873,2.1070996652173695,-2.237000971818999,-88.18374671360775,3.0,0.0,-2.41747533047494,0.05,0.0,False,0.004986814102787986,0.44091873356803873,0.24934176538406969,0.04252192476461086,4.252192476461086e-06,4.2521924764610866e-06,-0.08818524660428713,0.0,0.11374409687821863,4.344100637036369,4.524574995692309,0.11374409687821863
149.0,0.0,0.0,-0.44665160256749487,2.1782620132089567,-2.277174514398863,-89.33032051349898,3.0,0.0,-2.4159255109073117,0.27,0.0,False,0.004921986829948019,0.44665160256749487,0.24610038795916936,0.04252192476461086,4.252192476461086e-06,4.2521924764610866e-06,-0.08933183990590537,0.0,0.07116234799158727,4.455436527607819,4.594187524116268,0.07116234799158727
150.0,0.0,0.0,-0.45796794880651226,2.0255857991678847,-2.3725285461310976,-91.59358976130245,3.0,0.0,-2.3595113228867763,-0.02,0.0,False,0.005188631193340706,0.45796794880651226,0.25943266281996136,0.04252192476461086,4.252192476461086e-06,4.2521924764610866e-06,-0.09159514764897103,0.0,-0.152676214041072,4.398114345298982,4.3850971220546615,0.152676214041072
151.0,0.0,0.0,-0.4484294542458766,2.6759460859605473,-2.581801187700285,-89.68589084917532,3.0,0.0,-2.40151484324948,0.21,0.0,False,0.005519564145876287,0.44842945424587655,0.2759793808062709,0.04252192476461086,4.252192476461086e-06,4.2521924764610866e-06,-0.08968741628937003,0.0,0.6503602867926626,5.257747273660833,5.0774609292100275,0.6503602867926626
152.0,0.0,0.0,-0.5193751429198231,2.760413812523567,-2.58061913104165,-103.87502858396462,3.0,0.0,-2.458804083708455,0.2,0.0,False,0.004827271116728616,0.5193751429198231,0.24136458216072704,0.04252192476461086,4.252192476461086e-06,4.2521924764610866e-06,-0.103876795362912,0.0,0.0844677265630196,5.341032943565217,5.219217896232022,0.0844677265630196
153.0,0.0,0.0,-0.5275461681695317,3.5291077767663994,-2.4686703139976607,-105.50923363390633,3.0,0.0,-2.5179157673914374,-0.07,0.0,False,0.005171774187261968,0.5275461681695317,0.25858980893206274,0.04252192476461086,4.252192476461086e-06,4.2521924764610866e-06,-0.10551102820855318,0.0,0.7686939642428325,5.99777809076406,6.047023544157836,0.7686939642428325
154.0,0.0,0.0,-0.6012628061191463,3.2384773909556985,-2.406540320392689,-120.25256122382926,3.0,0.0,-2.5151600305641075,0.22,0.0,False,0.004888387698170135,0.6012628061191463,0.24442042422677623,0.04252192476461086,4.252192476461086e-06,4.2521924764610866e-06,-0.12025460656327641,0.0,-0.2906303858107009,5.6450177113483875,5.753637421519806,0.2906303858107009
155.0,0.0,0.0,-0.573392879568923,2.411403754228733,-2.354004829514435,-114.6785759137846,3.0,0.0,-2.4836481186840844,-0.24,0.0,False,0.00529749345151361,0.573392879568923,0.2648757988737704,0.04252192476461086,4.252192476461086e-06,4.2521924764610866e-06,-0.1146805264470013,0.0,-0.8270736367269653,4.765408583743168,4.895051872912818,0.8270736367269653
156.0,0.0,0.0,-0.4898064132395947,1.6997260183745344,-2.388436759368834,-97.96128264791894,3.0,0.0,-2.4955733135779536,0.13,0.0,False,0.004812177225683833,0.4898064132395946,0.2406098843993813,0.04252192476461086,4.252192476461086e-06,4.2521924764610866e-06,-0.09796294884175011,0.0,-0.7116777358541988,4.088162777743369,4.195299331952488,0.7116777358541988
157.0,0.0,0.0,-0.419234730108833,1.992728414785116,-2.3194819421884523,-83.8469460217666,3.0,0.0,-2.486764515724473,0.01,0.0,False,0.004683032804829614,0.41923473010883294,0.23415263589932364,0.04252192476461086,4.252192476461086e-06,4.2521924764610866e-06,-0.08384837214911454,0.0,0.2930023964105817,4.312210356973568,4.479492930509589,0.2930023964105817
158.0,0.0,0.0,-0.449184525317459,1.3723006557334188,-2.4460576060172197,-89.8369050634918,3.0,0.0,-2.492710416052053,-0.04,0.0,False,0.005109095608321674,0.449184525317459,0.255455866658979,0.04252192476461086,4.252192476461086e-06,4.2521924764610866e-06,-0.08983843307224161,0.0,-0.6204277590516973,3.8183582617506384,3.8650110717854718,0.6204277590516973
159.0,0.0,0.0,-0.3894347179123313,1.1465165978938248,-2.508860912997203,-77.88694358246626,3.0,0.0,-2.4992123393424235,-0.02,0.0,False,0.0052013182630988855,0.3894347179123313,0.2600670190052635,0.04252192476461086,4.252192476461086e-06,4.2521924764610866e-06,-0.07788826833793513,0.0,-0.225784057839594,3.655377510891028,3.6457289372362482,0.225784057839594
160.0,0.0,0.0,-0.369406950176162,1.004432114250097,-2.5635938142736143,-73.8813900352324,3.0,0.0,-2.522129320958769,0.0,0.0,False,0.005044112161628688,0.369406950176162,0.2522066805082236,0.04252192476461086,4.252192476461086e-06,4.2521924764610866e-06,-0.07388264666145235,0.0,-0.14208448364372783,3.5680259285237113,3.526561435208866,0.14208448364372783
161.0,0.0,0.0,-0.3599530785785698,-0.35448871473940124,-2.556762446556695,-71.99061571571396,3.0,0.0,-2.547631443340505,-0.02,0.0,False,0.004960928266509288,0.35995307857856984,0.2480474680665569,0.04252192476461086,4.252192476461086e-06,4.2521924764610866e-06,-0.07199184018232532,0.0,-1.3589208289894983,2.202273731817294,2.193142728601104,1.3589208289894983
162.0,0.0,0.0,-0.2278484791120001,-0.3685523701998618,-2.664325555433026,-45.56969582240002,3.0,0.0,-2.5951752010242277,0.06,0.0,False,0.005028509032850103,0.2278484791120001,0.25142652075191896,0.04252192476461086,4.252192476461086e-06,4.2521924764610866e-06,-0.045570470903575105,0.0,-0.014063655460460567,2.2957731852331644,2.226622830824366,0.014063655460460567
163.0,0.0,0.0,-0.2306136372192859,-0.3815346942179739,-2.751699759924737,-46.12272744385718,3.0,0.0,-2.6330219486388327,0.09,0.0,False,0.004891219445750639,0.2306136372192859,0.24456201220785834,0.04252192476461086,4.252192476461086e-06,4.2521924764610866e-06,-0.04612351193137987,0.0,-0.012982324018112112,2.3701650657067628,2.2514872544208586,0.012982324018112112
164.0,0.0,0.0,-0.2384324125925204,-1.0455356437232644,-2.846273499191779,-47.68648251850408,3.0,0.0,-2.6747377730713753,0.13,0.0,False,0.0049623908881495085,0.2384324125925204,0.24812059945953535,0.04252192476461086,4.252192476461086e-06,4.2521924764610866e-06,-0.04768729360346392,0.0,-0.6640009495052904,1.8007378554685147,1.629202129348111,0.6640009495052904
165.0,0.0,0.0,-0.17595960776688757,-1.6503155497652635,-2.8712162411764517,-35.19192155337751,3.0,0.0,-2.765909513168724,0.07,0.0,False,0.005039612000077094,0.17595960776688757,0.2519816714738662,0.04252192476461086,4.252192476461086e-06,4.2521924764610866e-06,-0.0351925201221285,0.0,-0.6047799060419992,1.2209006914111882,1.1155939634034606,0.6047799060419992
166.0,0.0,0.0,-0.1197310998233268,-1.610858915878447,-2.8844416051806268,-23.94621996466536,3.0,0.0,-2.8051691320981536,0.0,0.0,False,0.005291490814536352,0.11973109982332682,0.26457566574868907,0.04252192476461086,4.252192476461086e-06,4.2521924764610866e-06,-0.02394662725867894,0.0,0.03945663388681653,1.2735826893021798,1.1943102162197066,0.03945663388681653
167.0,0.0,0.0,-0.12367588453532034,-2.888451152054303,-2.7017024281052837,-24.73517690706407,3.0,0.0,-2.8476520039826236,0.02,0.0,False,0.0052762404641082655,0.12367588453532034,0.2638131449849135,0.04252192476461086,4.252192476461086e-06,4.2521924764610866e-06,-0.024735597620207685,0.0,-1.2775922361758558,-0.1867487239490191,-0.04079914807167917,1.2775922361758558
168.0,0.0,0.0,0.004668805770471576,-2.210167832479098,-2.7561182821390102,0.9337611540943153,3.0,0.0,-2.8476440559149365,-0.06,0.0,False,0.005211409719627657,0.005623092251377382,0.2605715939772429,0.04252192476461086,4.252192476461086e-06,4.2521924764610866e-06,0.0009337770361553979,0.0,0.6782833195752049,0.5459504496599124,0.6374762234358387,0.6782833195752049
169.0,0.0,0.0,-0.06479504622997735,-2.8332057703788367,-2.7132302251893865,-12.95900924599547,3.0,0.0,-2.8417621017165486,0.11,0.0,False,0.005018546667696491,0.06479504622997735,0.2509284003761436,0.04252192476461086,4.252192476461086e-06,4.2521924764610866e-06,-0.01295922966186468,0.0,-0.6230379378997388,-0.1199755451894502,0.008556331337711942,0.6230379378997388
170.0,0.0,0.0,-0.0027756087761454267,-2.5629788997172143,-2.788178470129227,-0.5551217552290854,3.0,0.0,-2.8581320708292752,-0.01,0.0,False,0.005188846387558018,0.0047545947889429075,0.2594434225765794,0.04252192476461086,4.252192476461086e-06,4.2521924764610866e-06,-0.0005551311971271405,0.0,0.27022687066162243,0.22519957041201266,0.29515317111206096,0.27022687066162243
171.0,0.0,0.0,-0.03210996339896059,-2.830780511442226,-2.777271141908899,-6.421992679792119,3.0,0.0,-2.8609624482614286,-0.04,0.0,False,0.005312854846735462,0.03210996339896059,0.26564387190084343,0.04252192476461086,4.252192476461086e-06,4.2521924764610866e-06,-0.006422101909523475,0.0,-0.26780161172501193,-0.05350936953332708,0.03018193681920245,0.26780161172501193
172.0,0.0,0.0,-0.00763342016019459,-3.3520951339292884,-2.812388818347861,-1.5266840320389181,3.0,0.0,-2.884085360594059,-0.06,0.0,False,0.005420973032536702,0.007902538574123796,0.2710498041778722,0.04252192476461086,4.252192476461086e-06,4.2521924764610866e-06,-0.0015267099989459203,0.0,-0.5213146224870622,-0.5397063155814275,-0.46800977333522953,0.5213146224870622
173.0,0.0,0.0,0.041791678470345255,-3.449506315768162,-2.931326262185201,8.358335694069051,3.0,0.0,-2.907116335982761,0.0,0.0,False,0.0055238967877375205,0.041791678470345255,0.2761960138204941,0.04252192476461086,4.252192476461086e-06,4.2521924764610866e-06,0.00835847785847315,0.0,-0.09741118183887343,-0.5181800535829608,-0.5423899797854008,0.09741118183887343
174.0,0.0,0.0,0.04900155075728712,-2.495604856587311,-3.035577512492558,9.800310151457424,3.0,0.0,-2.9341694639127978,0.04,0.0,False,0.005345322949944657,0.04900155075728712,0.2672672839643344,0.04252192476461086,4.252192476461086e-06,4.2521924764610866e-06,0.009800476841968987,0.0,0.9539014591808508,0.5399726559052471,0.43856460732548674,0.9539014591808508
175.0,0.0,0.0,-0.04864541807774556,-2.71282847090873,-2.9382305923829257,-9.729083615549113,3.0,0.0,-2.9594803899940176,0.04,0.0,False,0.0054848339533539936,0.048645418077745556,0.2742428637961832,0.04252192476461086,4.252192476461086e-06,4.2521924764610866e-06,-0.009729249094590067,0.0,-0.2172236143214188,0.22540212147419592,0.24665191908528783,0.2172236143214188
176.0,0.0,0.0,-0.02414873845108799,-2.9788522987023374,-2.9716017904301997,-4.829747690217598,3.0,0.0,-2.982069379848804,0.07,0.0,False,0.005368925815762203,0.02414873845108799,0.2684474322734081,0.04252192476461086,4.252192476461086e-06,4.2521924764610866e-06,-0.004829829837935452,0.0,-0.26602382779360756,-0.00725050827213769,0.0032170811464666826,0.26602382779360756
177.0,0.0,0.0,0.00438419298174647,-3.4413583352138852,-2.9154673615948825,0.876838596349294,3.0,0.0,-2.9543209896738074,-0.14,0.0,False,0.0054612806464660974,0.005605372705145169,0.2730651934441287,0.04252192476461086,4.252192476461086e-06,4.2521924764610866e-06,0.0008768535102318064,0.0,-0.46250603651154787,-0.5258909736190027,-0.4870373455400778,0.46250603651154787
178.0,0.0,0.0,0.0445097929640379,-3.6580320833966495,-2.9990677280359552,8.90195859280758,3.0,0.0,-2.935009436763252,0.09,0.0,False,0.005367308821860294,0.0445097929640379,0.2683665822345242,0.04252192476461086,4.252192476461086e-06,4.2521924764610866e-06,0.008902110003529161,0.0,-0.2166737481827643,-0.6589643553606943,-0.7230226466333973,0.2166737481827643
179.0,0.0,0.0,0.06650328416832182,-3.2258680218633855,-3.078074119213616,13.300656833664366,3.0,0.0,-2.9962509423631682,-0.08,0.0,False,0.005481061297510701,0.06650328416832182,0.2740542302019156,0.04252192476461086,4.252192476461086e-06,4.2521924764610866e-06,0.013300883060514074,0.0,0.43216406153326403,-0.14779390264976966,-0.22961707950021726,0.43216406153326403
180.0,0.0,0.0,0.01809748022534748,-2.5483581894863665,-3.142210911723217,3.619496045069496,3.0,0.0,-2.992985102475202,0.12,0.0,False,0.0053071017680419025,0.01809748022534748,0.2653562167430056,0.04252192476461086,4.252192476461086e-06,4.2521924764610866e-06,0.003619557607983121,0.0,0.677509832377019,0.5938527222368504,0.4446269129888356,0.677509832377019
181.0,0.0,0.0,-0.05087138233905167,-3.0000962075722737,-3.055539265199857,-10.174276467810333,3.0,0.0,-3.0448893719114483,0.08,0.0,False,0.005272084028261604,0.05087138233905167,0.2636053223088821,0.04252192476461086,4.252192476461086e-06,4.2521924764610866e-06,-0.010174449519001877,0.0,-0.4517380180859072,0.0554430576275835,0.044793164339174574,0.4517380180859072
182.0,0.0,0.0,-0.00946459344571131,-3.9586710763050403,-3.0399086591943574,-1.892918689142262,3.0,0.0,-3.0570828286223453,-0.04,0.0,False,0.0051442481367377215,0.009587457815955474,0.25721350055354725,0.04252192476461086,4.252192476461086e-06,4.2521924764610866e-06,-0.0018929508852237906,0.0,-0.9585748687327666,-0.918762417110683,-0.9015882476826951,0.9585748687327666
183.0,0.0,0.0,0.0900803799734125,-4.667366941049689,-2.980113357128164,18.016075994682502,3.0,0.0,-3.0947441542930387,-0.17,0.0,False,0.005663984311296252,0.0900803799734125,0.28320041978238636,0.04252192476461086,4.252192476461086e-06,4.2521924764610866e-06,0.018016382424670685,0.0,-0.7086958647446489,-1.687253583921525,-1.5726227867566505,0.7086958647446489
184.0,0.0,0.0,0.16131687378332615,-4.10424664608021,-3.015138236985734,32.26337475666523,3.0,0.0,-3.0578481246152167,-0.01,0.0,False,0.005760130466099223,0.16131687378332615,0.2880077479641326,0.04252192476461086,4.252192476461086e-06,4.2521924764610866e-06,0.0322639235146494,0.0,0.5631202949694796,-1.0891084090944756,-1.046398521464993,0.5631202949694796
185.0,0.0,0.0,0.10585847759059208,-3.91937733290373,-2.8648180213948735,21.171695518118415,3.0,0.0,-3.0541639056965777,0.01,0.0,False,0.005547688171933974,0.10585847759059205,0.277385588088594,0.04252192476461086,4.252192476461086e-06,4.2521924764610866e-06,0.02117205562108475,0.0,0.1848693131764798,-1.0545593115088563,-0.8652134272071521,0.1848693131764798
186.0,0.0,0.0,0.08981850160390276,-3.4862748819873963,-2.839057058555421,17.96370032078055,3.0,0.0,-3.045639363643191,0.15,0.0,False,0.005619445748963296,0.08981850160390277,0.28097348219641155,0.04252192476461086,4.252192476461086e-06,4.2521924764610866e-06,0.017964005859926736,0.0,0.4331024509163335,-0.6472178234319754,-0.4406355183442052,0.4331024509163335
187.0,0.0,0.0,0.04869351675901133,-3.825735751839225,-2.773991859754865,9.738703351802267,3.0,0.0,-3.0211732205868653,0.19,0.0,False,0.005548907337186262,0.048693516759011325,0.2774465466104147,0.04252192476461086,4.252192476461086e-06,4.2521924764610866e-06,0.009738868994462406,0.0,-0.33946086985182866,-1.0517438920843598,-0.8045625312523597,0.33946086985182866
188.0,0.0,0.0,0.08729252359576697,-3.543793320264486,-2.745520062529669,17.458504719153396,3.0,0.0,-2.999329361687003,0.21,0.0,False,0.005206752657053524,0.08729252359576696,0.2603387398583999,0.04252192476461086,4.252192476461086e-06,4.2521924764610866e-06,0.017458801665580375,0.0,0.28194243157473897,-0.798273257734817,-0.5444639585774831,0.28194243157473897
189.0,0.0,0.0,0.06171908655660596,-4.802953965237097,-2.643484673386538,12.343817311321192,3.0,0.0,-2.9527919566509517,0.04,0.0,False,0.0049963562875171815,0.06171908655660596,0.2498188766492898,0.04252192476461086,4.252192476461086e-06,4.2521924764610866e-06,0.012344027263576831,0.0,-1.259160644972611,-2.159469291850559,-1.8501620085861452,1.259160644972611
190.0,0.0,0.0,0.19152245121457784,-4.963342078177154,-2.6494077792763977,38.30449024291557,3.0,0.0,-2.926589332626652,0.18,0.0,False,0.00469060537114745,0.19152245121457784,0.2345312658252159,0.04252192476461086,4.252192476461086e-06,4.2521924764610866e-06,0.03830514175240609,0.0,-0.16038811294005662,-2.313934298900756,-2.0367527455505017,0.16038811294005662
191.0,0.0,0.0,0.21371405746729444,-4.309534520361569,-2.6358914424220967,42.74281149345889,3.0,0.0,-2.8876887335750143,0.29,0.0,False,0.004591828693088432,0.21371405746729444,0.2295924109213927,0.04252192476461086,4.252192476461086e-06,4.2521924764610866e-06,0.04274353849301333,0.0,0.6538075578155844,-1.6736430779394724,-1.4218457867865548,0.6538075578155844
192.0,0.0,0.0,0.15201514907920413,-3.791827251678167,-2.507280922299319,30.403029815840824,3.0,0.0,-2.8261560658388474,0.09,0.0,False,0.004675205718081394,0.15201514907920413,0.23376127989779868,0.04252192476461086,4.252192476461086e-06,4.2521924764610866e-06,0.0304035469317805,0.0,0.5177072686834023,-1.284546329378848,-0.9656711858393194,0.5177072686834023
193.0,0.0,0.0,0.10120848968778681,-2.564555497395099,-2.5725894051220486,20.241697937557362,3.0,0.0,-2.7893507096858685,0.0,0.0,False,0.005088390023535598,0.10120848968778681,0.2544205830174686,0.04252192476461086,4.252192476461086e-06,4.2521924764610866e-06,0.020242042222476102,0.0,1.227271754283068,0.008033907726949785,0.2247952122907697,1.227271754283068
194.0,0.0,0.0,-0.02199255125812766,-3.830413764202807,-2.649489250896299,-4.398510251625532,3.0,0.0,-2.7797208369013795,-0.11,0.0,False,0.004997360589725853,0.02199255125812766,0.24986909197324772,0.04252192476461086,4.252192476461086e-06,4.2521924764610866e-06,-0.004398585064556208,0.0,-1.265858266807708,-1.180924513306508,-1.0506929273014274,1.265858266807708
195.0,0.0,0.0,0.10049417321110077,-3.6439061141697406,-2.8224265616617994,20.098834642220154,3.0,0.0,-2.784485685804425,0.08,0.0,False,0.0052595189695864,0.10049417321110077,0.26297706670366955,0.04252192476461086,4.252192476461086e-06,4.2521924764610866e-06,0.020099176497220306,0.0,0.18650765003306624,-0.8214795525079412,-0.8594204283653157,0.18650765003306624
196.0,0.0,0.0,0.0785651286582398,-3.3045622208610794,-2.8664246703978793,15.71302573164796,3.0,0.0,-2.8254506660634378,-0.15,0.0,False,0.0056606876446571655,0.0785651286582398,0.283035585749529,0.04252192476461086,4.252192476461086e-06,4.2521924764610866e-06,0.015713292989750705,0.0,0.3393438933086612,-0.43813755046320013,-0.47911155479764167,0.3393438933086612
197.0,0.0,0.0,0.041061560687862035,-2.7926915978455913,-2.961557884675078,8.212312137572408,3.0,0.0,-2.858238123884894,0.01,0.0,False,0.005289198496150024,0.041061560687862035,0.26446104934200376,0.04252192476461086,4.252192476461086e-06,4.2521924764610866e-06,0.008212451818305993,0.0,0.5118706230154881,0.1688662868294868,0.06554652603930267,0.5118706230154881
198.0,0.0,0.0,-0.01622647706213212,-2.0982734890365453,-2.9466079553121975,-3.2452954124264237,3.0,0.0,-2.893937883899488,0.04,0.0,False,0.0053118481983500535,0.016226477062132115,0.26559353926754986,0.04252192476461086,4.252192476461086e-06,4.2521924764610866e-06,-0.003245350610674654,0.0,0.694418108809046,0.8483344662756522,0.7956643948629427,0.694418108809046
199.0,0.0,0.0,-0.0902185324695637,-1.6641315104243712,-3.087814358242291,-18.04370649391274,3.0,0.0,-2.9549598183720964,0.19,0.0,False,0.004848910386935863,0.0902185324695637,0.24244655027180642,0.04252192476461086,4.252192476461086e-06,4.2521924764610866e-06,-0.01804401339385973,0.0,0.4341419786121741,1.4236828478179195,1.2908283079477252,0.4341419786121741
200.0,0.0,0.0,-0.14015784887471175,-2.5843766471964913,-3.1655072231746773,-28.031569774942348,3.0,0.0,-3.0004779950604314,0.14,0.0,False,0.005007374913114192,0.14015784887471175,0.25036981027180616,0.04252192476461086,4.252192476461086e-06,4.2521924764610866e-06,-0.028032046555435362,0.0,-0.92024513677212,0.581130575978186,0.41610134786394015,0.92024513677212
201.0,0.0,0.0,-0.0461101032820463,-2.069000056047585,-3.0430293531817174,-9.22202065640926,3.0,0.0,-3.0657397980790124,0.01,0.0,False,0.005043253932107741,0.0461101032820463,0.25216376884970837,0.04252192476461086,4.252192476461086e-06,4.2521924764610866e-06,-0.009222177510969688,0.0,0.5153765911489061,0.9740292971341322,0.9967397420314272,0.5153765911489061
202.0,0.0,0.0,-0.09657132642472703,-2.6281642488765145,-2.939924834782844,-19.314265284945407,3.0,0.0,-3.0454874834686674,0.0,0.0,False,0.00497331435906953,0.09657132642472703,0.24866677532797146,0.04252192476461086,4.252192476461086e-06,4.2521924764610866e-06,-0.01931459379544263,0.0,-0.5591641928289293,0.3117605859063297,0.4173232345921529,0.5591641928289293
203.0,0.0,0.0,-0.040958896102767824,-1.9995580454523152,-2.9107685137938812,-8.191779220553565,3.0,0.0,-3.0347338522882374,-0.05,0.0,False,0.00512131556397093,0.04095889610276782,0.25606686703952203,0.04252192476461086,4.252192476461086e-06,4.2521924764610866e-06,-0.008191918552048975,0.0,0.6286062034241993,0.911210468341566,1.0351758068359223,0.6286062034241993
204.0,0.0,0.0,-0.10453901210820442,-1.4127531120781085,-2.9215669311383676,-20.907802421640884,3.0,0.0,-3.037761918159685,0.0,0.0,False,0.00504171092660448,0.10453901210820443,0.2520866182464875,0.04252192476461086,4.252192476461086e-06,4.2521924764610866e-06,-0.02090815803612935,0.0,0.5868049333742067,1.5088138190602591,1.6250088060815764,0.5868049333742067
205.0,0.0,0.0,-0.16289313398302788,-1.6068212126989871,-2.9692746244226083,-32.578626796605576,3.0,0.0,-3.0449703925343976,-0.07,0.0,False,0.005219269227944399,0.16289313398302788,0.26096457106408705,0.04252192476461086,4.252192476461086e-06,4.2521924764610866e-06,-0.03257918091661635,0.0,-0.19406810062087865,1.362453411723621,1.4381491798354105,0.19406810062087865
206.0,0.0,0.0,-0.14321232152875862,-1.6071470372434542,-3.0030678304444978,-28.642464305751723,3.0,0.0,-3.041719084556325,-0.01,0.0,False,0.005448639344389649,0.14321232152875862,0.27243312565264366,0.04252192476461086,4.252192476461086e-06,4.2521924764610866e-06,-0.028642951476765068,0.0,-0.0003258245444670571,1.3959207932010436,1.434572047312871,0.0003258245444670571
207.0,0.0,0.0,-0.14500970427545898,-1.5737258196978194,-3.119343836758554,-29.001940855091796,3.0,0.0,-3.0389748763043785,0.01,0.0,False,0.00544593112302474,0.14500970427545898,0.27229771400860436,0.04252192476461086,4.252192476461086e-06,4.2521924764610866e-06,-0.029002434140333055,0.0,0.03342121754563476,1.5456180170607348,1.465249056606559,0.03342121754563476
208.0,0.0,0.0,-0.14806197217990602,-2.541198331299547,-3.0204765450557165,-29.612394435981205,3.0,0.0,-3.057274910456719,0.05,0.0,False,0.005291945475430892,0.14806197217990602,0.2645983988900814,0.04252192476461086,4.252192476461086e-06,4.2521924764610866e-06,-0.029612898104242807,0.0,-0.9674725116017275,0.4792782137561695,0.516076579157172,0.9674725116017275
209.0,0.0,0.0,-0.04773542217560399,-2.2586364364770573,-2.9663545372397317,-9.547084435120798,3.0,0.0,-3.054377020897086,0.06,0.0,False,0.005244315060026308,0.04773542217560399,0.26221686799316746,0.04252192476461086,4.252192476461086e-06,4.2521924764610866e-06,-0.009547246818592732,0.0,0.2825618948224897,0.7077181007626745,0.7957405844200287,0.2825618948224897
210.0,0.0,0.0,-0.07808800710870294,-2.0671752794096,-2.999288508908309,-15.617601421740586,3.0,0.0,-3.018562702065738,0.07,0.0,False,0.0048418242207612485,0.07808800710870294,0.24209224045648856,0.04252192476461086,4.252192476461086e-06,4.2521924764610866e-06,-0.015617867056800103,0.0,0.19146115706745714,0.9321132294987087,0.9513874226561381,0.19146115706745714
211.0,0.0,0.0,-0.09872935538922033,-2.7090117824169653,-3.0414402526141884,-19.745871077844065,3.0,0.0,-3.039533109825902,0.04,0.0,False,0.004908930327509366,0.0987293553892203,0.2454475600612986,0.04252192476461086,4.252192476461086e-06,4.2521924764610866e-06,-0.019746206929393693,0.0,-0.6418365030073652,0.3324284701972231,0.3305213274089369,0.6418365030073652
212.0,0.0,0.0,-0.03823165601015633,-3.0673302583274236,-3.1844251400744326,-7.6463312020312655,3.0,0.0,-3.054489824112912,-0.06,0.0,False,0.005291689207733446,0.03823165601015633,0.26458558545072414,0.04252192476461086,4.252192476461086e-06,4.2521924764610866e-06,-0.007646461256166283,0.0,-0.3583184759104583,0.117094881747009,-0.012840434214511642,0.3583184759104583
213.0,0.0,0.0,-0.004775096866564696,-3.2268344811754486,-3.1492723984729243,-0.9550193733129393,3.0,0.0,-3.0913364709365307,-0.03,0.0,False,0.005237638352627784,0.005770980696434272,0.261883031203709,0.04252192476461086,4.252192476461086e-06,4.2521924764610866e-06,-0.0009550356169486436,0.0,-0.159504222848025,-0.0775620827025243,-0.13549801023891783,0.159504222848025
214.0,0.0,0.0,0.0045747275160345205,-2.9608391967111243,-3.2700364936399082,0.914945503206904,3.0,0.0,-3.1150822422246187,0.07,0.0,False,0.005348833037148941,0.005753147161815204,0.26744278907082697,0.04252192476461086,4.252192476461086e-06,4.2521924764610866e-06,0.000914961065238271,0.0,0.2659952844643243,0.30919729692878395,0.15424304551349444,0.2659952844643243
215.0,0.0,0.0,-0.028263777291159288,-2.99892354031642,-3.332695275179597,-5.652755458231858,3.0,0.0,-3.1810862333840073,0.06,0.0,False,0.005502744612223337,0.028263777291159295,0.2751384005476287,0.04252192476461086,4.252192476461086e-06,4.2521924764610866e-06,-0.005652851604239945,0.0,-0.03808434360529578,0.333771734863177,0.18216269306758726,0.03808434360529578
216.0,0.0,0.0,-0.028260506900618453,-2.220438076123478,-3.297040297604411,-5.652101380123691,3.0,0.0,-3.2434829787737742,0.07,0.0,False,0.005294325792294597,0.028260506900618453,0.2647174152393449,0.04252192476461086,4.252192476461086e-06,4.2521924764610866e-06,-0.005652197515006761,0.0,0.7784854641929422,1.076602221480933,1.0230449026502964,0.7784854641929422
217.0,0.0,0.0,-0.11089584604590984,-2.281609744132215,-3.335721539370704,-22.179169209181968,3.0,0.0,-3.2815346177783455,0.07,0.0,False,0.005195636016899193,0.11089584604590985,0.2597829054871787,0.04252192476461086,4.252192476461086e-06,4.2521924764610866e-06,-0.02217954644796364,0.0,-0.06117166800873708,1.054111795238489,0.9999248736461306,0.06117166800873708
218.0,0.0,0.0,-0.10595760856992102,-2.520129551785714,-3.3958370433747667,-21.191521713984205,3.0,0.0,-3.3294201141066866,0.05,0.0,False,0.005242045417125149,0.10595760856992101,0.2621033853655616,0.04252192476461086,4.252192476461086e-06,4.2521924764610866e-06,-0.021191882154168312,0.0,-0.2385198076534989,0.8757074915890528,0.8092905623209727,0.2385198076534989
219.0,0.0,0.0,-0.08615661366174632,-2.59061817212012,-3.4467510001267936,-17.231322732349263,3.0,0.0,-3.341208357438723,-0.06,0.0,False,0.0054266019700345775,0.08615661366174632,0.2713312522495323,0.04252192476461086,4.252192476461086e-06,4.2521924764610866e-06,-0.01723161581470653,0.0,-0.07048862033440617,0.8561328280066736,0.750590185318603,0.07048862033440617
220.0,0.0,0.0,-0.08397774472506425,-2.528607799964375,-3.4714652981643597,-16.79554894501285,3.0,0.0,-3.3817140061283966,-0.03,0.0,False,0.005452137697867558,0.08397774472506425,0.27260804407032285,0.04252192476461086,4.252192476461086e-06,4.2521924764610866e-06,-0.01679583461542556,0.0,0.06201037215574523,0.9428574981999849,0.8531062061640218,0.06201037215574523
221.0,0.0,0.0,-0.08991666259983036,-2.1028212988910626,-3.4949444600651973,-17.983332519966073,3.0,0.0,-3.4304134738474774,0.03,0.0,False,0.0054807581398149,0.08991666259983036,0.2740390722526714,0.04252192476461086,4.252192476461086e-06,4.2521924764610866e-06,-0.017983638393030396,0.0,0.4257865010733122,1.3921231611741347,1.3275921749564148,0.4257865010733122
222.0,0.0,0.0,-0.13460334839529112,-1.9058852323695161,-3.4720654499649815,-26.92066967905822,3.0,0.0,-3.427793543110488,-0.06,0.0,False,0.005739199942737287,0.13460334839529112,0.28696121734600516,0.04252192476461086,4.252192476461086e-06,4.2521924764610866e-06,-0.026921127564587463,0.0,0.1969360665215465,1.5661802175954653,1.5219083107409719,0.1969360665215465
223.0,0.0,0.0,-0.15802667476596552,-2.2789362229281833,-3.5723287762541585,-31.605334953193104,3.0,0.0,-3.44888340081124,0.06,0.0,False,0.005490540421682529,0.15802667476596552,0.27452818842586,0.04252192476461086,4.252192476461086e-06,4.2521924764610866e-06,-0.03160587251877726,0.0,-0.3730509905586672,1.2933925533259751,1.1699471778830568,0.3730509905586672
224.0,0.0,0.0,-0.12595262477573807,-2.2906915058771697,-3.6893750931531697,-25.190524955147616,3.0,0.0,-3.486185578021045,0.13,0.0,False,0.005612539669447813,0.12595262477573807,0.2806281767523385,0.04252192476461086,4.252192476461086e-06,4.2521924764610866e-06,-0.025190953413168477,0.0,-0.011755282948986423,1.398683587276,1.1954940721438754,0.011755282948986423
225.0,0.0,0.0,-0.13421058925416607,-2.5939820350526275,-3.8052851332261173,-26.842117850833212,3.0,0.0,-3.538489249425736,0.3,0.0,False,0.005352308562481165,0.13421058925416607,0.26761656607636825,0.04252192476461086,4.252192476461086e-06,4.2521924764610866e-06,-0.026842574400298164,0.0,-0.30329052917545773,1.2113030981734898,0.9445072143731084,0.30329052917545773
226.0,0.0,0.0,-0.10755100181644314,-3.3253519970893364,-3.747024182463085,-21.51020036328863,3.0,0.0,-3.6328259328817234,-0.1,0.0,False,0.00533766481246891,0.10755100181644316,0.2668843754623533,0.04252192476461086,4.252192476461086e-06,4.2521924764610866e-06,-0.02151056622378151,0.0,-0.7313699620367089,0.42167218537374884,0.307473935792387,0.7313699620367089
227.0,0.0,0.0,-0.039594381091890764,-4.146685447567357,-3.9117908019945467,-7.918876218378153,3.0,0.0,-3.669514919595096,0.19,0.0,False,0.0051735683276748125,0.039594381091890764,0.2586795163341566,0.04252192476461086,4.252192476461086e-06,4.2521924764610866e-06,-0.00791901090814893,0.0,-0.8213334504780208,-0.23489464557281048,-0.4771705279722611,0.8213334504780208
228.0,0.0,0.0,0.03321039415328224,-3.6638604165154316,-3.9396225463569103,6.642078830656447,3.0,0.0,-3.7213042261547127,0.06,0.0,False,0.005334217555451403,0.03321039415328224,0.266712011878558,0.04252192476461086,4.252192476461086e-06,4.2521924764610866e-06,0.006642191803766586,0.0,0.48282503105192554,0.27576212984147874,0.057443809639281085,0.48282503105192554
229.0,0.0,0.0,-0.020626174136607056,-4.4039129846843625,-4.021378591472035,-4.125234827321411,3.0,0.0,-3.8145744451851273,0.21,0.0,False,0.005033281821031984,0.020626174136607056,0.25166516117575377,0.04252192476461086,4.252192476461086e-06,4.2521924764610866e-06,-0.0041253049921930384,0.0,-0.740052568168931,-0.3825343932123273,-0.5893385394992352,0.740052568168931
230.0,0.0,0.0,0.04742730124477419,-4.228156580056896,-4.003134711061692,9.485460248954839,3.0,0.0,-3.870126543204626,0.14,0.0,False,0.005061017245696537,0.047427301244774206,0.2530519383057996,0.04252192476461086,4.252192476461086e-06,4.2521924764610866e-06,0.009485621584279628,0.0,0.17575640462746644,-0.2250218689952037,-0.35803003685227,0.17575640462746644
231.0,0.0,0.0,0.03159995730345098,-3.4676831465346707,-4.000623758302049,6.319991460690195,3.0,0.0,-3.929629888735944,-0.11,0.0,False,0.00531403952614478,0.03159995730345098,0.26570310612318354,0.04252192476461086,4.252192476461086e-06,4.2521924764610866e-06,0.0063200989555136635,0.0,0.7604734335222254,0.5329406117673781,0.4619467422012735,0.7604734335222254
232.0,0.0,0.0,-0.041939709601373075,-4.007211195229949,-3.8448378800479754,-8.387941920274615,3.0,0.0,-3.912150288567352,0.01,0.0,False,0.005332897773074347,0.04193970960137307,0.2666460224791068,0.04252192476461086,4.252192476461086e-06,4.2521924764610866e-06,-0.008388084588242061,0.0,-0.5395280486952787,-0.16237331518197395,-0.09506090666259759,0.5395280486952787
233.0,0.0,0.0,0.008912737425287252,-4.138583371333213,-3.9097342481519854,1.7825474850574503,3.0,0.0,-3.8870891593342827,0.01,0.0,False,0.005612938050565418,0.009177478337530688,0.28064809589291834,0.04252192476461086,4.252192476461086e-06,4.2521924764610866e-06,0.0017825778038685468,0.0,-0.13137217610326335,-0.2288491231812273,-0.2514942119989301,0.13137217610326335
234.0,0.0,0.0,0.01770935957128157,-4.7643816954021165,-4.063075403179136,3.541871914256314,3.0,0.0,-3.918081926043326,0.15,0.0,False,0.005817332858925097,0.01770935957128157,0.29086787976720563,0.04252192476461086,4.252192476461086e-06,4.2521924764610866e-06,0.0035419321568845737,0.0,-0.6257983240689038,-0.7013062922229807,-0.8462997693587906,0.6257983240689038
235.0,0.0,0.0,0.07870081358515385,-3.721292077697247,-3.9163313657640306,15.740162717030769,3.0,0.0,-3.9614860104401206,-0.03,0.0,False,0.00560068436346591,0.07870081358515384,0.2800354089326911,0.04252192476461086,4.252192476461086e-06,4.2521924764610866e-06,0.015740430436698292,0.0,1.0430896177048696,0.19503928806678372,0.2401939327428737,1.0430896177048696
236.0,0.0,0.0,-0.026612861630419034,-3.668637082490918,-3.999855477008286,-5.322572326083807,3.0,0.0,-3.9773568270002078,-0.02,0.0,False,0.0057405102141784,0.026612861630419034,0.2870267311966372,0.04252192476461086,4.252192476461086e-06,4.2521924764610866e-06,-0.0053226628561068535,0.0,0.05265499520632888,0.3312183945173679,0.30871974450928974,0.05265499520632888
237.0,0.0,0.0,-0.03601807727618436,-4.28295456123325,-4.129377654891214,-7.203615455236872,3.0,0.0,-3.987426352151937,0.11,0.0,False,0.0060122268793814685,0.03601807727618436,0.3006126222263686,0.04252192476461086,4.252192476461086e-06,4.2521924764610866e-06,-0.007203737979353638,0.0,-0.6143174787423322,-0.15357690634203625,-0.29552820908131316,0.6143174787423322
238.0,0.0,0.0,0.01982103030093798,-4.339606364538193,-4.129951421247376,3.964206060187596,3.0,0.0,-4.028825513042622,0.19,0.0,False,0.005644990437671878,0.01982103030093798,0.28225072206288726,0.04252192476461086,4.252192476461086e-06,4.2521924764610866e-06,0.003964273486169622,0.0,-0.056651803304943016,-0.20965494329081746,-0.3107808514955712,0.056651803304943016
239.0,0.0,0.0,0.024196537778386994,-4.396779941957172,-4.008924887496313,4.839307555677399,3.0,0.0,-4.084740044082075,0.04,0.0,False,0.005502824759562922,0.02419653777838699,0.2751424079316481,0.04252192476461086,4.252192476461086e-06,4.2521924764610866e-06,0.004839389865996113,0.0,-0.057173577418978994,-0.387855054460859,-0.31203989787509734,0.057173577418978994
240.0,0.0,0.0,0.03118826881236292,-4.488049461701826,-3.975997672203191,6.2376537624725845,3.0,0.0,-4.097635842337528,0.1,0.0,False,0.005339789021065586,0.03118826881236292,0.26699058634381434,0.04252192476461086,4.252192476461086e-06,4.2521924764610866e-06,0.006237759856839043,0.0,-0.09126951974465403,-0.5120517894986354,-0.3904136193642982,0.09126951974465403
241.0,0.0,0.0,0.04528234851331108,-4.994278700518955,-3.968397530719466,9.056469702662216,3.0,0.0,-4.0848906229074435,0.03,0.0,False,0.005482325354106317,0.04528234851331108,0.274117433300447,0.04252192476461086,4.252192476461086e-06,4.2521924764610866e-06,0.009056623741416537,0.0,-0.506229238817129,-1.0258811697994892,-0.9093880776115117,0.506229238817129
242.0,0.0,0.0,0.09475998298671655,-4.909490050715772,-3.9134157600332533,18.95199659734331,3.0,0.0,-4.0352163491056325,-0.05,0.0,False,0.0054255321453424085,0.09475998298671655,0.27127776078746885,0.04252192476461086,4.252192476461086e-06,4.2521924764610866e-06,0.018952318946121986,0.0,0.08478864980318335,-0.9960742906825186,-0.8742737016101394,0.08478864980318335
243.0,0.0,0.0,0.09045060413451132,-4.773721364523778,-3.829942768597706,18.090120826902265,3.0,0.0,-4.046658723767454,0.11,0.0,False,0.0054217713882876726,0.09045060413451132,0.27108972213515886,0.04252192476461086,4.252192476461086e-06,4.2521924764610866e-06,0.01809042851629661,0.0,0.13576868619199356,-0.9437785959260725,-0.7270626407563245,0.13576868619199356
244.0,0.0,0.0,0.07869469095574248,-4.772282807601389,-3.91645280306325,15.738938191148495,3.0,0.0,-4.004964778701741,0.03,0.0,False,0.005212684168685156,0.07869469095574248,0.2606353167010779,0.04252192476461086,4.252192476461086e-06,4.2521924764610866e-06,0.01573920588998843,0.0,0.0014385569223893668,-0.8558300045381388,-0.7673180288996484,0.0014385569223893668
245.0,0.0,0.0,0.07349565984674386,-4.518596859804545,-3.9672211513949263,14.699131969348773,3.0,0.0,-3.9867577237177136,-0.08,0.0,False,0.005217159915105122,0.07349565984674386,0.260859104973663,0.04252192476461086,4.252192476461086e-06,4.2521924764610866e-06,0.014699381982439136,0.0,0.2536859477968436,-0.5513757084096191,-0.5318391360868318,0.2536859477968436
246.0,0.0,0.0,0.04672114043524681,-4.578321807650279,-3.9683660897052357,9.344228087049363,3.0,0.0,-4.037310583249359,0.08,0.0,False,0.004984057378652889,0.04672114043524681,0.24920392859120877,0.04252192476461086,4.252192476461086e-06,4.2521924764610866e-06,0.00934438702019902,0.0,-0.05972494784573357,-0.6099557179450432,-0.5410112244009202,0.05972494784573357
247.0,0.0,0.0,0.05024863183363923,-4.050006782352809,-4.116313552325791,10.049726366727846,3.0,0.0,-4.0513755220879855,0.02,0.0,False,0.005016463150590159,0.05024863183363923,0.25082422407785127,0.04252192476461086,4.252192476461086e-06,4.2521924764610866e-06,0.010049897299484387,0.0,0.52831502529747,0.06630676997298224,0.001368739735176483,0.52831502529747
248.0,0.0,0.0,-0.003383560331756796,-3.626935346123692,-4.2149459100236415,-0.6767120663513592,3.0,0.0,-4.075824805971175,0.1,0.0,False,0.005019128938238732,0.004912524691350808,0.25095751402705196,0.04252192476461086,4.252192476461086e-06,4.2521924764610866e-06,-0.0006767235763422449,0.0,0.423071436229117,0.5880105638999495,0.4488894598474831,0.423071436229117
249.0,0.0,0.0,-0.05383356196048968,-4.155301799263186,-4.272047402683825,-10.766712392097936,3.0,0.0,-4.083843105047866,0.08,0.0,False,0.005216656280749021,0.05383356196048969,0.26083392314878046,0.04252192476461086,4.252192476461086e-06,4.2521924764610866e-06,-0.010766895519852953,0.0,-0.528366453139494,0.11674560342063867,-0.0714586942153197,0.528366453139494
250.0,0.0,0.0,-0.006608527696368378,-4.468316043196548,-4.406785873878093,-1.3217055392736756,3.0,0.0,-4.165282411261946,0.19,0.0,False,0.005192072965558833,0.007042830905633268,0.2596047521626217,0.04252192476461086,4.252192476461086e-06,4.2521924764610866e-06,-0.001321728019763484,0.0,-0.3130142439333623,-0.06153016931845556,-0.30303363193460253,0.3130142439333623
251.0,0.0,0.0,0.026330858610804055,-4.075251637909146,-4.332969738277506,5.266171722160811,3.0,0.0,-4.221388481263458,-0.05,0.0,False,0.005187277343633051,0.026330858610804055,0.2593649700467372,0.04252192476461086,4.252192476461086e-06,4.2521924764610866e-06,0.005266261292883041,0.0,0.3930644052874026,0.2577181003683604,0.14613684335431198,0.3930644052874026
252.0,0.0,0.0,-0.0161313506494735,-4.264281147560885,-4.380579216259936,-3.2262701298947,3.0,0.0,-4.205001858894564,0.11,0.0,False,0.004928485465350955,0.0161313506494735,0.24642532111098847,0.04252192476461086,4.252192476461086e-06,4.2521924764610866e-06,-0.0032263250045476526,0.0,-0.18902950965173915,0.11629806869905135,-0.05927928866632115,0.18902950965173915
253.0,0.0,0.0,-0.0015032346187036135,-4.5815839906269025,-4.321096486318514,-0.3006469237407227,3.0,0.0,-4.236568574084274,0.0,0.0,False,0.005069948965106806,0.00424350851005009,0.2534985261752825,0.04252192476461086,4.252192476461086e-06,4.2521924764610866e-06,-0.00030065203735332724,0.0,-0.31730284306601764,-0.2604875043083883,-0.3450154165426289,0.31730284306601764
254.0,0.0,0.0,0.03210648898421666,-4.669188873281401,-4.260490838614452,6.421297796843333,3.0,0.0,-4.279313813350068,-0.04,0.0,False,0.005040774558934648,0.03210648898421666,0.25203979966391515,0.04252192476461086,4.252192476461086e-06,4.2521924764610866e-06,0.006421407014755635,0.0,-0.08760488265449862,-0.40869803466694865,-0.38987505993133276,0.08760488265449862
255.0,0.0,0.0,0.040369817835788246,-4.672927352631802,-4.256558791371506,8.07396356715765,3.0,0.0,-4.260512274636191,0.04,0.0,False,0.004875260931109503,0.04036981783578826,0.24376408308286773,0.04252192476461086,4.252192476461086e-06,4.2521924764610866e-06,0.008074100894762242,0.0,-0.003738479350400503,-0.4163685612602954,-0.41241507799561017,0.003738479350400503
256.0,0.0,0.0,0.03484244865550644,-4.773994040236369,-4.28712613813814,6.968489731101288,3.0,0.0,-4.2654821119117345,-0.07,0.0,False,0.005112131920011826,0.03484244865550644,0.25560768288903574,0.04252192476461086,4.252192476461086e-06,4.2521924764610866e-06,0.006968608256035718,0.0,-0.10106668760456738,-0.48686790209822917,-0.5085119283246344,0.10106668760456738
257.0,0.0,0.0,0.0427500973053795,-4.7610374218170035,-4.303561160725252,8.5500194610759,3.0,0.0,-4.324495458236836,-0.04,0.0,False,0.005319838199234443,0.04275009730537951,0.2659930410105204,0.04252192476461086,4.252192476461086e-06,4.2521924764610866e-06,0.008550164885771223,0.0,0.012956618419365462,-0.45747626109175155,-0.4365419635801677,0.012956618419365462
258.0,0.0,0.0,0.04118061090683133,-4.527796327207543,-4.2575036277437475,8.236122181366266,3.0,0.0,-4.346483978100468,0.02,0.0,False,0.005347736403275582,0.04118061090683133,0.26738795714400404,0.04252192476461086,4.252192476461086e-06,4.2521924764610866e-06,0.008236262267077687,0.0,0.2332410946094603,-0.27029269946379575,-0.18131234910707494,0.2332410946094603
259.0,0.0,0.0,0.013774511579010908,-4.468899759733281,-4.399563669095294,2.7549023158021817,3.0,0.0,-4.349222557354497,0.08,0.0,False,0.0052038343832791845,0.013796174222912388,0.26019282554922984,0.04252192476461086,4.252192476461086e-06,4.2521924764610866e-06,0.0027549491731025354,0.0,0.058896567474262085,-0.06933609063798674,-0.11967720237878421,0.058896567474262085
260.0,0.0,0.0,0.006180943137849955,-4.773131019248766,-4.509595381185367,1.236188627569991,3.0,0.0,-4.3900482828237095,-0.02,0.0,False,0.005210693793577054,0.006880953768894504,0.26053579752249995,0.04252192476461086,4.252192476461086e-06,4.2521924764610866e-06,0.00123620965352851,0.0,-0.30423125951548524,-0.2635356380633995,-0.38308273642505686,0.30423125951548524
261.0,0.0,0.0,0.023726944560240888,-4.394926512341867,-4.801276427778005,4.745388912048178,3.0,0.0,-4.407089014226787,0.53,0.0,False,0.004825228724714989,0.023726944560240888,0.24126246212581343,0.04252192476461086,4.252192476461086e-06,4.2521924764610866e-06,0.004745469624933085,0.0,0.3782045069068998,0.4063499154361381,0.012162501884920296,0.3782045069068998
262.0,0.0,0.0,-0.017732670846490047,-3.856063797962735,-4.687263489545941,-3.5465341692980097,3.0,0.0,-4.5358565290696005,0.12,0.0,False,0.0047773333211485434,0.017732670846490047,0.23886768176446738,0.04252192476461086,4.252192476461086e-06,4.2521924764610866e-06,-0.0035465944912251544,0.0,0.5388627143791318,0.8311996915832065,0.6797927311068657,0.5388627143791318
263.0,0.0,0.0,-0.07368327986318761,-3.384994398955299,-4.798065808490317,-14.736655972637521,3.0,0.0,-4.572256990943245,0.13,0.0,False,0.004715708110545179,0.07368327986318761,0.23578640813218632,0.04252192476461086,4.252192476461086e-06,4.2521924764610866e-06,-0.01473690662396231,0.0,0.47106939900743594,1.4130714095350179,1.1872625919879463,0.47106939900743594
264.0,0.0,0.0,-0.12593374098096824,-2.6571090609140664,-4.9076541863121195,-25.186748196193648,3.0,0.0,-4.5929122623690235,0.19,0.0,False,0.004942307152277311,0.12593374098096824,0.24711640839593002,0.04252192476461086,4.252192476461086e-06,4.2521924764610866e-06,-0.02518717658997676,0.0,0.7278853380412325,2.250545125398053,1.935803201454957,0.7278853380412325
265.0,0.0,0.0,-0.20311799617971993,-3.157628367241845,-4.916725913245488,-40.623599235943985,3.0,0.0,-4.644358583490277,0.06,0.0,False,0.005240037947290223,0.20311799617971993,0.26200301144700794,0.04252192476461086,4.252192476461086e-06,4.2521924764610866e-06,-0.04062429019045803,0.0,-0.5005193063277784,1.7590975460036429,1.4867302162484322,0.5005193063277784
266.0,0.0,0.0,-0.1578638374226651,-3.4865481338012003,-4.865192709683695,-31.57276748453302,3.0,0.0,-4.6883322075520235,0.17,0.0,False,0.005172809489596315,0.15786383742266513,0.2586415742688954,0.04252192476461086,4.252192476461086e-06,4.2521924764610866e-06,-0.03157330449618695,0.0,-0.3289197665593555,1.378644575882495,1.2017840737508232,0.3289197665593555
267.0,0.0,0.0,-0.12413866383862411,-3.8706474165898994,-4.734495517575242,-24.82773276772482,3.0,0.0,-4.736300304839584,0.06,0.0,False,0.005099739276087764,0.1241386638386241,0.2549880480580372,0.04252192476461086,4.252192476461086e-06,4.2521924764610866e-06,-0.02482815505512308,0.0,-0.3840992827886991,0.8638481009853427,0.8656528882496843,0.3840992827886991
268.0,0.0,0.0,-0.08841422588182579,-3.8896139243885184,-4.778534207074508,-17.68284517636516,3.0,0.0,-4.727961165262061,0.08,0.0,False,0.0047159619765285024,0.08841422588182578,0.23579910148532687,0.04252192476461086,4.252192476461086e-06,4.2521924764610866e-06,-0.017683145938531132,0.0,-0.01896650779861897,0.8889202826859899,0.8383472408735422,0.01896650779861897
269.0,0.0,0.0,-0.08722910538362302,-3.712871637771576,-4.857868529051725,-17.445821076724606,3.0,0.0,-4.754808473123462,-0.01,0.0,False,0.004914751599900602,0.08722910538362302,0.24573862491851883,0.04252192476461086,4.252192476461086e-06,4.2521924764610866e-06,-0.017446117807419347,0.0,0.17674228661694258,1.1449968912801491,1.041936835351886,0.17674228661694258
270.0,0.0,0.0,-0.10748474670390122,-3.7172882786410946,-4.870131621745026,-21.496949340780244,3.0,0.0,-4.76192352397203,0.02,0.0,False,0.004936570513774394,0.10748474670390121,0.24682957525111954,0.04252192476461086,4.252192476461086e-06,4.2521924764610866e-06,-0.021497314975890486,0.0,-0.004416640869518762,1.1528433431039313,1.044635245330935,0.004416640869518762
271.0,0.0,0.0,-0.11576674448891813,-3.635430685298562,-4.979644765748525,-23.153348897783626,3.0,0.0,-4.78774195710215,0.29,0.0,False,0.004943650512268534,0.11576674448891813,0.24718357668110238,0.04252192476461086,4.252192476461086e-06,4.2521924764610866e-06,-0.02315374270609301,0.0,0.08185759334253273,1.3442140804499636,1.1523112718035882,0.08185759334253273
272.0,0.0,0.0,-0.12891640511890498,-4.1591132105003545,-5.067985817890389,-25.783281023780997,3.0,0.0,-4.874980336654271,0.21,0.0,False,0.005084089960492197,0.12891640511890498,0.25420557895106377,0.04252192476461086,4.252192476461086e-06,4.2521924764610866e-06,-0.025783719563810568,0.0,-0.5236825252017927,0.9088726073900348,0.7158671261539169,0.5236825252017927
273.0,0.0,0.0,-0.08217827731271525,-3.7780682078774293,-5.137262036447228,-16.43565546254305,3.0,0.0,-4.9246221453560075,0.15,0.0,False,0.004898947465849369,0.08217827731271524,0.24494841485584623,0.04252192476461086,4.252192476461086e-06,4.2521924764610866e-06,-0.01643593501163635,0.0,0.3810450026229253,1.3591938285697989,1.1465539374785783,0.3810450026229253
274.0,0.0,0.0,-0.1241557940863027,-3.4552869828224444,-5.108085172832697,-24.83115881726054,3.0,0.0,-4.980913455520132,0.01,0.0,False,0.005119016980408417,0.1241557940863027,0.25595193737269534,0.04252192476461086,4.252192476461086e-06,4.2521924764610866e-06,-0.02483158116293144,0.0,0.32278122505498485,1.6527981900102522,1.5256264726976876,0.32278122505498485
275.0,0.0,0.0,-0.16392110965218898,-3.737976888543528,-5.195293234583383,-32.784221930437795,3.0,0.0,-5.019652545457131,0.1,0.0,False,0.005360309214190931,0.16392110965218898,0.2680166003628721,0.04252192476461086,4.252192476461086e-06,4.2521924764610866e-06,-0.03278477954735403,0.0,-0.28268990572108343,1.4573163460398555,1.281675656913603,0.28268990572108343
276.0,0.0,0.0,-0.14290460844042177,-3.4368938708718493,-5.367656031190203,-28.580921688084356,3.0,0.0,-5.094532930549792,0.17,0.0,False,0.0053570829655712774,0.14290460844042177,0.2678552872459579,0.04252192476461086,4.252192476461086e-06,4.2521924764610866e-06,-0.028581407812337926,0.0,0.30108301767167855,1.9307621603183533,1.6576390596779427,0.30108301767167855
277.0,0.0,0.0,-0.17935484108758323,-3.03382818105613,-5.404745837454961,-35.87096821751665,3.0,0.0,-5.167053355842787,0.1,0.0,False,0.005647296534154822,0.17935484108758323,0.2823660273773328,0.04252192476461086,4.252192476461086e-06,4.2521924764610866e-06,-0.035871578335966985,0.0,0.40306568981571944,2.370917656398831,2.1332251747866575,0.40306568981571944
278.0,0.0,0.0,-0.22288109863430972,-3.536092780951467,-5.412490397073402,-44.57621972686194,3.0,0.0,-5.230480414312974,0.1,0.0,False,0.005245634383885959,0.22288109863430972,0.26228283446665107,0.04252192476461086,4.252192476461086e-06,4.2521924764610866e-06,-0.044576977910302566,0.0,-0.5022645998953372,1.8763976161219347,1.694387633361507,0.5022645998953372
279.0,0.0,0.0,-0.17829244902805222,-4.175980342140699,-5.49713083246695,-35.658489805610444,3.0,0.0,-5.262686554065763,0.19,0.0,False,0.005247512846918225,0.17829244902805222,0.2623767580176436,0.04252192476461086,4.252192476461086e-06,4.2521924764610866e-06,-0.03565909631007973,0.0,-0.6398875611892318,1.321150490326251,1.0867062119250637,0.6398875611892318
280.0,0.0,0.0,-0.11462401083653692,-3.247512978175566,-5.444461908794719,-22.924802167307384,3.0,0.0,-5.319055177922505,-0.01,0.0,False,0.00517399275385817,0.11462401083653692,0.2587007377335615,0.04252192476461086,4.252192476461086e-06,4.2521924764610866e-06,-0.022925192088334545,0.0,0.9284673639651331,2.196948930619153,2.071542199746939,0.9284673639651331
281.0,0.0,0.0,-0.21292416294556243,-3.2927012189499014,-5.4312121451314885,-42.58483258911249,3.0,0.0,-5.322244820673892,0.04,0.0,False,0.004850734102888477,0.2129241629455624,0.2425377364571767,0.04252192476461086,4.252192476461086e-06,4.2521924764610866e-06,-0.04258555690165152,0.0,-0.045188240774335586,2.138510926181587,2.0295436017239905,0.045188240774335586
282.0,0.0,0.0,-0.21453304056893793,-3.684922995949636,-5.573206681064253,-42.906608113787584,3.0,0.0,-5.376799877357374,0.16,0.0,False,0.005013391843404428,0.21453304056893793,0.2506706580655752,0.04252192476461086,4.252192476461086e-06,4.2521924764610866e-06,-0.0429073378993092,0.0,-0.3922217769997345,1.888283685114617,1.6918768814077385,0.3922217769997345
283.0,0.0,0.0,-0.17709328147917516,-3.5449493876151097,-5.427002249959396,-35.418656295835035,3.0,0.0,-5.438077236428331,0.06,0.0,False,0.004865092115114238,0.17709328147917516,0.24325564012111636,0.04252192476461086,4.252192476461086e-06,4.2521924764610866e-06,-0.03541925872104868,0.0,0.1399736083345262,1.8820528623442865,1.8931278488132213,0.1399736083345262
284.0,0.0,0.0,-0.18561365443491898,-4.470705035731858,-5.2857374576801535,-37.122730886983796,3.0,0.0,-5.455893462477343,-0.02,0.0,False,0.004999989379528585,0.18561365443491895,0.2500005320222903,0.04252192476461086,4.252192476461086e-06,4.2521924764610866e-06,-0.03712336229628682,0.0,-0.9257556481167484,0.8150324219482954,0.9851884267454851,0.9257556481167484
285.0,0.0,0.0,-0.09232905649358086,-4.2300815793683135,-5.336632871182025,-18.465811298716172,3.0,0.0,-5.401125395213543,-0.01,0.0,False,0.00524009236766028,0.09232905649358088,0.2620057324770811,0.04252192476461086,4.252192476461086e-06,4.2521924764610866e-06,-0.018466125378116136,0.0,0.24062345636354454,1.1065512918137115,1.1710438158452297,0.24062345636354454
286.0,0.0,0.0,-0.1170965589181487,-5.038678040965694,-5.286218605805113,-23.41931178362974,3.0,0.0,-5.394015230713635,0.08,0.0,False,0.004658582082725105,0.11709655891814869,0.23293009459563938,0.04252192476461086,4.252192476461086e-06,4.2521924764610866e-06,-0.02341971011562142,0.0,-0.8085964615973804,0.24754056483941866,0.3553371897479414,0.8085964615973804
287.0,0.0,0.0,-0.034451413828926525,-5.286958190248982,-5.36209844855657,-6.890282765785305,3.0,0.0,-5.401072064405143,0.04,0.0,False,0.005048000604876719,0.03445141382892653,0.2524011034973456,0.04252192476461086,4.252192476461086e-06,4.2521924764610866e-06,-0.006890399960521114,0.0,-0.24828014928328823,0.07514025830758797,0.11411387415616048,0.24828014928328823
288.0,0.0,0.0,-0.012727851681709201,-5.417113770460302,-5.34724815515931,-2.5455703363418403,3.0,0.0,-5.383199503957092,-0.12,0.0,False,0.005146643062338132,0.012727851681709201,0.257333247342752,0.04252192476461086,4.252192476461086e-06,4.2521924764610866e-06,-0.0025456136331778617,0.0,-0.13015558021132012,-0.06986561530099245,-0.033914266503209944,0.13015558021132012
289.0,0.0,0.0,0.003924913467125609,-5.108427546178148,-5.117745114902394,0.7849826934251218,3.0,0.0,-5.414239413129832,0.09,0.0,False,0.005218469162754154,0.005351911563374541,0.26092456763447325,0.04252192476461086,4.252192476461086e-06,4.2521924764610866e-06,0.0007849960449583604,0.0,0.3086862242821544,0.009317568724245717,0.30581186695168405,0.3086862242821544
290.0,0.0,0.0,-0.026520062350227667,-4.882684158556887,-5.195747328016345,-5.304012470045533,3.0,0.0,-5.37786380131467,-0.05,0.0,False,0.00516133982198032,0.026520062350227667,0.25806808844953394,0.04252192476461086,4.252192476461086e-06,4.2521924764610866e-06,-0.0053041026843896,0.0,0.2257433876212609,0.31306316945945767,0.49517964275778326,0.2257433876212609
291.0,0.0,0.0,-0.045530936085975755,-4.429337319606181,-5.1685417708758195,-9.106187217195151,3.0,0.0,-5.373633808100904,0.13,0.0,False,0.005288498966594075,0.04553093608597575,0.2644260727154795,0.04252192476461086,4.252192476461086e-06,4.2521924764610866e-06,-0.00910634210157964,0.0,0.45334683895070604,0.7392044512696385,0.9442964884947234,0.45334683895070604
292.0,0.0,0.0,-0.08859966928357094,-4.164123582039859,-5.10825419580162,-17.71993385671419,3.0,0.0,-5.338003199731837,0.0,0.0,False,0.005617671368569138,0.08859966928357096,0.2808847627994533,0.04252192476461086,4.252192476461086e-06,4.2521924764610866e-06,-0.01772023524971031,0.0,0.26521373756632194,0.9441306137617609,1.173879617691978,0.26521373756632194
293.0,0.0,0.0,-0.11622538597429932,-3.962822010015484,-5.041852611881801,-23.245077194859864,3.0,0.0,-5.315352849584246,-0.02,0.0,False,0.005609862216411141,0.11622538597429934,0.28049430353125254,0.04252192476461086,4.252192476461086e-06,4.2521924764610866e-06,-0.02324547256334811,0.0,0.20130157202437493,1.0790306018663167,1.3525308395687623,0.20130157202437493
294.0,0.0,0.0,-0.1380739751553829,-3.813974705103632,-5.273045100158618,-27.61479503107658,3.0,0.0,-5.326402152418442,0.06,0.0,False,0.005602146207746604,0.1380739751553829,0.28010850145752797,0.04252192476461086,4.252192476461086e-06,4.2521924764610866e-06,-0.027615264722774015,0.0,0.14884730491185216,1.4590703950549861,1.5124274473148103,0.14884730491185216
295.0,0.0,0.0,-0.15520434272804687,-4.039759069414958,-5.288039927271648,-31.040868545609374,3.0,0.0,-5.3435911174252295,-0.11,0.0,False,0.005887886327133953,0.15520434272804687,0.2943955681779947,0.04252192476461086,4.252192476461086e-06,4.2521924764610866e-06,-0.031041396510355108,0.0,-0.22578436431132642,1.24828085785669,1.3038320480102712,0.22578436431132642
296.0,0.0,0.0,-0.13347582918470968,-4.976566907166429,-5.194611884432721,-26.69516583694194,3.0,0.0,-5.366051130321022,0.18,0.0,False,0.0055086252683046654,0.1334758291847097,0.2754324346019793,0.04252192476461086,4.252192476461086e-06,4.2521924764610866e-06,-0.02669561988694453,0.0,-0.9368078377514708,0.2180449772662918,0.38948422315459297,0.9368078377514708
297.0,0.0,0.0,-0.03942407417741331,-5.140477877502899,-5.2794540147435205,-7.884814835482662,3.0,0.0,-5.3745457395078855,-0.01,0.0,False,0.005315998623646861,0.03942407417741331,0.2658010614148106,0.04252192476461086,4.252192476461086e-06,4.2521924764610866e-06,-0.007884948945913678,0.0,-0.16391097033647029,0.13897613724062108,0.23406786200498608,0.16391097033647029
298.0,0.0,0.0,-0.02745558848152152,-4.854210060977478,-5.3300314157142585,-5.491117696304304,3.0,0.0,-5.370816030878142,-0.03,0.0,False,0.005198626189494376,0.02745558848152152,0.2599324147526773,0.04252192476461086,4.252192476461086e-06,4.2521924764610866e-06,-0.0054912110930645805,0.0,0.2862678165254211,0.4758213547367802,0.516605969900664,0.2862678165254211
299.0,0.0,0.0,-0.057570039545088526,-4.822535898735917,-5.279364006527622,-11.514007909017705,3.0,0.0,-5.415039599640453,-0.01,0.0,False,0.005309773668231546,0.057570039545088526,0.2654898123205594,0.04252192476461086,4.252192476461086e-06,4.2521924764610866e-06,-0.011514203747296172,0.0,0.03167416224156128,0.45682810779170513,0.592503700904536,0.03167416224156128
300.0,0.0,0.0,-0.0577623717038595,-5.015303671483807,-5.302091189447736,-11.5524743407719,3.0,0.0,-5.429922696372814,0.05,0.0,False,0.005463336551726558,0.0577623717038595,0.27316798914425694,0.04252192476461086,4.252192476461086e-06,4.2521924764610866e-06,-0.011552670833314271,0.0,-0.1927677727478896,0.286787517963929,0.41461902488900737,0.1927677727478896
301.0,0.0,0.0,-0.037672574897487716,-5.312831193839606,-5.354240099689338,-7.534514979497543,3.0,0.0,-5.4001718966106305,-0.01,0.0,False,0.005255442064397912,0.037672574897487716,0.2627732205774559,0.04252192476461086,4.252192476461086e-06,4.2521924764610866e-06,-0.007534643131784246,0.0,-0.29752752235579916,0.04140890584973178,0.08734070277102468,0.29752752235579916
302.0,0.0,0.0,-0.011866834462174979,-5.11815927274603,-5.428173769758759,-2.3733668924349955,3.0,0.0,-5.392037430010661,0.11,0.0,False,0.005116409003834013,0.01189506157662439,0.25582153798949425,0.04252192476461086,4.252192476461086e-06,4.2521924764610866e-06,-0.002373407260314717,0.0,0.19467192109357612,0.31001449701272943,0.2738781572646314,0.19467192109357612
303.0,0.0,0.0,-0.03883561885221586,-5.731109558324076,-5.574074476471267,-7.767123770443173,3.0,0.0,-5.431502061464567,0.11,0.0,False,0.005154292249574207,0.03883561885221586,0.25771570833084656,0.04252192476461086,4.252192476461086e-06,4.2521924764610866e-06,-0.007767255879102456,0.0,-0.6129502855780462,-0.15703508185280857,-0.29960749685950905,0.6129502855780462
304.0,0.0,0.0,0.02054536448962951,-5.500548115504863,-5.584594866116963,4.109072897925902,3.0,0.0,-5.506523718094503,-0.04,0.0,False,0.005193021841926628,0.02054536448962951,0.25965219618275165,0.04252192476461086,4.252192476461086e-06,4.2521924764610866e-06,0.00410914278790416,0.0,0.2305614428192131,0.08404675061210032,0.005975602589639806,0.2305614428192131
305.0,0.0,0.0,-0.008560302383992758,-5.1759124786485105,-5.581375630031605,-1.7120604767985517,3.0,0.0,-5.525651545285566,0.12,0.0,False,0.005131948056736398,0.008755534458960452,0.25659849393836565,0.04252192476461086,4.252192476461086e-06,4.2521924764610866e-06,-0.0017120895967174413,0.0,0.3246356368563523,0.40546315138309463,0.34973906663705545,0.3246356368563523
306.0,0.0,0.0,-0.04762961885956577,-5.234383898098426,-5.7778810677586785,-9.525923771913154,3.0,0.0,-5.5861529593474595,0.15,0.0,False,0.005287085101696117,0.04762961885956577,0.26435537916998036,0.04252192476461086,4.252192476461086e-06,4.2521924764610866e-06,-0.009526085795469768,0.0,-0.05847141944991563,0.5434971696602524,0.3517690612490334,0.05847141944991563
307.0,0.0,0.0,-0.04789911814350226,-4.288729339716689,-5.751455048927547,-9.579823628700453,3.0,0.0,-5.652218793759516,0.1,0.0,False,0.00495941214728259,0.04789911814350226,0.24797166178288044,0.04252192476461086,4.252192476461086e-06,4.2521924764610866e-06,-0.00957998656902343,0.0,0.9456545583817375,1.4627257092108588,1.3634894540428277,0.9456545583817375
308.0,0.0,0.0,-0.14277714260523566,-3.62573469145271,-5.739056645902335,-28.555428521047133,3.0,0.0,-5.713385263346939,0.17,0.0,False,0.004684794725808035,0.14277714260523566,0.23424073232284603,0.04252192476461086,4.252192476461086e-06,4.2521924764610866e-06,-0.028555914211695135,0.0,0.6629946482639784,2.1133219544496247,2.0876505718942284,0.6629946482639784
309.0,0.0,0.0,-0.20752609729299773,-3.3495020454896154,-5.567082458083903,-41.50521945859955,3.0,0.0,-5.716531121563623,-0.07,0.0,False,0.004713126096312875,0.2075260972929977,0.2356573068716101,0.04252192476461086,4.252192476461086e-06,4.2521924764610866e-06,-0.04150592540832534,0.0,0.2762326459630948,2.217580412594288,2.3670290760740076,0.2762326459630948
310.0,0.0,0.0,-0.23309686177936853,-4.0136279609900924,-5.638560236078085,-46.61937235587371,3.0,0.0,-5.701039786428164,-0.06,0.0,False,0.00510830920828842,0.23309686177936853,0.2554165464901201,0.04252192476461086,4.252192476461086e-06,4.2521924764610866e-06,-0.04662016529067951,0.0,-0.6641259155004771,1.6249322750879927,1.6874118254380717,0.6641259155004771
311.0,0.0,0.0,-0.16743093350986107,-4.33972617929863,-5.488509993679192,-33.486186701972215,3.0,0.0,-5.680520221919396,0.0,0.0,False,0.00517899497563488,0.16743093350986107,0.25895084988591754,0.04252192476461086,4.252192476461086e-06,4.2521924764610866e-06,-0.03348675625839496,0.0,-0.32609821830853747,1.148783814380562,1.3407940426207663,0.32609821830853747
312.0,0.0,0.0,-0.12994288209317045,-4.329926550688167,-5.3702588734897425,-25.98857641863409,3.0,0.0,-5.687972893516491,0.07,0.0,False,0.00573072916549335,0.12994288209317043,0.2865376766828396,0.04252192476461086,4.252192476461086e-06,4.2521924764610866e-06,-0.025989018450470948,0.0,0.009799628610463351,1.040332322801576,1.3580463428283247,0.009799628610463351
313.0,0.0,0.0,-0.13192450339102252,-4.183318349124757,-5.4424370862512585,-26.384900678204502,3.0,0.0,-5.639182627337614,0.1,0.0,False,0.005424790522382185,0.13192450339102252,0.2712406794817815,0.04252192476461086,4.252192476461086e-06,4.2521924764610866e-06,-0.026385349451000836,0.0,0.14660820156340915,1.2591187371265011,1.4558642782128564,0.14660820156340915
314.0,0.0,0.0,-0.14825342832524463,-3.7383111752898164,-5.520265626025285,-29.650685665048925,3.0,0.0,-5.649199633017429,-0.17,0.0,False,0.005370422359200338,0.14825342832524463,0.2685222597634944,0.04252192476461086,4.252192476461086e-06,4.2521924764610866e-06,-0.029651189984594463,0.0,0.44500717383494104,1.7819544507354688,1.9108884577276126,0.44500717383494104
315.0,0.0,0.0,-0.18767604452776454,-2.921636431135436,-5.458571551672436,-37.535208905552906,3.0,0.0,-5.665884152482829,0.12,0.0,False,0.005367866965784186,0.18767604452776454,0.2683944895493856,0.04252192476461086,4.252192476461086e-06,4.2521924764610866e-06,-0.03753584733056981,0.0,0.8166747441543802,2.5369351205369997,2.744247721347393,0.8166747441543802
316.0,0.0,0.0,-0.26550713683281235,-3.85703601474896,-5.398333160027886,-53.10142736656247,3.0,0.0,-5.615111522300688,0.17,0.0,False,0.00515191577358955,0.26550713683281235,0.2575968840263521,0.04252192476461086,4.252192476461086e-06,4.2521924764610866e-06,-0.053102330552681654,0.0,-0.935399583613524,1.541297145278926,1.7580755075517276,0.935399583613524
317.0,0.0,0.0,-0.16817113778912682,-3.738527051743023,-5.317887627632249,-33.63422755782536,3.0,0.0,-5.576764248836041,0.11,0.0,False,0.00502661032044875,0.16817113778912676,0.2513315847281668,0.04252192476461086,4.252192476461086e-06,4.2521924764610866e-06,-0.033634799632230254,0.0,0.11850896300593705,1.579360575889226,1.8382371970930182,0.11850896300593705
318.0,0.0,0.0,-0.17358111874397408,-3.505332220867061,-5.183661519826818,-34.71622374879482,3.0,0.0,-5.53878314744257,0.25,0.0,False,0.004987201220858803,0.17358111874397408,0.24936112136991564,0.04252192476461086,4.252192476461086e-06,4.2521924764610866e-06,-0.034716814226545704,0.0,0.23319483087596193,1.6783292989597567,2.0334509265755085,0.23319483087596193
319.0,0.0,0.0,-0.19665699387569066,-4.392038460256894,-5.37439367433452,-39.33139877513813,3.0,0.0,-5.47437514419912,0.06,0.0,False,0.005030623087592821,0.1966569938756907,0.2515322239385232,0.04252192476461086,4.252192476461086e-06,4.2521924764610866e-06,-0.03933206775100533,0.0,-0.8867062393898331,0.9823552140776259,1.0823366839422262,0.8867062393898331
320.0,0.0,0.0,-0.10516069335833036,-4.61193365784556,-5.233171067859994,-21.032138671666072,3.0,0.0,-5.471943970793457,0.21,0.0,False,0.004779614236035926,0.10516069335833036,0.238981727993781,0.04252192476461086,4.252192476461086e-06,4.2521924764610866e-06,-0.021032496400952214,0.0,-0.2198951975886656,0.6212374100144338,0.8600103129478969,0.2198951975886656
321.0,0.0,0.0,-0.08426303913257133,-4.994682910643299,-5.3550969594561115,-16.852607826514266,3.0,0.0,-5.443667752015653,-0.12,0.0,False,0.004709585610475666,0.08426303913257133,0.23548028182700828,0.04252192476461086,4.252192476461086e-06,4.2521924764610866e-06,-0.01685289446742423,0.0,-0.38274925279773875,0.3604140488128129,0.4489848413723543,0.38274925279773875
322.0,0.0,0.0,-0.045783735830286554,-5.560767774634428,-5.400372356616968,-9.156747166057311,3.0,0.0,-5.454581964304324,-0.03,0.0,False,0.004931017801817826,0.045783735830286554,0.24655193847273116,0.04252192476461086,4.252192476461086e-06,4.2521924764610866e-06,-0.009156902910400682,0.0,-0.5660848639911293,-0.16039541801746005,-0.10618581033010432,0.5660848639911293
323.0,0.0,0.0,0.00896479743726842,-6.32225871657459,-5.4035987317142204,1.792959487453684,3.0,0.0,-5.452530003009016,-0.01,0.0,False,0.005176105480214451,0.009149488058641044,0.25880637450056154,0.04252192476461086,4.252192476461086e-06,4.2521924764610866e-06,0.0017929899833593805,0.0,-0.7614909419401616,-0.9186599848603691,-0.869728713565574,0.7614909419401616
324.0,0.0,0.0,0.0874662834833371,-6.440749428882192,-5.324201805071249,17.49325669666742,3.0,0.0,-5.4711178942595335,0.09,0.0,False,0.0053446922835904956,0.08746628348333708,0.2672357505125406,0.04252192476461086,4.252192476461086e-06,4.2521924764610866e-06,0.017493554234180274,0.0,-0.11849071230760266,-1.116547623810943,-0.9696315346226587,0.11849071230760266
325.0,0.0,0.0,0.10135855543396093,-6.359102277456962,-5.161011964166108,20.271711086792184,3.0,0.0,-5.447577285567592,0.16,0.0,False,0.005176827973809047,0.10135855543396093,0.25884249933390036,0.04252192476461086,4.252192476461086e-06,4.2521924764610866e-06,0.020272055882195505,0.0,0.08164715142522994,-1.1980903132908542,-0.9115249918893706,0.08164715142522994
326.0,0.0,0.0,0.09588976425238345,-6.612094780377981,-5.199992811618923,19.17795285047669,3.0,0.0,-5.4271423247382415,0.1,0.0,False,0.005128643002486344,0.09588976425238345,0.2564332405231766,0.04252192476461086,4.252192476461086e-06,4.2521924764610866e-06,0.019178279042476938,0.0,-0.2529925029210185,-1.4121019687590577,-1.1849524556397393,0.2529925029210185
327.0,0.0,0.0,0.11939713092951428,-6.316576104420187,-5.322368113500004,23.879426185902854,3.0,0.0,-5.400184247846423,0.03,0.0,False,0.004865974966216622,0.11939713092951428,0.24329978286393816,0.04252192476461086,4.252192476461086e-06,4.2521924764610866e-06,0.02387983234384125,0.0,0.29551867595779413,-0.9942079909201826,-0.9163918565737639,0.29551867595779413
328.0,0.0,0.0,0.08407576997202763,-6.640209288720171,-5.5316316744524,16.815153994405527,3.0,0.0,-5.418098086103747,0.16,0.0,False,0.004774131104200618,0.08407576997202763,0.238707570236249,0.04252192476461086,4.252192476461086e-06,4.2521924764610866e-06,0.01681543999827459,0.0,-0.3236331842999842,-1.1085776142677712,-1.222111202616424,0.3236331842999842
329.0,0.0,0.0,0.11224752157290029,-6.4142407321827015,-5.6651537534798635,22.449504314580057,3.0,0.0,-5.475800529382085,0.11,0.0,False,0.004736625090746684,0.1122475215729003,0.23683226158941295,0.04252192476461086,4.252192476461086e-06,4.2521924764610866e-06,0.022449886151409783,0.0,0.2259685565374694,-0.749086978702838,-0.9384402028006162,0.2259685565374694
330.0,0.0,0.0,0.08485197556177068,-6.335361218721547,-5.740252734240217,16.970395112354137,3.0,0.0,-5.5177102080878315,0.08,0.0,False,0.004646411282981236,0.0848519755617707,0.23232155202081678,0.04252192476461086,4.252192476461086e-06,4.2521924764610866e-06,0.01697068375667243,0.0,0.07887951346115418,-0.5951084844813304,-0.8176510106337158,0.07887951346115418
331.0,0.0,0.0,0.07199100888475438,-6.28341173265775,-5.7624277144729055,14.398201776950875,3.0,0.0,-5.56570293621839,0.01,0.0,False,0.005117010217813808,0.07199100888475436,0.25585159881630787,0.04252192476461086,4.252192476461086e-06,4.2521924764610866e-06,0.014398446671610604,0.0,0.05194948606379768,-0.5209840181848442,-0.7177087964393598,0.05194948606379768
332.0,0.0,0.0,0.05711944258364257,-5.657598084442986,-5.911439060324301,11.423888516728514,3.0,0.0,-5.615435823892686,0.25,0.0,False,0.005099656480060326,0.05711944258364257,0.2549839082390621,0.04252192476461086,4.252192476461086e-06,4.2521924764610866e-06,0.01142408282219349,0.0,0.6258136482147636,0.2538409758813147,-0.04216226055029981,0.6258136482147636
333.0,0.0,0.0,-0.00991718855417777,-5.418318897789723,-5.921022377796184,-1.983437710835554,3.0,0.0,-5.712205162678124,0.04,0.0,False,0.005256610972496891,0.009984398096296436,0.26283166623092596,0.04252192476461086,4.252192476461086e-06,4.2521924764610866e-06,-0.0019834714465277476,0.0,0.2392791866532633,0.5027034800064616,0.2938862648884015,0.2392791866532633
334.0,0.0,0.0,-0.04067987363351889,-5.480511524422049,-6.078808162423029,-8.135974726703777,3.0,0.0,-5.756772078474492,0.4,0.0,False,0.004796222597342137,0.040679873633518875,0.239812149590189,0.04252192476461086,4.252192476461086e-06,4.2521924764610866e-06,-0.008136113109037427,0.0,-0.062192626632326053,0.5982966380009804,0.27626055405244276,0.062192626632326053
335.0,0.0,0.0,-0.04041526784223662,-5.486974248705718,-6.0147426281746075,-8.083053568447324,3.0,0.0,-5.825126283057541,0.16,0.0,False,0.004934428275282763,0.04041526784223663,0.2467224628710775,0.04252192476461086,4.252192476461086e-06,4.2521924764610866e-06,-0.008083191050661,0.0,-0.006462724283669452,0.5277683794688892,0.33815203435182273,0.006462724283669452
336.0,0.0,0.0,-0.04820307090217332,-5.909138681470247,-6.140131535905637,-9.640614180434664,3.0,0.0,-5.8846727955193066,0.13,0.0,False,0.005298136933357112,0.04820307090217332,0.26490797310275593,0.04252192476461086,4.252192476461086e-06,4.2521924764610866e-06,-0.00964077815472575,0.0,-0.42216443276452864,0.23099285443539053,-0.024465885950940347,0.42216443276452864
337.0,0.0,0.0,-0.013624307461529792,-5.517913244202906,-6.127635926767119,-2.7248614923059584,3.0,0.0,-5.969015206164222,0.15,0.0,False,0.005115595895003485,0.01362430746152979,0.25578088237509305,0.04252192476461086,4.252192476461086e-06,4.2521924764610866e-06,-0.0027249078386510305,0.0,0.39122543726734094,0.6097226825642128,0.45110196196131636,0.39122543726734094
338.0,0.0,0.0,-0.05080175821065441,-6.096230315885788,-5.973355396052547,-10.160351642130882,3.0,0.0,-6.045384652744429,0.06,0.0,False,0.004902355461137763,0.05080175821065442,0.24511881534483854,0.04252192476461086,4.252192476461086e-06,4.2521924764610866e-06,-0.010160524456479277,0.0,-0.578317071682882,-0.12287491983324106,-0.05084566314135941,0.578317071682882
339.0,0.0,0.0,0.01019820685543656,-6.6448948462285,-5.862020532490771,2.039641371087312,3.0,0.0,-6.025941627252153,0.09,0.0,False,0.004819416434594482,0.010211686847248734,0.2409718463840393,0.04252192476461086,4.252192476461086e-06,4.2521924764610866e-06,0.0020396760627305658,0.0,-0.5486645303427116,-0.7828743137377288,-0.6189532189763467,0.5486645303427116
340.0,0.0,0.0,0.06611329912455877,-6.7994143467284385,-5.786963760182947,13.222659824911753,3.0,0.0,-5.994246079094499,0.1,0.0,False,0.004642694311666457,0.06611329912455877,0.23213570266481393,0.04252192476461086,4.252192476461086e-06,4.2521924764610866e-06,0.013222884725133928,0.0,-0.1545195004999389,-1.0124505865454916,-0.8051682676339391,0.1545195004999389
341.0,0.0,0.0,0.0816096911990461,-7.957999651660762,-5.860240647925236,16.32193823980922,3.0,0.0,-5.983747798659255,-0.02,0.0,False,0.004844920794960136,0.0816096911990461,0.2422470698247944,0.04252192476461086,4.252192476461086e-06,4.2521924764610866e-06,0.01632221585472067,0.0,-1.1585853049323234,-2.0977590037355256,-1.9742518530015065,1.1585853049323234
342.0,0.0,0.0,0.19474293681382002,-9.573544405373537,-6.005996291677793,38.948587362764,3.0,0.0,-5.9833000837322325,-0.12,0.0,False,0.0051521178704143624,0.19474293681382002,0.25760698891056044,0.04252192476461086,4.252192476461086e-06,4.2521924764610866e-06,0.03894924982750765,0.0,-1.6155447537127756,-3.5675481136957448,-3.590244321641305,1.6155447537127756
343.0,0.0,0.0,0.3560296224970926,-9.922103040089953,-5.882879779623683,71.20592449941851,3.0,0.0,-6.010528879300025,0.05,0.0,False,0.0048201559080477815,0.3560296224970925,0.24100882021392345,0.04252192476461086,4.252192476461086e-06,4.2521924764610866e-06,0.07120713561945427,0.0,-0.3485586347164151,-4.03922326046627,-3.911574160789928,0.3485586347164151
344.0,0.0,0.0,0.3951517815258987,-9.511035848175576,-5.708553739123442,79.03035630517974,3.0,0.0,-6.013172485078506,0.04,0.0,False,0.004701050207378115,0.3951517815258987,0.23505350985742185,0.04252192476461086,4.252192476461086e-06,4.2521924764610866e-06,0.07903170050860982,0.0,0.4110671919143769,-3.802482109052134,-3.4978633630970695,0.4110671919143769
345.0,0.0,0.0,0.35797207323905084,-10.432233327219713,-5.791299079286273,71.59441464781017,3.0,0.0,-5.970501211759347,0.05,0.0,False,0.0050397876198139705,0.35797207323905084,0.25199045249804847,0.04252192476461086,4.252192476461086e-06,4.2521924764610866e-06,0.07159563237555738,0.0,-0.9211974790441371,-4.64093424793344,-4.461732115460366,0.9211974790441371
346.0,0.0,0.0,0.4455793618218695,-10.19327603709857,-5.9690075657063435,89.1158723643739,3.0,0.0,-5.93123900747724,0.09,0.0,False,0.004996234544180383,0.4455793618218695,0.249812789456566,0.04252192476461086,4.252192476461086e-06,4.2521924764610866e-06,0.08911738810929659,0.0,0.2389572901211423,-4.224268471392227,-4.262037029621331,0.2389572901211423
347.0,0.0,0.0,0.4234817921219322,-10.784503170187492,-5.764579082876177,84.69635842438645,3.0,0.0,-5.976344974540521,0.04,0.0,False,0.0052033610049254195,0.4234817921219322,0.26016915653089684,0.04252192476461086,4.252192476461086e-06,4.2521924764610866e-06,0.08469779899913307,0.0,-0.5912271330889212,-5.019924087311314,-4.80815819564697,0.5912271330889212
348.0,0.0,0.0,0.4837530640724528,-10.7341092090439,-5.780730036765454,96.75061281449055,3.0,0.0,-5.958368079574733,-0.01,0.0,False,0.005075435488331947,0.4837530640724528,0.25377285350302725,0.04252192476461086,4.252192476461086e-06,4.2521924764610866e-06,0.09675225841640467,0.0,0.05039396114359107,-4.953379172278447,-4.775741129469168,0.05039396114359107
349.0,0.0,0.0,0.4784562913865917,-10.390329679527024,-5.764523903196858,95.69125827731834,3.0,0.0,-5.946869678905994,-0.09,0.0,False,0.005331222689563146,0.4784562913865918,0.26656226794740784,0.04252192476461086,4.252192476461086e-06,4.2521924764610866e-06,0.0956928858609915,0.0,0.3437795295168762,-4.625805776330166,-4.44346000062103,0.3437795295168762
350.0,0.0,0.0,0.4427649722235872,-10.596928025260372,-5.750810735848882,88.55299444471744,3.0,0.0,-5.949444570765861,0.03,0.0,False,0.005081803021611098,0.4427649722235872,0.2540912315207836,0.04252192476461086,4.252192476461086e-06,4.2521924764610866e-06,0.08855450061581982,0.0,-0.20659834573334734,-4.84611728941149,-4.647483454494511,0.20659834573334734
351.0,0.0,0.0,0.46763199411061407,-11.152070544323514,-5.767362007188295,93.52639882212281,3.0,0.0,-5.962585821196971,0.16,0.0,False,0.004979947819796271,0.46763199411061407,0.2489984497746462,0.04252192476461086,4.252192476461086e-06,4.2521924764610866e-06,0.0935279895843562,0.0,-0.5551425190631427,-5.38470853713522,-5.189484723126544,0.5551425190631427
352.0,0.0,0.0,0.5300947498578736,-12.211407435007146,-5.713182352983388,106.01894997157473,3.0,0.0,-5.920508661091881,0.14,0.0,False,0.005092011244103918,0.5300947498578736,0.25460164481579095,0.04252192476461086,4.252192476461086e-06,4.2521924764610866e-06,0.10602075321583261,0.0,-1.0593368906836318,-6.498225082023758,-6.2908987739152655,1.0593368906836318
353.0,0.0,0.0,0.6387685829796326,-11.705423201963802,-5.699960921570128,127.7537165959265,3.0,0.0,-5.851010342499426,0.02,0.0,False,0.0052293084704821075,0.6387685829796325,0.26146653532541214,0.04252192476461086,4.252192476461086e-06,4.2521924764610866e-06,0.1277558895202569,0.0,0.5059842330433444,-6.005462280393674,-5.854412859464376,0.5059842330433444
354.0,0.0,0.0,0.5862688747510132,-11.695536882697327,-5.6352024837766175,117.25377495020264,3.0,0.0,-5.82358579686269,-0.16,0.0,False,0.00541303050797998,0.5862688747510133,0.27065267626137907,0.04252192476461086,4.252192476461086e-06,4.2521924764610866e-06,0.11725576928420096,0.0,0.00988631926647443,-6.06033439892071,-5.871951085834637,0.00988631926647443
355.0,0.0,0.0,0.5874193434301677,-10.638057444417164,-5.490478682401472,117.48386868603353,3.0,0.0,-5.842609808048756,0.24,0.0,False,0.005388331980591694,0.5874193434301678,0.26941774464082013,0.04252192476461086,4.252192476461086e-06,4.2521924764610866e-06,0.11748586693362663,0.0,1.057479438280163,-5.1475787620156925,-4.795447636368408,1.057479438280163
356.0,0.0,0.0,0.48639065907502643,-10.74327154632774,-5.585098068277586,97.27813181500528,3.0,0.0,-5.821218557390024,0.23,0.0,False,0.005327171792395566,0.48639065907502643,0.2663597222277692,0.04252192476461086,4.252192476461086e-06,4.2521924764610866e-06,0.09727978638933055,0.0,-0.10521410191057612,-5.158173478050155,-4.9220529889377165,0.10521410191057612
357.0,0.0,0.0,0.5001930683478972,-11.051242125607924,-5.511314369892669,100.03861366957945,3.0,0.0,-5.774047442331848,0.07,0.0,False,0.005451189412664485,0.5001930683478971,0.2725606296085546,0.04252192476461086,4.252192476461086e-06,4.2521924764610866e-06,0.10004031519610573,0.0,-0.3079705792801839,-5.539927755715255,-5.277194683276076,0.3079705792801839
358.0,0.0,0.0,0.5286117871891763,-10.186512477094087,-5.6995836409535245,105.72235743783527,3.0,0.0,-5.7412345169886745,0.0,0.0,False,0.0054125691967377865,0.5286117871891765,0.2706296106011902,0.04252192476461086,4.252192476461086e-06,4.2521924764610866e-06,0.10572415563744045,0.0,0.8647296485138369,-4.486928836140563,-4.445277960105413,0.8647296485138369
359.0,0.0,0.0,0.4415776617300758,-9.945574281685262,-5.652023432406527,88.31553234601516,3.0,0.0,-5.765011865762943,0.02,0.0,False,0.00528435313506102,0.44157766173007573,0.26421878025738305,0.04252192476461086,4.252192476461086e-06,4.2521924764610866e-06,0.08831703447819651,0.0,0.240938195408825,-4.293550849278735,-4.180562415922319,0.240938195408825
360.0,0.0,0.0,0.41839772658371294,-9.249132590389822,-5.793098339827894,83.67954531674259,3.0,0.0,-5.770641976132786,-0.14,0.0,False,0.0053510987271719376,0.41839772658371305,0.26755607405368426,0.04252192476461086,4.252192476461086e-06,4.2521924764610866e-06,0.08368096859682257,0.0,0.6964416912954405,-3.4560342505619275,-3.478490614257036,0.6964416912954405
361.0,0.0,0.0,0.35324416087465815,-8.938828372500653,-5.626486647300448,70.64883217493163,3.0,0.0,-5.76150806046488,0.15,0.0,False,0.005254792765356031,0.3532441608746582,0.26274075548731474,0.04252192476461086,4.252192476461086e-06,4.2521924764610866e-06,0.07065003381955252,0.0,0.3103042178891684,-3.3123417252002056,-3.177320312035773,0.3103042178891684
362.0,0.0,0.0,0.3179388054754309,-9.496590750679863,-5.826355305077127,63.58776109508619,3.0,0.0,-5.716615878535083,0.04,0.0,False,0.005257143812814553,0.3179388054754309,0.26285830836009605,0.04252192476461086,4.252192476461086e-06,4.2521924764610866e-06,0.06358884264008449,0.0,-0.5577623781792092,-3.670235445602736,-3.7799748721447797,0.5577623781792092
363.0,0.0,0.0,0.37065725632146196,-9.571326206468449,-5.795504931070912,74.1314512642924,3.0,0.0,-5.759372720896517,0.0,0.0,False,0.005562109185644701,0.37065725632146196,0.27810664184017664,0.04252192476461086,4.252192476461086e-06,4.2521924764610866e-06,0.07413271214372817,0.0,-0.07473545578858598,-3.7758212753975364,-3.811953485571932,0.07473545578858598
364.0,0.0,0.0,0.3772262274706486,-8.768289683142749,-5.886650623269955,75.44524549412972,3.0,0.0,-5.7899393821654135,0.01,0.0,False,0.0056595169544884135,0.3772262274706486,0.28297705099219145,0.04252192476461086,4.252192476461086e-06,4.2521924764610866e-06,0.07544652871949423,0.0,0.8030365233256997,-2.8816390598727937,-2.9783503009773353,0.8030365233256997
365.0,0.0,0.0,0.2925394752004221,-8.90490160161154,-5.917671875637307,58.50789504008443,3.0,0.0,-5.798983729835648,0.06,0.0,False,0.005564951733096514,0.2925394752004221,0.27824876981712027,0.04252192476461086,4.252192476461086e-06,4.2521924764610866e-06,0.058508890183177245,0.0,-0.13661191846879106,-2.987229725974233,-3.105917871775892,0.13661191846879106
366.0,0.0,0.0,0.30781985312620475,-9.08952890536849,-5.8780842531948405,61.56397062524095,3.0,0.0,-5.842832734430755,0.04,0.0,False,0.005344000242000044,0.3078198531262048,0.2672011482858834,0.04252192476461086,4.252192476461086e-06,4.2521924764610866e-06,0.06156501774819918,0.0,-0.18462730375694925,-3.2114446521736486,-3.246696170937734,0.18462730375694925
367.0,0.0,0.0,0.32287840449659533,-8.93031561192539,-5.982593154183243,64.57568089931907,3.0,0.0,-5.826637624886318,0.05,0.0,False,0.0054877705365975965,0.32287840449659533,0.27438969358270926,0.04252192476461086,4.252192476461086e-06,4.2521924764610866e-06,0.06457677924754654,0.0,0.15921329344309854,-2.947722457742148,-3.103677987039073,0.15921329344309854
368.0,0.0,0.0,0.3079046716079462,-9.123309497494526,-5.7070522543415745,61.58093432158924,3.0,0.0,-5.860676213346419,0.01,0.0,False,0.005267196014980938,0.3079046716079462,0.2633609206056103,0.04252192476461086,4.252192476461086e-06,4.2521924764610866e-06,0.061581981733077856,0.0,-0.19299388556913577,-3.416257243152952,-3.262633284148107,0.19299388556913577
369.0,0.0,0.0,0.3354920246952725,-9.075971060817139,-5.575760876664859,67.0984049390545,3.0,0.0,-5.851203432349528,0.35,0.0,False,0.005224622933098391,0.3354920246952725,0.2612322574600359,0.04252192476461086,4.252192476461086e-06,4.2521924764610866e-06,0.06709954619553225,0.0,0.04733843667738746,-3.50021018415228,-3.2247676284676112,0.04733843667738746
370.0,0.0,0.0,0.32950908266124346,-8.156952491736291,-5.611290812193312,65.90181653224869,3.0,0.0,-5.768317921708639,0.02,0.0,False,0.005162779280983472,0.32950908266124346,0.2581400617057344,0.04252192476461086,4.252192476461086e-06,4.2521924764610866e-06,0.0659029374363161,0.0,0.9190185690808477,-2.545661679542979,-2.3886345700276523,0.9190185690808477
371.0,0.0,0.0,0.24086395824792642,-8.337556533373935,-5.742168483907912,48.172791649585285,3.0,0.0,-5.780810177402597,0.02,0.0,False,0.005153227131056027,0.24086395824792642,0.25766245217848305,0.04252192476461086,4.252192476461086e-06,4.2521924764610866e-06,0.04817361100603007,0.0,-0.18060404163764332,-2.595388049466022,-2.5567463559713373,0.18060404163764332
372.0,0.0,0.0,0.26135848218026436,-8.443728221405703,-5.726943418364356,52.27169643605287,3.0,0.0,-5.748261699261474,-0.11,0.0,False,0.005138573792352319,0.26135848218026436,0.25692978212785683,0.04252192476461086,4.252192476461086e-06,4.2521924764610866e-06,0.05227258550952959,0.0,-0.10617168803176824,-2.716784803041347,-2.695466522144229,0.10617168803176824
373.0,0.0,0.0,0.2724913035731383,-8.333272922708408,-5.802350455927544,54.498260714627655,3.0,0.0,-5.723916144242715,0.06,0.0,False,0.0049742330802048955,0.2724913035731382,0.2487127115800686,0.04252192476461086,4.252192476461086e-06,4.2521924764610866e-06,0.05449918765906283,0.0,0.11045529869729442,-2.530922466780864,-2.6093567784656937,0.11045529869729442
374.0,0.0,0.0,0.2554865847099002,-8.649087737652208,-5.832762239326734,51.09731694198005,3.0,0.0,-5.718757251400775,0.1,0.0,False,0.004765592416671321,0.2554865847099002,0.238280634044377,0.04252192476461086,4.252192476461086e-06,4.2521924764610866e-06,0.05109818604079109,0.0,-0.31581481494379915,-2.8163254983254733,-2.9303304862514326,0.31581481494379915
375.0,0.0,0.0,0.2860916629283402,-8.10499836553401,-5.724178833133515,57.218332585668044,3.0,0.0,-5.778352756702742,-0.06,0.0,False,0.004956920306451478,0.2860916629283402,0.2478470692115356,0.04252192476461086,4.252192476461086e-06,4.2521924764610866e-06,0.057219305794983064,0.0,0.5440893721181972,-2.380819532400495,-2.326645608831268,0.5440893721181972
376.0,0.0,0.0,0.23272007201307346,-7.999776685356984,-5.622042726388424,46.54401440261469,3.0,0.0,-5.788110282527974,0.15,0.0,False,0.004951729790596385,0.23272007201307346,0.24758754231522723,0.04252192476461086,4.252192476461086e-06,4.2521924764610866e-06,0.046544806055679865,0.0,0.10522168017702604,-2.3777339589685607,-2.2116664028290103,0.10522168017702604
377.0,0.0,0.0,0.22387484876763633,-7.920993421560952,-5.598479738562918,44.774969753527266,3.0,0.0,-5.777748166876311,-0.06,0.0,False,0.00505753850250569,0.2238748487676363,0.25287800040664304,0.04252192476461086,4.252192476461086e-06,4.2521924764610866e-06,0.044775731317446985,0.0,0.07878326379603262,-2.322513682998034,-2.1432452546846408,0.07878326379603262
378.0,0.0,0.0,0.2150803397480432,-7.896734845074581,-5.5880062525122804,43.01606794960864,3.0,0.0,-5.760980599733244,-0.12,0.0,False,0.005478460355070709,0.2150803397480432,0.2739241825269306,0.04252192476461086,4.252192476461086e-06,4.2521924764610866e-06,0.0430167995968995,0.0,0.02425857648637031,-2.308728592562301,-2.135754245341337,0.02425857648637031
379.0,0.0,0.0,0.21542019925197173,-8.52631392665784,-5.535829367885845,43.08403985039435,3.0,0.0,-5.770144295930396,0.12,0.0,False,0.005503962804448603,0.21542019925197173,0.2751993104178914,0.04252192476461086,4.252192476461086e-06,4.2521924764610866e-06,0.04308477265379872,0.0,-0.6295790815832589,-2.9904845587719953,-2.7561696307274444,0.6295790815832589
380.0,0.0,0.0,0.2804599904226585,-8.77781911862679,-5.521650809691271,56.0919980845317,3.0,0.0,-5.7424870521473395,0.01,0.0,False,0.00552279593728525,0.2804599904226585,0.27614097106382907,0.04252192476461086,4.252192476461086e-06,4.2521924764610866e-06,0.05609295213636382,0.0,-0.25150519196894905,-3.2561683089355187,-3.03533206647945,0.25150519196894905
381.0,0.0,0.0,0.3069650785511524,-9.421857305843437,-5.545758746187323,61.393015710230486,3.0,0.0,-5.721654393938198,0.1,0.0,False,0.005101556729801938,0.3069650785511524,0.255078921130154,0.04252192476461086,4.252192476461086e-06,4.2521924764610866e-06,0.06139405992546828,0.0,-0.6440381872166476,-3.876098559656114,-3.7002029119052393,0.6440381872166476
382.0,0.0,0.0,0.3756029035356173,-10.341076043771391,-5.40228503638459,75.12058070712347,3.0,0.0,-5.70810306938539,0.16,0.0,False,0.005235001441636972,0.3756029035356173,0.26175118509353573,0.04252192476461086,4.252192476461086e-06,4.2521924764610866e-06,0.0751218584103628,0.0,-0.9192187379279542,-4.9387910073868015,-4.632972974386001,0.9192187379279542
383.0,0.0,0.0,0.46946988803602585,-10.582162036657213,-5.592015281212926,93.89397760720517,3.0,0.0,-5.6657484136952405,0.06,0.0,False,0.004852733260204538,0.46946988803602596,0.2426376947480198,0.04252192476461086,4.252192476461086e-06,4.2521924764610866e-06,0.09389557462147495,0.0,-0.24108599288582155,-4.990146755444287,-4.916413622961972,0.24108599288582155
384.0,0.0,0.0,0.48718031710522813,-10.155306883778389,-5.81190585032247,97.43606342104563,3.0,0.0,-5.646277349594845,0.18,0.0,False,0.004750352846046861,0.4871803171052281,0.2375186522730746,0.04252192476461086,4.252192476461086e-06,4.2521924764610866e-06,0.09743772068158181,0.0,0.42685515287882403,-4.343401033455919,-4.509029534183544,0.42685515287882403
385.0,0.0,0.0,0.4425660546368181,-10.115516701763653,-5.690490984344297,88.51321092736362,3.0,0.0,-5.710255286380983,-0.1,0.0,False,0.004908100421275753,0.4425660546368181,0.24540606457317188,0.04252192476461086,4.252192476461086e-06,4.2521924764610866e-06,0.08851471642180017,0.0,0.03979018201473572,-4.425025717419356,-4.40526141538267,0.03979018201473572
386.0,0.0,0.0,0.4385166040902639,-9.507676727127288,-5.474546053544421,87.70332081805277,3.0,0.0,-5.729552243607819,0.01,0.0,False,0.004852630559976542,0.4385166040902638,0.24263255971478492,0.04252192476461086,4.252192476461086e-06,4.2521924764610866e-06,0.08770481253731338,0.0,0.6078399746363647,-4.033130673582868,-3.778124483519469,0.6078399746363647
387.0,0.0,0.0,0.3817917956143571,-9.606372071435018,-5.422819742245715,76.35835912287142,3.0,0.0,-5.730257428010783,0.16,0.0,False,0.004942039219484731,0.3817917956143571,0.24710301169933585,0.04252192476461086,4.252192476461086e-06,4.2521924764610866e-06,0.07635965787910949,0.0,-0.09869534430773008,-4.183552329189303,-3.876114643424235,0.09869534430773008
388.0,0.0,0.0,0.39264533831527204,-9.625803951522489,-5.458156250679078,78.5290676630544,3.0,0.0,-5.6896775983736765,0.2,0.0,False,0.004772026799641606,0.39264533831527204,0.23860235456090312,0.04252192476461086,4.252192476461086e-06,4.2521924764610866e-06,0.07853040334021759,0.0,-0.019431880087470432,-4.1676477008434105,-3.936126353148812,0.019431880087470432
389.0,0.0,0.0,0.39341810211167,-9.07154203984216,-5.485297402414698,78.683620422334,3.0,0.0,-5.679835208104627,0.08,0.0,False,0.004736670110238117,0.39341810211167,0.236834512573556,0.04252192476461086,4.252192476461086e-06,4.2521924764610866e-06,0.07868495872823832,0.0,0.554261911680328,-3.5862446374274626,-3.391706831737534,0.554261911680328
390.0,0.0,0.0,0.343369196864288,-8.36260380196729,-5.285072754641696,68.6738393728576,3.0,0.0,-5.691539285931097,0.28,0.0,False,0.004955265267666164,0.343369196864288,0.24776431692039252,0.04252192476461086,4.252192476461086e-06,4.2521924764610866e-06,0.0686750074254232,0.0,0.7089382378748699,-3.0775310473255946,-2.6710645160361937,0.7089382378748699
391.0,0.0,0.0,0.2765501575661238,-7.415499906790457,-5.350735044340343,55.31003151322476,3.0,0.0,-5.637777067603506,0.26,0.0,False,0.0051772183240216705,0.2765501575661238,0.2588620169275237,0.04252192476461086,4.252192476461086e-06,4.2521924764610866e-06,0.05531097226482395,0.0,0.9471038951768342,-2.0647648624501134,-1.7777228391869508,0.9471038951768342
392.0,0.0,0.0,0.18548015248666774,-7.298422485805835,-5.399945760741994,37.09603049733355,3.0,0.0,-5.597043429081087,0.05,0.0,False,0.005169578657967803,0.18548015248666774,0.2584800320005639,0.04252192476461086,4.252192476461086e-06,4.2521924764610866e-06,0.03709666145249772,0.0,0.11707742098462148,-1.8984767250638415,-1.7013790567247478,0.11707742098462148
393.0,0.0,0.0,0.17522774071422587,-6.845846201862585,-5.3222022977833925,35.04554814284517,3.0,0.0,-5.560658947058334,0.13,0.0,False,0.0050056544856925496,0.1752277407142258,0.2502837885349446,0.04252192476461086,4.252192476461086e-06,4.2521924764610866e-06,0.03504614422197508,0.0,0.4525762839432499,-1.5236439040791927,-1.2851872548042511,0.4525762839432499
394.0,0.0,0.0,0.12701287121767268,-6.75136499870471,-5.45636444139131,25.402574243534534,3.0,0.0,-5.5461078235595425,-0.1,0.0,False,0.005233689834438857,0.12701287121767268,0.2616856044547697,0.04252192476461086,4.252192476461086e-06,4.2521924764610866e-06,0.025403006308237615,0.0,0.09448120315787545,-1.2950005573133998,-1.2052571751451673,0.09448120315787545
395.0,0.0,0.0,0.11883704632542845,-6.11102345175101,-5.5049707491976285,23.76740926508569,3.0,0.0,-5.5756904855270895,-0.09,0.0,False,0.005529922013068759,0.11883704632542845,0.2764972763680769,0.04252192476461086,4.252192476461086e-06,4.2521924764610866e-06,0.023767813517762155,0.0,0.6403415469536995,-0.6060527025533817,-0.5353329662239208,0.6403415469536995
396.0,0.0,0.0,0.05196644042989885,-6.073630719453178,-5.527362457509127,10.39328808597977,3.0,0.0,-5.562969269550711,0.0,0.0,False,0.00558308785207717,0.05196644042989885,0.27915557962206644,0.04252192476461086,4.252192476461086e-06,4.2521924764610866e-06,0.010393464862273693,0.0,0.03739273229783269,-0.5462682619440509,-0.5106614499024662,0.03739273229783269
397.0,0.0,0.0,0.04814322158834918,-6.109612868114172,-5.498157469158844,9.628644317669837,3.0,0.0,-5.591347998886671,0.11,0.0,False,0.005160458636307386,0.048143221588349175,0.2580240289785387,0.04252192476461086,4.252192476461086e-06,4.2521924764610866e-06,0.009628808088369148,0.0,-0.03598214866099436,-0.6114553989553277,-0.5182648692275009,0.03598214866099436
398.0,0.0,0.0,0.049975131976706944,-5.289009455225861,-5.554192986970851,9.99502639534139,3.0,0.0,-5.592188267857455,-0.05,0.0,False,0.0053451280749091945,0.049975131976706944,0.267257540171129,0.04252192476461086,4.252192476461086e-06,4.2521924764610866e-06,0.009995196397722658,0.0,0.8206034128883113,0.26518353174499065,0.30317881263159396,0.8206034128883113
399.0,0.0,0.0,-0.03022714983417363,-5.5645796614155145,-5.584056143601295,-6.045429966834726,3.0,0.0,-5.609850923153093,0.15,0.0,False,0.005283963986889314,0.03022714983417363,0.26419932276606123,0.04252192476461086,4.252192476461086e-06,4.2521924764610866e-06,-0.006045532791724778,0.0,-0.2755702061896539,0.01947648218578024,0.04527126173757878,0.2755702061896539
