t,mean_abs_delta_real,mean_abs_delta_planning,mean_action,price,v_true,total_demand,mean_k,xs_k_std,mean_belief,mean_correctness,mean_salience,regime_post,xs_action_std,xs_action_mean_abs,xs_belief_std,xs_sigma_mean,xs_rho_mean,xs_rho_max,mean_myopic_term,mean_hedging_term,ret,mispricing_true,mispricing_belief,vol_proxy
0.0,0.0,0.0,0.002279630094012542,0.32898033828235457,0.013957872005576643,0.45592601880250844,1.0,0.0,0.0,-0.99,0.0,False,0.01003819530721545,0.008299929582531848,0.5019296149849267,0.39548192771084345,3.954819277108434e-05,3.954819277108435e-05,0.00045599814015056313,0.0,0.0,0.31502246627677793,0.32898033828235457,0.0
1.0,0.0,0.0,-0.03359739783162095,0.12773140936438984,-0.006750997997632017,-6.719479566324189,1.0,0.0,0.022800808702645652,0.16,0.0,False,0.00912226483766807,0.03359739783162095,0.4561246314379393,0.24970892072370304,2.4970892072370302e-05,2.4970892072370302e-05,-0.006720150715161136,0.0,-0.20124892891796473,0.13448240736202186,0.10493060066174419,0.20124892891796473
2.0,0.0,0.0,-0.016652907045465702,-0.09274257062131494,-0.023967549462700875,-3.3305814090931407,1.0,0.0,-0.007035587883613153,0.18,0.0,False,0.0075827475609419335,0.0167320947594549,0.3791444135374673,0.1855657283607953,1.8556572836079535e-05,1.8556572836079532e-05,-0.003330828621211747,0.0,-0.22047397998570478,-0.06877502115861406,-0.08570698273770179,0.22047397998570478
3.0,0.0,0.0,0.003835024978100314,-0.6293746529446708,-0.19858571712328527,0.7670049956200629,1.0,0.0,-0.03881311213439323,0.14,0.0,False,0.007053367290025517,0.006406390063549722,0.3526736663244362,0.15033452654348473,1.5033452654348474e-05,1.503345265434847e-05,0.0007670511178598351,0.0,-0.5366320823233558,-0.4307889358213855,-0.5905615408102776,0.5366320823233558
4.0,0.0,0.0,0.05244440436721278,-0.16492405929670623,-0.020988898066868045,10.488880873442556,1.0,0.0,-0.05438943815699,0.02,0.0,False,0.006513339069974114,0.05244440436721278,0.32567114191420676,0.12861039341098898,1.28610393410989e-05,1.2861039341098898e-05,0.010489420458141155,0.0,0.46445059364796454,-0.14393516122983818,-0.11053462113971622,0.46445059364796454
5.0,0.0,0.0,0.009522440205114488,-0.3750107071513033,0.03911888801564903,1.9044880410228977,1.0,0.0,-0.10489688479515419,0.1,0.0,False,0.00631035489144601,0.009972566312008392,0.31552134928324443,0.11424748706068398,1.1424748706068395e-05,1.1424748706068397e-05,0.001904575073217705,0.0,-0.21008664785459708,-0.41412959516695236,-0.2701138223561491,0.21008664785459708
6.0,0.0,0.0,0.02899023245974936,-0.16585627013324739,-0.06093440292128462,5.798046491949872,1.0,0.0,-0.06969421767124082,-0.02,0.0,False,0.006240630293094126,0.02899023245974936,0.31203476941961644,0.10430885206491432,1.0430885206491433e-05,1.0430885206491434e-05,0.005798288404456028,0.0,0.20915443701805592,-0.10492186721196277,-0.09616205246200657,0.20915443701805592
7.0,0.0,0.0,0.0071176617949155465,-1.1245364018025108,-0.0932025971403725,1.4235323589831093,1.0,0.0,-0.08509326286446484,0.03,0.0,False,0.005897918786022114,0.007852136101607537,0.2948988060729003,0.09721299660661761,9.721299660661762e-06,9.721299660661762e-06,0.0014235877127835514,0.0,-0.9586801316692635,-1.0313338046621383,-1.0394431389380459,0.9586801316692635
8.0,0.0,0.0,0.10225562099673134,-1.3117949937546922,-0.06444763276656784,20.451124199346268,1.0,0.0,-0.09467619253793236,0.1,0.0,False,0.005642512083741125,0.10225562099673134,0.282128200668565,0.09203282049648383,9.20328204964838e-06,9.203282049648383e-06,0.020451877062274408,0.0,-0.18725859195218142,-1.2473473609881243,-1.2171188012167597,0.18725859195218142
9.0,0.0,0.0,0.12013172655684601,-0.49580125073030745,0.03305364754247653,24.0263453113692,1.0,0.0,-0.10193313746913804,-0.01,0.0,False,0.005426853923976104,0.12013172655684601,0.2713450891541269,0.08818941343401722,8.818941343401728e-06,8.818941343401726e-06,0.024027192851614768,0.0,0.8159937430243848,-0.528854898272784,-0.39386811326116944,0.8159937430243848
10.0,0.0,0.0,0.03825232842527766,-0.33530028983036614,0.09064257226346985,7.650465685055533,1.0,0.0,-0.11042475645373338,0.1,0.0,False,0.00513139329567691,0.03825232842527766,0.2565718534109343,0.08530342395407306,8.530342395407304e-06,8.530342395407304e-06,0.0076507267271958635,0.0,0.16050096089994131,-0.42594286209383597,-0.22487553337663274,0.16050096089994131
11.0,0.0,0.0,0.024315262336010335,0.09448417527469005,0.04731837647448889,4.863052467202067,1.0,0.0,-0.1132616512045865,0.15,0.0,False,0.004777410282601366,0.024315262336010335,0.23887249954502088,0.08311678650488098,8.311678650488098e-06,8.311678650488098e-06,0.00486321414637571,0.0,0.4297844651050562,0.047165798800201164,0.20774582647927656,0.4297844651050562
12.0,0.0,0.0,-0.020291374515169252,1.0801123416905924,0.0834396240158118,-4.05827490303385,1.0,0.0,-0.09213756143792097,-0.03,0.0,False,0.004646525202641686,0.020291374515169252,0.2323281523997402,0.08144872021105272,8.144872021105273e-06,8.144872021105272e-06,-0.004058407118475819,0.0,0.9856281664159023,0.9966727176747806,1.1722499031285134,0.9856281664159023
13.0,0.0,0.0,-0.11849681423835294,1.8708695943435616,0.05345382697854713,-23.69936284767059,1.0,0.0,-0.10843783340943042,0.02,0.0,False,0.004340756139348349,0.11849681423835293,0.2170395469514438,0.0801696280765907,8.016962807659075e-06,8.016962807659074e-06,-0.02370012282921989,0.0,0.7907572526529691,1.8174157673650144,1.979307427752992,0.7907572526529691
14.0,0.0,0.0,-0.19668325063769226,1.5332693056528377,0.07291055600702619,-39.336650127538455,1.0,0.0,-0.10490329992056503,0.08,0.0,False,0.004354956359158573,0.19668325063769224,0.2177495421918555,0.07918490036140627,7.918490036140629e-06,7.918490036140629e-06,-0.03933789606516085,0.0,-0.3376002886907239,1.4603587496458115,1.6381726055734027,0.3376002886907239
15.0,0.0,0.0,-0.16258854302713696,1.9406659746418906,0.05493732706447245,-32.517708605427394,1.0,0.0,-0.09604078375138272,0.11,0.0,False,0.0042217699827024405,0.16258854302713693,0.21109015458552283,0.07842447161267904,7.842447161267904e-06,7.842447161267904e-06,-0.03251872867107377,0.0,0.4073966689890529,1.8857286475774182,2.036706758393273,0.4073966689890529
16.0,0.0,0.0,-0.20761258541169636,2.2914542630048085,-0.09448684332807179,-41.52251708233927,1.0,0.0,-0.09267987922141853,-0.11,0.0,False,0.004207345444590046,0.2076125854116963,0.21036890964133576,0.07783586373121831,7.78358637312183e-06,7.783586373121831e-06,-0.04152380984866947,0.0,0.35078828836291787,2.38594110633288,2.384134142226227,0.35078828836291787
17.0,0.0,0.0,-0.24174413198562317,2.2174256402744295,-0.027296644166672254,-48.34882639712463,1.0,0.0,-0.1355406779996079,0.12,0.0,False,0.004080279032018041,0.2417441319856232,0.20401553024903327,0.07737942031791788,7.73794203179179e-06,7.737942031791787e-06,-0.04835032286720887,0.0,-0.07402862273037902,2.2447222844411017,2.3529663182740372,0.07402862273037902
18.0,0.0,0.0,-0.2365780261676589,1.8939656612485292,-0.12033408115073287,-47.315605233531784,1.0,0.0,-0.12608058695541335,-0.07,0.0,False,0.0040020719489777,0.2365780261676589,0.20010513874612126,0.07702496386752834,7.702496386752833e-06,7.702496386752835e-06,-0.0473170630154166,0.0,-0.3234599790259003,2.014299742399262,2.0200462482039425,0.3234599790259003
19.0,0.0,0.0,-0.20717312303076071,1.2736334650913297,-0.19734780898275842,-41.43462460615214,1.0,0.0,-0.14844573347174558,0.07,0.0,False,0.004009496251796417,0.20717312303076071,0.20047635122205387,0.07674940373398333,7.674940373398337e-06,7.674940373398335e-06,-0.04143589662948243,0.0,-0.6203321961571995,1.4709812740740882,1.4220791985630752,0.6203321961571995
20.0,0.0,0.0,-0.14798892865034258,0.7736031372279102,-0.35537319892806407,-29.597785730068516,1.0,0.0,-0.17784507112738995,0.13,0.0,False,0.003942625220276035,0.14798892865034258,0.19713276975782265,0.07653499567330325,7.653499567330326e-06,7.653499567330328e-06,-0.0295986918296948,0.0,-0.5000303278634195,1.1289763361559744,0.9514482083553002,0.5000303278634195
21.0,0.0,0.0,-0.09936798730017539,0.4174357036919349,-0.31128609728422596,-19.87359746003508,1.0,0.0,-0.20631245307216603,0.09,0.0,False,0.0037732654847655056,0.09936798730017539,0.18866471502306018,0.07636805789007794,7.636805789007794e-06,7.636805789007795e-06,-0.01987420453861546,0.0,-0.3561674335359753,0.7287218009761609,0.6237481567641009,0.3561674335359753
22.0,0.0,0.0,-0.06399983960146387,-0.5320785720382103,-0.2797591502671598,-12.799967920292774,1.0,0.0,-0.22011467847487654,0.0,0.0,False,0.003791016983213456,0.06399983960146388,0.18955229425868453,0.07623801307922962,7.623801307922961e-06,7.623801307922962e-06,-0.012800358254965633,0.0,-0.9495142757301451,-0.2523194217710505,-0.31196389356333376,0.9495142757301451
23.0,0.0,0.0,0.03026052428939717,-0.042736129883032103,-0.21840160074627463,6.052104857879434,1.0,0.0,-0.22258708842574712,0.02,0.0,False,0.0038144416624275304,0.030260524289397173,0.19072353521575147,0.07613666709092755,7.613666709092755e-06,7.613666709092754e-06,0.006052289171313235,0.0,0.4893424421551782,0.17566547086324252,0.17985095854271502,0.4893424421551782
24.0,0.0,0.0,-0.019076896402389805,-0.256064332334641,-0.1360413100516088,-3.815379280477961,1.0,0.0,-0.2294618094669197,-0.13,0.0,False,0.003976998383438815,0.019076896402389805,0.1988514315779294,0.07605766172517958,7.605766172517959e-06,7.605766172517959e-06,-0.003815495355125788,0.0,-0.21332820245160888,-0.12002302228303219,-0.0266025228677213,0.21332820245160888
25.0,0.0,0.0,0.003114389056237622,-0.3920952439979527,-0.05523249116614455,0.6228778112475244,1.0,0.0,-0.23351234862759665,0.17,0.0,False,0.0037382293245186867,0.0038950651058611762,0.18691288667938113,0.07599605714348504,7.599605714348504e-06,7.599605714348505e-06,0.0006228967456067251,0.0,-0.13603091166331172,-0.33686275283180817,-0.15858289537035605,0.13603091166331172
26.0,0.0,0.0,0.019144519891730816,-0.1520813571371063,0.08207003351501872,3.828903978346163,1.0,0.0,-0.22491925836582138,0.21,0.0,False,0.003524898993597759,0.019144519891730816,0.1762462882252376,0.07594801167850262,7.594801167850264e-06,7.594801167850261e-06,0.0038290202965203727,0.0,0.2400138868608464,-0.23415139065212504,0.07283790122871509,0.2400138868608464
27.0,0.0,0.0,-0.006096729525893464,-0.3897637441111259,-0.053223496666807465,-1.2193459051786928,1.0,0.0,-0.2006427751395431,-0.03,0.0,False,0.0036831042830680664,0.006292585818183798,0.18415661208549355,0.07591053539720918,7.591053539720918e-06,7.59105353972092e-06,-0.0012193829293778381,0.0,-0.2376823869740196,-0.33654024744431843,-0.18912096897158281,0.2376823869740196
28.0,0.0,0.0,0.018164415001662076,-0.5211366412591351,-0.12935511682739698,3.6328830003324155,1.0,0.0,-0.2130509664260533,-0.12,0.0,False,0.003741737366133344,0.018164415001662076,0.1870882879461426,0.07588129986214319,7.588129986214318e-06,7.588129986214319e-06,0.0036329932666494223,0.0,-0.13137289714800915,-0.3917815244317381,-0.30808567483308175,0.13137289714800915
29.0,0.0,0.0,0.028739249302888462,0.4213060853979138,-0.07051905533077478,5.747849860577692,1.0,0.0,-0.2081127023973975,-0.1,0.0,False,0.003705472066408158,0.028739249302888455,0.18527500877800357,0.07585849092897277,7.585849092897274e-06,7.5858490928972765e-06,0.005748024268541263,0.0,0.9424427266570489,0.4918251407286886,0.6294187877953112,0.9424427266570489
30.0,0.0,0.0,-0.06593149064255605,0.7935422037429707,-0.047636422821387345,-13.18629812851121,1.0,0.0,-0.23373324764983774,0.02,0.0,False,0.00353724106392506,0.06593149064255605,0.17686339453034985,0.0758406946332553,7.58406946332553e-06,7.5840694633255315e-06,-0.01318669814868131,0.0,0.3722361183450569,0.841178626564358,1.0272754513928084,0.3722361183450569
31.0,0.0,0.0,-0.1039841317010724,0.562643249309037,-0.059225176200851035,-20.79682634021448,1.0,0.0,-0.23803382247788935,0.01,0.0,False,0.003623162968620819,0.10398413170107242,0.18115952209546568,0.07582680859941437,7.582680859941435e-06,7.582680859941435e-06,-0.02079745711821964,0.0,-0.2308989544339337,0.621868425509888,0.8006770717869263,0.2308989544339337
32.0,0.0,0.0,-0.08257776482060246,0.8687665375440773,-0.20292974595128,-16.51555296412049,1.0,0.0,-0.24633853719201249,-0.09,0.0,False,0.003836723382621335,0.08257776482060245,0.19183762355565223,0.07581597318505708,7.58159731850571e-06,7.581597318505709e-06,-0.016516053817411485,0.0,0.3061232882350403,1.0716962834953572,1.1151050747360898,0.3061232882350403
33.0,0.0,0.0,-0.11601360911776508,1.4104309376968547,-0.26723510037320497,-23.202721823553016,1.0,0.0,-0.263165702465004,0.08,0.0,False,0.0036369069276783877,0.11601360911776508,0.1818467249083548,0.07580751791624726,7.580751791624726e-06,7.580751791624725e-06,-0.02320342539451955,0.0,0.5416644001527774,1.6776660380700597,1.6735966401618587,0.5416644001527774
34.0,0.0,0.0,-0.1715392183032244,1.2882962592878737,-0.35400298373150607,-34.307843660644885,1.0,0.0,-0.29141352715233176,-0.04,0.0,False,0.0037334642541626273,0.1715392183032244,0.18667462770825372,0.07580091978879354,7.580091978879353e-06,7.580091978879353e-06,-0.03430888387920211,0.0,-0.12213467840898096,1.6422992430193797,1.5797097864402054,0.12213467840898096
35.0,0.0,0.0,-0.1630455255684429,1.291179677430837,-0.36208329360047714,-32.60910511368858,1.0,0.0,-0.30502625948802586,0.03,0.0,False,0.0038984311354576984,0.16304552556844293,0.1949230341958488,0.07579577078909383,7.579577078909383e-06,7.579577078909382e-06,-0.032610093759097784,0.0,0.0028834181429633343,1.6532629710313143,1.5962059369188628,0.0028834181429633343
36.0,0.0,0.0,-0.16751929850583339,0.19656644963882397,-0.340293177231725,-33.503859701166675,1.0,0.0,-0.34222078720297533,-0.16,0.0,False,0.0040321673085165965,0.16751929850583339,0.20160989345096497,0.0757917525852373,7.579175258523732e-06,7.579175258523731e-06,-0.0335048754199664,0.0,-1.094613227792013,0.536859626870549,0.5387872368417993,1.094613227792013
37.0,0.0,0.0,-0.05903996371032866,0.710376204347889,-0.39985247257194356,-11.807992742065732,1.0,0.0,-0.3840767905336238,0.09,0.0,False,0.0039212316009976465,0.05903996371032866,0.19606306597347822,0.07578861679880576,7.578861679880579e-06,7.578861679880576e-06,-0.01180835070392762,0.0,0.513809754709065,1.1102286769198324,1.0944529948815127,0.513809754709065
38.0,0.0,0.0,-0.11241162767695322,0.7561587671335334,-0.4056266018106051,-22.482325535390643,1.0,0.0,-0.3938555602503896,-0.01,0.0,False,0.004035056924236467,0.11241162767695322,0.20175437521936584,0.07578616962277836,7.578616962277834e-06,7.5786169622778345e-06,-0.022483007069960176,0.0,0.04578256278564441,1.1617853689441384,1.150014327383923,0.04578256278564441
39.0,0.0,0.0,-0.11808557060726246,0.4712529318015587,-0.45485717196826586,-23.61711412145249,1.0,0.0,-0.4137826686550571,-0.04,0.0,False,0.004067455387112688,0.11808557060726248,0.20337431060111377,0.07578425982564119,7.5784259825641195e-06,7.5784259825641195e-06,-0.023617830038232132,0.0,-0.28490583533197467,0.9261101037698245,0.8850356004566158,0.28490583533197467
40.0,0.0,0.0,-0.0926740296601138,1.1898823602046549,-0.4845824697754585,-18.53480593202276,1.0,0.0,-0.4247416840769139,0.08,0.0,False,0.004083009668749533,0.0926740296601138,0.20415203054637743,0.07578276939476822,7.578276939476819e-06,7.5782769394768205e-06,-0.018535367775334446,0.0,0.7186294284030962,1.6744648299801135,1.6146240442815687,0.7186294284030962
41.0,0.0,0.0,-0.16788957177509162,1.34024409847766,-0.6023331084394574,-33.57791435501832,1.0,0.0,-0.4555224802726726,0.27,0.0,False,0.0038486143009389363,0.16788957177509162,0.19243217331781437,0.07578160623748331,7.5781606237483355e-06,7.578160623748335e-06,-0.03357893218261863,0.0,0.15036173827300514,1.9425772069171174,1.7957665787503325,0.15036173827300514
42.0,0.0,0.0,-0.18449456477448758,2.0816510620638375,-0.5473056751294838,-36.89891295489752,1.0,0.0,-0.4890769722533592,-0.02,0.0,False,0.004117131681978546,0.18449456477448758,0.2058581440945004,0.07578069848672941,7.578069848672939e-06,7.578069848672941e-06,-0.03690003143658043,0.0,0.7414069635861775,2.628956737193321,2.570728034317197,0.7414069635861775
43.0,0.0,0.0,-0.26251454721581746,2.0337964599839955,-0.4823546510037189,-52.502909443163496,1.0,0.0,-0.504771454902144,0.02,0.0,False,0.003842312779009731,0.26251454721581746,0.19211709480260752,0.07577999005824664,7.5779990058246634e-06,7.577999005824663e-06,-0.05250450089908569,0.0,-0.047854602079842046,2.5161511109877144,2.5385679148861398,0.047854602079842046
44.0,0.0,0.0,-0.25644410966590475,1.277460755664602,-0.5065776366217877,-51.28882193318095,1.0,0.0,-0.5435938768432284,0.05,0.0,False,0.0038069164215064075,0.25644410966590475,0.1903472635052396,0.07577943718399627,7.577943718399631e-06,7.577943718399629e-06,-0.05129037657662388,0.0,-0.7563357043193935,1.7840383922863898,1.8210546325078303,0.7563357043193935
45.0,0.0,0.0,-0.18421436055366555,2.0367157609894058,-0.48499371164692484,-36.84287211073311,1.0,0.0,-0.5307418026265478,-0.15,0.0,False,0.003902770275486232,0.18421436055366555,0.19513999251456646,0.07577900570718792,7.5779005707187905e-06,7.577900570718793e-06,-0.036843988868756804,0.0,0.7592550053248037,2.5217094726363305,2.5674575636159536,0.7592550053248037
46.0,0.0,0.0,-0.2608788075979464,1.7957334036621482,-0.3974963678708642,-52.17576151958928,1.0,0.0,-0.5647526477774523,0.03,0.0,False,0.0037488421746752075,0.2608788075979464,0.18744352914511123,0.07577866897151055,7.577866897151055e-06,7.577866897151055e-06,-0.052177343031509,0.0,-0.2409823573272576,2.1932297715330122,2.3604860514396004,0.2409823573272576
47.0,0.0,0.0,-0.23564884946399706,1.9559778971045219,-0.36278550295713624,-47.12976989279941,1.0,0.0,-0.5721711602340711,0.03,0.0,False,0.003852929014325859,0.23564884946399706,0.19264791056039202,0.07577840617399134,7.577840617399135e-06,7.577840617399136e-06,-0.04713119844951233,0.0,0.16024449344237368,2.318763400061658,2.528149057338593,0.16024449344237368
48.0,0.0,0.0,-0.25144022164141616,2.14414804097416,-0.30306323671645896,-50.288044328283235,1.0,0.0,-0.5608443764489662,-0.04,0.0,False,0.004113819317736513,0.25144022164141616,0.20569252457596285,0.07577820107961909,7.5778201079619125e-06,7.577820107961911e-06,-0.05028956861174644,0.0,0.18817014386963815,2.447211277690619,2.704992417423126,0.18817014386963815
49.0,0.0,0.0,-0.27105580223167747,1.818679964031193,-0.37587709948570286,-54.21116044633549,1.0,0.0,-0.5585195877480117,-0.03,0.0,False,0.003921406943978189,0.27105580223167747,0.1960718329815907,0.07577804101825933,7.577804101825934e-06,7.577804101825932e-06,-0.05421280364009964,0.0,-0.325468076942967,2.194557063516896,2.3771995517792046,0.325468076942967
50.0,0.0,0.0,-0.23768231139807294,0.821483007135605,-0.4541905890490847,-47.53646227961459,1.0,0.0,-0.5665126817311117,0.02,0.0,False,0.00396848189332434,0.23768231139807294,0.19842559828265685,0.07577791610185457,7.577791610185456e-06,7.577791610185456e-06,-0.04753790315431608,0.0,-0.9971969568955881,1.2756735961846897,1.3879956888667166,0.9971969568955881
51.0,0.0,0.0,-0.13932011844668368,1.1822302300068621,-0.6262446731934315,-27.864023689336737,1.0,0.0,-0.5582332053007955,-0.07,0.0,False,0.004016397928012845,0.13932011844668366,0.20082141817001062,0.07577781861352735,7.577781861352734e-06,7.577781861352734e-06,-0.027864868272909852,0.0,0.36074722287125716,1.8084749032002936,1.7404634353076576,0.36074722287125716
52.0,0.0,0.0,-0.17593473837435114,1.7775439917907379,-0.5821768568054791,-35.186947674870225,1.0,0.0,-0.5717709642045561,0.1,0.0,False,0.003862968673448333,0.17593473837435109,0.19314989730764437,0.07577774253083158,7.577774253083158e-06,7.5777742530831585e-06,-0.0351880142217727,0.0,0.5953137617838757,2.359720848596217,2.349314955995294,0.5953137617838757
53.0,0.0,0.0,-0.2379997721739822,1.7879382533207708,-0.617813336296105,-47.59995443479644,1.0,0.0,-0.5771838134231821,-0.01,0.0,False,0.0038823016027860193,0.23799977217398216,0.1941165510984048,0.07577768315369257,7.5777683153692564e-06,7.5777683153692564e-06,-0.047601397229569346,0.0,0.010394261530032978,2.4057515896168757,2.365122066743953,0.010394261530032978
54.0,0.0,0.0,-0.24261428133074997,1.8133889490712958,-0.6284902611854721,-48.522856266149994,1.0,0.0,-0.6025439053057139,0.04,0.0,False,0.004053148431535568,0.24261428133074994,0.20265895726682737,0.07577763681404524,7.5777636814045205e-06,7.577763681404523e-06,-0.048524327033956614,0.0,0.025450695750524943,2.4418792102567677,2.4159328543770098,0.025450695750524943
55.0,0.0,0.0,-0.2456112530872609,2.5692979675581316,-0.6229508871322774,-49.12225061745218,1.0,0.0,-0.6382964836712126,-0.11,0.0,False,0.004190384688282845,0.2456112530872609,0.2095208221006296,0.07577760064923067,7.577760064923067e-06,7.577760064923067e-06,-0.04912373955268548,0.0,0.7559090184868358,3.192248854690409,3.207594451229344,0.7559090184868358
56.0,0.0,0.0,-0.3235075381386329,2.5309800116585865,-0.6506356412329478,-64.70150762772658,1.0,0.0,-0.6428166409585697,0.1,0.0,False,0.004191280382674573,0.3235075381386329,0.20956560715899245,0.0757775724251497,7.577757242514966e-06,7.577757242514968e-06,-0.06470346878213756,0.0,-0.03831795589954501,3.1816156528915345,3.173796652617156,0.03831795589954501
57.0,0.0,0.0,-0.3207993501117935,1.701360605070662,-0.5853696021454008,-64.1598700223587,1.0,0.0,-0.6658999869077055,-0.01,0.0,False,0.00423438315374814,0.3207993501117935,0.2117207620433213,0.07577755039824796,7.577755039824795e-06,7.577755039824794e-06,-0.06416181475873566,0.0,-0.8296194065879245,2.286730207216063,2.3672605919783676,0.8296194065879245
58.0,0.0,0.0,-0.2376376791651373,1.7393675704454397,-0.5988077375797027,-47.527535833027464,1.0,0.0,-0.6771350364039543,-0.07,0.0,False,0.0041172878223054874,0.23763767916513737,0.20586595110484776,0.07577753320780568,7.577753320780569e-06,7.57775332078057e-06,-0.04752897642988088,0.0,0.03800696537477766,2.3381753080251424,2.416502606849394,0.03800696537477766
59.0,0.0,0.0,-0.24205454030242562,1.3019941209748467,-0.37824709512985605,-48.41090806048513,1.0,0.0,-0.675106224566331,0.02,0.0,False,0.004131374056665412,0.24205454030242562,0.20657026815966734,0.07577751979187808,7.577751979187806e-06,7.577751979187805e-06,-0.04841237543278323,0.0,-0.437373449470593,1.6802412161047027,1.9771003455411775,0.437373449470593
60.0,0.0,0.0,-0.1948336031819523,0.20190575087485096,-0.3912977664571181,-38.96672063639046,1.0,0.0,-0.6812695440424099,0.29,0.0,False,0.0040278557420525265,0.1948336031819523,0.20139431320700654,0.07577750932169237,7.577750932169239e-06,7.577750932169238e-06,-0.03896790174785477,0.0,-1.1000883700999957,0.5932035173319691,0.8831752949172609,1.1000883700999957
61.0,0.0,0.0,-0.08531369893404457,0.4522292453565667,-0.508468752210252,-17.062739786808915,1.0,0.0,-0.6464157308705814,-0.01,0.0,False,0.0038564998603647276,0.08531369893404456,0.19282645419784936,0.07577750115045034,7.577750115045038e-06,7.577750115045036e-06,-0.017063256971603335,0.0,0.25032349448171576,0.9606979975668187,1.0986449762271482,0.25032349448171576
62.0,0.0,0.0,-0.11152151363123262,-0.023523584927597374,-0.4265080534848258,-22.304302726246526,1.0,0.0,-0.6512635627601898,-0.08,0.0,False,0.004114669510983413,0.11152151363123262,0.20573503454590744,0.0757774947733717,7.577749477337168e-06,7.577749477337169e-06,-0.022304978786796797,0.0,-0.4757528302841641,0.4029844685572284,0.6277399778325925,0.4757528302841641
63.0,0.0,0.0,-0.061256475460394276,0.238656104334874,-0.45148552734444836,-12.251295092078855,1.0,0.0,-0.6630281450603404,0.14,0.0,False,0.004257374622506923,0.061256475460394276,0.21287034419115625,0.075777489796511,7.577748979651099e-06,7.5777489796511e-06,-0.01225166643822042,0.0,0.26217968926247137,0.6901416316793223,0.9016842493952144,0.26217968926247137
64.0,0.0,0.0,-0.08670649613880207,-0.39315862729966033,-0.3876794117241344,-17.341299227760416,1.0,0.0,-0.6361115488412609,0.07,0.0,False,0.004088363321503506,0.08670649613880207,0.20441971510464535,0.07577748591242173,7.577748591242176e-06,7.577748591242176e-06,-0.01734182485580051,0.0,-0.6318147316345344,-0.005479215575525942,0.24295292154160053,0.6318147316345344
65.0,0.0,0.0,-0.021997476267650917,-0.15851787699064793,-0.3668259831722954,-4.3994952535301834,1.0,0.0,-0.6284417090545951,0.19,0.0,False,0.00394404705897924,0.021997476267650917,0.19720384729875445,0.07577748288116361,7.577748288116364e-06,7.577748288116362e-06,-0.004399628605590179,0.0,0.2346407503090124,0.2083081061816475,0.46992383206394717,0.2346407503090124
66.0,0.0,0.0,-0.048687537369044256,0.12332944173049629,-0.6464859731943309,-9.73750747380885,1.0,0.0,-0.6131417245430759,0.1,0.0,False,0.004014501675374773,0.04868753736904424,0.20072660481285104,0.07577748051548007,7.577748051548008e-06,7.5777480515480085e-06,-0.00973780262508541,0.0,0.2818473187211442,0.7698154149248272,0.7364711662735722,0.2818473187211442
67.0,0.0,0.0,-0.0782898115706267,-0.8190639393029273,-0.7275864615115164,-15.657962314125339,1.0,0.0,-0.6454116977756619,-0.05,0.0,False,0.0038738523667470218,0.0782898115706267,0.19369408609117658,0.07577747866923067,7.577747866923064e-06,7.577747866923065e-06,-0.015658436918891006,0.0,-0.9423933810334236,-0.09147747779141091,-0.17365224152726544,0.9423933810334236
68.0,0.0,0.0,0.011308239401340497,-0.5567260688642843,-0.8293629508039372,2.2616478802680993,1.0,0.0,-0.6595983369984022,0.31,0.0,False,0.003909702894302331,0.011308239401340497,0.19548662605222678,0.07577747722836292,7.5777477228362955e-06,7.5777477228362955e-06,0.0022617164325369255,0.0,0.262337870438643,0.27263688193965285,0.10287226813411787,0.262337870438643
69.0,0.0,0.0,-0.017790688481027907,-0.880401586353571,-0.7023396123679984,-3.5581376962055815,1.0,0.0,-0.7059772607402537,-0.01,0.0,False,0.003939450759787553,0.017790688481027904,0.19697403059755672,0.07577747610386716,7.577747610386715e-06,7.5777476103867154e-06,-0.0035582455460660186,0.0,-0.3236755174892867,-0.17806197398557266,-0.17442432561331733,0.3236755174892867
70.0,0.0,0.0,0.014414223454867465,-0.38492680251457384,-0.6913060148545996,2.882844690973493,1.0,0.0,-0.7346396943419193,-0.05,0.0,False,0.004022355935100749,0.014414223454867465,0.20111932077492353,0.07577747522627731,7.577747522627736e-06,7.577747522627733e-06,0.0028829320721881985,0.0,0.4954747838389972,0.3063792123400258,0.3497128918273455,0.4954747838389972
71.0,0.0,0.0,-0.039747970303559525,-0.46800768013644245,-0.8948073909387748,-7.949594060711905,1.0,0.0,-0.7362538904375927,0.27,0.0,False,0.003975280628995269,0.03974797030355953,0.19876553763339677,0.07577747454138026,7.577747454138024e-06,7.577747454138025e-06,-0.007949835018950609,0.0,-0.08308087762186861,0.42679971080233237,0.26824621030115026,0.08308087762186861
72.0,0.0,0.0,-0.035093430924195854,-1.0184462777661143,-0.9302713343036864,-7.01868618483917,1.0,0.0,-0.782421565554208,0.2,0.0,False,0.0037153328302391487,0.035093430924195854,0.18576804920464227,0.0757774740068663,7.577747400686627e-06,7.577747400686627e-06,-0.007018898926551039,0.0,-0.5504385976296718,-0.08817494346242793,-0.23602471221190624,0.5504385976296718
73.0,0.0,0.0,0.015791651726386843,-1.2337768234249709,-0.9636038723816339,3.1583303452773683,1.0,0.0,-0.8189552858361492,0.18,0.0,False,0.0036545952364436815,0.01579165172638684,0.18273114650215413,0.07577747358971576,7.577747358971578e-06,7.577747358971577e-06,0.0031584260766696686,0.0,-0.21533054565885656,-0.27017295104333694,-0.4148215375888217,0.21533054565885656
74.0,0.0,0.0,0.03387000071670382,-2.0350257445151287,-0.9519161827586671,6.774000143340764,1.0,0.0,-0.8605237772448878,-0.07,0.0,False,0.0038012759018727312,0.03387000071670382,0.19006523534905168,0.07577747326415916,7.577747326415918e-06,7.5777473264159154e-06,0.006774205468430765,0.0,-0.8012489210901579,-1.0831095617564617,-1.174501967270241,0.8012489210901579
75.0,0.0,0.0,0.11119040545627946,-1.7434197708997807,-1.106915520308657,22.238081091255893,1.0,0.0,-0.8950639833425638,0.15,0.0,False,0.003956776529612086,0.11119040545627946,0.19784032565323773,0.07577747301008513,7.577747301008512e-06,7.577747301008514e-06,0.02223875514438396,0.0,0.291605973615348,-0.6365042505911238,-0.848355787557217,0.291605973615348
76.0,0.0,0.0,0.07859917960709414,-2.9861525054863955,-1.0076624455702707,15.719835921418829,1.0,0.0,-0.9230795613125923,0.01,0.0,False,0.003919405132362608,0.07859917960709416,0.19597174163120964,0.07577747281179825,7.577747281179824e-06,7.577747281179825e-06,0.015720312401583836,0.0,-1.2427327345866148,-1.9784900599161248,-2.063072944173803,1.2427327345866148
77.0,0.0,0.0,0.19849759455047378,-2.840859688304392,-1.0048413731384964,39.69951891009475,1.0,0.0,-0.9573981945928608,-0.12,0.0,False,0.00422635099219881,0.19849759455047378,0.21131915092092426,0.07577747265704927,7.577747265704929e-06,7.577747265704929e-06,0.03970072223265974,0.0,0.14529281718200338,-1.8360183151658958,-1.8834614937115313,0.14529281718200338
78.0,0.0,0.0,0.17906849454611165,-2.928154897557774,-1.0498550677417617,35.81369890922233,1.0,0.0,-1.0011013517514413,0.03,0.0,False,0.004268940060511662,0.17906849454611165,0.2134486204730241,0.07577747253627864,7.577747253627861e-06,7.577747253627862e-06,0.035814784449630606,0.0,-0.08729520925338186,-1.8782998298160123,-1.9270535458063327,0.08729520925338186
79.0,0.0,0.0,0.18438381099488954,-3.067391513125773,-1.0335925693792338,36.87676219897791,1.0,0.0,-1.0501068960536366,-0.01,0.0,False,0.004230731477278516,0.18438381099488954,0.2115381768346154,0.07577747244202561,7.577747244202561e-06,7.577747244202561e-06,0.03687787996164028,0.0,-0.13923661556799916,-2.0337989437465396,-2.0172846170721366,0.13923661556799916
80.0,0.0,0.0,0.19569450961284032,-3.6941686851264404,-1.0976977563098929,39.13890192256807,1.0,0.0,-1.084246926913098,0.08,0.0,False,0.004021583660352157,0.19569450961284032,0.20108070674483133,0.07577747236846775,7.577747236846778e-06,7.577747236846776e-06,0.03914008825240192,0.0,-0.6267771720006672,-2.5964709288165473,-2.6099217582133423,0.6267771720006672
81.0,0.0,0.0,0.2566456503164336,-3.710888691704325,-1.2216478938698232,51.32913006328672,1.0,0.0,-1.110372270820897,0.05,0.0,False,0.004071554812566212,0.2566456503164336,0.203579283288971,0.07577747231106102,7.577747231106104e-06,7.577747231106103e-06,0.0513306858881899,0.0,-0.01672000657788475,-2.489240797834502,-2.6005164208834284,0.01672000657788475
82.0,0.0,0.0,0.2569198832856844,-3.2687492389002846,-1.1940718648465691,51.38397665713688,1.0,0.0,-1.1276149421688029,0.02,0.0,False,0.004063106513093964,0.2569198832856844,0.20315686511440378,0.07577747226625915,7.577747226625914e-06,7.5777472266259145e-06,0.05138553414448105,0.0,0.44213945280404054,-2.0746773740537154,-2.1411342967314817,0.44213945280404054
83.0,0.0,0.0,0.20854228047921583,-3.1404794269268237,-1.2265657542536867,41.70845609584317,1.0,0.0,-1.1415925151508302,0.15,0.0,False,0.0038412111608712757,0.20854228047921583,0.1920620134299241,0.07577747223129438,7.57774722312944e-06,7.577747223129441e-06,0.04170972031081268,0.0,0.12826981197346088,-1.913913672673137,-1.9988869117759935,0.12826981197346088
84.0,0.0,0.0,0.19452909892477255,-3.2885541712783075,-1.1313708965713762,38.90581978495451,1.0,0.0,-1.1832474200737877,-0.03,0.0,False,0.0040717376322242805,0.19452909892477255,0.2035884243411402,0.07577747220400688,7.5777472204006916e-06,7.577747220400691e-06,0.03890699904988926,0.0,-0.14807474435148382,-2.1571832747069313,-2.1053067512045196,0.14807474435148382
85.0,0.0,0.0,0.209320354183668,-3.97553871734115,-1.0457861283726255,41.8640708367336,1.0,0.0,-1.1951147330621656,-0.11,0.0,False,0.0040279634972857845,0.209320354183668,0.20139970100874854,0.07577747218271093,7.577747218271092e-06,7.577747218271093e-06,0.04186533976850327,0.0,-0.6869845460628423,-2.9297525889685243,-2.7804239842789844,0.6869845460628423
86.0,0.0,0.0,0.27920423961884105,-4.733391712538818,-1.0610853733144998,55.84084792376821,1.0,0.0,-1.1952713206050454,0.02,0.0,False,0.0038716251109604705,0.27920423961884105,0.1935827224578439,0.07577747216609089,7.577747216609089e-06,7.577747216609091e-06,0.05584254050226198,0.0,-0.7578529951976685,-3.6723063392243187,-3.5381203919337727,0.7578529951976685
87.0,0.0,0.0,0.3543907926905812,-4.6357656411895904,-1.1198233116048328,70.87815853811624,1.0,0.0,-1.1833905341952582,0.09,0.0,False,0.003937798164276994,0.35439079269058127,0.19689140019580337,0.07577747215312015,7.577747215312016e-06,7.577747215312016e-06,0.07088030690891035,0.0,0.09762607134922785,-3.5159423295847576,-3.4523751069943325,0.09762607134922785
88.0,0.0,0.0,0.341686672673492,-5.163721312594872,-1.1992719714191291,68.3373345346984,1.0,0.0,-1.1893495114408865,0.04,0.0,False,0.003809058910895593,0.341686672673492,0.19045438874905726,0.07577747214299738,7.5777472142997385e-06,7.577747214299739e-06,0.06833940589118784,0.0,-0.527955671405282,-3.9644493411757433,-3.974371801153986,0.527955671405282
89.0,0.0,0.0,0.3908139201934942,-5.615082788432077,-1.2226495907863326,78.16278403869885,1.0,0.0,-1.2187694536930678,-0.05,0.0,False,0.003904653521069283,0.3908139201934942,0.19523415547733097,0.07577747213509727,7.57774721350973e-06,7.577747213509728e-06,0.07816515321202161,0.0,-0.45136147583720465,-4.392433197645745,-4.396313334739009,0.45136147583720465
90.0,0.0,0.0,0.43406998286216797,-4.96082298610358,-1.1545013589576654,86.8139965724336,1.0,0.0,-1.255434036205195,-0.02,0.0,False,0.0038049748472416423,0.43406998286216797,0.19025018401895918,0.07577747212893182,7.5777472128931844e-06,7.577747212893183e-06,0.08681662797057572,0.0,0.6542598023284967,-3.8063216271459153,-3.7053889498983854,0.6542598023284967
91.0,0.0,0.0,0.36789889478096294,-4.445547352366881,-1.2470002477345308,73.57977895619258,1.0,0.0,-1.2742184961802598,-0.02,0.0,False,0.003864942452259752,0.36789889478096294,0.19324858699083228,0.07577747212412012,7.57774721241201e-06,7.577747212412012e-06,0.0735820092151517,0.0,0.5152756337366995,-3.1985471046323504,-3.171328856186621,0.5152756337366995
92.0,0.0,0.0,0.3152140574399846,-4.556854028181127,-1.1558045034143833,63.042811487996914,1.0,0.0,-1.2816946460527348,-0.05,0.0,False,0.003920028834860864,0.3152140574399846,0.19600292699242183,0.0757774721203649,7.577747212036492e-06,7.577747212036491e-06,0.06304472236347268,0.0,-0.11130667581424625,-3.401049524766744,-3.2751593821283924,0.11130667581424625
93.0,0.0,0.0,0.3258128458204712,-3.857246873716459,-1.2114986998889123,65.16256916409424,1.0,0.0,-1.2932873473447912,-0.02,0.0,False,0.003850158825042158,0.3258128458204712,0.19250940002862296,0.07577747211743423,7.57774721174342e-06,7.577747211743423e-06,0.06516454429103435,0.0,0.699607154464668,-2.645748173827547,-2.5639595263716677,0.699607154464668
94.0,0.0,0.0,0.2538983357140168,-3.437170496873478,-1.2884514179886837,50.77966714280337,1.0,0.0,-1.2986021236072196,-0.1,0.0,False,0.003876454877352546,0.2538983357140168,0.19382421260738422,0.07577747211514707,7.577747211514706e-06,7.577747211514704e-06,0.05078120631306428,0.0,0.42007637684298116,-2.1487190788847945,-2.138568373266258,0.42007637684298116
95.0,0.0,0.0,0.21224061768544655,-3.694780264120347,-1.3218429404901828,42.44812353708931,1.0,0.0,-1.3181673177060182,-0.05,0.0,False,0.004019329020252393,0.2122406176854465,0.20096797388558324,0.07577747211336205,7.577747211336206e-06,7.577747211336206e-06,0.04244941017193854,0.0,-0.2576097672468691,-2.3729373236301643,-2.376612946414329,0.2576097672468691
96.0,0.0,0.0,0.23654970117566848,-3.5260742785191157,-1.1759038563339919,47.309940235133695,1.0,0.0,-1.3146839047315735,0.02,0.0,False,0.0038923578329223517,0.23654970117566848,0.19461936641130326,0.07577747211196902,7.5777472111969e-06,7.5777472111969e-06,0.04731137423533793,0.0,0.1687059856012314,-2.3501704221851236,-2.211390373787542,0.1687059856012314
97.0,0.0,0.0,0.22116229412206714,-3.874836115814246,-1.1273767352891406,44.23245882441343,1.0,0.0,-1.329193626671742,0.06,0.0,False,0.004124813538245344,0.22116229412206714,0.20624223975198144,0.07577747211088182,7.577747211088183e-06,7.5777472110881835e-06,0.044233799543819764,0.0,-0.3487618372951302,-2.7474593805251053,-2.5456424891425042,0.3487618372951302
98.0,0.0,0.0,0.2543570204608676,-4.447511486776254,-1.3132100494088421,50.87140409217353,1.0,0.0,-1.314367541700571,-0.03,0.0,False,0.004147347275402637,0.2543570204608676,0.2073689351475943,0.07577747211003336,7.5777472110033345e-06,7.5777472110033345e-06,0.05087294604305094,0.0,-0.5726753709620085,-3.1343014373674123,-3.1331439450756835,0.5726753709620085
99.0,0.0,0.0,0.30842295083766186,-4.424655550221678,-1.4292155301746956,61.68459016753237,1.0,0.0,-1.3311695385454494,0.06,0.0,False,0.004032654100946063,0.3084229508376619,0.2016342329689714,0.07577747210937115,7.577747210937115e-06,7.577747210937117e-06,0.061686459874288564,0.0,0.02285593655457685,-2.995440020046982,-3.0934860116762284,0.02285593655457685
100.0,0.0,0.0,0.30274517102741255,-4.494051919943063,-1.458415591727476,60.54903420548251,1.0,0.0,-1.3631651208418634,0.19,0.0,False,0.003908207844294372,0.30274517102741255,0.19541187298527313,0.0757774721088544,7.577747210885437e-06,7.5777472108854385e-06,0.06055086949267543,0.0,-0.0693963697213853,-3.035636328215587,-3.1308867991011997,0.0693963697213853
101.0,0.0,0.0,0.30505386927548783,-4.3919052473905635,-1.654351909712142,61.01077385509757,1.0,0.0,-1.3970891336287854,0.26,0.0,False,0.0040789798748828736,0.30505386927548783,0.20395053921806217,0.0757774721084511,7.577747210845108e-06,7.577747210845109e-06,0.0610126231379698,0.0,0.10214667255249932,-2.7375533376784214,-2.994816113761778,0.10214667255249932
102.0,0.0,0.0,0.2910756138804117,-4.724689341591027,-1.6192249819681586,58.21512277608234,1.0,0.0,-1.4433976461328326,0.1,0.0,False,0.004161242417292483,0.2910756138804117,0.2080636975067803,0.07577747210813633,7.577747210813634e-06,7.577747210813632e-06,0.058216887320648024,0.0,-0.3327840942004636,-3.105464359622869,-3.2812916954581945,0.3327840942004636
103.0,0.0,0.0,0.31964545864369376,-4.352270353242112,-1.6563204859330076,63.929091728738754,1.0,0.0,-1.4810388237153864,0.21,0.0,False,0.004122595743737988,0.3196454586436937,0.20613134918631934,0.07577747210789067,7.577747210789067e-06,7.577747210789068e-06,0.06393102946804119,0.0,0.3724189883489153,-2.6959498673091042,-2.8712315295267254,0.3724189883489153
104.0,0.0,0.0,0.2803064592846455,-4.174691745090948,-1.5029370619292384,56.061291856929095,1.0,0.0,-1.5281136455299558,0.04,0.0,False,0.00403155762456235,0.28030645928464554,0.20157940873434474,0.07577747210769896,7.577747210769899e-06,7.577747210769897e-06,0.056062991117244526,0.0,0.17757860815116366,-2.67175468316171,-2.646578099560992,0.17757860815116366
105.0,0.0,0.0,0.2597545372645882,-3.7577462022907535,-1.6965580453886984,51.95090745291764,1.0,0.0,-1.5490995558211569,0.15,0.0,False,0.00401614176294905,0.2597545372645882,0.20080860981280466,0.07577747210754936,7.577747210754937e-06,7.577747210754936e-06,0.05195248212436136,0.0,0.4169455428001947,-2.0611881569020554,-2.208646646469597,0.4169455428001947
106.0,0.0,0.0,0.21747920149872216,-2.5001876357615287,-1.5574067308212998,43.49584029974443,1.0,0.0,-1.577047954734054,0.15,0.0,False,0.003947031198550218,0.21747920149872216,0.19735305540774373,0.07577747210743258,7.577747210743258e-06,7.577747210743259e-06,0.04349715869168403,0.0,1.2575585665292248,-0.9427809049402289,-0.9231396810274748,1.2575585665292248
107.0,0.0,0.0,0.09140065759513671,-3.0518613547006224,-1.615125827609339,18.280131519027343,1.0,0.0,-1.5828717871829046,0.02,0.0,False,0.0040243072581894355,0.09140065759513671,0.20121688766862683,0.07577747210734144,7.577747210734148e-06,7.577747210734146e-06,0.01828068560369115,0.0,-0.5516737189390937,-1.4367355270912834,-1.4689895675177178,0.5516737189390937
108.0,0.0,0.0,0.1445129951078446,-2.3359925985000007,-1.6844650326486041,28.90259902156892,1.0,0.0,-1.586146429256254,0.1,0.0,False,0.003994574186406721,0.1445129951078446,0.19973022281400601,0.07577747210727036,7.577747210727035e-06,7.577747210727035e-06,0.028903475081286836,0.0,0.7158687562006216,-0.6515275658513966,-0.7498461692437468,0.7158687562006216
109.0,0.0,0.0,0.07188501132802716,-2.6530101157778225,-1.6761886275139188,14.377002265605432,1.0,0.0,-1.6066766494748967,0.02,0.0,False,0.00407275960911768,0.07188501132802716,0.20363952357302242,0.07577747210721485,7.577747210721488e-06,7.577747210721485e-06,0.014377438043458486,0.0,-0.3170175172778218,-0.9768214882639037,-1.0463334663029258,0.3170175172778218
110.0,0.0,0.0,0.10011880757598926,-2.3294247896106186,-1.8016630500036954,20.02376151519785,1.0,0.0,-1.6171152488975247,0.19,0.0,False,0.004046907435818816,0.10011880757598927,0.20234690511301742,0.07577747210717153,7.5777472107171526e-06,7.5777472107171526e-06,0.020024368450610508,0.0,0.3235853261672039,-0.5277617396069232,-0.7123095407130939,0.3235853261672039
111.0,0.0,0.0,0.06421681429285672,-2.9875945316882633,-1.8770032155546914,12.843362858571345,1.0,0.0,-1.6517841062671885,0.26,0.0,False,0.004100796005982913,0.06421681429285672,0.20504135403892046,0.0757774721071377,7.5777472107137695e-06,7.577747210713772e-06,0.012843752150649687,0.0,-0.6581697420776447,-1.1105913161335719,-1.3358104254210748,0.6581697420776447
112.0,0.0,0.0,0.12573414856114995,-2.804771619456274,-1.9879124828604662,25.14682971222999,1.0,0.0,-1.6872323157427827,0.34,0.0,False,0.00404154948429005,0.12573414856114995,0.20207900550651903,0.07577747210711135,7.577747210711135e-06,7.5777472107111335e-06,0.0251475919317289,0.0,0.18282291223198932,-0.8168591365958078,-1.1175393037134913,0.18282291223198932
113.0,0.0,0.0,0.10149729599271361,-1.351987892747113,-1.960684299195867,20.29945919854272,1.0,0.0,-1.7302054069970876,0.34,0.0,False,0.004092413966549974,0.10149729599271358,0.2046222488914247,0.07577747210709075,7.577747210709075e-06,7.577747210709075e-06,0.020300074490561454,0.0,1.452783726709161,0.6086964064487541,0.37821751424997463,1.452783726709161
114.0,0.0,0.0,-0.048080675341039845,-1.3535796652968959,-1.9751304297910797,-9.616135068207969,1.0,0.0,-1.7897602034865587,0.09,0.0,False,0.004151019989784545,0.04808067534103984,0.20755257225823473,0.07577747210707467,7.577747210707468e-06,7.5777472107074684e-06,-0.009616426540562018,0.0,-0.0015917725497829327,0.6215507644941838,0.43618053818966285,0.0015917725497829327
115.0,0.0,0.0,-0.05451615907923433,-1.8861709803445685,-2.0502829175407666,-10.903231815846866,1.0,0.0,-1.8328128633176837,0.38,0.0,False,0.004128191220328136,0.05451615907923433,0.206411125135882,0.07577747210706212,7.5777472107062165e-06,7.577747210706214e-06,-0.010903562301080442,0.0,-0.5325913150476727,0.1641119371961981,-0.053358117026884866,0.5325913150476727
116.0,0.0,0.0,-0.004951444501124025,-1.181458645521976,-1.8973300390712102,-0.990288900224805,1.0,0.0,-1.8987619115728587,0.04,0.0,False,0.00409104827894531,0.005435456367662308,0.2045539639937497,0.07577747210705234,7.577747210705233e-06,7.577747210705234e-06,-0.0009903189166331533,0.0,0.7047123348225925,0.7158713935492342,0.7173032660508827,0.7047123348225925
117.0,0.0,0.0,-0.07508492723869561,-1.1253060589189738,-1.923736072978939,-15.016985447739122,1.0,0.0,-1.9356873013955467,0.05,0.0,False,0.004108981688987431,0.07508492723869561,0.20545064129059817,0.07577747210704468,7.57774721070447e-06,7.577747210704469e-06,-0.015017440623968257,0.0,0.05615258660300215,0.7984300140599652,0.8103812424765728,0.05615258660300215
118.0,0.0,0.0,-0.08434591671377718,-0.8863239912768881,-2.00922678693456,-16.869183342755438,1.0,0.0,-1.9323363666388287,0.1,0.0,False,0.003939278982598459,0.08434591671377717,0.19696544167293906,0.07577747210703875,7.577747210703874e-06,7.5777472107038745e-06,-0.016869694660508874,0.0,0.23898206764208574,1.122902795657672,1.0460123753619406,0.23898206764208574
119.0,0.0,0.0,-0.11072502973453158,-1.3440183219245787,-2.06128544896377,-22.145005946906316,1.0,0.0,-1.9687971836585003,0.14,0.0,False,0.003924578653426977,0.11072502973453158,0.19623041964459606,0.0757774721070341,7.577747210703411e-06,7.5777472107034094e-06,-0.02214567717884805,0.0,-0.4576943306476906,0.7172671270391913,0.6247788617339216,0.4576943306476906
120.0,0.0,0.0,-0.06839076205011636,-1.7316465712155935,-2.1236917408678355,-13.678152410023273,1.0,0.0,-1.9936162409364642,0.06,0.0,False,0.00404868255104513,0.06839076205011635,0.2024356615469019,0.07577747210703047,7.577747210703047e-06,7.577747210703047e-06,-0.013678567005206654,0.0,-0.3876282492910148,0.392045169652242,0.26196966972087066,0.3876282492910148
121.0,0.0,0.0,-0.032086245032992226,-2.494182109233906,-2.0490059579150075,-6.417249006598445,1.0,0.0,-2.02795185482106,-0.08,0.0,False,0.004029342927989838,0.03208624503299222,0.20146867306659855,0.07577747210702765,7.577747210702763e-06,7.577747210702764e-06,-0.00641744351828752,0.0,-0.7625355380183123,-0.4451761513188983,-0.4662302544128458,0.7625355380183123
122.0,0.0,0.0,0.039445566422186114,-2.756790560745959,-2.168468638255177,7.889113284437222,1.0,0.0,-2.0525211786182056,0.18,0.0,False,0.0038554271929138015,0.039445566422186114,0.19277282041832294,0.07577747210702544,7.577747210702544e-06,7.577747210702543e-06,0.00788935240944993,0.0,-0.26260845151205325,-0.5883219224907821,-0.7042693821277535,0.26260845151205325
123.0,0.0,0.0,0.06648551331033759,-2.8424142511802417,-2.1162956667607506,13.297102662067518,1.0,0.0,-2.0997114995854984,-0.12,0.0,False,0.0037615291207095444,0.06648551331033759,0.18807788123131733,0.0757774721070237,7.577747210702369e-06,7.577747210702371e-06,0.013297505707343761,0.0,-0.08562369043428264,-0.7261185844194911,-0.7427027515947433,0.08562369043428264
124.0,0.0,0.0,0.06917420946363982,-2.2969293686678984,-2.378116739180588,13.834841892727965,1.0,0.0,-2.091910237121932,0.39,0.0,False,0.0037870034884032633,0.06917420946363982,0.18935160926791922,0.07577747210702236,7.577747210702234e-06,7.577747210702236e-06,0.013835261237288517,0.0,0.5454848825123433,0.08118737051268976,-0.20501913154596663,0.5454848825123433
125.0,0.0,0.0,0.010789572992441855,-2.3623908016152977,-2.517804755695491,2.157914598488371,1.0,0.0,-2.1506459473102035,0.3,0.0,False,0.003993085447807492,0.010789572992441855,0.1996557853199803,0.07577747210702132,7.577747210702129e-06,7.577747210702131e-06,0.002157980006518042,0.0,-0.06546143294739926,0.15541395408019332,-0.21174485430509415,0.06546143294739926
126.0,0.0,0.0,0.011969890100803446,-2.8135481787371353,-2.4207714944508414,2.3939780201606893,1.0,0.0,-2.1890295507106474,0.37,0.0,False,0.0038253319872699754,0.011980299261030024,0.19126804873343858,0.07577747210702046,7.577747210702047e-06,7.577747210702049e-06,0.00239405058345188,0.0,-0.45115737712183757,-0.39277668428629386,-0.6245186280264878,0.45115737712183757
127.0,0.0,0.0,0.05717044894258052,-2.483136913390053,-2.3952830902093245,11.434089788516104,1.0,0.0,-2.242687365367197,0.03,0.0,False,0.0036184966102887923,0.05717044894258052,0.1809262015170694,0.07577747210701986,7.577747210701988e-06,7.577747210701986e-06,0.011434436364457835,0.0,0.3304112653470823,-0.08785382318072843,-0.2404495480228559,0.3304112653470823
128.0,0.0,0.0,0.02188976478625408,-2.2279453422058006,-2.3191957793457525,4.377952957250816,1.0,0.0,-2.24182202815083,0.08,0.0,False,0.003544340563004643,0.02188976478625408,0.17721837105607285,0.07577747210701936,7.577747210701936e-06,7.5777472107019365e-06,0.004378085656328493,0.0,0.2551915711842523,0.09125043713995185,0.013876685945029443,0.2551915711842523
129.0,0.0,0.0,-0.010694033155549072,-1.8559372220241195,-2.3564590150070757,-2.1388066311098144,1.0,0.0,-2.2642309717723097,0.16,0.0,False,0.003602140658630916,0.010694033155549072,0.1801083977371122,0.07577747210701898,7.577747210701896e-06,7.577747210701897e-06,-0.0021388714599624883,0.0,0.37200812018168117,0.5005217929829562,0.4082937497481902,0.37200812018168117
130.0,0.0,0.0,-0.05155255516783083,-1.9450820975950078,-2.4157571755994836,-10.310511033566167,1.0,0.0,-2.3348897255952874,0.1,0.0,False,0.0036986147302733095,0.051552555167830826,0.18493213787203824,0.07577747210701867,7.577747210701865e-06,7.577747210701866e-06,-0.010310823552982866,0.0,-0.08914487557088835,0.4706750780044757,0.38980762800027957,0.08914487557088835
131.0,0.0,0.0,-0.04460830186558873,-2.6114270623293985,-2.4529431886616546,-8.921660373117746,1.0,0.0,-2.371482306313984,0.05,0.0,False,0.0037065879116280846,0.04460830186558873,0.18533079996071466,0.07577747210701846,7.577747210701843e-06,7.577747210701844e-06,-0.008921930795416574,0.0,-0.6663449647343906,-0.15848387366774386,-0.23994475601541465,0.6663449647343906
132.0,0.0,0.0,0.016603977924198036,-1.7590032233661745,-2.5653094323472434,3.3207955848396074,1.0,0.0,-2.3911820177726466,0.15,0.0,False,0.0038593080366196497,0.016603977924198036,0.19296686407401797,0.07577747210701824,7.5777472107018255e-06,7.5777472107018255e-06,0.0033208962406747807,0.0,0.8524238389632239,0.8063062089810689,0.6321787944064721,0.8524238389632239
133.0,0.0,0.0,-0.07130487399979737,-2.829860765244873,-2.467099912071178,-14.260974799959476,1.0,0.0,-2.445380992050048,0.03,0.0,False,0.003788341733184213,0.07130487399979737,0.18941852201401074,0.07577747210701812,7.577747210701811e-06,7.57774721070181e-06,-0.014261407060931947,0.0,-1.0708575418786983,-0.362760853173695,-0.38447977319482485,1.0708575418786983
134.0,0.0,0.0,0.035419810728528005,-3.014723337475483,-2.4784696259469565,7.083962145705601,1.0,0.0,-2.472078979879651,0.07,0.0,False,0.003883640566355162,0.035419810728528,0.19418349978008154,0.07577747210701802,7.577747210701799e-06,7.577747210701799e-06,0.007084176865976059,0.0,-0.1848625722306103,-0.5362537115285266,-0.5426443575958322,0.1848625722306103
135.0,0.0,0.0,0.04882679692991034,-3.1602908441815076,-2.7211293959084033,9.765359385982068,1.0,0.0,-2.4756492378409956,0.34,0.0,False,0.003896583439117585,0.04882679692991035,0.1948306483220936,0.0757774721070179,7.577747210701789e-06,7.577747210701791e-06,0.009765655381438474,0.0,-0.14556750670602447,-0.4391614482731043,-0.6846416063405121,0.14556750670602447
136.0,0.0,0.0,0.05783462299925569,-4.40333661899548,-2.810377619873758,11.566924599851138,1.0,0.0,-2.526436868320168,0.46,0.0,False,0.003974555124657853,0.05783462299925569,0.19872926214159312,0.07577747210701782,7.577747210701785e-06,7.577747210701784e-06,0.011567275202116844,0.0,-1.2430457748139725,-1.5929589991217221,-1.876899750675312,1.2430457748139725
137.0,0.0,0.0,0.17744084597147441,-4.663033567053329,-2.803580158243623,35.48816919429488,1.0,0.0,-2.5819227013812958,0.26,0.0,False,0.00408695192791206,0.17744084597147441,0.20434914489003156,0.07577747210701778,7.577747210701776e-06,7.577747210701779e-06,0.035489244867644175,0.0,-0.25969694805784904,-1.8594534088097063,-2.0811108656720334,0.25969694805784904
138.0,0.0,0.0,0.19965041293148555,-4.630589952545936,-2.6468855129573456,39.93008258629711,1.0,0.0,-2.6288609291869562,0.0,0.0,False,0.0041099065675551626,0.19965041293148555,0.2054968855694095,0.07577747210701771,7.577747210701773e-06,7.577747210701773e-06,0.03993129289741341,0.0,0.03244361450739319,-1.9837044395885903,-2.0017290233589797,0.03244361450739319
139.0,0.0,0.0,0.19337271506214088,-4.965933119323784,-2.6644462384941985,38.674543012428174,1.0,0.0,-2.6664537927204903,-0.01,0.0,False,0.0039783201445403454,0.19337271506214088,0.19891751456223614,0.07577747210701768,7.577747210701771e-06,7.577747210701769e-06,0.038675715267186835,0.0,-0.33534316677784837,-2.301486880829586,-2.299479326603294,0.33534316677784837
140.0,0.0,0.0,0.22945974054019888,-5.15044035951117,-2.5322744451818586,45.89194810803978,1.0,0.0,-2.6967895354469196,0.09,0.0,False,0.003994867345069899,0.22945974054019888,0.19974488085823894,0.07577747210701767,7.577747210701768e-06,7.577747210701767e-06,0.04589333912782601,0.0,-0.1845072401873855,-2.6181659143293112,-2.4536508240642503,0.1845072401873855
141.0,0.0,0.0,0.24629794369508706,-3.4852285546619672,-2.5170990224456635,49.25958873901741,1.0,0.0,-2.6712487745263553,-0.13,0.0,False,0.00381492671487795,0.246297943695087,0.19074778117141114,0.07577747210701766,7.577747210701764e-06,7.5777472107017645e-06,0.049261081834547735,0.0,1.6652118048492026,-0.9681295322163037,-0.8139797801356119,1.6652118048492026
142.0,0.0,0.0,0.0800390129687862,-3.4668455883130735,-2.604239285454758,16.00780259375724,1.0,0.0,-2.68736760338251,0.0,0.0,False,0.0037968607023692383,0.0800390129687862,0.18984447370099178,0.07577747210701764,7.577747210701764e-06,7.577747210701764e-06,0.016008287802406252,0.0,0.018382966348893692,-0.8626063028583157,-0.7794779849305637,0.018382966348893692
143.0,0.0,0.0,0.07813455459538463,-3.318149684075694,-2.583029575845831,15.626910919076925,1.0,0.0,-2.684808099203743,-0.15,0.0,False,0.004105712417954154,0.07813455459538463,0.20528717650024889,0.07577747210701764,7.577747210701764e-06,7.577747210701764e-06,0.015627384582610124,0.0,0.14869590423737966,-0.7351201082298631,-0.633341584871951,0.14869590423737966
144.0,0.0,0.0,0.06110526216157326,-3.5741758151710985,-2.7051585955603237,12.221052432314652,1.0,0.0,-2.685470438164071,-0.05,0.0,False,0.003947552448845459,0.06110526216157326,0.19737911812000083,0.07577747210701764,7.577747210701764e-06,7.577747210701764e-06,0.012221422861691544,0.0,-0.2560261310954046,-0.8690172196107748,-0.8887053770070277,0.2560261310954046
145.0,0.0,0.0,0.08292599478616251,-3.74933841163783,-2.9065119597018603,16.585198957232503,1.0,0.0,-2.7070739104484662,0.25,0.0,False,0.0036667396210352757,0.08292599478616253,0.18333837033306052,0.07577747210701764,7.577747210701764e-06,7.577747210701764e-06,0.01658570166720363,0.0,-0.17516259646673138,-0.8428264519359696,-1.0422645011893636,0.17516259646673138
146.0,0.0,0.0,0.0951660711510344,-3.8683879278571203,-2.9784104918787797,19.03321423020688,1.0,0.0,-2.7448844476981895,0.34,0.0,False,0.00359000677601501,0.0951660711510344,0.17950169900894217,0.07577747210701764,7.577747210701764e-06,7.577747210701764e-06,0.01903379114137935,0.0,-0.11904951621929039,-0.8899774359783406,-1.1235034801589308,0.11904951621929039
147.0,0.0,0.0,0.10139568003719393,-3.242439876227371,-2.903671333938849,20.279136007438787,1.0,0.0,-2.797641642905976,0.21,0.0,False,0.0035798239054022156,0.10139568003719393,0.17899255162014147,0.07577747210701764,7.577747210701764e-06,7.577747210701764e-06,0.02027975068344617,0.0,0.6259480516297491,-0.33876854228852205,-0.4447982333213951,0.6259480516297491
148.0,0.0,0.0,0.03624092034520307,-3.54750976007749,-2.976255146241592,7.248184069040613,1.0,0.0,-2.854392709943603,0.07,0.0,False,0.0038331273203713614,0.03624092034520306,0.1916578183420611,0.07577747210701764,7.577747210701764e-06,7.577747210701764e-06,0.007248403767002238,0.0,-0.3050698838501189,-0.5712546138358983,-0.6931170501338872,0.3050698838501189
149.0,0.0,0.0,0.06314039208041512,-3.666148934474391,-3.041950881816365,12.628078416083024,1.0,0.0,-2.880016941548688,0.06,0.0,False,0.0038418878154063613,0.06314039208041512,0.19209584641305189,0.07577747210701764,7.577747210701764e-06,7.577747210701764e-06,0.012628461182726479,0.0,-0.11863917439690086,-0.6241980526580257,-0.7861319929257031,0.11863917439690086
150.0,0.0,0.0,0.07289312068602358,-3.9019180722156235,-3.041354877155815,14.578624137204717,1.0,0.0,-2.916081916176841,0.1,0.0,False,0.003845196680354223,0.07289312068602358,0.1922612909141321,0.07577747210701764,7.577747210701764e-06,7.577747210701764e-06,0.014579066026369743,0.0,-0.23576913774123254,-0.8605631950598083,-0.9858361560387823,0.23576913774123254
151.0,0.0,0.0,0.09554789497606586,-3.5477322560368196,-2.8941576854171687,19.109578995213173,1.0,0.0,-2.9371901093320583,-0.05,0.0,False,0.003903160234216334,0.09554789497606589,0.19515949056889562,0.07577747210701764,7.577747210701764e-06,7.577747210701764e-06,0.019110158221059645,0.0,0.35418581617880385,-0.653574570619651,-0.6105421467047614,0.35418581617880385
152.0,0.0,0.0,0.05933299884771179,-3.56068588541398,-2.8562759469410994,11.866599769542358,1.0,0.0,-2.946402920565234,0.01,0.0,False,0.003820792239467071,0.05933299884771179,0.1910410596232403,0.07577747210701764,7.577747210701764e-06,7.577747210701764e-06,0.011866959455189957,0.0,-0.012953629377160158,-0.7044099384728804,-0.614282964848746,0.012953629377160158
153.0,0.0,0.0,0.06049452804360187,-3.7705878882681914,-3.036492015967122,12.098905608720374,1.0,0.0,-2.954379787036376,-0.05,0.0,False,0.00398323231177369,0.06049452804360187,0.19916312478506146,0.07577747210701764,7.577747210701764e-06,7.577747210701764e-06,0.012099272335734315,0.0,-0.20990200285421157,-0.7340958723010695,-0.8162081012318154,0.20990200285421157
154.0,0.0,0.0,0.07718073542063032,-3.9243409979016746,-3.1292431117702337,15.436147084126064,1.0,0.0,-2.9557176843659043,0.2,0.0,False,0.0038730305257449154,0.07718073542063032,0.19365299372955894,0.07577747210701764,7.577747210701764e-06,7.577747210701764e-06,0.015436614965462607,0.0,-0.1537531096334832,-0.7950978861314408,-0.9686233135357702,0.1537531096334832
155.0,0.0,0.0,0.09048835820096861,-3.6666171833009207,-3.1115942923173234,18.09767164019372,1.0,0.0,-2.998751291256761,0.04,0.0,False,0.003934119347398392,0.09048835820096861,0.19670745795801514,0.07577747210701764,7.577747210701764e-06,7.577747210701764e-06,0.018098220194360068,0.0,0.2577238146007539,-0.5550228909835973,-0.6678658920441598,0.2577238146007539
156.0,0.0,0.0,0.06139495422362546,-3.9292155639859065,-3.143740718659446,12.278990844725092,1.0,0.0,-3.0194231309967914,0.07,0.0,False,0.00395893670940067,0.06139495422362547,0.19794833546111387,0.07577747210701764,7.577747210701764e-06,7.577747210701764e-06,0.012279363030259248,0.0,-0.26259838068498587,-0.7854748453264606,-0.9097924329891152,0.26259838068498587
157.0,0.0,0.0,0.08301333856730526,-4.83467417818502,-3.1560719217865585,16.602667713461052,1.0,0.0,-3.0526443792925106,0.1,0.0,False,0.004091265349638546,0.08301333856730528,0.20456481761065684,0.07577747210701764,7.577747210701764e-06,7.577747210701764e-06,0.016603170952923442,0.0,-0.9054586141991137,-1.6786022563984617,-1.7820297988925096,0.9054586141991137
158.0,0.0,0.0,0.17206497671814344,-4.576693765862902,-3.194096015227172,34.41299534362869,1.0,0.0,-3.0990507256081155,-0.08,0.0,False,0.004171124902049832,0.1720649767181434,0.2085578254889962,0.07577747210701764,7.577747210701764e-06,7.577747210701764e-06,0.03441403842764233,0.0,0.25798041232211855,-1.3825977506357296,-1.4776430402547862,0.25798041232211855
159.0,0.0,0.0,0.14629259251470514,-5.320297863218531,-3.138989134276736,29.25851850294103,1.0,0.0,-3.1139592177587185,-0.06,0.0,False,0.004216984834843585,0.14629259251470514,0.21085083950443273,0.07577747210701764,7.577747210701764e-06,7.577747210701764e-06,0.029259405350848592,0.0,-0.7436040973556297,-2.1813087289417954,-2.206338645459813,0.7436040973556297
160.0,0.0,0.0,0.2169114542048702,-4.478186232546429,-3.2380034892299094,43.38229084097404,1.0,0.0,-3.113712412301608,0.15,0.0,False,0.004088729516715429,0.21691145420487026,0.2044380250037061,0.07577747210701764,7.577747210701764e-06,7.577747210701764e-06,0.0433836057911433,0.0,0.8421116306721022,-1.2401827433165198,-1.3644738202448212,0.8421116306721022
161.0,0.0,0.0,0.13194679811631188,-4.386488494141944,-3.1502189261310236,26.389359623262376,1.0,0.0,-3.151101136161478,0.05,0.0,False,0.004021020369606207,0.13194679811631185,0.20105254199410488,0.07577747210701764,7.577747210701764e-06,7.577747210701764e-06,0.02639015950478616,0.0,0.09169773840448503,-1.2362695680109206,-1.2353873579804664,0.09169773840448503
162.0,0.0,0.0,0.11875827890635725,-3.76192697556529,-3.1865566898851916,23.75165578127145,1.0,0.0,-3.1586682584092425,-0.01,0.0,False,0.003969813833408355,0.11875827890635722,0.1984921957827029,0.07577747210701764,7.577747210701764e-06,7.577747210701764e-06,0.02375237571198936,0.0,0.624561518576654,-0.5753702856800986,-0.6032587171560477,0.624561518576654
163.0,0.0,0.0,0.05675807573741806,-4.374707262436265,-2.9285058236136665,11.351615147483612,1.0,0.0,-3.198860709067536,0.09,0.0,False,0.003902080731307304,0.05675807573741805,0.19510551501443404,0.07577747210701764,7.577747210701764e-06,7.577747210701764e-06,0.011351959223556363,0.0,-0.6127802868709744,-1.446201438822598,-1.1758465533687286,0.6127802868709744
164.0,0.0,0.0,0.12138789321825487,-3.6738378342888964,-2.92980463110104,24.277578643650973,1.0,0.0,-3.1943247132736046,0.22,0.0,False,0.003935008409402435,0.12138789321825484,0.19675191139507167,0.07577747210701764,7.577747210701764e-06,7.577747210701764e-06,0.024278314515490097,0.0,0.7008694281473682,-0.7440332031878563,-0.47951312101529187,0.7008694281473682
165.0,0.0,0.0,0.05319114044319467,-3.5463087548773915,-2.9276048740594836,10.638228088638934,1.0,0.0,-3.1607823379152546,0.02,0.0,False,0.003976202589813888,0.05319114044319467,0.1988116360235986,0.07577747210701764,7.577747210701764e-06,7.577747210701764e-06,0.010638550541408361,0.0,0.12752907941150493,-0.618703880817908,-0.38552641696213685,0.12752907941150493
166.0,0.0,0.0,0.03915961741724305,-4.1398570683019695,-3.057057626205105,7.831923483448611,1.0,0.0,-3.141906276406144,0.06,0.0,False,0.004002972677060307,0.03915961741724305,0.20015015052876725,0.07577747210701764,7.577747210701764e-06,7.577747210701764e-06,0.007832160874995034,0.0,-0.593548313424578,-1.0827994420968645,-0.9979507918958257,0.593548313424578
167.0,0.0,0.0,0.0989592416748183,-4.052465140280705,-2.9509400880972136,19.79184833496366,1.0,0.0,-3.1546977436208783,0.01,0.0,False,0.003977510015659707,0.0989592416748183,0.19887700781125667,0.07577747210701764,7.577747210701764e-06,7.577747210701764e-06,0.019792448240911767,0.0,0.0873919280212645,-1.1015250521834914,-0.8977673966598267,0.0873919280212645
168.0,0.0,0.0,0.09289561853369063,-3.973568855409578,-2.8308601677716703,18.579123706738127,1.0,0.0,-3.1502271571479086,0.28,0.0,False,0.0040723003283303595,0.09289561853369062,0.2036165593596407,0.07577747210701764,7.577747210701764e-06,7.577747210701764e-06,0.018579686854082105,0.0,0.07889628487112699,-1.1427086876379078,-0.8233416982616695,0.07889628487112699
169.0,0.0,0.0,0.08648425287501679,-4.2966658152289146,-2.846197887688629,17.296850575003358,1.0,0.0,-3.123473757968088,0.2,0.0,False,0.004023240162810752,0.0864842528750168,0.20116353249538366,0.07577747210701764,7.577747210701764e-06,7.577747210701764e-06,0.01729737485567527,0.0,-0.3230969598193365,-1.4504679275402856,-1.1731920572608265,0.3230969598193365
170.0,0.0,0.0,0.11875588555769422,-4.923332881525017,-2.9897896379940274,23.751177111538844,1.0,0.0,-3.1086935588691116,0.19,0.0,False,0.0038855729274804504,0.11875588555769422,0.19428011856849314,0.07577747210701764,7.577747210701764e-06,7.577747210701764e-06,0.02375189702774791,0.0,-0.6266670662961022,-1.9335432435309894,-1.8146393226559052,0.6266670662961022
171.0,0.0,0.0,0.18333613496734247,-4.891978220485907,-2.8700323331643873,36.667226993468496,1.0,0.0,-3.1090619645479465,0.12,0.0,False,0.0038033367495782814,0.18333613496734244,0.19016827851513635,0.07577747210701764,7.577747210701764e-06,7.577747210701764e-06,0.03666833840495476,0.0,0.03135466103911,-2.0219458873215195,-1.7829162559379603,0.03135466103911
172.0,0.0,0.0,0.18130956260944125,-4.9035139722111065,-2.888769357193038,36.26191252188825,1.0,0.0,-3.0899020681073255,0.1,0.0,False,0.004017795282049351,0.18130956260944125,0.2008912863943171,0.07577747210701764,7.577747210701764e-06,7.577747210701764e-06,0.036263011647985184,0.0,-0.011535751725199717,-2.0147446150180683,-1.813611904103781,0.011535751725199717
173.0,0.0,0.0,0.1864240727245096,-4.961306945291061,-2.775209052996442,37.28481454490192,1.0,0.0,-3.0788138984898796,0.31,0.0,False,0.003910241955719218,0.1864240727245096,0.1955135793272146,0.07577747210701764,7.577747210701764e-06,7.577747210701764e-06,0.03728594467593571,0.0,-0.05779297307995446,-2.186097892294619,-1.8824930468011813,0.05779297307995446
174.0,0.0,0.0,0.1933652930306579,-4.433630716125287,-2.8056919053322043,38.673058606131576,1.0,0.0,-3.0392026112411576,0.09,0.0,False,0.003933685677018126,0.1933652930306579,0.19668577427468958,0.07577747210701764,7.577747210701764e-06,7.577747210701764e-06,0.03867423081589676,0.0,0.527676229165774,-1.6279388107930828,-1.3944281048841294,0.527676229165774
175.0,0.0,0.0,0.14142164901482016,-4.722040870542707,-2.8726652857772517,28.28432980296403,1.0,0.0,-3.0275807513189887,0.08,0.0,False,0.0038560062065984045,0.14142164901482016,0.19280177132193405,0.07577747210701764,7.577747210701764e-06,7.577747210701764e-06,0.028285187122472535,0.0,-0.28841015441742,-1.8493755847654554,-1.6944601192237183,0.28841015441742
176.0,0.0,0.0,0.1703481433406876,-4.943744777837107,-2.79505414459321,34.06962866813752,1.0,0.0,-3.019360643101769,0.01,0.0,False,0.003745386057679718,0.17034814334068762,0.1872707219634235,0.07577747210701764,7.577747210701764e-06,7.577747210701764e-06,0.034070661344446564,0.0,-0.22170390729440026,-2.148690633243897,-1.9243841347353383,0.22170390729440026
177.0,0.0,0.0,0.19466885963707145,-5.330573305653047,-2.622995334825912,38.93377192741429,1.0,0.0,-3.0184948943774303,0.19,0.0,False,0.003656848011963735,0.19466885963707148,0.18284378613167787,0.07577747210701764,7.577747210701764e-06,7.577747210701764e-06,0.03893495203959816,0.0,-0.3868285278159398,-2.7075779708271352,-2.3120784112756168,0.3868285278159398
178.0,0.0,0.0,0.23435319270967067,-5.719081672424217,-2.798936880127453,46.870638541934134,1.0,0.0,-2.996982423895988,0.05,0.0,False,0.0035291878944085277,0.2343531927096707,0.17646073188511252,0.07577747210701764,7.577747210701764e-06,7.577747210701764e-06,0.0468720592265704,0.0,-0.38850836677116973,-2.920144792296764,-2.7220992485282287,0.38850836677116973
179.0,0.0,0.0,0.27370588558587494,-5.641022773110576,-2.7353813761016026,54.74117711717499,1.0,0.0,-2.9869525850937237,0.0,0.0,False,0.0036151485369747796,0.27370588558587494,0.18075879658282615,0.07577747210701764,7.577747210701764e-06,7.577747210701764e-06,0.05474283636381043,0.0,0.07805889931364085,-2.9056413970089734,-2.6540701880168522,0.07805889931364085
180.0,0.0,0.0,0.2672222673087691,-5.377692882168451,-2.800802711752569,53.44445346175382,1.0,0.0,-2.9819191128649174,0.11,0.0,False,0.003647236428089701,0.2672222673087691,0.1823632032962685,0.07577747210701764,7.577747210701764e-06,7.577747210701764e-06,0.05344607340371084,0.0,0.2633298909421251,-2.576890170415882,-2.3957737693035335,0.2633298909421251
181.0,0.0,0.0,0.23979658496776912,-5.050582150390126,-2.961972219021121,47.95931699355383,1.0,0.0,-2.9686988528833513,0.12,0.0,False,0.0036164546880293877,0.2397965849677691,0.18082410463044063,0.07577747210701764,7.577747210701764e-06,7.577747210701764e-06,0.047960770676860436,0.0,0.3271107317783253,-2.0886099313690045,-2.0818832975067743,0.3271107317783253
182.0,0.0,0.0,0.20591009692537185,-5.720557863679735,-3.087040555526013,41.18201938507437,1.0,0.0,-2.979636176595618,0.06,0.0,False,0.003768686817014462,0.20591009692537182,0.1884357687585239,0.07577747210701764,7.577747210701764e-06,7.577747210701764e-06,0.04118326764334545,0.0,-0.6699757132896096,-2.633517308153722,-2.7409216870841173,0.6699757132896096
183.0,0.0,0.0,0.2694206406883878,-6.051887671402422,-3.1116359291440134,53.88412813767756,1.0,0.0,-2.991403164403278,0.13,0.0,False,0.0038350852753061136,0.2694206406883878,0.19175571683064305,0.07577747210701764,7.577747210701764e-06,7.577747210701764e-06,0.0538857614065078,0.0,-0.33132980772268716,-2.940251742258409,-3.060484506999144,0.33132980772268716
184.0,0.0,0.0,0.30176536911495333,-6.4147400972070585,-2.9977240286746105,60.353073822990666,1.0,0.0,-3.0262493767204357,-0.01,0.0,False,0.0039496009114416,0.30176536911495333,0.19748154202594445,0.07577747210701764,7.577747210701764e-06,7.577747210701764e-06,0.06035490317047556,0.0,-0.36285242580463617,-3.417016068532448,-3.388490720486623,0.36285242580463617
185.0,0.0,0.0,0.3365217968987554,-6.513696585754305,-3.0399309665943113,67.30435937975108,1.0,0.0,-3.034119645168687,-0.01,0.0,False,0.00406555749437105,0.3365217968987554,0.20327941510690062,0.07577747210701764,7.577747210701764e-06,7.577747210701764e-06,0.0673063994259783,0.0,-0.09895648854724648,-3.4737656191599937,-3.479576940585618,0.09895648854724648
186.0,0.0,0.0,0.34761147848227375,-6.970234648229023,-2.955165573902795,69.52229569645475,1.0,0.0,-3.0493946243641186,0.11,0.0,False,0.003850560997768205,0.3476114784822737,0.19252950881730324,0.07577747210701764,7.577747210701764e-06,7.577747210701764e-06,0.06952440297001547,0.0,-0.45653806247471795,-4.015069074326227,-3.9208400238649044,0.45653806247471795
187.0,0.0,0.0,0.3950596259527792,-6.558766340037159,-2.878722794513749,79.01192519055584,1.0,0.0,-3.037450095335998,0.0,0.0,False,0.004040450515885878,0.3950596259527792,0.20202405666992523,0.07577747210701764,7.577747210701764e-06,7.577747210701764e-06,0.07901432010199065,0.0,0.4114683081918642,-3.68004354552341,-3.521316244701161,0.4114683081918642
188.0,0.0,0.0,0.3527658620843671,-6.345391081455609,-2.978848401205478,70.55317241687342,1.0,0.0,-3.019488705602303,-0.1,0.0,False,0.004070567306577665,0.35276586208436705,0.20352990761538586,0.07577747210701764,7.577747210701764e-06,7.577747210701764e-06,0.07055531093709014,0.0,0.21337525858155004,-3.366542680250131,-3.3259023758533055,0.21337525858155004
189.0,0.0,0.0,0.329890517742929,-5.8788992279229575,-2.966805674837524,65.97810354858579,1.0,0.0,-3.0309740606671194,0.06,0.0,False,0.003944515670643298,0.329890517742929,0.19722727805929596,0.07577747210701764,7.577747210701764e-06,7.577747210701764e-06,0.06598010339499194,0.0,0.4664918535326512,-2.9120935530854335,-2.847925167255838,0.4664918535326512
190.0,0.0,0.0,0.28161992813177594,-5.820353399513241,-2.9592355759225835,56.32398562635519,1.0,0.0,-3.0463609126787885,-0.11,0.0,False,0.003909707410298814,0.28161992813177594,0.19548685185366182,0.07577747210701764,7.577747210701764e-06,7.577747210701764e-06,0.056325692849118134,0.0,0.05854582840971645,-2.8611178235906576,-2.7739924868344525,0.05854582840971645
191.0,0.0,0.0,0.27027216897653294,-5.7892798123258515,-3.227585526289647,54.054433795306586,1.0,0.0,-3.062593244373957,0.21,0.0,False,0.0038848631581302447,0.27027216897653294,0.19424462983206023,0.07577747210701764,7.577747210701764e-06,7.577747210701764e-06,0.0540560722262306,0.0,0.031073587187389506,-2.5616942860362046,-2.7266865679518943,0.031073587187389506
192.0,0.0,0.0,0.26057039218402295,-6.40839507700204,-3.4215515446362175,52.11407843680459,1.0,0.0,-3.117529307039184,0.37,0.0,False,0.0041580350258278,0.26057039218402295,0.207903326718306,0.07577747210701764,7.577747210701764e-06,7.577747210701764e-06,0.052115658054084656,0.0,-0.6191152646761884,-2.9868435323658225,-3.290865769962856,0.6191152646761884
193.0,0.0,0.0,0.3199518757430944,-5.95435207898098,-3.355990995710897,63.99037514861888,1.0,0.0,-3.1834771636574963,0.13,0.0,False,0.0041097327493906325,0.31995187574309436,0.20548819459532555,0.07577747210701764,7.577747210701764e-06,7.577747210701764e-06,0.06399231474546822,0.0,0.45404299802105985,-2.598361083270083,-2.7708749153234837,0.45404299802105985
194.0,0.0,0.0,0.270660112753084,-5.612630995966789,-3.458244770806781,54.1320225506168,1.0,0.0,-3.2087550938494007,0.18,0.0,False,0.004107419191478597,0.27066011275308405,0.20537251582314592,0.07577747210701764,7.577747210701764e-06,7.577747210701764e-06,0.05413366333331489,0.0,0.3417210830141908,-2.154386225160008,-2.4038759021173886,0.3417210830141908
195.0,0.0,0.0,0.23273070063693177,-5.455047533646723,-3.5001921986007676,46.54614012738635,1.0,0.0,-3.24764840175442,0.14,0.0,False,0.004159931168696261,0.23273070063693177,0.20799813458015354,0.07577747210701764,7.577747210701764e-06,7.577747210701764e-06,0.046547550976229334,0.0,0.15758346232006648,-1.9548553350459552,-2.207399131892303,0.15758346232006648
196.0,0.0,0.0,0.21018901297867898,-6.181892441068123,-3.6124832644870377,42.0378025957358,1.0,0.0,-3.285235810876594,0.48,0.0,False,0.004149778635605344,0.21018901297867898,0.20749050407894126,0.07577747210701764,7.577747210701764e-06,7.577747210701764e-06,0.04203907679344567,0.0,-0.7268449074214001,-2.569409176581085,-2.896656630191529,0.7268449074214001
197.0,0.0,0.0,0.27623853079610333,-6.079793566910186,-3.6694136575642236,55.24770615922066,1.0,0.0,-3.3530777658995934,0.38,0.0,False,0.004023553606913477,0.27623853079610333,0.20117920481928003,0.07577747210701764,7.577747210701764e-06,7.577747210701764e-06,0.0552493807591359,0.0,0.10209887415793695,-2.4103799093459624,-2.7267158010105925,0.10209887415793695
198.0,0.0,0.0,0.26210263525623545,-5.709792416238947,-3.601675643949679,52.42052705124709,1.0,0.0,-3.419402469819281,0.29,0.0,False,0.003969222765020514,0.26210263525623545,0.19846264213936252,0.07577747210701764,7.577747210701764e-06,7.577747210701764e-06,0.0524221159572173,0.0,0.3700011506712393,-2.1081167722892675,-2.2903899464196655,0.3700011506712393
199.0,0.0,0.0,0.2214119444524425,-4.861778192636479,-3.6188287918891775,44.2823888904885,1.0,0.0,-3.4586679069721726,0.15,0.0,False,0.0040628876404392,0.2214119444524425,0.20314592139873427,0.07577747210701764,7.577747210701764e-06,7.577747210701764e-06,0.04428373112331295,0.0,0.8480142236024673,-1.2429494007473019,-1.4031102856643067,0.8480142236024673
200.0,0.0,0.0,0.13306525374732983,-5.108393335049866,-3.657877701265463,26.613050749465966,1.0,0.0,-3.4955890815272994,0.22,0.0,False,0.0038884111858773717,0.13306525374732983,0.19442203256371943,0.07577747210701764,7.577747210701764e-06,7.577747210701764e-06,0.026613857411237604,0.0,-0.24661514241338622,-1.4505156337844025,-1.6128042535225662,0.24661514241338622
201.0,0.0,0.0,0.1514557266092999,-5.401001121555592,-3.8133548921575864,30.29114532185998,1.0,0.0,-3.5310752384204114,0.46,0.0,False,0.0037663890320335817,0.1514557266092999,0.18832087863887817,0.07577747210701764,7.577747210701764e-06,7.577747210701764e-06,0.030292063469470346,0.0,-0.2926077865057266,-1.5876462293980058,-1.8699258831351808,0.2926077865057266
202.0,0.0,0.0,0.17541549571885198,-6.449297651523262,-3.713777888585585,35.0830991437704,1.0,0.0,-3.5937786842963755,0.19,0.0,False,0.003928305853058329,0.17541549571885198,0.19641678103835244,0.07577747210701764,7.577747210701764e-06,7.577747210701764e-06,0.035084162539138944,0.0,-1.0482965299676694,-2.7355197629376766,-2.855518967226886,1.0482965299676694
203.0,0.0,0.0,0.2784300611592258,-5.959483458840156,-3.6911806924170536,55.68601223184516,1.0,0.0,-3.6467797016529038,0.05,0.0,False,0.004029028980393669,0.27843006115922575,0.20145297556783945,0.07577747210701764,7.577747210701764e-06,7.577747210701764e-06,0.0556877001171502,0.0,0.4898141926831059,-2.268302766423102,-2.312703757187252,0.4898141926831059
204.0,0.0,0.0,0.22503520242021707,-6.1132386999987665,-3.827143073181138,45.007040484043415,1.0,0.0,-3.66489154630004,0.14,0.0,False,0.004063330503560033,0.22503520242021707,0.20316806472257104,0.07577747210701764,7.577747210701764e-06,7.577747210701764e-06,0.045008404681607786,0.0,-0.15375524115861072,-2.2860956268176285,-2.4483471536987262,0.15375524115861072
205.0,0.0,0.0,0.2379262349613541,-7.429913280553734,-3.8626516022376927,47.58524699227082,1.0,0.0,-3.7090461716441148,0.12,0.0,False,0.004169213460261956,0.2379262349613541,0.2084622526753813,0.07577747210701764,7.577747210701764e-06,7.577747210701764e-06,0.047586689337231716,0.0,-1.3166745805549676,-3.5672616783160414,-3.7208671089096192,1.3166745805549676
206.0,0.0,0.0,0.36489693158290026,-7.170431949475225,-4.002783249839537,72.97938631658005,1.0,0.0,-3.7338862031420614,0.37,0.0,False,0.004199496498245124,0.36489693158290026,0.2099764160483999,0.07577747210701764,7.577747210701764e-06,7.577747210701764e-06,0.07298159837718193,0.0,0.2594813310785087,-3.1676486996356887,-3.436545746333164,0.2594813310785087
207.0,0.0,0.0,0.3320232869967979,-7.72405399685632,-3.988380212118406,66.40465739935958,1.0,0.0,-3.780805709889461,0.37,0.0,False,0.004151532319140202,0.3320232869967979,0.20757818892013266,0.07577747210701764,7.577747210701764e-06,7.577747210701764e-06,0.06640667017493676,0.0,-0.5536220473810944,-3.7356737847379136,-3.943248286966859,0.5536220473810944
208.0,0.0,0.0,0.38294078122271086,-6.9713696964930545,-4.075048732468015,76.58815624454218,1.0,0.0,-3.850073280080403,0.32,0.0,False,0.004061635150029172,0.38294078122271097,0.20308329640367997,0.07577747210701764,7.577747210701764e-06,7.577747210701764e-06,0.0765904776897002,0.0,0.7526843003632653,-2.8963209640250396,-3.1212964164126515,0.7526843003632653
209.0,0.0,0.0,0.3052278223119474,-8.359205392911393,-3.915818977790663,61.04556446238948,1.0,0.0,-3.8945010932073756,-0.18,0.0,False,0.004207809126652402,0.3052278223119474,0.2103920506183138,0.07577747210701764,7.577747210701764e-06,7.577747210701764e-06,0.06104741479979135,0.0,-1.387835696418339,-4.443386415120731,-4.464704299704017,1.387835696418339
210.0,0.0,0.0,0.4440734918738965,-8.122784180130436,-3.951022580948687,88.8146983747793,1.0,0.0,-3.9189758264096257,0.09,0.0,False,0.004159934318866601,0.44407349187389644,0.2079982920898642,0.07577747210701764,7.577747210701764e-06,7.577747210701764e-06,0.08881739041571113,0.0,0.2364212127809573,-4.17176159918175,-4.20380835372081,0.2364212127809573
211.0,0.0,0.0,0.4184935492988171,-7.741634041786772,-3.9255771528642427,83.69870985976343,1.0,0.0,-3.918302220339213,-0.02,0.0,False,0.004255309284690991,0.4184935492988171,0.21276707651745277,0.07577747210701764,7.577747210701764e-06,7.577747210701764e-06,0.08370124683119955,0.0,0.3811501383436644,-3.816056888922529,-3.823331821447559,0.3811501383436644
212.0,0.0,0.0,0.3766121459320428,-8.085483458156032,-3.936246064163123,75.32242918640856,1.0,0.0,-3.937690125225974,-0.02,0.0,False,0.004096858409045679,0.3766121459320428,0.20484447270015302,0.07577747210701764,7.577747210701764e-06,7.577747210701764e-06,0.07532471226641857,0.0,-0.3438494163692605,-4.149237393992909,-4.147793332930059,0.3438494163692605
213.0,0.0,0.0,0.4124936645383327,-8.394617251531326,-3.767882679490048,82.49873290766654,1.0,0.0,-3.9753698888844293,0.16,0.0,False,0.004146186165169098,0.41249366453833275,0.20731087919598729,0.07577747210701764,7.577747210701764e-06,7.577747210701764e-06,0.08250123350689026,0.0,-0.30913379337529356,-4.626734572041277,-4.419247362646896,0.30913379337529356
214.0,0.0,0.0,0.44229000352721115,-8.666282703668827,-3.7814001835488567,88.45800070544223,1.0,0.0,-3.9603905241369146,-0.15,0.0,False,0.004172207651194875,0.4422900035272112,0.20861196335648832,0.07577747210701764,7.577747210701764e-06,7.577747210701764e-06,0.08846068193459691,0.0,-0.27166545213750126,-4.88488252011997,-4.705892179531912,0.27166545213750126
215.0,0.0,0.0,0.47153095796435607,-8.544983958385385,-3.6114999106403816,94.30619159287122,1.0,0.0,-3.971549638167191,0.11,0.0,False,0.004168202268344698,0.47153095796435607,0.20841169269639048,0.07577747210701764,7.577747210701764e-06,7.577747210701764e-06,0.09430905008513138,0.0,0.12129874528344153,-4.933484047745004,-4.573434320218194,0.12129874528344153
216.0,0.0,0.0,0.46501728105620344,-9.630039816030026,-3.5920231468195896,93.00345621124069,1.0,0.0,-3.9507944669051973,0.38,0.0,False,0.00415471591132601,0.46501728105620344,0.20773736973564594,0.07577747210701764,7.577747210701764e-06,7.577747210701764e-06,0.09300627521660246,0.0,-1.0850558576446403,-6.038016669210436,-5.6792453491248285,1.0850558576446403
217.0,0.0,0.0,0.5793502486659633,-9.577183098491915,-3.4038144530821928,115.87004973319266,1.0,0.0,-3.8946349586531324,0.42,0.0,False,0.004163062261842708,0.5793502486659633,0.20815469042380763,0.07577747210701764,7.577747210701764e-06,7.577747210701764e-06,0.11587356184236335,0.0,0.05285671753811094,-6.173368645409722,-5.682548139838783,0.05285671753811094
218.0,0.0,0.0,0.5763960021487127,-9.386410365757172,-3.365480922251499,115.27920042974254,1.0,0.0,-3.836317820883857,0.22,0.0,False,0.00392827364470998,0.5763960021487127,0.19641517060873165,0.07577747210701764,7.577747210701764e-06,7.577747210701764e-06,0.1152826946298223,0.0,0.19077273273474304,-6.020929443505673,-5.550092544873315,0.19077273273474304
219.0,0.0,0.0,0.5604452208965243,-9.237530017759426,-3.418670765723937,112.08904417930486,1.0,0.0,-3.813004687844917,0.23,0.0,False,0.0037471883298803477,0.5604452208965243,0.1873608362563132,0.07577747210701764,7.577747210701764e-06,7.577747210701764e-06,0.11209244168332684,0.0,0.1488803479977463,-5.818859252035489,-5.424525329914509,0.1488803479977463
220.0,0.0,0.0,0.551137400323694,-9.205349112935734,-3.4658727185795017,110.22748006473878,1.0,0.0,-3.781745811181464,0.41,0.0,False,0.003928312679721111,0.551137400323694,0.19641712237407805,0.07577747210701764,7.577747210701764e-06,7.577747210701764e-06,0.11023082114333924,0.0,0.03218090482369185,-5.739476394356232,-5.4236033017542695,0.03218090482369185
221.0,0.0,0.0,0.54905606161403,-9.934553716852184,-3.50830912445504,109.81121232280599,1.0,0.0,-3.725947195527591,0.1,0.0,False,0.003937137898519758,0.5490560616140299,0.19685838665777436,0.07577747210701764,7.577747210701764e-06,7.577747210701764e-06,0.10981454078401517,0.0,-0.7292046039164504,-6.426244592397143,-6.208606521324593,0.7292046039164504
222.0,0.0,0.0,0.6227117943848517,-9.245017145467429,-3.4247245759518155,124.54235887697034,1.0,0.0,-3.714580466393469,0.05,0.0,False,0.0039001916281648148,0.6227117943848518,0.19501105914155223,0.07577747210701764,7.577747210701764e-06,7.577747210701764e-06,0.12454613385041481,0.0,0.689536571384755,-5.820292569515614,-5.53043667907396,0.689536571384755
223.0,0.0,0.0,0.5568336580501989,-9.18700760268164,-3.3100699958609336,111.36673161003978,1.0,0.0,-3.7071998353755244,0.26,0.0,False,0.003942068848103763,0.5568336580501989,0.19710493600524914,0.07577747210701764,7.577747210701764e-06,7.577747210701764e-06,0.11137010722021945,0.0,0.05800954278578985,-5.8769376068207055,-5.479807767306115,0.05800954278578985
224.0,0.0,0.0,0.551536226926924,-8.94663553375236,-3.468239264188222,110.30724538538479,1.0,0.0,-3.6764695877304905,0.03,0.0,False,0.003985498515091027,0.551536226926924,0.19927643580956403,0.07577747210701764,7.577747210701764e-06,7.577747210701764e-06,0.11031058888173267,0.0,0.24037206892927898,-5.478396269564138,-5.270165946021869,0.24037206892927898
225.0,0.0,0.0,0.5257436329777553,-8.617844584200142,-3.626394428898774,105.14872659555105,1.0,0.0,-3.6714363633071447,0.02,0.0,False,0.0039303472355858024,0.5257436329777554,0.19651885093818028,0.07577747210701764,7.577747210701764e-06,7.577747210701764e-06,0.10515191373327831,0.0,0.3287909495522179,-4.991450155301369,-4.946408220892998,0.3287909495522179
226.0,0.0,0.0,0.49157245520342324,-8.910845621536145,-3.5988276680947866,98.31449104068464,1.0,0.0,-3.6890000063573956,-0.15,0.0,False,0.0039000925371123936,0.49157245520342324,0.19500610455138687,0.07577747210701764,7.577747210701764e-06,7.577747210701764e-06,0.09831747102754398,0.0,-0.293001037336003,-5.312017953441359,-5.22184561517875,0.293001037336003
227.0,0.0,0.0,0.5208388077495149,-9.075783772796674,-3.5648547735433223,104.16776154990298,1.0,0.0,-3.7019337815758515,-0.01,0.0,False,0.004014508233517245,0.5208388077495149,0.20072693272229064,0.07577747210701764,7.577747210701764e-06,7.577747210701764e-06,0.10417091895383498,0.0,-0.1649381512605288,-5.510928999253352,-5.373849991220823,0.1649381512605288
228.0,0.0,0.0,0.5356162166414723,-9.222481313278822,-3.515314398702693,107.12324332829446,1.0,0.0,-3.7022602047998703,-0.14,0.0,False,0.003987422194701511,0.5356162166414723,0.19937262051894616,0.07577747210701764,7.577747210701764e-06,7.577747210701764e-06,0.10712649031512284,0.0,-0.14669754048214756,-5.707166914576129,-5.520221108478951,0.14669754048214756
229.0,0.0,0.0,0.5508237305195545,-9.680743059063722,-3.7193111286719085,110.1647461039109,1.0,0.0,-3.719418668167374,0.04,0.0,False,0.0038554862206545536,0.5508237305195545,0.1927757718277255,0.07577747210701764,7.577747210701764e-06,7.577747210701764e-06,0.11016808528099738,0.0,-0.45826174578490075,-5.961431930391814,-5.9613243908963485,0.45826174578490075
230.0,0.0,0.0,0.5918082346052944,-9.535805226707753,-3.934204585173666,118.36164692105888,1.0,0.0,-3.714035307933906,0.25,0.0,False,0.00374797402224143,0.5918082346052944,0.18740012117205632,0.07577747210701764,7.577747210701764e-06,7.577747210701764e-06,0.11836523455243185,0.0,0.14493783235596958,-5.6016006415340875,-5.821769918773847,0.14493783235596958
231.0,0.0,0.0,0.576099390691051,-9.16211394004494,-3.876765047810264,115.21987813821019,1.0,0.0,-3.762436484350831,0.01,0.0,False,0.004030008496827481,0.576099390691051,0.2015019517606561,0.07577747210701764,7.577747210701764e-06,7.577747210701764e-06,0.11522337054018626,0.0,0.3736912866628135,-5.285348892234675,-5.399677455694109,0.3736912866628135
232.0,0.0,0.0,0.5358250074966427,-9.34633681556807,-3.8485667293307966,107.16500149932855,1.0,0.0,-3.774593043019704,0.17,0.0,False,0.003959213026608781,0.5358250074966427,0.19796215142621248,0.07577747210701764,7.577747210701764e-06,7.577747210701764e-06,0.1071682497518788,0.0,-0.18422287552313144,-5.497770086237274,-5.571743772548366,0.18422287552313144
233.0,0.0,0.0,0.5557410807179011,-9.268816708858186,-3.726181736381382,111.14821614358021,1.0,0.0,-3.803660847755718,0.03,0.0,False,0.0039034259846376794,0.5557410807179011,0.1951727781906524,0.07577747210701764,7.577747210701764e-06,7.577747210701764e-06,0.1111515851303902,0.0,0.07752010670988518,-5.542634972476804,-5.465155861102468,0.07752010670988518
234.0,0.0,0.0,0.5438679265111609,-8.648869291821578,-3.777519852286349,108.77358530223218,1.0,0.0,-3.788715445117852,-0.02,0.0,False,0.004107967808763251,0.543867926511161,0.20539994689524269,0.07577747210701764,7.577747210701764e-06,7.577747210701764e-06,0.10877688231217865,0.0,0.6199474170366077,-4.871349439535229,-4.860153846703726,0.6199474170366077
235.0,0.0,0.0,0.4800252274906713,-8.81239319491547,-3.6687223649921936,96.00504549813425,1.0,0.0,-3.829931379063427,-0.06,0.0,False,0.0038321090575041184,0.4800252274906713,0.1916069048128921,0.07577747210701764,7.577747210701764e-06,7.577747210701764e-06,0.09600795548394597,0.0,-0.16352390309389264,-5.143670829923277,-4.9824618158520435,0.16352390309389264
236.0,0.0,0.0,0.4958699857553937,-8.639982575194576,-3.5541149176625013,99.17399715107874,1.0,0.0,-3.8484351414234355,-0.05,0.0,False,0.004151720152292832,0.4958699857553937,0.20758758064893182,0.07577747210701764,7.577747210701764e-06,7.577747210701764e-06,0.09917700319022078,0.0,0.17241061972089433,-5.085867657532075,-4.791547433771141,0.17241061972089433
237.0,0.0,0.0,0.48033323784015636,-8.055466159524077,-3.5574598129317345,96.06664756803127,1.0,0.0,-3.8535054584914676,0.11,0.0,False,0.0042161226483554415,0.48033323784015636,0.21080772985335397,0.07577747210701764,7.577747210701764e-06,7.577747210701764e-06,0.0960695594210485,0.0,0.5845164156704996,-4.4980063465923426,-4.201960701032609,0.5845164156704996
238.0,0.0,0.0,0.4208041949334483,-7.973099563761176,-3.661061421678524,84.16083898668965,1.0,0.0,-3.836468204600355,-0.07,0.0,False,0.004249809590601575,0.4208041949334483,0.2124920897292173,0.07577747210701764,7.577747210701764e-06,7.577747210701764e-06,0.08416338996561042,0.0,0.08236659576290073,-4.312038142082652,-4.1366313591608215,0.08236659576290073
239.0,0.0,0.0,0.41607943491278626,-7.55761660485321,-3.5728557856181986,83.21588698255725,1.0,0.0,-3.8472647727988782,0.21,0.0,False,0.004074948531714075,0.41607943491278626,0.20374897053219723,0.07577747210701764,7.577747210701764e-06,7.577747210701764e-06,0.08321840931926541,0.0,0.41548295890796627,-3.984760819235011,-3.7103518320543314,0.41548295890796627
240.0,0.0,0.0,0.3769134027970996,-7.407463047380213,-3.4300080214558037,75.38268055941992,1.0,0.0,-3.812147567394451,0.16,0.0,False,0.003839153497638458,0.3769134027970996,0.1919591294886583,0.07577747210701764,7.577747210701764e-06,7.577747210701764e-06,0.07538496546569479,0.0,0.1501535574729962,-3.9774550259244097,-3.5953154799857625,0.1501535574729962
241.0,0.0,0.0,0.3618451063242201,-7.159144571954152,-3.512436383316156,72.36902126484402,1.0,0.0,-3.788339769157881,-0.14,0.0,False,0.003971370039106511,0.3618451063242201,0.19857000665723723,0.07577747210701764,7.577747210701764e-06,7.577747210701764e-06,0.07237121482481784,0.0,0.24831847542606145,-3.646708188637996,-3.370804802796271,0.24831847542606145
242.0,0.0,0.0,0.3379853950160009,-6.336834269496327,-3.523535490454915,67.59707900320018,1.0,0.0,-3.7888748856007584,0.06,0.0,False,0.004132671859820729,0.3379853950160009,0.20663515880816938,0.07577747210701764,7.577747210701764e-06,7.577747210701764e-06,0.0675991279219814,0.0,0.8223103024578249,-2.813298779041412,-2.5479593838955688,0.8223103024578249
243.0,0.0,0.0,0.2575839642695494,-5.528143770385704,-3.4804374662364483,51.51679285390988,1.0,0.0,-3.7791625633999293,0.07,0.0,False,0.004017975125159515,0.2575839642695494,0.20090027861796572,0.07577747210701764,7.577747210701764e-06,7.577747210701764e-06,0.051518354367010494,0.0,0.8086904991106234,-2.0477063041492554,-1.7489812069857744,0.8086904991106234
244.0,0.0,0.0,0.17557167907717958,-5.789201843067552,-3.5774713110692233,35.114335815435915,1.0,0.0,-3.760897031492497,-0.13,0.0,False,0.004295160611918491,0.17557167907717958,0.21475965797799185,0.07577747210701764,7.577747210701764e-06,7.577747210701764e-06,0.03511540015761169,0.0,-0.26105807268184833,-2.2117305319983287,-2.028304811575055,0.26105807268184833
245.0,0.0,0.0,0.20074965639847125,-5.365634505892293,-3.6961553244095877,40.14993127969425,1.0,0.0,-3.772360457723839,-0.03,0.0,False,0.004403277583103426,0.20074965639847128,0.22016554750139247,0.07577747210701764,7.577747210701764e-06,7.577747210701764e-06,0.040151148254591346,0.0,0.42356733717525863,-1.6694791814827057,-1.5932740481684542,0.42356733717525863
246.0,0.0,0.0,0.1548852221500906,-5.802796336990092,-3.7899891937418557,30.97704443001812,1.0,0.0,-3.7816292175754,-0.02,0.0,False,0.0045584505916370375,0.1548852221500906,0.22792425672116468,0.07577747210701764,7.577747210701764e-06,7.577747210701764e-06,0.03097798336775116,0.0,-0.43716183109779827,-2.012807143248236,-2.0211671194146916,0.43716183109779827
247.0,0.0,0.0,0.19797891125812409,-5.854576488795125,-3.799793702239343,39.59578225162482,1.0,0.0,-3.816723600338383,0.06,0.0,False,0.0041600186580009755,0.19797891125812414,0.20800250907853787,0.07577747210701764,7.577747210701764e-06,7.577747210701764e-06,0.03959698242984419,0.0,-0.05178015180503337,-2.054782786555782,-2.037852888456742,0.05178015180503337
248.0,0.0,0.0,0.20129982628029847,-4.88993134369412,-3.805414796651784,40.259965256059694,1.0,0.0,-3.8229322127017245,0.1,0.0,False,0.0038378256716822524,0.20129982628029847,0.19189273768775159,0.07577747210701764,7.577747210701764e-06,7.577747210701764e-06,0.04026118556617014,0.0,0.964645145101005,-1.0845165470423361,-1.0669991309923956,0.964645145101005
249.0,0.0,0.0,0.10339604757570807,-5.368642481075965,-3.7750599142958174,20.679209515141615,1.0,0.0,-3.8415019560322867,-0.06,0.0,False,0.0038704113124118917,0.10339604757570807,0.19352203207052088,0.07577747210701764,7.577747210701764e-06,7.577747210701764e-06,0.020679836317680736,0.0,-0.4787111373818451,-1.5935825667801478,-1.5271405250436785,0.4787111373818451
250.0,0.0,0.0,0.1504111125442248,-6.030595924080597,-3.7284529305277756,30.08222250884496,1.0,0.0,-3.8559316924814846,-0.04,0.0,False,0.003807730351984324,0.1504111125442248,0.19038796030011892,0.07577747210701764,7.577747210701764e-06,7.577747210701764e-06,0.03008313432384626,0.0,-0.6619534430046317,-2.3021429935528213,-2.1746642315991123,0.6619534430046317
251.0,0.0,0.0,0.2191168833580105,-7.125346468015853,-3.611785686756779,43.8233766716021,1.0,0.0,-3.864474366764292,0.21,0.0,False,0.0036281479026198534,0.21911688335801052,0.1814087697903751,0.07577747210701764,7.577747210701764e-06,7.577747210701764e-06,0.04382470499141773,0.0,-1.0947505439352563,-3.5135607812590743,-3.2608721012515614,1.0947505439352563
252.0,0.0,0.0,0.32994785340274096,-6.3548990151681375,-3.7168912623462176,65.9895706805482,1.0,0.0,-3.83934406988291,0.03,0.0,False,0.0037563924710643857,0.32994785340274096,0.18782104680284764,0.07577747210701764,7.577747210701764e-06,7.577747210701764e-06,0.06599157087453182,0.0,0.7704474528477157,-2.63800775282192,-2.5155549452852273,0.7704474528477157
253.0,0.0,0.0,0.25084778018282805,-5.329228986826015,-3.813943091407851,50.16955603656561,1.0,0.0,-3.8257429209171563,-0.07,0.0,False,0.003931729865048438,0.25084778018282805,0.19658798293517274,0.07577747210701764,7.577747210701764e-06,7.577747210701764e-06,0.05017107671389553,0.0,1.0256700283421223,-1.515285895418164,-1.503486065908859,1.0256700283421223
254.0,0.0,0.0,0.14674765847130689,-6.606794278035004,-3.822918556773623,29.349531694261376,1.0,0.0,-3.8463261702865297,-0.06,0.0,False,0.004112395876853651,0.14674765847130689,0.20562135197750186,0.07577747210701764,7.577747210701764e-06,7.577747210701764e-06,0.029350421300847862,0.0,-1.2775652912089885,-2.783875721261381,-2.760468107748474,1.2775652912089885
255.0,0.0,0.0,0.2729380711850165,-7.272834631925551,-3.8173229792776224,54.5876142370033,1.0,0.0,-3.8616968012799644,0.02,0.0,False,0.004058196671234599,0.27293807118501656,0.20291137116115524,0.07577747210701764,7.577747210701764e-06,7.577747210701764e-06,0.054589268829031264,0.0,-0.6660403538905468,-3.455511652647928,-3.411137830645586,0.6660403538905468
256.0,0.0,0.0,0.3411143932774916,-7.217495357498421,-3.664425070499781,68.22287865549832,1.0,0.0,-3.8773101533994607,0.03,0.0,False,0.00409887528803882,0.34111439327749155,0.20494531741397995,0.07577747210701764,7.577747210701764e-06,7.577747210701764e-06,0.06822494654274208,0.0,0.055339274427129936,-3.5530702869986395,-3.34018520409896,0.055339274427129936
257.0,0.0,0.0,0.3371907265387819,-7.698998447305023,-3.61474786248417,67.43814530775639,1.0,0.0,-3.8615614552185287,-0.01,0.0,False,0.004289689639490684,0.3371907265387819,0.2144861072837191,0.07577747210701764,7.577747210701764e-06,7.577747210701764e-06,0.06744018940913665,0.0,-0.48150308980660217,-4.084250584820853,-3.837436992086494,0.48150308980660217
258.0,0.0,0.0,0.38969476979299295,-7.470229725057963,-3.444004733834845,77.93895395859859,1.0,0.0,-3.845460334806229,0.25,0.0,False,0.004267908477862414,0.38969476979299295,0.21339704094969894,0.07577747210701764,7.577747210701764e-06,7.577747210701764e-06,0.07794131634746079,0.0,0.22876872224706002,-4.026224991223118,-3.6247693902517337,0.22876872224706002
259.0,0.0,0.0,0.3687422946677797,-7.201669311652432,-3.4489971938803685,73.74845893355594,1.0,0.0,-3.801903098952356,0.19,0.0,False,0.004264415824627909,0.36874229466777975,0.21322240696465147,0.07577747210701764,7.577747210701764e-06,7.577747210701764e-06,0.0737506943053327,0.0,0.26856041340553105,-3.752672117772063,-3.399766212700076,0.26856041340553105
260.0,0.0,0.0,0.3429015435739809,-6.317777803894041,-3.4845264303795154,68.58030871479617,1.0,0.0,-3.7826670665854247,0.05,0.0,False,0.004350857668680134,0.3429015435739808,0.21754453191898482,0.07577747210701764,7.577747210701764e-06,7.577747210701764e-06,0.06858238743601637,0.0,0.8838915077583911,-2.8332513735145253,-2.535110737308616,0.8838915077583911
261.0,0.0,0.0,0.25576437082260495,-6.705922570526035,-3.4859849607630857,51.152874164520995,1.0,0.0,-3.7725239548518585,0.09,0.0,False,0.004193960295663045,0.25576437082260495,0.2096996038216989,0.07577747210701764,7.577747210701764e-06,7.577747210701764e-06,0.05115442464696986,0.0,-0.38814476663199393,-3.219937609762949,-2.933398615674176,0.38814476663199393
262.0,0.0,0.0,0.29381892630836126,-5.787937687661802,-3.639095372311698,58.763785261672254,1.0,0.0,-3.760037189780614,-0.01,0.0,False,0.003934501926700039,0.29381892630836126,0.196726587068052,0.07577747210701764,7.577747210701764e-06,7.577747210701764e-06,0.05876556643661433,0.0,0.917984882864233,-2.1488423153501035,-2.0279004978811876,0.917984882864233
263.0,0.0,0.0,0.20099048182014598,-5.1392889447700005,-3.6723036924483115,40.1980963640292,1.0,0.0,-3.767621983164961,-0.1,0.0,False,0.0039863570090737524,0.20099048182014598,0.1993193608339729,0.07577747210701764,7.577747210701764e-06,7.577747210701764e-06,0.04019931479884656,0.0,0.6486487428918011,-1.466985252321689,-1.3716669616050394,0.6486487428918011
264.0,0.0,0.0,0.1368042353973351,-4.719932869278026,-3.7635660705042024,27.36084707946702,1.0,0.0,-3.7779567167071946,0.03,0.0,False,0.0039198059967256935,0.1368042353973351,0.1959917850012326,0.07577747210701764,7.577747210701764e-06,7.577747210701764e-06,0.02736167640751311,0.0,0.41935607549197496,-0.9563667987738231,-0.941976152570831,0.41935607549197496
265.0,0.0,0.0,0.09457078501881641,-4.970805199758365,-3.8644697410220545,18.914157003763282,1.0,0.0,-3.771194757400991,0.01,0.0,False,0.0038518898626533167,0.09457078501881641,0.19259595256504894,0.07577747210701764,7.577747210701764e-06,7.577747210701764e-06,0.018914730306220838,0.0,-0.2508723304803393,-1.1063354587363103,-1.1996104423573737,0.2508723304803393
266.0,0.0,0.0,0.11642000799220938,-4.803465930530193,-3.84307948359279,23.284001598441876,1.0,0.0,-3.7741891874147426,0.07,0.0,False,0.0038536114444077357,0.11642000799220936,0.19268203230505548,0.07577747210701764,7.577747210701764e-06,7.577747210701764e-06,0.023284707354206482,0.0,0.16733926922817144,-0.9603864469374033,-1.0292767431154508,0.16733926922817144
267.0,0.0,0.0,0.09768667584762011,-5.204258300497233,-3.915836293341786,19.537335169524024,1.0,0.0,-3.806561009766731,0.12,0.0,False,0.003758009936311966,0.09768667584762011,0.1879019206780639,0.07577747210701764,7.577747210701764e-06,7.577747210701764e-06,0.01953792736098487,0.0,-0.40079236996703926,-1.2884220071554466,-1.3976972907305019,0.40079236996703926
268.0,0.0,0.0,0.1343547572669113,-5.233295250329281,-3.841021198021065,26.870951453382258,1.0,0.0,-3.826562159807222,0.0,0.0,False,0.003898802067242095,0.13435475726691126,0.19494158056892927,0.07577747210701764,7.577747210701764e-06,7.577747210701764e-06,0.02687176593232002,0.0,-0.029036949832048187,-1.392274052308216,-1.4067330905220587,0.029036949832048187
269.0,0.0,0.0,0.13428473430919585,-4.352503585093306,-3.7833381090262916,26.856946861839173,1.0,0.0,-3.8606598225087647,-0.15,0.0,False,0.004034897925913311,0.13428473430919588,0.2017464250674907,0.07577747210701764,7.577747210701764e-06,7.577747210701764e-06,0.02685776091628713,0.0,0.8807916652359751,-0.5691654760670142,-0.4918437625845411,0.8807916652359751
270.0,0.0,0.0,0.04477049852914103,-3.481213283911736,-3.8912026402711737,8.954099705828206,1.0,0.0,-3.8903970284487808,0.02,0.0,False,0.003740249740807867,0.04477049852914103,0.18701390417374536,0.07577747210701764,7.577747210701764e-06,7.577747210701764e-06,0.008954371111387836,0.0,0.87129030118157,0.4099893563594379,0.409183744537045,0.87129030118157
271.0,0.0,0.0,-0.04264849943929134,-3.292519885994712,-3.9475646172853502,-8.529699887858268,1.0,0.0,-3.904781636825878,-0.01,0.0,False,0.003770664230597451,0.04264849943929134,0.18853464018689034,0.07577747210701764,7.577747210701764e-06,7.577747210701764e-06,-0.00852995842953723,0.0,0.188693397917024,0.6550447312906384,0.6122617508311663,0.188693397917024
272.0,0.0,0.0,-0.0637745063801547,-2.6603136687894757,-3.8739238582302193,-12.754901276030939,1.0,0.0,-3.9077144372820323,-0.08,0.0,False,0.0036661403025740054,0.0637745063801547,0.18330840418292282,0.07577747210701764,7.577747210701764e-06,7.577747210701764e-06,-0.012755287886771556,0.0,0.6322062172052361,1.2136101894407436,1.2474007684925565,0.6322062172052361
273.0,0.0,0.0,-0.12756726405548685,-3.530025156078456,-3.890872689696473,-25.51345281109737,1.0,0.0,-3.93028911315065,-0.02,0.0,False,0.003674787584392876,0.12756726405548688,0.18374077155021212,0.07577747210701764,7.577747210701764e-06,7.577747210701764e-06,-0.02551422614322073,0.0,-0.8697114872889804,0.360847533618017,0.40026395707219375,0.8697114872889804
274.0,0.0,0.0,-0.044670782489450056,-3.7649667629113504,-3.972515487491263,-8.934156497890012,1.0,0.0,-3.9360346429683117,0.14,0.0,False,0.0035373587023615574,0.044670782489450056,0.17686927537857985,0.07577747210701764,7.577747210701764e-06,7.577747210701764e-06,-0.008934427298955869,0.0,-0.23494160683289422,0.20754872457991258,0.17106788005696139,0.23494160683289422
275.0,0.0,0.0,-0.019333030901454294,-4.410762771362431,-3.972175397121433,-3.8666061802908587,1.0,0.0,-3.976749906167827,-0.04,0.0,False,0.0035060850024805535,0.019333030901454294,0.17530557853532008,0.07577747210701764,7.577747210701764e-06,7.577747210701764e-06,-0.0038667233800595354,0.0,-0.6457960084510805,-0.4385873742409978,-0.434012865194604,0.6457960084510805
276.0,0.0,0.0,0.04422868124179003,-3.928900627353753,-3.9523720082384517,8.845736248358007,1.0,0.0,-3.958304396966943,-0.05,0.0,False,0.003566809344168292,0.044228681241790024,0.17834181862739257,0.07577747210701764,7.577747210701764e-06,7.577747210701764e-06,0.008846004369338975,0.0,0.4818621440086779,0.02347138088469869,0.029403769613189912,0.4818621440086779
277.0,0.0,0.0,-0.0049154557834416995,-4.411353661561151,-3.955717576799,-0.9830911566883399,1.0,0.0,-3.9684592012562354,-0.05,0.0,False,0.003756484524620863,0.005285533668918204,0.1878256495155496,0.07577747210701764,7.577747210701764e-06,7.577747210701764e-06,-0.0009831209549276173,0.0,-0.4824530342073978,-0.4556360847621508,-0.4428944603049154,0.4824530342073978
278.0,0.0,0.0,0.043160304406180225,-4.864094025176849,-3.9808310795606507,8.632060881236045,1.0,0.0,-3.978057047592238,0.0,0.0,False,0.00378744267151427,0.043160304406180225,0.18937356858987048,0.07577747210701764,7.577747210701764e-06,7.577747210701764e-06,0.008632322525554424,0.0,-0.4527403636156979,-0.883262945616198,-0.8860369775846109,0.4527403636156979
279.0,0.0,0.0,0.08278376815885027,-4.854904935941194,-4.091543740094326,16.556753631770054,1.0,0.0,-3.9797342646055323,0.15,0.0,False,0.0039067916215493725,0.08278376815885027,0.19534106131143425,0.07577747210701764,7.577747210701764e-06,7.577747210701764e-06,0.016557255479541767,0.0,0.009189089235654535,-0.7633611958468682,-0.875170671335662,0.009189089235654535
280.0,0.0,0.0,0.07814123422750575,-5.356152563778822,-4.247889742380501,15.62824684550115,1.0,0.0,-4.036224977864934,0.24,0.0,False,0.0038726283238905393,0.07814123422750575,0.19363288348445093,0.07577747210701764,7.577747210701764e-06,7.577747210701764e-06,0.015628720549527294,0.0,-0.5012476278376274,-1.1082628213983208,-1.319927585913888,0.5012476278376274
281.0,0.0,0.0,0.12642548786412225,-6.129866722120802,-3.9953213706134103,25.28509757282445,1.0,0.0,-4.073462986940152,-0.01,0.0,False,0.00389792683537786,0.12642548786412228,0.19489781864410324,0.07577747210701764,7.577747210701764e-06,7.577747210701764e-06,0.025285863983327182,0.0,-0.7737141583419804,-2.1345453515073918,-2.05640373518065,0.7737141583419804
282.0,0.0,0.0,0.19795108314490148,-5.666359686116725,-4.22476348212156,39.59021662898029,1.0,0.0,-4.091849784118199,0.21,0.0,False,0.0039768723131730094,0.19795108314490148,0.19884512244530436,0.07577747210701764,7.577747210701764e-06,7.577747210701764e-06,0.03959141663850141,0.0,0.46350703600407694,-1.4415962039951653,-1.5745099019985265,0.46350703600407694
283.0,0.0,0.0,0.1441572898138476,-5.999151214926109,-4.238379233513088,28.83145796276952,1.0,0.0,-4.150280889508382,0.18,0.0,False,0.004175236416647799,0.14415728981384757,0.20876340277669544,0.07577747210701764,7.577747210701764e-06,7.577747210701764e-06,0.028832331866147906,0.0,-0.3327915288093841,-1.7607719814130212,-1.8488703254177272,0.3327915288093841
284.0,0.0,0.0,0.17525091182150074,-7.154131087623213,-4.320947719925573,35.05018236430015,1.0,0.0,-4.224732168603212,0.08,0.0,False,0.0040796117376733325,0.17525091182150074,0.20398213259698994,0.07577747210701764,7.577747210701764e-06,7.577747210701764e-06,0.03505124476193612,0.0,-1.154979872697104,-2.8331833676976403,-2.9293989190200014,1.154979872697104
285.0,0.0,0.0,0.2863334537870143,-7.0688187642510885,-4.524275892558395,57.266690757402856,1.0,0.0,-4.246575696355692,0.2,0.0,False,0.004080012820984614,0.2863334537870143,0.20400218691451935,0.07577747210701764,7.577747210701764e-06,7.577747210701764e-06,0.05726842655427399,0.0,0.08531232337212469,-2.544542871692694,-2.8222430678953963,0.08531232337212469
286.0,0.0,0.0,0.2731929076872769,-6.895166692391474,-4.588168084938941,54.63858153745538,1.0,0.0,-4.290688061626534,0.34,0.0,False,0.0040607514602842105,0.2731929076872769,0.20303911158161314,0.07577747210701764,7.577747210701764e-06,7.577747210701764e-06,0.054640237674340904,0.0,0.17365207185961484,-2.306998607452533,-2.6044786307649392,0.17365207185961484
287.0,0.0,0.0,0.2501231010958017,-7.24758557260778,-4.618667721548345,50.02462021916034,1.0,0.0,-4.336786178038611,0.38,0.0,False,0.004028353785017443,0.2501231010958017,0.20141921554320502,0.07577747210701764,7.577747210701764e-06,7.577747210701764e-06,0.05002613650337561,0.0,-0.3524188802163062,-2.628917851059435,-2.9107993945691684,0.3524188802163062
288.0,0.0,0.0,0.278438250129934,-7.643298418768364,-4.760327788316519,55.687650025986805,1.0,0.0,-4.393840912951876,0.48,0.0,False,0.004221208879991753,0.278438250129934,0.2110620433622784,0.07577747210701764,7.577747210701764e-06,7.577747210701764e-06,0.05568933796093463,0.0,-0.3957128461605839,-2.8829706304518448,-3.249457505816488,0.3957128461605839
289.0,0.0,0.0,0.31388085801370086,-7.7052214738473035,-4.780412232301992,62.77617160274017,1.0,0.0,-4.463097574574778,0.31,0.0,False,0.0043607128757595275,0.3138808580137008,0.21803729600696795,0.07577747210701764,7.577747210701764e-06,7.577747210701764e-06,0.06277807439615828,0.0,-0.061923055078939804,-2.9248092415453115,-3.242123899272525,0.061923055078939804
290.0,0.0,0.0,0.3147390294294491,-7.87681200726699,-4.797200804760939,62.947805885889814,1.0,0.0,-4.504370913141543,0.39,0.0,False,0.004270511338460406,0.31473902942944904,0.21352718496578937,0.07577747210701764,7.577747210701764e-06,7.577747210701764e-06,0.06294971388167332,0.0,-0.17159053341968633,-3.079611202506051,-3.3724410941254472,0.17159053341968633
291.0,0.0,0.0,0.3256305096040391,-7.889329224701511,-4.866617828594918,65.12610192080783,1.0,0.0,-4.557711928912698,0.37,0.0,False,0.0043535873626805175,0.32563050960403905,0.21768101765325046,0.07577747210701764,7.577747210701764e-06,7.577747210701764e-06,0.06512807594239782,0.0,-0.012517217434520944,-3.022711396106593,-3.3316172957888126,0.012517217434520944
292.0,0.0,0.0,0.32359794703214584,-8.123930373841512,-4.799036574445956,64.71958940642917,1.0,0.0,-4.6203835339423085,0.18,0.0,False,0.0042952961102479745,0.3235979470321457,0.2147664329458047,0.07577747210701764,7.577747210701764e-06,7.577747210701764e-06,0.06472155110631625,0.0,-0.2346011491400013,-3.3248937993955563,-3.5035468398992036,0.2346011491400013
293.0,0.0,0.0,0.3456188942660417,-8.263188917561672,-4.900405144764118,69.12377885320834,1.0,0.0,-4.653227147208031,0.07,0.0,False,0.004329268536301438,0.3456188942660417,0.21646506712020075,0.07577747210701764,7.577747210701764e-06,7.577747210701764e-06,0.069125874047421,0.0,-0.13925854372016033,-3.3627837727975542,-3.6099617703536415,0.13925854372016033
294.0,0.0,0.0,0.3528406802613322,-7.773475703374261,-5.00454481981329,70.56813605226644,1.0,0.0,-4.6676104805505005,0.42,0.0,False,0.004101957770626465,0.3528406802613322,0.2050994427112761,0.07577747210701764,7.577747210701764e-06,7.577747210701764e-06,0.07057027502604231,0.0,0.489713214187411,-2.768930883560971,-3.105865222823761,0.489713214187411
295.0,0.0,0.0,0.2989503375104204,-7.8486812541621775,-5.093620851390475,59.79006750208408,1.0,0.0,-4.73464842807432,0.3,0.0,False,0.004150098074860576,0.2989503375104204,0.20750647616273427,0.07577747210701764,7.577747210701764e-06,7.577747210701764e-06,0.05979187978441997,0.0,-0.07520555078791613,-2.7550604027717025,-3.1140328260878576,0.07520555078791613
296.0,0.0,0.0,0.3024229144004046,-7.733361978302843,-4.924751950505144,60.48458288008092,1.0,0.0,-4.783859059765749,0.11,0.0,False,0.004255002411375263,0.3024229144004046,0.21275173273539574,0.07577747210701764,7.577747210701764e-06,7.577747210701764e-06,0.060486416213705166,0.0,0.11531927585933488,-2.808610027797699,-2.9495029185370933,0.11531927585933488
297.0,0.0,0.0,0.2862574279283532,-7.961732086667738,-4.938778770070051,57.251485585670636,1.0,0.0,-4.824337525938332,0.26,0.0,False,0.004118538406722165,0.28625742792835324,0.20592848079825443,0.07577747210701764,7.577747210701764e-06,7.577747210701764e-06,0.05725322092166147,0.0,-0.22837010836489569,-3.022953316597687,-3.1373945607294065,0.22837010836489569
298.0,0.0,0.0,0.3060987990113965,-8.523479922557474,-4.990145256470005,61.219759802279306,1.0,0.0,-4.870679239698012,-0.07,0.0,False,0.004373186508457817,0.3060987990113965,0.21866098236798415,0.07577747210701764,7.577747210701764e-06,7.577747210701764e-06,0.06122161541967418,0.0,-0.5617478358897356,-3.5333346660874687,-3.6528006828594624,0.5617478358897356
299.0,0.0,0.0,0.3599459722235111,-9.091640444037228,-4.957635607106303,71.98919444470222,1.0,0.0,-4.900628119587756,0.05,0.0,False,0.004207595236676384,0.35994597222351105,0.21038135603847258,0.07577747210701764,7.577747210701764e-06,7.577747210701764e-06,0.07199137649183676,0.0,-0.5681605214797543,-4.1340048369309255,-4.191012324449472,0.5681605214797543
300.0,0.0,0.0,0.41313737384198945,-8.648739226673595,-5.010175158785965,82.62747476839789,1.0,0.0,-4.923883821343016,0.12,0.0,False,0.0041604074401894635,0.41313737384198945,0.20802194833526685,0.07577747210701764,7.577747210701764e-06,7.577747210701764e-06,0.08262997926988515,0.0,0.44290121736363375,-3.6385640678876294,-3.7248554053305787,0.44290121736363375
301.0,0.0,0.0,0.365183064028066,-8.535768122943841,-5.056294176712884,73.0366128056132,1.0,0.0,-4.960110173088225,0.15,0.0,False,0.004086884928350075,0.365183064028066,0.2043457948865471,0.07577747210701764,7.577747210701764e-06,7.577747210701764e-06,0.07303882660079342,0.0,0.11297110372975361,-3.479473946230957,-3.575657949855616,0.11297110372975361
302.0,0.0,0.0,0.3505772257636742,-7.844960628472872,-5.0149184876833806,70.11544515273485,1.0,0.0,-4.996770223145696,-0.06,0.0,False,0.004130421218130818,0.3505772257636742,0.20652262587093406,0.07577747210701764,7.577747210701764e-06,7.577747210701764e-06,0.0701175704051059,0.0,0.6908074944709686,-2.830042140789492,-2.848190405327176,0.6908074944709686
303.0,0.0,0.0,0.27930973715261437,-8.133324671311073,-4.926795370226482,55.861947430522875,1.0,0.0,-5.029863036027368,-0.01,0.0,False,0.00428260050816755,0.27930973715261437,0.21413164803158022,0.07577747210701764,7.577747210701764e-06,7.577747210701764e-06,0.055863640648557346,0.0,-0.28836404283820016,-3.2065293010845908,-3.103461635283704,0.28836404283820016
304.0,0.0,0.0,0.30761609910731347,-8.150374523638684,-4.938050103935448,61.52321982146269,1.0,0.0,-5.05175743001765,-0.06,0.0,False,0.0042299965671353116,0.30761609910731347,0.21150143104900002,0.07577747210701764,7.577747210701764e-06,7.577747210701764e-06,0.061525084636961117,0.0,-0.017049852327611248,-3.2123244197032355,-3.0986170936210335,0.017049852327611248
305.0,0.0,0.0,0.31128676743637435,-8.581759948147267,-4.7514782425993385,62.25735348727487,1.0,0.0,-5.057047128386092,0.02,0.0,False,0.004243926656960479,0.3112867674363744,0.21219794081819324,0.07577747210701764,7.577747210701764e-06,7.577747210701764e-06,0.062259240554922025,0.0,-0.4313854245085835,-3.830281705547929,-3.5247128197611755,0.4313854245085835
306.0,0.0,0.0,0.3553911120225526,-8.5164843241472,-4.781046766634975,71.07822240451051,1.0,0.0,-5.037388906653259,0.11,0.0,False,0.004311806331844056,0.35539111202255264,0.21559195028112307,0.07577747210701764,7.577747210701764e-06,7.577747210701764e-06,0.07108037683939096,0.0,0.06527562400006737,-3.735437557512225,-3.479095417493941,0.06527562400006737
307.0,0.0,0.0,0.35021733296260843,-8.49226427691943,-4.851392674100628,70.04346659252168,1.0,0.0,-5.0277141747213525,-0.07,0.0,False,0.0046445321944163865,0.3502173329626085,0.23222836947536332,0.07577747210701764,7.577747210701764e-06,7.577747210701764e-06,0.07004558966316793,0.0,0.024220047227769825,-3.6408716028188017,-3.4645501021980776,0.024220047227769825
308.0,0.0,0.0,0.3484150825587137,-8.813919410920851,-4.867065610359939,69.68301651174274,1.0,0.0,-5.01417830160022,0.08,0.0,False,0.004398874927738908,0.3484150825587137,0.2199454130650561,0.07577747210701764,7.577747210701764e-06,7.577747210701764e-06,0.06968512865687339,0.0,-0.3216551340014213,-3.9468538005609126,-3.7997411093206317,0.3216551340014213
309.0,0.0,0.0,0.3813871259401931,-9.014069373502315,-4.810467900150596,76.27742518803862,1.0,0.0,-5.007981441261296,0.02,0.0,False,0.004282809122964321,0.3813871259401931,0.21414207885046035,0.07577747210701764,7.577747210701764e-06,7.577747210701764e-06,0.07627973721470242,0.0,-0.20014996258146311,-4.203601473351719,-4.006087932241019,0.20014996258146311
310.0,0.0,0.0,0.40334310007693847,-8.536341088086926,-4.756816199019669,80.66862001538769,1.0,0.0,-4.999903648757435,0.19,0.0,False,0.004106227995768314,0.40334310007693847,0.20531295558630264,0.07577747210701764,7.577747210701764e-06,7.577747210701764e-06,0.08067106514250032,0.0,0.47772828541538814,-3.7795248890672575,-3.5364374393294913,0.47772828541538814
311.0,0.0,0.0,0.35263421920789495,-7.522910986385099,-4.812229587343247,70.526843841579,1.0,0.0,-4.980485551130355,-0.18,0.0,False,0.004107924983722155,0.35263421920789495,0.2053978056269622,0.07577747210701764,7.577747210701764e-06,7.577747210701764e-06,0.0705289815637566,0.0,1.013430101701827,-2.710681399041852,-2.542425435254744,1.013430101701827
312.0,0.0,0.0,0.2505700777193344,-7.477883581348624,-4.777925241669699,50.114015543866884,1.0,0.0,-5.009865287359431,-0.04,0.0,False,0.00414801849680712,0.2505700777193345,0.20740249647213563,0.07577747210701764,7.577747210701764e-06,7.577747210701764e-06,0.05011553453772231,0.0,0.04502740503647562,-2.6999583396789246,-2.468018293989193,0.04502740503647562
313.0,0.0,0.0,0.2437920416456486,-7.891520736589832,-4.897678319109754,48.75840832912972,1.0,0.0,-5.017115271356381,-0.04,0.0,False,0.004023327169561405,0.2437920416456486,0.201167882865882,0.07577747210701764,7.577747210701764e-06,7.577747210701764e-06,0.04875988623350135,0.0,-0.4136371552412079,-2.993842417480078,-2.8744054652334503,0.4136371552412079
314.0,0.0,0.0,0.28423184935148904,-7.99795391040876,-4.92319648903019,56.84636987029781,1.0,0.0,-5.039870795168961,0.0,0.0,False,0.0039722328794945345,0.28423184935148904,0.19861314900355792,0.07577747210701764,7.577747210701764e-06,7.577747210701764e-06,0.05684809292692376,0.0,-0.10643317381892814,-3.07475742137857,-2.9580831152397984,0.10643317381892814
315.0,0.0,0.0,0.2923388649613019,-8.071647097354104,-5.095846653689663,58.46777299226038,1.0,0.0,-5.049094551219763,0.01,0.0,False,0.004038840512187722,0.2923388649613019,0.20194355587500737,0.07577747210701764,7.577747210701764e-06,7.577747210701764e-06,0.05846954519484585,0.0,-0.0736931869453441,-2.9758004436644407,-3.0225525461343405,0.0736931869453441
316.0,0.0,0.0,0.2958175115830736,-7.961556164559367,-5.235744753196103,59.163502316614725,1.0,0.0,-5.074454497294817,0.06,0.0,False,0.004138558214816128,0.2958175115830737,0.20692947878820483,0.07577747210701764,7.577747210701764e-06,7.577747210701764e-06,0.05916529560728419,0.0,0.11009093279473703,-2.7258114113632637,-2.8871016672645498,0.11009093279473703
317.0,0.0,0.0,0.2797584000651678,-8.517893895398974,-5.150136855466903,55.95168001303356,1.0,0.0,-5.1133599000072065,0.05,0.0,False,0.0041329994779710465,0.2797584000651678,0.2066515398398156,0.07577747210701764,7.577747210701764e-06,7.577747210701764e-06,0.05595337595093073,0.0,-0.5563377308396067,-3.36775703993207,-3.404533995391767,0.5563377308396067
318.0,0.0,0.0,0.3345599953007081,-7.8522462439879455,-5.122781138013622,66.91199906014162,1.0,0.0,-5.163866166985904,-0.02,0.0,False,0.00436149151408579,0.3345599953007081,0.2180762282182974,0.07577747210701764,7.577747210701764e-06,7.577747210701764e-06,0.06691402721362968,0.0,0.6656476514110281,-2.729465105974324,-2.6883800770020416,0.6656476514110281
319.0,0.0,0.0,0.26435376426682594,-7.4237453134284666,-5.168360306331779,52.87075285336519,1.0,0.0,-5.1721671818383355,0.01,0.0,False,0.0043343873539310965,0.2643537642668259,0.21672100994113896,0.07577747210701764,7.577747210701764e-06,7.577747210701764e-06,0.052872355406021254,0.0,0.4285009305594789,-2.255385007096687,-2.251578131590131,0.4285009305594789
320.0,0.0,0.0,0.22152325323009842,-6.720428508462015,-5.097316190896761,44.30465064601968,1.0,0.0,-5.208608441019697,0.14,0.0,False,0.003989051623477483,0.22152325323009842,0.19945409257511482,0.07577747210701764,7.577747210701764e-06,7.577747210701764e-06,0.04430599355361484,0.0,0.7033168049664518,-1.623112317565254,-1.5118200674423177,0.7033168049664518
321.0,0.0,0.0,0.14842272936707923,-6.3610599890330715,-5.132545031050359,29.684545873415846,1.0,0.0,-5.208428848766771,-0.1,0.0,False,0.004015798181966859,0.1484227293670792,0.20079143063351657,0.07577747210701764,7.577747210701764e-06,7.577747210701764e-06,0.029685445634536428,0.0,0.3593685194289433,-1.2285149579827124,-1.1526311402663003,0.3593685194289433
322.0,0.0,0.0,0.1100538326141715,-5.573507154560799,-5.302058322479152,22.0107665228343,1.0,0.0,-5.236144979295051,0.07,0.0,False,0.004139503158614062,0.1100538326141715,0.2069767263361288,0.07577747210701764,7.577747210701764e-06,7.577747210701764e-06,0.02201143368587718,0.0,0.7875528344722724,-0.2714488320816466,-0.3373621752657483,0.7875528344722724
323.0,0.0,0.0,0.030122538347620558,-5.151332947923528,-5.224278056475724,6.0245076695241115,1.0,0.0,-5.260479964885202,-0.13,0.0,False,0.004327779084515155,0.030122538347620558,0.21639059396655203,0.07577747210701764,7.577747210701764e-06,7.577747210701764e-06,0.006024690276925108,0.0,0.4221742066372709,0.07294510855219549,0.10914701696167395,0.4221742066372709
324.0,0.0,0.0,-0.0164503508866909,-5.463427808355324,-5.347977586146148,-3.29007017733818,1.0,0.0,-5.272270358035547,0.06,0.0,False,0.004247600573148913,0.0164503508866909,0.2123816380196154,0.07577747210701764,7.577747210701764e-06,7.577747210701764e-06,-0.003290169901862927,0.0,-0.31209486043179613,-0.11545022220917645,-0.1911574503197775,0.31209486043179613
325.0,0.0,0.0,0.011135747919483735,-4.789321704001501,-5.391037608557414,2.227149583896747,1.0,0.0,-5.315842689620464,0.01,0.0,False,0.004056922943234059,0.011135747919483739,0.20284768427852878,0.07577747210701764,7.577747210701764e-06,7.577747210701764e-06,0.002227217090491386,0.0,0.6741061043538235,0.6017159045559133,0.526520985618963,0.6741061043538235
326.0,0.0,0.0,-0.05884060800432016,-4.924447478331963,-5.450141553773967,-11.768121600864031,1.0,0.0,-5.3520661099663505,0.02,0.0,False,0.004206283408519946,0.05884060800432016,0.2103157641336156,0.07577747210701764,7.577747210701764e-06,7.577747210701764e-06,-0.011768478301563577,0.0,-0.13512577433046236,0.5256940754420034,0.4276186316343873,0.13512577433046236
327.0,0.0,0.0,-0.0495527498457877,-5.554180305019619,-5.354226659620677,-9.91054996915754,1.0,0.0,-5.37775007800736,-0.04,0.0,False,0.0041554742833418016,0.0495527498457877,0.20777528862377306,0.07577747210701764,7.577747210701764e-06,7.577747210701764e-06,-0.009910850365450745,0.0,-0.6297328266876558,-0.19995364539894211,-0.17643022701225863,0.6297328266876558
328.0,0.0,0.0,0.008043950191568483,-5.361295858178903,-5.549306897227652,1.6087900383136966,1.0,0.0,-5.419993751700435,0.22,0.0,False,0.00412939859833856,0.008113902098117786,0.2064714944938635,0.07577747210701764,7.577747210701764e-06,7.577747210701764e-06,0.0016088388019610783,0.0,0.19288444684071582,0.1880110390487486,0.058697893521531874,0.19288444684071582
329.0,0.0,0.0,-0.012810469906774416,-5.163800599589193,-5.607445076481502,-2.562093981354883,1.0,0.0,-5.473737755352878,0.06,0.0,False,0.0039397697095448206,0.012810469906774417,0.19698997820618735,0.07577747210701764,7.577747210701764e-06,7.577747210701764e-06,-0.0025621716403684837,0.0,0.1974952585897105,0.44364447689230957,0.3099371557636852,0.1974952585897105
330.0,0.0,0.0,-0.03706437187227619,-5.094822851916827,-5.753547089966537,-7.412874374455238,1.0,0.0,-5.489405410971777,0.27,0.0,False,0.003957145454944175,0.03706437187227619,0.19785877205960545,0.07577747210701764,7.577747210701764e-06,7.577747210701764e-06,-0.007413099064305045,0.0,0.06897774767236609,0.65872423804971,0.39458255905495054,0.06897774767236609
331.0,0.0,0.0,-0.050022073105985436,-4.830567542608993,-5.77476119931335,-10.004414621197087,1.0,0.0,-5.534458361533983,0.37,0.0,False,0.0037231328778964843,0.050022073105985436,0.18615805454281323,0.07577747210701764,7.577747210701764e-06,7.577747210701764e-06,-0.010004717862599153,0.0,0.2642553093078339,0.944193656704357,0.7038908189249904,0.2642553093078339
332.0,0.0,0.0,-0.08130079004290292,-4.965530988204398,-5.902129906299678,-16.260158008580582,1.0,0.0,-5.595062535707927,0.33,0.0,False,0.003781485999337213,0.08130079004290292,0.18907573272410985,0.07577747210701764,7.577747210701764e-06,7.577747210701764e-06,-0.016260650866313796,0.0,-0.13496344559540496,0.9365989180952807,0.6295315475035297,0.13496344559540496
333.0,0.0,0.0,-0.07059712377535944,-5.156547084406358,-5.7275825940215475,-14.119424755071888,1.0,0.0,-5.643606246879769,0.02,0.0,False,0.003948141242468453,0.07059712377535944,0.19740855802423704,0.07577747210701764,7.577747210701764e-06,7.577747210701764e-06,-0.014119852725555042,0.0,-0.19101609620196047,0.5710355096151893,0.4870591624734111,0.19101609620196047
334.0,0.0,0.0,-0.055770840548008314,-4.783325473001781,-5.815580628500159,-11.154168109601663,1.0,0.0,-5.67152897431588,0.14,0.0,False,0.0040856098769956346,0.055770840548008314,0.2042820418357242,0.07577747210701764,7.577747210701764e-06,7.577747210701764e-06,-0.011154506200904803,0.0,0.37322161140457677,1.0322551554983779,0.8882035013140985,0.37322161140457677
335.0,0.0,0.0,-0.09322962159604899,-4.297524394815808,-5.619041140368881,-18.645924319209797,1.0,0.0,-5.714276620753011,-0.05,0.0,False,0.004094427351036493,0.093229621596049,0.20472291887859653,0.07577747210701764,7.577747210701764e-06,7.577747210701764e-06,-0.018646489491331054,0.0,0.4858010781859736,1.3215167455530734,1.416752225937203,0.4858010781859736
336.0,0.0,0.0,-0.1439929387591552,-4.824449359357822,-5.726382418603686,-28.79858775183104,1.0,0.0,-5.715657012487521,-0.01,0.0,False,0.004063279661575651,0.14399293875915523,0.2031655226040886,0.07577747210701764,7.577747210701764e-06,7.577747210701764e-06,-0.028799460658888377,0.0,-0.5269249645420144,0.9019330592458639,0.8912076531296984,0.5269249645420144
337.0,0.0,0.0,-0.09262407910872301,-5.144774362869117,-5.721475451010823,-18.524815821744603,1.0,0.0,-5.73750833951186,-0.07,0.0,False,0.0040914186037883755,0.09262407910872301,0.20457248037621442,0.07577747210701764,7.577747210701764e-06,7.577747210701764e-06,-0.018525377322975357,0.0,-0.3203250035112948,0.5767010881417063,0.5927339766427426,0.3203250035112948
338.0,0.0,0.0,-0.06385638410613895,-5.240566918972346,-5.860158553546877,-12.77127682122779,1.0,0.0,-5.750725244537907,0.06,0.0,False,0.00397125623986045,0.06385638410613895,0.19856431665181723,0.07577747210701764,7.577747210701764e-06,7.577747210701764e-06,-0.012771663928323615,0.0,-0.09579255610322868,0.6195916345745314,0.5101583255655617,0.09579255610322868
339.0,0.0,0.0,-0.05663433519269305,-5.927517987646358,-5.841071740691059,-11.32686703853861,1.0,0.0,-5.783362398307333,0.06,0.0,False,0.00396025424161465,0.05663433519269305,0.19801421257100912,0.07577747210701764,7.577747210701764e-06,7.577747210701764e-06,-0.011327210364477392,0.0,-0.6869510686740128,-0.08644624695529934,-0.14415558933902517,0.6869510686740128
340.0,0.0,0.0,0.011260754503921793,-5.2040755796934155,-5.6906775665799785,2.2521509007843585,1.0,0.0,-5.806931728933052,-0.09,0.0,False,0.003987223374774741,0.011260754503921793,0.1993626794472774,0.07577747210701764,7.577747210701764e-06,7.577747210701764e-06,0.002252219165187892,0.0,0.7234424079529429,0.486601986886563,0.6028561492396367,0.7234424079529429
341.0,0.0,0.0,-0.060118823120024215,-4.735408298503321,-5.480453491210714,-12.023764624004842,1.0,0.0,-5.814906176049589,0.09,0.0,False,0.003970108883668626,0.06011882312002422,0.19850694840750724,0.07577747210701764,7.577747210701764e-06,7.577747210701764e-06,-0.012024129073438493,0.0,0.46866728119009426,0.7450451927073924,1.0794978775462676,0.46866728119009426
342.0,0.0,0.0,-0.10475673533645928,-4.877086706689922,-5.550534321798249,-20.951347067291856,1.0,0.0,-5.805286589155868,0.01,0.0,False,0.004152239885930262,0.10475673533645928,0.20761356752772378,0.07577747210701764,7.577747210701764e-06,7.577747210701764e-06,-0.020951982118526776,0.0,-0.1416784081866007,0.6734476151083273,0.9281998824659459,0.1416784081866007
343.0,0.0,0.0,-0.09069831167946825,-4.217572950929925,-5.648328674391907,-18.13966233589365,1.0,0.0,-5.783015342870863,-0.02,0.0,False,0.004099316269653381,0.09069831167946825,0.20496736666179044,0.07577747210701764,7.577747210701764e-06,7.577747210701764e-06,-0.01814021216282986,0.0,0.6595137557599973,1.4307557234619823,1.5654423919409384,0.6595137557599973
344.0,0.0,0.0,-0.15887219032381217,-3.3752524229877396,-5.798611666503119,-31.774438064762432,1.0,0.0,-5.784104187928521,0.07,0.0,False,0.004126342299899274,0.15887219032381217,0.2063186784139064,0.07577747210701764,7.577747210701764e-06,7.577747210701764e-06,-0.03177540117210189,0.0,0.842320527942185,2.423359243515379,2.4088517649407812,0.842320527942185
345.0,0.0,0.0,-0.24166185018252354,-3.5982641892024443,-5.665176682805965,-48.332370036504706,1.0,0.0,-5.806355048832899,0.06,0.0,False,0.004033923277284854,0.2416618501825235,0.20169769226678583,0.07577747210701764,7.577747210701764e-06,7.577747210701764e-06,-0.04833383502733225,0.0,-0.22301176621470464,2.066912493603521,2.208090859630455,0.22301176621470464
346.0,0.0,0.0,-0.21960054254557382,-3.5598551916863226,-5.692265552118895,-43.92010850911476,1.0,0.0,-5.791962487433531,0.02,0.0,False,0.004038248439417474,0.21960054254557376,0.20191395201216608,0.07577747210701764,7.577747210701764e-06,7.577747210701764e-06,-0.04392143976094582,0.0,0.0384089975161217,2.132410360432573,2.232107295747208,0.0384089975161217
347.0,0.0,0.0,-0.2237523278501979,-2.9896732870107066,-5.703589749507116,-44.75046557003958,1.0,0.0,-5.794352818528117,0.03,0.0,False,0.0037640184352259894,0.2237523278501979,0.18820234790030937,0.07577747210701764,7.577747210701764e-06,7.577747210701764e-06,-0.044751821990623525,0.0,0.570181904675616,2.7139164624964094,2.8046795315174107,0.570181904675616
348.0,0.0,0.0,-0.28120125574191823,-2.4739252186606446,-5.613215847382886,-56.24025114838365,1.0,0.0,-5.797463247117212,-0.04,0.0,False,0.003956820429963022,0.28120125574191823,0.19784252068739983,0.07577747210701764,7.577747210701764e-06,7.577747210701764e-06,-0.056241955833091,0.0,0.5157480683500619,3.1392906287222413,3.323538028456567,0.5157480683500619
349.0,0.0,0.0,-0.33008716336716476,-2.0264932566309595,-5.480007768875395,-66.01743267343295,1.0,0.0,-5.801792388031454,0.14,0.0,False,0.004050816641156555,0.33008716336716476,0.20254236686105292,0.07577747210701764,7.577747210701764e-06,7.577747210701764e-06,-0.06601943371193471,0.0,0.44743196202968516,3.4535145122444355,3.7752991314004944,0.44743196202968516
350.0,0.0,0.0,-0.37395020043642846,-1.9453404142211304,-5.596165950683077,-74.79004008728569,1.0,0.0,-5.774921918186363,0.11,0.0,False,0.003933253168398727,0.37395020043642846,0.19666414867984763,0.07577747210701764,7.577747210701764e-06,7.577747210701764e-06,-0.07479230703017793,0.0,0.08115284240982912,3.650825536461947,3.8295815039652332,0.08115284240982912
351.0,0.0,0.0,-0.38280014346070973,-2.655080583594412,-5.5801534929505054,-76.56002869214194,1.0,0.0,-5.766136945999655,0.01,0.0,False,0.003808622395566738,0.38280014346070973,0.19043256281722365,0.07577747210701764,7.577747210701764e-06,7.577747210701764e-06,-0.07656234928473249,0.0,-0.7097401693732814,2.9250729093560937,3.111056362405243,0.7097401693732814
352.0,0.0,0.0,-0.3130132217527454,-2.7456493160986652,-5.688143785457624,-62.60264435054908,1.0,0.0,-5.773486886964191,-0.02,0.0,False,0.0038708528157377583,0.3130132217527454,0.1935441074040943,0.07577747210701764,7.577747210701764e-06,7.577747210701764e-06,-0.06260454188422443,0.0,-0.09056873250425346,2.9424944693589583,3.027837570865526,0.09056873250425346
353.0,0.0,0.0,-0.3062935018713474,-3.361199356376539,-5.815523918065265,-61.25870037426948,1.0,0.0,-5.7853313978752645,0.07,0.0,False,0.003972378452248868,0.3062935018713474,0.1986204276964302,0.07577747210701764,7.577747210701764e-06,7.577747210701764e-06,-0.06126055717198265,0.0,-0.6155500402778737,2.4543245616887264,2.4241320414987255,0.6155500402778737
354.0,0.0,0.0,-0.24519758385869964,-3.4575573955228402,-5.783659217933087,-49.039516771739926,1.0,0.0,-5.808700385548609,0.0,0.0,False,0.0039692619009678584,0.24519758385869964,0.19846459895155788,0.07577747210701764,7.577747210701764e-06,7.577747210701764e-06,-0.049041003196721854,0.0,-0.09635803914630126,2.3261018224102465,2.3511429900257688,0.09635803914630126
355.0,0.0,0.0,-0.23732026688910568,-4.415387331069177,-5.791345575379217,-47.46405337782114,1.0,0.0,-5.813268097228891,0.03,0.0,False,0.00396595248558434,0.23732026688910574,0.19829912692848628,0.07577747210701764,7.577747210701764e-06,7.577747210701764e-06,-0.04746549204931158,0.0,-0.9578299355463371,1.3759582443100395,1.3978807661597132,0.9578299355463371
356.0,0.0,0.0,-0.14437793005770294,-5.416787712017007,-5.750249291969167,-28.875586011540587,1.0,0.0,-5.830849982063418,-0.11,0.0,False,0.0038162081888012144,0.14437793005770294,0.19081185535310863,0.07577747210701764,7.577747210701764e-06,7.577747210701764e-06,-0.02887646125247363,0.0,-1.00140038094783,0.33346157995215986,0.4140622700464105,1.00140038094783
357.0,0.0,0.0,-0.04771162910680817,-4.489921026543356,-5.869024246321327,-9.542325821361635,1.0,0.0,-5.859221334619044,-0.02,0.0,False,0.003836679693532136,0.04771162910680817,0.19183543834604908,0.07577747210701764,7.577747210701764e-06,7.577747210701764e-06,-0.00954261505650138,0.0,0.9268666854736516,1.3791032197779716,1.3693003080756885,0.9268666854736516
358.0,0.0,0.0,-0.14306382747062207,-4.606502917036327,-5.862796285442922,-28.612765494124414,1.0,0.0,-5.893922080418308,-0.11,0.0,False,0.003960287792059944,0.14306382747062207,0.19801589010598572,0.07577747210701764,7.577747210701764e-06,7.577747210701764e-06,-0.028613632768768053,0.0,-0.11658189049297096,1.2562933684065953,1.2874191633819816,0.11658189049297096
359.0,0.0,0.0,-0.13436114542334032,-4.252017289709375,-6.066784470957528,-26.872229084668067,1.0,0.0,-5.920613506325553,-0.05,0.0,False,0.003949521809727803,0.13436114542334032,0.197477586910284,0.07577747210701764,7.577747210701764e-06,7.577747210701764e-06,-0.0268730436023318,0.0,0.35448562732695166,1.8147671812481532,1.6685962166161783,0.35448562732695166
360.0,0.0,0.0,-0.17394011470638523,-3.771198894434828,-5.953212460305048,-34.78802294127705,1.0,0.0,-5.950165279009477,-0.03,0.0,False,0.0039917003098075676,0.17394011470638523,0.1995865278951728,0.07577747210701764,7.577747210701764e-06,7.577747210701764e-06,-0.034789077392661884,0.0,0.48081839527454706,2.18201356587022,2.178966384574649,0.48081839527454706
361.0,0.0,0.0,-0.22712573265137062,-4.498518804373627,-6.035327018161074,-45.42514653027413,1.0,0.0,-5.991484340484178,-0.05,0.0,False,0.004048467482489449,0.2271257326513706,0.20242490803763105,0.07577747210701764,7.577747210701764e-06,7.577747210701764e-06,-0.045426523400950165,0.0,-0.727319909938799,1.536808213787447,1.4929655361105514,0.727319909938799
362.0,0.0,0.0,-0.15510482108611062,-3.685740413519484,-5.993828050966907,-31.020964217222126,1.0,0.0,-6.042542276017886,0.11,0.0,False,0.003831290660172291,0.15510482108611062,0.1915659846362202,0.07577747210701764,7.577747210701764e-06,7.577747210701764e-06,-0.03102190448619726,0.0,0.812778390854143,2.308087637447423,2.356801862498402,0.812778390854143
363.0,0.0,0.0,-0.24081000729387284,-3.929604931185372,-6.170836420715728,-48.16200145877457,1.0,0.0,-6.049625782490999,0.14,0.0,False,0.00367061619889606,0.24081000729387284,0.18353220069488616,0.07577747210701764,7.577747210701764e-06,7.577747210701764e-06,-0.04816346128560119,0.0,-0.2438645176658878,2.241231489530356,2.120020851305627,0.2438645176658878
364.0,0.0,0.0,-0.21949542588862855,-3.831394414146272,-6.341041054351057,-43.89908517772571,1.0,0.0,-6.0939317263262645,0.27,0.0,False,0.0035878991463675516,0.21949542588862855,0.17939631672801495,0.07577747210701764,7.577747210701764e-06,7.577747210701764e-06,-0.043900415792323635,0.0,0.09821051703909989,2.509646640204785,2.2625373121799925,0.09821051703909989
365.0,0.0,0.0,-0.23360607259231211,-3.796149896977082,-6.464981461897422,-46.721214518462425,1.0,0.0,-6.1246423541142185,0.33,0.0,False,0.0036670602688267146,0.23360607259231217,0.18335440284412186,0.07577747210701764,7.577747210701764e-06,7.577747210701764e-06,-0.046722630673943104,0.0,0.03524451716918975,2.6688315649203402,2.3284924571371364,0.03524451716918975
366.0,0.0,0.0,-0.24150970697461763,-4.183989515693718,-6.4717481308566285,-48.301941394923524,1.0,0.0,-6.167543650457641,0.29,0.0,False,0.003734617432165627,0.24150970697461763,0.18673228660762278,0.07577747210701764,7.577747210701764e-06,7.577747210701764e-06,-0.04830340546343584,0.0,-0.3878396187166362,2.28775861516291,1.9835541347639225,0.3878396187166362
367.0,0.0,0.0,-0.2076326172678337,-4.003758933420776,-6.408386869644917,-41.52652345356674,1.0,0.0,-6.211338471698675,0.18,0.0,False,0.0037120094212594575,0.2076326172678337,0.18560187749642476,0.07577747210701764,7.577747210701764e-06,7.577747210701764e-06,-0.041527782154017666,0.0,0.18023058227294264,2.4046279362241414,2.2075795382778995,0.18023058227294264
368.0,0.0,0.0,-0.22923853677846334,-4.487534133438414,-6.443522724255409,-45.84770735569267,1.0,0.0,-6.26039435774637,0.26,0.0,False,0.003937532653298699,0.22923853677846331,0.19687812454628895,0.07577747210701764,7.577747210701764e-06,7.577747210701764e-06,-0.04584909703450812,0.0,-0.4837752000176385,1.955988590816995,1.7728602243079559,0.4837752000176385
369.0,0.0,0.0,-0.18302029500598962,-4.6822990605177415,-6.314770472106738,-36.604059001197925,1.0,0.0,-6.296231156789539,0.06,0.0,False,0.003881922505439675,0.18302029500598962,0.1940975960833556,0.07577747210701764,7.577747210701764e-06,7.577747210701764e-06,-0.03660516849801439,0.0,-0.19476492707932724,1.6324714115889964,1.6139320962717978,0.19476492707932724
370.0,0.0,0.0,-0.16664285649152077,-4.282904871065615,-6.478875819409585,-33.328571298304155,1.0,0.0,-6.317806427574808,0.16,0.0,False,0.00395302147343064,0.16664285649152077,0.19765257142140427,0.07577747210701764,7.577747210701764e-06,7.577747210701764e-06,-0.03332958151260175,0.0,0.3993941894521269,2.1959709483439704,2.034901556509193,0.3993941894521269
371.0,0.0,0.0,-0.21129317904003286,-4.522860491048905,-6.443729325883077,-42.258635808006574,1.0,0.0,-6.348790764304996,-0.02,0.0,False,0.004081856963241947,0.21129317904003284,0.20409439472610824,0.07577747210701764,7.577747210701764e-06,7.577747210701764e-06,-0.04225991669933875,0.0,-0.23995561998329062,1.920868834834172,1.8259302732560911,0.23995561998329062
372.0,0.0,0.0,-0.18968553567175664,-5.188742863744355,-6.463767149911173,-37.93710713435133,1.0,0.0,-6.395916717780847,0.01,0.0,False,0.004114633445813431,0.1896855356717566,0.20573323127327736,0.07577747210701764,7.577747210701764e-06,7.577747210701764e-06,-0.0379382570368687,0.0,-0.6658823726954495,1.2750242861668184,1.2071738540364922,0.6658823726954495
373.0,0.0,0.0,-0.12603559223298308,-4.576409113788936,-6.475242208157834,-25.207118446596617,1.0,0.0,-6.419787717218412,0.14,0.0,False,0.003874860827529569,0.12603559223298308,0.1937445095122698,0.07577747210701764,7.577747210701764e-06,7.577747210701764e-06,-0.025207882493492834,0.0,0.6123337499554191,1.8988330943688982,1.8433786034294766,0.6123337499554191
374.0,0.0,0.0,-0.1897706035289766,-5.441394524739483,-6.531534854293767,-37.95412070579532,1.0,0.0,-6.449146539367059,0.03,0.0,False,0.003769150865499383,0.1897706035289766,0.18845897135859202,0.07577747210701764,7.577747210701764e-06,7.577747210701764e-06,-0.037955271124006956,0.0,-0.8649854109505473,1.0901403295542842,1.0077520146275765,0.8649854109505473
375.0,0.0,0.0,-0.10954407617709538,-6.406071753946751,-6.675934284446097,-21.908815235419077,1.0,0.0,-6.474187050761778,0.16,0.0,False,0.003976712399951062,0.10954407617709538,0.1988371267236179,0.07577747210701764,7.577747210701764e-06,7.577747210701764e-06,-0.02190947930824104,0.0,-0.9646772292072683,0.2698625304993456,0.06811529681502648,0.9646772292072683
376.0,0.0,0.0,-0.017277127756947383,-6.07102222184413,-6.729355359369256,-3.4554255513894767,1.0,0.0,-6.53687679137632,0.18,0.0,False,0.00406160279864766,0.017277127756947383,0.20308167882234693,0.07577747210701764,7.577747210701764e-06,7.577747210701764e-06,-0.003455530287961141,0.0,0.33504953210262123,0.6583331375251262,0.4658545695321905,0.33504953210262123
377.0,0.0,0.0,-0.05452488008692208,-5.7534909505287,-6.782830247167208,-10.904976017384415,1.0,0.0,-6.578849577601558,0.25,0.0,False,0.0039045980305656056,0.054524880086922065,0.19523138093112202,0.07577747210701764,7.577747210701764e-06,7.577747210701764e-06,-0.010905306555486063,0.0,0.31753127131542946,1.0293392966385078,0.8253586270728572,0.31753127131542946
378.0,0.0,0.0,-0.09087129736195955,-5.79744975983183,-6.896888555873222,-18.17425947239191,1.0,0.0,-6.61629168150125,0.32,0.0,False,0.0037005336692120068,0.09087129736195955,0.18502808554603484,0.07577747210701764,7.577747210701764e-06,7.577747210701764e-06,-0.018174810347993592,0.0,-0.04395880930312934,1.099438796041392,0.8188419216694198,0.04395880930312934
379.0,0.0,0.0,-0.08949834312866574,-5.470558232459546,-6.868493807263772,-17.89966862573315,1.0,0.0,-6.6622383541343,0.12,0.0,False,0.0038365988798854922,0.08949834312866574,0.19183139763309764,0.07577747210701764,7.577747210701764e-06,7.577747210701764e-06,-0.01790021117827781,0.0,0.32689152737228344,1.397935574804226,1.1916801216747537,0.32689152737228344
380.0,0.0,0.0,-0.1254581986894154,-6.08265161424594,-6.8771866350830875,-25.09163973788308,1.0,0.0,-6.692467100909487,0.11,0.0,False,0.004202526206849739,0.1254581986894154,0.21012790262654907,0.07577747210701764,7.577747210701764e-06,7.577747210701764e-06,-0.025092400284531968,0.0,-0.6120933817863934,0.7945350208371478,0.609815486663547,0.6120933817863934
381.0,0.0,0.0,-0.06954234041984159,-6.668325668262177,-6.839000040170484,-13.908468083968316,1.0,0.0,-6.7251877538794576,0.04,0.0,False,0.004396543313625826,0.06954234041984159,0.21982883147598287,0.07577747210701764,7.577747210701764e-06,7.577747210701764e-06,-0.013908889660194618,0.0,-0.5856740540162377,0.1706743719083068,0.05686208561728012,0.5856740540162377
382.0,0.0,0.0,-0.01127954209346393,-7.112250965045123,-6.790179161085215,-2.255908418692786,1.0,0.0,-6.778101367158161,0.07,0.0,False,0.00432672219500507,0.011331420428211931,0.21633774909060574,0.07577747210701764,7.577747210701764e-06,7.577747210701764e-06,-0.0022559767969895397,0.0,-0.4439252967829459,-0.32207180395990864,-0.3341495978869622,0.4439252967829459
383.0,0.0,0.0,0.0318824045339645,-6.9758080990737215,-6.781235976265718,6.3764809067929,1.0,0.0,-6.781125362872748,-0.07,0.0,False,0.004481848468714128,0.0318824045339645,0.224094121551443,0.07577747210701764,7.577747210701764e-06,7.577747210701764e-06,0.00637667418276992,0.0,0.13644286597140187,-0.19457212280800373,-0.19468273620097332,0.13644286597140187
384.0,0.0,0.0,0.017194037210379952,-6.500336436496533,-6.7384188175936846,3.43880744207599,1.0,0.0,-6.793414839865377,0.06,0.0,False,0.0043144919742704214,0.017194037210379952,0.21572623341999722,0.07577747210701764,7.577747210701764e-06,7.577747210701764e-06,0.003438911674940146,0.0,0.4754716625771884,0.23808238109715152,0.2930784033688436,0.4754716625771884
385.0,0.0,0.0,-0.031839682252175185,-5.92389806341459,-6.862890601283599,-6.367936450435037,1.0,0.0,-6.803861212366546,-0.06,0.0,False,0.0043320748031162645,0.031839682252175185,0.21660538152420103,0.07577747210701764,7.577747210701764e-06,7.577747210701764e-06,-0.006368129467423098,0.0,0.5764383730819427,0.9389925378690087,0.8799631489519557,0.5764383730819427
386.0,0.0,0.0,-0.09342491723787483,-6.354704717007729,-6.899004622332082,-18.684983447574965,1.0,0.0,-6.818745322671454,0.2,0.0,False,0.004269423340109474,0.09342491723787483,0.21347278463601405,0.07577747210701764,7.577747210701764e-06,7.577747210701764e-06,-0.01868554980360805,0.0,-0.4308066535931383,0.5442999053243529,0.4640406056637252,0.4308066535931383
387.0,0.0,0.0,-0.05183389768862155,-6.564427914558193,-6.724594503031025,-10.36677953772431,1.0,0.0,-6.858182633313638,-0.02,0.0,False,0.004404593204398597,0.05183389768862156,0.2202313290646233,0.07577747210701764,7.577747210701764e-06,7.577747210701764e-06,-0.010367093762682088,0.0,-0.2097231975504643,0.1601665884728316,0.29375471875544523,0.2097231975504643
388.0,0.0,0.0,-0.02907224123780507,-6.601809849060662,-6.575910620017832,-5.814448247561014,1.0,0.0,-6.873063333102625,0.18,0.0,False,0.004456811833143187,0.02907224123780507,0.22284228028683117,0.07577747210701764,7.577747210701764e-06,7.577747210701764e-06,-0.005814624487901462,0.0,-0.03738193450246907,-0.02589922904282993,0.2712534840419627,0.03738193450246907
389.0,0.0,0.0,-0.02460317114243585,-6.649657145212356,-6.7143340679189345,-4.92063422848717,1.0,0.0,-6.855161342040991,0.07,0.0,False,0.0042562281318261645,0.02460317114243585,0.2128130192223509,0.07577747210701764,7.577747210701764e-06,7.577747210701764e-06,-0.004920783376646158,0.0,-0.04784729615169425,0.06467692270657821,0.20550419682863463,0.04784729615169425
390.0,0.0,0.0,-0.01966977543082968,-6.377416512539553,-6.740725283376773,-3.9339550861659363,1.0,0.0,-6.847850882315595,-0.03,0.0,False,0.004257247482493903,0.019669775430829678,0.2128639871419569,0.07577747210701764,7.577747210701764e-06,7.577747210701764e-06,-0.003934074327331078,0.0,0.2722406326728031,0.3633087708372198,0.4704343697760418,0.2722406326728031
391.0,0.0,0.0,-0.051822473947404316,-5.629140515320505,-6.941244224297922,-10.364494789480863,1.0,0.0,-6.846362352149948,0.05,0.0,False,0.004380713175347583,0.051822473947404316,0.21903731856423142,0.07577747210701764,7.577747210701764e-06,7.577747210701764e-06,-0.010364808945186188,0.0,0.7482759972190483,1.3121037089774168,1.2172218368294434,0.7482759972190483
392.0,0.0,0.0,-0.12932284817379788,-5.503382586627973,-6.977305780222364,-25.864569634759576,1.0,0.0,-6.895660886893967,0.09,0.0,False,0.004322438794166494,0.12932284817379788,0.21612357742575047,0.07577747210701764,7.577747210701764e-06,7.577747210701764e-06,-0.025865353609500416,0.0,0.12575792869253188,1.4739231935943913,1.3922783002659935,0.12575792869253188
393.0,0.0,0.0,-0.1421818540595525,-5.718111253591259,-7.022749448373553,-28.4363708119105,1.0,0.0,-6.9224179958510845,0.11,0.0,False,0.004290437499679717,0.14218185405955247,0.2145235005765256,0.07577747210701764,7.577747210701764e-06,7.577747210701764e-06,-0.02843723273989741,0.0,-0.21472866696328552,1.304638194782294,1.204306742259826,0.21472866696328552
394.0,0.0,0.0,-0.1260589605816615,-7.468818404594799,-7.14853606495311,-25.211792116332298,1.0,0.0,-6.925254998130897,0.22,0.0,False,0.0043866421970444386,0.1260589605816615,0.21933377189550554,0.07577747210701764,7.577747210701764e-06,7.577747210701764e-06,-0.025212556304890995,0.0,-1.7507071510035406,-0.3202823396416896,-0.5435634064639023,1.7507071510035406
395.0,0.0,0.0,0.044275706090839646,-8.22001083351156,-7.206713686745467,8.85514121816793,1.0,0.0,-6.978748621554718,0.23,0.0,False,0.004180968087435708,0.044275706090839646,0.20904998848774853,0.07577747210701764,7.577747210701764e-06,7.577747210701764e-06,0.008855409624220675,0.0,-0.7511924289167613,-1.0132971467660932,-1.2412622119568422,0.7511924289167613
396.0,0.0,0.0,0.11664938322255727,-7.771119094613558,-7.231856313757274,23.329876644511454,1.0,0.0,-7.026044568180987,0.18,0.0,False,0.004007641288136325,0.11664938322255726,0.20038358285144586,0.07577747210701764,7.577747210701764e-06,7.577747210701764e-06,0.02333058379078353,0.0,0.44889173889800205,-0.5392627808562844,-0.7450745264325711,0.44889173889800205
397.0,0.0,0.0,0.06802999090041086,-7.469608472418959,-7.319567183258985,13.605998180082171,1.0,0.0,-7.053472804309072,0.2,0.0,False,0.0041346171110063215,0.06802999090041086,0.20673242210448012,0.07577747210701764,7.577747210701764e-06,7.577747210701764e-06,0.013606410588216065,0.0,0.30151062219459934,-0.15004128915997406,-0.4161356681098871,0.30151062219459934
398.0,0.0,0.0,0.033043389169475024,-7.1325737103361435,-7.318536878537088,6.608677833895005,1.0,0.0,-7.0907934099057615,0.36,0.0,False,0.0040986007441215265,0.033043389169475024,0.20493159011409415,0.07577747210701764,7.577747210701764e-06,7.577747210701764e-06,0.006608878147937158,0.0,0.3370347620828156,0.18596316820094483,-0.041780300430382056,0.3370347620828156
399.0,0.0,0.0,-0.006528708049041159,-6.945445157972497,-7.379173855291739,-1.305741609808232,1.0,0.0,-7.139162061001704,0.28,0.0,False,0.003916121779054325,0.006645061780806934,0.19580757272176066,0.07577747210701764,7.577747210701764e-06,7.577747210701764e-06,-0.001305781187827685,0.0,0.18712855236364678,0.4337286973192427,0.1937169030292072,0.18712855236364678
