t,mean_abs_delta_real,mean_abs_delta_planning,mean_action,price,v_true,total_demand,mean_k,xs_k_std,mean_belief,mean_correctness,mean_salience,regime_post,xs_action_std,xs_action_mean_abs,xs_belief_std,xs_sigma_mean,xs_rho_mean,xs_rho_max,mean_myopic_term,mean_hedging_term,ret,mispricing_true,mispricing_belief,vol_proxy
0.0,0.0,0.0,-0.0007392493146629901,-0.2841321775976203,-0.14999529307158604,-0.14784986293259803,1.0,0.0,0.0,-0.56,0.0,False,0.009971814054705846,0.007997897049814788,0.49861042109651793,0.39548192771084345,3.954819277108434e-05,3.954819277108435e-05,-0.00014787325078717236,0.0,0.0,-0.13413688452603423,-0.2841321775976203,0.0
1.0,0.0,0.0,0.026723856558463842,-0.983179231140943,-0.056171754517568145,5.344771311692768,1.0,0.0,-0.007393954945350008,0.13,0.0,False,0.008524665792732372,0.026723856558463835,0.42624393306209174,0.24970892072370304,2.4970892072370302e-05,2.4970892072370302e-05,0.005345305153192573,0.0,-0.6990470535433226,-0.9270074766233748,-0.975785276195593,0.6990470535433226
2.0,0.0,0.0,0.09276473473316495,-1.1063826403443624,-0.07195815090699824,18.55294694663299,1.0,0.0,-0.016860246086087917,0.17,0.0,False,0.007384790259901653,0.09276473473316496,0.36924636481499945,0.1855657283607953,1.8556572836079535e-05,1.8556572836079532e-05,0.01855432403752425,0.0,-0.12320340920341943,-1.0344244894373642,-1.0895223942582746,0.12320340920341943
3.0,0.0,0.0,0.09961697102223034,-1.1817963539923513,-0.08342090641184305,19.92339420444607,1.0,0.0,-0.05544581403145896,0.12,0.0,False,0.006869911055048628,0.09961697102223034,0.3435007166765606,0.15033452654348473,1.5033452654348474e-05,1.503345265434847e-05,0.019924592256049155,0.0,-0.07541371364798888,-1.0983754475805083,-1.1263505399608924,0.07541371364798888
4.0,0.0,0.0,0.10727574555928215,-1.240448758063021,-0.03969827342820402,21.455149111856432,1.0,0.0,-0.11013805077118778,0.15,0.0,False,0.006144336092939357,0.10727574555928218,0.30722075577437863,0.12861039341098898,1.28610393410989e-05,1.2861039341098898e-05,0.021456252839728508,0.0,-0.05865240407066974,-1.200750484634817,-1.1303107072918332,0.05865240407066974
5.0,0.0,0.0,0.11250025862451082,-1.4337984192810858,-0.04169224903895007,22.500051724902164,1.0,0.0,-0.10896991452033176,0.02,0.0,False,0.0059235713900508856,0.11250025862451082,0.29618195326827296,0.11424748706068398,1.1424748706068395e-05,1.1424748706068397e-05,0.022501079942902343,0.0,-0.19334966121806474,-1.3921061702421358,-1.324828504760754,0.19334966121806474
6.0,0.0,0.0,0.1285900430077035,-1.8606767201600465,-0.07341893997449159,25.718008601540696,1.0,0.0,-0.11538190745870577,0.11,0.0,False,0.005569778428103715,0.1285900430077035,0.2784918262911562,0.10430885206491432,1.0430885206491433e-05,1.0430885206491434e-05,0.025719081636729833,0.0,-0.4268783008789607,-1.787257780185555,-1.7452948127013408,0.4268783008789607
7.0,0.0,0.0,0.17310997517768306,-1.9805944600442853,0.01999831620638827,34.621995035536614,1.0,0.0,-0.14783092380518567,0.08,0.0,False,0.005424561416061942,0.17310997517768306,0.2712307074924497,0.09721299660661761,9.721299660661762e-06,9.721299660661762e-06,0.034623341305603475,0.0,-0.11991773988423882,-2.0005927762506737,-1.8327635362390997,0.11991773988423882
8.0,0.0,0.0,0.18643893715141174,-2.5963818614488368,0.09766869782237875,37.28778743028235,1.0,0.0,-0.1294928256860687,0.15,0.0,False,0.004953270908248729,0.18643893715141174,0.24766582472989832,0.09203282049648383,9.20328204964838e-06,9.203282049648383e-06,0.03728916009774821,0.0,-0.6157874014045515,-2.6940505592712154,-2.466889035762768,0.6157874014045515
9.0,0.0,0.0,0.24665868224038998,-3.4187122824301035,0.03977285787679087,49.331736448078,1.0,0.0,-0.11611929602398632,0.06,0.0,False,0.00471645213343469,0.24665868224038998,0.2358246863774702,0.08818941343401722,8.818941343401728e-06,8.818941343401726e-06,0.049333476647491666,0.0,-0.8223304209812667,-3.4584851403068946,-3.302592986406117,0.8223304209812667
10.0,0.0,0.0,0.32775567498938407,-3.600791954836219,-0.09525117894733638,65.55113499787682,1.0,0.0,-0.12968627562241244,-0.07,0.0,False,0.004661392148684336,0.32775567498938407,0.23307159559777016,0.08530342395407306,8.530342395407304e-06,8.530342395407304e-06,0.06555337167330094,0.0,-0.18207967240611556,-3.505540775888883,-3.4711056792138066,0.18207967240611556
11.0,0.0,0.0,0.34554045073286815,-3.684284916670344,-0.12628930973909205,69.10809014657363,1.0,0.0,-0.14101573912977922,-0.02,0.0,False,0.004415367275422577,0.34554045073286815,0.22077019872682468,0.08311678650488098,8.311678650488098e-06,8.311678650488098e-06,0.06911038774442649,0.0,-0.08349296183412491,-3.557995606931252,-3.543269177540565,0.08349296183412491
12.0,0.0,0.0,0.3474918190489336,-4.374796362423157,-0.36677142274040864,69.49836380978672,1.0,0.0,-0.1452438464481772,0.26,0.0,False,0.00449902001568928,0.3474918190489336,0.2249528329815763,0.08144872021105272,8.144872021105273e-06,8.144872021105272e-06,0.06950062801246071,0.0,-0.6905114457528132,-4.008024939682748,-4.22955251597498,0.6905114457528132
13.0,0.0,0.0,0.41278281203288963,-4.666994234889268,-0.3767164155479036,82.55656240657792,1.0,0.0,-0.20922521236128108,0.13,0.0,False,0.004491874050277329,0.41278281203288963,0.22459550307322618,0.0801696280765907,8.016962807659075e-06,8.016962807659074e-06,0.08255920979691522,0.0,-0.29219787246611073,-4.290277819341364,-4.4577690225279865,0.29219787246611073
14.0,0.0,0.0,0.43895355875377545,-3.463192810589338,-0.2630352690674081,87.7907117507551,1.0,0.0,-0.24680277887167726,0.07,0.0,False,0.004180402001550529,0.43895355875377545,0.20902175520110616,0.07918490036140627,7.918490036140629e-06,7.918490036140629e-06,0.08779349240824151,0.0,1.2038014242999298,-3.20015754152193,-3.216390031717661,1.2038014242999298
15.0,0.0,0.0,0.3200845289860168,-3.2997918543823825,-0.2522386312142926,64.01690579720336,1.0,0.0,-0.2772848548824484,0.03,0.0,False,0.004235749831400166,0.3200845289860169,0.21178915250222036,0.07842447161267904,7.842447161267904e-06,7.842447161267904e-06,0.06401891397825892,0.0,0.1634009562069556,-3.04755322316809,-3.0225069994999343,0.1634009562069556
16.0,0.0,0.0,0.3014778245872175,-3.2784064704333966,-0.12715337127925164,60.2955649174435,1.0,0.0,-0.2622220084288827,-0.07,0.0,False,0.0039835399795891315,0.3014778245872175,0.19917854929083165,0.07783586373121831,7.78358637312183e-06,7.783586373121831e-06,0.06029744216578159,0.0,0.021385383948985925,-3.151253099154145,-3.0161844620045137,0.021385383948985925
17.0,0.0,0.0,0.2993335852570743,-3.938624199190741,-0.11580207000944474,59.86671705141486,1.0,0.0,-0.28489627957584374,0.0,0.0,False,0.003891070938333106,0.2993335852570743,0.19455505236072343,0.07737942031791788,7.73794203179179e-06,7.737942031791787e-06,0.059868570017821386,0.0,-0.6602177287573445,-3.8228221291812963,-3.6537279196148975,0.6602177287573445
18.0,0.0,0.0,0.3679046250443221,-3.531584239744617,0.047468711543257644,73.58092500886441,1.0,0.0,-0.2849548065661113,0.14,0.0,False,0.003976970340450054,0.36790462504432214,0.19885004865248657,0.07702496386752834,7.702496386752833e-06,7.702496386752835e-06,0.0735831920186388,0.0,0.40703995944612403,-3.5790529512878746,-3.246629433178506,0.40703995944612403
19.0,0.0,0.0,0.32712971163317,-3.8682336733556206,-0.06725854628994844,65.425942326634,1.0,0.0,-0.2594362595452686,-0.03,0.0,False,0.004172012658300242,0.32712971163317006,0.2086022339124316,0.07674940373398333,7.674940373398337e-06,7.674940373398335e-06,0.06542795087204348,0.0,-0.3366494336110035,-3.800975127065672,-3.6087974138103522,0.3366494336110035
20.0,0.0,0.0,0.3611947139133854,-3.9050085903279115,-0.1645613826468358,72.23894278267709,1.0,0.0,-0.2601615883613584,0.08,0.0,False,0.004099987982395227,0.3611947139133854,0.20500096808257381,0.07653499567330325,7.653499567330326e-06,7.653499567330328e-06,0.07224115428862066,0.0,-0.03677491697229085,-3.7404472076810755,-3.644847001966553,0.03677491697229085
21.0,0.0,0.0,0.3650209487281531,-4.382690135856939,-0.1452181563947753,73.00418974563063,1.0,0.0,-0.25614831404243227,-0.02,0.0,False,0.004281471027274399,0.3650209487281531,0.21407518620185623,0.07636805789007794,7.636805789007794e-06,7.636805789007795e-06,0.0730064198038756,0.0,-0.47768154552902775,-4.237471979462164,-4.126541821814507,0.47768154552902775
22.0,0.0,0.0,0.41097771148029855,-4.368390263409226,-0.20718624502421984,82.19554229605971,1.0,0.0,-0.25465972334166165,-0.14,0.0,False,0.004296749380459039,0.41097771148029866,0.2148391069011292,0.07623801307922962,7.623801307922961e-06,7.623801307922962e-06,0.08219804884688175,0.0,0.014299872447713469,-4.161204018385006,-4.113730540067564,0.014299872447713469
23.0,0.0,0.0,0.4081967393265045,-4.4305871003045665,-0.26133058042659096,81.6393478653009,1.0,0.0,-0.2727563604332364,-0.04,0.0,False,0.004284172585342065,0.4081967393265045,0.21421026018021275,0.07613666709092755,7.613666709092755e-06,7.613666709092754e-06,0.08164183414551113,0.0,-0.062196836895340724,-4.169256519877975,-4.15783073987133,0.062196836895340724
24.0,0.0,0.0,0.41252538828713786,-4.014481373592222,-0.34985312095351384,82.50507765742758,1.0,0.0,-0.2862674764479349,0.09,0.0,False,0.004129785339118471,0.412525388287138,0.20649083746500507,0.07605766172517958,7.605766172517959e-06,7.605766172517959e-06,0.08250758769565157,0.0,0.41610572671234447,-3.664628252638708,-3.728213897144287,0.41610572671234447
25.0,0.0,0.0,0.3680471393538333,-3.7433607744489725,-0.36615252209223725,73.60942787076667,1.0,0.0,-0.305176338851015,0.08,0.0,False,0.004087292936527835,0.3680471393538333,0.2043661999171295,0.07599605714348504,7.599605714348504e-06,7.599605714348505e-06,0.07361166546427649,0.0,0.2711205991432495,-3.377208252356735,-3.4381844355979574,0.2711205991432495
26.0,0.0,0.0,0.3392265443307324,-4.358133332703892,-0.35676304095734335,67.84530886614648,1.0,0.0,-0.3338701293967232,-0.01,0.0,False,0.0039034708774758637,0.33922654433073235,0.1951750261780522,0.07594801167850262,7.594801167850264e-06,7.594801167850261e-06,0.06784736993701705,0.0,-0.614772558254919,-4.001370291746548,-4.024263203307168,0.614772558254919
27.0,0.0,0.0,0.3972673858287955,-4.277056982856213,-0.47022832671545545,79.4534771657591,1.0,0.0,-0.35096651323389866,0.06,0.0,False,0.003929039902182917,0.3972673858287955,0.1964534863867586,0.07591053539720918,7.591053539720918e-06,7.59105353972092e-06,0.0794558896898418,0.0,0.08107634984767831,-3.806828656140758,-3.9260904696223147,0.08107634984767831
28.0,0.0,0.0,0.38528711113506975,-4.376259349575649,-0.4729436435988668,77.05742222701394,1.0,0.0,-0.3853086905161677,0.1,0.0,False,0.003957153801845197,0.38528711113506975,0.19785919146213113,0.07588129986214319,7.588129986214318e-06,7.588129986214319e-06,0.0770597610962113,0.0,-0.09920236671943616,-3.9033157059767825,-3.990950659059482,0.09920236671943616
29.0,0.0,0.0,0.39072754198947385,-4.308695295052044,-0.6374176023757153,78.14550839789477,1.0,0.0,-0.42403969107145356,0.29,0.0,False,0.003895967804917546,0.39072754198947385,0.19479986795706936,0.07585849092897277,7.585849092897274e-06,7.5858490928972765e-06,0.07814787958004331,0.0,0.06756405452360514,-3.671277692676329,-3.884655603980591,0.06756405452360514
30.0,0.0,0.0,0.37692810053097164,-5.170086626170742,-0.7441711943126468,75.38562010619432,1.0,0.0,-0.46883572967241266,0.41,0.0,False,0.004004222519380467,0.37692810053097164,0.20021264438411002,0.0758406946332553,7.58406946332553e-06,7.5840694633255315e-06,0.07538790700796798,0.0,-0.861391331118698,-4.425915431858096,-4.70125089649833,0.861391331118698
31.0,0.0,0.0,0.460084967635619,-4.521051142159662,-0.7190514663103158,92.0169935271238,1.0,0.0,-0.5392713572974732,0.12,0.0,False,0.0038170341877068917,0.46008496763561896,0.19085315655294838,0.07582680859941437,7.582680859941435e-06,7.582680859941435e-06,0.09201978444794356,0.0,0.6490354840110806,-3.8019996758493457,-3.9817797848621885,0.6490354840110806
32.0,0.0,0.0,0.3898296161928536,-3.9057708965738622,-0.7977123445191361,77.96592323857072,1.0,0.0,-0.5690625159406509,0.35,0.0,False,0.003841824350180144,0.3898296161928536,0.1920926738672669,0.07581597318505708,7.58159731850571e-06,7.581597318505709e-06,0.07796828764558296,0.0,0.6152802455857995,-3.108058552054726,-3.3367083806332114,0.6152802455857995
33.0,0.0,0.0,0.3247869490843787,-3.340931300096642,-0.7307484916783789,64.95738981687575,1.0,0.0,-0.6226072036724871,0.15,0.0,False,0.003981855366021413,0.3247869490843787,0.1990942775739307,0.07580751791624726,7.580751791624726e-06,7.580751791624725e-06,0.06495935950534093,0.0,0.5648395964772202,-2.610182808418263,-2.718324096424155,0.5648395964772202
34.0,0.0,0.0,0.265828476784041,-4.252134469114483,-0.6007828941517299,53.16569535680819,1.0,0.0,-0.6577782992677682,-0.08,0.0,False,0.003989551606522437,0.265828476784041,0.1994790923845286,0.07580091978879354,7.580091978879353e-06,7.580091978879353e-06,0.053167307348032856,0.0,-0.911203169017841,-3.651351574962753,-3.594356169846715,0.911203169017841
35.0,0.0,0.0,0.3548254791359187,-4.528242804152066,-0.6438740642841019,70.96509582718375,1.0,0.0,-0.6825457820410008,-0.04,0.0,False,0.0038869818663297977,0.3548254791359187,0.1943505664004229,0.07579577078909383,7.579577078909383e-06,7.579577078909382e-06,0.070967247352531,0.0,-0.27610833503758325,-3.8843687398679645,-3.8456970221110653,0.27610833503758325
36.0,0.0,0.0,0.3828772407228875,-4.818619654835928,-0.650867467346675,76.57544814457749,1.0,0.0,-0.7037452064018642,-0.14,0.0,False,0.003849516175165601,0.3828772407228875,0.1924772675661676,0.0757917525852373,7.579175258523732e-06,7.579175258523731e-06,0.07657776964195037,0.0,-0.2903768506838613,-4.167752187489253,-4.114874448434064,0.2903768506838613
37.0,0.0,0.0,0.41184085254924385,-5.560523195173728,-0.6646954357218385,82.36817050984877,1.0,0.0,-0.6993253022376975,-0.02,0.0,False,0.003895499900271603,0.41184085254924385,0.19477647118632624,0.07578861679880576,7.578861679880579e-06,7.578861679880576e-06,0.08237066751880873,0.0,-0.7419035403378,-4.8958277594518895,-4.86119789293603,0.7419035403378
38.0,0.0,0.0,0.4855656520000107,-5.663676139245043,-0.5833536834457116,97.11313040000213,1.0,0.0,-0.7000550651007115,0.03,0.0,False,0.0038511772844404732,0.4855656520000107,0.1925603235518984,0.07578616962277836,7.578616962277834e-06,7.5786169622778345e-06,0.09711607431056063,0.0,-0.10315294407131503,-5.080322455799331,-4.963621074144331,0.10315294407131503
39.0,0.0,0.0,0.49480926644557394,-5.894707982294587,-0.7150250953454762,98.96185328911479,1.0,0.0,-0.7046826793692922,0.06,0.0,False,0.0036144812949668263,0.49480926644557394,0.18072543435228935,0.07578425982564119,7.5784259825641195e-06,7.5784259825641195e-06,0.09896485316670141,0.0,-0.2310318430495446,-5.179682886949111,-5.190025302925295,0.2310318430495446
40.0,0.0,0.0,0.5156139826591394,-7.017619938328841,-0.7207040374844961,103.12279653182787,1.0,0.0,-0.7153959810192427,-0.1,0.0,False,0.0038813138323045247,0.5156139826591394,0.19406716229878163,0.07578276939476822,7.578276939476819e-06,7.5782769394768205e-06,0.10312592248058214,0.0,-1.1229119560342538,-6.296915900844345,-6.302223957309598,1.1229119560342538
41.0,0.0,0.0,0.6266880033856532,-6.555362672026047,-0.7056303715903375,125.33760067713065,1.0,0.0,-0.7383727824254694,-0.11,0.0,False,0.0038508429694878725,0.6266880033856532,0.1925436075897217,0.07578160623748331,7.5781606237483355e-06,7.578160623748335e-06,0.12534139996221952,0.0,0.4622572663027942,-5.84973230043571,-5.816989889600578,0.4622572663027942
42.0,0.0,0.0,0.5797246280917263,-6.233854005270381,-0.6601702616958771,115.94492561834527,1.0,0.0,-0.7505024473547802,-0.12,0.0,False,0.004002768455912909,0.5797246280917263,0.20013993945859299,0.07578069848672941,7.578069848672939e-06,7.578069848672941e-06,0.11594844014669166,0.0,0.32150866675566636,-5.573683743574503,-5.483351557915601,0.32150866675566636
43.0,0.0,0.0,0.551306931872476,-6.878150121762396,-0.6193236933225565,110.2613863744952,1.0,0.0,-0.7578967314225497,0.07,0.0,False,0.004212746970611237,0.551306931872476,0.21063894474017988,0.07577999005824664,7.5779990058246634e-06,7.577999005824663e-06,0.11026472859187318,0.0,-0.6442961164920158,-6.25882642843984,-6.120253390339847,0.6442961164920158
44.0,0.0,0.0,0.6144782481435337,-7.423094114970319,-0.6118786320183369,122.89564962870674,1.0,0.0,-0.7205757963765379,-0.05,0.0,False,0.004203362918892213,0.6144782481435337,0.21016973858699203,0.07577943718399627,7.577943718399631e-06,7.577943718399629e-06,0.1228993747857421,0.0,-0.544943993207923,-6.811215482951982,-6.702518318593781,0.544943993207923
45.0,0.0,0.0,0.6684304690701934,-7.140281667411683,-0.5639813159362164,133.68609381403868,1.0,0.0,-0.7331348162480351,-0.01,0.0,False,0.0040693525472385635,0.6684304690701935,0.2034691692193777,0.07577900570718792,7.5779005707187905e-06,7.577900570718793e-06,0.13369014602303786,0.0,0.2828124475586362,-6.576300351475467,-6.407146851163648,0.2828124475586362
46.0,0.0,0.0,0.6392033703354301,-7.422433749449959,-0.6442812096979442,127.84067406708601,1.0,0.0,-0.7385361592867322,0.02,0.0,False,0.0038889101155080118,0.6392033703354302,0.19444697925756224,0.07577866897151055,7.577866897151055e-06,7.577866897151055e-06,0.12784454907617018,0.0,-0.2821520820382757,-6.778152539752014,-6.683897590163227,0.2821520820382757
47.0,0.0,0.0,0.6640262869526619,-6.755390075516726,-0.8814348241968342,132.80525739053238,1.0,0.0,-0.7480057741543533,0.14,0.0,False,0.0038615848825924288,0.6640262869526619,0.19308070725335985,0.07577840617399134,7.577840617399135e-06,7.577840617399136e-06,0.13280928286832247,0.0,0.6670436739332324,-5.8739552513198925,-6.007384301362373,0.6670436739332324
48.0,0.0,0.0,0.5946486388057484,-6.309143474906588,-0.8295439429691689,118.92972776114966,1.0,0.0,-0.7819192856549315,-0.05,0.0,False,0.004155777429380056,0.5946486388057484,0.20779044605569133,0.07577820107961909,7.5778201079619125e-06,7.577820107961911e-06,0.11893333264616222,0.0,0.4462466006101389,-5.479599531937419,-5.5272241892516565,0.4462466006101389
49.0,0.0,0.0,0.5461797652418715,-6.967740336229084,-0.9099413672130524,109.2359530483743,1.0,0.0,-0.8086783804386348,0.17,0.0,False,0.004039356397545287,0.5461797652418715,0.20196935034983823,0.07577804101825933,7.577804101825934e-06,7.577804101825932e-06,0.10923926409789604,0.0,-0.6585968613224962,-6.057798969016031,-6.159061955790449,0.6585968613224962
50.0,0.0,0.0,0.6073293574186496,-6.935218803355274,-1.0253746269942274,121.46587148372991,1.0,0.0,-0.8471388803246077,0.16,0.0,False,0.004108782169873294,0.6073293574186496,0.20544066526841734,0.07577791610185457,7.577791610185456e-06,7.577791610185456e-06,0.12146955322807777,0.0,0.03252153287380999,-5.909844176361046,-6.088079923030666,0.03252153287380999
51.0,0.0,0.0,0.6040428344407626,-6.034494663400967,-1.0016310705804738,120.80856688815251,1.0,0.0,-0.8942166512771285,0.18,0.0,False,0.0038375109741483164,0.6040428344407626,0.19187700269846866,0.07577781861352735,7.577781861352734e-06,7.577781861352734e-06,0.12081222870427151,0.0,0.9007241399543071,-5.032863592820493,-5.140278012123838,0.9007241399543071
52.0,0.0,0.0,0.5114000807068596,-6.521293994789762,-1.0956440130256424,102.28001614137193,1.0,0.0,-0.8945615937059326,0.1,0.0,False,0.003931155606345558,0.5114000807068596,0.1965592697877646,0.07577774253083158,7.577774253083158e-06,7.5777742530831585e-06,0.102283116337371,0.0,-0.48679933138879505,-5.425649981764119,-5.626732401083829,0.48679933138879505
53.0,0.0,0.0,0.5575148372340909,-6.906194319235152,-1.0459719158511163,111.50296744681818,1.0,0.0,-0.9203000926141423,0.03,0.0,False,0.0039486854446492674,0.5575148372340909,0.19743576834363574,0.07577768315369257,7.5777683153692564e-06,7.5777683153692564e-06,0.11150634719582228,0.0,-0.3849003244453906,-5.860222403384036,-5.98589422662101,0.3849003244453906
54.0,0.0,0.0,0.5939808387542908,-6.0036279895473985,-1.0496300974675914,118.79616775085815,1.0,0.0,-0.9459343865354106,0.12,0.0,False,0.00390980953830752,0.5939808387542908,0.1954919582960121,0.07577763681404524,7.5777636814045205e-06,7.577763681404523e-06,0.11879976856071402,0.0,0.9025663296877537,-4.953997892079807,-5.0576936030119874,0.9025663296877537
55.0,0.0,0.0,0.5011019093948466,-6.757873531059421,-0.9839581984904687,100.2203818789693,1.0,0.0,-0.9661608793708732,0.06,0.0,False,0.003902156130779131,0.5011019093948466,0.19510928501910144,0.07577760064923067,7.577760064923067e-06,7.577760064923067e-06,0.10022341963997983,0.0,-0.7542455415120228,-5.7739153325689525,-5.791712651688548,0.7542455415120228
56.0,0.0,0.0,0.5757225171745536,-6.1506016368640735,-0.9477323023007006,115.14450343491072,1.0,0.0,-0.9924190340970612,-0.02,0.0,False,0.004025583980601131,0.5757225171745536,0.20128072427496468,0.0757775724251497,7.577757242514966e-06,7.577757242514968e-06,0.11514799355684283,0.0,0.6072718941953479,-5.202869334563373,-5.158182602767012,0.6072718941953479
57.0,0.0,0.0,0.51411162828426,-6.3781377508536545,-0.9034917472794477,102.822325656852,1.0,0.0,-1.0004302250401733,-0.1,0.0,False,0.003923765891903226,0.51411162828426,0.1961897812619994,0.07577755039824796,7.577755039824795e-06,7.577755039824794e-06,0.10282544228282081,0.0,-0.22753611398958107,-5.474646003574207,-5.377707525813481,0.22753611398958107
58.0,0.0,0.0,0.5353342592979996,-6.363948892509798,-1.0103486305238947,107.06685185959992,1.0,0.0,-1.0092905634223583,-0.02,0.0,False,0.003931459040311212,0.5353342592979996,0.19657444159690043,0.07577753320780568,7.577753320780569e-06,7.57775332078057e-06,0.1070700971397768,0.0,0.014188858343856303,-5.353600261985903,-5.35465832908744,0.014188858343856303
59.0,0.0,0.0,0.5328819379312804,-6.031114809583285,-1.1134348815739614,106.57638758625608,1.0,0.0,-1.0245923263256067,-0.01,0.0,False,0.004086947477991287,0.5328819379312805,0.20434892239328145,0.07577751979187808,7.577751979187806e-06,7.577751979187805e-06,0.10657961799950469,0.0,0.33283408292651284,-4.917679928009324,-5.006522483257679,0.33283408292651284
60.0,0.0,0.0,0.4968641329495509,-6.006059737805832,-1.3012554438100135,99.37282658991018,1.0,0.0,-1.034927610839001,0.15,0.0,False,0.004152125027160999,0.4968641329495509,0.20760782454651466,0.07577750932169237,7.577750932169239e-06,7.577750932169238e-06,0.0993758386572027,0.0,0.025055071777453364,-4.704804293995819,-4.971132126966831,0.025055071777453364
61.0,0.0,0.0,0.49044972678941506,-5.974042728766093,-1.3942434612998778,98.08994535788301,1.0,0.0,-1.0622852244554501,0.4,0.0,False,0.004284158897646799,0.49044972678941506,0.21420956809661876,0.07577750115045034,7.577750115045038e-06,7.577750115045036e-06,0.09809291853973179,0.0,0.032017009039739364,-4.579799267466215,-4.911757504310643,0.032017009039739364
62.0,0.0,0.0,0.48022390551762867,-4.3701604488010695,-1.4187802888778829,96.04478110352574,1.0,0.0,-1.1013766446380056,0.45,0.0,False,0.00413278095969905,0.48022390551762867,0.20664061384389038,0.0757774947733717,7.577749477337168e-06,7.577749477337169e-06,0.09604769229462462,0.0,1.6038822799650232,-2.9513801599231866,-3.268783804163064,1.6038822799650232
63.0,0.0,0.0,0.31632499119127266,-4.167220531491938,-1.409507149069882,63.26499823825453,1.0,0.0,-1.1716217227673575,0.28,0.0,False,0.0038546052893586426,0.31632499119127266,0.19273172492949706,0.075777489796511,7.577748979651099e-06,7.5777489796511e-06,0.06326691584882674,0.0,0.20293991730913152,-2.7577133824220557,-2.9955988087245804,0.20293991730913152
64.0,0.0,0.0,0.2899102438718848,-3.830174098473927,-1.4322493098551734,57.982048774376956,1.0,0.0,-1.2067906853193815,0.26,0.0,False,0.0039050488585609883,0.2899102438718848,0.19525392250197382,0.07577748591242173,7.577748591242176e-06,7.577748591242176e-06,0.05798380625461288,0.0,0.33704643301801074,-2.397924788618754,-2.6233834131545457,0.33704643301801074
65.0,0.0,0.0,0.25083611404154443,-4.38307858861244,-1.3696259043659351,50.167222808308885,1.0,0.0,-1.268008249425986,0.14,0.0,False,0.003913107716856131,0.25083611404154443,0.19565686847007172,0.07577748288116361,7.577748288116364e-06,7.577748288116362e-06,0.050168743415133124,0.0,-0.5529044901385127,-3.013452684246505,-3.1150703391864543,0.5529044901385127
66.0,0.0,0.0,0.3027910196196637,-3.858411584932404,-1.3445330670133104,60.55820392393274,1.0,0.0,-1.3217179194117947,-0.01,0.0,False,0.004064835900918355,0.3027910196196637,0.20324333516103432,0.07577748051548007,7.577748051548008e-06,7.5777480515480085e-06,0.06056003948927043,0.0,0.5246670036800358,-2.5138785179190934,-2.5366936655206094,0.5246670036800358
67.0,0.0,0.0,0.2497204726270181,-3.5218194741901536,-1.3609953021887808,49.94409452540362,1.0,0.0,-1.3550536687128565,-0.07,0.0,False,0.0041111719901743005,0.24972047262701808,0.20556015717995393,0.07577747866923067,7.577747866923064e-06,7.577747866923065e-06,0.04994560836895511,0.0,0.3365921107422505,-2.160824172001373,-2.166765805477297,0.3365921107422505
68.0,0.0,0.0,0.215184393776528,-3.5854611940649646,-1.3988855658679935,43.0368787553056,1.0,0.0,-1.361112242723285,-0.02,0.0,False,0.004070024005473899,0.21518439377652798,0.20350274235445195,0.07577747722836292,7.5777477228362955e-06,7.5777477228362955e-06,0.04303818323586052,0.0,-0.06364171987481093,-2.1865756281969713,-2.2243489513416796,0.06364171987481093
69.0,0.0,0.0,0.2183480273829405,-3.9631601915661783,-1.4007083331815098,43.6696054765881,1.0,0.0,-1.3698940057723774,0.06,0.0,False,0.0041529847069282505,0.2183480273829405,0.20765080885990947,0.07577747610386716,7.577747610386715e-06,7.5777476103867154e-06,0.04367092913555189,0.0,-0.3776989975012137,-2.5624518583846685,-2.5932661857938006,0.3776989975012137
70.0,0.0,0.0,0.2556131913727781,-4.059814048664772,-1.3608694929569431,51.12263827455562,1.0,0.0,-1.4018981909234254,0.05,0.0,False,0.00400960912634107,0.25561319137277816,0.20048197550733468,0.07577747522627731,7.577747522627736e-06,7.577747522627733e-06,0.051124187840595504,0.0,-0.09665385709859375,-2.698944555707829,-2.6579158577413464,0.09665385709859375
71.0,0.0,0.0,0.2639358631714373,-3.883124488058579,-1.2776215034622085,52.787172634287465,1.0,0.0,-1.4069314292270156,-0.14,0.0,False,0.004058015167778944,0.2639358631714373,0.20290229591965248,0.07577747454138026,7.577747454138024e-06,7.577747454138025e-06,0.05278877265361511,0.0,0.17668956060619312,-2.60550298459637,-2.476193058831563,0.17668956060619312
72.0,0.0,0.0,0.24734536834054238,-3.6924492131067956,-1.2635626414450318,49.46907366810848,1.0,0.0,-1.4203554149846371,-0.03,0.0,False,0.003958391858058499,0.24734536834054238,0.19792109268760566,0.0757774740068663,7.577747400686627e-06,7.577747400686627e-06,0.04947057311332365,0.0,0.19067527495178327,-2.4288865716617636,-2.2720937981221585,0.19067527495178327
73.0,0.0,0.0,0.22705009791514466,-3.8288252226915422,-1.2599680953677148,45.410019583028934,1.0,0.0,-1.4095770886170556,-0.06,0.0,False,0.003936308739246581,0.22705009791514463,0.19681692837998666,0.07577747358971576,7.577747358971578e-06,7.577747358971577e-06,0.04541139599522267,0.0,-0.1363760095847466,-2.5688571273238274,-2.4192481340744867,0.1363760095847466
74.0,0.0,0.0,0.23822345664976957,-3.5552030337891,-1.29813629622114,47.644691329953915,1.0,0.0,-1.4218622075413585,-0.05,0.0,False,0.0038708857148267665,0.23822345664976954,0.1935457523710321,0.07577747326415916,7.577747326415918e-06,7.5777473264159154e-06,0.047646135476739924,0.0,0.27362218890244216,-2.25706673756796,-2.133340826247742,0.27362218890244216
75.0,0.0,0.0,0.21138316297291673,-3.569897718232652,-1.2434544588774927,42.27663259458335,1.0,0.0,-1.44650039633576,0.03,0.0,False,0.00386560281408427,0.21138316297291673,0.193281605332278,0.07577747301008513,7.577747301008512e-06,7.577747301008514e-06,0.04227791403142709,0.0,-0.014694684443552042,-2.3264432593551594,-2.123397321896892,0.014694684443552042
76.0,0.0,0.0,0.21116443210318792,-4.217475926598498,-1.3169507132570206,42.232886420637584,1.0,0.0,-1.4412913136502985,-0.04,0.0,False,0.0038969877055077162,0.21116443210318792,0.19485086179478533,0.07577747281179825,7.577747281179824e-06,7.577747281179825e-06,0.04223416653149822,0.0,-0.6475782083658457,-2.900525213341477,-2.7761846129481995,0.6475782083658457
77.0,0.0,0.0,0.2725917771969437,-4.109946791214167,-1.5017088232841451,54.51835543938874,1.0,0.0,-1.458173389665711,0.05,0.0,False,0.0038323489409945962,0.2725917771969437,0.19161889907831514,0.07577747265704927,7.577747265704929e-06,7.577747265704929e-06,0.05452000793214199,0.0,0.10752913538433084,-2.608237967930022,-2.651773401548456,0.10752913538433084
78.0,0.0,0.0,0.2592159121209811,-3.840551308763007,-1.4150439794981446,51.84318242419622,1.0,0.0,-1.4914548730493467,-0.19,0.0,False,0.004050089113788802,0.25921591212098105,0.2025059902170231,0.07577747253627864,7.577747253627861e-06,7.577747253627862e-06,0.05184475383042146,0.0,0.26939548245115974,-2.4255073292648626,-2.3490964357136606,0.26939548245115974
79.0,0.0,0.0,0.23455880630197523,-3.8420305717455663,-1.3439042343507226,46.911761260395046,1.0,0.0,-1.5176894563710461,0.14,0.0,False,0.003915444328765063,0.23455880630197523,0.19577369995062674,0.07577747244202561,7.577747244202561e-06,7.577747244202561e-06,0.04691318319149843,0.0,-0.0014792629825590708,-2.4981263373948437,-2.32434111537452,0.0014792629825590708
80.0,0.0,0.0,0.2318018723310099,-4.488865539828195,-1.6443122550493436,46.36037446620198,1.0,0.0,-1.4948743743758532,0.06,0.0,False,0.00391869883731746,0.23180187233100993,0.19593642661133734,0.07577747236846775,7.577747236846778e-06,7.577747236846776e-06,0.046361779684351616,0.0,-0.6468349680826289,-2.8445532847788515,-2.993991165452342,0.6468349680826289
81.0,0.0,0.0,0.29514234291290214,-3.577886824438548,-1.4752067881065087,59.02846858258043,1.0,0.0,-1.5239240216355907,-0.03,0.0,False,0.0038199345440344855,0.2951423429129021,0.19099817452664494,0.07577747231106102,7.577747231106104e-06,7.577747231106103e-06,0.059030257780279746,0.0,0.9109787153896471,-2.102680036332039,-2.0539628028029573,0.9109787153896471
82.0,0.0,0.0,0.20378654193676088,-2.630998886927122,-1.490055197259527,40.757308387352175,1.0,0.0,-1.5373302849955857,-0.2,0.0,False,0.004009749553554866,0.20378654193676088,0.20048899692117117,0.07577747226625915,7.577747226625914e-06,7.5777472266259145e-06,0.040758543772313124,0.0,0.9468879375114261,-1.1409436896675949,-1.0936686019315363,0.9468879375114261
83.0,0.0,0.0,0.10743400320446707,-2.402091784198876,-1.589832719510243,21.486800640893414,1.0,0.0,-1.5399441929257904,0.08,0.0,False,0.0040335832047996775,0.10743400320446707,0.20168068851368035,0.07577747223129438,7.57774722312944e-06,7.577747223129441e-06,0.021487451922133714,0.0,0.22890710272824588,-0.812259064688633,-0.8621475912730856,0.22890710272824588
84.0,0.0,0.0,0.07979160786041059,-1.5096269049324613,-1.610379406746311,15.958321572082118,1.0,0.0,-1.5566181494964797,-0.04,0.0,False,0.004182900857992156,0.07979160786041059,0.20914662774787535,0.07577747220400688,7.5777472204006916e-06,7.577747220400691e-06,0.01595880528092443,0.0,0.8924648792664147,0.10075250181384976,0.046991244564018375,0.8924648792664147
85.0,0.0,0.0,-0.011400780581105479,-1.9245450715293775,-1.6135965893705517,-2.2801561162210957,1.0,0.0,-1.6041454735630367,0.11,0.0,False,0.0041117892777923866,0.011435690851669561,0.20559102179460742,0.07577747218271093,7.577747218271092e-06,7.577747218271093e-06,-0.00228022522948404,0.0,-0.41491816659691616,-0.31094848215882576,-0.32039959796634077,0.41491816659691616
86.0,0.0,0.0,0.027866016410875008,-2.222350177459636,-1.6198269162219956,5.573203282175002,1.0,0.0,-1.6236390303551829,0.06,0.0,False,0.004166655289199396,0.027866016410875008,0.20833434315299582,0.07577747216609089,7.577747216609089e-06,7.577747216609091e-06,0.0055733722101975434,0.0,-0.29780510593025844,-0.6025232612376403,-0.5987111471044531,0.29780510593025844
87.0,0.0,0.0,0.0587990669320377,-1.687581411522184,-1.5792222634175954,11.75981338640754,1.0,0.0,-1.6458743493392125,0.07,0.0,False,0.003987494684613368,0.0587990669320377,0.19937624504200546,0.07577747215312015,7.577747215312016e-06,7.577747215312016e-06,0.01176016983527902,0.0,0.5347687659374518,-0.10835914810458869,-0.0417070621829716,0.5347687659374518
88.0,0.0,0.0,0.005268440351026451,-1.7149116201879187,-1.7078335032364105,1.0536880702052902,1.0,0.0,-1.634337229915974,0.06,0.0,False,0.003949609598292949,0.005626061772041247,0.197481976371804,0.07577747214299738,7.5777472142997385e-06,7.577747214299739e-06,0.0010537200082906273,0.0,-0.027330208665734546,-0.007078116951508173,-0.08057439027194468,0.027330208665734546
89.0,0.0,0.0,0.005560816766970381,-0.5148362357161527,-1.7889969051605916,1.1121633533940762,1.0,0.0,-1.6348950118664598,-0.09,0.0,False,0.004189655503717758,0.005919237650741872,0.2094843625934038,0.07577747213509727,7.57774721350973e-06,7.577747213509728e-06,0.0011121970639096344,0.0,1.200075384471766,1.274160669444439,1.1200587761503071,1.200075384471766
90.0,0.0,0.0,-0.1171490898877416,-0.42459768293192346,-1.796998213879073,-23.42981797754832,1.0,0.0,-1.6593013455950267,0.05,0.0,False,0.004257432894297965,0.11714908988774159,0.21287325780241062,0.07577747212893182,7.5777472128931844e-06,7.577747212893183e-06,-0.023430528153118284,0.0,0.09023855278422921,1.3724005309471496,1.2347036626631032,0.09023855278422921
91.0,0.0,0.0,-0.1282587830557248,-0.3527420572898846,-1.694783328834786,-25.651756611144958,1.0,0.0,-1.6863715209030372,0.09,0.0,False,0.00417572446976454,0.1282587830557248,0.20878780561745003,0.07577747212412012,7.57774721241201e-06,7.577747212412012e-06,-0.025652534135361678,0.0,0.07185562564203885,1.3420412715449013,1.3336294636131525,0.07185562564203885
92.0,0.0,0.0,-0.14141427767813874,-0.11124354869938641,-1.966229378399413,-28.282855535627746,1.0,0.0,-1.707234109120959,0.39,0.0,False,0.004156025177546508,0.14141427767813874,0.20780283354273543,0.0757774721203649,7.577747212036492e-06,7.577747212036491e-06,-0.028283712810450234,0.0,0.2414985085904982,1.8549858297000266,1.5959905604215727,0.2414985085904982
93.0,0.0,0.0,-0.17185545834940935,-1.0975843638565284,-2.147642272005665,-34.37109166988187,1.0,0.0,-1.766938414153691,0.39,0.0,False,0.004114106808003588,0.17185545834940935,0.20570689918324905,0.07577747211743423,7.57774721174342e-06,7.577747211743423e-06,-0.03437213348376351,0.0,-0.986340815157142,1.0500579081491366,0.6693540502971627,0.986340815157142
94.0,0.0,0.0,-0.0769764384561893,-1.4902394532131167,-2.201846418746396,-15.395287691237861,1.0,0.0,-1.8298632460544948,0.35,0.0,False,0.0038941890944441037,0.0769764384561893,0.19471093018123273,0.07577747211514707,7.577747211514706e-06,7.577747211514704e-06,-0.015395754334095246,0.0,-0.3926550893565883,0.7116069655332793,0.3396237928413781,0.3926550893565883
95.0,0.0,0.0,-0.04024226082273654,-1.134862098063382,-2.1286729769773207,-8.048452164547308,1.0,0.0,-1.8673779138180142,0.09,0.0,False,0.003942598625604846,0.04024226082273655,0.19713142508102932,0.07577747211336205,7.577747211336206e-06,7.577747211336206e-06,-0.008048696119242462,0.0,0.3553773551497348,0.9938108789139388,0.7325158157546323,0.3553773551497348
96.0,0.0,0.0,-0.08049324701098412,-1.0208064722102401,-2.2064380993902697,-16.098649402196823,1.0,0.0,-1.8926773087244684,0.31,0.0,False,0.004242144470247997,0.08049324701098409,0.21210883080732126,0.07577747211196902,7.5777472111969e-06,7.5777472111969e-06,-0.016099137364481618,0.0,0.11405562585314177,1.1856316271800296,0.8718708365142283,0.11405562585314177
97.0,0.0,0.0,-0.09641035538653078,-2.225336914762817,-2.325004135749965,-19.282071077306156,1.0,0.0,-1.9398250660471263,0.28,0.0,False,0.00422030326060169,0.09641035538653078,0.21101676204964764,0.07577747211088182,7.577747211088183e-06,7.5777472110881835e-06,-0.019282655531518623,0.0,-1.204530442552577,0.09966722098714786,-0.2855118487156907,1.204530442552577
98.0,0.0,0.0,0.016632151105772788,-2.1329412205892053,-2.3829888440953133,3.3264302211545576,1.0,0.0,-1.98494655474063,0.51,0.0,False,0.003952921134213733,0.016632151105772788,0.19764755442254164,0.07577747211003336,7.5777472110033345e-06,7.5777472110033345e-06,0.003326531047779843,0.0,0.09239569417361171,0.250047623506108,-0.14799466584857535,0.09239569417361171
99.0,0.0,0.0,0.00342771405588954,-1.2879500998068902,-2.312437126024264,0.685542811177908,1.0,0.0,-2.059009101993256,0.23,0.0,False,0.004022167438649769,0.004378831349709078,0.2011098958808929,0.07577747210937115,7.577747210937115e-06,7.577747210937117e-06,0.0006855635905009485,0.0,0.8449911207823151,1.0244870262173738,0.7710590021863659,0.8449911207823151
100.0,0.0,0.0,-0.08457030714860451,-2.04503440600781,-2.388061295468726,-16.914061429720903,1.0,0.0,-2.0986627813127785,0.28,0.0,False,0.004058200770979428,0.08457030714860451,0.20291157614995012,0.0757774721088544,7.577747210885437e-06,7.5777472108854385e-06,-0.016914574107763244,0.0,-0.7570843062009196,0.3430268894609161,0.05362837530496867,0.7570843062009196
101.0,0.0,0.0,-0.016859300236505056,-1.7691614014154962,-2.454339404184135,-3.371860047301011,1.0,0.0,-2.133685213913391,0.52,0.0,False,0.0041274474862062266,0.016859300236505056,0.20637393814799518,0.0757774721084511,7.577747210845108e-06,7.577747210845109e-06,-0.003371962250938812,0.0,0.2758730045923137,0.6851780027686389,0.3645238124978947,0.2758730045923137
102.0,0.0,0.0,-0.05158262038020097,-1.6680656515407588,-2.464916030875532,-10.316524076040194,1.0,0.0,-2.2136337961486277,0.37,0.0,False,0.004223495960861867,0.051582620380200964,0.21117639827233023,0.07577747210813633,7.577747210813634e-06,7.577747210813632e-06,-0.010316836777716786,0.0,0.10109574987473735,0.7968503793347732,0.5455681446078688,0.10109574987473735
103.0,0.0,0.0,-0.06303790336639196,-1.1357836142457618,-2.386599798157318,-12.607580673278393,1.0,0.0,-2.2850071492203914,0.04,0.0,False,0.004358746122551484,0.06303790336639198,0.21793895760138787,0.07577747210789067,7.577747210789067e-06,7.577747210789068e-06,-0.012607962818619717,0.0,0.532282037294997,1.2508161839115561,1.1492235349746296,0.532282037294997
104.0,0.0,0.0,-0.11901613038260647,-0.9392264051637771,-2.3586526236394567,-23.803226076521295,1.0,0.0,-2.298468569469499,0.11,0.0,False,0.0041635869350448535,0.11901613038260646,0.2081809242827069,0.07577747210769896,7.577747210769899e-06,7.577747210769897e-06,-0.023803947570374028,0.0,0.1965572090819847,1.4194262184756796,1.3592421643057218,0.1965572090819847
105.0,0.0,0.0,-0.1410571657958746,-0.93941934084193,-2.3420432957672976,-28.21143315917492,1.0,0.0,-2.3259900117793286,0.1,0.0,False,0.003998705753861974,0.1410571657958746,0.19993680275216738,0.07577747210754936,7.577747210754937e-06,7.577747210754936e-06,-0.028212288269130845,0.0,-0.0001929356781529279,1.4026239549253676,1.3865706709373986,0.0001929356781529279
106.0,0.0,0.0,-0.14552740221638438,-0.2440358826530309,-2.439792692667787,-29.10548044327688,1.0,0.0,-2.3498515078997566,0.04,0.0,False,0.004137295216937347,0.14552740221638438,0.20686632841573183,0.07577747210743258,7.577747210743258e-06,7.577747210743259e-06,-0.029106362652484702,0.0,0.6953834581888991,2.195756810014756,2.1058156252467257,0.6953834581888991
107.0,0.0,0.0,-0.2200814451481104,0.1061467987153576,-2.490324180963225,-44.01628902962208,1.0,0.0,-2.3947485014990857,0.06,0.0,False,0.004203792126347462,0.2200814451481104,0.21019119908107609,0.07577747210734144,7.577747210734148e-06,7.577747210734146e-06,-0.04401762319675778,0.0,0.3501826813683885,2.5964709796785828,2.5008953002144434,0.3501826813683885
108.0,0.0,0.0,-0.2569503259399906,-0.32881645867002934,-2.3732948577282404,-51.390065187998125,1.0,0.0,-2.4449337202119903,-0.01,0.0,False,0.004115731486202942,0.2569503259399906,0.20578813370878657,0.07577747210727036,7.577747210727035e-06,7.577747210727035e-06,-0.051391622859887034,0.0,-0.43496325738538694,2.044478399058211,2.116117261541961,0.43496325738538694
109.0,0.0,0.0,-0.2155520825866698,-0.4835963211673586,-2.4103574518936077,-43.11041651733396,1.0,0.0,-2.4634538159153334,0.04,0.0,False,0.0039255985045236405,0.2155520825866698,0.19628141258583792,0.07577747210721485,7.577747210721488e-06,7.577747210721485e-06,-0.043111723226786115,0.0,-0.15477986249732928,1.926761130726249,1.9798574947479748,0.15477986249732928
110.0,0.0,0.0,-0.20533234582696874,-0.40534403209978703,-2.4325767528035955,-41.06646916539375,1.0,0.0,-2.484418954496357,-0.09,0.0,False,0.0038459064102683146,0.20533234582696874,0.19229677767874437,0.07577747210717153,7.5777472107171526e-06,7.5777472107171526e-06,-0.04106771392124995,0.0,0.07825228906757159,2.0272327207038083,2.0790749223965697,0.07825228906757159
111.0,0.0,0.0,-0.21289715468066725,-0.7612784928437359,-2.5379748977898275,-42.57943093613345,1.0,0.0,-2.5369975772675866,0.02,0.0,False,0.0036279785158520286,0.21289715468066725,0.1814003003878054,0.0757774721071377,7.5777472107137695e-06,7.577747210713772e-06,-0.04258072155100949,0.0,-0.3559344607439489,1.7766964049460916,1.7757190844238506,0.3559344607439489
112.0,0.0,0.0,-0.17922448557882792,-1.3752364415878118,-2.512872588628119,-35.84489711576558,1.0,0.0,-2.53439624294746,0.01,0.0,False,0.003557590211727972,0.1792244855788279,0.17788085851236377,0.07577747210711135,7.577747210711135e-06,7.5777472107111335e-06,-0.03584598360180898,0.0,-0.6139579487440758,1.1376361470403071,1.1591598013596482,0.6139579487440758
113.0,0.0,0.0,-0.12307654048806647,-0.9138321449114117,-2.828145923993567,-24.615308097613294,1.0,0.0,-2.5535912545242976,0.37,0.0,False,0.0036939118352726633,0.12307654048806647,0.1846969913401385,0.07577747210709075,7.577747210709075e-06,7.577747210709075e-06,-0.024616054206288557,0.0,0.46140429667640004,1.9143137790821554,1.6397591096128858,0.46140429667640004
114.0,0.0,0.0,-0.17262602499104712,-1.0452225809095719,-2.9584334559209435,-34.525204998209425,1.0,0.0,-2.6060484786140443,0.28,0.0,False,0.0037839933773866135,0.17262602499104712,0.18920110257659373,0.07577747210707467,7.577747210707468e-06,7.5777472107074684e-06,-0.03452625148338289,0.0,-0.13139043599816014,1.9132108750113717,1.5608258977044724,0.13139043599816014
115.0,0.0,0.0,-0.16434561649170112,-2.04472474175859,-2.934832151703488,-32.86912329834023,1.0,0.0,-2.64015780064085,0.36,0.0,False,0.003775726304250159,0.16434561649170112,0.18878774578748145,0.07577747210706212,7.5777472107062165e-06,7.577747210706214e-06,-0.032870119586420145,0.0,-0.9995021608490182,0.890107409944898,0.5954330588822598,0.9995021608490182
116.0,0.0,0.0,-0.06892246896118483,-1.4122939440794953,-3.001116026075014,-13.784493792236965,1.0,0.0,-2.6887410143034294,0.3,0.0,False,0.003792136533242519,0.06892246896118483,0.18960826345472778,0.07577747210705234,7.577747210705233e-06,7.577747210705234e-06,-0.01378491161070837,0.0,0.6324307976790948,1.5888220819955186,1.276447070223934,0.6324307976790948
117.0,0.0,0.0,-0.13485394308484597,-1.7216873272974065,-2.9843059905892866,-26.97078861696919,1.0,0.0,-2.7339755452227843,0.18,0.0,False,0.0036640142725723117,0.13485394308484597,0.1832021018773123,0.07577747210704468,7.57774721070447e-06,7.577747210704469e-06,-0.02697160612204717,0.0,-0.3093933832179112,1.26261866329188,1.0122882179253778,0.3093933832179112
118.0,0.0,0.0,-0.10779027801906478,-2.016939952202166,-3.0410847875316005,-21.558055603812956,1.0,0.0,-2.760884469382507,0.32,0.0,False,0.0037568924542357033,0.10779027801906478,0.18784604615085096,0.07577747210703875,7.577747210703874e-06,7.5777472107038745e-06,-0.021558709044844204,0.0,-0.29525262490475934,1.0241448353294347,0.7439445171803412,0.29525262490475934
119.0,0.0,0.0,-0.08115840518827276,-1.556721285081628,-2.96803427364413,-16.231681037654553,1.0,0.0,-2.799630947861983,0.2,0.0,False,0.003598283880041454,0.08115840518827276,0.17991555734635445,0.0757774721070341,7.577747210703411e-06,7.5777472107034094e-06,-0.01623217303222916,0.0,0.4602186671205377,1.4113129885625018,1.242909662780355,0.4602186671205377
120.0,0.0,0.0,-0.1310971143601643,-1.7728202792716858,-3.058463168057183,-26.21942287203286,1.0,0.0,-2.8285547539788194,0.25,0.0,False,0.003647501227335439,0.1310971143601643,0.18237644335888453,0.07577747210703047,7.577747210703047e-06,7.577747210703047e-06,-0.026220217602644705,0.0,-0.21609899419005774,1.2856428887854972,1.0557344747071336,0.21609899419005774
121.0,0.0,0.0,-0.11202672017440203,-2.7121734516383675,-3.0534928452620074,-22.405344034880407,1.0,0.0,-2.8677420997229035,0.14,0.0,False,0.0037577471905467902,0.11202672017440203,0.1878887832902541,0.07577747210702765,7.577747210702763e-06,7.577747210702764e-06,-0.022406023157867227,0.0,-0.9393531723666817,0.34131939362363983,0.15556864808453597,0.9393531723666817
122.0,0.0,0.0,-0.0210294974224801,-2.8827233030056485,-2.985464336543699,-4.20589948449602,1.0,0.0,-2.8931299265240216,0.07,0.0,False,0.0038482924521139254,0.0210294974224801,0.192416080675066,0.07577747210702544,7.577747210702544e-06,7.577747210702543e-06,-0.0042060269685023225,0.0,-0.17054985136728096,0.10274103353805053,0.01040662351837307,0.17054985136728096
123.0,0.0,0.0,-0.007858192540354199,-2.984712446914167,-3.1237086844577324,-1.5716385080708397,1.0,0.0,-2.92247639367394,0.22,0.0,False,0.003876777332605868,0.007921912572118443,0.19384033549222432,0.0757774721070237,7.577747210702369e-06,7.577747210702371e-06,-0.0015716861456271359,0.0,-0.10198914390851854,0.13899623754356538,-0.06223605324022685,0.10198914390851854
124.0,0.0,0.0,-0.0024195197206762368,-2.9411431560499843,-3.207378180368568,-0.48390394413524734,1.0,0.0,-2.9613082057790208,0.31,0.0,False,0.003873511529500321,0.0036619385791880447,0.19367704409957542,0.07577747210702236,7.577747210702234e-06,7.577747210702236e-06,-0.00048391861163115204,0.0,0.04356929086418271,0.2662350243185836,0.020165049729036433,0.04356929086418271
125.0,0.0,0.0,-0.010063765223931053,-3.0998025207501243,-3.2065111137678297,-2.0127530447862108,1.0,0.0,-3.00890856084637,0.17,0.0,False,0.0041257710430918386,0.010103385665089937,0.20629011535709257,0.07577747210702132,7.577747210702129e-06,7.577747210702131e-06,-0.0020128140528589892,0.0,-0.15865936470013997,0.10670859301770541,-0.09089395990375415,0.15865936470013997
126.0,0.0,0.0,-0.0008540484862823331,-2.7167467291307625,-3.3126376632288057,-0.17080969725646664,1.0,0.0,-3.0417846213227375,0.36,0.0,False,0.00422187498063354,0.0034070915826822225,0.21109534864674492,0.07577747210702046,7.577747210702047e-06,7.577747210702049e-06,-0.00017081487462806147,0.0,0.38305579161936176,0.5958909340980432,0.325037892191975,0.38305579161936176
127.0,0.0,0.0,-0.04306269714663904,-2.6451732156926675,-3.2849310504931033,-8.612539429327807,1.0,0.0,-3.1083433292011247,0.16,0.0,False,0.00418298321383489,0.04306269714663904,0.20915074557121352,0.07577747210701986,7.577747210701988e-06,7.577747210701986e-06,-0.00861280048193616,0.0,0.07157351343809504,0.6397578348004358,0.46317011350845716,0.07157351343809504
128.0,0.0,0.0,-0.054459559388826594,-3.036424964039281,-3.2538913286557034,-10.891911877765319,1.0,0.0,-3.147390016508812,0.13,0.0,False,0.004122369001574414,0.054459559388826594,0.20612001199223084,0.07577747210701936,7.577747210701936e-06,7.5777472107019365e-06,-0.010892242019882979,0.0,-0.3912517483466136,0.21746636461642233,0.1109650524695307,0.3912517483466136
129.0,0.0,0.0,-0.015248399152449944,-3.3604990378063113,-3.2471575623870734,-3.049679830489989,1.0,0.0,-3.1897894436196457,0.05,0.0,False,0.003975000445449866,0.015248399152449944,0.1987515283499202,0.07577747210701898,7.577747210701896e-06,7.577747210701897e-06,-0.00304977226860083,0.0,-0.32407407376703024,-0.11334147541923789,-0.17070959418666565,0.32407407376703024
130.0,0.0,0.0,0.015285930442598872,-3.6848733983014226,-3.2604254784111983,3.0571860885197744,1.0,0.0,-3.188914732989488,0.01,0.0,False,0.004028350700410686,0.015285930442598872,0.20141906131169848,0.07577747210701867,7.577747210701865e-06,7.577747210701866e-06,0.0030572787541509943,0.0,-0.32437436049511126,-0.42444791989022423,-0.4959586653119348,0.32437436049511126
131.0,0.0,0.0,0.04441571668295714,-3.902521226008149,-3.3102667377646955,8.883143336591429,1.0,0.0,-3.2076339417344837,0.1,0.0,False,0.003904026786784629,0.04441571668295714,0.19520281852563612,0.07577747210701846,7.577747210701843e-06,7.577747210701844e-06,0.00888341259140964,0.0,-0.21764782770672664,-0.5922544882434537,-0.6948872842736655,0.21764782770672664
132.0,0.0,0.0,0.062416304925456016,-5.13393296278298,-3.2590199510844085,12.483260985091203,1.0,0.0,-3.2406994029181915,-0.08,0.0,False,0.003975875416503005,0.062416304925456016,0.1987952772340926,0.07577747210701824,7.5777472107018255e-06,7.5777472107018255e-06,0.012483639362208386,0.0,-1.231411736774831,-1.8749130116985717,-1.8932335598647887,1.231411736774831
133.0,0.0,0.0,0.1824120371455429,-5.18964595200761,-3.3916649579362446,36.482407429108584,1.0,0.0,-3.278334528004562,0.09,0.0,False,0.003964300092356367,0.18241203714554297,0.1982165066410167,0.07577747210701812,7.577747210701811e-06,7.57774721070181e-06,0.036483513238573545,0.0,-0.05571298922462997,-1.7979809940713656,-1.9113114240030482,0.05571298922462997
134.0,0.0,0.0,0.18808869353327354,-4.812996136126875,-3.201291966549749,37.617738706654706,1.0,0.0,-3.309743477712269,0.06,0.0,False,0.004011408551641232,0.18808869353327354,0.20057194745405985,0.07577747210701802,7.577747210701799e-06,7.577747210701799e-06,0.037618878928872584,0.0,0.376649815880735,-1.6117041695771261,-1.5032526584146062,0.376649815880735
135.0,0.0,0.0,0.14870601254934818,-4.972134466097259,-3.1436433650728532,29.741202509869638,1.0,0.0,-3.3086877522462372,-0.08,0.0,False,0.004256870127425758,0.14870601254934818,0.21284511924557456,0.0757774721070179,7.577747210701789e-06,7.577747210701791e-06,0.02974210398829588,0.0,-0.1591383299703839,-1.8284911010244058,-1.6634467138510218,0.1591383299703839
136.0,0.0,0.0,0.16329515523148028,-4.35486330771594,-3.2553505175494455,32.65903104629606,1.0,0.0,-3.3258796678048044,0.11,0.0,False,0.003972268281411479,0.16329515523148028,0.19861491911281842,0.07577747210701782,7.577747210701785e-06,7.577747210701784e-06,0.03266002096632033,0.0,0.6172711583813193,-1.0995127901664943,-1.0289836399111354,0.6172711583813193
137.0,0.0,0.0,0.10096395262055978,-3.445053307711803,-3.2265753380916458,20.192790524111956,1.0,0.0,-3.339121043312104,-0.11,0.0,False,0.004001023043776753,0.10096395262055978,0.2000526681258982,0.07577747210701778,7.577747210701776e-06,7.577747210701779e-06,0.020193402582922192,0.0,0.9098100000041369,-0.2184779696201571,-0.10593226439969872,0.9098100000041369
138.0,0.0,0.0,0.012333142819049538,-3.563062797297276,-2.930014514618523,2.4666285638099077,1.0,0.0,-3.3451855275448255,0.2,0.0,False,0.003938467235876553,0.012333142819049537,0.19692485402928323,0.07577747210701771,7.577747210701773e-06,7.577747210701773e-06,0.002466703329194229,0.0,-0.1180094895854733,-0.6330482826787533,-0.2178772697524507,0.1180094895854733
139.0,0.0,0.0,0.025064954732481423,-4.313675060794481,-2.9832315850682423,5.012990946496284,1.0,0.0,-3.3217172066493776,0.15,0.0,False,0.0038304201942705915,0.025064954732481423,0.19152246101132672,0.07577747210701768,7.577747210701771e-06,7.577747210701769e-06,0.005013142894057508,0.0,-0.7506122634972052,-1.330443475726239,-0.9919578541451037,0.7506122634972052
140.0,0.0,0.0,0.1056958558881484,-4.537703809080179,-2.8738434421903425,21.139171177629677,1.0,0.0,-3.3124037531779216,0.49,0.0,False,0.003911004133957164,0.1056958558881484,0.1955516885278915,0.07577747210701767,7.577747210701768e-06,7.577747210701767e-06,0.02113981192195597,0.0,-0.22402874828569797,-1.6638603668898369,-1.2253000559022578,0.22402874828569797
141.0,0.0,0.0,0.13166061323285333,-4.932109692886895,-2.752509563299665,26.332122646570664,1.0,0.0,-3.256676455089141,0.25,0.0,False,0.0038728371638189515,0.13166061323285333,0.19364332555999836,0.07577747210701766,7.577747210701764e-06,7.5777472107017645e-06,0.026332920793198236,0.0,-0.3944058838067157,-2.17960012958723,-1.6754332377977539,0.3944058838067157
142.0,0.0,0.0,0.17370611744182007,-5.319228099141332,-2.8131770362486557,34.741223488364014,1.0,0.0,-3.221047792209413,0.18,0.0,False,0.003936464745903626,0.17370611744182007,0.19682472877191873,0.07577747210701764,7.577747210701764e-06,7.577747210701764e-06,0.0347422765212219,0.0,-0.3871184062544373,-2.5060510628926767,-2.098180306931919,0.3871184062544373
143.0,0.0,0.0,0.21248328272327777,-5.4758058383424215,-3.0229060990402425,42.49665654465555,1.0,0.0,-3.19498270341635,-0.12,0.0,False,0.003921784753212312,0.21248328272327777,0.19609072357528928,0.07577747210701764,7.577747210701764e-06,7.577747210701764e-06,0.04249794465057695,0.0,-0.1565777392010892,-2.452899739302179,-2.2808231349260715,0.1565777392010892
144.0,0.0,0.0,0.22894156964311635,-6.458137904561423,-2.8844422877722393,45.78831392862327,1.0,0.0,-3.194314764678408,-0.01,0.0,False,0.003882079659123692,0.22894156964311635,0.19410545382709998,0.07577747210701764,7.577747210701764e-06,7.577747210701764e-06,0.045789701807178854,0.0,-0.9823320662190014,-3.5736956167891836,-3.263823139883015,0.9823320662190014
145.0,0.0,0.0,0.32975752999004215,-6.100292303596921,-2.8742494295883616,65.95150599800843,1.0,0.0,-3.1863033988442213,0.18,0.0,False,0.003771768796184877,0.32975752999004215,0.18858986888476756,0.07577747210701764,7.577747210701764e-06,7.577747210701764e-06,0.06595350503822262,0.0,0.35784560096450146,-3.22604287400856,-2.9139889047527,0.35784560096450146
146.0,0.0,0.0,0.29519751769628466,-5.840979095459494,-2.838244257244352,59.03950353925693,1.0,0.0,-3.1604376637008507,0.08,0.0,False,0.003897730430262413,0.29519751769628466,0.19488799831391537,0.07577747210701764,7.577747210701764e-06,7.577747210701764e-06,0.059041293071429315,0.0,0.25931320813742786,-3.0027348382151415,-2.680541431758643,0.25931320813742786
147.0,0.0,0.0,0.2705843419252371,-6.48966034470832,-2.9275438591583898,54.11686838504742,1.0,0.0,-3.1482052800257616,0.12,0.0,False,0.004017533468287566,0.2705843419252371,0.20087819560702996,0.07577747210701764,7.577747210701764e-06,7.577747210701764e-06,0.05411850870841124,0.0,-0.6486812492488268,-3.5621164855499305,-3.3414550646825587,0.6486812492488268
148.0,0.0,0.0,0.3372617663006754,-6.240969377367612,-3.015036265496708,67.45235326013508,1.0,0.0,-3.135033155220011,0.15,0.0,False,0.0039050727035893594,0.3372617663006754,0.19525511476215726,0.07577747210701764,7.577747210701764e-06,7.577747210701764e-06,0.06745439779216916,0.0,0.24869096734070872,-3.2259331118709036,-3.1059362221476006,0.24869096734070872
149.0,0.0,0.0,0.3109736584121467,-6.432905854341724,-3.1375237863481678,62.19473168242934,1.0,0.0,-3.1169148974811263,-0.05,0.0,False,0.003944699049894856,0.3109736584121467,0.19723644709135393,0.07577747210701764,7.577747210701764e-06,7.577747210701764e-06,0.06219661685196205,0.0,-0.19193647697411276,-3.2953820679935566,-3.315990956860598,0.19193647697411276
150.0,0.0,0.0,0.3268138285584738,-6.185010803262675,-3.187613107890048,65.36276571169476,1.0,0.0,-3.131114969257516,0.04,0.0,False,0.003844203310220798,0.3268138285584738,0.1922116220310854,0.07577747210701764,7.577747210701764e-06,7.577747210701764e-06,0.06536474690674393,0.0,0.2478950510790492,-2.9973976953726273,-3.053895834005159,0.2478950510790492
151.0,0.0,0.0,0.30304963654047995,-6.503961513092298,-3.1103716338825,60.60992730809599,1.0,0.0,-3.1646437431281003,0.08,0.0,False,0.0037969614715396257,0.30304963654047995,0.18984951219769133,0.07577747210701764,7.577747210701764e-06,7.577747210701764e-06,0.06061176444100501,0.0,-0.3189507098296227,-3.393589879209798,-3.3393177699641976,0.3189507098296227
152.0,0.0,0.0,0.33526170609095163,-5.993192612901933,-3.109398199355364,67.05234121819032,1.0,0.0,-3.154399616180978,-0.08,0.0,False,0.003850127180161598,0.33526170609095163,0.19250781777260495,0.07577747210701764,7.577747210701764e-06,7.577747210701764e-06,0.06705437362555573,0.0,0.5107689001903646,-2.8837944135465694,-2.8387929967209553,0.5107689001903646
153.0,0.0,0.0,0.2844305047252128,-5.735680646710319,-2.8666068143900976,56.886100945042564,1.0,0.0,-3.151217425759876,0.07,0.0,False,0.003784031314884227,0.2844305047252128,0.1892029994658485,0.07577747210701764,7.577747210701764e-06,7.577747210701764e-06,0.05688782520594755,0.0,0.2575119661916139,-2.869073832320222,-2.5844632209504432,0.2575119661916139
154.0,0.0,0.0,0.25972276598154903,-7.083621504005408,-2.809683151952308,51.944553196309805,1.0,0.0,-3.148779798526617,0.02,0.0,False,0.0037589753107114088,0.25972276598154903,0.1879501897638042,0.07577747210701764,7.577747210701764e-06,7.577747210701764e-06,0.05194612767515113,0.0,-1.3479408572950886,-4.273938352053101,-3.934841705478791,1.3479408572950886
155.0,0.0,0.0,0.396034620494501,-7.282213473726039,-2.7237896756595203,79.2069240989002,1.0,0.0,-3.1383545812215585,0.09,0.0,False,0.0038206355348389142,0.396034620494501,0.1910332243324591,0.07577747210701764,7.577747210701764e-06,7.577747210701764e-06,0.07920932492089994,0.0,-0.1985919697206313,-4.558423798066519,-4.143858892504481,0.1985919697206313
156.0,0.0,0.0,0.4175538913022853,-7.449045360719673,-2.695578077749314,83.51077826045706,1.0,0.0,-3.123125246548363,0.18,0.0,False,0.003790485326347619,0.4175538913022852,0.18952570248436146,0.07577747210701764,7.577747210701764e-06,7.577747210701764e-06,0.08351330953554373,0.0,-0.16683188699363338,-4.753467282970359,-4.32592011417131,0.16683188699363338
157.0,0.0,0.0,0.43917130387934156,-7.457582037541969,-2.674836715048557,87.83426077586832,1.0,0.0,-3.1065163548114345,0.35,0.0,False,0.003932605193901852,0.4391713038793415,0.1966317497094945,0.07577747210701764,7.577747210701764e-06,7.577747210701764e-06,0.08783692309899221,0.0,-0.008536676822296307,-4.782745322493412,-4.3510656827305345,0.008536676822296307
158.0,0.0,0.0,0.4431066842279679,-7.809555068008218,-2.622485094418099,88.62133684559358,1.0,0.0,-3.057165925470112,0.27,0.0,False,0.003861648204219245,0.4431066842279679,0.19308387334065769,0.07577747210701764,7.577747210701764e-06,7.577747210701764e-06,0.08862402302559066,0.0,-0.35197303046624917,-5.18706997359012,-4.752389142538107,0.35197303046624917
159.0,0.0,0.0,0.4788554012353792,-7.511615506096863,-2.778013477724157,95.77108024707583,1.0,0.0,-3.026347307740272,-0.05,0.0,False,0.003848443313188556,0.4788554012353792,0.1924236237859568,0.07577747210701764,7.577747210701764e-06,7.577747210701764e-06,0.09577398314122317,0.0,0.2979395619113552,-4.733602028372706,-4.485268198356591,0.2979395619113552
160.0,0.0,0.0,0.4484012397443307,-7.713414302609256,-2.942323678483549,89.68024794886614,1.0,0.0,-3.02081962339538,-0.05,0.0,False,0.0039597482138939225,0.4484012397443307,0.19798891099324537,0.07577747210701764,7.577747210701764e-06,7.577747210701764e-06,0.08968296622526264,0.0,-0.20179879651239307,-4.771090624125707,-4.692594679213876,0.20179879651239307
161.0,0.0,0.0,0.4672433769026003,-7.481134320579833,-3.18248629306793,93.44867538052006,1.0,0.0,-3.027433215091374,0.12,0.0,False,0.0038384771655580775,0.4672433769026003,0.1919253126283855,0.07577747210701764,7.577747210701764e-06,7.577747210701764e-06,0.09345150788081283,0.0,0.23227998202942324,-4.298648027511903,-4.453701105488459,0.23227998202942324
162.0,0.0,0.0,0.4412276324853775,-6.8977489416171895,-3.1318932552153074,88.2455264970755,1.0,0.0,-3.040803500973456,0.04,0.0,False,0.004039450380030924,0.4412276324853775,0.20197404949823874,0.07577747210701764,7.577747210701764e-06,7.577747210701764e-06,0.08824820128597563,0.0,0.5833853789626433,-3.765855686401882,-3.8569454406437336,0.5833853789626433
163.0,0.0,0.0,0.3798933944240791,-7.246000494682053,-3.211918082152355,75.97867888481582,1.0,0.0,-3.068690820152994,0.12,0.0,False,0.004044875312756921,0.3798933944240791,0.20224529818997697,0.07577747210701764,7.577747210701764e-06,7.577747210701764e-06,0.07598098185625238,0.0,-0.34825155306486355,-4.034082412529698,-4.177309674529059,0.34825155306486355
164.0,0.0,0.0,0.4115245711684473,-7.356134713940843,-3.220054027634598,82.30491423368946,1.0,0.0,-3.0986710605709042,-0.03,0.0,False,0.0042655045018332545,0.4115245711684473,0.2132768412374047,0.07577747210701764,7.577747210701764e-06,7.577747210701764e-06,0.08230740895812204,0.0,-0.11013421925879019,-4.136080686306245,-4.257463653369939,0.11013421925879019
165.0,0.0,0.0,0.4179734194560719,-6.639265469029926,-3.383535379666092,83.59468389121439,1.0,0.0,-3.130598861539019,0.19,0.0,False,0.004273133258888196,0.4179734194560719,0.2136582819805915,0.07577747210701764,7.577747210701764e-06,7.577747210701764e-06,0.08359721770954442,0.0,0.7168692449109173,-3.255730089363834,-3.508666607490907,0.7168692449109173
166.0,0.0,0.0,0.3380813245600094,-6.01041400062024,-3.714433597933437,67.61626491200188,1.0,0.0,-3.176242154534456,0.56,0.0,False,0.0040225343448029435,0.3380813245600094,0.20112824132756785,0.07577747210701764,7.577747210701764e-06,7.577747210701764e-06,0.06761831441232256,0.0,0.6288514684096862,-2.2959804026868027,-2.8341718460857837,0.6288514684096862
167.0,0.0,0.0,0.2673565668628907,-5.857573024163135,-3.7873142605589343,53.471313372578145,1.0,0.0,-3.2583241286891265,0.6,0.0,False,0.004085610819824477,0.26735656686289067,0.20428208897752353,0.07577747210701764,7.577747210701764e-06,7.577747210701764e-06,0.053472934128679456,0.0,0.15284097645710482,-2.0702587636042007,-2.5992488954740085,0.15284097645710482
168.0,0.0,0.0,0.24625553480702247,-6.158810341990742,-3.5858740644400537,49.251106961404496,1.0,0.0,-3.336747033967395,0.35,0.0,False,0.00406456522516016,0.24625553480702247,0.20322980127039791,0.07577747210701764,7.577747210701764e-06,7.577747210701764e-06,0.0492525997998457,0.0,-0.3012373178276073,-2.5729362775506885,-2.8220633080233473,0.3012373178276073
169.0,0.0,0.0,0.273568803723137,-6.13138884786853,-3.5996880494247114,54.71376074462741,1.0,0.0,-3.3949243729833127,0.11,0.0,False,0.003943475197310909,0.273568803723137,0.19717525399845423,0.07577747210701764,7.577747210701764e-06,7.577747210701764e-06,0.05471541916025178,0.0,0.027421494122211953,-2.531700798443819,-2.7364644748852176,0.027421494122211953
170.0,0.0,0.0,0.26528560486104336,-6.21589284613842,-3.6261077365641254,53.05712097220867,1.0,0.0,-3.423018652997407,0.28,0.0,False,0.004035352337738414,0.2652856048610433,0.20176914583091662,0.07577747210701764,7.577747210701764e-06,7.577747210701764e-06,0.0530587291738239,0.0,-0.08450399826988964,-2.5897851095742945,-2.792874193141013,0.08450399826988964
171.0,0.0,0.0,0.2688113658845776,-6.090757763779861,-3.6421201003439574,53.76227317691552,1.0,0.0,-3.4784322858954857,0.33,0.0,False,0.003911505308577373,0.2688113658845776,0.19557674744879064,0.07577747210701764,7.577747210701764e-06,7.577747210701764e-06,0.053763902752229385,0.0,0.1251350823585593,-2.4486376634359033,-2.612325477884375,0.1251350823585593
172.0,0.0,0.0,0.25308047402952627,-6.098026098393641,-3.597412213194759,50.616094805905256,1.0,0.0,-3.527677338063745,0.03,0.0,False,0.0038023037579873555,0.25308047402952627,0.19011662854420264,0.07577747210701764,7.577747210701764e-06,7.577747210701764e-06,0.050617629018164266,0.0,-0.00726833461378007,-2.5006138851988817,-2.5703487603298956,0.00726833461378007
173.0,0.0,0.0,0.2539366353322199,-4.972388209457026,-3.5192736394149122,50.78732706644398,1.0,0.0,-3.5598571344917924,-0.07,0.0,False,0.0040190549630445644,0.2539366353322199,0.20095427092135507,0.07577747210701764,7.577747210701764e-06,7.577747210701764e-06,0.050788866468882796,0.0,1.1256378889366143,-1.4531145700421142,-1.412531074965234,1.1256378889366143
174.0,0.0,0.0,0.13942746680914395,-5.1304135916251035,-3.622398083999197,27.88549336182879,1.0,0.0,-3.55856353168994,-0.02,0.0,False,0.004076092254339917,0.13942746680914395,0.20380615709683134,0.07577747210701764,7.577747210701764e-06,7.577747210701764e-06,0.02788633859230199,0.0,-0.15802538216807704,-1.5080155076259065,-1.5718500599351635,0.15802538216807704
175.0,0.0,0.0,0.1516665887253118,-4.7229618402899325,-3.602436362810778,30.33331774506236,1.0,0.0,-3.578060714060703,0.0,0.0,False,0.003993036019586329,0.1516665887253118,0.19965331389019447,0.07577747210701764,7.577747210701764e-06,7.577747210701764e-06,0.030334237170950892,0.0,0.407451751335171,-1.1205254774791547,-1.1449011262292297,0.407451751335171
176.0,0.0,0.0,0.10962548640285123,-5.289624679457683,-3.5614773028211557,21.925097280570245,1.0,0.0,-3.6136902398185033,-0.01,0.0,False,0.003868196105826011,0.10962548640285123,0.19341127090191312,0.07577747210701764,7.577747210701764e-06,7.577747210701764e-06,0.021925761846913357,0.0,-0.5666628391677504,-1.7281473766365272,-1.6759344396391795,0.5666628391677504
177.0,0.0,0.0,0.16609472803812328,-4.872865366571924,-3.666084796098693,33.218945607624654,1.0,0.0,-3.6266654405502305,-0.1,0.0,False,0.004118415569981369,0.16609472803812328,0.20592233891467324,0.07577747210701764,7.577747210701764e-06,7.577747210701764e-06,0.03321995249908433,0.0,0.41675931288575896,-1.206780570473231,-1.2461999260216934,0.41675931288575896
178.0,0.0,0.0,0.12334043651151187,-5.251045785759421,-3.5941381497772,24.668087302302375,1.0,0.0,-3.6286144678833465,-0.1,0.0,False,0.004232715214319867,0.12334043651151187,0.21163736443828884,0.07577747210701764,7.577747210701764e-06,7.577747210701764e-06,0.0246688350107554,0.0,-0.3781804191874967,-1.6569076359822206,-1.622431317876074,0.3781804191874967
179.0,0.0,0.0,0.15671579297932275,-4.478402847236866,-3.7941586559191873,31.34315859586455,1.0,0.0,-3.639414269324369,0.22,0.0,False,0.004295241873261612,0.15671579297932275,0.21476372107593678,0.07577747210701764,7.577747210701764e-06,7.577747210701764e-06,0.0313441086307959,0.0,0.7726429385225542,-0.6842441913176791,-0.8389885779124975,0.7726429385225542
180.0,0.0,0.0,0.07452200454690512,-4.19516535849827,-3.8293197574884736,14.904400909381025,1.0,0.0,-3.6838284783330386,0.18,0.0,False,0.0043315538107346445,0.07452200454690512,0.21657933170772256,0.07577747210701764,7.577747210701764e-06,7.577747210701764e-06,0.014904852673087332,0.0,0.283237488738596,-0.3658456010097968,-0.5113368801652318,0.283237488738596
181.0,0.0,0.0,0.04402837834414562,-4.056146602497444,-3.880046598012251,8.805675668829124,1.0,0.0,-3.733154566322211,0.07,0.0,False,0.00433929507660826,0.04402837834414562,0.21696639793447112,0.07577747210701764,7.577747210701764e-06,7.577747210701764e-06,0.008805942575543516,0.0,0.13901875600082647,-0.17610000448519303,-0.32299203617523276,0.13901875600082647
182.0,0.0,0.0,0.02792142244057477,-4.136380703290223,-3.902080275939901,5.584284488114954,1.0,0.0,-3.754864893260755,0.08,0.0,False,0.004299251129411672,0.02792142244057477,0.21496418540249626,0.07577747210701764,7.577747210701764e-06,7.577747210701764e-06,0.005584453752017124,0.0,-0.08023410079277937,-0.23430042735032242,-0.3815158100294682,0.08023410079277937
183.0,0.0,0.0,0.029384997338552064,-4.166669697466068,-4.0630938007782955,5.876999467710413,1.0,0.0,-3.7769217990176456,0.43,0.0,False,0.00419601972152037,0.029384997338552064,0.20980257589485551,0.07577747210701764,7.577747210701764e-06,7.577747210701764e-06,0.00587717760402583,0.0,-0.030288994175844408,-0.10357589668777223,-0.38974789844842217,0.030288994175844408
184.0,0.0,0.0,0.027599941559674965,-4.889533398579438,-4.154331149622982,5.519988311934993,1.0,0.0,-3.8425195963006225,0.26,0.0,False,0.004073781128382231,0.027599941559674965,0.20369059992329067,0.07577747210701764,7.577747210701764e-06,7.577747210701764e-06,0.005520155626971252,0.0,-0.7228637011133703,-0.7352022489564565,-1.0470138022788156,0.7228637011133703
185.0,0.0,0.0,0.09376260189468293,-5.056042929771666,-4.277716934905531,18.752520378936584,1.0,0.0,-3.8906598246003097,0.53,0.0,False,0.003937351545360856,0.0937626018946829,0.19686906908077725,0.07577747210701764,7.577747210701764e-06,7.577747210701764e-06,0.01875308878206533,0.0,-0.16650953119222756,-0.778325994866135,-1.165383105171356,0.16650953119222756
186.0,0.0,0.0,0.10521171230027739,-4.722146194364573,-4.124039548060416,21.042342460055476,1.0,0.0,-3.951871854167861,0.3,0.0,False,0.003858238431337189,0.10521171230027739,0.192913383404635,0.07577747210701764,7.577747210701764e-06,7.577747210701764e-06,0.02104298026942983,0.0,0.33389673540709275,-0.5981066463041564,-0.7702743401967118,0.33389673540709275
187.0,0.0,0.0,0.06860519563146089,-4.284510967243055,-4.23538259681383,13.72103912629218,1.0,0.0,-4.003885943380922,0.24,0.0,False,0.003765798220400037,0.0686051956314609,0.18829133783334986,0.07577747210701764,7.577747210701764e-06,7.577747210701764e-06,0.013721455021404488,0.0,0.43763522712151826,-0.04912837042922469,-0.2806250238621324,0.43763522712151826
188.0,0.0,0.0,0.020259147456343198,-4.310156794774581,-4.1110155133894475,4.05182949126864,1.0,0.0,-4.036068244408472,0.22,0.0,False,0.003712988497461494,0.020259147456343198,0.18565083167748617,0.07577747210701764,7.577747210701764e-06,7.577747210701764e-06,0.004051952305296485,0.0,-0.025645827531526777,-0.19914128138513387,-0.274088550366109,0.025645827531526777
189.0,0.0,0.0,0.01903032491853837,-4.778558573638561,-4.199749539550231,3.8060649837076745,1.0,0.0,-4.081911816744716,0.14,0.0,False,0.0038109573180182053,0.01903032491853837,0.19054930982446958,0.07577747210701764,7.577747210701764e-06,7.577747210701764e-06,0.0038061803484267225,0.0,-0.4684017788639796,-0.5788090340883301,-0.6966467568938448,0.4684017788639796
190.0,0.0,0.0,0.06063278219542451,-4.495189647446046,-4.139801205883388,12.126556439084903,1.0,0.0,-4.119846335239619,-0.09,0.0,False,0.004088509379311125,0.060632782195424506,0.20442701805008345,0.07577747210701764,7.577747210701764e-06,7.577747210701764e-06,0.012126924004216501,0.0,0.28336892619251497,-0.35538844156265803,-0.3753433122064269,0.28336892619251497
191.0,0.0,0.0,0.029307423698357708,-4.397929187373955,-4.246185549194084,5.861484739671542,1.0,0.0,-4.172207778689509,0.11,0.0,False,0.004020528271327127,0.029307423698357708,0.20102793689370102,0.07577747210701764,7.577747210701764e-06,7.577747210701764e-06,0.005861662405723774,0.0,0.09726046007209099,-0.15174363817987135,-0.22572140868444635,0.09726046007209099
192.0,0.0,0.0,0.017735766495029563,-4.280089117576409,-4.192390596396122,3.5471532990059123,1.0,0.0,-4.20210430625006,-0.07,0.0,False,0.003984670725103198,0.017735766495029563,0.19923504599653352,0.07577747210701764,7.577747210701764e-06,7.577747210701764e-06,0.003547260815915243,0.0,0.11784006979754569,-0.08769852118028698,-0.07798481132634905,0.11784006979754569
193.0,0.0,0.0,0.0025222944430390542,-4.931154612968688,-4.235568942204134,0.5044588886078109,1.0,0.0,-4.220564802565906,-0.02,0.0,False,0.004026925556076911,0.003696758956489077,0.20134780355504056,0.07577747210701764,7.577747210701764e-06,7.577747210701764e-06,0.0005044741791396868,0.0,-0.6510654953922783,-0.6955856707645536,-0.7105898104027819,0.6510654953922783
194.0,0.0,0.0,0.06753433190209499,-5.198582639910627,-4.204701774320296,13.506866380418996,1.0,0.0,-4.254865217480535,-0.03,0.0,False,0.003990571397991941,0.06753433190209499,0.19953008187666105,0.07577747210701764,7.577747210701764e-06,7.577747210701764e-06,0.013507275783792787,0.0,-0.2674280269419391,-0.9938808655903308,-0.9437174224300922,0.2674280269419391
195.0,0.0,0.0,0.0938562286057312,-5.941902355872635,-4.243366994872503,18.77124572114624,1.0,0.0,-4.255785706042978,0.1,0.0,False,0.004037158810102868,0.0938562286057312,0.20185947013358901,0.07577747210701764,7.577747210701764e-06,7.577747210701764e-06,0.01877181469185433,0.0,-0.7433197159620084,-1.6985353610001326,-1.686116649829657,0.7433197159620084
196.0,0.0,0.0,0.1640137283517704,-5.4929582722568275,-4.4137995586878915,32.80274567035408,1.0,0.0,-4.259984792914589,0.1,0.0,False,0.004197895391448567,0.1640137283517704,0.20989636010193305,0.07577747210701764,7.577747210701764e-06,7.577747210701764e-06,0.0328037399464777,0.0,0.4489440836158076,-1.079158713568936,-1.2329734793422382,0.4489440836158076
197.0,0.0,0.0,0.11446360554830282,-5.104619677382832,-4.437460297023061,22.892721109660563,1.0,0.0,-4.301702929626305,0.24,0.0,False,0.0041993167401792085,0.1144636055483028,0.20996742807699614,0.07577747210701764,7.577747210701764e-06,7.577747210701764e-06,0.02289341500541651,0.0,0.38833859487399547,-0.6671593803597711,-0.8029167477565267,0.38833859487399547
198.0,0.0,0.0,0.06927810619409279,-4.715752322534403,-4.6315734875409245,13.855621238818557,1.0,0.0,-4.348278847960417,0.4,0.0,False,0.0040701092320930094,0.06927810619409279,0.20350700371759445,0.07577747210701764,7.577747210701764e-06,7.577747210701764e-06,0.013856041213216866,0.0,0.38886735484842916,-0.08417883499347845,-0.3674734745739858,0.38886735484842916
199.0,0.0,0.0,0.02336104570341438,-5.061283744088416,-4.728954258173663,4.672209140682876,1.0,0.0,-4.4118123668431055,0.45,0.0,False,0.004009562919445164,0.02336104570341438,0.2004796651449696,0.07577747210701764,7.577747210701764e-06,7.577747210701764e-06,0.004672350758888859,0.0,-0.3455314215540133,-0.3323294859147534,-0.6494713772453107,0.3455314215540133
200.0,0.0,0.0,0.05105764711090971,-5.821743589906691,-4.805835999233074,10.211529422181941,1.0,0.0,-4.4821330142953135,0.38,0.0,False,0.004014997920169406,0.051057647110909696,0.20075141724043483,0.07577747210701764,7.577747210701764e-06,7.577747210701764e-06,0.010211838941390857,0.0,-0.760459845818275,-1.015907590673617,-1.3396105756113776,0.760459845818275
201.0,0.0,0.0,0.12215608351466503,-5.215727134762623,-4.866295012761158,24.431216702933007,1.0,0.0,-4.550687927882171,0.33,0.0,False,0.0040959228297042655,0.12215608351466503,0.20479769337860318,0.07577747210701764,7.577747210701764e-06,7.577747210701764e-06,0.024431957231658346,0.0,0.6060164551440685,-0.34943212200146423,-0.6650392068804516,0.6060164551440685
202.0,0.0,0.0,0.05629415401467286,-5.184383278628947,-4.948802082858514,11.258830802934572,1.0,0.0,-4.600136471363985,0.34,0.0,False,0.004121261074992949,0.05629415401467286,0.20606461524337819,0.07577747210701764,7.577747210701764e-06,7.577747210701764e-06,0.011259172066643402,0.0,0.03134385613367563,-0.23558119577043257,-0.5842468072649618,0.03134385613367563
203.0,0.0,0.0,0.04960433675425612,-4.740463209030276,-4.90454365877675,9.920867350851225,1.0,0.0,-4.652764265472467,0.27,0.0,False,0.004238086864779632,0.04960433675425612,0.21190594899652748,0.07577747210701764,7.577747210701764e-06,7.577747210701764e-06,0.009921168059872101,0.0,0.44392006959867114,0.16408044974647407,-0.08769894355780927,0.44392006959867114
204.0,0.0,0.0,0.002870140253657338,-4.5020031343611615,-4.784323010962946,0.5740280507314676,1.0,0.0,-4.688321116630163,0.1,0.0,False,0.004224143959884509,0.004128707571726983,0.21120879846898094,0.07577747210701764,7.577747210701764e-06,7.577747210701764e-06,0.0005740454499574613,0.0,0.23846007466911434,0.28231987660178426,0.1863179822690011,0.23846007466911434
205.0,0.0,0.0,-0.025302250834354986,-4.411493785743107,-4.824757413295639,-5.060450166870997,1.0,0.0,-4.711760719033837,0.08,0.0,False,0.004173447710907338,0.025302250834354986,0.20867396681195435,0.07577747210701764,7.577747210701764e-06,7.577747210701764e-06,-0.005060603552957219,0.0,0.09050934861805437,0.41326362755253143,0.30026693329072973,0.09050934861805437
206.0,0.0,0.0,-0.03533361706515413,-5.404918914078718,-4.797526887121866,-7.066723413030826,1.0,0.0,-4.755035229407746,0.1,0.0,False,0.00419602185833356,0.03533361706515414,0.20980268273632463,0.07577747210701764,7.577747210701764e-06,7.577747210701764e-06,-0.007066937610782211,0.0,-0.9934251283356108,-0.6073920269568518,-0.6498836846709724,0.9934251283356108
207.0,0.0,0.0,0.06027723463895937,-5.135033321604458,-4.957313258409233,12.055446927791873,1.0,0.0,-4.764843343855556,0.23,0.0,False,0.0039836405626223256,0.06027723463895937,0.19918353748217438,0.07577747210701764,7.577747210701764e-06,7.577747210701764e-06,0.012055812337540203,0.0,0.26988559247426025,-0.17772006319522493,-0.3701899777489013,0.26988559247426025
208.0,0.0,0.0,0.02682108852315918,-5.652350855187836,-5.028754573455359,5.364217704631836,1.0,0.0,-4.802123729406792,0.23,0.0,False,0.004095662162821526,0.02682108852315918,0.2047846599357028,0.07577747210701764,7.577747210701764e-06,7.577747210701764e-06,0.005364380298142734,0.0,-0.5173175335833786,-0.6235962817324774,-0.8502271257810445,0.5173175335833786
209.0,0.0,0.0,0.07289700320959132,-5.557424891813252,-5.154792337870465,14.579400641918264,1.0,0.0,-4.866812274201429,0.3,0.0,False,0.0040731277543345,0.0728970032095913,0.203657930973349,0.07577747210701764,7.577747210701764e-06,7.577747210701764e-06,0.01457984255461974,0.0,0.09492596337458448,-0.4026325539427864,-0.6906126176118228,0.09492596337458448
210.0,0.0,0.0,0.05979461046728206,-6.131724887181532,-5.078013512777289,11.958922093456412,1.0,0.0,-4.923353203338786,0.17,0.0,False,0.004173245557833466,0.05979461046728206,0.20866385908166757,0.07577747210701764,7.577747210701764e-06,7.577747210701764e-06,0.011959284577463735,0.0,-0.5742999953682801,-1.0537113744042426,-1.2083716838427456,0.5742999953682801
211.0,0.0,0.0,0.11215110276411018,-5.7142781444544894,-4.960542592629442,22.430220552822036,1.0,0.0,-4.959456131718297,-0.02,0.0,False,0.004123259355498675,0.11215110276411018,0.2061645300257878,0.07577747210701764,7.577747210701764e-06,7.577747210701764e-06,0.022430900429834994,0.0,0.4174467427270425,-0.7537355518250477,-0.7548220127361924,0.4174467427270425
212.0,0.0,0.0,0.06970402639166269,-5.63235377958586,-5.032868576405047,13.940805278332538,1.0,0.0,-5.010171366905124,0.11,0.0,False,0.003952769631235108,0.06970402639166269,0.19763997921620777,0.07577747210701764,7.577747210701764e-06,7.577747210701764e-06,0.01394122783472375,0.0,0.08192436486862942,-0.5994852031808131,-0.6221824126807363,0.08192436486862942
213.0,0.0,0.0,0.06357007206236061,-5.699410309607062,-4.93679269112201,12.714014412472121,1.0,0.0,-5.017211470563285,-0.08,0.0,False,0.00392432595845654,0.06357007206236061,0.19621778480033125,0.07577747210701764,7.577747210701764e-06,7.577747210701764e-06,0.012714399783900866,0.0,-0.06705653002120204,-0.7626176184850522,-0.6821988390437772,0.06705653002120204
214.0,0.0,0.0,0.06992543935884506,-6.1975935795090935,-4.706375543864303,13.98508787176901,1.0,0.0,-4.996628973065442,0.0,0.0,False,0.003903876667776301,0.06992543935884506,0.19519531251834152,0.07577747210701764,7.577747210701764e-06,7.577747210701764e-06,0.013985511770399249,0.0,-0.49818326990203143,-1.4912180356447902,-1.2009646064436517,0.49818326990203143
215.0,0.0,0.0,0.1202644430259979,-5.02921643184453,-4.706110707168962,24.05288860519958,1.0,0.0,-5.000129422153459,0.05,0.0,False,0.0037121480321811477,0.1202644430259979,0.1856088080950272,0.07577747210701764,7.577747210701764e-06,7.577747210701764e-06,0.024053617666513066,0.0,1.1683771476645637,-0.32310572467556753,-0.029087009691070698,1.1683771476645637
216.0,0.0,0.0,0.005992679468393959,-5.222046654676976,-4.777851910774462,1.1985358936787918,1.0,0.0,-4.994903582571731,0.05,0.0,False,0.003606091060981194,0.006190436501994022,0.18030591935138365,0.07577747210701764,7.577747210701764e-06,7.577747210701764e-06,0.0011985722222116032,0.0,-0.19283022283244655,-0.44419474390251423,-0.2271430721052452,0.19283022283244655
217.0,0.0,0.0,0.025825101594915943,-6.651622261086551,-4.779609025824533,5.1650203189831885,1.0,0.0,-4.969287366610084,0.03,0.0,False,0.0036641193072507335,0.025825101594915943,0.18320735365102966,0.07577747210701764,7.577747210701764e-06,7.577747210701764e-06,0.005165176874670105,0.0,-1.4295756064095748,-1.8720132352620178,-1.6823348944764671,1.4295756064095748
218.0,0.0,0.0,0.16932610069108642,-6.75840454835714,-4.756317090648422,33.86522013821728,1.0,0.0,-4.9637858539232385,0.07,0.0,False,0.0034936461692710004,0.16932610069108642,0.1746836321619257,0.07577747210701764,7.577747210701764e-06,7.577747210701764e-06,0.033866246618748604,0.0,-0.10678228727058858,-2.0020874577087175,-1.7946186944339013,0.10678228727058858
219.0,0.0,0.0,0.17921345532777713,-6.596500565999652,-4.731722286026955,35.84269106555543,1.0,0.0,-4.958297098656328,-0.03,0.0,False,0.003716221133429279,0.17921345532777713,0.18581246470068036,0.07577747210701764,7.577747210701764e-06,7.577747210701764e-06,0.03584377748473177,0.0,0.16190398235748749,-1.8647782799726969,-1.638203467343324,0.16190398235748749
220.0,0.0,0.0,0.16403725029919936,-6.2914728683190075,-4.795537122970669,32.80745005983987,1.0,0.0,-4.9662020933663085,0.04,0.0,False,0.0035924034953076565,0.16403725029919936,0.1796215358816611,0.07577747210701764,7.577747210701764e-06,7.577747210701764e-06,0.03280844447855711,0.0,0.30502769768064475,-1.4959357453483388,-1.325270774952699,0.30502769768064475
221.0,0.0,0.0,0.13465098886345442,-5.536439221689515,-4.659686150858087,26.93019777269088,1.0,0.0,-4.956065911366865,0.13,0.0,False,0.0036748489854280257,0.13465098886345442,0.18374384162523374,0.07577747210701764,7.577747210701764e-06,7.577747210701764e-06,0.02693101404742956,0.0,0.7550336466294922,-0.8767530708314286,-0.58037331032265,0.7550336466294922
222.0,0.0,0.0,0.061177979482506625,-5.372662892652048,-4.417421481375847,12.235595896501325,1.0,0.0,-4.9449119621267,0.22,0.0,False,0.0035950639975341923,0.06117797948250661,0.17975456200101855,0.07577747210701764,7.577747210701764e-06,7.577747210701764e-06,0.012235966766701656,0.0,0.16377632903746697,-0.9552414112762015,-0.42775093052534796,0.16377632903746697
223.0,0.0,0.0,0.04730293862340427,-5.872348226102649,-4.593258206897286,9.460587724680854,1.0,0.0,-4.92463624730128,0.2,0.0,False,0.0036889307001988633,0.04730293862340427,0.18444793269915935,0.07577747210701764,7.577747210701764e-06,7.577747210701764e-06,0.009460874482276838,0.0,-0.49968533345060084,-1.2790900192053636,-0.9477119788013688,0.49968533345060084
224.0,0.0,0.0,0.10118459032366092,-5.57728564577743,-4.45309864840357,20.236918064732183,1.0,0.0,-4.899615583932445,0.36,0.0,False,0.003487905306540038,0.10118459032366092,0.1743965868502373,0.07577747210701764,7.577747210701764e-06,7.577747210701764e-06,0.020237531461081676,0.0,0.2950625803252196,-1.1241869973738599,-0.6776700618449842,0.2950625803252196
225.0,0.0,0.0,0.07288977545978129,-6.1394710401428805,-4.581656629162726,14.577955091956257,1.0,0.0,-4.860463985303687,-0.01,0.0,False,0.0036094219693426736,0.07288977545978129,0.18047246603149672,0.07577747210701764,7.577747210701764e-06,7.577747210701764e-06,0.014578396960842017,0.0,-0.5621853943654509,-1.5578144109801544,-1.2790070548391936,0.5621853943654509
226.0,0.0,0.0,0.13055935952937356,-6.04920773500684,-4.51940041008562,26.11187190587471,1.0,0.0,-4.848360274164984,0.11,0.0,False,0.003612964029995154,0.13055935952937356,0.18064957040616275,0.07577747210701764,7.577747210701764e-06,7.577747210701764e-06,0.026112663376535127,0.0,0.0902633051360402,-1.5298073249212205,-1.2008474608418567,0.0902633051360402
227.0,0.0,0.0,0.12590628597063777,-6.403192556645612,-4.488496179673171,25.181257194127554,1.0,0.0,-4.833827977558021,0.34,0.0,False,0.0036733692829968028,0.12590628597063777,0.18366985594303203,0.07577747210701764,7.577747210701764e-06,7.577747210701764e-06,0.025182020457149578,0.0,-0.35398482163877176,-1.914696376972441,-1.5693645790875914,0.35398482163877176
228.0,0.0,0.0,0.16058227409210687,-6.253269461998388,-4.7229944532226344,32.116454818421374,1.0,0.0,-4.790097171000098,-0.03,0.0,False,0.003795130645590052,0.16058227409210687,0.1897579702065358,0.07577747210701764,7.577747210701764e-06,7.577747210701764e-06,0.032117428292548274,0.0,0.14992309464722364,-1.530275008775754,-1.4631722909982905,0.14992309464722364
229.0,0.0,0.0,0.14555694347592862,-6.454120015982492,-4.715622341997926,29.111388695185724,1.0,0.0,-4.797308973130566,0.12,0.0,False,0.0037354288090501978,0.14555694347592862,0.18677285575927177,0.07577747210701764,7.577747210701764e-06,7.577747210701764e-06,0.029112271083477123,0.0,-0.2008505539841039,-1.7384976739845666,-1.6568110428519267,0.2008505539841039
230.0,0.0,0.0,0.1639446715602322,-6.113289018801366,-4.868721982250574,32.78893431204644,1.0,0.0,-4.797644877552982,0.08,0.0,False,0.0038169726493652192,0.1639446715602322,0.19085007867095335,0.07577747210701764,7.577747210701764e-06,7.577747210701764e-06,0.03278992816953731,0.0,0.3408309971811265,-1.2445670365507917,-1.3156441412483835,0.3408309971811265
231.0,0.0,0.0,0.12579049454299926,-7.2835713769681,-4.902197570099604,25.15809890859985,1.0,0.0,-4.81461118381629,0.05,0.0,False,0.0038480567487163375,0.12579049454299926,0.19240429541588155,0.07577747210701764,7.577747210701764e-06,7.577747210701764e-06,0.025158861469676656,0.0,-1.1702823581667339,-2.3813738068684955,-2.4689601931518093,1.1702823581667339
232.0,0.0,0.0,0.24165181749728748,-7.820172676549758,-4.947716250091749,48.3303634994575,1.0,0.0,-4.855336412942917,0.16,0.0,False,0.0036659753399094163,0.24165181749728748,0.18330015598719113,0.07577747210701764,7.577747210701764e-06,7.577747210701764e-06,0.04833182842946538,0.0,-0.5366012995816583,-2.872456426458009,-2.9648362636068413,0.5366012995816583
233.0,0.0,0.0,0.2918808634435753,-7.509583961663379,-5.066027629828603,58.37617268871505,1.0,0.0,-4.8669616431759275,0.17,0.0,False,0.0035926468516333447,0.2918808634435753,0.17963370379015006,0.07577747210701764,7.577747210701764e-06,7.577747210701764e-06,0.05837794211482579,0.0,0.3105887148863786,-2.4435563318347766,-2.6426223184874518,0.3105887148863786
234.0,0.0,0.0,0.257513993700201,-7.097734726871762,-4.9869879312258405,51.502798740040205,1.0,0.0,-4.901253452144068,0.06,0.0,False,0.0037035002793616473,0.257513993700201,0.18517641717752797,0.07577747210701764,7.577747210701764e-06,7.577747210701764e-06,0.051504359828968595,0.0,0.4118492347916174,-2.1107467956459214,-2.1964812747276943,0.4118492347916174
235.0,0.0,0.0,0.21573211420857927,-7.999232805546678,-4.926459533320481,43.146422841715854,1.0,0.0,-4.934346455863999,0.04,0.0,False,0.0035467437203962116,0.2157321142085793,0.1773385298361773,0.07577747210701764,7.577747210701764e-06,7.577747210701764e-06,0.043147730642547,0.0,-0.9014980786749165,-3.072773272226198,-3.0648863496826797,0.9014980786749165
236.0,0.0,0.0,0.3029713003448761,-8.021407051198786,-4.945304553052726,60.594260068975224,1.0,0.0,-4.940331846614637,-0.06,0.0,False,0.003628350463911411,0.30297130034487607,0.181418897931701,0.07577747210701764,7.577747210701764e-06,7.577747210701764e-06,0.060596096726998325,0.0,-0.02217424565210724,-3.076102498146059,-3.081075204584149,0.02217424565210724
237.0,0.0,0.0,0.3019406883887024,-7.886638644152982,-4.888966877203597,60.38813767774049,1.0,0.0,-4.969405010101615,-0.24,0.0,False,0.003921986987059582,0.3019406883887024,0.19610083534427672,0.07577747210701764,7.577747210701764e-06,7.577747210701764e-06,0.060389968088037434,0.0,0.1347684070458035,-2.9976717669493853,-2.9172336340513674,0.1347684070458035
238.0,0.0,0.0,0.2886473707642027,-8.967517742951927,-4.832593280213405,57.729474152840545,1.0,0.0,-5.001885765801302,-0.07,0.0,False,0.0039134256730515,0.2886473707642027,0.1956727664000989,0.07577747210701764,7.577747210701764e-06,7.577747210701764e-06,0.05773122397702771,0.0,-1.0808790987989445,-4.134924462738522,-3.9656319771506245,1.0808790987989445
239.0,0.0,0.0,0.39609744990399226,-8.98340782894713,-4.840970666430478,79.21948998079846,1.0,0.0,-5.000055571670524,-0.01,0.0,False,0.0038162447726450216,0.3960974499039922,0.1908136845591601,0.07577747210701764,7.577747210701764e-06,7.577747210701764e-06,0.07922189118367962,0.0,-0.015890085995202696,-4.142437162516651,-3.9833522572766054,0.015890085995202696
240.0,0.0,0.0,0.3949903518425865,-8.418847398785974,-4.98792506649976,78.9980703685173,1.0,0.0,-5.006393167594699,0.07,0.0,False,0.003813634417213181,0.3949903518425865,0.1906831657985374,0.07577747210701764,7.577747210701764e-06,7.577747210701764e-06,0.07900046486000192,0.0,0.5645604301611549,-3.4309223322862143,-3.4124542311912753,0.5645604301611549
241.0,0.0,0.0,0.33458978637414716,-9.197580067181121,-5.118885467277007,66.91795727482943,1.0,0.0,-5.033354653669422,0.08,0.0,False,0.004030983601382666,0.33458978637414716,0.20155070735787045,0.07577747210701764,7.577747210701764e-06,7.577747210701764e-06,0.0669199856089155,0.0,-0.778732668395147,-4.078694599904114,-4.1642254135117,0.778732668395147
242.0,0.0,0.0,0.41001427702093696,-9.09589956445767,-5.210284092428001,82.00285540418739,1.0,0.0,-5.072822763203486,0.09,0.0,False,0.004041203224107657,0.41001427702093696,0.2020616923662058,0.07577747210701764,7.577747210701764e-06,7.577747210701764e-06,0.08200534097298753,0.0,0.10168050272345219,-3.8856154720296683,-4.0230768012541835,0.10168050272345219
243.0,0.0,0.0,0.39723176859716053,-8.95200913064356,-5.243962607474394,79.44635371943211,1.0,0.0,-5.097281947744554,0.11,0.0,False,0.004051473787214809,0.3972317685971605,0.20257522441294998,0.07577747210701764,7.577747210701764e-06,7.577747210701764e-06,0.07944876179872541,0.0,0.14389043381410893,-3.708046523169166,-3.8547271828990066,0.14389043381410893
244.0,0.0,0.0,0.37855906873032,-8.723564263469848,-5.374594108405021,75.71181374606401,1.0,0.0,-5.123431372389743,0.3,0.0,False,0.004316640262734001,0.37855906873032,0.21583364865713567,0.07577747210701764,7.577747210701764e-06,7.577747210701764e-06,0.07571410862861562,0.0,0.22844486717371204,-3.348970155064827,-3.600132891080105,0.22844486717371204
245.0,0.0,0.0,0.3525812066135318,-9.548248390280872,-5.209804022359093,70.51624132270636,1.0,0.0,-5.166275012094006,0.2,0.0,False,0.004080145603755841,0.3525812066135319,0.20400882610339038,0.07577747210701764,7.577747210701764e-06,7.577747210701764e-06,0.07051837872351359,0.0,-0.8246841268110234,-4.338444367921778,-4.381973378186865,0.8246841268110234
246.0,0.0,0.0,0.43646564460430354,-9.083778472668579,-5.064068268363052,87.29312892086071,1.0,0.0,-5.197618608771785,0.07,0.0,False,0.004159433735567349,0.4364656446043035,0.20797326273523686,0.07577747210701764,7.577747210701764e-06,7.577747210701764e-06,0.08729577484186728,0.0,0.46446991761229306,-4.019710204305527,-3.8861598638967934,0.46446991761229306
247.0,0.0,0.0,0.39127125929432793,-8.906425052667757,-4.986323051145167,78.25425185886559,1.0,0.0,-5.183426572921792,0.04,0.0,False,0.004155316326569449,0.39127125929432793,0.2077673907253076,0.07577747210701764,7.577747210701764e-06,7.577747210701764e-06,0.0782566238046465,0.0,0.17735342000082177,-3.92010200152259,-3.722998479745965,0.17735342000082177
248.0,0.0,0.0,0.37317987565543576,-9.484942702426428,-5.133019358240595,74.63597513108715,1.0,0.0,-5.1709176319906165,-0.11,0.0,False,0.004146081507146021,0.37317987565543576,0.20730564625517986,0.07577747210701764,7.577747210701764e-06,7.577747210701764e-06,0.07463823740415361,0.0,-0.5785176497586715,-4.351923344185833,-4.314025070435812,0.5785176497586715
249.0,0.0,0.0,0.4308115122760292,-9.911397759863563,-5.142747179854547,86.16230245520585,1.0,0.0,-5.174484902975311,-0.01,0.0,False,0.00411759799200337,0.43081151227602915,0.20588145970600333,0.07577747210701764,7.577747210701764e-06,7.577747210701764e-06,0.08616491410000376,0.0,-0.42645505743713485,-4.768650580009016,-4.736912856888252,0.42645505743713485
250.0,0.0,0.0,0.470007334428153,-9.161317646279421,-5.124055496879272,94.0014668856306,1.0,0.0,-5.176664350629365,-0.03,0.0,False,0.004010407133191238,0.470007334428153,0.20052187615213524,0.07577747210701764,7.577747210701764e-06,7.577747210701764e-06,0.09400431614145355,0.0,0.7500801135841417,-4.037262149400149,-3.984653295650056,0.7500801135841417
251.0,0.0,0.0,0.39278456711891346,-8.380929663353276,-5.178247755919788,78.55691342378269,1.0,0.0,-5.211146335743664,-0.09,0.0,False,0.003944998969407744,0.39278456711891346,0.19725144318063406,0.07577747210701764,7.577747210701764e-06,7.577747210701764e-06,0.0785592945434654,0.0,0.7803879829261451,-3.2026819074334885,-3.169783327609612,0.7803879829261451
252.0,0.0,0.0,0.3103707607097803,-7.7856802434193595,-5.392558816649364,62.07415214195606,1.0,0.0,-5.233323153982396,0.3,0.0,False,0.003841592452922627,0.3103707607097803,0.19208107817695602,0.07577747210701764,7.577747210701764e-06,7.577747210701764e-06,0.06207603365663136,0.0,0.5952494199339169,-2.393121426769995,-2.5523570894369634,0.5952494199339169
253.0,0.0,0.0,0.2483937937887303,-6.839174648644825,-5.384965980781764,49.67875875774606,1.0,0.0,-5.277104460697164,0.13,0.0,False,0.004001786056140892,0.24839379378873033,0.2000908190332008,0.07577747210701764,7.577747210701764e-06,7.577747210701764e-06,0.04968026455863787,0.0,0.9465055947745347,-1.4542086678630612,-1.5620701879476604,0.9465055947745347
254.0,0.0,0.0,0.15360056812656875,-6.60562720059851,-5.302289482697202,30.72011362531375,1.0,0.0,-5.301648192263157,0.04,0.0,False,0.003970225489888918,0.15360056812656875,0.19851277876270246,0.07577747210701764,7.577747210701764e-06,7.577747210701764e-06,0.03072104477527905,0.0,0.23354744804631444,-1.3033377179013081,-1.3039790083353537,0.23354744804631444
255.0,0.0,0.0,0.13072550844530387,-7.11138245732344,-5.085061895110525,26.145101689060773,1.0,0.0,-5.303110770065305,0.01,0.0,False,0.003995848182203485,0.13072550844530387,0.19979392308654503,0.07577747210701764,7.577747210701764e-06,7.577747210701764e-06,0.026145894166941144,0.0,-0.5057552567249299,-2.0263205622129155,-1.8082716872581353,0.5057552567249299
256.0,0.0,0.0,0.18095868473524537,-6.6439249502828455,-5.266123667271988,36.19173694704907,1.0,0.0,-5.298322585902623,0.01,0.0,False,0.003864440077604492,0.1809586847352454,0.1932234680677255,0.07577747210701764,7.577747210701764e-06,7.577747210701764e-06,0.03619283394607106,0.0,0.46745750704059486,-1.3778012830108572,-1.3456023643802224,0.46745750704059486
257.0,0.0,0.0,0.13416836177342745,-6.1904236297622015,-5.348596727917334,26.83367235468549,1.0,0.0,-5.301727047012563,0.03,0.0,False,0.003971328115594208,0.13416836177342745,0.1985679104657379,0.07577747210701764,7.577747210701764e-06,7.577747210701764e-06,0.026834485703665464,0.0,0.45350132052064396,-0.8418269018448674,-0.8886965827496383,0.45350132052064396
258.0,0.0,0.0,0.08727725770159721,-6.564032982016984,-5.420254242065244,17.45545154031944,1.0,0.0,-5.302190497852113,0.03,0.0,False,0.00412749834974232,0.08727725770159721,0.20637648134407127,0.07577747210701764,7.577747210701764e-06,7.577747210701764e-06,0.017455980628307013,0.0,-0.37360935225478276,-1.14377873995174,-1.2618424841648714,0.37360935225478276
259.0,0.0,0.0,0.11880531517877026,-6.121073190846089,-5.598612628128461,23.761063035754052,1.0,0.0,-5.317617984496425,0.39,0.0,False,0.004035010400152205,0.11880531517877026,0.2017520488220505,0.07577747210701764,7.577747210701764e-06,7.577747210701764e-06,0.023761783251612986,0.0,0.4429597911708951,-0.5224605627176278,-0.803455206349664,0.4429597911708951
260.0,0.0,0.0,0.0704500477188586,-5.772095275742735,-5.539189802995679,14.09000954377172,1.0,0.0,-5.375934816396997,0.24,0.0,False,0.0039006262092424484,0.0704500477188586,0.19503278836009127,0.07577747210701764,7.577747210701764e-06,7.577747210701764e-06,0.014090436622657488,0.0,0.3489779151033545,-0.23290547274705542,-0.3961604593457375,0.3489779151033545
261.0,0.0,0.0,0.032108371380179385,-5.675776913640809,-5.675760959140369,6.421674276035877,1.0,0.0,-5.416546021024874,0.24,0.0,False,0.003942826258170966,0.032108371380179385,0.19714280679558233,0.07577747210701764,7.577747210701764e-06,7.577747210701764e-06,0.006421868921858227,0.0,0.09631836210192546,-1.5954500439896435e-05,-0.25923089261593546,0.09631836210192546
262.0,0.0,0.0,0.023401319987264677,-5.8468272289804135,-5.452770235961988,4.680263997452935,1.0,0.0,-5.450999396484858,0.0,0.0,False,0.003744370951001936,0.02340131998726468,0.18721996624492326,0.07577747210701764,7.577747210701764e-06,7.577747210701764e-06,0.004680405859807742,0.0,-0.17105031533960435,-0.39405699301842567,-0.39582783249555575,0.17105031533960435
263.0,0.0,0.0,0.04072393037468788,-5.669072274810238,-5.3075812430896026,8.144786074937576,1.0,0.0,-5.441754847303799,-0.05,0.0,False,0.0038895449204285086,0.04072393037468789,0.194478719720834,0.07577747210701764,7.577747210701764e-06,7.577747210701764e-06,0.00814503294958666,0.0,0.17775495417017595,-0.361491031720635,-0.22731742750643846,0.17775495417017595
264.0,0.0,0.0,0.021899574025998927,-5.093388362808401,-5.407702422193093,4.379914805199785,1.0,0.0,-5.439572495451045,-0.09,0.0,False,0.004112460186445892,0.021899574025998927,0.20562456748147992,0.07577747210701764,7.577747210701764e-06,7.577747210701764e-06,0.004380047563742564,0.0,0.5756839120018364,0.31431405938469226,0.3461841326426436,0.5756839120018364
265.0,0.0,0.0,-0.03619605896194862,-4.773492120714659,-5.229461687374962,-7.239211792389725,1.0,0.0,-5.450068237078449,-0.02,0.0,False,0.0038761371023103607,0.03619605896194862,0.19380832373487378,0.07577747210701764,7.577747210701764e-06,7.577747210701764e-06,-0.007239431218394832,0.0,0.31989624209374234,0.4559695666603032,0.6765761163637904,0.31989624209374234
266.0,0.0,0.0,-0.06661410301067265,-4.77389598925121,-5.170264365175167,-13.32282060213453,1.0,0.0,-5.455362666657129,0.15,0.0,False,0.00400211945416697,0.06661410301067265,0.200107489060825,0.07577747210701764,7.577747210701764e-06,7.577747210701764e-06,-0.01332322442694106,0.0,-0.00040386853655149935,0.3963683759239567,0.6814666774059184,0.00040386853655149935
267.0,0.0,0.0,-0.06707220190311619,-4.852952855777622,-5.280808316864846,-13.414440380623239,1.0,0.0,-5.439658390063049,-0.09,0.0,False,0.004026606716782267,0.06707220190311619,0.2013318614695042,0.07577747210701764,7.577747210701764e-06,7.577747210701764e-06,-0.013414846982494809,0.0,-0.07905686652641197,0.4278554610872236,0.5867055342854268,0.07905686652641197
268.0,0.0,0.0,-0.062272349529569414,-5.00412243147328,-5.359996427486572,-12.454469905913882,1.0,0.0,-5.444643421091915,-0.06,0.0,False,0.003975251569462605,0.062272349529569414,0.19876408464570486,0.07577747210701764,7.577747210701764e-06,7.577747210701764e-06,-0.012454847410351598,0.0,-0.1511695756956577,0.35587399601329217,0.4405209896186353,0.1511695756956577
269.0,0.0,0.0,-0.04993753638984466,-4.829126312563106,-5.367531105400728,-9.987507277968932,1.0,0.0,-5.475699945279462,-0.18,0.0,False,0.004197544841089078,0.04993753638984467,0.20987883245113947,0.07577747210701764,7.577747210701764e-06,7.577747210701764e-06,-0.00998781000689659,0.0,0.1749961189101743,0.5384047928376221,0.6465736327163567,0.1749961189101743
270.0,0.0,0.0,-0.06956617835059818,-4.9586165535643785,-5.361926885058597,-13.913235670119636,1.0,0.0,-5.50351671607308,-0.05,0.0,False,0.004134269520883449,0.06956617835059818,0.2067150424666389,0.07577747210701764,7.577747210701764e-06,7.577747210701764e-06,-0.013913657390855094,0.0,-0.12949024100127282,0.40331033149421813,0.5449001625087018,0.12949024100127282
271.0,0.0,0.0,-0.05584650767263616,-4.220219616630166,-5.2422458721699225,-11.169301534527232,1.0,0.0,-5.524814453814785,0.05,0.0,False,0.0039935062488267396,0.05584650767263616,0.19967682553037885,0.07577747210701764,7.577747210701764e-06,7.577747210701764e-06,-0.01116964008453597,0.0,0.7383969369342127,1.0220262555397568,1.3045948371846192,0.7383969369342127
272.0,0.0,0.0,-0.12810376151800396,-4.817438208989075,-5.35827390256561,-25.620752303600792,1.0,0.0,-5.517102789826627,0.09,0.0,False,0.00370027616951427,0.12810376151800398,0.1850152104635846,0.07577747210701764,7.577747210701764e-06,7.577747210701764e-06,-0.025621528888053226,0.0,-0.5972185923589093,0.5408356935765353,0.6996645808375517,0.5972185923589093
273.0,0.0,0.0,-0.06836794719588603,-5.1971606316953425,-5.380749551962823,-13.673589439177205,1.0,0.0,-5.50130576870628,-0.03,0.0,False,0.0037611723753825247,0.06836794719588603,0.18806004382980004,0.07577747210701764,7.577747210701764e-06,7.577747210701764e-06,-0.013674003896053475,0.0,-0.37972242270626744,0.1835889202674803,0.3041451370109378,0.37972242270626744
274.0,0.0,0.0,-0.033125680235037994,-5.457458959098304,-5.433180399024092,-6.625136047007598,1.0,0.0,-5.501143584698992,-0.12,0.0,False,0.003693117402275972,0.03312568023503799,0.18465726938930327,0.07577747210701764,7.577747210701764e-06,7.577747210701764e-06,-0.006625336859910685,0.0,-0.2602983274029613,-0.024278560074211697,0.04368462560068842,0.2602983274029613
275.0,0.0,0.0,-0.00827402695512951,-5.02845530784799,-5.512984617223937,-1.6548053910259022,1.0,0.0,-5.528429984947272,0.01,0.0,False,0.0038044473799658993,0.008294994280275707,0.19022381045532102,0.07577747210701764,7.577747210701764e-06,7.577747210701764e-06,-0.0016548555494335572,0.0,0.4290036512503139,0.4845293093759473,0.49997467709928234,0.4290036512503139
276.0,0.0,0.0,-0.052426696801640534,-4.964401459305484,-5.482713782067467,-10.485339360328107,1.0,0.0,-5.540202363573833,-0.08,0.0,False,0.004058790809731192,0.052426696801640534,0.20294107831109645,0.07577747210701764,7.577747210701764e-06,7.577747210701764e-06,-0.01048565717892411,0.0,0.06405384854250595,0.5183123227619832,0.5758009042683492,0.06405384854250595
277.0,0.0,0.0,-0.05922518241598377,-4.55893931224734,-5.625898672154509,-11.845036483196754,1.0,0.0,-5.552742139677167,-0.07,0.0,False,0.0040394080433045244,0.05922518241598377,0.20197193264587784,0.07577747210701764,7.577747210701764e-06,7.577747210701764e-06,-0.011845395515244774,0.0,0.4054621470581443,1.0669593599071696,0.9938028274298274,0.4054621470581443
278.0,0.0,0.0,-0.0998158618930004,-4.2383958859524515,-5.49323507488028,-19.96317237860008,1.0,0.0,-5.5566757231383646,-0.19,0.0,False,0.004314853167045323,0.09981586189300043,0.21574429319559368,0.07577747210701764,7.577747210701764e-06,7.577747210701764e-06,-0.019963777477510013,0.0,0.3205434262948881,1.2548391889278285,1.318279837185913,0.3205434262948881
279.0,0.0,0.0,-0.13340143287287806,-4.6518817252491935,-5.664969561183613,-26.68028657457561,1.0,0.0,-5.557135750145795,0.16,0.0,False,0.004076251326457497,0.13340143287287806,0.2038141107629808,0.07577747210701764,7.577747210701764e-06,7.577747210701764e-06,-0.026681095274316148,0.0,-0.413485839296742,1.013087835934419,0.9052540248966015,0.413485839296742
280.0,0.0,0.0,-0.09520589142330978,-4.0832458448509446,-5.581178629936258,-19.041178284661957,1.0,0.0,-5.572460758798023,0.01,0.0,False,0.003996215881528574,0.0952058914233098,0.19981230819211615,0.07577747210701764,7.577747210701764e-06,7.577747210701764e-06,-0.019041755437230964,0.0,0.568635880398249,1.4979327850853137,1.4892149139470785,0.568635880398249
281.0,0.0,0.0,-0.1555810734848299,-3.7926152618158024,-5.761324485882681,-31.116214696965983,1.0,0.0,-5.6039767117912,0.14,0.0,False,0.004062916218262873,0.1555810734848299,0.20314735030074568,0.07577747210701764,7.577747210701764e-06,7.577747210701764e-06,-0.031117157853055463,0.0,0.2906305830351421,1.9687092240668784,1.8113614499753972,0.2906305830351421
282.0,0.0,0.0,-0.19059618602480163,-3.83648880314594,-5.837182979409528,-38.11923720496033,1.0,0.0,-5.639115527401524,0.09,0.0,False,0.004222300204974412,0.19059618602480163,0.21111661002490054,0.07577747210701764,7.577747210701764e-06,7.577747210701764e-06,-0.0381203926279784,0.0,-0.043873541330137655,2.000694176263588,1.8026267242555836,0.043873541330137655
283.0,0.0,0.0,-0.18905772375189617,-4.215843144209878,-5.739975907293076,-37.811544750379234,1.0,0.0,-5.698649336549668,0.13,0.0,False,0.004058376805961565,0.18905772375189617,0.2029203779657542,0.07577747210701764,7.577747210701764e-06,7.577747210701764e-06,-0.03781269084700543,0.0,-0.37935434106393817,1.5241327630831973,1.4828061923397895,0.37935434106393817
284.0,0.0,0.0,-0.15202886063568072,-5.271018098906051,-5.650566015613708,-30.405772127136142,1.0,0.0,-5.727137672246841,-0.03,0.0,False,0.003969610748409461,0.15202886063568072,0.1984820414558119,0.07577747210701764,7.577747210701764e-06,7.577747210701764e-06,-0.030406693749172,0.0,-1.0551749546961728,0.379547916707657,0.4561195733407901,1.0551749546961728
285.0,0.0,0.0,-0.04740453806062662,-5.4747827984159025,-5.516561732353647,-9.480907612125323,1.0,0.0,-5.736189352380416,-0.05,0.0,False,0.0038704920727859046,0.047404538060626625,0.19352607011982065,0.07577747210701764,7.577747210701764e-06,7.577747210701764e-06,-0.00948119498563252,0.0,-0.20376469950985143,0.04177893393774479,0.2614065539645134,0.20376469950985143
286.0,0.0,0.0,-0.022449359870159138,-5.78265306008771,-5.398886760632893,-4.489871974031828,1.0,0.0,-5.74508144049262,0.39,0.0,False,0.003769656492788539,0.022449359870159138,0.1884842529146256,0.07577747210701764,7.577747210701764e-06,7.577747210701764e-06,-0.004490008065459868,0.0,-0.3078702616718072,-0.383766299454817,-0.0375716195950897,0.3078702616718072
287.0,0.0,0.0,0.008943518203288698,-5.699181802943989,-5.339691939492489,1.7887036406577397,1.0,0.0,-5.699284902896201,0.03,0.0,False,0.0038259411197079513,0.008948130430463918,0.19129850558612999,0.07577747210701764,7.577747210701764e-06,7.577747210701764e-06,0.0017887578576229906,0.0,0.08347125714372083,-0.3594898634514996,0.00010309995221202684,0.08347125714372083
288.0,0.0,0.0,0.00220718340890722,-6.179160278944089,-5.319840475961252,0.44143668178144396,1.0,0.0,-5.693214489468817,0.13,0.0,False,0.004111356896429706,0.003775624176929797,0.20556940256264797,0.07577747210701764,7.577747210701764e-06,7.577747210701764e-06,0.0004414500620623875,0.0,-0.4799784760000998,-0.8593198029828368,-0.4859457894752719,0.4799784760000998
289.0,0.0,0.0,0.05382590978399394,-5.729219312687196,-5.2663872467315365,10.765181956798788,1.0,0.0,-5.677109132581021,0.23,0.0,False,0.0040367307317016555,0.05382590978399394,0.2018380660513349,0.07577747210701764,7.577747210701764e-06,7.577747210701764e-06,0.010765508257636336,0.0,0.44994096625689295,-0.4628320659556593,-0.052110180106175186,0.44994096625689295
290.0,0.0,0.0,0.009921039327446306,-5.897525735859918,-5.309691530784125,1.984207865489261,1.0,0.0,-5.640880787147263,0.11,0.0,False,0.003995042056770217,0.009950372372890435,0.19975361650945095,0.07577747210701764,7.577747210701764e-06,7.577747210701764e-06,0.0019842680083359846,0.0,-0.16830642317272204,-0.5878342050757928,-0.25664494871265475,0.16830642317272204
291.0,0.0,0.0,0.030003592168206198,-5.880094757453408,-5.304325520169502,6.000718433641239,1.0,0.0,-5.630005160456328,0.28,0.0,False,0.003909249706292397,0.030003592168206198,0.19546396647992273,0.07577747210701764,7.577747210701764e-06,7.577747210701764e-06,0.0060009003199724366,0.0,0.017430978406509645,-0.5757692372839065,-0.2500895969970802,0.017430978406509645
292.0,0.0,0.0,0.031790616052941374,-6.132582093378231,-5.176364527829233,6.358123210588275,1.0,0.0,-5.597478446196013,0.29,0.0,False,0.003765712713473407,0.031790616052941374,0.18828706245462087,0.07577747210701764,7.577747210701764e-06,7.577747210701764e-06,0.006358315930129587,0.0,-0.25248733592482253,-0.9562175655489975,-0.5351036471822175,0.25248733592482253
293.0,0.0,0.0,0.056137074442537925,-5.9433994190935024,-5.2618443962951735,11.227414888507585,1.0,0.0,-5.562176551861388,-0.13,0.0,False,0.003778088005675898,0.056137074442537925,0.18890583175358722,0.07577747210701764,7.577747210701764e-06,7.577747210701764e-06,0.0112277551999762,0.0,0.18918267428472824,-0.6815550227983289,-0.38122286723211474,0.18918267428472824
294.0,0.0,0.0,0.041039895754693044,-6.6746127897757805,-5.056414554325108,8.207979150938609,1.0,0.0,-5.571190079324888,0.29,0.0,False,0.00369086402362568,0.041039895754693044,0.18454459960301198,0.07577747210701764,7.577747210701764e-06,7.577747210701764e-06,0.008208227941017799,0.0,-0.7312133706822781,-1.6181982354506728,-1.103422710450893,0.7312133706822781
295.0,0.0,0.0,0.11712146061719095,-6.361362808146466,-5.003868195570032,23.42429212343819,1.0,0.0,-5.532984912048793,0.17,0.0,False,0.003689524442124234,0.11712146061719092,0.18447762002038917,0.07577747210701764,7.577747210701764e-06,7.577747210701764e-06,0.023425002131515108,0.0,0.3132499816293146,-1.357494612576434,-0.8283778960976731,0.3132499816293146
296.0,0.0,0.0,0.09021837079090095,-6.149680961497607,-4.9848514607776675,18.04367415818019,1.0,0.0,-5.503353807762798,0.37,0.0,False,0.00362456265910596,0.09021837079090095,0.18122950625627698,0.07577747210701764,7.577747210701764e-06,7.577747210701764e-06,0.018044221075641863,0.0,0.21168184664885903,-1.1648295007199394,-0.6463271537348092,0.21168184664885903
297.0,0.0,0.0,0.07205613291918132,-6.342561597605446,-5.0322499206742055,14.411226583836264,1.0,0.0,-5.459144917637077,0.2,0.0,False,0.003618429923059352,0.07205613291918132,0.1809228671303304,0.07577747210701764,7.577747210701764e-06,7.577747210701764e-06,0.01441166339905437,0.0,-0.192880636107839,-1.3103116769312404,-0.8834166799683691,0.192880636107839
298.0,0.0,0.0,0.09394361277042444,-6.380940321712901,-4.9874734353536265,18.788722554084888,1.0,0.0,-5.429092331147782,0.19,0.0,False,0.0034742232508511326,0.09394361277042444,0.17371247888183405,0.07577747210701764,7.577747210701764e-06,7.577747210701764e-06,0.018789292054529047,0.0,-0.03837872410745469,-1.393466886359274,-0.9518479905651187,0.03837872410745469
299.0,0.0,0.0,0.10150898273762828,-5.894150406476475,-4.895562277175421,20.301796547525655,1.0,0.0,-5.403089875853721,0.28,0.0,False,0.0035369514373068335,0.10150898273762828,0.17684891197153607,0.07577747210701764,7.577747210701764e-06,7.577747210701764e-06,0.020302411910391213,0.0,0.48678991523642523,-0.9985881293010541,-0.4910605306227547,0.48678991523642523
300.0,0.0,0.0,0.056532872156286204,-6.160580515453255,-4.873082100110753,11.306574431257241,1.0,0.0,-5.365812033866079,0.35,0.0,False,0.0036235051416414325,0.0565328721562862,0.1811766299823706,0.07577747210701764,7.577747210701764e-06,7.577747210701764e-06,0.01130691714211169,0.0,-0.2664301089767793,-1.287498415342502,-0.7947684815871758,0.2664301089767793
301.0,0.0,0.0,0.08446088342868724,-6.12287097024373,-4.79571422726034,16.892176685737446,1.0,0.0,-5.328800265322899,0.13,0.0,False,0.003799471204751307,0.08446088342868724,0.1899749998091815,0.07577747210701764,7.577747210701764e-06,7.577747210701764e-06,0.016892688700436566,0.0,0.037709545209525075,-1.32715674298339,-0.7940707049208307,0.037709545209525075
302.0,0.0,0.0,0.08497649666727786,-6.498208666618545,-4.793970157167547,16.99529933345557,1.0,0.0,-5.315939680005192,0.34,0.0,False,0.0038626910030138406,0.08497649666727786,0.1931360136754907,0.07577747210701764,7.577747210701764e-06,7.577747210701764e-06,0.016995814473880426,0.0,-0.3753376963748156,-1.704238509450998,-1.1822689866133533,0.3753376963748156
303.0,0.0,0.0,0.12355416410844139,-6.714592806573874,-4.941329191103951,24.710832821688278,1.0,0.0,-5.273073807050422,0.03,0.0,False,0.004118274834430564,0.12355416410844139,0.20591530208381012,0.07577747210701764,7.577747210701764e-06,7.577747210701764e-06,0.024711581825790446,0.0,-0.2163841399553288,-1.773263615469923,-1.4415189995234519,0.2163841399553288
304.0,0.0,0.0,0.1484884782190175,-6.744921840657613,-4.962444091556239,29.697695643803502,1.0,0.0,-5.26262021242301,0.25,0.0,False,0.004043251213118,0.1484884782190175,0.20216409259268017,0.07577747210701764,7.577747210701764e-06,7.577747210701764e-06,0.029698595803503605,0.0,-0.03032903408373855,-1.782477749101374,-1.4823016282346027,0.03032903408373855
305.0,0.0,0.0,0.15296803273732643,-7.309209990255647,-4.936791661415599,30.593606547465285,1.0,0.0,-5.229651763976118,0.1,0.0,False,0.00406310630436591,0.1529680327373264,0.20315685467791877,0.07577747210701764,7.577747210701764e-06,7.577747210701764e-06,0.03059453386290502,0.0,-0.5642881495980347,-2.372418328840048,-2.079558226279529,0.5642881495980347
306.0,0.0,0.0,0.21308365030078646,-7.8023901037912475,-4.725283128369705,42.616730060157295,1.0,0.0,-5.21518355563018,0.34,0.0,False,0.003887808715970456,0.21308365030078646,0.19439190884010546,0.07577747210701764,7.577747210701764e-06,7.577747210701764e-06,0.04261802180559811,0.0,-0.4931801135356002,-3.0771069754215423,-2.5872065481610678,0.4931801135356002
307.0,0.0,0.0,0.26665023107374675,-8.704067724275442,-4.787739575428562,53.33004621474935,1.0,0.0,-5.178292752545949,0.31,0.0,False,0.004002408970421931,0.26665023107374675,0.20012196498326706,0.07577747210701764,7.577747210701764e-06,7.577747210701764e-06,0.05333166268893587,0.0,-0.9016776204841941,-3.9163281488468797,-3.5257749717294926,0.9016776204841941
308.0,0.0,0.0,0.36028179556870676,-9.456156889633265,-4.7628702282657365,72.05635911374135,1.0,0.0,-5.135786762651545,0.24,0.0,False,0.003888622305657949,0.36028179556870676,0.19443258863273896,0.07577747210701764,7.577747210701764e-06,7.577747210701764e-06,0.072058543196688,0.0,-0.7520891653578232,-4.693286661367528,-4.32037012698172,0.7520891653578232
309.0,0.0,0.0,0.43762398824297394,-9.10811417437584,-4.741126961174793,87.52479764859478,1.0,0.0,-5.101113262369806,0.16,0.0,False,0.003991081101071297,0.43762398824297394,0.1995555672237489,0.07577747210701764,7.577747210701764e-06,7.577747210701764e-06,0.08752745059165636,0.0,0.34804271525742436,-4.366987213201048,-4.007000912006035,0.34804271525742436
310.0,0.0,0.0,0.400520311104291,-9.053839911810972,-4.956918478718772,80.1040622208582,1.0,0.0,-5.079751197005718,-0.08,0.0,False,0.0038870406052521965,0.40052031110429104,0.1943535030131651,0.07577747210701764,7.577747210701764e-06,7.577747210701764e-06,0.08010649023579548,0.0,0.05427426256486889,-4.0969214330921995,-3.9740887148052533,0.05427426256486889
311.0,0.0,0.0,0.39704633164089176,-9.516407728867637,-4.91946099127105,79.40926632817835,1.0,0.0,-5.102759311249419,0.1,0.0,False,0.00393758599011146,0.39704633164089176,0.1968807914071357,0.07577747210701764,7.577747210701764e-06,7.577747210701764e-06,0.07941167328332466,0.0,-0.46256781705666583,-4.596946737596587,-4.4136484176182185,0.46256781705666583
312.0,0.0,0.0,0.44177477712703384,-8.904458890737663,-4.955468185167434,88.35495542540677,1.0,0.0,-5.083226159565452,-0.06,0.0,False,0.003860800687607392,0.4417747771270338,0.1930414971889517,0.07577747210701764,7.577747210701764e-06,7.577747210701764e-06,0.08835763353118078,0.0,0.6119488381299742,-3.948990705570229,-3.821232731172211,0.6119488381299742
313.0,0.0,0.0,0.3835363337562341,-8.046662312766454,-4.655168207390621,76.70726675124682,1.0,0.0,-5.098492574718047,0.25,0.0,False,0.0038758419836272388,0.3835363337562341,0.193793567688901,0.07577747210701764,7.577747210701764e-06,7.577747210701764e-06,0.07670959180673473,0.0,0.8577965779712091,-3.391494105375833,-2.9481697380484073,0.8577965779712091
314.0,0.0,0.0,0.2999662619105455,-7.993110661999911,-4.7537002908684665,59.9932523821091,1.0,0.0,-5.068950236106159,0.21,0.0,False,0.0039214372087608,0.29996626191054543,0.19607334622103356,0.07577747210701764,7.577747210701764e-06,7.577747210701764e-06,0.059995070823132955,0.0,0.053551650766543446,-3.239410371131444,-2.924160425893752,0.053551650766543446
315.0,0.0,0.0,0.2948198324549246,-7.436331742546307,-4.847262857079332,58.96396649098492,1.0,0.0,-5.046886040235777,-0.02,0.0,False,0.003864895806125874,0.2948198324549246,0.1932462546664643,0.07577747210701764,7.577747210701764e-06,7.577747210701764e-06,0.058965753733572025,0.0,0.5567789194536035,-2.5890688854669754,-2.38944570231053,0.5567789194536035
316.0,0.0,0.0,0.2421435660235133,-8.397276761513009,-4.709079693367067,48.42871320470266,1.0,0.0,-5.044800633942516,0.22,0.0,False,0.0037551289078499193,0.2421435660235133,0.18775786816337633,0.07577747210701764,7.577747210701764e-06,7.577747210701764e-06,0.048430181115764775,0.0,-0.9609450189667017,-3.688197068145942,-3.352476127570493,0.9609450189667017
317.0,0.0,0.0,0.3384934452706775,-8.977093323235138,-4.787759884258046,67.6986890541355,1.0,0.0,-5.014804337174575,0.04,0.0,False,0.003887411709468609,0.33849344527067743,0.1943720583645924,0.07577747210701764,7.577747210701764e-06,7.577747210701764e-06,0.0677007410527945,0.0,-0.5798165617221294,-4.189333438977092,-3.962288986060563,0.5798165617221294
318.0,0.0,0.0,0.397407627336476,-9.36544015993979,-4.824199616372629,79.4815254672952,1.0,0.0,-5.012214057918201,0.06,0.0,False,0.0038313024405514924,0.397407627336476,0.19156657365964375,0.07577747210701764,7.577747210701764e-06,7.577747210701764e-06,0.07948393461267088,0.0,-0.38834683670465253,-4.541240543567162,-4.35322610202159,0.38834683670465253
319.0,0.0,0.0,0.43571648601884805,-9.995356123928138,-4.79818724413934,87.1432972037696,1.0,0.0,-5.002866477143404,-0.1,0.0,False,0.004015301068954043,0.43571648601884805,0.200766574794526,0.07577747210701764,7.577747210701764e-06,7.577747210701764e-06,0.08714593858326308,0.0,-0.6299159639883474,-5.197168879788798,-4.992489646784734,0.6299159639883474
320.0,0.0,0.0,0.4995703270732912,-10.11123541582417,-4.854450858353011,99.91406541465824,1.0,0.0,-5.008110212281985,0.09,0.0,False,0.003993214234506728,0.4995703270732912,0.19966222470373768,0.07577747210701764,7.577747210701764e-06,7.577747210701764e-06,0.09991709388583118,0.0,-0.1158792918960323,-5.25678455747116,-5.103125203542185,0.1158792918960323
321.0,0.0,0.0,0.508824720788143,-9.787890128285849,-4.806300159571805,101.7649441576286,1.0,0.0,-4.999463572312605,-0.08,0.0,False,0.004121785377279092,0.508824720788143,0.20609083055633695,0.07577747210701764,7.577747210701764e-06,7.577747210701764e-06,0.10176802873034135,0.0,0.3233452875383218,-4.981589968714044,-4.788426555973244,0.3233452875383218
322.0,0.0,0.0,0.4758749224637169,-10.235508840443611,-4.899086567112402,95.17498449274338,1.0,0.0,-5.02279542068731,-0.19,0.0,False,0.004244305074112916,0.4758749224637169,0.21221686181919264,0.07577747210701764,7.577747210701764e-06,7.577747210701764e-06,0.09517786931877588,0.0,-0.4476187121577624,-5.336422273331209,-5.212713419756301,0.4476187121577624
323.0,0.0,0.0,0.5193815268177066,-10.17439604312197,-5.048347080467452,103.8763053635413,1.0,0.0,-5.028960600655368,0.02,0.0,False,0.004210442930494845,0.5193815268177066,0.21052374180835098,0.07577747210701764,7.577747210701764e-06,7.577747210701764e-06,0.10387945393321506,0.0,0.06111279732164121,-5.126048962654518,-5.145435442466602,0.06111279732164121
324.0,0.0,0.0,0.508488612799539,-9.633228597128687,-5.1060621745941015,101.69772255990782,1.0,0.0,-5.041496785170744,0.1,0.0,False,0.004186125801353106,0.508488612799539,0.20930787613781107,0.07577747210701764,7.577747210701764e-06,7.577747210701764e-06,0.1017008050950829,0.0,0.5411674459932829,-4.527166422534585,-4.591731811957943,0.5411674459932829
325.0,0.0,0.0,0.4491483530386639,-9.6915566203712,-5.224297087612404,89.82967060773278,1.0,0.0,-5.0893172552182175,0.24,0.0,False,0.004054954078721442,0.4491483530386639,0.2027492403069201,0.07577747210701764,7.577747210701764e-06,7.577747210701764e-06,0.0898323934132435,0.0,-0.05832802324251318,-4.467259532758796,-4.6022393651529825,0.05832802324251318
326.0,0.0,0.0,0.45377634022115293,-8.73563341758867,-5.198945327420098,90.75526804423059,1.0,0.0,-5.14157489010808,0.08,0.0,False,0.004003132179671516,0.45377634022115293,0.2001581257197612,0.07577747210701764,7.577747210701764e-06,7.577747210701764e-06,0.09075801890530229,0.0,0.9559232027825306,-3.536688090168571,-3.5940585274805894,0.9559232027825306
327.0,0.0,0.0,0.35390685776161396,-8.013442663666954,-5.465663631469568,70.7813715523228,1.0,0.0,-5.153621288039854,0.21,0.0,False,0.004048968733372987,0.35390685776161407,0.20244997077172563,0.07577747210701764,7.577747210701764e-06,7.577747210701764e-06,0.07078351698942856,0.0,0.7221907539217156,-2.5477790321973854,-2.8598213756270994,0.7221907539217156
328.0,0.0,0.0,0.2771234278089742,-7.577917161970457,-5.536151320621906,55.42468556179484,1.0,0.0,-5.196430749137321,0.24,0.0,False,0.004105647977877666,0.27712342780897414,0.20528395447200895,0.07577747210701764,7.577747210701764e-06,7.577747210701764e-06,0.05542636552609012,0.0,0.43552550169649695,-2.0417658413485507,-2.3814864128331354,0.43552550169649695
329.0,0.0,0.0,0.2276049441987885,-7.5319587134605515,-5.564357596584374,45.5209888397577,1.0,0.0,-5.24210338701311,0.45,0.0,False,0.004172359860902443,0.2276049441987885,0.20861957389953706,0.07577747210701764,7.577747210701764e-06,7.577747210701764e-06,0.0455223686154869,0.0,0.04595844850990538,-1.9676011168761773,-2.2898553264474417,0.04595844850990538
330.0,0.0,0.0,0.2178129340191633,-7.327143824612569,-5.533918927633647,43.56258680383266,1.0,0.0,-5.301781483346022,0.34,0.0,False,0.004141707249260971,0.2178129340191633,0.20708693170357628,0.07577747210701764,7.577747210701764e-06,7.577747210701764e-06,0.04356390721890942,0.0,0.2048148888479826,-1.7932248969789217,-2.025362341266547,0.2048148888479826
331.0,0.0,0.0,0.1908482734988211,-6.967143954706585,-5.792936594639811,38.16965469976422,1.0,0.0,-5.353746846701259,0.62,0.0,False,0.003854408898496774,0.1908482734988211,0.19272190531165267,0.07577747210701764,7.577747210701764e-06,7.577747210701764e-06,0.03817081165097484,0.0,0.35999986990598387,-1.1742073600667737,-1.6133971080053255,0.35999986990598387
332.0,0.0,0.0,0.14679824144692172,-6.7639265347838995,-5.79364567961413,29.359648289384346,1.0,0.0,-5.418588779625751,0.52,0.0,False,0.004075695879428146,0.14679824144692172,0.20378633820106132,0.07577747210701764,7.577747210701764e-06,7.577747210701764e-06,0.02936053820261251,0.0,0.2032174199226855,-0.9702808551697695,-1.3453377551581482,0.2032174199226855
333.0,0.0,0.0,0.12181777721053559,-5.945340185889509,-5.753885025309353,24.363555442107117,1.0,0.0,-5.499105920239137,0.32,0.0,False,0.004072022002635444,0.12181777721053559,0.20360264296944075,0.07577747210701764,7.577747210701764e-06,7.577747210701764e-06,0.024364293919968274,0.0,0.8185863488943905,-0.19145516058015577,-0.4462342656503724,0.8185863488943905
334.0,0.0,0.0,0.03399423789983133,-6.0366647106490525,-5.8615615699523,6.798847579966266,1.0,0.0,-5.545702607462472,0.3,0.0,False,0.003976364010105908,0.03399423789983133,0.19881970709935973,0.07577747210701764,7.577747210701764e-06,7.577747210701764e-06,0.006799053658197791,0.0,-0.09132452475954356,-0.17510314069675292,-0.49096210318658073,0.09132452475954356
335.0,0.0,0.0,0.0378398236988867,-5.873943361154844,-5.8725568351089885,7.56796473977734,1.0,0.0,-5.605384926904125,0.3,0.0,False,0.0039793486610341326,0.0378398236988867,0.19896894077661742,0.07577747210701764,7.577747210701764e-06,7.577747210701764e-06,0.0075681941305338575,0.0,0.16272134949420813,-0.0013865260458558737,-0.26855843425071946,0.16272134949420813
336.0,0.0,0.0,0.01694353371108923,-5.8365822304000945,-5.807134696309269,3.388706742217846,1.0,0.0,-5.658252136629261,0.12,0.0,False,0.004048270710617606,0.016943533711089226,0.20241506936948456,0.07577747210701764,7.577747210701764e-06,7.577747210701764e-06,0.003388809456491755,0.0,0.037361130754749894,-0.029447534090825123,-0.17833009377083364,0.037361130754749894
337.0,0.0,0.0,0.008054107521361275,-5.801904655547513,-5.858460021795829,1.6108215042722551,1.0,0.0,-5.704501604353186,0.09,0.0,False,0.004148612676830648,0.008119085714870593,0.20743220569843943,0.07577747210701764,7.577747210701764e-06,7.577747210701764e-06,0.0016108703294949122,0.0,0.03467757485258183,0.056555366248316474,-0.0974030511943269,0.03467757485258183
338.0,0.0,0.0,0.0025570313507308562,-5.659866554222595,-5.813626661346441,0.5114062701461712,1.0,0.0,-5.756038103586942,0.18,0.0,False,0.003941584910732266,0.0037496766882273613,0.19708073895331643,0.07577747210701764,7.577747210701764e-06,7.577747210701764e-06,0.0005114217712584558,0.0,0.14203810132491768,0.1537601071238459,0.09617154936434691,0.14203810132491768
339.0,0.0,0.0,-0.015304282820274512,-6.20633342431963,-5.774534981405699,-3.0608565640549026,1.0,0.0,-5.776333373213345,-0.05,0.0,False,0.004020340023644649,0.01530428282027451,0.2010185244382524,0.07577747210701764,7.577747210701764e-06,7.577747210701764e-06,-0.0030609493409410223,0.0,-0.546466870097035,-0.431798442913931,-0.43000005110628514,0.546466870097035
340.0,0.0,0.0,0.038660695205810884,-4.69291802474576,-5.750695124500893,7.732139041162177,1.0,0.0,-5.812915181024663,-0.06,0.0,False,0.00420771999860221,0.03866069520581088,0.21038759418203462,0.07577747210701764,7.577747210701764e-06,7.577747210701764e-06,0.007732373408166403,0.0,1.5134153995738702,1.0577770997551328,1.1199971562789033,1.5134153995738702
341.0,0.0,0.0,-0.1144858441300612,-4.535625492352062,-5.815644324835327,-22.89716882601224,1.0,0.0,-5.819711824212759,0.0,0.0,False,0.0041940360971963716,0.1144858441300612,0.20970339392708542,0.07577747210701764,7.577747210701764e-06,7.577747210701764e-06,-0.022897862856581845,0.0,0.157292532393698,1.2800188324832655,1.2840863318606974,0.157292532393698
342.0,0.0,0.0,-0.13241535187129388,-5.017808508399318,-5.857265518606607,-26.483070374258777,1.0,0.0,-5.837819843285672,0.05,0.0,False,0.004080221204032672,0.13241535187129388,0.204012606145876,0.07577747210701764,7.577747210701764e-06,7.577747210701764e-06,-0.026483873096226563,0.0,-0.482183016047256,0.8394570102072896,0.8200113348863542,0.482183016047256
343.0,0.0,0.0,-0.08520948116035955,-5.252067393374444,-5.749950879035489,-17.04189623207191,1.0,0.0,-5.859829181568164,0.07,0.0,False,0.00382815085489291,0.08520948116035955,0.19140899318261864,0.07577747210701764,7.577747210701764e-06,7.577747210701764e-06,-0.017042412784884137,0.0,-0.2342588849751266,0.49788348566104457,0.6077617881937192,0.2342588849751266
344.0,0.0,0.0,-0.06348727162354086,-6.188067665289031,-5.934063004156101,-12.697454324708172,1.0,0.0,-5.8699356047983215,-0.04,0.0,False,0.003861445651144431,0.06348727162354086,0.19307374561017215,0.07577747210701764,7.577747210701764e-06,7.577747210701764e-06,-0.012697839194188085,0.0,-0.9360002719145868,-0.25400466113292985,-0.31813206049070963,0.9360002719145868
345.0,0.0,0.0,0.028981407663843897,-6.048698677672687,-5.928269009669096,5.79628153276878,1.0,0.0,-5.886964164134626,0.08,0.0,False,0.003778535604409753,0.028981407663843904,0.1889282118598695,0.07577747210701764,7.577747210701764e-06,7.577747210701764e-06,0.005796457222462312,0.0,0.13936898761634442,-0.12042966800359078,-0.161734513538061,0.13936898761634442
346.0,0.0,0.0,0.014076265485754611,-6.250714295580232,-5.976600804454213,2.815253097150922,1.0,0.0,-5.898242607961538,0.03,0.0,False,0.0038859535624623095,0.014076265485754611,0.19429915046180393,0.07577747210701764,7.577747210701764e-06,7.577747210701764e-06,0.002815338429609509,0.0,-0.20201561790754496,-0.2741134911260188,-0.35247168761869396,0.20201561790754496
347.0,0.0,0.0,0.03247990046501932,-6.027829443221041,-6.004504886036602,6.495980093003864,1.0,0.0,-5.907930689496064,-0.04,0.0,False,0.004144603490974368,0.03247990046501932,0.20723174488659554,0.07577747210701764,7.577747210701764e-06,7.577747210701764e-06,0.006496176991091935,0.0,0.22288485235919087,-0.02332455718443871,-0.11989875372497671,0.22288485235919087
348.0,0.0,0.0,0.008310416647318672,-5.764332004831572,-5.931765073935634,1.6620833294637345,1.0,0.0,-5.925902984706281,0.02,0.0,False,0.004041189715718172,0.008371787881601804,0.20206101694161338,0.07577747210701764,7.577747210701764e-06,7.577747210701764e-06,0.0016621337084712286,0.0,0.2634974383894688,0.16743306910406197,0.1615709798747087,0.2634974383894688
349.0,0.0,0.0,-0.021917080041902525,-5.436777335400593,-6.085605414657134,-4.383416008380505,1.0,0.0,-5.944722128036026,-0.05,0.0,False,0.0042382672038096085,0.021917080041902525,0.21191496601635448,0.07577747210701764,7.577747210701764e-06,7.577747210701764e-06,-0.00438354887304741,0.0,0.3275546694309792,0.6488280792565408,0.507944792635433,0.3275546694309792
350.0,0.0,0.0,-0.057882154647620636,-5.4238490823126035,-6.033454849904393,-11.576430929524127,1.0,0.0,-5.983511109355205,0.01,0.0,False,0.004264970285769798,0.057882154647620636,0.21325013023182424,0.07577747210701764,7.577747210701764e-06,7.577747210701764e-06,-0.011576781819933903,0.0,0.012928253087989283,0.6096057675917894,0.5596620270426014,0.012928253087989283
351.0,0.0,0.0,-0.06384199882103571,-4.631468551283895,-6.167358388060175,-12.76839976420714,1.0,0.0,-6.015620812693595,0.22,0.0,False,0.004192640196251009,0.06384199882103571,0.20963359835092804,0.07577747210701764,7.577747210701764e-06,7.577747210701764e-06,-0.012768786784097184,0.0,0.7923805310287086,1.5358898367762803,1.3841522614097004,0.7923805310287086
352.0,0.0,0.0,-0.14580504381999335,-4.447647074399263,-6.14391649077321,-29.16100876399867,1.0,0.0,-6.062293259449384,0.15,0.0,False,0.004040497706989165,0.14580504381999337,0.2020264162429697,0.07577747210701764,7.577747210701764e-06,7.577747210701764e-06,-0.02916189265631202,0.0,0.18382147688463224,1.696269416373947,1.6146461850501215,0.18382147688463224
353.0,0.0,0.0,-0.16311344888514842,-4.560605632813672,-6.099013006022885,-32.622689777029684,1.0,0.0,-6.089574233172033,-0.02,0.0,False,0.0039057041571477907,0.16311344888514842,0.1952866876793287,0.07577747210701764,7.577747210701764e-06,7.577747210701764e-06,-0.03262367859552249,0.0,-0.11295855841440972,1.5384073732092123,1.5289686003583602,0.11295855841440972
354.0,0.0,0.0,-0.15324218383713248,-5.93123785059772,-6.12809553421643,-30.648436767426496,1.0,0.0,-6.07884336487486,0.02,0.0,False,0.0038792259396531878,0.15324218383713248,0.1939627667723366,0.07577747210701764,7.577747210701764e-06,7.577747210701764e-06,-0.030649365744811818,0.0,-1.3706322177840473,0.1968576836187106,0.14760551427714041,1.3706322177840473
355.0,0.0,0.0,-0.020230287641668277,-5.749133378824121,-6.325843069517505,-4.046057528333655,1.0,0.0,-6.0930855327115525,0.16,0.0,False,0.0040123578064122254,0.020230287641668277,0.20061941055227006,0.07577747210701764,7.577747210701764e-06,7.577747210701764e-06,-0.004046180167408923,0.0,0.18210447177359868,0.5767096906933844,0.3439521538874315,0.18210447177359868
356.0,0.0,0.0,-0.04150383721333174,-5.8389820231586445,-6.204820073397932,-8.300767442666348,1.0,0.0,-6.133548392014689,-0.03,0.0,False,0.00397355244330157,0.04150383721333174,0.1986791276938757,0.07577747210701764,7.577747210701764e-06,7.577747210701764e-06,-0.008301019045229101,0.0,-0.08984864433452344,0.3658380502392875,0.2945663688560449,0.08984864433452344
357.0,0.0,0.0,-0.03801146014480957,-5.815258330386692,-6.384861634219214,-7.602292028961914,1.0,0.0,-6.164187476236772,0.25,0.0,False,0.004076600327030581,0.03801146014480957,0.20383156092386687,0.07577747210701764,7.577747210701764e-06,7.577747210701764e-06,-0.0076025224602046275,0.0,0.023723692771952187,0.5696033038325217,0.3489291458500796,0.023723692771952187
358.0,0.0,0.0,-0.046155352058982135,-6.1906252260573496,-6.637302692694205,-9.231070411796427,1.0,0.0,-6.219111026668544,0.43,0.0,False,0.004320966196215861,0.046155352058982135,0.2160499469702701,0.07577747210701764,7.577747210701764e-06,7.577747210701764e-06,-0.009231350212548419,0.0,-0.3753668956706573,0.4466774666368556,0.0284858006111941,0.3753668956706573
359.0,0.0,0.0,-0.014424836294516406,-6.322238458610035,-6.668000975937189,-2.884967258903281,1.0,0.0,-6.27682933865603,0.32,0.0,False,0.00430856466125201,0.014424836294516402,0.21542986552329266,0.07577747210701764,7.577747210701764e-06,7.577747210701764e-06,-0.0028850547044510346,0.0,-0.1316132325526853,0.34576251732715413,-0.045409119954005206,0.1316132325526853
360.0,0.0,0.0,-0.0071216297753887445,-6.345259485834705,-6.628731310829673,-1.424325955077749,1.0,0.0,-6.3348790543906635,0.32,0.0,False,0.004356039653328339,0.007270457122400614,0.2178036331147836,0.07577747210701764,7.577747210701764e-06,7.577747210701764e-06,-0.001424369127478731,0.0,-0.023021027224670476,0.2834718249949679,-0.010380431444041882,0.023021027224670476
361.0,0.0,0.0,-0.00922218447213612,-6.678794439609523,-6.604808058441413,-1.844436894427224,1.0,0.0,-6.393457454659431,0.21,0.0,False,0.004384664552452058,0.009233138528236201,0.219234888916582,0.07577747210701764,7.577747210701764e-06,7.577747210701764e-06,-0.001844492800709707,0.0,-0.33353495377481757,-0.07398638116811007,-0.2853369849500922,0.33353495377481757
362.0,0.0,0.0,0.020933617595398288,-6.601475002888938,-6.572745925155982,4.186723519079657,1.0,0.0,-6.4374848247252,0.25,0.0,False,0.004293072168542039,0.020933617595398288,0.21465523501788447,0.07577747210701764,7.577747210701764e-06,7.577747210701764e-06,0.0041868504218478915,0.0,0.07731943672058517,-0.02872907773295541,-0.16399017816373807,0.07731943672058517
363.0,0.0,0.0,0.012885076605029154,-6.029226375595255,-6.418825537271149,2.5770153210058306,1.0,0.0,-6.469450332172423,0.05,0.0,False,0.004166963933234471,0.012885076605029154,0.20834977547168967,0.07577747210701764,7.577747210701764e-06,7.577747210701764e-06,0.0025770934322965635,0.0,0.5722486272936829,0.3895991616758945,0.4402239565771682,0.5722486272936829
364.0,0.0,0.0,-0.0472821116080362,-6.440483621801525,-6.486893372078342,-9.45642232160724,1.0,0.0,-6.472619354845981,-0.04,0.0,False,0.004221022684861534,0.0472821116080362,0.21105273353522055,0.07577747210701764,7.577747210701764e-06,7.577747210701764e-06,-0.009456708952946695,0.0,-0.41125724620627047,0.046409750276816375,0.032135733044455606,0.41125724620627047
365.0,0.0,0.0,-0.006072386482735662,-5.965176463144717,-6.281138588464193,-1.2144772965471324,1.0,0.0,-6.502065406270084,-0.03,0.0,False,0.004172094469068856,0.006390975241434755,0.2086063042073041,0.07577747210701764,7.577747210701764e-06,7.577747210701764e-06,-0.0012145141082759668,0.0,0.4753071586568085,0.31596212531947643,0.5368889431253674,0.4753071586568085
366.0,0.0,0.0,-0.05505780820042805,-6.422632216927384,-6.365225622347154,-11.01156164008561,1.0,0.0,-6.501209787379369,0.01,0.0,False,0.004129215661517163,0.05505780820042805,0.20646234758348123,0.07577747210701764,7.577747210701764e-06,7.577747210701764e-06,-0.011011895408878399,0.0,-0.4574557537826669,-0.057406594580229786,0.07857757045198532,0.4574557537826669
367.0,0.0,0.0,-0.008929805579809295,-6.120197584462768,-6.3859928110788395,-1.7859611159618591,1.0,0.0,-6.515775405856623,0.03,0.0,False,0.004105309655293755,0.008968549889934417,0.20526703821462722,0.07577747210701764,7.577747210701764e-06,7.577747210701764e-06,-0.0017860152497991043,0.0,0.30243463246461566,0.26579522661607147,0.39557782139385456,0.30243463246461566
368.0,0.0,0.0,-0.03908565627939218,-6.353484563687157,-6.438310143885837,-7.8171312558784365,1.0,0.0,-6.511933656115942,-0.02,0.0,False,0.004120166556619485,0.03908565627939218,0.2060098889100058,0.07577747210701764,7.577747210701764e-06,7.577747210701764e-06,-0.007817368199061214,0.0,-0.23328697922438923,0.0848255801986797,0.1584490924287847,0.23328697922438923
369.0,0.0,0.0,-0.01591177597055205,-6.492224706960521,-6.514921621184762,-3.1823551941104102,1.0,0.0,-6.511068956317832,0.08,0.0,False,0.004012335215100111,0.015911775970552048,0.20061828097810477,0.07577747210701764,7.577747210701764e-06,7.577747210701764e-06,-0.0031824516537122434,0.0,-0.13874014327336326,0.022696914224241027,0.018844249357311327,0.13874014327336326
370.0,0.0,0.0,-0.0030416737701170426,-5.530893357064382,-6.355654241897528,-0.6083347540234085,1.0,0.0,-6.512608352163477,-0.08,0.0,False,0.003870744906555918,0.004056372039140322,0.19353871190411687,0.07577747210701764,7.577747210701764e-06,7.577747210701764e-06,-0.0006083531931116231,0.0,0.9613313498961382,0.8247608848331458,0.9817149950990949,0.9613313498961382
371.0,0.0,0.0,-0.09919504153024074,-5.554261266562554,-6.405610414476054,-19.839008306048147,1.0,0.0,-6.522642597113437,0.03,0.0,False,0.003798890448827754,0.09919504153024074,0.18994596179296283,0.07577747210701764,7.577747210701764e-06,7.577747210701764e-06,-0.019839609641450776,0.0,-0.023367909498171358,0.8513491479135,0.9683813305508835,0.023367909498171358
372.0,0.0,0.0,-0.09625958796294347,-5.487320113642239,-6.421557062227426,-19.251917592588693,1.0,0.0,-6.522881356114252,0.06,0.0,False,0.00395596566259176,0.09625958796294348,0.19779978199497628,0.07577747210701764,7.577747210701764e-06,7.577747210701764e-06,-0.019252501132826106,0.0,0.06694115292031455,0.9342369485851867,1.0355612424720126,0.06694115292031455
373.0,0.0,0.0,-0.10155120192802165,-6.025766717041293,-6.308290054455685,-20.31024038560433,1.0,0.0,-6.516893617733197,0.06,0.0,False,0.0038153063653952554,0.10155120192802165,0.19076676384112115,0.07577747210701764,7.577747210701764e-06,7.577747210701764e-06,-0.02031085600440903,0.0,-0.5384466033990538,0.28252333741439184,0.4911269006919037,0.5384466033990538
374.0,0.0,0.0,-0.04329666217375825,-6.779536758269607,-6.268581605701811,-8.65933243475165,1.0,0.0,-6.502870609389313,0.2,0.0,False,0.0038699368817158267,0.04329666217375825,0.19349831035596188,0.07577747210701764,7.577747210701764e-06,7.577747210701764e-06,-0.008659594905691521,0.0,-0.7537700412283144,-0.5109551525677967,-0.2766661488802944,0.7537700412283144
375.0,0.0,0.0,0.0318872133751479,-6.950652643122847,-6.196477276815312,6.37744267502958,1.0,0.0,-6.458749743336926,0.02,0.0,False,0.0037877701086895385,0.031887213375147896,0.1893899405726957,0.07577747210701764,7.577747210701764e-06,7.577747210701764e-06,0.006377635980158525,0.0,-0.17111588485323992,-0.7541753663075355,-0.49190289978592094,0.17111588485323992
376.0,0.0,0.0,0.04742652870195859,-7.888603867824822,-6.222424767980249,9.485305740391718,1.0,0.0,-6.4606525428560175,-0.22,0.0,False,0.004021132907016103,0.04742652870195859,0.20105816890723865,0.07577747210701764,7.577747210701764e-06,7.577747210701764e-06,0.009485593247209522,0.0,-0.9379512247019743,-1.6661790998445722,-1.427951324968804,0.9379512247019743
377.0,0.0,0.0,0.14279152435507506,-7.699854157044895,-6.257505177545684,28.55830487101501,1.0,0.0,-6.476369386790983,0.07,0.0,False,0.004116895866876056,0.14279152435507506,0.20584635318361136,0.07577747210701764,7.577747210701764e-06,7.577747210701764e-06,0.02855917049491582,0.0,0.18874971077992697,-1.4423489794992106,-1.2234847702539113,0.18874971077992697
378.0,0.0,0.0,0.12310134916023782,-7.915241135184499,-6.1328749242935094,24.620269832047565,1.0,0.0,-6.460634522370303,-0.07,0.0,False,0.004097062970954134,0.12310134916023782,0.2048547008730817,0.07577747210701764,7.577747210701764e-06,7.577747210701764e-06,0.024621016091116766,0.0,-0.2153869781396045,-1.7823662108909897,-1.454606612814196,0.2153869781396045
379.0,0.0,0.0,0.1461941873407519,-7.555997565296508,-6.268577901242157,29.238837468150383,1.0,0.0,-6.468794023897256,0.11,0.0,False,0.00415540101727487,0.1461941873407519,0.20777162529266688,0.07577747210701764,7.577747210701764e-06,7.577747210701764e-06,0.02923972371951084,0.0,0.3592435698879912,-1.287419664054351,-1.0872035413992522,0.3592435698879912
380.0,0.0,0.0,0.11197557044721274,-7.198722759770297,-6.170743586374618,22.395114089442547,1.0,0.0,-6.453243870647214,0.12,0.0,False,0.0040043083474625984,0.11197557044721274,0.20021693455495043,0.07577747210701764,7.577747210701764e-06,7.577747210701764e-06,0.02239579290235195,0.0,0.3572748055262105,-1.0279791733956793,-0.745478889123083,0.3572748055262105
381.0,0.0,0.0,0.07798287434498988,-6.571486520432314,-6.024841758065555,15.596574868997974,1.0,0.0,-6.436199434696051,0.11,0.0,False,0.003936572331256048,0.07798287434498988,0.1968301080803025,0.07577747210701764,7.577747210701764e-06,7.577747210701764e-06,0.015597047613022465,0.0,0.6272362393379831,-0.5466447623667596,-0.13528708573626336,0.6272362393379831
382.0,0.0,0.0,0.017304578651033076,-7.036657378597513,-5.993533256403046,3.460915730206615,1.0,0.0,-6.418864469594972,0.11,0.0,False,0.0038327168740739984,0.017304578651033076,0.19163729587168,0.07577747210701764,7.577747210701764e-06,7.577747210701764e-06,0.003461020633189768,0.0,-0.465170858165199,-1.0431241221944676,-0.6177929090025414,0.465170858165199
383.0,0.0,0.0,0.06860941685238087,-6.636177088279927,-6.038322978144205,13.721883370476172,1.0,0.0,-6.398434177435853,0.31,0.0,False,0.004018881274380848,0.06860941685238087,0.20094558642236074,0.07577747210701764,7.577747210701764e-06,7.577747210701764e-06,0.013722299291178163,0.0,0.4004802903175859,-0.5978541101357226,-0.23774291084407473,0.4004802903175859
384.0,0.0,0.0,0.02968053591410621,-7.0003459927239255,-6.003453514182061,5.9361071828212415,1.0,0.0,-6.350537214832847,0.15,0.0,False,0.0038383157208601725,0.02968053591410621,0.191917240332321,0.07577747210701764,7.577747210701764e-06,7.577747210701764e-06,0.005936287110736376,0.0,-0.3641689044439982,-0.9968924785418647,-0.6498087778910788,0.3641689044439982
385.0,0.0,0.0,0.07025075203092696,-6.879977613320344,-6.000952103890758,14.05015040618539,1.0,0.0,-6.339360483558954,0.29,0.0,False,0.0038524572977819086,0.07025075203092696,0.19262432453647255,0.07577747210701764,7.577747210701764e-06,7.577747210701764e-06,0.014050576276910438,0.0,0.12036837940358147,-0.879025509429586,-0.5406171297613902,0.12036837940358147
386.0,0.0,0.0,0.057544196116914456,-6.5840789027595825,-6.2993000166215305,11.508839223382891,1.0,0.0,-6.297811855292645,-0.08,0.0,False,0.004061404029665815,0.057544196116914456,0.20307174029794361,0.07577747210701764,7.577747210701764e-06,7.577747210701764e-06,0.01150918806503674,0.0,0.29589871056076156,-0.284778886138052,-0.28626704746693754,0.29589871056076156
387.0,0.0,0.0,0.02708785134349028,-7.041768581325767,-6.397924797361115,5.417570268698056,1.0,0.0,-6.304513849382619,-0.08,0.0,False,0.0042718121797229065,0.02708785134349028,0.2135922275217868,0.07577747210701764,7.577747210701764e-06,7.577747210701764e-06,0.005417734479365674,0.0,-0.4576896785661848,-0.6438437839646527,-0.737254731943148,0.4576896785661848
388.0,0.0,0.0,0.06905261867229454,-7.166511189404129,-6.430800136555902,13.810523734458908,1.0,0.0,-6.3131901260801815,0.13,0.0,False,0.0041509240840518075,0.06905261867229454,0.20754777693526036,0.07577747210701764,7.577747210701764e-06,7.577747210701764e-06,0.013810942341917622,0.0,-0.12474260807836135,-0.7357110528482265,-0.8533210633239472,0.12474260807836135
389.0,0.0,0.0,0.07836764701029729,-7.003586242268137,-6.339707542553622,15.673529402059458,1.0,0.0,-6.3512162314383955,-0.02,0.0,False,0.00409618600705603,0.0783676470102973,0.20481085234590599,0.07577747210701764,7.577747210701764e-06,7.577747210701764e-06,0.015674004478634266,0.0,0.16292494713599126,-0.6638786997145152,-0.6523700108297419,0.16292494713599126
390.0,0.0,0.0,0.05618537804232828,-7.2420370572302115,-6.450318812191534,11.237075608465656,1.0,0.0,-6.382805026790229,-0.03,0.0,False,0.004261122344694301,0.05618537804232828,0.2130577317201131,0.07577747210701764,7.577747210701764e-06,7.577747210701764e-06,0.011237416212758027,0.0,-0.2384508149620741,-0.7917182450386777,-0.8592320304399825,0.2384508149620741
391.0,0.0,0.0,0.07895177109329216,-8.339897995067622,-6.400733902011801,15.79035421865843,1.0,0.0,-6.441711173915268,0.0,0.0,False,0.004242753026847749,0.07895177109329216,0.21213925886788318,0.07577747210701764,7.577747210701764e-06,7.577747210701764e-06,0.015790832836282118,0.0,-1.0978609378374102,-1.9391640930558207,-1.898186821152354,1.0978609378374102
392.0,0.0,0.0,0.1861457064699183,-7.826251234839915,-6.41440440685773,37.22914129398366,1.0,0.0,-6.452489432469132,0.0,0.0,False,0.004212140297814147,0.1861457064699183,0.210608610817427,0.07577747210701764,7.577747210701764e-06,7.577747210701764e-06,0.03723026973751895,0.0,0.513646760227707,-1.4118468279821847,-1.3737618023707823,0.513646760227707
393.0,0.0,0.0,0.13207354756285136,-8.120379447869404,-6.573527175054158,26.414709512570273,1.0,0.0,-6.4783704021130415,0.19,0.0,False,0.0040812612856935965,0.1320735475628514,0.20406461062299597,0.07577747210701764,7.577747210701764e-06,7.577747210701764e-06,0.026415510162468448,0.0,-0.2941282130294889,-1.5468522728152454,-1.642009045756362,0.2941282130294889
394.0,0.0,0.0,0.15830733126327123,-8.501368806748696,-6.529171946490483,31.661466252654247,1.0,0.0,-6.5054657182135704,-0.04,0.0,False,0.0041925369385481005,0.1583073312632712,0.2096284354266596,0.07577747210701764,7.577747210701764e-06,7.577747210701764e-06,0.03166242593573231,0.0,-0.3809893588792921,-1.9721968602582125,-1.9959030885351252,0.3809893588792921
395.0,0.0,0.0,0.1933510135010396,-8.166680397891746,-6.740657155928439,38.670202700207916,1.0,0.0,-6.537246154589797,0.2,0.0,False,0.004047901231163942,0.1933510135010396,0.20239659525681025,0.07577747210701764,7.577747210701764e-06,7.577747210701764e-06,0.03867137482340842,0.0,0.33468840885694995,-1.426023241963307,-1.629434243301949,0.33468840885694995
396.0,0.0,0.0,0.15735481128318335,-7.992396872075402,-6.538992123683258,31.470962256636668,1.0,0.0,-6.56778541348314,-0.06,0.0,False,0.004096058569694351,0.15735481128318335,0.20480448042953764,0.07577747210701764,7.577747210701764e-06,7.577747210701764e-06,0.03147191616539399,0.0,0.17428352581634332,-1.4534047483921446,-1.4246114585922625,0.17428352581634332
397.0,0.0,0.0,0.13760745831644033,-7.661975744020653,-6.586848935150533,27.521491663288067,1.0,0.0,-6.593072665310799,0.15,0.0,False,0.00407156005562409,0.13760745831644033,0.20357954544384718,0.07577747210701764,7.577747210701764e-06,7.577747210701764e-06,0.027522325860593447,0.0,0.3304211280547493,-1.0751268088701202,-1.0689030787098543,0.3304211280547493
398.0,0.0,0.0,0.1024656619083256,-8.019730614447734,-6.55188716294784,20.49313238166512,1.0,0.0,-6.616270151184329,-0.08,0.0,False,0.004048483819708939,0.1024656619083256,0.20242572490479557,0.07577747210701764,7.577747210701764e-06,7.577747210701764e-06,0.020493753544065064,0.0,-0.35775487042708143,-1.4678434514998946,-1.4034604632634053,0.35775487042708143
399.0,0.0,0.0,0.1360137867027884,-7.896517423591335,-6.653937568061791,27.20275734055768,1.0,0.0,-6.637280301993212,0.08,0.0,False,0.00395492410240991,0.1360137867027884,0.19774770359124974,0.07577747210701764,7.577747210701764e-06,7.577747210701764e-06,0.027203581876783775,0.0,0.12321319085639981,-1.2425798555295433,-1.2592371215981224,0.12321319085639981
