t,mean_abs_delta_real,mean_abs_delta_planning,mean_action,price,v_true,total_demand,mean_k,xs_k_std,mean_belief,mean_correctness,mean_salience,regime_post,xs_action_std,xs_action_mean_abs,xs_belief_std,xs_sigma_mean,xs_rho_mean,xs_rho_max,mean_myopic_term,mean_hedging_term,ret,mispricing_true,mispricing_belief,vol_proxy
0.0,0.0,0.0,-0.003393742255306188,0.4887851771388236,-0.02416125592041887,-0.6787484510612376,3.0,0.0,0.0,-0.94,0.0,False,0.0127930715899823,0.010184194579731042,0.639665278244446,0.18289189189189195,1.8289189189189194e-05,1.8289189189189194e-05,-0.0006787981051884369,0.0,0.0,0.5129464330592425,0.4887851771388236,0.0
1.0,0.0,0.0,-0.058989810238911325,0.14246087148219294,-0.061287332728269917,-11.797962047782265,3.0,0.0,-0.0339405259927702,0.16,0.0,False,0.009687854708284597,0.05898981023891132,0.4843977488648873,0.10349970779853253,1.0349970779853254e-05,1.0349970779853254e-05,-0.011798450476976858,0.0,-0.34632430565663064,0.20374820421046286,0.17640139747496314,0.34632430565663064
2.0,0.0,0.0,-0.018597279694851185,-0.17148466561167502,0.05329559059313825,-3.7194559389702366,3.0,0.0,-0.10114345239090346,0.28,0.0,False,0.00800963710792096,0.018684714896182997,0.40048486921007154,0.07525469588680311,7.525469588680311e-06,7.525469588680309e-06,-0.0037195679007378897,0.0,-0.31394553709386797,-0.2247802562048133,-0.07034121322077157,0.31394553709386797
3.0,0.0,0.0,0.016197672266314,-0.7778365670855001,0.05282661154765661,3.2395344532627997,3.0,0.0,-0.04351892312945753,0.11,0.0,False,0.0077229626278300075,0.016265809982551796,0.38615051396726724,0.061701082387537146,6.170108238753715e-06,6.170108238753715e-06,0.0032396144058823625,0.0,-0.606351901473825,-0.8306631786331566,-0.7343176439560426,0.606351901473825
4.0,0.0,0.0,0.07641948832205697,-0.5254575786807405,-0.022925554907887627,15.283897664411395,3.0,0.0,-0.00950294587898009,0.15,0.0,False,0.006852499514080352,0.07641948832205697,0.3426268353299688,0.05427584335912398,5.427584335912399e-06,5.4275843359123984e-06,0.015284229481184653,0.0,0.2523789884047596,-0.5025320237728529,-0.5159546328017605,0.2523789884047596
5.0,0.0,0.0,0.05600870719408763,0.4175458063052684,-0.05860087273405716,11.201741438817526,3.0,0.0,-0.013620945204041552,-0.02,0.0,False,0.006437380031769085,0.056008707194087626,0.32187060807741535,0.049911266793667725,4.991126679366772e-06,4.991126679366772e-06,0.011201965074943534,0.0,0.9430033849860089,0.47614667903932556,0.43116675150930994,0.9430033849860089
6.0,0.0,0.0,-0.036143265695294795,0.45814438503381366,-0.05205844613263124,-7.228653139058959,3.0,0.0,0.03464347058777356,0.08,0.0,False,0.00593662134834048,0.036143265695294795,0.29683246961638654,0.04723896911451465,4.723896911451467e-06,4.723896911451466e-06,-0.007228789728062671,0.0,0.040598578728545276,0.5102028311664449,0.4235009144460401,0.040598578728545276
7.0,0.0,0.0,-0.04043009147879413,0.4082952995277097,-0.09012808926869012,-8.086018295758826,3.0,0.0,0.05610461249926136,0.11,0.0,False,0.005627761938165653,0.04043009147879413,0.28138937896216326,0.04556176663690604,4.5561766636906065e-06,4.556176663690606e-06,-0.008086165660398851,0.0,-0.04984908550610395,0.4984233887963998,0.35219068702844836,0.04984908550610395
8.0,0.0,0.0,-0.038576308321103286,0.316516507764276,-0.03513655698823706,-7.715261664220658,3.0,0.0,0.053834259913907036,0.08,0.0,False,0.005647074757767621,0.038576308321103286,0.28235499415624815,0.044492694745204016,4.449269474520401e-06,4.449269474520402e-06,-0.007715398972722574,0.0,-0.09177879176343373,0.351653064752513,0.2626822478503689,0.09177879176343373
9.0,0.0,0.0,-0.023893286880124695,0.07262450370585116,0.11826901008691429,-4.778657376024939,3.0,0.0,0.02252363449712425,0.14,0.0,False,0.005460849229605919,0.02389328688012469,0.27304365752962906,0.04380451768299382,4.380451768299385e-06,4.380451768299384e-06,-0.004778741106370769,0.0,-0.24389200405842482,-0.04564450638106313,0.05010086920872692,0.24389200405842482
10.0,0.0,0.0,0.0006764511514301417,-0.016636738289930925,0.16329523049161046,0.13529023028602832,3.0,0.0,0.0775784057934911,0.0,0.0,False,0.005423235742669396,0.004511698661095361,0.2711629628562504,0.0433587192744284,4.335871927442841e-06,4.3358719274428405e-06,0.0001352925766803009,0.0,-0.08926124199578209,-0.17993196878154138,-0.09421514408342202,0.08926124199578209
11.0,0.0,0.0,0.011154956929946835,-0.07408869745708399,0.05337036297915483,2.230991385989367,3.0,0.0,0.07938916187043046,0.18,0.0,False,0.004961203967481224,0.011201470912262635,0.24806126673830986,0.04306874926707378,4.3068749267073785e-06,4.306874926707378e-06,0.0022310298202272844,0.0,-0.057451959167153066,-0.12745906043623884,-0.15347785932751445,0.057451959167153066
12.0,0.0,0.0,0.018539608992245396,-0.45578531148193496,0.055425229372121465,3.7079217984490795,3.0,0.0,0.09491523315975296,-0.15,0.0,False,0.004935061251115878,0.018539608992245396,0.24675412062394236,0.042879635920764284,4.287963592076431e-06,4.28796359207643e-06,0.0037079853959110683,0.0,-0.381696614024851,-0.5112105408540564,-0.5507005446416879,0.381696614024851
13.0,0.0,0.0,0.05558415070773089,-1.208600346812298,0.07790828168975403,11.116830141546178,3.0,0.0,0.1113113673237883,-0.02,0.0,False,0.004806720518396129,0.05558415070773089,0.240337053502576,0.04275608559413131,4.2756085594131314e-06,4.275608559413132e-06,0.011117020265589705,0.0,-0.7528150353303631,-1.2865086285020522,-1.3199117141360863,0.7528150353303631
14.0,0.0,0.0,0.13139165366509198,-0.8483519844823213,0.16211496950734994,26.278330733018393,3.0,0.0,0.10006807839890046,-0.14,0.0,False,0.004961585271558696,0.13139165366509198,0.24808032226306562,0.042675277071923805,4.26752770719238e-06,4.267527707192379e-06,0.026278779305122103,0.0,0.3602483623299768,-1.0104669539896713,-0.9484200628812217,0.3602483623299768
15.0,0.0,0.0,0.09334263092918854,-0.9338897531280765,0.0690345597912858,18.66852618583771,3.0,0.0,0.10534422571474675,0.0,0.0,False,0.005002366831917633,0.09334263092918853,0.2501194076599028,0.04262238484319971,4.2622384843199725e-06,4.262238484319972e-06,0.018668844463324147,0.0,-0.08553776864575524,-1.0029243129193623,-1.0392339788428233,0.08553776864575524
16.0,0.0,0.0,0.1061060651487876,-0.8034348079477591,0.09904325378650361,21.22121302975752,3.0,0.0,0.08509421723725254,0.13,0.0,False,0.0048538313198209174,0.1061060651487876,0.2426925995597739,0.04258774810914817,4.2587748109148164e-06,4.258774810914817e-06,0.021221574533687976,0.0,0.13045494518031742,-0.9024780617342627,-0.8885290251850116,0.13045494518031742
17.0,0.0,0.0,0.09294654574752917,-0.10987178851707924,0.10686264804522203,18.589309149505834,3.0,0.0,0.12719349245167572,-0.15,0.0,False,0.005300671753555911,0.09294654574752918,0.265034715794822,0.042565058879555154,4.256505887955516e-06,4.256505887955516e-06,0.01858962565017404,0.0,0.6935630194306799,-0.21673443656230126,-0.23706528096875495,0.6935630194306799
18.0,0.0,0.0,0.022422105088776057,-0.39289955386408143,0.07491739364748355,4.484421017755212,3.0,0.0,0.12605043090349471,0.0,0.0,False,0.005247128446516714,0.022422105088776057,0.2623575386574742,0.042550192925283656,4.255019292528367e-06,4.2550192925283665e-06,0.004484497342622231,0.0,-0.2830277653470022,-0.467816947511565,-0.5189499847675761,0.2830277653470022
19.0,0.0,0.0,0.055533687519456046,-0.481206729946474,0.20573114531547781,11.106737503891209,3.0,0.0,0.1143540326951678,0.11,0.0,False,0.005071887422627733,0.055533687519456046,0.25359544993328986,0.0425404514451206,4.254045144512061e-06,4.254045144512061e-06,0.01110692649733822,0.0,-0.08830717608239258,-0.6869378752619518,-0.5955607626416418,0.08830717608239258
20.0,0.0,0.0,0.06386517962489839,-0.07224072417224142,0.14652461796038319,12.773035924979677,3.0,0.0,0.16244913347116643,-0.04,0.0,False,0.005070908952566637,0.06386517962489839,0.25354652606024775,0.04253406740151187,4.253406740151185e-06,4.253406740151186e-06,0.01277325323972373,0.0,0.4089660057742326,-0.2187653421326246,-0.23468985764340786,0.4089660057742326
21.0,0.0,0.0,0.026853906677457864,0.3383708535319203,0.16062202286055496,5.370781335491573,3.0,0.0,0.1574586485317836,-0.18,0.0,False,0.005310612405491079,0.026853906677457864,0.26553174957318576,0.04252988339718566,4.252988339718564e-06,4.252988339718564e-06,0.005370872702584567,0.0,0.41061157770416173,0.17774883067136535,0.18091220500013672,0.41061157770416173
22.0,0.0,0.0,-0.01760132272827346,0.2302285304056479,0.10666022021300006,-3.5202645456546926,3.0,0.0,0.1963040530699358,0.05,0.0,False,0.005272935701631344,0.01760132272827346,0.2636479062959717,0.042527141159834476,4.252714115983449e-06,4.252714115983449e-06,-0.00352032442811493,0.0,-0.10814232312627242,0.12356831019264783,0.03392447733571208,0.10814232312627242
23.0,0.0,0.0,-0.005425892772175599,0.1680389955781092,0.15749037581899933,-1.0851785544351198,3.0,0.0,0.16235388357950442,0.06,0.0,False,0.005003849951040503,0.006088047250384797,0.2501935615042232,0.04252534382553204,4.252534382553201e-06,4.252534382553203e-06,-0.0010851970133930785,0.0,-0.062189534827538695,0.010548619759109867,0.005685111998604775,0.062189534827538695
24.0,0.0,0.0,0.0029674175956082,0.668157682605528,0.08457202616349496,0.59348351912164,3.0,0.0,0.1759684489941134,-0.03,0.0,False,0.005082587452645617,0.004819986815473628,0.2541304532962381,0.04252416578609152,4.252416578609152e-06,4.252416578609151e-06,0.0005934936140353353,0.0,0.5001186870274188,0.583585656442033,0.4921892336114146,0.5001186870274188
25.0,0.0,0.0,-0.04675789018822711,0.17066832208015442,0.19719547463169707,-9.351578037645423,3.0,0.0,0.19771380246898015,-0.07,0.0,False,0.005160454996609858,0.04675789018822711,0.25802384703078896,0.042523393647102156,4.252339364710216e-06,4.252339364710216e-06,-0.009351737101302672,0.0,-0.49748936052537357,-0.026527152551542643,-0.027045480388825732,0.49748936052537357
26.0,0.0,0.0,0.002518715843793435,0.527596709617343,0.10885245991486665,0.503743168758687,3.0,0.0,0.20056883920240431,-0.02,0.0,False,0.00534223825195035,0.004768928152161785,0.2671130484344998,0.042522887549586885,4.252288754958689e-06,4.252288754958688e-06,0.0005037517369678999,0.0,0.35692838753718853,0.4187442497024763,0.32702787041493864,0.35692838753718853
27.0,0.0,0.0,-0.034593283497038926,0.6533867350856548,0.09072105996125505,-6.918656699407785,3.0,0.0,0.19585601603344174,0.14,0.0,False,0.0050409432112908424,0.034593283497038926,0.2520482323334877,0.04252255582707921,4.252255582707923e-06,4.252255582707922e-06,-0.0069187743784936825,0.0,0.12579002546831186,0.5626656751243998,0.4575307190522131,0.12579002546831186
28.0,0.0,0.0,-0.04681660749322289,-0.5475116708397411,0.15850950238825184,-9.363321498644577,3.0,0.0,0.18165651967280996,-0.04,0.0,False,0.005199008269773457,0.04681660749322289,0.2599515188586178,0.04252233839831703,4.252233839831701e-06,4.252233839831702e-06,-0.00936348075809749,0.0,-1.200898405925396,-0.7060211732279928,-0.729168190512551,1.200898405925396
29.0,0.0,0.0,0.07482703298724779,-0.603321126971946,0.1244443749411202,14.965406597449558,3.0,0.0,0.18521070639529338,0.04,0.0,False,0.004861445165699433,0.0748270329872478,0.24307329188158974,0.04252219588353538,4.252219588353537e-06,4.252219588353538e-06,0.014965661141147517,0.0,-0.05580945613220489,-0.7277655019130662,-0.7885318333672393,0.05580945613220489
30.0,0.0,0.0,0.0835065263205053,-0.13092929628601901,0.13160417078691458,16.70130526410106,3.0,0.0,0.20077456808150765,0.01,0.0,False,0.004821850876135159,0.0835065263205053,0.24109356898294323,0.042522102471379226,4.2522102471379225e-06,4.2522102471379225e-06,0.01670158933273868,0.0,0.47239183068592694,-0.26253346707293357,-0.33170386436752664,0.47239183068592694
31.0,0.0,0.0,0.03623027012556427,0.0876803150203192,0.14011795980189642,7.246054025112854,3.0,0.0,0.2317618905984534,-0.09,0.0,False,0.005087841547393617,0.03623027012556426,0.2543931590967214,0.042522041243776856,4.252204124377685e-06,4.252204124377686e-06,0.0072461772713920255,0.0,0.21860961130633821,-0.052437644781577225,-0.1440815755781342,0.21860961130633821
32.0,0.0,0.0,0.015274596137614843,0.42933300551852416,0.22290315539803873,3.0549192275229684,3.0,0.0,0.23138110789482624,0.07,0.0,False,0.005164903954501002,0.01527459613761484,0.25824629583530856,0.04252200111172609,4.252200111172611e-06,4.25220011117261e-06,0.0030549711878135395,0.0,0.34165269049820496,0.20642985012048543,0.19795189762369791,0.34165269049820496
33.0,0.0,0.0,-0.018222426229883206,-0.13674680496041997,0.17083477811449588,-3.6444852459766413,3.0,0.0,0.2404295239284374,-0.04,0.0,False,0.005473569219451768,0.018222426229883206,0.27367962470745066,0.04252197480688926,4.2521974806889265e-06,4.252197480688927e-06,-0.003644547233996982,0.0,-0.5660798104789442,-0.30758158307491584,-0.3771763288888573,0.5660798104789442
34.0,0.0,0.0,0.046334193836537516,0.02517977272611449,0.4055654593439627,9.266838767307503,3.0,0.0,0.2471048689519467,0.16,0.0,False,0.005350490166519273,0.04633419383653752,0.26752564589254274,0.042521957565193544,4.2521957565193565e-06,4.252195756519356e-06,0.009266996384287213,0.0,0.16192657768653446,-0.3803856866178482,-0.2219250962258322,0.16192657768653446
35.0,0.0,0.0,0.0289515050049641,-0.5598318034174935,0.35187351817450363,5.79030100099282,3.0,0.0,0.3266049845080758,-0.05,0.0,False,0.005514664826437436,0.028951505004964097,0.27573441379327884,0.04252194626399751,4.252194626399752e-06,4.252194626399751e-06,0.005790399486521246,0.0,-0.585011576143608,-0.9117053215919971,-0.8864367879255692,0.585011576143608
36.0,0.0,0.0,0.09158719172723327,-0.5583277900251263,0.4706949675658291,18.317438345446654,3.0,0.0,0.31470097814745585,0.02,0.0,False,0.0055628072749629815,0.09158719172723327,0.27814154645490313,0.04252193885654483,4.2521938856544815e-06,4.252193885654482e-06,0.018317749901319184,0.0,0.001504013392367165,-1.0290227575909554,-0.8730287681725821,0.001504013392367165
37.0,0.0,0.0,0.09606035898272232,0.2138007481454266,0.5755471929205526,19.212071796544464,3.0,0.0,0.35605958617967204,0.19,0.0,False,0.005611484241444934,0.09606035898272232,0.2805754051280595,0.04252193400127473,4.2521934001274746e-06,4.252193400127474e-06,0.019212398568934537,0.0,0.7721285381705529,-0.36174644477512596,-0.14225883803424544,0.7721285381705529
38.0,0.0,0.0,0.024382887245554808,-0.2550608721207559,0.6822434137868002,4.876577449110962,3.0,0.0,0.40229622316332014,0.25,0.0,False,0.00524625845455871,0.024382887245554808,0.2623140381331308,0.042521930818851625,4.2521930818851625e-06,4.2521930818851625e-06,0.0048766603933538336,0.0,-0.4688616202661825,-0.9373042859075561,-0.657357095284076,0.4688616202661825
39.0,0.0,0.0,0.08057839673580541,0.29260739886838594,0.7956619713065352,16.115679347161084,3.0,0.0,0.45763480463819767,0.22,0.0,False,0.005392344647911384,0.0805783967358054,0.26961837886004336,0.04252192873290852,4.252192873290852e-06,4.252192873290853e-06,0.016115953453903,0.0,0.5476682709891418,-0.5030545724381492,-0.16502740576981173,0.5476682709891418
40.0,0.0,0.0,0.03120657124478402,0.8959801920664825,0.7694588842510482,6.241314248956804,3.0,0.0,0.5507402269815155,0.2,0.0,False,0.005064406345513393,0.031206571244784022,0.2532213940172635,0.04252192736566145,4.2521927365661454e-06,4.252192736566145e-06,0.006241420405589867,0.0,0.6033727931980966,0.12652130781543425,0.345239965084967,0.6033727931980966
41.0,0.0,0.0,-0.02482227840295859,1.4604089524298973,0.7214513511112852,-4.964455680591718,3.0,0.0,0.604679746134005,-0.03,0.0,False,0.005013404999455692,0.024822278402958597,0.2506713158709783,0.04252192646948904,4.252192646948904e-06,4.252192646948905e-06,-0.004964540119520429,0.0,0.5644287603634148,0.7389576013186121,0.8557292062958923,0.5644287603634148
42.0,0.0,0.0,-0.08436699175700695,1.9145681258653156,0.5307774449566731,-16.873398351401388,3.0,0.0,0.6477521305814115,0.0,0.0,False,0.005073658488962883,0.08436699175700692,0.25368400315679523,0.04252192588208612,4.252192588208611e-06,4.252192588208612e-06,-0.016873685345938673,0.0,0.45415917343541823,1.3837906809086424,1.266815995283904,0.45415917343541823
43.0,0.0,0.0,-0.12902905613866955,1.5787079360545342,0.5635573921976784,-25.80581122773391,3.0,0.0,0.6167210976249755,-0.09,0.0,False,0.0051798806946299295,0.12902905613866952,0.25899513602400137,0.042521925497068444,4.252192549706844e-06,4.252192549706844e-06,-0.025806250150980477,0.0,-0.33586018981078136,1.0151505438568558,0.9619868384295587,0.33586018981078136
44.0,0.0,0.0,-0.09814400635070614,1.8872122568936782,0.5333319297013531,-19.628801270141228,3.0,0.0,0.6242501316590604,-0.08,0.0,False,0.005594490380650006,0.09814400635070612,0.27972570847500905,0.042521925244705674,4.2521925244705684e-06,4.252192524470569e-06,-0.019629135130489684,0.0,0.30850432083914403,1.353880327192325,1.2629621252346177,0.30850432083914403
45.0,0.0,0.0,-0.12432744025630592,1.530966279906126,0.7080576579157379,-24.865488051261185,3.0,0.0,0.5972470061869667,0.1,0.0,False,0.005352206944686814,0.12432744025630592,0.2676114851650543,0.04252192507929264,4.252192507929263e-06,4.2521925079292635e-06,-0.02486591098083078,0.0,-0.3562459769875521,0.8229086219903882,0.9337192737191594,0.3562459769875521
46.0,0.0,0.0,-0.08645662210100814,2.0241145576149284,0.7389894022008316,-17.29132442020163,3.0,0.0,0.6439114211201205,0.12,0.0,False,0.0051280878650260655,0.08645662210100814,0.25640548353214043,0.042521924970871386,4.252192497087138e-06,4.252192497087139e-06,-0.017291618523110886,0.0,0.4931482777088023,1.2851251554140968,1.380203136494808,0.4931482777088023
47.0,0.0,0.0,-0.1370003690887152,1.7464149080891176,0.5130526736081479,-27.400073817743042,3.0,0.0,0.6663816773860545,-0.05,0.0,False,0.005350274014467773,0.13700036908871518,0.26751483824313776,0.04252192489980588,4.252192489980587e-06,4.252192489980588e-06,-0.027400539857313798,0.0,-0.27769964952581083,1.2333622344809698,1.0800332307030631,0.27769964952581083
48.0,0.0,0.0,-0.11251650065134144,1.6629917826912537,0.38741496839108325,-22.50330013026829,3.0,0.0,0.6540817391307487,0.12,0.0,False,0.0053067590261500494,0.11251650065134147,0.26533907957554503,0.04252192485322546,4.252192485322546e-06,4.252192485322545e-06,-0.022503682882095574,0.0,-0.0834231253978639,1.2755768143001704,1.008910043560505,0.0834231253978639
49.0,0.0,0.0,-0.10587633487473908,0.9846373466518983,0.49588193240679107,-21.175266974947814,3.0,0.0,0.6212259794847771,0.1,0.0,False,0.005137192989868131,0.10587633487473909,0.25686074171007717,0.04252192482269396,4.252192482269395e-06,4.252192482269396e-06,-0.02117562713866049,0.0,-0.6783544360393554,0.4887554142451072,0.3634113671671212,0.6783544360393554
50.0,0.0,0.0,-0.03448605656644656,1.6875855203502903,0.626979986977204,-6.897211313289311,3.0,0.0,0.6042059236161029,0.12,0.0,False,0.005032223417847752,0.03448605656644656,0.25161224079151645,0.04252192480268187,4.252192480268186e-06,4.252192480268186e-06,-0.0068973286258708,0.0,0.702948173698392,1.0606055333730864,1.0833795967341873,0.702948173698392
51.0,0.0,0.0,-0.10312057670703735,2.560724665450106,0.5998924593210667,-20.62411534140747,3.0,0.0,0.6397694489199125,-0.05,0.0,False,0.004693600179649028,0.10312057670703735,0.2346810068870206,0.04252192478956478,4.252192478956478e-06,4.252192478956478e-06,-0.020624466130748403,0.0,0.8731391450998158,1.9608322061290395,1.9209552165301935,0.8731391450998158
52.0,0.0,0.0,-0.18816227043820274,2.496121042856984,0.6594765214918354,-37.63245408764055,3.0,0.0,0.656357828852882,-0.12,0.0,False,0.004943032771521498,0.1881622704382027,0.24715268951241334,0.0425219247809671,4.252192478096709e-06,4.25219247809671e-06,-0.03763309416667161,0.0,-0.06460362259312191,1.8366445213651488,1.8397632140041023,0.06460362259312191
53.0,0.0,0.0,-0.18241961431434356,2.284702876417362,0.6094314328489447,-36.48392286286871,3.0,0.0,0.6790619559585285,0.01,0.0,False,0.0048324513323166965,0.18241961431434356,0.24162359404149492,0.04252192477533167,4.252192477533166e-06,4.252192477533167e-06,-0.036484543406879406,0.0,-0.2114181664396222,1.6752714435684173,1.6056409204588336,0.2114181664396222
54.0,0.0,0.0,-0.16005797946597045,2.6641371341653297,0.6354841329654122,-32.01159589319409,3.0,0.0,0.6718861155479631,-0.14,0.0,False,0.005134193777418516,0.1600579794659705,0.2567107804499336,0.0425219247716379,4.25219247716379e-06,4.252192477163789e-06,-0.032012140368747825,0.0,0.3794342577479677,2.0286530011999178,1.9922510186173668,0.3794342577479677
55.0,0.0,0.0,-0.1958211742033256,2.054476703190395,0.6325671151197139,-39.16423484066512,3.0,0.0,0.684089051890848,-0.04,0.0,False,0.005100150163949883,0.1958211742033256,0.25500859253850205,0.04252192476921678,4.252192476921676e-06,4.252192476921677e-06,-0.03916490097329161,0.0,-0.6096604309749347,1.4219095880706811,1.370387651299547,0.6096604309749347
56.0,0.0,0.0,-0.1349981209842566,2.1202298437471,0.712316235296852,-26.999624196851318,3.0,0.0,0.7058837586658853,-0.07,0.0,False,0.00527878409390593,0.13499812098425662,0.26394032701559705,0.04252192476762984,4.2521924767629835e-06,4.252192476762984e-06,-0.02700008342529412,0.0,0.06575314055670489,1.407913608450248,1.4143460850812146,0.06575314055670489
57.0,0.0,0.0,-0.14272868790799775,1.6298680767843918,0.6949989422314247,-28.545737581599553,3.0,0.0,0.7044667914481083,0.01,0.0,False,0.0051050989314825055,0.14272868790799775,0.25525603196728863,0.042521924766589676,4.252192476658967e-06,4.252192476658967e-06,-0.02854622310741734,0.0,-0.49036176696270806,0.9348691345529672,0.9254012853362835,0.49036176696270806
58.0,0.0,0.0,-0.0932888912667032,1.9345981564226022,0.6086060693614997,-18.65777825334064,3.0,0.0,0.6929126191744766,0.02,0.0,False,0.004952185034411309,0.0932888912667032,0.2476103046027627,0.04252192476590788,4.252192476590789e-06,4.2521924765907885e-06,-0.01865809559784851,0.0,0.3047300796382104,1.3259920870611026,1.2416855372481257,0.3047300796382104
59.0,0.0,0.0,-0.12719927420823246,1.5929285298937574,0.5381461385414126,-25.43985484164649,3.0,0.0,0.6969593300012801,0.01,0.0,False,0.005188144940497977,0.12719927420823246,0.259408350074443,0.04252192476546101,4.252192476546101e-06,4.252192476546101e-06,-0.025440287540444025,0.0,-0.3416696265288448,1.0547823913523449,0.8959691998924774,0.3416696265288448
60.0,0.0,0.0,-0.0927194970039088,1.2837934610695223,0.5336839486602256,-18.54389940078176,3.0,0.0,0.6625783705504371,-0.01,0.0,False,0.005327442415968062,0.0927194970039088,0.2663732534639311,0.04252192476516809,4.252192476516809e-06,4.2521924765168095e-06,-0.018544214808358665,0.0,-0.30913506882423514,0.7501095124092967,0.6212150905190852,0.30913506882423514
61.0,0.0,0.0,-0.06573754714994334,1.401222792454678,0.5882732836423629,-13.14750942998867,3.0,0.0,0.6657138467972898,0.1,0.0,False,0.004981056208254982,0.06573754714994334,0.2490538694332358,0.042521924764976085,4.25219247649761e-06,4.25219247649761e-06,-0.013147733052000524,0.0,0.11742933138515577,0.8129495088123152,0.7355089456573882,0.11742933138515577
62.0,0.0,0.0,-0.07881458330562195,0.021660986221667455,0.5225636255460331,-15.76291666112439,3.0,0.0,0.6264040131349179,-0.02,0.0,False,0.00524798270180812,0.07881458330562195,0.26240025086203406,0.04252192476485026,4.252192476485025e-06,4.252192476485025e-06,-0.015763184767806894,0.0,-1.3795618062330106,-0.5009026393243656,-0.6047430269132504,1.3795618062330106
63.0,0.0,0.0,0.05721896967373643,-0.0902791731635526,0.4371420625204012,11.443793934747285,3.0,0.0,0.6130602026595495,-0.07,0.0,False,0.005361249664387023,0.057218969673736436,0.26806362307262555,0.04252192476476777,4.252192476476778e-06,4.252192476476777e-06,0.011443988578777516,0.0,-0.11194015938522006,-0.5274212356839538,-0.7033393758231021,0.11194015938522006
64.0,0.0,0.0,0.06576503312726042,-0.09123623892642575,0.29597811414271685,13.153006625452084,3.0,0.0,0.59386284826265,0.06,0.0,False,0.005150012596799792,0.06576503312726042,0.25750172478223043,0.04252192476471372,4.252192476471372e-06,4.25219247647137e-06,0.013153230340964073,0.0,-0.0009570657628731466,-0.3872143530691426,-0.6850990871890758,0.0009570657628731466
65.0,0.0,0.0,0.054346811935050955,-0.3653074175927502,0.05882967449818802,10.869362387010192,3.0,0.0,0.5673851403880059,0.52,0.0,False,0.00505661990441435,0.054346811935050955,0.25283207030677324,0.04252192476467826,4.252192476467827e-06,4.252192476467827e-06,0.010869547260707945,0.0,-0.27407117866632447,-0.4241370920909382,-0.9326925579807561,0.27407117866632447
66.0,0.0,0.0,0.07489178571895408,-0.09885362615225446,0.2062274479167459,14.978357143790815,3.0,0.0,0.45224343507932574,0.15,0.0,False,0.005588739823561955,0.07489178571895408,0.2794381793979693,0.04252192476465504,4.252192476465504e-06,4.252192476465505e-06,0.014978611906137753,0.0,0.26645379144049575,-0.30508107406900037,-0.5510970612315802,0.26645379144049575
67.0,0.0,0.0,0.04824391908440561,0.046043574866543924,0.21705399523957372,9.648783816881123,3.0,0.0,0.3836263623111802,0.05,0.0,False,0.005305904468776096,0.04824391908440561,0.2652963515251579,0.042521924764639826,4.252192476463981e-06,4.252192476463982e-06,0.0096489479301271,0.0,0.14489720101879838,-0.1710104203730298,-0.33758278744463627,0.14489720101879838
68.0,0.0,0.0,0.030216825974047703,0.38313659693305996,0.27619443765657525,6.043365194809541,3.0,0.0,0.3835958218132902,0.09,0.0,False,0.004875187169635659,0.030216825974047703,0.24376039499349317,0.042521924764629834,4.252192476462983e-06,4.252192476462984e-06,0.006043467984580518,0.0,0.33709302206651603,0.1069421592764847,-0.00045922488023025787,0.33709302206651603
69.0,0.0,0.0,0.0010209983687574427,0.4517269420588645,0.4928013554117421,0.20419967375148856,3.0,0.0,0.34821825899502457,0.07,0.0,False,0.004680120275657127,0.003934619584953419,0.2340070088214676,0.0425219247646233,4.252192476462331e-06,4.25219247646233e-06,0.0002042031469219858,0.0,0.06859034512580453,-0.04107441335287759,0.10350868306383992,0.06859034512580453
70.0,0.0,0.0,-0.0016516133930035298,0.0819415303434815,0.46241454419322553,-0.33032267860070597,3.0,0.0,0.3933467976947135,-0.06,0.0,False,0.005105496609232905,0.004256127693513107,0.2552759159393587,0.04252192476461902,4.2521924764619006e-06,4.252192476461901e-06,-0.0003303282969592509,0.0,-0.369785411715383,-0.380473013849744,-0.311405267351232,0.369785411715383
71.0,0.0,0.0,0.040600918044830875,0.16922561843656242,0.48093442674201126,8.120183608966174,3.0,0.0,0.435210456979927,0.01,0.0,False,0.005202306092674977,0.040600918044830875,0.2601164106940902,0.042521924764616206,4.25219247646162e-06,4.25219247646162e-06,0.008120321722713491,0.0,0.08728408809308091,-0.31170880830544884,-0.2659848385433646,0.08728408809308091
72.0,0.0,0.0,0.0393130786329847,0.37546026899348717,0.7097141603719472,7.86261572659694,3.0,0.0,0.4879593429377028,0.23,0.0,False,0.005150676473015484,0.0393130786329847,0.2575349187341615,0.04252192476461437,4.252192476461437e-06,4.252192476461436e-06,0.007862749459450027,0.0,0.20623465055692475,-0.33425389137846007,-0.11249907394421566,0.20623465055692475
73.0,0.0,0.0,0.02553597516739132,0.2732629319299017,0.7636027804793105,5.107195033478264,3.0,0.0,0.5623647631052685,0.08,0.0,False,0.005262073172902167,0.025535975167391315,0.26310477741250615,0.042521924764613146,4.252192476461316e-06,4.252192476461315e-06,0.005107281900214073,0.0,-0.10219733706358547,-0.4903398485494088,-0.2891018311753668,0.10219733706358547
74.0,0.0,0.0,0.041261437884973724,0.3307070987795532,0.7970262164041919,8.252287576994744,3.0,0.0,0.6308254498614744,0.16,0.0,False,0.005061186827503701,0.04126143788497371,0.25306041743221247,0.042521924764612355,4.252192476461236e-06,4.2521924764612365e-06,0.00825242793765849,0.0,0.05744416684965148,-0.46631911762463873,-0.3001183510819212,0.05744416684965148
75.0,0.0,0.0,0.04088409807830915,0.17811731780894857,0.8672302711519438,8.176819615661831,3.0,0.0,0.6858860833584256,0.1,0.0,False,0.004981020401109221,0.04088409807830915,0.24905207906833474,0.04252192476461185,4.252192476461185e-06,4.252192476461184e-06,0.008176958692713844,0.0,-0.1525897809706046,-0.6891129533429953,-0.507768765549477,0.1525897809706046
76.0,0.0,0.0,0.06149954735417003,0.39565043194936933,0.8925250368334006,12.299909470834006,3.0,0.0,0.739556771915357,0.13,0.0,False,0.005005633724727596,0.06149954735417003,0.250282750482283,0.04252192476461149,4.252192476461149e-06,4.25219247646115e-06,0.012300118676274466,0.0,0.21753311414042076,-0.49687460488403123,-0.34390633996598763,0.21753311414042076
77.0,0.0,0.0,0.046385148472581336,0.13123068656811065,0.8790024768105461,9.277029694516267,3.0,0.0,0.7931258667462764,-0.02,0.0,False,0.0050536414814952345,0.046385148472581336,0.252683148527576,0.04252192476461127,4.252192476461127e-06,4.252192476461128e-06,0.00927718748470879,0.0,-0.2644197453812587,-0.7477717902424355,-0.6618951801781657,0.2644197453812587
78.0,0.0,0.0,0.07297652639578482,0.16460489404026962,0.8077477249899914,14.595305279156964,3.0,0.0,0.85951177860415,-0.02,0.0,False,0.005161571526713986,0.07297652639578482,0.25807967373547985,0.042521924764611134,4.252192476461113e-06,4.252192476461114e-06,0.014595553526290555,0.0,0.03337420747215897,-0.6431428309497218,-0.6949068845638804,0.03337420747215897
79.0,0.0,0.0,0.06633699821592376,-0.2283605083158559,0.752264102439933,13.267399643184753,3.0,0.0,0.861011466037783,0.15,0.0,False,0.004928989332351317,0.06633699821592376,0.24645051456813355,0.042521924764611044,4.252192476461104e-06,4.2521924764611035e-06,0.013267625304372966,0.0,-0.39296540235612554,-0.9806246107557889,-1.089371974353639,0.39296540235612554
80.0,0.0,0.0,0.10952394399435937,0.21619878627395994,0.8561182130005336,21.904788798871873,3.0,0.0,0.8279889800837427,0.04,0.0,False,0.0049624608843364375,0.10952394399435939,0.24812409928376367,0.042521924764610974,4.252192476461099e-06,4.2521924764610976e-06,0.021905161370800123,0.0,0.4445592945898158,-0.6399194267265736,-0.6117901938097827,0.4445592945898158
81.0,0.0,0.0,0.06385960155907368,0.07954527484431159,0.6974060237381001,12.771920311814736,3.0,0.0,0.8669022174722688,-0.06,0.0,False,0.005370492095789734,0.06385960155907368,0.26852574660779094,0.042521924764610926,4.252192476461093e-06,4.252192476461093e-06,0.012772137545544843,0.0,-0.13665351142964835,-0.6178607488937885,-0.7873569426279572,0.13665351142964835
82.0,0.0,0.0,0.0798706883717814,0.8720423499391252,0.8266574424853659,15.97413767435628,3.0,0.0,0.854808379030561,0.13,0.0,False,0.004819653653333624,0.0798706883717814,0.24098370737143135,0.04252192476461091,4.252192476461092e-06,4.252192476461091e-06,0.015974409373633095,0.0,0.7924970750948136,0.04538490745375934,0.017233970908564267,0.7924970750948136
83.0,0.0,0.0,0.0015217143408355976,0.8163100309310803,0.879182717704222,0.30434286816711953,3.0,0.0,0.878269139839134,-0.13,0.0,False,0.00489335684982223,0.0041259365884199276,0.24466888286587055,0.0425219247646109,4.25219247646109e-06,4.252192476461089e-06,0.00030434804464292507,0.0,-0.05573231900804487,-0.06287268677314162,-0.06195910890805367,0.05573231900804487
84.0,0.0,0.0,0.011841581154761922,0.4448730983185579,0.9204654308819541,2.3683162309523844,3.0,0.0,0.8872598168785948,-0.01,0.0,False,0.00518441590505467,0.011841581154761922,0.25922189750944874,0.04252192476461088,4.252192476461087e-06,4.252192476461088e-06,0.002368356512926932,0.0,-0.3714369326125224,-0.47559233256339617,-0.44238671856003686,0.3714369326125224
85.0,0.0,0.0,0.05178787042410833,0.8278683855812439,1.0058045296324039,10.357574084821666,3.0,0.0,0.9347283601128141,0.04,0.0,False,0.005366926364410002,0.05178787042410832,0.2683474592806955,0.04252192476461086,4.252192476461086e-06,4.2521924764610866e-06,0.010357750253666944,0.0,0.38299528726268595,-0.17793614405115998,-0.10685997453157026,0.38299528726268595
86.0,0.0,0.0,0.0181842230515226,0.8620931123992069,1.131319990404452,3.63684461030452,3.0,0.0,0.9627628131592901,0.13,0.0,False,0.005327009513115263,0.0181842230515226,0.2663516082292518,0.04252192476461086,4.252192476461086e-06,4.2521924764610866e-06,0.003636906468294645,0.0,0.03422472681796307,-0.26922687800524503,-0.10066970076008319,0.03422472681796307
87.0,0.0,0.0,0.018980360362591753,-0.010442004534213511,1.1573280127117138,3.7960720725183505,3.0,0.0,1.009714482237292,0.12,0.0,False,0.005289366025273525,0.018980360362591753,0.26446942583379707,0.04252192476461086,4.252192476461086e-06,4.2521924764610866e-06,0.003796136638760227,0.0,-0.8725351169334205,-1.1677700172459273,-1.0201564867715056,0.8725351169334205
88.0,0.0,0.0,0.10888597710086342,-0.6857829825614342,1.1502601894623734,21.777195420172685,3.0,0.0,1.051900751432401,0.13,0.0,False,0.00516850574541685,0.10888597710086342,0.25842638614490476,0.04252192476461086,4.252192476461086e-06,4.2521924764610866e-06,0.02177756582190374,0.0,-0.6753409780272207,-1.8360431720238077,-1.7376837339938351,0.6753409780272207
89.0,0.0,0.0,0.17833230740567185,-0.8233275819497929,1.205587075793431,35.66646148113437,3.0,0.0,1.0784409166810505,0.01,0.0,False,0.0053613345949708015,0.17833230740567188,0.2680678696198714,0.04252192476461086,4.252192476461086e-06,4.2521924764610866e-06,0.03566706812119148,0.0,-0.13754459938835872,-2.0289146577432238,-1.9017684986308434,0.13754459938835872
90.0,0.0,0.0,0.20196463380766258,-0.10775248533055581,1.4264921730130118,40.392926761532514,3.0,0.0,1.0975780066600753,0.43,0.0,False,0.004842685055059924,0.2019646338076626,0.24213528235444398,0.04252192476461086,4.252192476461086e-06,4.2521924764610866e-06,0.0403936137926082,0.0,0.7155750966192371,-1.5342446583435676,-1.2053304919906311,0.7155750966192371
91.0,0.0,0.0,0.13670129979101003,-0.5064369974560955,1.4924822672636935,27.340259958202008,3.0,0.0,1.19636169575165,0.28,0.0,False,0.00497948460120523,0.13670129979101003,0.24897528874660935,0.04252192476461086,4.252192476461086e-06,4.2521924764610866e-06,0.027340724980415412,0.0,-0.3986845121255397,-1.998919264719789,-1.7027986932077455,0.3986845121255397
92.0,0.0,0.0,0.18255350233691114,-0.11032759970983091,1.611540728703224,36.51070046738223,3.0,0.0,1.2592895765914676,0.13,0.0,False,0.0050182767872706665,0.18255350233691114,0.2509149062974733,0.04252192476461086,4.252192476461086e-06,4.2521924764610866e-06,0.03651132146684494,0.0,0.3961093977462646,-1.721868328413055,-1.3696171763012985,0.3961093977462646
93.0,0.0,0.0,0.15160017621155775,0.5910216641116045,1.6394357060302798,30.32003524231155,3.0,0.0,1.3191368385444735,0.39,0.0,False,0.00495774020829185,0.15160017621155775,0.2478880644778732,0.04252192476461086,4.252192476461086e-06,4.2521924764610866e-06,0.030320550946621623,0.0,0.7013492638214354,-1.0484140419186754,-0.728115174432869,0.7013492638214354
94.0,0.0,0.0,0.08843448582433579,0.6956790473690284,1.6828003491361978,17.68689716486716,3.0,0.0,1.4057063940621808,0.23,0.0,False,0.005246435956897585,0.08843448582433579,0.26232291328765445,0.04252192476461086,4.252192476461086e-06,4.2521924764610866e-06,0.017687197995952177,0.0,0.10465738325742391,-0.9871213017671694,-0.7100273466931524,0.10465738325742391
95.0,0.0,0.0,0.08108613308261123,1.8881298863342928,1.7202407305297078,16.217226616522247,3.0,0.0,1.4753853243777255,0.01,0.0,False,0.005461605746051453,0.08108613308261123,0.27308144849251575,0.04252192476461086,4.252192476461086e-06,4.2521924764610866e-06,0.016217502450425365,0.0,1.1924508389652644,0.16788915580458497,0.4127445619565673,1.1924508389652644
96.0,0.0,0.0,-0.03668923114816223,2.4325707021182037,1.5518712654750146,-7.337846229632445,3.0,0.0,1.5065576178873916,-0.01,0.0,False,0.005155679301107466,0.03668923114816223,0.25778506120240996,0.04252192476461086,4.252192476461086e-06,4.2521924764610866e-06,-0.00733797103683986,0.0,0.5444408157839109,0.8806994366431891,0.9260130842308121,0.5444408157839109
97.0,0.0,0.0,-0.08421949305006192,2.109014715521485,1.6777334698674458,-16.843898610012385,3.0,0.0,1.5212297743690382,0.07,0.0,False,0.005359728144583625,0.08421949305006192,0.2679875467589658,0.04252192476461086,4.252192476461086e-06,4.2521924764610866e-06,-0.016844185102789924,0.0,-0.3235559865967188,0.43128124565403914,0.5877849411524467,0.3235559865967188
98.0,0.0,0.0,-0.04801333964825789,1.9266455321792133,1.7698509246487586,-9.602667929651577,3.0,0.0,1.5903578657428494,-0.02,0.0,False,0.0057181176707560444,0.04801333964825789,0.2859070992646491,0.04252192476461086,4.252192476461086e-06,4.2521924764610866e-06,-0.009602831258526361,0.0,-0.1823691833422716,0.1567946075304547,0.3362876664363639,0.1823691833422716
99.0,0.0,0.0,-0.023933387507374643,2.481456734527571,1.8234558886280121,-4.786677501474928,3.0,0.0,1.6288711109408254,0.08,0.0,False,0.005889146874360612,0.023933387507374643,0.29445859580733214,0.04252192476461086,4.252192476461086e-06,4.2521924764610866e-06,-0.004786758916624967,0.0,0.5548112023483576,0.6580008458995588,0.8525856235867455,0.5548112023483576
100.0,0.0,0.0,-0.076986052394753,2.1013808352722236,1.9034136899340917,-15.3972104789506,3.0,0.0,1.6873065686369524,-0.01,0.0,False,0.005480259408977814,0.076986052394753,0.27401413560478205,0.04252192476461086,4.252192476461086e-06,4.2521924764610866e-06,-0.015397472365447222,0.0,-0.38007589925534724,0.19796714533813198,0.41407426663527125,0.38007589925534724
101.0,0.0,0.0,-0.03479940142386241,2.4876140162188185,1.9355518858863643,-6.959880284772482,3.0,0.0,1.7115798426044022,0.12,0.0,False,0.005062441162286654,0.03479940142386241,0.2531231344380438,0.04252192476461086,4.252192476461086e-06,4.2521924764610866e-06,-0.006959998663271444,0.0,0.38623318094659487,0.5520621303324542,0.7760341736144163,0.38623318094659487
102.0,0.0,0.0,-0.07213705114729901,1.8125673501621584,1.820642898991778,-14.427410229459804,3.0,0.0,1.753379422345954,0.16,0.0,False,0.004815896792231523,0.07213705114729903,0.24079586351758145,0.04252192476461086,4.252192476461086e-06,4.2521924764610866e-06,-0.01442765562091727,0.0,-0.6750466660566601,-0.008075548829619583,0.05918792781620441,0.6750466660566601
103.0,0.0,0.0,-0.0017827435193682561,2.633748965913203,1.9708490738126516,-0.35654870387365123,3.0,0.0,1.7662281677145208,0.22,0.0,False,0.004679327219111973,0.003982913717650702,0.2339673558255984,0.04252192476461086,4.252192476461086e-06,4.2521924764610866e-06,-0.0003565547683027282,0.0,0.8211816157510445,0.6628998921005513,0.8675207981986821,0.8211816157510445
104.0,0.0,0.0,-0.07624269712942566,1.848534658571767,2.0396696784351924,-15.248539425885133,3.0,0.0,1.7947395359400469,0.18,0.0,False,0.004820826287004529,0.07624269712942566,0.2410423393042898,0.04252192476461086,4.252192476461086e-06,4.2521924764610866e-06,-0.015248798783680774,0.0,-0.7852143073414359,-0.1911350198634254,0.05379512263172015,0.7852143073414359
105.0,0.0,0.0,0.00809208818663404,2.2632060236376605,2.0771700681503766,1.6184176373268082,3.0,0.0,1.8713057846877914,0.06,0.0,False,0.0054243823433069134,0.008468267156366756,0.2712202704412351,0.04252192476461086,4.252192476461086e-06,4.2521924764610866e-06,0.0016184451645029608,0.0,0.4146713650658935,0.1860359554872839,0.39190023894986914,0.4146713650658935
106.0,0.0,0.0,-0.017975341395726624,1.6950353114147445,2.380710424907647,-3.5950682791453246,3.0,0.0,1.9294572608939327,0.65,0.0,False,0.005302668495959385,0.017975341395726624,0.2651345521963233,0.04252192476461086,4.252192476461086e-06,4.2521924764610866e-06,-0.003595129426574467,0.0,-0.568170712222916,-0.6856751134929024,-0.23442194947918815,0.568170712222916
107.0,0.0,0.0,0.045230226298015486,2.3414514013722187,2.3529416159860714,9.046045259603098,3.0,0.0,2.0834487879498225,0.23,0.0,False,0.005183857492200373,0.045230226298015486,0.25919397674801,0.04252192476461086,4.252192476461086e-06,4.2521924764610866e-06,0.00904619912105122,0.0,0.6464160899574742,-0.01149021461385269,0.2580026134223963,0.6464160899574742
108.0,0.0,0.0,-0.01185411188568623,1.380455018449207,2.475693050782099,-2.370822377137246,3.0,0.0,2.1473471907762978,0.34,0.0,False,0.005245225524563807,0.01189871545736052,0.262262391413616,0.04252192476461086,4.252192476461086e-06,4.2521924764610866e-06,-0.002370862701738076,0.0,-0.9609963829230117,-1.095238032332892,-0.7668921723270907,0.9609963829230117
109.0,0.0,0.0,0.0903918014936708,1.5855441201558038,2.4331968426944144,18.07836029873416,3.0,0.0,2.222907762217088,0.09,0.0,False,0.0050316883500016165,0.0903918014936708,0.25158548728544805,0.04252192476461086,4.252192476461086e-06,4.2521924764610866e-06,0.018078667788097236,0.0,0.20508910170659678,-0.8476527225386106,-0.637363642061284,0.20508910170659678
110.0,0.0,0.0,0.07703469391138246,0.8620015297641377,2.5972988976633387,15.406938782276491,3.0,0.0,2.284392251552826,0.16,0.0,False,0.005084931144620584,0.07703469391138246,0.25424763833632696,0.04252192476461086,4.252192476461086e-06,4.2521924764610866e-06,0.015407200834238884,0.0,-0.7235425903916661,-1.735297367899201,-1.4223907217886884,0.7235425903916661
111.0,0.0,0.0,0.157297331305691,0.7677769154071494,2.6614019674237896,31.459466261138203,3.0,0.0,2.355907437586921,0.15,0.0,False,0.005484151482270524,0.15729733130569104,0.2742087400969098,0.04252192476461086,4.252192476461086e-06,4.2521924764610866e-06,0.03146000134568589,0.0,-0.09422461435698826,-1.8936250520166402,-1.5881305221797717,0.09422461435698826
112.0,0.0,0.0,0.16702279277433948,-0.41067932835652154,2.4897160730388177,33.4045585548679,3.0,0.0,2.4350082857474833,-0.02,0.0,False,0.005585776130888367,0.1670227927743395,0.2792899941341802,0.04252192476461086,4.252192476461086e-06,4.2521924764610866e-06,0.033405126722902176,0.0,-1.178456243763671,-2.9003954013953392,-2.845687614104005,1.178456243763671
113.0,0.0,0.0,0.2837439671040367,-0.08135879024804232,2.41898708912323,56.74879342080734,3.0,0.0,2.438040353803684,0.0,0.0,False,0.005393952765147106,0.2837439671040367,0.2696987850636235,0.04252192476461086,4.252192476461086e-06,4.2521924764610866e-06,0.05674975864387271,0.0,0.3293205381084792,-2.5003458793712725,-2.5193991440517265,0.3293205381084792
114.0,0.0,0.0,0.2538169106808806,0.48982302472049105,2.613021817425534,50.76338213617612,3.0,0.0,2.426820669381951,0.04,0.0,False,0.005352733716305196,0.2538169106808806,0.26763782385796164,0.04252192476461086,4.252192476461086e-06,4.2521924764610866e-06,0.050764245555191045,0.0,0.5711818149685334,-2.1231987927050433,-1.9369976446614598,0.5711818149685334
115.0,0.0,0.0,0.19998266431019773,0.26606444190944184,2.6117533949479403,39.996532862039544,3.0,0.0,2.4568642804786607,0.05,0.0,False,0.0049175326374231955,0.19998266431019773,0.2458776773859238,0.04252192476461086,4.252192476461086e-06,4.2521924764610866e-06,0.03999721315097127,0.0,-0.2237585828110492,-2.3456889530384983,-2.1907998385692187,0.2237585828110492
116.0,0.0,0.0,0.22690992542954969,0.605407606366007,2.7668230879887075,45.38198508590994,3.0,0.0,2.489692186061496,0.05,0.0,False,0.005078015007015496,0.22690992542954974,0.2539018299856352,0.04252192476461086,4.252192476461086e-06,4.2521924764610866e-06,0.04538275697436988,0.0,0.33934316445656515,-2.1614154816227007,-1.8842845796954888,0.33934316445656515
117.0,0.0,0.0,0.20232123928948856,0.4638378019578951,2.8709829206479465,40.46424785789771,3.0,0.0,2.535211939438824,0.34,0.0,False,0.004996566930204632,0.20232123928948853,0.24982940882844695,0.04252192476461086,4.252192476461086e-06,4.2521924764610866e-06,0.04046493610205235,0.0,-0.1415698044081119,-2.4071451186900514,-2.071374137480929,0.1415698044081119
118.0,0.0,0.0,0.22031338647249474,0.1304220213219192,2.7760417477279065,44.06267729449895,3.0,0.0,2.6286630147034673,-0.05,0.0,False,0.005201887123952096,0.22031338647249474,0.2600954621688693,0.04252192476461086,4.252192476461086e-06,4.2521924764610866e-06,0.044063426743251644,0.0,-0.3334157806359759,-2.6456197264059873,-2.498240993381548,0.3334157806359759
119.0,0.0,0.0,0.2500157103561792,-0.31821658435143196,2.5633631781247423,50.003142071235835,3.0,0.0,2.667018507429061,0.16,0.0,False,0.004884738923775946,0.2500157103561792,0.24423798473130234,0.04252192476461086,4.252192476461086e-06,4.2521924764610866e-06,0.05000399255955742,0.0,-0.4486386056733512,-2.881579762476174,-2.985235091780493,0.4486386056733512
120.0,0.0,0.0,0.3005394780378325,0.1212693670132968,2.6927908742296616,60.1078956075665,3.0,0.0,2.6306322806298374,0.2,0.0,False,0.004807928164887188,0.3005394780378325,0.2403974304561578,0.04252192476461086,4.252192476461086e-06,4.2521924764610866e-06,0.060108917964585104,0.0,0.4394859513647288,-2.5715215072163646,-2.5093629136165405,0.4394859513647288
121.0,0.0,0.0,0.2640202107622386,-0.20149184318541724,2.808646962802554,52.804042152447714,3.0,0.0,2.6872420936122596,0.07,0.0,False,0.005139104309230705,0.2640202107622386,0.2569563080845692,0.04252192476461086,4.252192476461086e-06,4.2521924764610866e-06,0.05280494028043172,0.0,-0.32276121019871407,-3.0101388059879715,-2.888733936797677,0.32276121019871407
122.0,0.0,0.0,0.2952422799814812,-0.5942443535227266,2.65969152157146,59.04845599629624,3.0,0.0,2.7615276078733717,-0.01,0.0,False,0.005349767306763502,0.2952422799814812,0.2674895027501897,0.04252192476461086,4.252192476461086e-06,4.2521924764610866e-06,0.059049460333626895,0.0,-0.3927525103373094,-3.2539358750941867,-3.3557719613960986,0.3927525103373094
123.0,0.0,0.0,0.32967207801254084,-0.8860960934038478,2.5065707052130204,65.93441560250817,3.0,0.0,2.750993727979475,0.11,0.0,False,0.005580444762806686,0.32967207801254084,0.27902342459659607,0.04252192476461086,4.252192476461086e-06,4.2521924764610866e-06,0.06593553706104331,0.0,-0.2918517398811211,-3.392666798616868,-3.6370898213833227,0.2918517398811211
124.0,0.0,0.0,0.3605871896648293,-0.9348725474457531,2.7353315488365753,72.11743793296586,3.0,0.0,2.7025465180591697,0.08,0.0,False,0.0052056196854160415,0.3605871896648293,0.2602820910356449,0.04252192476461086,4.252192476461086e-06,4.2521924764610866e-06,0.07211866455665795,0.0,-0.04877645404190534,-3.6702040962823284,-3.6374190655049228,0.04877645404190534
125.0,0.0,0.0,0.3729857918528984,-1.1569183470927675,2.8292856043103622,74.59715837057968,3.0,0.0,2.7198524675511915,0.11,0.0,False,0.005085079013334251,0.3729857918528983,0.2542550318034486,0.04252192476461086,4.252192476461086e-06,4.2521924764610866e-06,0.07459842717108678,0.0,-0.22204579964701443,-3.9862039514031298,-3.876770814643959,0.22204579964701443
126.0,0.0,0.0,0.39477367592995916,-2.0507137581013013,2.782417532288149,78.95473518599184,3.0,0.0,2.795064671452124,-0.04,0.0,False,0.005264183929180584,0.39477367592995916,0.26321031567519404,0.04252192476461086,4.252192476461086e-06,4.2521924764610866e-06,0.07895607810320518,0.0,-0.8937954110085338,-4.83313129038945,-4.845778429553425,0.8937954110085338
127.0,0.0,0.0,0.4844801388928382,-1.550203414692441,2.824210235365805,96.89602777856764,3.0,0.0,2.7909023448895542,-0.04,0.0,False,0.005051129315256564,0.48448013889283814,0.25255753968153166,0.04252192476461086,4.252192476461086e-06,4.2521924764610866e-06,0.0968976758538009,0.0,0.5005103434088602,-4.374413650058246,-4.341105759581995,0.5005103434088602
128.0,0.0,0.0,0.4336343443041191,-2.383785588164715,2.8238397675795146,86.72686886082383,3.0,0.0,2.794190635967155,0.02,0.0,False,0.0049765943113315335,0.43363434430411923,0.24883077363842102,0.04252192476461086,4.252192476461086e-06,4.2521924764610866e-06,0.08672834397190841,0.0,-0.8335821734722741,-5.20762535574423,-5.17797622413187,0.8335821734722741
129.0,0.0,0.0,0.5178824501288942,-2.3516348972953653,2.7394477013790492,103.57649002577885,3.0,0.0,2.786232223183566,0.02,0.0,False,0.004924246224812952,0.5178824501288942,0.24621335818278486,0.04252192476461086,4.252192476461086e-06,4.2521924764610866e-06,0.10357825172697417,0.0,0.03215069086934985,-5.091082598674415,-5.137867120478932,0.03215069086934985
130.0,0.0,0.0,0.5167840197492478,-1.395379914718401,2.798170599416365,103.35680394984956,3.0,0.0,2.7951490199171287,-0.07,0.0,False,0.0050741226790251845,0.5167840197492478,0.2537072127585731,0.04252192476461086,4.252192476461086e-06,4.2521924764610866e-06,0.10335856191447085,0.0,0.9562549825769644,-4.193550514134766,-4.1905289346355294,0.9562549825769644
131.0,0.0,0.0,0.4201164364930521,-1.3941275193868594,2.761595501123445,84.02328729861041,3.0,0.0,2.816315173453144,0.02,0.0,False,0.005169220286118779,0.42011643649305214,0.2584621133319194,0.04252192476461086,4.252192476461086e-06,4.2521924764610866e-06,0.08402471642529381,0.0,0.0012523953315415337,-4.155723020510305,-4.210442692840004,0.0012523953315415337
132.0,0.0,0.0,0.4231777783597427,-1.8047893790366785,2.9599883004145817,84.63555567194854,3.0,0.0,2.8058737710096393,0.08,0.0,False,0.005238431204886581,0.4231777783597427,0.2619226739852169,0.04252192476461086,4.252192476461086e-06,4.2521924764610866e-06,0.08463699521251954,0.0,-0.41066185964981905,-4.76477767945126,-4.610663150046317,0.41066185964981905
133.0,0.0,0.0,0.4687576387444596,-1.540222795553104,2.8408942348158974,93.75152774889192,3.0,0.0,2.83774023587883,0.03,0.0,False,0.005088876122014408,0.46875763874445964,0.25444488804475834,0.04252192476461086,4.252192476461086e-06,4.2521924764610866e-06,0.09375312234027514,0.0,0.2645665834835744,-4.381117030369001,-4.377963031431934,0.2645665834835744
134.0,0.0,0.0,0.4467899479696416,-1.3849958651709229,2.8553846871622093,89.35798959392832,3.0,0.0,2.88288667079315,-0.04,0.0,False,0.004882811027039697,0.4467899479696416,0.24414158948460046,0.04252192476461086,4.252192476461086e-06,4.2521924764610866e-06,0.08935950945694975,0.0,0.15522693038218116,-4.240380552333132,-4.267882535964073,0.15522693038218116
135.0,0.0,0.0,0.4286223335440767,-1.7980202688875213,2.82171088841844,85.72446670881534,3.0,0.0,2.9277716759860732,-0.04,0.0,False,0.004933786136370141,0.42862233354407664,0.24669035578892146,0.04252192476461086,4.252192476461086e-06,4.2521924764610866e-06,0.08572592477034485,0.0,-0.41302440371659843,-4.619731157305962,-4.7257919448735946,0.41302440371659843
136.0,0.0,0.0,0.47454469389308995,-1.605420998005311,3.0685349785668,94.908938778618,3.0,0.0,2.9013185995029356,0.1,0.0,False,0.004988826035481617,0.47454469389308995,0.24944236244650758,0.04252192476461086,4.252192476461086e-06,4.2521924764610866e-06,0.09491055305605539,0.0,0.1925992708822104,-4.6739559765721115,-4.506739597508247,0.1925992708822104
137.0,0.0,0.0,0.45997142994857426,-1.2903772795615593,3.115107338045185,91.99428598971485,3.0,0.0,2.947527562812229,0.12,0.0,False,0.00516960681129045,0.45997142994857426,0.25848143967268195,0.04252192476461086,4.252192476461086e-06,4.2521924764610866e-06,0.09199585069270441,0.0,0.31504371844375156,-4.405484617606744,-4.237904842373788,0.31504371844375156
138.0,0.0,0.0,0.4316998612072595,-1.2802958067696057,3.1502602306950913,86.3399722414519,3.0,0.0,2.9943910958331172,0.17,0.0,False,0.004839210733159604,0.4316998612072595,0.2419615655207538,0.04252192476461086,4.252192476461086e-06,4.2521924764610866e-06,0.08634144077192887,0.0,0.010081472791953594,-4.430556037464697,-4.274686902602723,0.010081472791953594
139.0,0.0,0.0,0.44279556853592245,-1.0449035250774863,3.390765493334209,88.5591137071845,3.0,0.0,3.026713116056127,0.26,0.0,False,0.00507569451170521,0.44279556853592245,0.2537858047267613,0.04252192476461086,4.252192476461086e-06,4.2521924764610866e-06,0.08856061998236756,0.0,0.23539228169211945,-4.435669018411695,-4.071616641133613,0.23539228169211945
140.0,0.0,0.0,0.4261427749297689,-0.4963619952603725,3.4017256641672082,85.22855498595378,3.0,0.0,3.1477540211888715,0.18,0.0,False,0.0048791543093982025,0.4261427749297689,0.2439587528250723,0.04252192476461086,4.252192476461086e-06,4.2521924764610866e-06,0.08523000461267077,0.0,0.5485415298171138,-3.898087659427581,-3.644116016449244,0.5485415298171138
141.0,0.0,0.0,0.3762660484918899,-0.26322708029402675,3.4382002561773852,75.25320969837797,3.0,0.0,3.2166148262752703,0.28,0.0,False,0.004802335272527611,0.37626604849188977,0.2401177846490763,0.04252192476461086,4.252192476461086e-06,4.2521924764610866e-06,0.0752544896574637,0.0,0.23313491496634575,-3.701427336471412,-3.479841906569297,0.23313491496634575
142.0,0.0,0.0,0.3535672755464872,-0.4327621677387882,3.3566887796454816,70.71345510929744,3.0,0.0,3.266378487441549,0.13,0.0,False,0.004788491158734522,0.35356727554648715,0.23942557601603,0.04252192476461086,4.252192476461086e-06,4.2521924764610866e-06,0.07071465785307028,0.0,-0.16953508744476142,-3.7894509473842697,-3.699140655180337,0.16953508744476142
143.0,0.0,0.0,0.3709376357302972,0.6015882370070016,3.379945099324302,74.18752714605944,3.0,0.0,3.272520846976292,-0.1,0.0,False,0.004791434824553781,0.3709376357302972,0.23957275993284455,0.04252192476461086,4.252192476461086e-06,4.2521924764610866e-06,0.07418878897927292,0.0,1.0343504047457897,-2.7783568623173003,-2.6709326099692903,1.0343504047457897
144.0,0.0,0.0,0.27347230409071444,0.10376416361484586,3.49441564428249,54.694460818142886,3.0,0.0,3.276693054475374,0.17,0.0,False,0.0046083115621351365,0.27347230409071444,0.23041655787814444,0.04252192476461086,4.252192476461086e-06,4.2521924764610866e-06,0.05469539109968628,0.0,-0.49782407339215573,-3.3906514806676444,-3.172928890860528,0.49782407339215573
145.0,0.0,0.0,0.3294483031018238,0.7993477258025038,3.5606205235605453,65.88966062036477,3.0,0.0,3.3363694207578414,0.2,0.0,False,0.004789537905892621,0.3294483031018238,0.2394779135964834,0.04252192476461086,4.252192476461086e-06,4.2521924764610866e-06,0.06589078131767595,0.0,0.6955835621876579,-2.7612727977580414,-2.5370216949553375,0.6955835621876579
146.0,0.0,0.0,0.2623005494642488,0.49492948384328583,3.534704692005363,52.460109892849765,3.0,0.0,3.398317238512872,-0.14,0.0,False,0.005228513121538608,0.2623005494642488,0.26142676770913825,0.04252192476461086,4.252192476461086e-06,4.2521924764610866e-06,0.05246100217099398,0.0,-0.30441824195921796,-3.039775208162077,-2.9033877546695863,0.30441824195921796
147.0,0.0,0.0,0.2981177852870326,-0.06551640901125799,3.6351986270727936,59.623557057406515,3.0,0.0,3.4224089880661395,0.21,0.0,False,0.004991462391853779,0.2981177852870326,0.2495741808256303,0.04252192476461086,4.252192476461086e-06,4.2521924764610866e-06,0.0596245711764572,0.0,-0.5604458928545438,-3.7007150360840515,-3.4879253970773973,0.5604458928545438
148.0,0.0,0.0,0.3612756891595497,0.9659992473894341,3.8283896139487594,72.25513783190995,3.0,0.0,3.4761707194237936,0.27,0.0,False,0.00495085668459731,0.36127568915954966,0.24754388682964268,0.04252192476461086,4.252192476461086e-06,4.2521924764610866e-06,0.07225636679769798,0.0,1.0315156564006922,-2.8623903665593255,-2.5101714720343598,1.0315156564006922
149.0,0.0,0.0,0.2680272916968709,1.5834368755911918,3.998325758340782,53.60545833937418,3.0,0.0,3.5473172932726045,0.42,0.0,False,0.004886679583695768,0.2680272916968709,0.24433501813989641,0.04252192476461086,4.252192476461086e-06,4.2521924764610866e-06,0.053606370098403744,0.0,0.6174376282017577,-2.4148888827495902,-1.9638804176814126,0.6174376282017577
150.0,0.0,0.0,0.2103054068020455,1.46203244701118,3.8719777310143013,42.061081360409105,3.0,0.0,3.646329149539802,0.11,0.0,False,0.004958817988996339,0.2103054068020455,0.24794195374224406,0.04252192476461086,4.252192476461086e-06,4.2521924764610866e-06,0.04206179676462188,0.0,-0.12140442858001177,-2.409945284003121,-2.1842967025286217,0.12140442858001177
151.0,0.0,0.0,0.22669975661626413,2.295001478574596,3.890067357117611,45.339951323252826,3.0,0.0,3.6865356565650726,0.08,0.0,False,0.005147447409803889,0.22669975661626413,0.25737346488705176,0.04252192476461086,4.252192476461086e-06,4.2521924764610866e-06,0.045340722496773206,0.0,0.832969031563416,-1.5950658785430152,-1.3915341779904766,0.832969031563416
152.0,0.0,0.0,0.14604858474935817,2.2969371285166207,3.9030661395020645,29.209716949871634,3.0,0.0,3.729078211723794,0.15,0.0,False,0.005139852581980775,0.14604858474935817,0.25699372188116265,0.04252192476461086,4.252192476461086e-06,4.2521924764610866e-06,0.029210213769113653,0.0,0.0019356499420246642,-1.6061290109854438,-1.4321410832071733,0.0019356499420246642
153.0,0.0,0.0,0.14644581189762398,3.1494573609624705,3.866588543988992,29.289162379524797,3.0,0.0,3.75551837740284,0.1,0.0,False,0.004994538949137487,0.14644581189762398,0.24972800934392148,0.04252192476461086,4.252192476461086e-06,4.2521924764610866e-06,0.0292896605500301,0.0,0.8525202324458498,-0.7171311830265217,-0.6060610164403695,0.8525202324458498
154.0,0.0,0.0,0.06356748299661247,2.1180972859322376,3.840692931079768,12.713496599322495,3.0,0.0,3.761426383281837,-0.09,0.0,False,0.005140205532069278,0.06356748299661247,0.25701136946062836,0.04252192476461086,4.252192476461086e-06,4.2521924764610866e-06,0.012713712839341345,0.0,-1.031360075030233,-1.7225956451475306,-1.6433290973495995,1.031360075030233
155.0,0.0,0.0,0.1657138195576009,1.5874490978072862,3.7780764394894097,33.14276391152018,3.0,0.0,3.7851457059872415,0.05,0.0,False,0.004819558557753844,0.1657138195576009,0.24097895257222413,0.04252192476461086,4.252192476461086e-06,4.2521924764610866e-06,0.03314332762676853,0.0,-0.5306481881249514,-2.1906273416821236,-2.1976966081799554,0.5306481881249514
156.0,0.0,0.0,0.21966297520123124,1.8636361978967082,3.723944444974735,43.93259504024625,3.0,0.0,3.7752707138610826,0.12,0.0,False,0.00450352490106161,0.21966297520123124,0.22517720254581558,0.04252192476461086,4.252192476461086e-06,4.2521924764610866e-06,0.04393334227646922,0.0,0.27618710008942204,-1.860308247078027,-1.9116345159643744,0.27618710008942204
157.0,0.0,0.0,0.19445014273672576,1.1466325973645317,3.849803883971521,38.89002854734515,3.0,0.0,3.7841255522821218,0.05,0.0,False,0.0048499865827469875,0.19445014273672576,0.24250036029117228,0.04252192476461086,4.252192476461086e-06,4.2521924764610866e-06,0.038890690016079615,0.0,-0.7170036005321765,-2.703171286606989,-2.6374929549175903,0.7170036005321765
158.0,0.0,0.0,0.27124465834029443,0.5968475968704734,3.919177401357997,54.24893166805889,3.0,0.0,3.8081789672356634,0.09,0.0,False,0.0051536124886249444,0.27124465834029443,0.2576817201388596,0.04252192476461086,4.252192476461086e-06,4.2521924764610866e-06,0.0542498543717317,0.0,-0.5497850004940583,-3.3223298044875236,-3.21133137036519,0.5497850004940583
159.0,0.0,0.0,0.3281052690767155,0.8230852307392931,3.895796723400604,65.6210538153431,3.0,0.0,3.8591368499922463,0.04,0.0,False,0.004906288028855378,0.32810526907671544,0.24531544456682106,0.04252192476461086,4.252192476461086e-06,4.2521924764610866e-06,0.06562216994400237,0.0,0.22623763386881968,-3.072711492661311,-3.0360516192529534,0.22623763386881968
160.0,0.0,0.0,0.30797592985610933,1.2734258939570222,3.9114673762511716,61.595185971221866,3.0,0.0,3.8779700459754576,0.02,0.0,False,0.0048271416057798595,0.3079759298561093,0.24135810658575393,0.04252192476461086,4.252192476461086e-06,4.2521924764610866e-06,0.061596233625112476,0.0,0.45034066321772914,-2.6380414822941494,-2.6045441520184354,0.45034066321772914
161.0,0.0,0.0,0.26588590718448946,2.104459246779716,4.017805844361829,53.17718143689789,3.0,0.0,3.902910007946976,0.09,0.0,False,0.004980928367681004,0.2658859071844894,0.2490474773773566,0.04252192476461086,4.252192476461086e-06,4.2521924764610866e-06,0.05317808591149514,0.0,0.8310333528226939,-1.9133465975821133,-1.7984507611672598,0.8310333528226939
162.0,0.0,0.0,0.181737143960067,2.662537204697039,3.8346471421765207,36.347428792013396,3.0,0.0,3.93234149570462,0.0,0.0,False,0.005211112305340055,0.18173714396006702,0.26055672319962964,0.04252192476461086,4.252192476461086e-06,4.2521924764610866e-06,0.03634804701443756,0.0,0.5580779579173227,-1.172109937479482,-1.2698042910075813,0.5580779579173227
163.0,0.0,0.0,0.12575155631501994,2.5170008383914104,3.8177347088387226,25.15031126300399,3.0,0.0,3.921869325446196,-0.02,0.0,False,0.005267516846280486,0.12575155631501994,0.26337696223879936,0.04252192476461086,4.252192476461086e-06,4.2521924764610866e-06,0.02515073903704232,0.0,-0.14553636630562838,-1.3007338704473121,-1.4048684870547854,0.14553636630562838
164.0,0.0,0.0,0.13320142139839433,2.935722552236129,3.5080962742045134,26.640284279678866,3.0,0.0,3.92007950383832,0.31,0.0,False,0.005310478843147876,0.13320142139839433,0.2655250712163029,0.04252192476461086,4.252192476461086e-06,4.2521924764610866e-06,0.026640737396217643,0.0,0.41872171384471857,-0.5723737219683844,-0.9843569516021908,0.41872171384471857
165.0,0.0,0.0,0.08779192601336552,2.37103453905618,3.6369222765072635,17.558385202673104,3.0,0.0,3.849043372279448,0.15,0.0,False,0.005057210421488784,0.08779192601336552,0.25286159628604443,0.04252192476461086,4.252192476461086e-06,4.2521924764610866e-06,0.01755868384793702,0.0,-0.564688013179949,-1.2658877374510835,-1.4780088332232681,0.564688013179949
166.0,0.0,0.0,0.14253577852047372,2.199193085603526,3.6980848337159777,28.507155704094746,3.0,0.0,3.8136604777781473,0.03,0.0,False,0.00533427167675194,0.14253577852047372,0.26671471795509144,0.04252192476461086,4.252192476461086e-06,4.2521924764610866e-06,0.028507640573685003,0.0,-0.17184145345265378,-1.4988917481124515,-1.614467392174621,0.17184145345265378
167.0,0.0,0.0,0.1561713292011233,1.800681113333689,3.595484273576996,31.234265840224662,3.0,0.0,3.796422628739169,0.12,0.0,False,0.0053752157193908525,0.1561713292011233,0.2687619287921346,0.04252192476461086,4.252192476461086e-06,4.2521924764610866e-06,0.03123479709440649,0.0,-0.39851197226983714,-1.794803160243307,-1.9957415154054798,0.39851197226983714
168.0,0.0,0.0,0.1958997428344608,1.0776116772101356,3.667642370049217,39.17994856689216,3.0,0.0,3.760939581142311,0.0,0.0,False,0.005345876660593737,0.19589974283446077,0.2672949696145126,0.04252192476461086,4.252192476461086e-06,4.2521924764610866e-06,0.03918061496678856,0.0,-0.7230694361235535,-2.5900306928390813,-2.6833279039321756,0.7230694361235535
169.0,0.0,0.0,0.26574892075283874,0.5444972561932195,3.5633827100175175,53.14978415056775,3.0,0.0,3.759720191848926,0.06,0.0,False,0.005238748567544462,0.26574892075283874,0.2619385421855852,0.04252192476461086,4.252192476461086e-06,4.2521924764610866e-06,0.05315068815917284,0.0,-0.5331144210169161,-3.018885453824298,-3.2152229356557065,0.5331144210169161
170.0,0.0,0.0,0.3214044643987484,0.9497576081966056,3.613514940596672,64.28089287974969,3.0,0.0,3.7351573855165925,-0.07,0.0,False,0.005230701968343585,0.3214044643987484,0.2615362105147571,0.04252192476461086,4.252192476461086e-06,4.2521924764610866e-06,0.0642819862140169,0.0,0.40526035200338606,-2.6637573324000665,-2.785399777319987,0.40526035200338606
171.0,0.0,0.0,0.2774003416868391,1.9444141619066884,3.5628997881288447,55.48006833736782,3.0,0.0,3.758610233862971,0.14,0.0,False,0.005295857156289437,0.2774003416868391,0.26479398376466967,0.04252192476461086,4.252192476461086e-06,4.2521924764610866e-06,0.05548101198107192,0.0,0.9946565537100828,-1.6184856262221563,-1.8141960719562829,0.9946565537100828
172.0,0.0,0.0,0.1749861681529039,2.1589439847256884,3.48671278224604,34.99723363058078,3.0,0.0,3.7238200030472877,0.06,0.0,False,0.005495930138322671,0.17498616815290385,0.2747976754037727,0.04252192476461086,4.252192476461086e-06,4.2521924764610866e-06,0.03499782888794376,0.0,0.21452982281900002,-1.3277687975203518,-1.5648760183215993,0.21452982281900002
173.0,0.0,0.0,0.1525899056732962,1.9564882320865196,3.4266283728901876,30.51798113465924,3.0,0.0,3.6943130471791106,0.02,0.0,False,0.005432629368821502,0.1525899056732962,0.27163262347036154,0.04252192476461086,4.252192476461086e-06,4.2521924764610866e-06,0.03051850020577113,0.0,-0.20245575263916882,-1.470140140803668,-1.737824815092591,0.20245575263916882
174.0,0.0,0.0,0.16673170788525876,1.7125507155196453,3.3239155467034442,33.34634157705175,3.0,0.0,3.684875483541093,0.17,0.0,False,0.0052562736439107135,0.16673170788525876,0.2628147997298978,0.04252192476461086,4.252192476461086e-06,4.2521924764610866e-06,0.03334690875489106,0.0,-0.24393751656687424,-1.611364831183799,-1.9723247680214475,0.24393751656687424
175.0,0.0,0.0,0.18307121501071827,1.6487315220395486,3.1390227034832288,36.61424300214365,3.0,0.0,3.6238407597047986,0.3,0.0,False,0.005367585056342381,0.1830712150107183,0.2683803940173587,0.04252192476461086,4.252192476461086e-06,4.2521924764610866e-06,0.03661486576273002,0.0,-0.06381919348009668,-1.4902911814436801,-1.97510923766525,0.06381919348009668
176.0,0.0,0.0,0.18625976511805628,2.349235467665617,3.21081713136333,37.25195302361126,3.0,0.0,3.5433017883289826,0.25,0.0,False,0.0050879142467933625,0.18625976511805628,0.2543967940792021,0.04252192476461086,4.252192476461086e-06,4.2521924764610866e-06,0.03725258663081452,0.0,0.7005039456260684,-0.8615816636977129,-1.1940663206633655,0.7005039456260684
177.0,0.0,0.0,0.11547891739365493,2.683954125949831,3.3358153409181734,23.095783478730986,3.0,0.0,3.5113687738387047,0.0,0.0,False,0.005253309308473704,0.11547891739365491,0.2626665823278011,0.04252192476461086,4.252192476461086e-06,4.2521924764610866e-06,0.023096176307927565,0.0,0.3347186582842139,-0.6518612149683425,-0.8274146478888738,0.3347186582842139
178.0,0.0,0.0,0.0783215888778113,2.771974779652598,3.30872793833005,15.664317775562258,3.0,0.0,3.504049193531352,0.09,0.0,False,0.0052303708911008665,0.0783215888778113,0.2615196565822309,0.04252192476461086,4.252192476461086e-06,4.2521924764610866e-06,0.01566458420520611,0.0,0.08802065370276724,-0.5367531586774517,-0.7320744138787538,0.08802065370276724
179.0,0.0,0.0,0.06807867519844901,1.7343852446177184,3.2611214333800964,13.615735039689802,3.0,0.0,3.4671866666514917,0.02,0.0,False,0.005740928588472685,0.06807867519844901,0.28704765000030186,0.04252192476461086,4.252192476461086e-06,4.2521924764610866e-06,0.013615966625609432,0.0,-1.0375895350348798,-1.526736188762378,-1.7328014220337733,1.0375895350348798
180.0,0.0,0.0,0.17103887256751002,1.624735587228135,3.3270644496212984,34.207774513502,3.0,0.0,3.452776005818612,0.02,0.0,False,0.005539868128231601,0.17103887256751002,0.2769945842408588,0.04252192476461086,4.252192476461086e-06,4.2521924764610866e-06,0.034208356343193615,0.0,-0.10964965738958332,-1.7023288623931634,-1.8280404185904768,0.10964965738958332
181.0,0.0,0.0,0.18525736077082453,2.1304064762055184,3.490271720245633,37.051472154164905,3.0,0.0,3.4448103348031727,0.02,0.0,False,0.005944414465765648,0.1852573607708245,0.2972219871280058,0.04252192476461086,4.252192476461086e-06,4.2521924764610866e-06,0.03705210235144969,0.0,0.5056708889773833,-1.3598652440401144,-1.3144038585976543,0.5056708889773833
182.0,0.0,0.0,0.14457358986926283,2.8522678733764177,3.7026848257266236,28.914717973852568,3.0,0.0,3.477348582434162,0.28,0.0,False,0.005535138146384249,0.14457358986926283,0.27675808414285147,0.04252192476461086,4.252192476461086e-06,4.2521924764610866e-06,0.028915209775546215,0.0,0.7218613971708994,-0.8504169523502059,-0.6250807090577442,0.7218613971708994
183.0,0.0,0.0,0.07390746801155622,2.849538777366416,3.744842787236312,14.781493602311244,3.0,0.0,3.576173112634702,0.14,0.0,False,0.005354815365840507,0.07390746801155622,0.26774190677730586,0.04252192476461086,4.252192476461086e-06,4.2521924764610866e-06,0.014781745016265715,0.0,-0.002729096010001708,-0.8953040098698959,-0.7266343352682858,0.002729096010001708
184.0,0.0,0.0,0.08104609422480223,2.6538579011817625,3.855301704678257,16.209218844960446,3.0,0.0,3.5913582669309507,0.25,0.0,False,0.005269066884987895,0.08104609422480223,0.263454464503723,0.04252192476461086,4.252192476461086e-06,4.2521924764610866e-06,0.0162094945426618,0.0,-0.19568087618465357,-1.2014438034964945,-0.9375003657491883,0.19568087618465357
185.0,0.0,0.0,0.10720561547939271,2.489754531732241,3.956195112687935,21.44112309587854,3.0,0.0,3.6600169507940428,0.15,0.0,False,0.005257063902182659,0.1072056154793927,0.26285431281151156,0.04252192476461086,4.252192476461086e-06,4.2521924764610866e-06,0.021441487781457068,0.0,-0.16410336944952153,-1.4664405809556942,-1.1702624190618018,0.16410336944952153
186.0,0.0,0.0,0.13034657448102518,2.7232306662380723,4.06795993577369,26.069314896205036,3.0,0.0,3.725936848921267,0.31,0.0,False,0.005082742082384024,0.13034657448102518,0.2541381847590833,0.04252192476461086,4.252192476461086e-06,4.2521924764610866e-06,0.02606975830129824,0.0,0.23347613450583138,-1.3447292695356174,-1.0027061826831947,0.23347613450583138
187.0,0.0,0.0,0.11893141807213396,2.6893208536967528,4.0966071037835645,23.786283614426793,3.0,0.0,3.7932479894786586,0.36,0.0,False,0.004946047207998312,0.11893141807213396,0.2473034119771518,0.04252192476461086,4.252192476461086e-06,4.2521924764610866e-06,0.023786688188131358,0.0,-0.03390981254131953,-1.4072862500868117,-1.1039271357819058,0.03390981254131953
188.0,0.0,0.0,0.12727624210073535,2.961500161828776,4.12668154325901,25.455248420147072,3.0,0.0,3.9125701329234674,0.09,0.0,False,0.004834123195290945,0.12727624210073535,0.24170718754566128,0.04252192476461086,4.252192476461086e-06,4.2521924764610866e-06,0.02545568138076929,0.0,0.2721793081320234,-1.1651813814302336,-0.9510699710946913,0.2721793081320234
189.0,0.0,0.0,0.10897741574279368,3.4183063623574683,4.294058347816259,21.795483148558738,3.0,0.0,3.9621103348580595,0.34,0.0,False,0.004877787263222468,0.10897741574279368,0.24389040022563852,0.04252192476461086,4.252192476461086e-06,4.2521924764610866e-06,0.02179585386134024,0.0,0.45680620052869214,-0.8757519854587907,-0.5438039725005912,0.45680620052869214
190.0,0.0,0.0,0.06833763549569674,3.8772502258549784,4.337597259769719,13.667527099139347,3.0,0.0,4.051297488904078,0.18,0.0,False,0.004911077980487513,0.06833763549569674,0.24555494316681756,0.04252192476461086,4.252192476461086e-06,4.2521924764610866e-06,0.013667759565974453,0.0,0.45894386349751004,-0.46034703391474086,-0.17404726304909968,0.45894386349751004
191.0,0.0,0.0,0.026725488096708386,4.24112651949,4.228351804318884,5.3450976193416775,3.0,0.0,4.101697246553411,0.1,0.0,False,0.004745797293875462,0.026725488096708386,0.23729087369595042,0.04252192476461086,4.252192476461086e-06,4.2521924764610866e-06,0.005345188532490624,0.0,0.3638762936350215,0.012774715171115503,0.1394292729365887,0.3638762936350215
192.0,0.0,0.0,-0.001981626130750463,4.391421921547217,4.426196018062163,-0.39632522615009264,3.0,0.0,4.144510788918033,0.29,0.0,False,0.004967531783083192,0.004231333745162381,0.24837764529922327,0.04252192476461086,4.252192476461086e-06,4.2521924764610866e-06,-0.00039633196712600784,0.0,0.1502954020572176,-0.034774096514945896,0.24691113262918485,0.1502954020572176
193.0,0.0,0.0,-0.005274899265974008,4.472114734370205,4.558139085212501,-1.0549798531948016,3.0,0.0,4.221309836869709,0.53,0.0,False,0.0046742997202321454,0.005871665476429369,0.23371597981271236,0.04252192476461086,4.252192476461086e-06,4.2521924764610866e-06,-0.0010549977970280783,0.0,0.08069281282298757,-0.08602435084229576,0.2508048975004957,0.08069281282298757
194.0,0.0,0.0,-0.010884762473522176,4.3379013924318555,4.53940591164679,-2.176952494704435,3.0,0.0,4.338671807393129,-0.06,0.0,False,0.00481334435990079,0.010939316383993102,0.2406682413583732,0.04252192476461086,4.252192476461086e-06,4.2521924764610866e-06,-0.002176989521831065,0.0,-0.13421334193834955,-0.20150451921493495,-0.0007704149612735023,0.13421334193834955
195.0,0.0,0.0,0.01034010540856172,5.312144916461651,4.567029709545177,2.068021081712344,3.0,0.0,4.363264795429728,0.22,0.0,False,0.005218148512004111,0.010396021593206328,0.2609085350287977,0.04252192476461086,4.252192476461086e-06,4.2521924764610866e-06,0.0020680562560575133,0.0,0.974243524029796,0.7451152069164744,0.9488801210319231,0.974243524029796
196.0,0.0,0.0,-0.08280304512543334,4.21289839978114,4.497360807778089,-16.560609025086666,3.0,0.0,4.441304644923394,-0.01,0.0,False,0.005168006954656166,0.08280304512543335,0.25840144650082275,0.04252192476461086,4.252192476461086e-06,4.2521924764610866e-06,-0.016560890699477325,0.0,-1.0992465166805117,-0.28446240799694955,-0.2284062451422546,1.0992465166805117
197.0,0.0,0.0,0.032026605986181414,3.8569471826439834,4.670376091680403,6.405321197236282,3.0,0.0,4.484096860483044,0.12,0.0,False,0.004994733776952571,0.032026605986181414,0.24973775077609797,0.04252192476461086,4.252192476461086e-06,4.2521924764610866e-06,0.0064054301434074345,0.0,-0.3559512171371564,-0.8134289090364195,-0.6271496778390606,0.3559512171371564
198.0,0.0,0.0,0.0731589392118301,3.587354070412884,4.556084653661662,14.63178784236602,3.0,0.0,4.533171268807604,-0.13,0.0,False,0.005371345036167591,0.0731589392118301,0.2685683938080271,0.04252192476461086,4.252192476461086e-06,4.2521924764610866e-06,0.014632036710020495,0.0,-0.2695931122310995,-0.968730583248778,-0.9458171983947201,0.2695931122310995
199.0,0.0,0.0,0.10518255574942875,3.7055220282279735,4.5636686788155165,21.03651114988575,3.0,0.0,4.588552129056829,-0.05,0.0,False,0.005488706429868855,0.10518255574942875,0.2744364884452521,0.04252192476461086,4.252192476461086e-06,4.2521924764610866e-06,0.02103686895354205,0.0,0.1181679578150896,-0.858146650587543,-0.8830301008288557,0.1181679578150896
200.0,0.0,0.0,0.0912995060622628,4.166499158059552,4.441398370348763,18.259901212452558,3.0,0.0,4.639201990730781,0.09,0.0,False,0.005647028891035851,0.09129950606226281,0.2823526451644807,0.04252192476461086,4.252192476461086e-06,4.2521924764610866e-06,0.01826021178959013,0.0,0.46097712983157857,-0.27489921228921066,-0.4727028326712288,0.46097712983157857
201.0,0.0,0.0,0.043208343206102,4.289669139412933,4.566538723207731,8.6416686412204,3.0,0.0,4.6185365000042395,-0.02,0.0,False,0.005710055501591683,0.04320834320610199,0.28550398909233626,0.04252192476461086,4.252192476461086e-06,4.2521924764610866e-06,0.008641815624748911,0.0,0.12316998135338064,-0.27686958379479787,-0.32886736059130683,0.12316998135338064
202.0,0.0,0.0,0.032110249248396755,4.244416801430554,4.641825829164223,6.422049849679351,3.0,0.0,4.598591776630167,0.04,0.0,False,0.005492425776133126,0.032110249248396755,0.2746224565492344,0.04252192476461086,4.252192476461086e-06,4.2521924764610866e-06,0.006422159080383093,0.0,-0.0452523379823786,-0.39740902773366926,-0.35417497519961305,0.0452523379823786
203.0,0.0,0.0,0.03932991017929947,3.8941498961157857,4.685354343953884,7.8659820358598935,3.0,0.0,4.610778458844914,0.14,0.0,False,0.005380712426661416,0.03932991017929947,0.26903676532431564,0.04252192476461086,4.252192476461086e-06,4.2521924764610866e-06,0.007866115825969517,0.0,-0.35026690531476845,-0.7912044478380986,-0.7166285627291282,0.35026690531476845
204.0,0.0,0.0,0.08099926888348309,4.785957744583477,4.818442052944229,16.199853776696617,3.0,0.0,4.637724265140957,0.11,0.0,False,0.005442732697125775,0.08099926888348309,0.27213779203364,0.04252192476461086,4.252192476461086e-06,4.2521924764610866e-06,0.016200129315110355,0.0,0.8918078484676917,-0.032484308360751335,0.14823347944252063,0.8918078484676917
205.0,0.0,0.0,-0.006584513911308798,5.280030451927995,4.726279534905182,-1.3169027822617596,3.0,0.0,4.704159806174703,0.02,0.0,False,0.005472672168122026,0.007198050550439251,0.27363477194887226,0.04252192476461086,4.252192476461086e-06,4.2521924764610866e-06,-0.0013169251810629262,0.0,0.49407270734451725,0.5537509170228123,0.5758706457532918,0.49407270734451725
206.0,0.0,0.0,-0.053580588438794055,6.089744664329334,4.779068849154148,-10.71611768775881,3.0,0.0,4.720111205539364,-0.13,0.0,False,0.005722848171720117,0.05358058843879406,0.2861436253186028,0.04252192476461086,4.252192476461086e-06,4.2521924764610866e-06,-0.010716299954963801,0.0,0.8097142124013397,1.3106758151751858,1.36963345878997,0.8097142124013397
207.0,0.0,0.0,-0.1313795911358526,5.550371717744069,4.946298022092398,-26.275918227170518,3.0,0.0,4.744213175791303,0.14,0.0,False,0.005866524922598174,0.1313795911358526,0.29332749340956554,0.04252192476461086,4.252192476461086e-06,4.2521924764610866e-06,-0.0262763651463173,0.0,-0.5393729465852655,0.604073695651671,0.8061585419527662,0.5393729465852655
208.0,0.0,0.0,-0.06795498378670982,6.357896263678375,4.894766624095776,-13.590996757341964,3.0,0.0,4.77592082040536,0.14,0.0,False,0.005827727645122385,0.0679549837867098,0.29138762128710155,0.04252192476461086,4.252192476461086e-06,4.2521924764610866e-06,-0.01359122792249563,0.0,0.8075245459343066,1.4631296395825997,1.5819754432730155,0.8075245459343066
209.0,0.0,0.0,-0.1439006725314918,6.1834609852284625,4.851853206020398,-28.78013450629836,3.0,0.0,4.870807431993431,0.13,0.0,False,0.005470431524910872,0.14390067253149183,0.2735227393119322,0.04252192476461086,4.252192476461086e-06,4.2521924764610866e-06,-0.028780624018902513,0.0,-0.1744352784499128,1.3316077792080643,1.3126535532350312,0.1744352784499128
210.0,0.0,0.0,-0.12595953668845977,5.335505109433626,4.848925617520122,-25.191907337691955,3.0,0.0,4.918858943695604,-0.08,0.0,False,0.005561138689339984,0.12595953668845977,0.2780581168186039,0.04252192476461086,4.252192476461086e-06,4.2521924764610866e-06,-0.02519233581922534,0.0,-0.8479558757948364,0.48657949191350447,0.4166461657380225,0.8479558757948364
211.0,0.0,0.0,-0.03536035930554952,5.4833738843552995,5.137312320558584,-7.072071861109904,3.0,0.0,4.923838838134154,0.13,0.0,False,0.005560367798298963,0.03536035930554951,0.278019572102654,0.04252192476461086,4.252192476461086e-06,4.2521924764610866e-06,-0.007072192147841458,0.0,0.14786877492167338,0.3460615637967157,0.5595350462211455,0.14786877492167338
212.0,0.0,0.0,-0.04648354885421859,5.298375168326342,5.117554611189135,-9.296709770843718,3.0,0.0,4.981893998425441,0.16,0.0,False,0.005334677602129236,0.04648354885421859,0.2667350143102599,0.04252192476461086,4.252192476461086e-06,4.2521924764610866e-06,-0.009296867895768706,0.0,-0.18499871602895723,0.18082055713720724,0.3164811699009009,0.18499871602895723
213.0,0.0,0.0,-0.02559237772978816,5.203286082864576,5.1058588661348825,-5.118475545957632,3.0,0.0,5.018528512963278,0.13,0.0,False,0.005323249571497354,0.025592377729788156,0.2661636103489566,0.04252192476461086,4.252192476461086e-06,4.2521924764610866e-06,-0.005118562604560267,0.0,-0.09508908546176631,0.09742721672969346,0.184757569901298,0.09508908546176631
214.0,0.0,0.0,-0.01366241646034145,5.42247785076846,5.011207786812314,-2.73248329206829,3.0,0.0,5.0424459498426595,0.0,0.0,False,0.005259922326404882,0.01368097426783355,0.2629972346303512,0.04252192476461086,4.252192476461086e-06,4.2521924764610866e-06,-0.0027325297680502493,0.0,0.21919176790388395,0.4112700639561462,0.3800319009258004,0.21919176790388395
215.0,0.0,0.0,-0.034458650647437444,6.350102585673822,5.141972395884467,-6.891730129487488,3.0,0.0,5.066659013499938,0.09,0.0,False,0.00499315599536993,0.034458650647437444,0.24965886136151433,0.04252192476461086,4.252192476461086e-06,4.2521924764610866e-06,-0.0068918473488410684,0.0,0.9276247349053621,1.2081301897893546,1.2834435721738844,0.9276247349053621
216.0,0.0,0.0,-0.12643287180688417,5.857703308604635,5.166215323777601,-25.286574361376836,3.0,0.0,5.077884018053334,-0.03,0.0,False,0.005084131532866766,0.12643287180688417,0.25420765757863095,0.04252192476461086,4.252192476461086e-06,4.2521924764610866e-06,-0.025287004453073,0.0,-0.49239927706918696,0.6914879848270337,0.7798192905513011,0.49239927706918696
217.0,0.0,0.0,-0.07340601586232443,5.427614088355,5.1986723695572,-14.681203172464885,3.0,0.0,5.085746986759668,0.21,0.0,False,0.005026829394534308,0.07340601586232444,0.2513425384790219,0.04252192476461086,4.252192476461086e-06,4.2521924764610866e-06,-0.014681452880609767,0.0,-0.43008922024963514,0.2289417187977998,0.34186710159533185,0.43008922024963514
218.0,0.0,0.0,-0.027794444657059783,4.46547291258763,5.220075169856892,-5.558888931411957,3.0,0.0,5.123627543155973,0.1,0.0,False,0.004778459094907922,0.027794444657059783,0.2389239706917867,0.04252192476461086,4.252192476461086e-06,4.2521924764610866e-06,-0.005558983480872676,0.0,-0.9621411757673703,-0.7546022572692621,-0.658154630568343,0.9621411757673703
219.0,0.0,0.0,0.07567662323538339,4.957782034546731,5.389557849756559,15.13532464707668,3.0,0.0,5.149663732417979,0.33,0.0,False,0.004626699679972062,0.07567662323538339,0.23133596767948156,0.04252192476461086,4.252192476461086e-06,4.2521924764610866e-06,0.015135582079236386,0.0,0.49230912195910115,-0.43177581520982855,-0.1918816978712483,0.49230912195910115
220.0,0.0,0.0,0.030426355814976266,4.120316067351259,5.283804464811569,6.085271162995253,3.0,0.0,5.222255234519861,0.01,0.0,False,0.005024861124714764,0.030426355814976266,0.2512441245695716,0.04252192476461086,4.252192476461086e-06,4.2521924764610866e-06,0.006085374665532161,0.0,-0.8374659671954721,-1.16348839746031,-1.1019391671686023,0.8374659671954721
221.0,0.0,0.0,0.11255865015384639,4.695098842549312,5.264325592205379,22.51173003076928,3.0,0.0,5.2620520616325575,-0.1,0.0,False,0.0051391860122395275,0.11255865015384639,0.2569603932523812,0.04252192476461086,4.252192476461086e-06,4.2521924764610866e-06,0.02251211292597739,0.0,0.5747827751980532,-0.5692267496560675,-0.5669532190832456,0.5747827751980532
222.0,0.0,0.0,0.05670589129250076,5.145721021718891,5.349396319455112,11.341178258500152,3.0,0.0,5.245926499941988,-0.04,0.0,False,0.0055016789669101495,0.056705891292500754,0.2750851180554029,0.04252192476461086,4.252192476461086e-06,4.2521924764610866e-06,0.01134137115717136,0.0,0.4506221791695788,-0.20367529773622106,-0.10020547822309744,0.4506221791695788
223.0,0.0,0.0,0.015227722966554018,5.972732143773779,5.333372409926596,3.0455445933108036,3.0,0.0,5.262169811692535,0.15,0.0,False,0.005588079625168137,0.015227722966554018,0.2794051693379138,0.04252192476461086,4.252192476461086e-06,4.2521924764610866e-06,0.0030455963940577598,0.0,0.8270111220548886,0.6393597338471837,0.7105623320812446,0.8270111220548886
224.0,0.0,0.0,-0.06615256623055123,5.821277255307166,5.252951020474415,-13.230513246110245,3.0,0.0,5.298001488944882,-0.08,0.0,False,0.00565056672781269,0.06615256623055123,0.2825295377555009,0.04252192476461086,4.252192476461086e-06,4.2521924764610866e-06,-0.013230738279908887,0.0,-0.15145488846661337,0.5683262348327505,0.5232757663622838,0.15145488846661337
225.0,0.0,0.0,-0.05083017574700064,5.271314908911111,5.184959785620826,-10.166035149400129,3.0,0.0,5.311192416796047,-0.02,0.0,False,0.0056162308076946705,0.050830175747000654,0.2808127344494528,0.04252192476461086,4.252192476461086e-06,4.2521924764610866e-06,-0.01016620806041758,0.0,-0.5499623463960548,0.08635512329028483,-0.039877507884935603,0.5499623463960548
226.0,0.0,0.0,0.0006650938191592167,4.871283770654195,5.20878686081054,0.13301876383184333,3.0,0.0,5.312964690852615,0.07,0.0,False,0.00543340959853547,0.0045316577002426275,0.27167163512194425,0.04252192476461086,4.252192476461086e-06,4.2521924764610866e-06,0.00013302102630776989,0.0,-0.4000311382569164,-0.3375030901563454,-0.4416809201984204,0.4000311382569164
227.0,0.0,0.0,0.03752113939569623,4.960832793544954,4.99791245145999,7.504227879139245,3.0,0.0,5.2779659885080505,0.13,0.0,False,0.005111095299774486,0.03752113939569623,0.2555558516567733,0.04252192476461086,4.252192476461086e-06,4.2521924764610866e-06,0.007504355516281818,0.0,0.08954902289075939,-0.037079657915035646,-0.31713319496309644,0.08954902289075939
228.0,0.0,0.0,0.023728785131803806,5.608437228260913,5.019858462954843,4.745757026360761,3.0,0.0,5.246503141966489,0.14,0.0,False,0.005271287723275834,0.02372878513180381,0.2635655068902915,0.04252192476461086,4.252192476461086e-06,4.2521924764610866e-06,0.004745837745506814,0.0,0.6476044347159586,0.5885787653060701,0.3619340862944238,0.6476044347159586
229.0,0.0,0.0,-0.041574849574391635,5.2259859133792785,5.123694329009526,-8.314969914878327,3.0,0.0,5.198125689831072,-0.03,0.0,False,0.005459401136394055,0.041574849574391635,0.2729712175409246,0.04252192476461086,4.252192476461086e-06,4.2521924764610866e-06,-0.008315111341687003,0.0,-0.3824513148816342,0.10229158436975272,0.027860223548206164,0.3824513148816342
230.0,0.0,0.0,-0.006989672887649875,5.868831932261529,4.998698984139687,-1.397934577529975,3.0,0.0,5.192679893303868,0.1,0.0,False,0.0053812688949780516,0.007423678388890087,0.26906458885845796,0.04252192476461086,4.252192476461086e-06,4.2521924764610866e-06,-0.0013979583545764417,0.0,0.6428460188822509,0.8701329481218423,0.6761520389576612,0.6428460188822509
231.0,0.0,0.0,-0.06937174890665038,6.018022955330019,5.066494998211821,-13.874349781330075,3.0,0.0,5.156087698431056,-0.06,0.0,False,0.005556292669302529,0.06937174890665038,0.2778158147864207,0.04252192476461086,4.252192476461086e-06,4.2521924764610866e-06,-0.013874585765949634,0.0,0.14919102306848941,0.9515279571181976,0.8619352568989624,0.14919102306848941
232.0,0.0,0.0,-0.08388870262719443,6.025950208889858,5.184411418644994,-16.777740525438887,3.0,0.0,5.175099694093587,0.07,0.0,False,0.0052163077946092845,0.08388870262719443,0.26081649876770213,0.04252192476461086,4.252192476461086e-06,4.2521924764610866e-06,-0.01677802589295357,0.0,0.007927253559839365,0.8415387902448641,0.8508505147962708,0.007927253559839365
233.0,0.0,0.0,-0.08273925431648507,6.832195356418498,5.204300470446363,-16.547850863297015,3.0,0.0,5.179118093512567,0.04,0.0,False,0.004963924033424696,0.08273925431648507,0.2481972570492562,0.04252192476461086,4.252192476461086e-06,4.2521924764610866e-06,-0.01654813232068796,0.0,0.8062451475286396,1.6278948859721352,1.6530772629059305,0.8062451475286396
234.0,0.0,0.0,-0.1609131096807907,6.586778236866753,5.302752333439722,-32.18262193615814,3.0,0.0,5.198540074563272,0.05,0.0,False,0.0050308777936709514,0.1609131096807907,0.25154495929658277,0.04252192476461086,4.252192476461086e-06,4.2521924764610866e-06,-0.032183169320642004,0.0,-0.24541711955174517,1.2840259034270307,1.3882381623034803,0.24541711955174517
235.0,0.0,0.0,-0.1299791866725354,6.245798376681347,5.42413271476567,-25.995837334507083,3.0,0.0,5.223030047934875,0.17,0.0,False,0.0047453460938003825,0.1299791866725354,0.23726831359626704,0.04252192476461086,4.252192476461086e-06,4.2521924764610866e-06,-0.025996279489842664,0.0,-0.3409798601854055,0.8216656619156772,1.022768328746472,0.3409798601854055
236.0,0.0,0.0,-0.09793591033264311,6.477009012827908,5.3397351314742485,-19.587182066528623,3.0,0.0,5.286958735315417,-0.06,0.0,False,0.004940608915837661,0.09793591033264311,0.24703149621288603,0.04252192476461086,4.252192476461086e-06,4.2521924764610866e-06,-0.01958751521898485,0.0,0.23121063614656112,1.1372738813536598,1.1900502775124915,0.23121063614656112
237.0,0.0,0.0,-0.11744339628825978,6.42536258405356,5.3378079436226225,-23.488679257651956,3.0,0.0,5.266418451237862,0.0,0.0,False,0.004926083016329408,0.11744339628825978,0.24630519814912738,0.04252192476461086,4.252192476461086e-06,4.2521924764610866e-06,-0.02348907876949402,0.0,-0.05164642877434833,1.0875546404309375,1.158944132815698,0.05164642877434833
238.0,0.0,0.0,-0.10855055136923848,6.754375234639807,5.341831694047216,-21.710110273847697,3.0,0.0,5.302550080349006,0.04,0.0,False,0.004798969169559215,0.10855055136923848,0.23994947878499057,0.04252192476461086,4.252192476461086e-06,4.2521924764610866e-06,-0.02171047953454779,0.0,0.32901265058624674,1.4125435405925906,1.451825154290801,0.32901265058624674
239.0,0.0,0.0,-0.14491611621984163,6.684097548667494,5.264764366062039,-28.983223243968325,3.0,0.0,5.339833991469284,0.05,0.0,False,0.005072607485498644,0.14491611621984163,0.25363145276010146,0.04252192476461086,4.252192476461086e-06,4.2521924764610866e-06,-0.028983716210847398,0.0,-0.07027768597231265,1.4193331826054552,1.34426355719821,0.07027768597231265
240.0,0.0,0.0,-0.13455121117092922,6.7624507854870295,5.1978614479700616,-26.910242234185844,3.0,0.0,5.305183261880437,-0.11,0.0,False,0.005249552620350398,0.13455121117092925,0.2624787471229276,0.04252192476461086,4.252192476461086e-06,4.2521924764610866e-06,-0.02691069994235783,0.0,0.07835323681953543,1.564589337516968,1.4572675236065926,0.07835323681953543
241.0,0.0,0.0,-0.14582329390527257,6.62400171827554,5.107884744181136,-29.164658781054513,3.0,0.0,5.338556830075811,0.0,0.0,False,0.0055593889984403245,0.14582329390527257,0.2779706319016198,0.04252192476461086,4.252192476461086e-06,4.2521924764610866e-06,-0.029165154833915765,0.0,-0.1384490672114893,1.5161169740944045,1.285444888199729,0.1384490672114893
242.0,0.0,0.0,-0.13567040418982604,6.735750033087588,5.174656440673946,-27.134080837965207,3.0,0.0,5.304186842998644,0.12,0.0,False,0.00537208310944564,0.13567040418982604,0.2686052976288511,0.04252192476461086,4.252192476461086e-06,4.2521924764610866e-06,-0.027134542353340313,0.0,0.11174831481204794,1.5610935924136422,1.4315631900889443,0.11174831481204794
243.0,0.0,0.0,-0.14668713130072353,6.564440014447032,5.158819442234896,-29.337426260144703,3.0,0.0,5.267268831543682,0.01,0.0,False,0.005380029887308994,0.1466871313007235,0.2690026382115802,0.04252192476461086,4.252192476461086e-06,4.2521924764610866e-06,-0.029337925251555753,0.0,-0.17131001864055584,1.4056205722121362,1.2971711829033499,0.17131001864055584
244.0,0.0,0.0,-0.12654306752784567,6.8775143382272415,5.25697178098438,-25.30861350556913,3.0,0.0,5.268847532984549,-0.05,0.0,False,0.005412066244626399,0.12654306752784567,0.2706044628886883,0.04252192476461086,4.252192476461086e-06,4.2521924764610866e-06,-0.025309043972122434,0.0,0.31307432378020916,1.6205425572428611,1.6086668052426925,0.31307432378020916
245.0,0.0,0.0,-0.15641781696923537,7.201797328791496,5.142545563739964,-31.283563393847075,3.0,0.0,5.298982434894592,-0.04,0.0,False,0.005114680374731384,0.15641781696923535,0.25573510616683953,0.04252192476461086,4.252192476461086e-06,4.2521924764610866e-06,-0.03128409548651609,0.0,0.3242829905642548,2.059251765051532,1.9028148938969043,0.3242829905642548
246.0,0.0,0.0,-0.1923515761512142,6.550031432829027,5.086573227079603,-38.47031523024284,3.0,0.0,5.313302912601664,0.07,0.0,False,0.0049456170805872845,0.19235157615121415,0.2472819055151512,0.04252192476461086,4.252192476461086e-06,4.2521924764610866e-06,-0.03847096956020042,0.0,-0.6517658959624697,1.4634582057494239,1.2367285202273628,0.6517658959624697
247.0,0.0,0.0,-0.126953352929575,6.108765784595229,5.190886297918807,-25.390670585915,3.0,0.0,5.278240671483109,0.05,0.0,False,0.004972021919484987,0.126953352929575,0.2486021530739593,0.04252192476461086,4.252192476461086e-06,4.2521924764610866e-06,-0.025391102448152365,0.0,-0.44126564823379777,0.9178794866764219,0.8305251131121194,0.44126564823379777
248.0,0.0,0.0,-0.08056038556566941,5.907553800570292,5.312801337287915,-16.112077113133882,3.0,0.0,5.280470912028669,-0.07,0.0,False,0.004874323730621278,0.08056038556566941,0.24371722285919864,0.04252192476461086,4.252192476461086e-06,4.2521924764610866e-06,-0.016112351158580895,0.0,-0.2012119840249369,0.5947524632823766,0.6270828885416231,0.2012119840249369
249.0,0.0,0.0,-0.056063556598375565,5.9136485196387785,5.367073047687159,-11.212711319675114,3.0,0.0,5.303144801025265,-0.01,0.0,False,0.004853288763790817,0.056063556598375565,0.2426654700454392,0.04252192476461086,4.252192476461086e-06,4.2521924764610866e-06,-0.01121290203329101,0.0,0.006094719068486576,0.5465754719516198,0.6105037186135132,0.006094719068486576
250.0,0.0,0.0,-0.057927309146438385,6.197647532978834,5.329983368273562,-11.585461829287677,3.0,0.0,5.346906314934858,-0.03,0.0,False,0.005013310810377327,0.057927309146438385,0.25066660639699184,0.04252192476461086,4.252192476461086e-06,4.2521924764610866e-06,-0.011585658882904264,0.0,0.28399901334005584,0.8676641647052721,0.850741218043976,0.28399901334005584
251.0,0.0,0.0,-0.07853222387067339,5.828269083354284,5.506355118191329,-15.706444774134678,3.0,0.0,5.334363112270989,0.11,0.0,False,0.004912214002766483,0.07853222387067339,0.2456117445222954,0.04252192476461086,4.252192476461086e-06,4.2521924764610866e-06,-0.015706711920303908,0.0,-0.36937844962455024,0.32191396516295523,0.49390597108329537,0.36937844962455024
252.0,0.0,0.0,-0.03736592902955048,6.370578772673838,5.410851018234138,-7.473185805910096,3.0,0.0,5.412308597565526,-0.12,0.0,False,0.0053278119381468475,0.037365929029550486,0.26639172965143426,0.04252192476461086,4.252192476461086e-06,4.2521924764610866e-06,-0.0074733129150674335,0.0,0.5423096893195538,0.9597277544397,0.9582701751083116,0.5423096893195538
253.0,0.0,0.0,-0.08901826976939006,7.302250580332664,5.480273501218882,-17.803653953878012,3.0,0.0,5.454601848702665,-0.05,0.0,False,0.005480228728232593,0.08901826976939006,0.27401260156099794,0.04252192476461086,4.252192476461086e-06,4.2521924764610866e-06,-0.017803956770843943,0.0,0.9316718076588257,1.8219770791137817,1.8476487316299988,0.9316718076588257
254.0,0.0,0.0,-0.17970755167379046,6.905118628573735,5.56808635908098,-35.94151033475809,3.0,0.0,5.480377148839089,0.06,0.0,False,0.005317834917788259,0.17970755167379046,0.2658928765122943,0.04252192476461086,4.252192476461086e-06,4.2521924764610866e-06,-0.035942121653037964,0.0,-0.39713195175892846,1.337032269492755,1.4247414797346458,0.39713195175892846
255.0,0.0,0.0,-0.1366802770508108,7.616809919279097,5.616510657333218,-27.336055410162157,3.0,0.0,5.505136856039802,0.12,0.0,False,0.005175837640363267,0.1366802770508108,0.258792982451057,0.04252192476461086,4.252192476461086e-06,4.2521924764610866e-06,-0.027336520360861677,0.0,0.7116912907053621,2.0002992619458793,2.1116730632392953,0.7116912907053621
256.0,0.0,0.0,-0.20251668287424202,8.144598087206008,5.655292031272925,-40.503336574848404,3.0,0.0,5.538286798523341,0.14,0.0,False,0.004715651667824451,0.20251668287424202,0.2357835859841497,0.04252192476461086,4.252192476461086e-06,4.2521924764610866e-06,-0.040504025483851215,0.0,0.5277881679269107,2.489306055933083,2.606311288682667,0.5277881679269107
257.0,0.0,0.0,-0.25796333589839265,8.258940379157687,5.56039092612242,-51.59266717967853,3.0,0.0,5.591600033540916,-0.09,0.0,False,0.004934071487761801,0.25796333589839265,0.24670462341917287,0.04252192476461086,4.252192476461086e-06,4.2521924764610866e-06,-0.05159354470375197,0.0,0.11434229195167944,2.698549453035268,2.667340345616771,0.11434229195167944
258.0,0.0,0.0,-0.269575222926717,8.44460718169782,5.637919495359299,-53.9150445853434,3.0,0.0,5.564909882734279,-0.05,0.0,False,0.0050474228563104455,0.269575222926717,0.25237221594619696,0.04252192476461086,4.252192476461086e-06,4.2521924764610866e-06,-0.0539159616100318,0.0,0.18566680254013335,2.806687686338522,2.879697298963542,0.18566680254013335
259.0,0.0,0.0,-0.2851131339227841,8.94564867138024,5.788292522782829,-57.02262678455681,3.0,0.0,5.563130835603781,0.0,0.0,False,0.005317423381694306,0.2851131339227841,0.26587229962010006,0.04252192476461086,4.252192476461086e-06,4.2521924764610866e-06,-0.05702359666517105,0.0,0.5010414896824198,3.1573561485974118,3.3825178357764596,0.5010414896824198
260.0,0.0,0.0,-0.3290782166125352,8.750994712793485,5.920237428605615,-65.81564332250704,3.0,0.0,5.593415224673833,0.22,0.0,False,0.005385174652173018,0.3290782166125352,0.26925987754860786,0.04252192476461086,4.252192476461086e-06,4.2521924764610866e-06,-0.0658167627608804,0.0,-0.1946539585867555,2.83075728418787,3.1575794881196524,0.1946539585867555
261.0,0.0,0.0,-0.2988322263608412,8.65186313086567,5.926286824877659,-59.76644527216825,3.0,0.0,5.654796540059049,0.32,0.0,False,0.005350390380307047,0.2988322263608412,0.2675206565598383,0.04252192476461086,4.252192476461086e-06,4.2521924764610866e-06,-0.05976746182156135,0.0,-0.09913158192781424,2.725576305988012,2.9970665908066216,0.09913158192781424
262.0,0.0,0.0,-0.2833299845729366,8.92748928899003,5.964970684323755,-56.665996914587325,3.0,0.0,5.762608914577844,0.17,0.0,False,0.005369278069183184,0.2833299845729366,0.26846504501934965,0.04252192476461086,4.252192476461086e-06,4.2521924764610866e-06,-0.05666696072939196,0.0,0.27562615812435887,2.9625186046662746,3.164880374412186,0.27562615812435887
263.0,0.0,0.0,-0.3013768990875262,9.06553967909099,6.0810083835817,-60.27537981750524,3.0,0.0,5.81850304645487,0.38,0.0,False,0.005051981236951696,0.3013768990875262,0.25260013594741504,0.04252192476461086,4.252192476461086e-06,4.2521924764610866e-06,-0.06027640502321211,0.0,0.1380503901009611,2.9845312955092904,3.247036632636121,0.1380503901009611
264.0,0.0,0.0,-0.30718258416442557,8.85110670994906,6.1241746880953025,-61.43651683288511,3.0,0.0,5.913656222485628,0.16,0.0,False,0.005213067045609496,0.3071825841644255,0.2606544606286983,0.04252192476461086,4.252192476461086e-06,4.2521924764610866e-06,-0.06143756178802033,0.0,-0.21443296914193155,2.7269320218537567,2.9374504874634315,0.21443296914193155
265.0,0.0,0.0,-0.2826771730158567,8.846749183581148,6.14560891662206,-56.53543460317134,3.0,0.0,5.9936485274730735,0.09,0.0,False,0.005316449726223881,0.2826771730158567,0.26582361663957044,0.04252192476461086,4.252192476461086e-06,4.2521924764610866e-06,-0.0565363961972811,0.0,-0.004357526367911646,2.7011402669590874,2.853100656108074,0.004357526367911646
266.0,0.0,0.0,-0.280477260969397,7.750723040630733,6.176703781624455,-56.0954521938794,3.0,0.0,6.024274879903077,0.16,0.0,False,0.004827993332495257,0.280477260969397,0.2414006931026091,0.04252192476461086,4.252192476461086e-06,4.2521924764610866e-06,-0.05609640630446142,0.0,-1.0960261429504143,1.5740192590062785,1.7264481607276565,1.0960261429504143
267.0,0.0,0.0,-0.1655831983777582,7.827437967346703,6.2719824089712946,-33.11663967555164,3.0,0.0,6.041916941722235,0.33,0.0,False,0.0050935054701099795,0.1655831983777582,0.25467635643378084,0.04252192476461086,4.252192476461086e-06,4.2521924764610866e-06,-0.03311720294646077,0.0,0.07671492671596969,1.5554555583754084,1.785521025624468,0.07671492671596969
268.0,0.0,0.0,-0.17184643809047842,7.680682968124771,6.110316745645644,-34.36928761809568,3.0,0.0,6.0948558522716345,0.05,0.0,False,0.005130658100177097,0.17184643809047842,0.2565339958361434,0.04252192476461086,4.252192476461086e-06,4.2521924764610866e-06,-0.03436987219491484,0.0,-0.14675499922193236,1.5703662224791266,1.585827115853136,0.14675499922193236
269.0,0.0,0.0,-0.15262136408017013,6.977188347978933,6.22502306909267,-30.524272816034028,3.0,0.0,6.1089370502353635,0.03,0.0,False,0.005246523214616801,0.15262136408017013,0.26232727619216706,0.04252192476461086,4.252192476461086e-06,4.2521924764610866e-06,-0.030524791994159223,0.0,-0.7034946201458379,0.7521652788862632,0.8682512977435692,0.7034946201458379
270.0,0.0,0.0,-0.08002665472874622,7.485081491835745,6.34448301262674,-16.005330945749243,3.0,0.0,6.154436878552267,0.0,0.0,False,0.005595579571888222,0.08002665472874622,0.2797801682684789,0.04252192476461086,4.252192476461086e-06,4.2521924764610866e-06,-0.016005603175582975,0.0,0.507893143856812,1.1405984792090047,1.3306446132834777,0.507893143856812
271.0,0.0,0.0,-0.12447368322035267,7.451202111488806,6.322755648373888,-24.894736644070534,3.0,0.0,6.176904786254514,0.13,0.0,False,0.005707462360118381,0.12447368322035267,0.28537433146734437,0.04252192476461086,4.252192476461086e-06,4.2521924764610866e-06,-0.024895160071117462,0.0,-0.0338793803469386,1.1284464631149183,1.2742973252342917,0.0338793803469386
272.0,0.0,0.0,-0.11457316920815548,7.898432268991641,6.422189549541439,-22.914633841631098,3.0,0.0,6.240318195329254,0.08,0.0,False,0.00556616468792548,0.11457316920815548,0.27830941781645435,0.04252192476461086,4.252192476461086e-06,4.2521924764610866e-06,-0.022915023589708282,0.0,0.447230157502835,1.4762427194502017,1.6581140736623867,0.447230157502835
273.0,0.0,0.0,-0.15632197700937542,8.588924954026266,6.459959899857368,-31.26439540187508,3.0,0.0,6.305446060048848,0.15,0.0,False,0.005354133972157633,0.15632197700937542,0.2677078369482913,0.04252192476461086,4.252192476461086e-06,4.2521924764610866e-06,-0.031264927168521514,0.0,0.6904926850346254,2.1289650541688987,2.283478893977419,0.6904926850346254
274.0,0.0,0.0,-0.2249389921369755,8.449190895306218,6.476352265509806,-44.9877984273951,3.0,0.0,6.335179263341161,0.07,0.0,False,0.004868089099795839,0.2249389921369755,0.24340548999238418,0.04252192476461086,4.252192476461086e-06,4.2521924764610866e-06,-0.04498856361125337,0.0,-0.13973405872004818,1.9728386297964127,2.114011631965057,0.13973405872004818
275.0,0.0,0.0,-0.20741080641348397,8.191937945970892,6.4942717262091945,-41.482161282696794,3.0,0.0,6.339487208462012,0.01,0.0,False,0.004990003529606462,0.20741080641348397,0.24950123740309632,0.04252192476461086,4.252192476461086e-06,4.2521924764610866e-06,-0.04148286684023304,0.0,-0.25725294933532616,1.6976662197616976,1.85245073750888,0.25725294933532616
276.0,0.0,0.0,-0.1726814391140799,9.584524751114998,6.757037297801238,-34.53628782281598,3.0,0.0,6.375038733637853,0.38,0.0,False,0.004897985338680043,0.17268143911407985,0.2449003082928225,0.04252192476461086,4.252192476461086e-06,4.2521924764610866e-06,-0.034536875240091115,0.0,1.3925868051441057,2.8274874533137595,3.209486017477145,1.3925868051441057
277.0,0.0,0.0,-0.30328550395863163,9.05878547970386,6.780526801616624,-60.65710079172633,3.0,0.0,6.465086841094283,0.27,0.0,False,0.0051209383386504725,0.30328550395863163,0.25604800569329733,0.04252192476461086,4.252192476461086e-06,4.2521924764610866e-06,-0.060658132490009814,0.0,-0.5257392714111386,2.2782586780872354,2.5936986386095757,0.5257392714111386
278.0,0.0,0.0,-0.24097452086767293,8.450832324179371,6.893264950736749,-48.19490417353459,3.0,0.0,6.551605230111777,0.43,0.0,False,0.005345064305697968,0.24097452086767293,0.26725435169700973,0.04252192476461086,4.252192476461086e-06,4.2521924764610866e-06,-0.04819572390608461,0.0,-0.6079531555244877,1.5575673734426223,1.8992270940675944,0.6079531555244877
279.0,0.0,0.0,-0.17243479494064226,8.810007937594202,6.875569050448993,-34.48695898812845,3.0,0.0,6.6489890375249,0.09,0.0,False,0.005716727361228087,0.17243479494064226,0.28583758349265803,0.04252192476461086,4.252192476461086e-06,4.2521924764610866e-06,-0.03448754556638436,0.0,0.3591756134148305,1.934438887145209,2.161018900069302,0.3591756134148305
280.0,0.0,0.0,-0.2017048485115463,8.034164996197115,7.052339273748658,-40.34096970230926,3.0,0.0,6.726447713476065,0.31,0.0,False,0.005371449148900945,0.2017048485115463,0.2685735994668301,0.04252192476461086,4.252192476461086e-06,4.2521924764610866e-06,-0.04034165584966304,0.0,-0.7758429413970873,0.9818257224484563,1.3077172827210495,0.7758429413970873
281.0,0.0,0.0,-0.12078414087144111,8.124967586744686,6.961797123957066,-24.156828174288222,3.0,0.0,6.792916568086776,0.03,0.0,False,0.005651842621710349,0.12078414087144111,0.2825933327216511,0.04252192476461086,4.252192476461086e-06,4.2521924764610866e-06,-0.024157239050473147,0.0,0.09080259054757178,1.1631704627876207,1.3320510186579106,0.09080259054757178
282.0,0.0,0.0,-0.1291093613295419,8.01596324177916,6.926470333832614,-25.82187226590838,3.0,0.0,6.82629790761195,0.02,0.0,False,0.005503457863519338,0.1291093613295419,0.2751740632640729,0.04252192476461086,4.252192476461086e-06,4.2521924764610866e-06,-0.02582231146232472,0.0,-0.10900434496552691,1.0894929079465454,1.1896653341672092,0.10900434496552691
283.0,0.0,0.0,-0.11592147702388651,8.012262568472108,6.85670486844598,-23.184295404777302,3.0,0.0,6.833846523556524,0.06,0.0,False,0.005345568942888972,0.11592147702388651,0.26727958366385063,0.04252192476461086,4.252192476461086e-06,4.2521924764610866e-06,-0.023184689739446464,0.0,-0.003700673307051261,1.1555577000261286,1.1784160449155845,0.003700673307051261
284.0,0.0,0.0,-0.11230551361454905,8.030432383132556,6.93685831846218,-22.46110272290981,3.0,0.0,6.856723825518673,0.01,0.0,False,0.005083982806101326,0.11230551361454907,0.2542002212087382,0.04252192476461086,4.252192476461086e-06,4.2521924764610866e-06,-0.022461484757013355,0.0,0.01816981466044787,1.093574064670376,1.1737085576138835,0.01816981466044787
285.0,0.0,0.0,-0.10932885668805398,7.7650767285611595,6.828384302033655,-21.865771337610795,3.0,0.0,6.8891835550936165,-0.03,0.0,False,0.0050979553576795495,0.10932885668805398,0.25489885175834825,0.04252192476461086,4.252192476461086e-06,4.2521924764610866e-06,-0.021866143245902844,0.0,-0.26535565457139665,0.9366924265275047,0.875893173467543,0.26535565457139665
286.0,0.0,0.0,-0.08328751356175154,7.745756175405901,6.904395771784845,-16.657502712350308,3.0,0.0,6.937120571884924,0.03,0.0,False,0.005010271513958865,0.08328751356175154,0.25051464092988507,0.04252192476461086,4.252192476461086e-06,4.2521924764610866e-06,-0.01665778603477639,0.0,-0.019320553155258935,0.8413604036210556,0.808635603520977,0.019320553155258935
287.0,0.0,0.0,-0.08106591400484497,7.793157474870783,6.8336603282718285,-16.213182800968994,3.0,0.0,6.932183885216717,-0.05,0.0,False,0.004847296635694491,0.08106591400484497,0.2423658623666388,0.04252192476461086,4.252192476461086e-06,4.2521924764610866e-06,-0.016213458566092076,0.0,0.04740129946488203,0.9594971465989541,0.8609735896540656,0.04740129946488203
288.0,0.0,0.0,-0.0826464706200401,8.627388481894924,6.964348581399277,-16.529294124008022,3.0,0.0,6.93507979996397,0.01,0.0,False,0.0046883373172838675,0.0826464706200401,0.2344178626498267,0.04252192476461086,4.252192476461086e-06,4.2521924764610866e-06,-0.016529575265773002,0.0,0.8342310070241412,1.6630399004956464,1.692308681930954,0.8342310070241412
289.0,0.0,0.0,-0.1647060907499064,8.737184465311321,7.052573990639914,-32.941218149981275,3.0,0.0,6.966675197235353,-0.06,0.0,False,0.004952562824037485,0.1647060907499064,0.24762919416439313,0.04252192476461086,4.252192476461086e-06,4.2521924764610866e-06,-0.03294177843719873,0.0,0.10979598341639729,1.6846104746714072,1.7705092680759682,0.10979598341639729
290.0,0.0,0.0,-0.1745643097184187,9.28966333644639,7.078372256738328,-34.91286194368374,3.0,0.0,6.980292556295866,0.12,0.0,False,0.0048775584578121655,0.17456430971841866,0.2438789599064771,0.04252192476461086,4.252192476461086e-06,4.2521924764610866e-06,-0.034913455765994215,0.0,0.5524788711350688,2.2112910797080616,2.309370780150524,0.5524788711350688
291.0,0.0,0.0,-0.22880044026898758,9.745122277070932,7.081386792963029,-45.76008805379752,3.0,0.0,6.991504254074914,-0.06,0.0,False,0.0051163056505028,0.22880044026898758,0.2558163703009596,0.04252192476461086,4.252192476461086e-06,4.2521924764610866e-06,-0.04576086637329649,0.0,0.45545894062454195,2.663735484107903,2.753618022996018,0.45545894062454195
292.0,0.0,0.0,-0.2705953422390321,10.281879495727983,7.090764123071991,-54.11906844780642,3.0,0.0,7.00161028858098,-0.11,0.0,False,0.005263273918045955,0.2705953422390321,0.2631648149249855,0.04252192476461086,4.252192476461086e-06,4.2521924764610866e-06,-0.054119988942674994,0.0,0.5367572186570513,3.191115372655992,3.280269207147003,0.5367572186570513
293.0,0.0,0.0,-0.31542573963527015,10.717504668677218,7.256015778335719,-63.08514792705403,3.0,0.0,7.039111323506692,0.17,0.0,False,0.005235545986343108,0.31542573963527015,0.261778412444618,0.04252192476461086,4.252192476461086e-06,4.2521924764610866e-06,-0.06308622092325696,0.0,0.4356251729492353,3.4614888903414993,3.6783933451705266,0.4356251729492353
294.0,0.0,0.0,-0.3560077140121979,10.614434541371107,7.200157583577901,-71.20154280243958,3.0,0.0,7.127555036827436,-0.07,0.0,False,0.005362772439390138,0.3560077140121979,0.2681397621465379,0.04252192476461086,4.252192476461086e-06,4.2521924764610866e-06,-0.07120275384794839,0.0,-0.1030701273061112,3.4142769577932066,3.486879504543671,0.1030701273061112
295.0,0.0,0.0,-0.34457118105743917,10.406829553812988,7.301683428888702,-68.91423621148783,3.0,0.0,7.157351837889089,0.04,0.0,False,0.005106565883491829,0.34457118105743917,0.2553293798796428,0.04252192476461086,4.252192476461086e-06,4.2521924764610866e-06,-0.06891540835289056,0.0,-0.20760498755811874,3.1051461249242864,3.2494777159238994,0.20760498755811874
296.0,0.0,0.0,-0.31917178437862553,9.967191891036036,7.33941566640767,-63.834356875725106,3.0,0.0,7.168649471647534,0.2,0.0,False,0.005271484592909599,0.31917178437862553,0.2635753504138362,0.04252192476461086,4.252192476461086e-06,4.2521924764610866e-06,-0.06383544261499646,0.0,-0.4396376627769527,2.6277762246283656,2.798542419388502,0.4396376627769527
297.0,0.0,0.0,-0.27281205895509986,10.068992545800974,7.365969161354282,-54.56241179101997,3.0,0.0,7.215043851033726,0.01,0.0,False,0.0053595435729622545,0.27281205895509986,0.2679783181386556,0.04252192476461086,4.252192476461086e-06,4.2521924764610866e-06,-0.054563339826581396,0.0,0.10180065476493816,2.703023384446692,2.853948694767248,0.10180065476493816
298.0,0.0,0.0,-0.2765802328228507,9.79721383942645,7.373195565293687,-55.316046564570144,3.0,0.0,7.239013299015811,0.1,0.0,False,0.005368015563109809,0.27658023282285077,0.26840191944725994,0.04252192476461086,4.252192476461086e-06,4.2521924764610866e-06,-0.055316987418477515,0.0,-0.2717787063745245,2.424018274132762,2.5582005404106383,0.2717787063745245
299.0,0.0,0.0,-0.24492455747052935,10.357333047184245,7.3645762369684675,-48.98491149410587,3.0,0.0,7.303131413953213,0.01,0.0,False,0.005187151362632063,0.24492455747052935,0.2593586709699031,0.04252192476461086,4.252192476461086e-06,4.2521924764610866e-06,-0.04898574466365149,0.0,0.5601192077577952,2.992756810215777,3.054201633231032,0.5601192077577952
300.0,0.0,0.0,-0.3022508166308901,10.099674734399539,7.386435937731587,-60.45016332617802,3.0,0.0,7.3479161914031295,0.05,0.0,False,0.005143399431938306,0.3022508166308901,0.25717106513313376,0.04252192476461086,4.252192476461086e-06,4.2521924764610866e-06,-0.06045119150472474,0.0,-0.25765831278470586,2.7132387966679516,2.7517585429964093,0.25765831278470586
301.0,0.0,0.0,-0.2711984143452735,10.153285674164227,7.422167518087209,-54.2396828690547,3.0,0.0,7.334760619442923,0.1,0.0,False,0.005058206035868538,0.2711984143452735,0.25291137721670937,0.04252192476461086,4.252192476461086e-06,4.2521924764610866e-06,-0.05424060541541748,0.0,0.053610939764688226,2.7311181560770184,2.818525054721304,0.053610939764688226
302.0,0.0,0.0,-0.2769364310084158,9.675450018559907,7.445164066665382,-55.38728620168316,3.0,0.0,7.387632931553952,0.07,0.0,False,0.004910829768113551,0.27693643100841575,0.24554253249534708,0.04252192476461086,4.252192476461086e-06,4.2521924764610866e-06,-0.05538822826728398,0.0,-0.47783565560431995,2.2302859518945253,2.287817087005955,0.47783565560431995
303.0,0.0,0.0,-0.22734582118612928,10.219390175236777,7.492966644989163,-45.469164237225854,3.0,0.0,7.383862484729653,0.08,0.0,False,0.004740668878074124,0.22734582118612928,0.23703445181553293,0.04252192476461086,4.252192476461086e-06,4.2521924764610866e-06,-0.045469937608489615,0.0,0.5439401566768698,2.7264235302476134,2.8355276905071243,0.5439401566768698
304.0,0.0,0.0,-0.2768708508155234,10.481616865124787,7.606770931611599,-55.37417016310468,3.0,0.0,7.401943470789097,0.11,0.0,False,0.005142711600317385,0.2768708508155234,0.257136673405848,0.04252192476461086,4.252192476461086e-06,4.2521924764610866e-06,-0.055375112005618767,0.0,0.2622266898880099,2.874845933513188,3.07967339433569,0.2622266898880099
305.0,0.0,0.0,-0.29488591821555615,10.511372216820066,7.64793727529479,-58.97718364311123,3.0,0.0,7.450622801674107,0.28,0.0,False,0.004878311546014252,0.29488591821555615,0.24391661447669521,0.04252192476461086,4.252192476461086e-06,4.2521924764610866e-06,-0.05897818676819198,0.0,0.029755351695278875,2.8634349415252753,3.060749415145959,0.029755351695278875
306.0,0.0,0.0,-0.2981211366583492,10.943835977800408,7.570150973514933,-59.62422733166984,3.0,0.0,7.532694987385086,0.0,0.0,False,0.00529080791721957,0.2981211366583492,0.26454152073765946,0.04252192476461086,4.252192476461086e-06,4.2521924764610866e-06,-0.05962524146212101,0.0,0.4324637609803421,3.373685004285475,3.411140990415322,0.4324637609803421
307.0,0.0,0.0,-0.34189624766499543,11.413792064304927,7.613176403965547,-68.37924953299908,3.0,0.0,7.530097466813857,-0.06,0.0,False,0.005102597006605475,0.3418962476649955,0.25513093519150376,0.04252192476461086,4.252192476461086e-06,4.2521924764610866e-06,-0.0683804125749752,0.0,0.4699560865045189,3.8006156603393793,3.8836945974910693,0.4699560865045189
308.0,0.0,0.0,-0.3869263127707987,11.255372069583494,7.382625188948567,-77.38526255415974,3.0,0.0,7.524800810717855,-0.09,0.0,False,0.005365154934327312,0.3869263127707987,0.268258887399938,0.04252192476461086,4.252192476461086e-06,4.2521924764610866e-06,-0.07738657877668773,0.0,-0.15841999472143264,3.872746880634927,3.7305712588656395,0.15841999472143264
309.0,0.0,0.0,-0.37185629563601397,11.629135008814506,7.248317354398775,-74.37125912720279,3.0,0.0,7.544446672339138,-0.02,0.0,False,0.005491297568968859,0.371856295636014,0.27456604595115336,0.04252192476461086,4.252192476461086e-06,4.2521924764610866e-06,-0.07437252408545798,0.0,0.3737629392310122,4.380817654415731,4.084688336475368,0.3737629392310122
310.0,0.0,0.0,-0.40755360788029593,12.399677503121687,7.404543041169751,-81.51072157605918,3.0,0.0,7.5367300529962264,-0.04,0.0,False,0.005435259746274964,0.40755360788029593,0.27176414290227824,0.04252192476461086,4.252192476461086e-06,4.2521924764610866e-06,-0.08151210796727205,0.0,0.7705424943071808,4.9951344619519364,4.862947450125461,0.7705424943071808
311.0,0.0,0.0,-0.484230272732623,12.154041980942077,7.261775152777914,-96.8460545465246,3.0,0.0,7.553512280192292,0.02,0.0,False,0.005610111292291098,0.484230272732623,0.2805067573782062,0.04252192476461086,4.252192476461086e-06,4.2521924764610866e-06,-0.09684770177177826,0.0,-0.24563552217960982,4.892266828164163,4.600529700749785,0.24563552217960982
312.0,0.0,0.0,-0.4659944450089584,11.633736189792478,7.02065112172545,-93.19888900179168,3.0,0.0,7.557271823779334,0.26,0.0,False,0.005749601496316482,0.4659944450089584,0.2874812972364353,0.04252192476461086,4.252192476461086e-06,4.2521924764610866e-06,-0.09320047419350957,0.0,-0.5203057911495996,4.6130850680670274,4.076464366013144,0.5203057911495996
313.0,0.0,0.0,-0.4205211727573959,11.413549622694728,7.060318778091323,-84.10423455147918,3.0,0.0,7.49399845594884,0.28,0.0,False,0.005477466580433164,0.4205211727573959,0.27387449358376725,0.04252192476461086,4.252192476461086e-06,4.2521924764610866e-06,-0.08410566505496991,0.0,-0.22018656709775009,4.353230844603405,3.9195511667458875,0.22018656709775009
314.0,0.0,0.0,-0.4040276225243568,11.770800281352011,7.019875252516298,-80.80552450487136,3.0,0.0,7.428435055370174,0.18,0.0,False,0.0050699155772915335,0.4040276225243568,0.25349685677742034,0.04252192476461086,4.252192476461086e-06,4.2521924764610866e-06,-0.0808068989016005,0.0,0.3572506586572839,4.750925028835713,4.342365225981838,0.3572506586572839
315.0,0.0,0.0,-0.44335676849661504,11.137308188618412,7.166312710862363,-88.671353699323,3.0,0.0,7.373187497290326,0.12,0.0,False,0.004843351663667996,0.4433567684966151,0.24216861292657502,0.04252192476461086,4.252192476461086e-06,4.2521924764610866e-06,-0.08867286188356215,0.0,-0.633492092733599,3.970995477756049,3.7641206913280865,0.633492092733599
316.0,0.0,0.0,-0.381282884282856,10.796066023256149,7.175841393923489,-76.2565768565712,3.0,0.0,7.3371383344700964,-0.04,0.0,False,0.005111767715994118,0.38128288428285595,0.25558947261071707,0.04252192476461086,4.252192476461086e-06,4.2521924764610866e-06,-0.07625787388162548,0.0,-0.3412421653622637,3.62022462933266,3.4589276887860523,0.3412421653622637
317.0,0.0,0.0,-0.3465791412933411,10.400720133494675,7.235486912223243,-69.31582825866822,3.0,0.0,7.324398281379259,-0.02,0.0,False,0.00519353284184746,0.3465791412933411,0.2596777462874368,0.04252192476461086,4.252192476461086e-06,4.2521924764610866e-06,-0.06931700723062863,0.0,-0.3953458897614741,3.165233221271432,3.0763218521154156,0.3953458897614741
318.0,0.0,0.0,-0.3089868998401493,10.69116499558909,7.224006531673492,-61.797379968029865,3.0,0.0,7.330200924261886,0.04,0.0,False,0.00517510541387805,0.3089868998401493,0.25875637097111787,0.04252192476461086,4.252192476461086e-06,4.2521924764610866e-06,-0.06179843106097702,0.0,0.2904448620944162,3.467158463915599,3.3609640713272046,0.2904448620944162
319.0,0.0,0.0,-0.3338577119840906,10.891129203060562,7.341103661712477,-66.77154239681812,3.0,0.0,7.310785441504644,0.01,0.0,False,0.005273221606817353,0.3338577119840906,0.2636622014785297,0.04252192476461086,4.252192476461086e-06,4.2521924764610866e-06,-0.06677267809378974,0.0,0.1999642074714707,3.5500255413480843,3.580343761555918,0.1999642074714707
320.0,0.0,0.0,-0.35343752396518313,10.850862648677055,7.3802712011006895,-70.68750479303662,3.0,0.0,7.352516894385633,-0.01,0.0,False,0.0052438553971486,0.35343752396518313,0.2621938847515533,0.04252192476461086,4.252192476461086e-06,4.2521924764610866e-06,-0.07068870709542838,0.0,-0.040266554383507014,3.470591447576365,3.498345754291422,0.040266554383507014
321.0,0.0,0.0,-0.34703224953552747,10.915215392569946,7.421267881656938,-69.4064499071055,3.0,0.0,7.356678819189719,-0.09,0.0,False,0.005271276932182426,0.34703224953552747,0.2635649673333269,0.04252192476461086,4.252192476461086e-06,4.2521924764610866e-06,-0.06940763042042213,0.0,0.0643527438928917,3.4939475109130083,3.558536573380227,0.0643527438928917
322.0,0.0,0.0,-0.35016785564449227,11.456795787546008,7.413804714840561,-70.03357112889846,3.0,0.0,7.380466370925754,0.11,0.0,False,0.005153262797158421,0.3501678556444922,0.25766423549118583,0.04252192476461086,4.252192476461086e-06,4.2521924764610866e-06,-0.07003476230873028,0.0,0.5415803949760623,4.042991072705448,4.076329416620254,0.5415803949760623
323.0,0.0,0.0,-0.40350358885627996,11.331319959275888,7.382048756786482,-80.700717771256,3.0,0.0,7.4134623870689635,-0.11,0.0,False,0.005237165130233259,0.40350358885628007,0.26185936998337117,0.04252192476461086,4.252192476461086e-06,4.2521924764610866e-06,-0.08070209038535912,0.0,-0.12547582827012072,3.949271202489406,3.917857572206924,0.12547582827012072
324.0,0.0,0.0,-0.3883305796383706,11.053214469288998,7.363863345690137,-77.66611592767411,3.0,0.0,7.4216741102369745,0.12,0.0,False,0.00512866313654917,0.3883305796383705,0.25643424723059854,0.04252192476461086,4.252192476461086e-06,4.2521924764610866e-06,-0.0776674369271522,0.0,-0.2781054899868902,3.6893511235988603,3.631540359052023,0.2781054899868902
325.0,0.0,0.0,-0.3640405773538928,10.659287588544238,7.388798902501473,-72.80811547077856,3.0,0.0,7.447931600073731,-0.06,0.0,False,0.0051419914230998644,0.3640405773538929,0.25710066439185536,0.04252192476461086,4.252192476461086e-06,4.2521924764610866e-06,-0.07280935384199604,0.0,-0.39392688074475934,3.270488686042765,3.2113559884705074,0.39392688074475934
326.0,0.0,0.0,-0.3176652869023118,9.772247957482119,7.562758497209579,-63.53305738046237,3.0,0.0,7.412731297219865,0.07,0.0,False,0.005260645751661793,0.3176652869023118,0.263033406047004,0.04252192476461086,4.252192476461086e-06,4.2521924764610866e-06,-0.06353413799502172,0.0,-0.8870396310621196,2.2094894602725397,2.359516660262254,0.8870396310621196
327.0,0.0,0.0,-0.22712219242511034,9.52688888012124,7.610733008266788,-45.424438485022065,3.0,0.0,7.482567180823974,0.12,0.0,False,0.004773944729484925,0.22712219242511034,0.23869825146083926,0.04252192476461086,4.252192476461086e-06,4.2521924764610866e-06,-0.045425211095559026,0.0,-0.24535907736087914,1.9161558718544516,2.0443216992972655,0.24535907736087914
328.0,0.0,0.0,-0.2010274932566289,9.061993780889958,7.535053009830465,-40.205498651325776,3.0,0.0,7.500977744867124,-0.08,0.0,False,0.004908840836764558,0.2010274932566289,0.2454430855050316,0.04252192476461086,4.252192476461086e-06,4.2521924764610866e-06,-0.04020618249449342,0.0,-0.46489509923128125,1.5269407710594933,1.561016036022834,0.46489509923128125
329.0,0.0,0.0,-0.15128271341608787,9.468806593260254,7.5348777873985675,-30.256542683217575,3.0,0.0,7.516571207175233,-0.02,0.0,False,0.004898222488118533,0.15128271341608787,0.2449121658151672,0.04252192476461086,4.252192476461086e-06,4.2521924764610866e-06,-0.03025705730760191,0.0,0.4068128123702959,1.9339288058616866,1.9522353860850208,0.4068128123702959
330.0,0.0,0.0,-0.19057253378570924,9.1854400767288,7.429530751998936,-38.11450675714185,3.0,0.0,7.549134482568291,-0.03,0.0,False,0.004759613952493218,0.1905725337857092,0.23798170956439282,0.04252192476461086,4.252192476461086e-06,4.2521924764610866e-06,-0.038115155035260716,0.0,-0.28336651653145495,1.7559093247298634,1.6363055941605085,0.28336651653145495
331.0,0.0,0.0,-0.16156562085509152,8.722372519178196,7.609176784106037,-32.3131241710183,3.0,0.0,7.5630407378484446,-0.09,0.0,False,0.004924912823550253,0.16156562085509152,0.24624668826137536,0.04252192476461086,4.252192476461086e-06,4.2521924764610866e-06,-0.03231367377517522,0.0,-0.4630675575506036,1.1131957350721589,1.159331781329751,0.4630675575506036
332.0,0.0,0.0,-0.11170534911745271,8.30476891479248,7.788800625757423,-22.341069823490542,3.0,0.0,7.5697495177720135,0.16,0.0,False,0.004951454590482797,0.11170534911745271,0.24757378225103774,0.04252192476461086,4.252192476461086e-06,4.2521924764610866e-06,-0.0223414498159908,0.0,-0.4176036043857163,0.5159682890350563,0.7350193970204657,0.4176036043857163
333.0,0.0,0.0,-0.05938333466905665,8.788262139159148,7.983564344827069,-11.87666693381133,3.0,0.0,7.605295278371415,0.46,0.0,False,0.004650139776690397,0.05938333466905665,0.2325079774989885,0.04252192476461086,4.252192476461086e-06,4.2521924764610866e-06,-0.011876868940447474,0.0,0.48349322436666853,0.8046977943320792,1.182966860787733,0.48349322436666853
334.0,0.0,0.0,-0.09615421769240502,9.051468887948152,8.132878882528031,-19.230843538481004,3.0,0.0,7.710922942633468,0.53,0.0,False,0.004928055288805288,0.09615421769240502,0.24640381219224547,0.04252192476461086,4.252192476461086e-06,4.2521924764610866e-06,-0.01923117063008297,0.0,0.2632067487890044,0.9185900054201213,1.340545945314684,0.2632067487890044
335.0,0.0,0.0,-0.11111920224320318,9.239396312587152,8.270236847943941,-22.223840448640637,3.0,0.0,7.826699518923046,0.41,0.0,False,0.005223687592885351,0.11111920224320318,0.2611854902505216,0.04252192476461086,4.252192476461086e-06,4.2521924764610866e-06,-0.02222421844722191,0.0,0.1879274246389997,0.9691594646432105,1.4126967936641055,0.1879274246389997
336.0,0.0,0.0,-0.12177567036757118,8.666149485592374,8.183678530800682,-24.355134073514236,3.0,0.0,7.940253240504332,0.27,0.0,False,0.0051277711646097145,0.12177567036757118,0.25638964844398404,0.04252192476461086,4.252192476461086e-06,4.2521924764610866e-06,-0.024355548322624227,0.0,-0.5732468269947777,0.4824709547916921,0.725896245088042,0.5732468269947777
337.0,0.0,0.0,-0.056953190957324054,9.203967557566767,8.313500898040996,-11.390638191464811,3.0,0.0,8.021613718231974,0.16,0.0,False,0.00511127034495571,0.05695319095732407,0.25556460395305075,0.04252192476461086,4.252192476461086e-06,4.2521924764610866e-06,-0.011390831931385062,0.0,0.5378180719743924,0.8904666595257709,1.1823538393347928,0.5378180719743924
338.0,0.0,0.0,-0.10761272491241862,8.881788832733873,8.255922182870268,-21.522544982483723,3.0,0.0,8.096605467222629,0.17,0.0,False,0.005110883043990615,0.10761272491241862,0.2555452388224521,0.04252192476461086,4.252192476461086e-06,4.2521924764610866e-06,-0.021522911052942496,0.0,-0.32217872483289334,0.625866649863605,0.7851833655112443,0.32217872483289334
339.0,0.0,0.0,-0.07327575460674172,9.038768896130446,8.238119856533196,-14.655150921348346,3.0,0.0,8.127817428941619,0.12,0.0,False,0.005214936956120492,0.07327575460674172,0.26074795655180905,0.04252192476461086,4.252192476461086e-06,4.2521924764610866e-06,-0.014655400186378367,0.0,0.15698006339657233,0.8006490395972499,0.910951467188827,0.15698006339657233
340.0,0.0,0.0,-0.08959776251641738,8.764112940795188,8.170772221517096,-17.919552503283477,3.0,0.0,8.149015707535835,0.09,0.0,False,0.00503123456146795,0.08959776251641738,0.25156279776228496,0.04252192476461086,4.252192476461086e-06,4.2521924764610866e-06,-0.017919857291532785,0.0,-0.2746559553352572,0.5933407192780926,0.6150972332593536,0.2746559553352572
341.0,0.0,0.0,-0.06177588673776923,8.295453591627602,8.026662752943393,-12.355177347553846,3.0,0.0,8.142772221619689,0.04,0.0,False,0.004823861665933602,0.06177588673776922,0.24119410889609422,0.04252192476461086,4.252192476461086e-06,4.2521924764610866e-06,-0.012355387493028907,0.0,-0.4686593491675861,0.2687908386842093,0.15268137000791349,0.4686593491675861
342.0,0.0,0.0,-0.018081741664022485,8.705968921940945,8.013256605193328,-3.6163483328044967,3.0,0.0,8.146340939269457,0.04,0.0,False,0.004715118078813607,0.018081741664022485,0.2357569064201613,0.04252192476461086,4.252192476461086e-06,4.2521924764610866e-06,-0.003616409842179636,0.0,0.4105153303133431,0.6927123167476168,0.5596279826714881,0.4105153303133431
343.0,0.0,0.0,-0.05808028254838289,9.309327061187355,8.020690874105641,-11.616056509676579,3.0,0.0,8.114632330635084,0.01,0.0,False,0.004792513315428664,0.05808028254838289,0.2396266847058863,0.04252192476461086,4.252192476461086e-06,4.2521924764610866e-06,-0.011616254083668832,0.0,0.60335813924641,1.288636187081714,1.1946947305522713,0.60335813924641
344.0,0.0,0.0,-0.11067412718407411,9.231054096566519,8.099566823531294,-22.134825436814822,3.0,0.0,8.125153748030094,-0.07,0.0,False,0.004776535884430205,0.11067412718407411,0.23882780975900772,0.04252192476461086,4.252192476461086e-06,4.2521924764610866e-06,-0.022135201921366678,0.0,-0.07827296462083666,1.1314872730352246,1.1059003485364247,0.07827296462083666
345.0,0.0,0.0,-0.10597506017403502,9.361048308752412,8.044623156425281,-21.195012034807004,3.0,0.0,8.202562258962068,0.06,0.0,False,0.005212924664855371,0.105975060174035,0.26064734156072056,0.04252192476461086,4.252192476461086e-06,4.2521924764610866e-06,-0.021195372534356924,0.0,0.1299942121858937,1.316425152327131,1.1584860497903442,0.1299942121858937
346.0,0.0,0.0,-0.11701324699199574,9.406248889748744,8.12645646275118,-23.40264939839915,3.0,0.0,8.17128096350849,0.02,0.0,False,0.005177449499192693,0.11701324699199572,0.25887357573522496,0.04252192476461086,4.252192476461086e-06,4.2521924764610866e-06,-0.02340304744698535,0.0,0.045200580996331396,1.2797924269975631,1.2349679262402535,0.045200580996331396
347.0,0.0,0.0,-0.12313368723834367,8.958761763145393,8.08608109155422,-24.626737447668734,3.0,0.0,8.19089096069003,0.03,0.0,False,0.0052870677851763305,0.12313368723834368,0.2643545133403094,0.04252192476461086,4.252192476461086e-06,4.2521924764610866e-06,-0.02462715631639838,0.0,-0.44748712660335066,0.8726806715911728,0.7678708024553629,0.44748712660335066
348.0,0.0,0.0,-0.07715214394373357,8.390601022871982,8.13860437739583,-15.430428788746715,3.0,0.0,8.174885837958385,-0.04,0.0,False,0.005230872543090631,0.07715214394373358,0.2615447392883751,0.04252192476461086,4.252192476461086e-06,4.2521924764610866e-06,-0.015430691240243523,0.0,-0.5681607402734112,0.25199664547615264,0.21571518491359676,0.5681607402734112
349.0,0.0,0.0,-0.01855283079942984,8.120522211964412,8.221249394020326,-3.710566159885968,3.0,0.0,8.187223920419758,0.06,0.0,False,0.005195285989451176,0.01855283079942984,0.25976540404035864,0.04252192476461086,4.252192476461086e-06,4.2521924764610866e-06,-0.0037106292717836347,0.0,-0.27007881090757024,-0.10072718205591435,-0.06670170845534606,0.27007881090757024
350.0,0.0,0.0,0.013843541646256442,8.171501556180347,8.249633454359042,2.768708329251288,3.0,0.0,8.205068770367307,0.13,0.0,False,0.005003552486083729,0.01384381186248127,0.2501786881075983,0.04252192476461086,4.252192476461086e-06,4.2521924764610866e-06,0.0027687554213739495,0.0,0.05097934421593564,-0.07813189817869493,-0.033567214186959404,0.05097934421593564
351.0,0.0,0.0,0.009398130870890298,8.159241939606282,8.307905799719597,1.8796261741780598,3.0,0.0,8.258960571697157,-0.15,0.0,False,0.005166261399974357,0.009554470110835512,0.2583141683956106,0.04252192476461086,4.252192476461086e-06,4.2521924764610866e-06,0.0018796581441712212,0.0,-0.012259616574064935,-0.14866386011331478,-0.09971863209087495,0.012259616574064935
352.0,0.0,0.0,0.01316325493733379,8.107119345732057,8.277911602239799,2.632650987466758,3.0,0.0,8.26548486302232,-0.01,0.0,False,0.0050921172217193505,0.013199855598912059,0.2546069437190944,0.04252192476461086,4.252192476461086e-06,4.2521924764610866e-06,0.0026326957654312392,0.0,-0.05212259387422513,-0.17079225650774177,-0.15836551729026205,0.05212259387422513
353.0,0.0,0.0,0.017066249937581938,8.082360610339842,8.19917060194851,3.4132499875163878,3.0,0.0,8.2908772876143,0.06,0.0,False,0.005344773241567843,0.017066249937581938,0.26723979842862045,0.04252192476461086,4.252192476461086e-06,4.2521924764610866e-06,0.0034133080424531923,0.0,-0.02475873539221496,-0.11680999160866712,-0.20851667727445822,0.02475873539221496
354.0,0.0,0.0,0.019188228654424985,7.0732005568989385,8.152338460719104,3.837645730884997,3.0,0.0,8.277785473556856,0.03,0.0,False,0.00496207786094975,0.019188228654424985,0.24810494803299488,0.04252192476461086,4.252192476461086e-06,4.2521924764610866e-06,0.0038377110042406553,0.0,-1.0091600534409038,-1.0791379038201656,-1.2045849166579172,1.0091600534409038
355.0,0.0,0.0,0.12194593082126179,6.887995703448908,8.253682266072687,24.389186164252358,3.0,0.0,8.274246976486168,-0.07,0.0,False,0.005094969406916838,0.12194593082126179,0.2547495535853709,0.04252192476461086,4.252192476461086e-06,4.2521924764610866e-06,0.02438960099254406,0.0,-0.18520485345003035,-1.3656865626237789,-1.38625127303726,0.18520485345003035
356.0,0.0,0.0,0.14146459322183386,7.105070211865599,8.185335604108728,28.29291864436677,3.0,0.0,8.292685791990033,-0.12,0.0,False,0.0052138534764191585,0.14146459322183386,0.2606937823363842,0.04252192476461086,4.252192476461086e-06,4.2521924764610866e-06,0.02829339987006367,0.0,0.21707450841669118,-1.0802653922431285,-1.187615580124434,0.21707450841669118
357.0,0.0,0.0,0.12550089604669196,7.137065375612913,8.205342812422911,25.100179209338393,3.0,0.0,8.302671712401194,-0.12,0.0,False,0.005054433934675837,0.12550089604669196,0.25272277135508936,0.04252192476461086,4.252192476461086e-06,4.2521924764610866e-06,0.025100606130695785,0.0,0.031995163747313704,-1.068277436809998,-1.1656063367882812,0.031995163747313704
358.0,0.0,0.0,0.12416141741953171,7.206809480842076,8.252492692870506,24.83228348390634,3.0,0.0,8.360105855030815,0.0,0.0,False,0.005064810836344768,0.12416141741953171,0.25324161864476497,0.04252192476461086,4.252192476461086e-06,4.2521924764610866e-06,0.024832705848706355,0.0,0.06974410522916319,-1.0456832120284298,-1.1532963741887388,0.06974410522916319
359.0,0.0,0.0,0.11693081921553172,6.804098433137456,8.29517180552092,23.386163843106345,3.0,0.0,8.37870594772048,0.0,0.0,False,0.005119642423378367,0.11693081921553172,0.25598320965416804,0.04252192476461086,4.252192476461086e-06,4.2521924764610866e-06,0.023386561611294723,0.0,-0.40271104770461985,-1.4910733723834628,-1.5746075145830236,0.40271104770461985
360.0,0.0,0.0,0.15694913164575014,6.680257704654962,8.225774159024336,31.389826329150026,3.0,0.0,8.376142533614878,-0.06,0.0,False,0.0053329412570761936,0.15694913164575014,0.2666481966884442,0.04252192476461086,4.252192476461086e-06,4.2521924764610866e-06,0.03139036022921317,0.0,-0.12384072848249428,-1.5455164543693742,-1.6958848289599162,0.12384072848249428
361.0,0.0,0.0,0.1657834173709585,7.16329325064374,8.069041797536158,33.1566834741917,3.0,0.0,8.373623118490794,0.07,0.0,False,0.005192942876563804,0.16578341737095847,0.25964824789782165,0.04252192476461086,4.252192476461086e-06,4.2521924764610866e-06,0.03315724742619369,0.0,0.48303554598877785,-0.9057485468924185,-1.2103298678470544,0.48303554598877785
362.0,0.0,0.0,0.11168978826284943,7.510514489988183,7.986008423711303,22.337957652569887,3.0,0.0,8.338127125514548,0.23,0.0,False,0.005076832681405482,0.11168978826284942,0.2538427134537607,0.04252192476461086,4.252192476461086e-06,4.2521924764610866e-06,0.02233833759213617,0.0,0.34722123934444316,-0.4754939337231203,-0.8276126355263651,0.34722123934444316
363.0,0.0,0.0,0.07309969227964833,7.8553173512135395,7.9747287196464525,14.619938455929665,3.0,0.0,8.2802148795961,0.14,0.0,False,0.0048465206325626654,0.07309969227964834,0.24232706204506174,0.04252192476461086,4.252192476461086e-06,4.2521924764610866e-06,0.01462018712204151,0.0,0.3448028612253564,-0.119411368432913,-0.42489752838256045,0.3448028612253564
364.0,0.0,0.0,0.03348441256078614,8.339969492336797,7.94748471381833,6.696882512157228,3.0,0.0,8.241526954482742,0.13,0.0,False,0.0048615194464196754,0.03348441256078614,0.24307700592680442,0.04252192476461086,4.252192476461086e-06,4.2521924764610866e-06,0.006696996417406611,0.0,0.4846521411232576,0.3924847785184671,0.09844253785405499,0.4846521411232576
365.0,0.0,0.0,-0.017384571789435786,8.711370629059996,8.151098847113905,-3.476914357887157,3.0,0.0,8.190168595929759,0.04,0.0,False,0.004725391361044599,0.017384571789435786,0.2362705727159096,0.04252192476461086,4.252192476461086e-06,4.2521924764610866e-06,-0.0034769734956719843,0.0,0.37140113672319863,0.5602717819460903,0.5212020331302369,0.37140113672319863
366.0,0.0,0.0,-0.05312830910198461,9.26096662848013,8.085088271839592,-10.625661820396921,3.0,0.0,8.16612007831517,-0.02,0.0,False,0.004724191872125186,0.05312830910198461,0.2362105980149161,0.04252192476461086,4.252192476461086e-06,4.2521924764610866e-06,-0.010625842549065418,0.0,0.5495959994201343,1.1758783566405384,1.0948465501649594,0.5495959994201343
367.0,0.0,0.0,-0.10894844078066056,9.493295044285226,8.094905551674001,-21.78968815613211,3.0,0.0,8.180076242450337,-0.05,0.0,False,0.005078482752435103,0.10894844078066056,0.25392521735606266,0.04252192476461086,4.252192476461086e-06,4.2521924764610866e-06,-0.021790058770348338,0.0,0.232328415805096,1.3983894926112246,1.3132188018348891,0.232328415805096
368.0,0.0,0.0,-0.13669887904918904,9.85833067185813,8.027561393858935,-27.339775809837807,3.0,0.0,8.171459057186516,0.18,0.0,False,0.004833063281092344,0.13669887904918906,0.2416541916103833,0.04252192476461086,4.252192476461086e-06,4.2521924764610866e-06,-0.02734024082381648,0.0,0.36503562757290453,1.8307692779991953,1.686871614671615,0.36503562757290453
369.0,0.0,0.0,-0.17341466062525046,10.51041439215224,8.02141603424765,-34.682932125050094,3.0,0.0,8.126277190296086,0.09,0.0,False,0.00457927538296685,0.17341466062525043,0.228964742746359,0.04252192476461086,4.252192476461086e-06,4.2521924764610866e-06,-0.03468352203655382,0.0,0.6520837202941099,2.48899835790459,2.384137201856154,0.6520837202941099
370.0,0.0,0.0,-0.24250099073810916,11.390875073833854,8.03582090943729,-48.50019814762183,3.0,0.0,8.124147195979868,-0.02,0.0,False,0.004829652976863051,0.24250099073810916,0.24148367567385512,0.04252192476461086,4.252192476461086e-06,4.2521924764610866e-06,-0.04850102307282473,0.0,0.8804606816816136,3.355054164396565,3.2667278778539863,0.8804606816816136
371.0,0.0,0.0,-0.3293512258798502,10.868802743220504,8.136407841749783,-65.87024517597004,3.0,0.0,8.085352926726735,-0.11,0.0,False,0.005103427748292864,0.3293512258798502,0.2551724724524969,0.04252192476461086,4.252192476461086e-06,4.2521924764610866e-06,-0.0658713655430498,0.0,-0.5220723306133497,2.7323949014707214,2.7834498164937695,0.5220723306133497
372.0,0.0,0.0,-0.27363086869139985,11.403451795874082,8.208424375629916,-54.72617373827997,3.0,0.0,8.097292791795116,0.07,0.0,False,0.005116797785216831,0.27363086869139985,0.2558409771412937,0.04252192476461086,4.252192476461086e-06,4.2521924764610866e-06,-0.05472710455921883,0.0,0.5346490526535774,3.195027420244166,3.3061590040789657,0.5346490526535774
373.0,0.0,0.0,-0.32225891327267653,11.73243985181118,8.154736670904152,-64.45178265453531,3.0,0.0,8.13243587975045,-0.06,0.0,False,0.005088524066456622,0.3222589132726765,0.25442728519201846,0.04252192476461086,4.252192476461086e-06,4.2521924764610866e-06,-0.06445287889541501,0.0,0.32898805593709746,3.5777031809070277,3.6000039720607298,0.32898805593709746
374.0,0.0,0.0,-0.35882412987950446,11.708535933200704,8.047289140759226,-71.76482597590089,3.0,0.0,8.180794147800995,0.07,0.0,False,0.005176246103485368,0.35882412987950446,0.2588134056940052,0.04252192476461086,4.252192476461086e-06,4.2521924764610866e-06,-0.07176604660212284,0.0,-0.023903918610475472,3.661246792441478,3.5277417853997086,0.023903918610475472
375.0,0.0,0.0,-0.3564010887586591,10.608229789046737,8.15456453774454,-71.28021775173183,3.0,0.0,8.144122263552866,-0.12,0.0,False,0.004881384869748999,0.35640108875865906,0.24407028131685074,0.04252192476461086,4.252192476461086e-06,4.2521924764610866e-06,-0.07128143013539905,0.0,-1.1003061441539668,2.4536652513021977,2.464107525493871,1.1003061441539668
376.0,0.0,0.0,-0.2405238923424175,11.037215988948407,8.289019588992993,-48.1047784684835,3.0,0.0,8.144449271312705,0.1,0.0,False,0.004824876244542772,0.2405238923424175,0.2412448380422619,0.04252192476461086,4.252192476461086e-06,4.2521924764610866e-06,-0.048105596668112656,0.0,0.4289861999016704,2.7481963999554146,2.892766717635702,0.4289861999016704
377.0,0.0,0.0,-0.28116758521810603,11.904667901329255,8.24068176579379,-56.233517043621205,3.0,0.0,8.202939727928293,0.03,0.0,False,0.0048498193808460864,0.28116758521810603,0.2424920001605784,0.04252192476461086,4.252192476461086e-06,4.2521924764610866e-06,-0.0562344735025065,0.0,0.8674519123808473,3.663986135535465,3.701728173400962,0.8674519123808473
378.0,0.0,0.0,-0.3616499450910623,12.318142863664168,8.339655760279692,-72.32998901821246,3.0,0.0,8.225480357832826,0.04,0.0,False,0.004792595007018241,0.36164994509106235,0.23963076930273353,0.04252192476461086,4.252192476461086e-06,4.2521924764610866e-06,-0.07233121925712169,0.0,0.413474962334913,3.9784871033844755,4.092662505831342,0.413474962334913
379.0,0.0,0.0,-0.4080979586424652,12.494704396025895,8.15984058488952,-81.61959172849303,3.0,0.0,8.288091560159854,0.05,0.0,False,0.004837199241790669,0.40809795864246523,0.24186099052464458,0.04252192476461086,4.252192476461086e-06,4.2521924764610866e-06,-0.0816209799714454,0.0,0.17656153236172756,4.334863811136374,4.206612835866041,0.17656153236172756
380.0,0.0,0.0,-0.42714721889163415,12.482091220896287,7.935182291673432,-85.42944377832683,3.0,0.0,8.23707651168605,0.11,0.0,False,0.004639379079030479,0.4271472188916342,0.23196994032816465,0.04252192476461086,4.252192476461086e-06,4.2521924764610866e-06,-0.08543089682190054,0.0,-0.012613175129608578,4.546908929222854,4.245014709210237,0.012613175129608578
381.0,0.0,0.0,-0.4292069957272296,12.93026974622522,8.084245606417458,-85.84139914544592,3.0,0.0,8.223141391500032,0.03,0.0,False,0.004663253751363051,0.4292069957272296,0.23316367902077842,0.04252192476461086,4.252192476461086e-06,4.2521924764610866e-06,-0.08584285919584389,0.0,0.44817852532893276,4.846024139807762,4.707128354725187,0.44817852532893276
382.0,0.0,0.0,-0.4769128277802271,12.378331710828482,8.021375990611524,-95.38256555604542,3.0,0.0,8.18993001008609,0.07,0.0,False,0.004977936719973827,0.4769128277802271,0.24889789435594464,0.04252192476461086,4.252192476461086e-06,4.2521924764610866e-06,-0.09538418788925744,0.0,-0.5519380353967378,4.356955720216957,4.188401700742391,0.5519380353967378
383.0,0.0,0.0,-0.4190992743035868,11.762311264486149,8.031526316590028,-83.81985486071736,3.0,0.0,8.161040072166042,-0.1,0.0,False,0.005030883778558792,0.4190992743035868,0.25154525854224713,0.04252192476461086,4.252192476461086e-06,4.2521924764610866e-06,-0.08382128052727994,0.0,-0.6160204463423327,3.7307849478961206,3.601271192320107,0.6160204463423327
384.0,0.0,0.0,-0.3621055505019626,10.915748532319641,8.030465578683462,-72.42111010039251,3.0,0.0,8.187249863253564,0.14,0.0,False,0.004934266204063875,0.3621055505019626,0.24671435927567528,0.04252192476461086,4.252192476461086e-06,4.2521924764610866e-06,-0.07242234188915267,0.0,-0.8465627321665075,2.88528295363618,2.7284986690660773,0.8465627321665075
385.0,0.0,0.0,-0.2748341998520496,10.297344939528163,8.102663143550869,-54.966839970409914,3.0,0.0,8.141178772341652,-0.03,0.0,False,0.004988301725085025,0.2748341998520496,0.24941614681520444,0.04252192476461086,4.252192476461086e-06,4.2521924764610866e-06,-0.054967774884767936,0.0,-0.6184035927914788,2.194681795977294,2.1561661671865107,0.6184035927914788
386.0,0.0,0.0,-0.21656428229660907,10.33677356969612,7.926733268452158,-43.312856459321814,3.0,0.0,8.167348101403304,0.14,0.0,False,0.005122942875480782,0.2165642822966091,0.2561482329609967,0.04252192476461086,4.252192476461086e-06,4.2521924764610866e-06,-0.043313593154598685,0.0,0.039428630167957834,2.4100403012439626,2.1694254682928165,0.039428630167957834
387.0,0.0,0.0,-0.22515204509056308,10.587655535649423,7.989502664781052,-45.030409018112614,3.0,0.0,8.13165607291148,0.04,0.0,False,0.005006328742437937,0.2251520450905631,0.2503175015155674,0.04252192476461086,4.252192476461086e-06,4.2521924764610866e-06,-0.04503117492672154,0.0,0.2508819659533028,2.598152870868371,2.4559994627379425,0.2508819659533028
388.0,0.0,0.0,-0.2528963746385582,10.188305942189452,7.817332993797046,-50.57927492771164,3.0,0.0,8.085205249298882,0.12,0.0,False,0.004910527410041851,0.2528963746385582,0.24552741452747792,0.04252192476461086,4.252192476461086e-06,4.2521924764610866e-06,-0.05058013521530274,0.0,-0.3993495934599718,2.3709729483924056,2.1031006928905693,0.3993495934599718
389.0,0.0,0.0,-0.21390131833070758,10.467882961508419,7.9910359148000225,-42.780263666141515,3.0,0.0,8.058638021060766,0.01,0.0,False,0.005128134822885714,0.2139013183307076,0.2564078314351012,0.04252192476461086,4.252192476461086e-06,4.2521924764610866e-06,-0.04278099130270863,0.0,0.2795770193189675,2.4768470467083965,2.4092449404476532,0.2795770193189675
390.0,0.0,0.0,-0.24202972754993568,10.359887738024945,8.121258752864861,-48.405945509987134,3.0,0.0,8.049247281403552,-0.12,0.0,False,0.005570182231629358,0.24202972754993568,0.27851029585581677,0.04252192476461086,4.252192476461086e-06,4.2521924764610866e-06,-0.048406768832075425,0.0,-0.10799522348347423,2.2386289851600836,2.3106404566213925,0.10799522348347423
391.0,0.0,0.0,-0.2310482479839674,10.566098407791172,8.068372587608584,-46.209649596793476,3.0,0.0,8.047534228159737,-0.08,0.0,False,0.005513296110555135,0.2310482479839674,0.27566597770756873,0.04252192476461086,4.252192476461086e-06,4.2521924764610866e-06,-0.04621043556274878,0.0,0.20621066976622693,2.4977258201825876,2.5185641796314346,0.20621066976622693
392.0,0.0,0.0,-0.2482949395956525,11.73171882404854,8.068302282767238,-49.658987919130496,3.0,0.0,8.049356135104183,0.07,0.0,False,0.00542781487915815,0.2482949395956525,0.27139189796358715,0.04252192476461086,4.252192476461086e-06,4.2521924764610866e-06,-0.04965983255383818,0.0,1.1656204162573687,3.6634165412813022,3.682362688944357,1.1656204162573687
393.0,0.0,0.0,-0.3614321031980549,11.302640337872706,8.172981593581108,-72.28642063961098,3.0,0.0,8.083096221940945,-0.03,0.0,False,0.005621062160596525,0.3614321031980549,0.28105430312173757,0.04252192476461086,4.252192476461086e-06,4.2521924764610866e-06,-0.07228765013747883,0.0,-0.42907848617583433,3.129658744291598,3.219544115931761,0.42907848617583433
394.0,0.0,0.0,-0.3142785233437323,11.506181244851481,8.172551381109633,-62.85570466874646,3.0,0.0,8.117320948124496,0.06,0.0,False,0.0052866004861088865,0.31427852334373235,0.2643311482875849,0.04252192476461086,4.252192476461086e-06,4.2521924764610866e-06,-0.0628567737624184,0.0,0.20354090697877503,3.333629863741848,3.3888602967269854,0.20354090697877503
395.0,0.0,0.0,-0.32939049849574,12.306703236741441,8.292608086015207,-65.878099699148,3.0,0.0,8.159788285796763,0.15,0.0,False,0.005266978607035078,0.32939049849574,0.2633500501620942,0.04252192476461086,4.252192476461086e-06,4.2521924764610866e-06,-0.06587922019982298,0.0,0.8005219918899602,4.014095150726234,4.146914950944678,0.8005219918899602
396.0,0.0,0.0,-0.4085181180646108,11.956894173557671,8.264599645136608,-81.70362361292216,3.0,0.0,8.212206228304108,0.02,0.0,False,0.005324087931610121,0.4085181180646108,0.26620552853283835,0.04252192476461086,4.252192476461086e-06,4.2521924764610866e-06,-0.08170501328514744,0.0,-0.3498090631837698,3.6922945284210638,3.7446879452535633,0.3498090631837698
397.0,0.0,0.0,-0.37342874643625557,11.558491409534387,8.172031440825313,-74.68574928725111,3.0,0.0,8.22143520121193,0.09,0.0,False,0.004868131509262538,0.3734287464362555,0.24340761047473572,0.04252192476461086,4.252192476461086e-06,4.2521924764610866e-06,-0.07468701959457433,0.0,-0.39840276402328456,3.386459968709074,3.3370562083224566,0.39840276402328456
398.0,0.0,0.0,-0.33110518440123576,11.333090677062463,8.229448054971641,-66.22103688024715,3.0,0.0,8.222527314649815,-0.09,0.0,False,0.005077209424446608,0.3311051844012358,0.25386155068591615,0.04252192476461086,4.252192476461086e-06,4.2521924764610866e-06,-0.06622216321383693,0.0,-0.2254007324719236,3.103642622090822,3.1105633624126483,0.2254007324719236
399.0,0.0,0.0,-0.30887905593498616,11.130995387866392,8.278167935737567,-61.77581118699723,3.0,0.0,8.247369169373332,-0.04,0.0,False,0.0048415077098793655,0.30887905593498616,0.24207641484510106,0.04252192476461086,4.252192476461086e-06,4.2521924764610866e-06,-0.06177686191308752,0.0,-0.20209528919607145,2.8528274521288246,2.8836262184930597,0.20209528919607145
