t,mean_abs_delta_real,mean_abs_delta_planning,mean_action,price,v_true,total_demand,mean_k,xs_k_std,mean_belief,mean_correctness,mean_salience,regime_post,xs_action_std,xs_action_mean_abs,xs_belief_std,xs_sigma_mean,xs_rho_mean,xs_rho_max,mean_myopic_term,mean_hedging_term,ret,mispricing_true,mispricing_belief,vol_proxy
0.0,0.0,0.0,-0.004047859286781388,0.7061311411676882,-0.12482552758742836,-0.8095718573562776,1.0,0.0,0.0,-0.6,0.0,False,0.009467394644146115,0.008510581036419228,0.4733884531247271,0.39548192771084345,3.954819277108434e-05,3.954819277108435e-05,-0.0008096999207071104,0.0,0.0,0.8309566687551165,0.7061311411676882,0.0
1.0,0.0,0.0,-0.07687123798973226,1.1711092607473013,-0.042282994485665554,-15.374247597946454,1.0,0.0,-0.04048659714378307,0.14,0.0,False,0.007900970554837962,0.07687123798973228,0.39505839245604774,0.24970892072370304,2.4970892072370302e-05,2.4970892072370302e-05,-0.015375783194311092,0.0,0.4649781195796131,1.2133922552329668,1.2115958578910844,0.4649781195796131
2.0,0.0,0.0,-0.1154750050519377,1.0947108761009554,0.021953329303988925,-23.095001010387538,1.0,0.0,-0.06267721589900005,0.16,0.0,False,0.006792658195253376,0.11547500505193767,0.33963921218549636,0.1855657283607953,1.8556572836079535e-05,1.8556572836079532e-05,-0.02309671523485099,0.0,-0.07639838464634585,1.0727575467969666,1.1573880919999555,0.07639838464634585
3.0,0.0,0.0,-0.10328810214729542,0.5093688844100115,0.13085510444749227,-20.657620429459083,1.0,0.0,0.016252069210825087,0.17,0.0,False,0.006140480397509718,0.10328810214729542,0.3070286355065524,0.15033452654348473,1.5033452654348474e-05,1.503345265434847e-05,-0.020658862632219187,0.0,-0.5853419916909439,0.3785137799625192,0.4931168151991864,0.5853419916909439
4.0,0.0,0.0,-0.03991741924456383,0.6152732254034349,0.27949166698176436,-7.9834838489127655,1.0,0.0,0.0617522157883325,0.23,0.0,False,0.005823296537724663,0.03991741924456383,0.29116857156852644,0.12861039341098898,1.28610393410989e-05,1.2861039341098898e-05,-0.00798389454723019,0.0,0.10590434099342338,0.3357815584216705,0.5535210096151024,0.10590434099342338
5.0,0.0,0.0,-0.0437817602072155,0.5573164464274422,0.43531072645134317,-8.7563520414431,1.0,0.0,0.11016902298940869,0.26,0.0,False,0.005603170416044477,0.043781760207215505,0.2801617215429218,0.11424748706068398,1.1424748706068395e-05,1.1424748706068397e-05,-0.008756752193358081,0.0,-0.05795677897599272,0.12200571997609899,0.4471474234380335,0.05795677897599272
6.0,0.0,0.0,-0.031344876883814085,0.11371870332931666,0.4401980538521862,-6.268975376762817,1.0,0.0,0.17743061355086634,0.3,0.0,False,0.005310938527954787,0.031344876883814085,0.26554969628724556,0.10430885206491432,1.0430885206491433e-05,1.0430885206491434e-05,-0.006269236937884571,0.0,-0.4435977430981255,-0.3264793505228695,-0.06371191022154968,0.4435977430981255
7.0,0.0,0.0,0.01744811432516323,-1.0461093477719707,0.5481997983680607,3.4896228650326457,1.0,0.0,0.24385132984867205,0.26,0.0,False,0.005059019288036366,0.01744811432516323,0.25295342341394267,0.09721299660661761,9.721299660661762e-06,9.721299660661762e-06,0.003489758558391824,0.0,-1.1598280511012873,-1.5943091461400314,-1.2899606776206427,1.1598280511012873
8.0,0.0,0.0,0.14074500450284208,-1.3849384539563725,0.5514342514780275,28.149000900568417,1.0,0.0,0.2882083274983423,0.31,0.0,False,0.00510032093736754,0.14074500450284208,0.2550183938529835,0.09203282049648383,9.20328204964838e-06,9.203282049648383e-06,0.028150037143810386,0.0,-0.33882910618440176,-1.9363727054344,-1.6731467814547147,0.33882910618440176
9.0,0.0,0.0,0.17732005490607264,-2.3979793184049516,0.5830542539310899,35.46401098121453,1.0,0.0,0.36140546305512566,0.23,0.0,False,0.00478580885376431,0.17732005490607264,0.23929255297659352,0.08818941343401722,8.818941343401728e-06,8.818941343401726e-06,0.03546526199031251,0.0,-1.013040864448579,-2.9810335723360417,-2.7593847814600774,1.013040864448579
10.0,0.0,0.0,0.2863759128613006,-2.4101917646129,0.7499933836511493,57.27518257226012,1.0,0.0,0.3883402838625142,0.4,0.0,False,0.004555982304234909,0.2863759128613006,0.22780105841619563,0.08530342395407306,8.530342395407304e-06,8.530342395407304e-06,0.05727713686326174,0.0,-0.012212446207948258,-3.1601851482640493,-2.798532048475414,0.012212446207948258
11.0,0.0,0.0,0.29252112890535953,-2.1855621779481216,0.831211155281488,58.50422578107191,1.0,0.0,0.465901954437579,0.31,0.0,False,0.00444731445672681,0.29252112890535953,0.22236757106877159,0.08311678650488098,8.311678650488098e-06,8.311678650488098e-06,0.05850617083820274,0.0,0.22462958666477828,-3.01677333322961,-2.6514641323857004,0.22462958666477828
12.0,0.0,0.0,0.2768203656509714,-2.8140027796973826,0.8329255661472348,55.36407313019428,1.0,0.0,0.515141091521791,0.32,0.0,False,0.004313043885858383,0.27682036565097135,0.21565395075244273,0.08144872021105272,8.144872021105273e-06,8.144872021105272e-06,0.05536587684866407,0.0,-0.628440601749261,-3.6469283458446173,-3.3291438712191734,0.628440601749261
13.0,0.0,0.0,0.3467422569613101,-2.3119565567857614,0.9149856525230864,69.34845139226202,1.0,0.0,0.5827542118841452,0.4,0.0,False,0.004488173698153807,0.3467422569613101,0.22441048398377103,0.0801696280765907,8.016962807659075e-06,8.016962807659074e-06,0.06935067523025588,0.0,0.5020462229116212,-3.226942209308848,-2.8947107686699067,0.5020462229116212
14.0,0.0,0.0,0.30300531365329636,-2.2250016298205173,0.9459368984310758,60.60106273065927,1.0,0.0,0.6535587809046121,0.43,0.0,False,0.004333699802675446,0.30300531365329636,0.21668670595170758,0.07918490036140627,7.918490036140629e-06,7.918490036140629e-06,0.060602982191105666,0.0,0.0869549269652441,-3.170938528251593,-2.8785604107251292,0.0869549269652441
15.0,0.0,0.0,0.3029162620716338,-1.9707311952794169,1.1299874464303505,60.58325241432676,1.0,0.0,0.7182165469750537,0.6,0.0,False,0.004254287575856369,0.30291626207163375,0.21271604699409452,0.07842447161267904,7.842447161267904e-06,7.842447161267904e-06,0.06058515288324612,0.0,0.25427043454110043,-3.1007186417097676,-2.6889477422544705,0.25427043454110043
16.0,0.0,0.0,0.28236169868364924,-1.6256362757112506,0.9403615994962453,56.47233973672985,1.0,0.0,0.8042797711348006,0.17,0.0,False,0.004154023081775394,0.28236169868364924,0.20770277074864235,0.07783586373121831,7.78358637312183e-06,7.783586373121831e-06,0.056474097952380765,0.0,0.3450949195681663,-2.565997875207496,-2.429916046846051,0.3450949195681663
17.0,0.0,0.0,0.2523994872978805,-1.406674861863196,0.7760510808088804,50.479897459576094,1.0,0.0,0.8529956808905846,-0.21,0.0,False,0.004328209000335168,0.2523994872978805,0.21641212458827572,0.07737942031791788,7.73794203179179e-06,7.737942031791787e-06,0.05048145988956732,0.0,0.21896141384805468,-2.1827259426720764,-2.2596705427537804,0.21896141384805468
18.0,0.0,0.0,0.22853009633272567,-1.7728824287853393,0.5901990914115455,45.706019266545134,1.0,0.0,0.898456249897631,0.11,0.0,False,0.004325484350799542,0.22853009633272567,0.21627588339135626,0.07702496386752834,7.702496386752833e-06,7.702496386752835e-06,0.045707427457491547,0.0,-0.3662075669221434,-2.363081520196885,-2.6713386786829703,0.3662075669221434
19.0,0.0,0.0,0.2663206717970055,-2.624517696752672,0.5726189281615974,53.264134359401105,1.0,0.0,0.8787141140761233,-0.07,0.0,False,0.004382524069683462,0.2663206717970056,0.2191278852647189,0.07674940373398333,7.674940373398337e-06,7.674940373398335e-06,0.053265769543072175,0.0,-0.8516352679673327,-3.197136624914269,-3.503231810828795,0.8516352679673327
20.0,0.0,0.0,0.35159108319231414,-3.221464195223216,0.602821938101429,70.31821663846283,1.0,0.0,0.890426488948529,-0.05,0.0,False,0.004270641430774941,0.35159108319231414,0.21353370580636422,0.07653499567330325,7.653499567330326e-06,7.653499567330328e-06,0.07032036934374958,0.0,-0.5969464984705439,-3.824286133324645,-4.111890684171745,0.5969464984705439
21.0,0.0,0.0,0.4136009269989679,-2.5556844684469837,0.6752841459223855,82.72018539979358,1.0,0.0,0.8915276802806248,-0.11,0.0,False,0.004034988620877457,0.4136009269989679,0.20175097176509577,0.07636805789007794,7.636805789007794e-06,7.636805789007795e-06,0.0827227122524594,0.0,0.6657797267762322,-3.2309686143693694,-3.4472121487276084,0.6657797267762322
22.0,0.0,0.0,0.34375921752144206,-2.3033899900084043,0.5226171403601645,68.75184350428842,1.0,0.0,0.9147030042641455,0.26,0.0,False,0.0038657383759214555,0.34375921752144206,0.19328839237713702,0.07623801307922962,7.623801307922961e-06,7.623801307922962e-06,0.06875394008988221,0.0,0.25229447843857944,-2.826007130368569,-3.21809299427255,0.25229447843857944
23.0,0.0,0.0,0.31514321872694173,-2.322592898146218,0.58617436028274,63.02864374538835,1.0,0.0,0.8820387443660459,0.21,0.0,False,0.003575220594632171,0.31514321872694173,0.17876239075850942,0.07613666709092755,7.613666709092755e-06,7.613666709092754e-06,0.06303056324712028,0.0,-0.01920290813781378,-2.908767258428958,-3.204631642512264,0.01920290813781378
24.0,0.0,0.0,0.31382123947536955,-2.2569928105244434,0.4652989665562019,62.76424789507391,1.0,0.0,0.8481621670326617,0.2,0.0,False,0.0036722731642024053,0.31382123947536955,0.18361505473267073,0.07605766172517958,7.605766172517959e-06,7.605766172517959e-06,0.06276615736132483,0.0,0.0656000876217746,-2.7222917770806454,-3.1051549775571052,0.0656000876217746
25.0,0.0,0.0,0.30449470188300415,-2.8521292955935706,0.5110283903843001,60.898940376600834,1.0,0.0,0.8157388391558452,0.19,0.0,False,0.003803350631562478,0.30449470188300415,0.19016897677638359,0.07599605714348504,7.599605714348504e-06,7.599605714348505e-06,0.0609007915942734,0.0,-0.5951364850691272,-3.3631576859778707,-3.667868134749416,0.5951364850691272
26.0,0.0,0.0,0.3623092724664485,-2.9984432297708117,0.5727828130116368,72.4618544932897,1.0,0.0,0.7880699102894166,0.18,0.0,False,0.0037041418173042267,0.3623092724664485,0.18520849747624124,0.07594801167850262,7.594801167850264e-06,7.594801167850261e-06,0.07246405581007961,0.0,-0.14631393417724103,-3.5712260427824485,-3.7865131400602285,0.14631393417724103
27.0,0.0,0.0,0.37514015522260924,-2.5301626537923836,0.4522704316808577,75.02803104452185,1.0,0.0,0.7711010124151944,0.05,0.0,False,0.004003050325379556,0.37514015522260924,0.20015403563744488,0.07591053539720918,7.591053539720918e-06,7.59105353972092e-06,0.07503030919443082,0.0,0.4682805759784281,-2.9824330854732413,-3.301263666207578,0.4682805759784281
28.0,0.0,0.0,0.3255773529611348,-2.5647157050261207,0.4544590355262007,65.11547059222697,1.0,0.0,0.7531007079054386,0.15,0.0,False,0.004048798182294578,0.32557735296113477,0.2024414452550736,0.07588129986214319,7.588129986214318e-06,7.588129986214319e-06,0.06511744699584958,0.0,-0.03455305123373709,-3.0191747405523213,-3.3178164129315593,0.03455305123373709
29.0,0.0,0.0,0.32989668118761245,-2.324203201990628,0.5448917071727325,65.97933623752249,1.0,0.0,0.725734401982704,0.08,0.0,False,0.003754906350310342,0.3298966811876124,0.1877467417231636,0.07585849092897277,7.585849092897274e-06,7.5858490928972765e-06,0.06598133825948722,0.0,0.24051250303549265,-2.8690949091633606,-3.049937603973332,0.24051250303549265
30.0,0.0,0.0,0.3071005029102862,-2.491124945786946,0.602419799152736,61.42010058205724,1.0,0.0,0.7343762341719896,-0.03,0.0,False,0.0037602396732146133,0.30710050291028623,0.1880134095566747,0.0758406946332553,7.58406946332553e-06,7.5840694633255315e-06,0.0614219638251633,0.0,-0.1669217437963182,-3.093544744939682,-3.2255011799589357,0.1669217437963182
31.0,0.0,0.0,0.32281258192609186,-1.7110477311164476,0.4932524703819606,64.56251638521837,1.0,0.0,0.7469182806895482,-0.05,0.0,False,0.0038453007898139454,0.32281258192609186,0.19226649737513224,0.07582680859941437,7.582680859941435e-06,7.582680859941435e-06,0.06456447459819892,0.0,0.7800772146704986,-2.204300201498408,-2.457966011805996,0.7800772146704986
32.0,0.0,0.0,0.24340026162664574,-2.2424247050486033,0.5245188202942198,48.68005232532915,1.0,0.0,0.7371232627132879,0.16,0.0,False,0.0039414897633718,0.24340026162664574,0.19707598230800097,0.07581597318505708,7.58159731850571e-06,7.581597318505709e-06,0.04868152860435328,0.0,-0.5313769739321557,-2.766943525342823,-2.9795479677618912,0.5313769739321557
33.0,0.0,0.0,0.2963093976357561,-2.0511702745265143,0.6203212249196673,59.26187952715122,1.0,0.0,0.7230471532885525,0.18,0.0,False,0.003713290048667723,0.2963093976357561,0.18566590990989576,0.07580751791624726,7.580751791624726e-06,7.580751791624725e-06,0.0592636765119263,0.0,0.1912544305220889,-2.671491499446182,-2.774217427815067,0.1912544305220889
34.0,0.0,0.0,0.2774670364447286,-2.3626224391658424,0.5110481314724096,55.49340728894572,1.0,0.0,0.7207815837088069,-0.03,0.0,False,0.0036699265033596044,0.27746703644472864,0.18349771608700283,0.07580091978879354,7.580091978879353e-06,7.580091978879353e-06,0.05549508985671759,0.0,-0.311452164639328,-2.873670570638252,-3.083404022874649,0.311452164639328
35.0,0.0,0.0,0.30797210477045206,-1.988162682234029,0.4856387232193203,61.59442095409041,1.0,0.0,0.7236052512036395,0.01,0.0,False,0.003804424614166192,0.30797210477045206,0.19022267250478977,0.07579577078909383,7.579577078909383e-06,7.579577078909382e-06,0.0615962883785811,0.0,0.3744597569318133,-2.4738014054533495,-2.7117679334376685,0.3744597569318133
36.0,0.0,0.0,0.26679797871780186,-1.889568078950982,0.41886751558817964,53.35959574356037,1.0,0.0,0.7172153234539895,0.31,0.0,False,0.003949719935255678,0.26679797871780186,0.19748749354376444,0.0757917525852373,7.579175258523732e-06,7.579175258523731e-06,0.053361213418211165,0.0,0.09859460328304692,-2.3084355945391617,-2.6067834024049716,0.09859460328304692
37.0,0.0,0.0,0.25792164540938395,-1.6954703436818228,0.5780909417176787,51.58432908187679,1.0,0.0,0.6799182103759542,-0.06,0.0,False,0.0038023779018113673,0.25792164540938395,0.190120335975377,0.07578861679880576,7.578861679880579e-06,7.578861679880576e-06,0.051585892872004865,0.0,0.1940977352691593,-2.2735612853995013,-2.375388554057777,0.1940977352691593
38.0,0.0,0.0,0.2373175168138556,-1.7869717442547168,0.5182740977614887,47.46350336277112,1.0,0.0,0.6897461127665963,-0.04,0.0,False,0.003895169611792164,0.2373175168138556,0.19475995658953277,0.07578616962277836,7.578616962277834e-06,7.5786169622778345e-06,0.04746494218271357,0.0,-0.09150140057289402,-2.3052458420162054,-2.4767178570213133,0.09150140057289402
39.0,0.0,0.0,0.24516146720708587,-1.7476849713917035,0.5535369525220485,49.032293441417174,1.0,0.0,0.6777947513846526,0.11,0.0,False,0.0038170785129337166,0.24516146720708587,0.19085537201903485,0.07578425982564119,7.5784259825641195e-06,7.5784259825641195e-06,0.04903377978057946,0.0,0.0392867728630133,-2.301221923913752,-2.4254797227763563,0.0392867728630133
40.0,0.0,0.0,0.24408007746476934,-1.6128702031204842,0.5918428269663191,48.816015492953866,1.0,0.0,0.6647358247177917,-0.1,0.0,False,0.0037198741084900717,0.24408007746476934,0.1859951149363123,0.07578276939476822,7.578276939476819e-06,7.5782769394768205e-06,0.04881749524687783,0.0,0.1348147682712193,-2.204713030086803,-2.277606027838276,0.1348147682712193
41.0,0.0,0.0,0.23427568281807865,-0.9314327647911507,0.7040346609221226,46.85513656361573,1.0,0.0,0.6932082885771118,-0.05,0.0,False,0.003911909787208243,0.23427568281807865,0.19559697161444778,0.07578160623748331,7.5781606237483355e-06,7.578160623748335e-06,0.04685655685585622,0.0,0.6814374383293336,-1.6354674257132733,-1.6246410533682625,0.6814374383293336
42.0,0.0,0.0,0.16345449451262536,-1.36910061791873,0.522833514967833,32.69089890252507,1.0,0.0,0.7299753939980329,0.12,0.0,False,0.0038100121105826,0.1634544945126254,0.19050204915602492,0.07578069848672941,7.578069848672939e-06,7.578069848672941e-06,0.032691889830676946,0.0,-0.4376678531275793,-1.891934132886563,-2.099076011916763,0.4376678531275793
43.0,0.0,0.0,0.20829600491488182,-1.450384655765623,0.6870404531840371,41.659200982976365,1.0,0.0,0.703174113813928,0.09,0.0,False,0.0035960596825861707,0.2082960049148818,0.17980434667614353,0.07577999005824664,7.5779990058246634e-06,7.577999005824663e-06,0.04166046374694166,0.0,-0.08128403784689309,-2.1374251089496603,-2.153558769579551,0.08128403784689309
44.0,0.0,0.0,0.2187021165563798,-1.6223394711789645,0.8117342360264259,43.74042331127596,1.0,0.0,0.7139383545759961,0.12,0.0,False,0.0036717896531497343,0.2187021165563798,0.1835908738882536,0.07577943718399627,7.577943718399631e-06,7.577943718399629e-06,0.04374174915109307,0.0,-0.17195481541334146,-2.4340737072053904,-2.3362778257549603,0.17195481541334146
45.0,0.0,0.0,0.239095898592044,-0.7258925825858792,0.9168091373017819,47.8191797184088,1.0,0.0,0.7367193754146908,0.18,0.0,False,0.0037187206241932782,0.239095898592044,0.18593744021442096,0.07577900570718792,7.5779005707187905e-06,7.577900570718793e-06,0.04782062918338201,0.0,0.8964468885930853,-1.6427017198876612,-1.4626119580005699,0.8964468885930853
46.0,0.0,0.0,0.1531628250640521,-1.4020966012360665,0.8409458724911557,30.632565012810417,1.0,0.0,0.7687101069887955,0.01,0.0,False,0.0038512804432903275,0.15316282506405207,0.19256548138904547,0.07577866897151055,7.577866897151055e-06,7.577866897151055e-06,0.03063349352377582,0.0,-0.6762040186501873,-2.2430424737272223,-2.170806708224862,0.6762040186501873
47.0,0.0,0.0,0.22295439810543347,-1.5330179289369505,0.91403506497012,44.59087962108669,1.0,0.0,0.8057937004297375,0.07,0.0,False,0.0038377185043984158,0.22295439810543344,0.19188737930087885,0.07577840617399134,7.577840617399135e-06,7.577840617399136e-06,0.044592231221159476,0.0,-0.13092132770088405,-2.4470529939070707,-2.3388116293666883,0.13092132770088405
48.0,0.0,0.0,0.2347915559467583,-2.1100225656713296,0.7037257882907504,46.95831118935166,1.0,0.0,0.8275318554629554,0.12,0.0,False,0.003789994694539616,0.2347915559467583,0.189501170721881,0.07577820107961909,7.5778201079619125e-06,7.577820107961911e-06,0.04695973454510474,0.0,-0.5770046367343791,-2.81374835396208,-2.937554421134285,0.5770046367343791
49.0,0.0,0.0,0.29555062618475697,-2.508627684903845,0.873919923572283,59.1101252369514,1.0,0.0,0.8149865909393212,-0.02,0.0,False,0.0038597512935247182,0.29555062618475697,0.1929890270981951,0.07577804101825933,7.577804101825934e-06,7.577804101825932e-06,0.05911191692317223,0.0,-0.3986051192325153,-3.382547608476128,-3.323614275843166,0.3986051192325153
50.0,0.0,0.0,0.33701114663845944,-2.3574925594314244,0.9688931137364087,67.40222932769188,1.0,0.0,0.8455956774136077,0.09,0.0,False,0.004053022848945715,0.33701114663845944,0.2026526780954127,0.07577791610185457,7.577791610185456e-06,7.577791610185456e-06,0.06740427235240187,0.0,0.15113512547242047,-3.326385673167833,-3.203088236845032,0.15113512547242047
51.0,0.0,0.0,0.32642780308437686,-2.1418621159563895,1.0901684571996366,65.28556061687537,1.0,0.0,0.8616114714927251,0.26,0.0,False,0.003970890449925554,0.32642780308437686,0.19854602702335894,0.07577781861352735,7.577781861352734e-06,7.577781861352734e-06,0.06528753948082817,0.0,0.2156304434750349,-3.232030573156026,-3.0034735874491147,0.2156304434750349
52.0,0.0,0.0,0.3093418394504442,-2.9134575688840636,1.0420052426059396,61.868367890088834,1.0,0.0,0.9069091513466071,0.12,0.0,False,0.004191066883606408,0.3093418394504442,0.2095549321282565,0.07577774253083158,7.577774253083158e-06,7.5777742530831585e-06,0.06187024317397945,0.0,-0.7715954529276741,-3.955462811490003,-3.8203667202306706,0.7715954529276741
53.0,0.0,0.0,0.38732430517335564,-3.064043033214765,0.9476667987030367,77.46486103467113,1.0,0.0,0.9516734846793701,0.03,0.0,False,0.00414449380953873,0.38732430517335564,0.20722626077763012,0.07577768315369257,7.5777683153692564e-06,7.5777683153692564e-06,0.07746720905995629,0.0,-0.1505854643307014,-4.011709831917802,-4.015716517894135,0.1505854643307014
54.0,0.0,0.0,0.4044783672067782,-3.353550569988218,0.977437879074751,80.89567344135564,1.0,0.0,0.9599322355418649,-0.09,0.0,False,0.004255621553369824,0.40447836720677816,0.21278269007321368,0.07577763681404524,7.5777636814045205e-06,7.577763681404523e-06,0.08089812545595965,0.0,-0.2895075367734532,-4.3309884490629695,-4.313482805530083,0.2895075367734532
55.0,0.0,0.0,0.43780407058709403,-3.2605949233528793,0.9944405649431518,87.5608141174188,1.0,0.0,0.9808938909270661,0.04,0.0,False,0.0041767313360739815,0.43780407058709403,0.20883814931709507,0.07577760064923067,7.577760064923067e-06,7.577760064923067e-06,0.08756346815666899,0.0,0.09295564663533895,-4.255035488296031,-4.241488814279945,0.09295564663533895
56.0,0.0,0.0,0.43099373228903576,-2.5314784063863565,1.0329066156602629,86.19874645780715,1.0,0.0,1.0246560145928383,0.12,0.0,False,0.003989734348768551,0.43099373228903576,0.19948822910034542,0.0757775724251497,7.577757242514966e-06,7.577757242514968e-06,0.08620135921070943,0.0,0.7291165169665228,-3.5643850220466193,-3.5561344209791947,0.7291165169665228
57.0,0.0,0.0,0.35684532674443503,-2.6295831282711464,0.8190347092659708,71.369065348887,1.0,0.0,1.0495056978312958,0.09,0.0,False,0.0038591559157613374,0.356845326744435,0.19295925797497646,0.07577755039824796,7.577755039824795e-06,7.577755039824794e-06,0.07137122860167296,0.0,-0.09810472188478991,-3.448617837537117,-3.679088826102442,0.09810472188478991
58.0,0.0,0.0,0.3660179406252102,-1.9822629922443054,0.9619412286423314,73.20358812504205,1.0,0.0,1.0371100653816534,0.01,0.0,False,0.003912580705243613,0.3660179406252102,0.1956305176907522,0.07577753320780568,7.577753320780569e-06,7.57775332078057e-06,0.07320580698316005,0.0,0.647320136026841,-2.944204220886637,-3.019373057625959,0.647320136026841
59.0,0.0,0.0,0.2989584500257335,-2.88486857169488,0.8877463678015786,59.791690005146705,1.0,0.0,1.0307349576642049,0.08,0.0,False,0.004049969983496063,0.2989584500257335,0.202500033658206,0.07577751979187808,7.577751979187806e-06,7.577751979187805e-06,0.05979350233780241,0.0,-0.9026055794505745,-3.7726149394964583,-3.9156035293590845,0.9026055794505745
60.0,0.0,0.0,0.3901193015849797,-2.558359701886793,0.8542200656219537,78.02386031699594,1.0,0.0,1.0074347796623493,0.04,0.0,False,0.004098141317246981,0.39011930158497976,0.20490861859705833,0.07577750932169237,7.577750932169239e-06,7.577750932169238e-06,0.07802622528059577,0.0,0.3265088698080869,-3.412579767508747,-3.5657944815491422,0.3265088698080869
61.0,0.0,0.0,0.35953887424851644,-3.369640470699541,0.9591981698653049,71.90777484970329,1.0,0.0,1.0164722554999759,-0.01,0.0,False,0.003836331769941206,0.35953887424851644,0.19181804203523586,0.07577750115045034,7.577750115045038e-06,7.577750115045036e-06,0.07190995442978348,0.0,-0.8112807688127481,-4.328838640564846,-4.386112726199517,0.8112807688127481
62.0,0.0,0.0,0.44100416149995886,-2.960665673829745,0.9189324160555739,88.20083229999177,1.0,0.0,1.037165265385654,-0.11,0.0,False,0.003976205797851437,0.44100416149995886,0.1988117964271422,0.0757774947733717,7.577749477337168e-06,7.577749477337169e-06,0.08820350573497654,0.0,0.4089747968697961,-3.879598089885319,-3.9978309392153992,0.4089747968697961
63.0,0.0,0.0,0.4006210581631294,-2.996633668381057,0.9970365183351587,80.12421163262587,1.0,0.0,1.04056823525276,0.05,0.0,False,0.003972800322963476,0.4006210581631294,0.19864152139235355,0.075777489796511,7.577748979651099e-06,7.5777489796511e-06,0.08012664025887412,0.0,-0.03596799455131183,-3.9936701867162157,-4.037201903633817,0.03596799455131183
64.0,0.0,0.0,0.4028313197547401,-3.6673515880354772,0.8439202705260958,80.56626395094803,1.0,0.0,1.0456966980922844,0.07,0.0,False,0.0039041781248121106,0.4028313197547401,0.1952103854846198,0.07577748591242173,7.577748591242176e-06,7.577748591242176e-06,0.08056870597601558,0.0,-0.6707179196544204,-4.511271858561573,-4.713048286127762,0.6707179196544204
65.0,0.0,0.0,0.4707004342568906,-3.426737408763363,0.8259727468224042,94.14008685137813,1.0,0.0,1.0318321568896325,-0.12,0.0,False,0.003756673170262696,0.4707004342568906,0.187835081869319,0.07577748288116361,7.577748288116364e-06,7.577748288116362e-06,0.09414294030928326,0.0,0.24061417927211437,-4.252710155585767,-4.458569565652995,0.24061417927211437
66.0,0.0,0.0,0.44606375945584636,-3.4248278750422783,0.8288264825695574,89.21275189116928,1.0,0.0,1.0398310970039246,0.06,0.0,False,0.0037053147715202213,0.4460637594558465,0.1852671424731005,0.07577748051548007,7.577748051548008e-06,7.5777480515480085e-06,0.08921545599770547,0.0,0.0019095337210845997,-4.253654357611835,-4.464658972046203,0.0019095337210845997
67.0,0.0,0.0,0.44743086310093744,-3.8861797843793457,0.9633252346087502,89.48617262018749,1.0,0.0,1.0340691937343032,-0.09,0.0,False,0.0036212257020520515,0.44743086310093744,0.18106265713936948,0.07577747866923067,7.577747866923064e-06,7.577747866923065e-06,0.08948888501424841,0.0,-0.4613519093370675,-4.849505018988096,-4.920248978113649,0.4613519093370675
68.0,0.0,0.0,0.4921787235578524,-3.9025072311709104,0.8941067803231513,98.43574471157048,1.0,0.0,1.0496502818805187,0.12,0.0,False,0.0036425569706507975,0.49217872355785247,0.18212922865142941,0.07577747722836292,7.5777477228362955e-06,7.5777477228362955e-06,0.09843872837392238,0.0,-0.016327446791564615,-4.796614011494062,-4.952157513051429,0.016327446791564615
69.0,0.0,0.0,0.49720305484301486,-3.9429173400636737,1.1642421368462275,99.44061096860297,1.0,0.0,1.0357939315092615,0.03,0.0,False,0.003626785213625577,0.4972030548430149,0.18134063482442803,0.07577747610386716,7.577747610386715e-06,7.5777476103867154e-06,0.0994436250891712,0.0,-0.04041010889276331,-5.107159476909901,-4.978711271572935,0.04041010889276331
70.0,0.0,0.0,0.5062248086976219,-3.083113865474661,1.357207226853921,101.24496173952438,1.0,0.0,1.0697117012222688,0.28,0.0,False,0.0037420252378886467,0.5062248086976219,0.1871026797005561,0.07577747522627731,7.577747522627736e-06,7.577747522627733e-06,0.10124803055130162,0.0,0.8598034745890129,-4.440321092328582,-4.152825566696929,0.8598034745890129
71.0,0.0,0.0,0.426706268696254,-3.0476572840299396,1.463728383904202,85.3412537392508,1.0,0.0,1.119522549102041,0.45,0.0,False,0.0036775970274728976,0.42670626869625394,0.18388124476872053,0.07577747454138026,7.577747454138024e-06,7.577747454138025e-06,0.08534384049752207,0.0,0.03545658144472119,-4.5113856679341415,-4.16717983313198,0.03545658144472119
72.0,0.0,0.0,0.4272108239181708,-3.032327599792845,1.444852968893667,85.44216478363415,1.0,0.0,1.1841104951049457,0.3,0.0,False,0.003618937855876943,0.4272108239181708,0.18094826396369368,0.0757774740068663,7.577747400686627e-06,7.577747400686627e-06,0.08544475460057754,0.0,0.015329684237094465,-4.477180568686512,-4.216438094897791,0.015329684237094465
73.0,0.0,0.0,0.43221690957317,-2.548002552402394,1.5294331396946235,86.443381914634,1.0,0.0,1.2246128199372912,0.47,0.0,False,0.0034958191489571806,0.43221690957317,0.17479228196957525,0.07577747358971576,7.577747358971578e-06,7.577747358971577e-06,0.08644600207921503,0.0,0.48432504739045124,-4.077435692097017,-3.7726153723396854,0.48432504739045124
74.0,0.0,0.0,0.3893293132527458,-3.0423349100580594,1.5561149945657637,77.86586265054916,1.0,0.0,1.2900052574661034,0.4,0.0,False,0.0033987970314985393,0.3893293132527458,0.16994113933618296,0.07577747326415916,7.577747326415918e-06,7.5777473264159154e-06,0.07786822282399447,0.0,-0.4943323576556655,-4.598449904623823,-4.332340167524163,0.4943323576556655
75.0,0.0,0.0,0.4403263758701618,-2.9363487627899616,1.2875293281060396,88.06527517403237,1.0,0.0,1.3454380920831956,-0.17,0.0,False,0.003620345991364359,0.4403263758701618,0.18101867127157126,0.07577747301008513,7.577747301008512e-06,7.577747301008514e-06,0.08806794449940993,0.0,0.10598614726809785,-4.223878090896001,-4.2817868548731575,0.10598614726809785
76.0,0.0,0.0,0.4307782187586487,-3.7812558965710443,1.3560746048057075,86.15564375172974,1.0,0.0,1.3610956827438727,-0.02,0.0,False,0.0039638524876222415,0.4307782187586487,0.19819412623473276,0.07577747281179825,7.577747281179824e-06,7.577747281179825e-06,0.08615825519472164,0.0,-0.8449071337810827,-5.137330501376752,-5.1423515793149175,0.8449071337810827
77.0,0.0,0.0,0.5211432609409599,-2.6427626604129895,1.540497556665351,104.22865218819197,1.0,0.0,1.3715966412203238,0.16,0.0,False,0.004176016101566222,0.5211432609409599,0.20880238731804074,0.07577747265704927,7.577747265704929e-06,7.577747265704929e-06,0.10423181143778842,0.0,1.1384932361580549,-4.18326021707834,-4.014359301633313,1.1384932361580549
78.0,0.0,0.0,0.41174537832714264,-2.752558853485838,1.4966857211275095,82.34907566542853,1.0,0.0,1.430374167434583,0.06,0.0,False,0.004130549726872197,0.41174537832714264,0.20652905135670233,0.07577747253627864,7.577747253627861e-06,7.577747253627862e-06,0.08235157172844187,0.0,-0.1097961930728486,-4.249244574613348,-4.182933020920421,0.1097961930728486
79.0,0.0,0.0,0.42839621042956894,-2.46948150692254,1.6286975149294347,85.67924208591378,1.0,0.0,1.474847127978929,0.16,0.0,False,0.004116406951555615,0.42839621042956894,0.20582190723235247,0.07577747244202561,7.577747244202561e-06,7.577747244202561e-06,0.0856818390887967,0.0,0.2830773465632981,-4.0981790218519745,-3.944328634901469,0.2830773465632981
80.0,0.0,0.0,0.40202849499954807,-2.303521910596094,1.6729504085696951,80.40569899990962,1.0,0.0,1.5315655647199977,0.07,0.0,False,0.004054685607680167,0.40202849499954807,0.20273581665314136,0.07577747236846775,7.577747236846778e-06,7.577747236846776e-06,0.0804081361576951,0.0,0.16595959632644597,-3.976472319165789,-3.835087475316092,0.16595959632644597
81.0,0.0,0.0,0.38753137750311795,-2.437218878191368,1.5114789537038558,77.50627550062359,1.0,0.0,1.5509557665887945,0.13,0.0,False,0.003920595902546152,0.38753137750311795,0.19603128059154487,0.07577747231106102,7.577747231106104e-06,7.577747231106103e-06,0.07750862477467962,0.0,-0.13369696759527416,-3.948697831895224,-3.9881746447801625,0.13369696759527416
82.0,0.0,0.0,0.4035714280281622,-2.2323130799585793,1.6166262951053625,80.71428560563244,1.0,0.0,1.5719386951762249,-0.07,0.0,False,0.004121131301110297,0.40357142802816226,0.2060581265000792,0.07577747226625915,7.577747226625914e-06,7.5777472266259145e-06,0.08071673211690897,0.0,0.20490579823278887,-3.848939375063942,-3.804251775134804,0.20490579823278887
83.0,0.0,0.0,0.3864741899222763,-2.338274283208945,1.6637141048632254,77.29483798445526,1.0,0.0,1.5986483102037272,0.0,0.0,False,0.0042184663750666545,0.3864741899222763,0.2109249170769258,0.07577747223129438,7.57774722312944e-06,7.577747223129441e-06,0.07729718084967716,0.0,-0.10596120325036562,-4.001988388072171,-3.936922593412672,0.10596120325036562
84.0,0.0,0.0,0.4025527483996102,-2.041132665069331,1.8139002415546168,80.51054967992204,1.0,0.0,1.6325752494501546,0.3,0.0,False,0.00395592225776659,0.4025527483996102,0.19779761173727411,0.07577747220400688,7.5777472204006916e-06,7.577747220400691e-06,0.08051299001580596,0.0,0.29714161813961404,-3.855032906623948,-3.6737079145194853,0.29714161813961404
85.0,0.0,0.0,0.3773148328655925,-2.0898245089386607,1.8890646429447506,75.46296657311849,1.0,0.0,1.6874057229356672,0.09,0.0,False,0.0039956744506562695,0.3773148328655925,0.19978523644336119,0.07577747218271093,7.577747218271092e-06,7.577747218271093e-06,0.07546525391292573,0.0,-0.04869184386932979,-3.9788891518834113,-3.777230231874328,0.04869184386932979
86.0,0.0,0.0,0.3856457541738251,-2.1053038917608298,1.9357947213964344,77.12915083476501,1.0,0.0,1.7321586234078514,0.23,0.0,False,0.003985651151610198,0.3856457541738251,0.19928406769335597,0.07577747216609089,7.577747216609089e-06,7.577747216609091e-06,0.07713148867788165,0.0,-0.015479382822169097,-4.041098613157264,-3.8374625151686814,0.015479382822169097
87.0,0.0,0.0,0.38846903603723354,-2.3484268025532176,1.9556944548404565,77.69380720744671,1.0,0.0,1.7667791491016038,0.1,0.0,False,0.003897719975203107,0.3884690360372336,0.19488747555698974,0.07577747215312015,7.577747215312016e-06,7.577747215312016e-06,0.07769616216572625,0.0,-0.2431229107923878,-4.304121257393674,-4.115205951654821,0.2431229107923878
88.0,0.0,0.0,0.41978204432075855,-1.714748970089469,2.1625437238755083,83.95640886415171,1.0,0.0,1.779533654619307,0.48,0.0,False,0.0036932671593824825,0.41978204432075855,0.18466475730137058,0.07577747214299738,7.5777472142997385e-06,7.577747214299739e-06,0.08395895364664162,0.0,0.6336778324637486,-3.877292693964977,-3.494282624708776,0.6336778324637486
89.0,0.0,0.0,0.3579637017476586,-1.4673026653097898,2.0163397715255327,71.59274034953172,1.0,0.0,1.8495526907652189,0.08,0.0,False,0.0039320813146446225,0.3579637017476586,0.19660555554814232,0.07577747213509727,7.57774721350973e-06,7.577747213509728e-06,0.07159491037984252,0.0,0.2474463047796791,-3.4836424368353223,-3.316855356075009,0.2474463047796791
90.0,0.0,0.0,0.33881924870042984,-2.998308036874432,2.0506106694023067,67.76384974008597,1.0,0.0,1.8650236753092881,0.28,0.0,False,0.003947618374095907,0.3388192487004298,0.19738241440750187,0.07577747212893182,7.5777472128931844e-06,7.577747212893183e-06,0.06776590371381543,0.0,-1.5310053715646423,-5.048918706276739,-4.8633317121837205,1.5310053715646423
91.0,0.0,0.0,0.49934366754118137,-2.0104195077833147,2.1697278943880662,99.86873350823628,1.0,0.0,1.9210181960253805,0.44,0.0,False,0.0037019934978549463,0.49934366754118137,0.18510107753129262,0.07577747212412012,7.57774721241201e-06,7.577747212412012e-06,0.09987176060536543,0.0,0.9878885290911175,-4.1801474021713805,-3.931437703808695,0.9878885290911175
92.0,0.0,0.0,0.40268671195601946,-2.1517526740434674,2.195508891495176,80.5373423912039,1.0,0.0,1.9953178335416157,0.07,0.0,False,0.0038454570155528086,0.40268671195601946,0.1922743077726994,0.0757774721203649,7.577747212036492e-06,7.577747212036491e-06,0.08053978353919247,0.0,-0.1413331662601527,-4.347261565538643,-4.147070507585083,0.1413331662601527
93.0,0.0,0.0,0.4221335827978615,-1.974884772091956,2.138682786082884,84.4267165595723,1.0,0.0,2.016600184682317,0.14,0.0,False,0.003909807859786419,0.4221335827978615,0.1954918743661013,0.07577747211743423,7.57774721174342e-06,7.577747211743423e-06,0.08442927559744452,0.0,0.17686790195151136,-4.113567558174839,-3.991484956774273,0.17686790195151136
94.0,0.0,0.0,0.4072431335297987,-1.9045375742372261,2.183690776705156,81.44862670595974,1.0,0.0,2.069743095014146,0.04,0.0,False,0.0037868424781537387,0.4072431335297987,0.18934355869443836,0.07577747211514707,7.577747211514706e-06,7.577747211514704e-06,0.08145109547566762,0.0,0.07034719785472987,-4.088228350942382,-3.9742806692513724,0.07034719785472987
95.0,0.0,0.0,0.40482252819135023,-1.8127577891614215,2.187625483949599,80.96450563827004,1.0,0.0,2.0977008624820055,0.31,0.0,False,0.0036719957369294974,0.40482252819135023,0.18360117811924767,0.07577747211336205,7.577747211336206e-06,7.577747211336206e-06,0.08096695973390078,0.0,0.09177978507580464,-4.000383273111021,-3.910458651643427,0.09177978507580464
96.0,0.0,0.0,0.39878294311003404,-1.3743881273241494,2.294193337261722,79.7565886220068,1.0,0.0,2.1438410898154787,0.15,0.0,False,0.0036426783422410813,0.3987829431100341,0.18213529727683653,0.07577747211196902,7.5777472111969e-06,7.5777472111969e-06,0.07975900610475578,0.0,0.4383696618372721,-3.6685814645858716,-3.518229217139628,0.4383696618372721
97.0,0.0,0.0,0.3575669602565158,-1.8879157242289755,2.2234541812129613,71.51339205130316,1.0,0.0,2.1752227357556717,-0.06,0.0,False,0.004015331606110521,0.3575669602565157,0.20076810166392,0.07577747211088182,7.577747211088183e-06,7.5777472110881835e-06,0.07151555967650611,0.0,-0.5135275969048261,-4.111369905441936,-4.063138459984647,0.5135275969048261
98.0,0.0,0.0,0.4094513898655802,-1.7234643408606718,2.018276376658337,81.89027797311604,1.0,0.0,2.2014169528428,0.03,0.0,False,0.0038605460392560935,0.4094513898655802,0.1930287646749038,0.07577747211003336,7.5777472110033345e-06,7.5777472110033345e-06,0.08189276012960896,0.0,0.16445138336830367,-3.7417407175190087,-3.9248812937034714,0.16445138336830367
99.0,0.0,0.0,0.38986543974473237,-1.9770471333573394,2.1414894394460724,77.97308794894647,1.0,0.0,2.206753310383206,0.07,0.0,False,0.0038647731102949313,0.38986543974473237,0.19324011982842948,0.07577747210937115,7.577747210937115e-06,7.577747210937117e-06,0.07797545137243592,0.0,-0.2535827924966676,-4.118536572803412,-4.183800443740545,0.2535827924966676
100.0,0.0,0.0,0.41443431265102665,-2.7048011114924213,2.1424548759409885,82.88686253020533,1.0,0.0,2.1753377716740814,0.06,0.0,False,0.003836789456496863,0.41443431265102676,0.19184092653587334,0.0757774721088544,7.577747210885437e-06,7.5777472108854385e-06,0.08288937489393267,0.0,-0.7277539781350819,-4.84725598743341,-4.880138883166502,0.7277539781350819
101.0,0.0,0.0,0.48888355517098087,-2.7695719821563305,2.150086842064533,97.77671103419617,1.0,0.0,2.1674530170757644,-0.03,0.0,False,0.0038459623020517058,0.48888355517098075,0.19229957228909061,0.0757774721084511,7.577747210845108e-06,7.577747210845109e-06,0.09777967472053536,0.0,-0.06477087066390919,-4.919658824220864,-4.937024999232095,0.06477087066390919
102.0,0.0,0.0,0.4965460660505965,-3.065224942473506,2.140885077833611,99.3092132101193,1.0,0.0,2.184219672017216,0.02,0.0,False,0.004003156805082865,0.4965460660505965,0.20015935699965895,0.07577747210813633,7.577747210813634e-06,7.577747210813632e-06,0.09931222334776285,0.0,-0.2956529603171756,-5.206110020307117,-5.249444614490722,0.2956529603171756
103.0,0.0,0.0,0.5285018068799832,-2.874651420254235,2.316729603859504,105.70036137599662,1.0,0.0,2.196076813377985,0.16,0.0,False,0.003967798465137683,0.528501806879983,0.1983914266055719,0.07577747210789067,7.577747210789067e-06,7.577747210789068e-06,0.10570356523419296,0.0,0.19057352221927104,-5.191381024113739,-5.07072823363222,0.19057352221927104
104.0,0.0,0.0,0.5126920189342729,-2.2323377540347806,2.376856207400672,102.53840378685457,1.0,0.0,2.2199933689809734,0.17,0.0,False,0.0038339152337726113,0.5126920189342727,0.1916972143106538,0.07577747210769896,7.577747210769899e-06,7.577747210769897e-06,0.10254151180371596,0.0,0.6423136662194544,-4.6091939614354525,-4.452331123015754,0.6423136662194544
105.0,0.0,0.0,0.4553895629855484,-2.546235266127037,2.6157830036087826,91.07791259710967,1.0,0.0,2.2524630216143158,0.5,0.0,False,0.003851096310662656,0.4553895629855484,0.19255627466484906,0.07577747210754936,7.577747210754937e-06,7.577747210754936e-06,0.09108067323778281,0.0,-0.31389751209225647,-5.162018269735819,-4.798698287741352,0.31389751209225647
106.0,0.0,0.0,0.4942519204830851,-2.5545413243702613,2.724439445980326,98.85038409661702,1.0,0.0,2.3217304171702393,0.55,0.0,False,0.0038568705248655136,0.4942519204830851,0.19284498756276877,0.07577747210743258,7.577747210743258e-06,7.577747210743259e-06,0.09885338032680183,0.0,-0.008306058243224168,-5.2789807703505875,-4.876271741540501,0.008306058243224168
107.0,0.0,0.0,0.5007308639518154,-3.207137836908323,2.831043986149662,100.1461727903631,1.0,0.0,2.3964712045094068,0.41,0.0,False,0.0036491258735617915,0.5007308639518154,0.1824576762857602,0.07577747210734144,7.577747210734148e-06,7.577747210734146e-06,0.10014920829688691,0.0,-0.6525965125380617,-6.038181823057985,-5.60360904141773,0.6525965125380617
108.0,0.0,0.0,0.5721785480274791,-3.187494774258904,2.8436709008438066,114.43570960549583,1.0,0.0,2.452957035743276,0.56,0.0,False,0.0035962477074463007,0.572178548027479,0.17981374794511687,0.07577747210727036,7.577747210727035e-06,7.577747210727035e-06,0.1144391782387285,0.0,0.01964306264941884,-6.031165675102711,-5.64045181000218,0.01964306264941884
109.0,0.0,0.0,0.5745729476374292,-3.433392634559721,2.7025223807799446,114.91458952748583,1.0,0.0,2.514864434586287,0.2,0.0,False,0.003825688618189102,0.5745729476374293,0.19128588041451808,0.07577747210721485,7.577747210721488e-06,7.577747210721485e-06,0.11491807267593247,0.0,-0.24589786030081706,-6.135915015339666,-5.948257069146008,0.24589786030081706
110.0,0.0,0.0,0.6040392180292146,-3.6913417760182354,2.760911215162157,120.8078436058429,1.0,0.0,2.5584524005429543,0.26,0.0,False,0.0037240465492688756,0.6040392180292146,0.18620373845761132,0.07577747210717153,7.5777472107171526e-06,7.5777472107171526e-06,0.12081150538329444,0.0,-0.2579491414585142,-6.4522529911803925,-6.24979417656119,0.2579491414585142
111.0,0.0,0.0,0.6335928543934068,-3.2408836533955943,2.792066882139137,126.71857087868136,1.0,0.0,2.6072284085573973,0.16,0.0,False,0.00371643147770166,0.6335928543934068,0.1858229819939961,0.0757774721071377,7.5777472107137695e-06,7.577747210713772e-06,0.12672241181476368,0.0,0.4504581226226412,-6.032950535534731,-5.848112061952992,0.4504581226226412
112.0,0.0,0.0,0.5887224206881537,-1.6771190990470255,2.5892203500840916,117.74448413763075,1.0,0.0,2.644826828240081,0.02,0.0,False,0.00361428075669831,0.5887224206881537,0.18071540724021168,0.07577747210711135,7.577747210711135e-06,7.5777472107111335e-06,0.11774805306233121,0.0,1.5637645543485688,-4.266339449131117,-4.321945927287107,1.5637645543485688
113.0,0.0,0.0,0.4339735795200694,-1.8911111752273428,2.606227889252056,86.79471590401387,1.0,0.0,2.646563612969999,-0.07,0.0,False,0.003834180528880916,0.43397357952006943,0.19171047916658623,0.07577747210709075,7.577747210709075e-06,7.577747210709075e-06,0.08679734671774353,0.0,-0.21399207618031735,-4.497339064479399,-4.537674788197342,0.21399207618031735
114.0,0.0,0.0,0.457127249989557,-0.5514737419120359,2.723253883114951,91.4254499979114,1.0,0.0,2.6627811232577505,0.0,0.0,False,0.00386505268426991,0.45712724998955706,0.19325409863310553,0.07577747210707467,7.577747210707468e-06,7.5777472107074684e-06,0.0914282211727069,0.0,1.339637433315307,-3.274727625026987,-3.2142548651697864,1.339637433315307
115.0,0.0,0.0,0.32461692141434334,-0.21860806720710207,2.6282273106906393,64.92338428286867,1.0,0.0,2.680334524405401,0.08,0.0,False,0.0037373425795580195,0.3246169214143434,0.18686854500976638,0.07577747210706212,7.5777472107062165e-06,7.577747210706214e-06,0.06492535215993317,0.0,0.33286567470493383,-2.8468353778977415,-2.8989425916125033,0.33286567470493383
116.0,0.0,0.0,0.2963254080951151,0.053962499425350224,2.7455581063380734,59.26508161902302,1.0,0.0,2.6948184654799343,0.09,0.0,False,0.003821401668838975,0.2963254080951151,0.19107153132274066,0.07577747210705234,7.577747210705233e-06,7.577747210705234e-06,0.05926687798863825,0.0,0.27257056663245227,-2.691595606912723,-2.640855966054584,0.27257056663245227
117.0,0.0,0.0,0.2709401246956173,1.1389180205554919,2.7944583241805865,54.18802493912346,1.0,0.0,2.7447582876957783,-0.01,0.0,False,0.0039792298593698235,0.2709401246956173,0.1989630006483896,0.07577747210704468,7.57774721070447e-06,7.577747210704469e-06,0.054189667419296456,0.0,1.0849555211301416,-1.6555403036250946,-1.6058402671402865,1.0849555211301416
118.0,0.0,0.0,0.16798395551400996,1.2838288763632488,2.8417961889891794,33.596791102801994,1.0,0.0,2.7634664021702298,0.16,0.0,False,0.003869707696827328,0.16798395551401002,0.1934868510247017,0.07577747210703875,7.577747210703874e-06,7.5777472107038745e-06,0.03359780944704548,0.0,0.14491085580775698,-1.5579673126259306,-1.479637525806981,0.14491085580775698
119.0,0.0,0.0,0.15582546371450787,0.4646452642359632,3.036115239377649,31.165092742901574,1.0,0.0,2.818821222693107,0.12,0.0,False,0.003884643445294931,0.15582546371450787,0.19423364410704816,0.0757774721070341,7.577747210703411e-06,7.5777472107034094e-06,0.031166037380521733,0.0,-0.8191836121272856,-2.5714699751416856,-2.3541759584571436,0.8191836121272856
120.0,0.0,0.0,0.24026432041494877,-0.3705540596782557,3.0150357689669067,48.05286408298976,1.0,0.0,2.842142553806977,0.15,0.0,False,0.003846543652580893,0.24026432041494877,0.19232864003581637,0.07577747210703047,7.577747210703047e-06,7.577747210703047e-06,0.048054320601779665,0.0,-0.8351993239142189,-3.3855898286451627,-3.2126966134852326,0.8351993239142189
121.0,0.0,0.0,0.32923503900163725,-0.2638520953514206,3.1617120100799276,65.84700780032745,1.0,0.0,2.8673795014996415,0.34,0.0,False,0.004029994066105402,0.32923503900163725,0.20150123021908484,0.07577747210702765,7.577747210702763e-06,7.577747210702764e-06,0.06584900367312194,0.0,0.1067019643268351,-3.425564105431348,-3.131231596851062,0.1067019643268351
122.0,0.0,0.0,0.3246544615426763,0.5637252981155827,3.345103602990639,64.93089230853526,1.0,0.0,2.9219210733330367,0.52,0.0,False,0.004040238664624538,0.3246544615426763,0.20201346402659046,0.07577747210702544,7.577747210702544e-06,7.577747210702543e-06,0.06493286041317373,0.0,0.8275773934670033,-2.7813783048750564,-2.358195775217454,0.8275773934670033
123.0,0.0,0.0,0.2493542116179458,0.7516809181267256,3.4034539558823784,49.87084232358916,1.0,0.0,2.982815527547359,0.5,0.0,False,0.004011559872491216,0.2493542116179458,0.20057951355389253,0.0757774721070237,7.577747210702369e-06,7.577747210702371e-06,0.049872353946679666,0.0,0.18795562001114285,-2.6517730377556528,-2.2311346094206335,0.18795562001114285
124.0,0.0,0.0,0.23654043568563585,0.31265644192694003,3.320231692124075,47.30808713712717,1.0,0.0,3.057361891454116,0.38,0.0,False,0.004085685868947742,0.2365404356856358,0.20428584146212198,0.07577747210702236,7.577747210702234e-06,7.577747210702236e-06,0.047309521081162445,0.0,-0.4390244761997855,-3.007575250197135,-2.744705449527176,0.4390244761997855
125.0,0.0,0.0,0.28648004964630686,1.1260842930796902,3.45287413489947,57.29600992926137,1.0,0.0,3.117174897164418,0.38,0.0,False,0.003941448811494934,0.28648004964630686,0.1970739339398835,0.07577747210702132,7.577747210702129e-06,7.577747210702131e-06,0.05729774661481886,0.0,0.8134278511527502,-2.32678984181978,-1.991090604084728,0.8134278511527502
126.0,0.0,0.0,0.21267174438715206,1.8182697225507862,3.568020711680342,42.53434887743041,1.0,0.0,3.1775654820598622,0.58,0.0,False,0.00378049541547912,0.21267174438715208,0.1890262031558855,0.07577747210702046,7.577747210702047e-06,7.577747210702049e-06,0.04253563812583503,0.0,0.6921854294710961,-1.7497509891295557,-1.359295759509076,0.6921854294710961
127.0,0.0,0.0,0.14528637283083037,1.604044222705529,3.443778012680276,29.057274566166075,1.0,0.0,3.2528823155870996,0.18,0.0,False,0.003992475861739055,0.14528637283083035,0.19962530578559398,0.07577747210701986,7.577747210701988e-06,7.577747210701986e-06,0.029058155314217137,0.0,-0.2142254998452573,-1.839733789974747,-1.6488380928815707,0.2142254998452573
128.0,0.0,0.0,0.17018305759009597,0.7091381133154713,3.365393351001804,34.03661151801919,1.0,0.0,3.271188498029412,0.04,0.0,False,0.003947634676966924,0.170183057590096,0.19738322955722926,0.07577747210701936,7.577747210701936e-06,7.5777472107019365e-06,0.03403764319355335,0.0,-0.8949061093900577,-2.6562552376863326,-2.562050384713941,0.8949061093900577
129.0,0.0,0.0,0.2633186989475056,1.4505539513625103,3.372583056098306,52.663739789501115,1.0,0.0,3.3059392788159845,-0.04,0.0,False,0.004186681838530527,0.2633186989475056,0.20933567820735755,0.07577747210701898,7.577747210701896e-06,7.577747210701897e-06,0.05266533606743406,0.0,0.741415838047039,-1.9220291047357958,-1.8553853274534742,0.741415838047039
130.0,0.0,0.0,0.1897970039735159,1.2693948818652612,3.3860326200563065,37.95940079470318,1.0,0.0,3.342424870917348,0.01,0.0,False,0.004193723152716419,0.1897970039735159,0.20968774658451717,0.07577747210701867,7.577747210701865e-06,7.577747210701866e-06,0.03796055137295832,0.0,-0.18115906949724914,-2.116637738191045,-2.0730299890520865,0.18115906949724914
131.0,0.0,0.0,0.21145694332117781,1.1821982869627408,3.4579913059157947,42.29138866423556,1.0,0.0,3.34859590278354,0.16,0.0,False,0.00415280921783576,0.21145694332117784,0.2076420343387113,0.07577747210701846,7.577747210701843e-06,7.577747210701844e-06,0.042292670548331676,0.0,-0.08719659490252041,-2.275793018953054,-2.166397615820799,0.08719659490252041
132.0,0.0,0.0,0.22009830878409523,1.2307218177419774,3.427969082174377,44.01966175681905,1.0,0.0,3.3840444334401587,0.06,0.0,False,0.0040886872080568145,0.22009830878409523,0.20443590955474505,0.07577747210701824,7.5777472107018255e-06,7.5777472107018255e-06,0.044020996026184624,0.0,0.04852353077923666,-2.1972472644323995,-2.1533226156981815,0.04852353077923666
133.0,0.0,0.0,0.2207117302182607,1.369092770128487,3.5648986331739017,44.14234604365214,1.0,0.0,3.3832647672709646,0.21,0.0,False,0.004169209189570343,0.2207117302182607,0.20846203913918254,0.07577747210701812,7.577747210701811e-06,7.57774721070181e-06,0.04414368403167159,0.0,0.13837095238650954,-2.1958058630454147,-2.0141719971424776,0.13837095238650954
134.0,0.0,0.0,0.2102934577439912,2.12115783784638,3.430667175171919,42.05869154879824,1.0,0.0,3.437922744809484,0.02,0.0,False,0.004102213025392017,0.2102934577439912,0.20511220554626639,0.07577747210701802,7.577747210701799e-06,7.577747210701799e-06,0.042059966379668134,0.0,0.752065067717893,-1.3095093373255389,-1.3167649069631038,0.752065067717893
135.0,0.0,0.0,0.1381070895585432,1.2890533735266496,3.5847600532662693,27.62141791170864,1.0,0.0,3.47210702510154,0.13,0.0,False,0.004025527640570708,0.1381070895585432,0.20127790725007785,0.0757774721070179,7.577747210701789e-06,7.577747210701791e-06,0.02762225513785447,0.0,-0.8321044643197304,-2.2957066797396197,-2.18305365157489,0.8321044643197304
136.0,0.0,0.0,0.22381560501130265,0.6858766887765927,3.571483743459832,44.76312100226053,1.0,0.0,3.502281060462445,0.03,0.0,False,0.004001131392108953,0.22381560501130265,0.20005808558355995,0.07577747210701782,7.577747210701785e-06,7.577747210701784e-06,0.044764477806440245,0.0,-0.6031766847500569,-2.8856070546832395,-2.8164043716858522,0.6031766847500569
137.0,0.0,0.0,0.2874702259284346,-0.35230659502556416,3.6255716859525826,57.494045185686915,1.0,0.0,3.5272942245435037,0.14,0.0,False,0.00398835543295098,0.2874702259284346,0.19941928278501195,0.07577747210701778,7.577747210701776e-06,7.577747210701779e-06,0.05749578787384336,0.0,-1.038183283802157,-3.977878280978147,-3.8796008195690677,1.038183283802157
138.0,0.0,0.0,0.39231452343840245,-1.0039714879678365,3.5963111982835927,78.46290468768049,1.0,0.0,3.56068786689607,-0.05,0.0,False,0.004100679649090868,0.39231452343840245,0.20503553615023207,0.07577747210701771,7.577747210701773e-06,7.577747210701773e-06,0.07846528295788704,0.0,-0.6516648929422724,-4.600282686251429,-4.564659354863907,0.6516648929422724
139.0,0.0,0.0,0.4608022356446544,-0.6679950659530504,3.611818532877687,92.16044712893088,1.0,0.0,3.5709872823727413,-0.06,0.0,False,0.004155996477531482,0.4608022356446545,0.20780139853110977,0.07577747210701768,7.577747210701771e-06,7.577747210701769e-06,0.09216324058204739,0.0,0.33597642201478617,-4.279813598830737,-4.238982348325791,0.33597642201478617
140.0,0.0,0.0,0.43175545705365037,-0.9812314577027985,3.66425435906708,86.35109141073008,1.0,0.0,3.604225460621495,0.11,0.0,False,0.004006093807510929,0.43175545705365037,0.2003062082338553,0.07577747210701767,7.577747210701768e-06,7.577747210701767e-06,0.08635370877786457,0.0,-0.31323639174974816,-4.645485816769879,-4.585456918324294,0.31323639174974816
141.0,0.0,0.0,0.4653190985111719,-0.42449500514901056,3.670561687413329,93.06381970223438,1.0,0.0,3.649723091268969,-0.03,0.0,False,0.004074686162136585,0.4653190985111719,0.20373585195391417,0.07577747210701766,7.577747210701764e-06,7.5777472107017645e-06,0.09306664053725938,0.0,0.5567364525537879,-4.0950566925623395,-4.0742180964179795,0.5567364525537879
142.0,0.0,0.0,0.40959138781646715,-0.8604863103093028,3.5625293227462302,81.91827756329343,1.0,0.0,3.6721358309339576,-0.05,0.0,False,0.004208305015269753,0.40959138781646715,0.21041684523706713,0.07577747210701764,7.577747210701764e-06,7.577747210701764e-06,0.08192076056847501,0.0,-0.4359913051602922,-4.423015633055533,-4.532622141243261,0.4359913051602922
143.0,0.0,0.0,0.45406725654514146,-0.781891922639043,3.5430835707063837,90.8134513090283,1.0,0.0,3.6715740620154844,-0.06,0.0,False,0.004357803378833484,0.45406725654514146,0.2178918200582942,0.07577747210701764,7.577747210701764e-06,7.577747210701764e-06,0.09081620393367892,0.0,0.07859438767025984,-4.324975493345427,-4.453465984654527,0.07859438767025984
144.0,0.0,0.0,0.4477500059731796,-0.9148585534601378,3.6794246639406643,89.55000119463593,1.0,0.0,3.680358295486445,0.02,0.0,False,0.00411611369164531,0.4477500059731796,0.2058072441257178,0.07577747210701764,7.577747210701764e-06,7.577747210701764e-06,0.08955271552315443,0.0,-0.13296663082109483,-4.594283217400802,-4.595216848946583,0.13296663082109483
145.0,0.0,0.0,0.463271147460224,0.05016336219629036,3.633367332032486,92.6542294920448,1.0,0.0,3.6957777839106916,-0.09,0.0,False,0.004115599531627755,0.463271147460224,0.20578153593003132,0.07577747210701764,7.577747210701764e-06,7.577747210701764e-06,0.0926570379120796,0.0,0.9650219156564281,-3.583203969836196,-3.6456144217144013,0.9650219156564281
146.0,0.0,0.0,0.3704193796903716,-0.8658631478528807,3.7590740013573933,74.08387593807431,1.0,0.0,3.7180284487243718,0.19,0.0,False,0.003928450082465798,0.37041937969037164,0.1964239925633726,0.07577747210701764,7.577747210701764e-06,7.577747210701764e-06,0.07408612147659512,0.0,-0.916026510049171,-4.6249371492102735,-4.583891596577253,0.916026510049171
147.0,0.0,0.0,0.4643872633668101,-1.0919250969828842,3.7403019032175138,92.87745267336201,1.0,0.0,3.7544975063210644,-0.05,0.0,False,0.003791271744906239,0.4643872633668101,0.18956502371025644,0.07577747210701764,7.577747210701764e-06,7.577747210701764e-06,0.0928802678594609,0.0,-0.22606194913000355,-4.8322270002003975,-4.846422603303949,0.22606194913000355
148.0,0.0,0.0,0.48662703011287883,-1.3676431499333361,3.695712720308619,97.32540602257576,1.0,0.0,3.7781854362796987,-0.02,0.0,False,0.003972258152159883,0.48662703011287883,0.19861441264640076,0.07577747210701764,7.577747210701764e-06,7.577747210701764e-06,0.09732835602951734,0.0,-0.27571805295045193,-5.0633558702419545,-5.145828586213035,0.27571805295045193
149.0,0.0,0.0,0.5152400789673474,-1.7117209137463774,3.7769108092654435,103.04801579346947,1.0,0.0,3.7745295809769046,0.03,0.0,False,0.00396146362893146,0.5152400789673474,0.19807468239507114,0.07577747210701764,7.577747210701764e-06,7.577747210701764e-06,0.10305113925705756,0.0,-0.3440777638130412,-5.488631723011821,-5.486250494723282,0.3440777638130412
150.0,0.0,0.0,0.5518268840008026,-2.520342849338448,3.807399590096415,110.36537680016052,1.0,0.0,3.784952857693695,0.02,0.0,False,0.0040569245140114184,0.5518268840008027,0.20284776281799183,0.07577747210701764,7.577747210701764e-06,7.577747210701764e-06,0.11036872205851572,0.0,-0.8086219355920705,-6.3277424394348625,-6.305295707032142,0.8086219355920705
151.0,0.0,0.0,0.6368900686663926,-2.4976406490554055,3.8134027161097523,127.37801373327854,1.0,0.0,3.8067570064931955,-0.04,0.0,False,0.0041533815786327375,0.6368900686663926,0.20767065259542045,0.07577747210701764,7.577747210701764e-06,7.577747210701764e-06,0.1273818746575744,0.0,0.022702200283042373,-6.311043365165158,-6.304397655548601,0.022702200283042373
152.0,0.0,0.0,0.6333053357606198,-3.067984832276366,3.84014764492007,126.66106715212396,1.0,0.0,3.8487991469225395,0.01,0.0,False,0.004105890054201357,0.6333053357606198,0.20529605837991313,0.07577747210701764,7.577747210701764e-06,7.577747210701764e-06,0.12666490634522468,0.0,-0.5703441832209606,-6.908132477196436,-6.916783979198906,0.5703441832209606
153.0,0.0,0.0,0.6937196014055389,-3.556794092813487,4.055828311720178,138.7439202811078,1.0,0.0,3.8356526599378657,0.22,0.0,False,0.0038852610306777326,0.6937196014055389,0.19426452361018365,0.07577747210701764,7.577747210701764e-06,7.577747210701764e-06,0.13874812571465958,0.0,-0.48880926053712104,-7.612622404533665,-7.392446752751352,0.48880926053712104
154.0,0.0,0.0,0.7456737821461552,-3.2500122316056834,4.094056368676205,149.13475642923103,1.0,0.0,3.869474023367744,0.25,0.0,False,0.0037454389892489426,0.7456737821461552,0.1872733685619398,0.07577747210701764,7.577747210701764e-06,7.577747210701764e-06,0.14913927681691475,0.0,0.3067818612078037,-7.344068600281888,-7.1194862549734275,0.3067818612078037
155.0,0.0,0.0,0.7191895597990665,-2.0096759119744014,4.121884198097741,143.8379119598133,1.0,0.0,3.9002262550191955,0.28,0.0,False,0.0038985475734603986,0.7191895597990665,0.19492885578341987,0.07577747210701764,7.577747210701764e-06,7.577747210701764e-06,0.14384227179612002,0.0,1.240336319631282,-6.131560110072143,-5.9099021669935965,1.240336319631282
156.0,0.0,0.0,0.6002417486422796,-1.8430035866116252,4.255141140354494,120.04834972845592,1.0,0.0,3.942155858219012,0.43,0.0,False,0.003895670592732846,0.6002417486422796,0.19478500565699072,0.07577747210701764,7.577747210701764e-06,7.577747210701764e-06,0.12005198848507145,0.0,0.1666723253627762,-6.09814472696612,-5.785159444830637,0.1666723253627762
157.0,0.0,0.0,0.5871183156814278,-1.6175282554987884,4.245291358894092,117.42366313628555,1.0,0.0,3.9929689984602152,0.18,0.0,False,0.003785636180110474,0.5871183156814278,0.18928324333522376,0.07577747210701764,7.577747210701764e-06,7.577747210701764e-06,0.11742722233665794,0.0,0.2254753311128368,-5.862819614392881,-5.610497253959004,0.2254753311128368
158.0,0.0,0.0,0.5705159654360565,-1.4472864305657347,4.4591172126103285,114.10319308721131,1.0,0.0,4.028402021911596,0.47,0.0,False,0.0038819500820839663,0.5705159654360564,0.1940989749260185,0.07577747210701764,7.577747210701764e-06,7.577747210701764e-06,0.11410665164161574,0.0,0.17024182493305373,-5.906403643176063,-5.47568845247733,0.17024182493305373
159.0,0.0,0.0,0.5564867324347378,-1.5611095290656618,4.342670516129352,111.29734648694756,1.0,0.0,4.087847560150058,0.24,0.0,False,0.003936391419203482,0.5564867324347378,0.196821062409129,0.07577747210701764,7.577747210701764e-06,7.577747210701764e-06,0.11130071999401148,0.0,-0.11382309849992711,-5.903780045195013,-5.6489570892157195,0.11382309849992711
160.0,0.0,0.0,0.5713933510439101,-1.516690069434891,4.301561326678607,114.27867020878202,1.0,0.0,4.117791739570863,0.13,0.0,False,0.003992916021940171,0.5713933510439101,0.19964731396242116,0.07577747210701764,7.577747210701764e-06,7.577747210701764e-06,0.11428213408203122,0.0,0.04441945963077076,-5.8182513961134985,-5.634481809005754,0.04441945963077076
161.0,0.0,0.0,0.5717993248746108,-1.3745743639476329,4.34222199742761,114.35986497492217,1.0,0.0,4.1530404750920376,0.32,0.0,False,0.004055697394310259,0.5717993248746108,0.20278640636799367,0.07577747210701764,7.577747210701764e-06,7.577747210701764e-06,0.11436333130924639,0.0,0.14211570548725816,-5.716796361375243,-5.52761483903967,0.14211570548725816
162.0,0.0,0.0,0.5613732854870557,-1.2728449577880818,4.3443849833362185,112.27465709741114,1.0,0.0,4.20151982684817,0.03,0.0,False,0.004241042072417106,0.5613732854870557,0.21205371049809216,0.07577747210701764,7.577747210701764e-06,7.577747210701764e-06,0.11227806022750157,0.0,0.10172940615955106,-5.6172299411243,-5.4743647846362515,0.10172940615955106
163.0,0.0,0.0,0.554284222556385,-0.941748879071648,4.389251850573395,110.85684451127699,1.0,0.0,4.239371188165331,0.08,0.0,False,0.004276164261780116,0.554284222556385,0.2138098332735963,0.07577747210701764,7.577747210701764e-06,7.577747210701764e-06,0.11086020466639161,0.0,0.3310960787164339,-5.331000729645043,-5.181120067236979,0.3310960787164339
164.0,0.0,0.0,0.5258511481707357,-0.6340332399548839,4.351294382150636,105.17022963414715,1.0,0.0,4.270207279061832,0.26,0.0,False,0.0038275347095630538,0.5258511481707357,0.19137818568267603,0.07577747210701764,7.577747210701764e-06,7.577747210701764e-06,0.10517341742364782,0.0,0.30771563911676403,-4.98532762210552,-4.904240519016716,0.30771563911676403
165.0,0.0,0.0,0.4981626651840746,-0.8273480464840985,4.438396521758284,99.63253303681492,1.0,0.0,4.3169618409892685,0.1,0.0,False,0.003882711018620209,0.49816266518407454,0.19413702204114008,0.07577747210701764,7.577747210701764e-06,7.577747210701764e-06,0.09963555297452777,0.0,-0.19331480652921462,-5.265744568242383,-5.1443098874733675,0.19331480652921462
166.0,0.0,0.0,0.5200984272994446,-0.7110477470949567,4.527160445398828,104.01968545988892,1.0,0.0,4.347782159423186,0.12,0.0,False,0.003783576092353719,0.5200984272994446,0.18918023816684482,0.07577747210701764,7.577747210701764e-06,7.577747210701764e-06,0.10402283837552223,0.0,0.11630029938914188,-5.238208192493785,-5.058829906518143,0.11630029938914188
167.0,0.0,0.0,0.5126262566642884,-0.3055868256103264,4.504086429985281,102.52525133285768,1.0,0.0,4.37383328523068,0.13,0.0,False,0.0036400489799057463,0.5126262566642883,0.18200382816383776,0.07577747210701764,7.577747210701764e-06,7.577747210701764e-06,0.10252835895105811,0.0,0.40546092148463025,-4.809673255595608,-4.679420110841007,0.40546092148463025
168.0,0.0,0.0,0.47301761206333603,0.9175754399688498,4.576478612630396,94.6035224126672,1.0,0.0,4.415409047157252,0.07,0.0,False,0.003814041388410778,0.4730176120633361,0.1907035145126135,0.07577747210701764,7.577747210701764e-06,7.577747210701764e-06,0.09460638991725023,0.0,1.2231622655791763,-3.658903172661546,-3.4978336071884017,1.2231622655791763
169.0,0.0,0.0,0.35304107818824465,2.400949658821786,4.624527056179075,70.60821563764893,1.0,0.0,4.424768515417551,0.09,0.0,False,0.003984286956074779,0.35304107818824465,0.19921585739970746,0.07577747210701764,7.577747210701764e-06,7.577747210701764e-06,0.07061035582626746,0.0,1.483374218852936,-2.2235773973572894,-2.023818856595765,1.483374218852936
170.0,0.0,0.0,0.21157187790458024,2.503219994609793,4.539915356286462,42.31437558091605,1.0,0.0,4.448119984653568,0.14,0.0,False,0.004132961355939757,0.21157187790458024,0.20664963372380718,0.07577747210701764,7.577747210701764e-06,7.577747210701764e-06,0.04231565816176306,0.0,0.10227033578800704,-2.0366953616766694,-1.944899990043775,0.10227033578800704
171.0,0.0,0.0,0.20458699735495517,3.342618935501076,4.707289113739008,40.917399470991036,1.0,0.0,4.516748599777969,0.24,0.0,False,0.004057088500978896,0.20458699735495517,0.2028559622284984,0.07577747210701764,7.577747210701764e-06,7.577747210701764e-06,0.04091863970843163,0.0,0.8393989408912832,-1.3646701782379318,-1.1741296642768932,0.8393989408912832
172.0,0.0,0.0,0.1234289823357655,2.560920544961455,4.714392843244326,24.6857964671531,1.0,0.0,4.54916748358677,0.17,0.0,False,0.0042340951717141605,0.12342898233576548,0.21170636283085187,0.07577747210701764,7.577747210701764e-06,7.577747210701764e-06,0.024686544712384354,0.0,-0.7816983905396211,-2.153472298282871,-1.9882469386253154,0.7816983905396211
173.0,0.0,0.0,0.20699997254378422,1.6196502686678511,4.826019211467184,41.39999450875684,1.0,0.0,4.57695552454006,0.42,0.0,False,0.004093513586536299,0.20699997254378422,0.2046772303073731,0.07577747210701764,7.577747210701764e-06,7.577747210701764e-06,0.0414012493740194,0.0,-0.9412702762936038,-3.2063689427993327,-2.957305255872209,0.9412702762936038
174.0,0.0,0.0,0.30519497325622325,1.263323959720112,4.9140384893488065,61.03899465124465,1.0,0.0,4.6309987000725235,0.38,0.0,False,0.004280354341128037,0.30519497325622325,0.21401933882856025,0.07577747210701764,7.577747210701764e-06,7.577747210701764e-06,0.06104084478951056,0.0,-0.3563263089477391,-3.6507145296286945,-3.3676747403524114,0.3563263089477391
175.0,0.0,0.0,0.3459194980558235,1.0482027170319204,4.784640147304103,69.1838996111647,1.0,0.0,4.671715635747947,0.13,0.0,False,0.004221683582039795,0.34591949805582345,0.21108577864453917,0.07577747210701764,7.577747210701764e-06,7.577747210701764e-06,0.0691859966276832,0.0,-0.21512124268819166,-3.7364374302721823,-3.623512918716026,0.21512124268819166
176.0,0.0,0.0,0.3720338040901629,2.27746284374916,4.83649048093747,74.40676081803258,1.0,0.0,4.72265000480392,0.15,0.0,False,0.004134956716634245,0.3720338040901629,0.20674940251454854,0.07577747210701764,7.577747210701764e-06,7.577747210701764e-06,0.07440901614343921,0.0,1.2292601267172398,-2.5590276371883096,-2.4451871610547595,1.2292601267172398
177.0,0.0,0.0,0.2534042707726422,2.2012133164034924,4.86162711547935,50.68085415452845,1.0,0.0,4.768681716839607,0.12,0.0,False,0.0040969685783487225,0.2534042707726422,0.20484998120704695,0.07577747210701764,7.577747210701764e-06,7.577747210701764e-06,0.05068239032969247,0.0,-0.07624952734566781,-2.6604137990758576,-2.567468400436115,0.07624952734566781
178.0,0.0,0.0,0.2623761374542485,2.838914167710012,4.790930484713177,52.4752274908497,1.0,0.0,4.811601563150881,0.0,0.0,False,0.004103037521559083,0.2623761374542485,0.20515343066701078,0.07577747210701764,7.577747210701764e-06,7.577747210701764e-06,0.05247681805483176,0.0,0.6377008513065197,-1.9520163170031646,-1.972687395440869,0.6377008513065197
179.0,0.0,0.0,0.1999168896694377,3.2181269226832807,4.863349101902661,39.98337793388754,1.0,0.0,4.825074101948163,-0.03,0.0,False,0.0041410996343926735,0.1999168896694377,0.2070565507299438,0.07577747210701764,7.577747210701764e-06,7.577747210701764e-06,0.03998458986042628,0.0,0.3792127549732687,-1.6452221792193802,-1.606947179264882,0.3792127549732687
180.0,0.0,0.0,0.16293432334489055,2.3690760800890334,4.7787117383689575,32.58686466897811,1.0,0.0,4.83815881038704,0.03,0.0,False,0.004169117329156872,0.16293432334489055,0.2084574460837042,0.07577747210701764,7.577747210701764e-06,7.577747210701764e-06,0.03258785240158469,0.0,-0.8490508425942473,-2.409635658279924,-2.4690827302980067,0.8490508425942473
181.0,0.0,0.0,0.2505940819705763,2.671312888437458,4.82722340040396,50.11881639411526,1.0,0.0,4.847531889887897,0.13,0.0,False,0.003837787366959819,0.2505940819705763,0.19189082243711672,0.07577747210701764,7.577747210701764e-06,7.577747210701764e-06,0.05012033553348809,0.0,0.3022368083484248,-2.1559105119665016,-2.1762190014504386,0.3022368083484248
182.0,0.0,0.0,0.22010663002436442,2.8504488275286293,4.792989594891328,44.02132600487288,1.0,0.0,4.875111846725077,0.03,0.0,False,0.003924319247419284,0.22010663002436437,0.19621744924592577,0.07577747210701764,7.577747210701764e-06,7.577747210701764e-06,0.04402266032468308,0.0,0.1791359390911711,-1.9425407673626984,-2.024663019196448,0.1791359390911711
183.0,0.0,0.0,0.2057621303523584,1.8932153210670444,4.823862704755781,41.152426070471684,1.0,0.0,4.872462584301187,-0.14,0.0,False,0.004126428098237356,0.2057621303523584,0.20632296836331845,0.07577747210701764,7.577747210701764e-06,7.577747210701764e-06,0.04115367343174693,0.0,-0.9572335064615849,-2.9306473836887363,-2.979247263234142,0.9572335064615849
184.0,0.0,0.0,0.30344995764771127,2.0829467547757883,4.837639251434122,60.689991529542255,1.0,0.0,4.908148091722679,0.06,0.0,False,0.004073466244859655,0.30344995764771127,0.20367485562785648,0.07577747210701764,7.577747210701764e-06,7.577747210701764e-06,0.060691831089258595,0.0,0.1897314337087439,-2.7546924966583335,-2.8252013369468907,0.1897314337087439
185.0,0.0,0.0,0.29005132616490115,2.8052445668393178,5.103964775203027,58.01026523298023,1.0,0.0,4.927829870897662,0.15,0.0,False,0.004068442235061476,0.29005132616490115,0.20342365323441375,0.07577747210701764,7.577747210701764e-06,7.577747210701764e-06,0.058012023568158204,0.0,0.7222978120635295,-2.298720208363709,-2.122585304058344,0.7222978120635295
186.0,0.0,0.0,0.21961413856558232,2.637947871405749,5.185636452673591,43.92282771311646,1.0,0.0,4.983569913206187,0.13,0.0,False,0.0042445518709484055,0.21961413856558232,0.21222920175447524,0.07577747210701764,7.577747210701764e-06,7.577747210701764e-06,0.04392415904736866,0.0,-0.16729669543356884,-2.547688581267842,-2.3456220418004383,0.16729669543356884
187.0,0.0,0.0,0.2397027427351109,3.1938321317880938,5.038404565299043,47.94054854702218,1.0,0.0,5.001469161516436,0.09,0.0,False,0.004124847009004531,0.23970274273511089,0.20624391330262237,0.07577747210701764,7.577747210701764e-06,7.577747210701764e-06,0.04794200166144293,0.0,0.5558842603823448,-1.8445724335109492,-1.8076370297283422,0.5558842603823448
188.0,0.0,0.0,0.1874723216250547,3.5796643231973038,5.09128229583613,37.49446432501094,1.0,0.0,5.0350661190963635,0.08,0.0,False,0.00407522152446883,0.1874723216250547,0.2037626202733685,0.07577747210701764,7.577747210701764e-06,7.577747210701764e-06,0.03749560081068873,0.0,0.38583219140921,-1.5116179726388266,-1.4554017958990597,0.38583219140921
189.0,0.0,0.0,0.15281457289630393,2.539931290220072,5.119040099577963,30.562914579260788,1.0,0.0,5.068626378931753,-0.01,0.0,False,0.004190626479948216,0.15281457289630393,0.20953291177281672,0.07577747210701764,7.577747210701764e-06,7.577747210701764e-06,0.030563840964403663,0.0,-1.0397330329772316,-2.5791088093578907,-2.5286950887116806,1.0397330329772316
190.0,0.0,0.0,0.2576097193723941,2.416931797038593,5.117314093851483,51.521943874478815,1.0,0.0,5.107867951670517,-0.05,0.0,False,0.004102344657889368,0.25760971937239413,0.20511878722100776,0.07577747210701764,7.577747210701764e-06,7.577747210701764e-06,0.051523505543710775,0.0,-0.12299949318147929,-2.7003822968128905,-2.6909361546319244,0.12299949318147929
191.0,0.0,0.0,0.2713841278237362,2.2741841376147147,4.992788156914825,54.27682556474725,1.0,0.0,5.116126089010631,0.03,0.0,False,0.003876928158746795,0.2713841278237363,0.1938478768564167,0.07577747210701764,7.577747210701764e-06,7.577747210701764e-06,0.05427847073653462,0.0,-0.14274765942387813,-2.7186040193001104,-2.8419419513959165,0.14274765942387813
192.0,0.0,0.0,0.28766885247961904,1.858816504134427,5.148082887770545,57.533770495923804,1.0,0.0,5.130875899291834,-0.02,0.0,False,0.003821779180503455,0.28766885247961904,0.1910904070489989,0.07577747210701764,7.577747210701764e-06,7.577747210701764e-06,0.05753551438818457,0.0,-0.4153676334802878,-3.289266383636118,-3.2720593951574077,0.4153676334802878
193.0,0.0,0.0,0.33344469084518374,2.895084183650429,5.206204959141176,66.68893816903675,1.0,0.0,5.150981656503127,0.08,0.0,False,0.003868478508853025,0.33344469084518374,0.1934253911602627,0.07577747210701764,7.577747210701764e-06,7.577747210701764e-06,0.06669095956137987,0.0,1.036267679516002,-2.311120775490747,-2.2558974728526984,1.036267679516002
194.0,0.0,0.0,0.2329844266869636,3.330428479182202,5.336140161026154,46.59688533739272,1.0,0.0,5.19338975056506,0.28,0.0,False,0.0037132076776645135,0.2329844266869636,0.1856617907706818,0.07577747210701764,7.577747210701764e-06,7.577747210701764e-06,0.04659829772436153,0.0,0.435344295531773,-2.0057116818439518,-1.8629612713828578,0.435344295531773
195.0,0.0,0.0,0.1936559172440579,2.3101946437086633,5.49734697758407,38.73118344881158,1.0,0.0,5.225016725374536,0.27,0.0,False,0.003919141674389402,0.1936559172440579,0.19595856863271463,0.07577747210701764,7.577747210701764e-06,7.577747210701764e-06,0.03873235742038487,0.0,-1.0202338354735385,-3.1871523338754066,-2.9148220816658723,1.0202338354735385
196.0,0.0,0.0,0.3025279538388812,1.949919520737351,5.679200062697881,60.50559076777624,1.0,0.0,5.267061025402115,0.48,0.0,False,0.0037569513797125025,0.3025279538388812,0.18784899244701703,0.07577747210701764,7.577747210701764e-06,7.577747210701764e-06,0.06050742473816551,0.0,-0.36027512297131237,-3.7292805419605304,-3.317141504664764,0.36027512297131237
197.0,0.0,0.0,0.3416656857624959,2.107665049851698,5.511051570634611,68.33313715249918,1.0,0.0,5.335588806115391,0.05,0.0,False,0.0037178220580498496,0.3416656857624959,0.18589251153827882,0.07577747210701764,7.577747210701764e-06,7.577747210701764e-06,0.06833520838176169,0.0,0.1577455291143468,-3.403386520782913,-3.227923756263693,0.1577455291143468
198.0,0.0,0.0,0.3315410466628328,2.7277497694657633,5.4677233163289705,66.30820933256656,1.0,0.0,5.36670583117217,0.17,0.0,False,0.003822755717428658,0.3315410466628328,0.19113923426525672,0.07577747210701764,7.577747210701764e-06,7.577747210701764e-06,0.06631021918472961,0.0,0.6200847196140655,-2.739973546863207,-2.6389560617064065,0.6200847196140655
199.0,0.0,0.0,0.27099355236940265,2.626445405878552,5.379410233216918,54.198710473880524,1.0,0.0,5.423201133192102,0.02,0.0,False,0.0037779206391087023,0.27099355236940265,0.18889746336181443,0.07577747210701764,7.577747210701764e-06,7.577747210701764e-06,0.05420035327794019,0.0,-0.10130436358721129,-2.752964827338366,-2.7967557273135504,0.10130436358721129
200.0,0.0,0.0,0.28532854776292316,3.171315168037159,5.505123179469371,57.06570955258463,1.0,0.0,5.437787969191566,0.19,0.0,False,0.003825182844749909,0.28532854776292316,0.19126059155092714,0.07577747210701764,7.577747210701764e-06,7.577747210701764e-06,0.057067439257562864,0.0,0.5448697621586072,-2.333808011432212,-2.266472801154407,0.5448697621586072
201.0,0.0,0.0,0.23253358915067396,2.7230043165064517,5.4529277213482255,46.50671783013479,1.0,0.0,5.479838990888128,-0.1,0.0,False,0.003906819382097584,0.23253358915067396,0.19534244934936293,0.07577747210701764,7.577747210701764e-06,7.577747210701764e-06,0.046508127484058005,0.0,-0.4483108515307075,-2.7299234048417738,-2.7568346743816763,0.4483108515307075
202.0,0.0,0.0,0.2791344188808315,2.2379264237631666,5.357354658660538,55.826883776166305,1.0,0.0,5.496739163581725,-0.12,0.0,False,0.0039309898379392095,0.2791344188808315,0.19655098129932447,0.07577747210701764,7.577747210701764e-06,7.577747210701764e-06,0.05582857593139479,0.0,-0.48507789274328506,-3.119428234897371,-3.2588127398185582,0.48507789274328506
203.0,0.0,0.0,0.3290268909776859,1.422445723180244,5.542155808628109,65.80537819553717,1.0,0.0,5.514454265817968,-0.1,0.0,False,0.004216572892406141,0.3290268909776858,0.2108302422264809,0.07577747210701764,7.577747210701764e-06,7.577747210701764e-06,0.06580737280650673,0.0,-0.8154807005829225,-4.119710085447864,-4.092008542637724,0.8154807005829225
204.0,0.0,0.0,0.412313981730073,1.5106436428573617,5.630896932795691,82.4627963460146,1.0,0.0,5.528319997670289,0.12,0.0,False,0.004055909542719753,0.41231398173007305,0.2027970138688487,0.07577747210701764,7.577747210701764e-06,7.577747210701764e-06,0.08246529585597387,0.0,0.08819791967711765,-4.120253289938329,-4.017676354812927,0.08819791967711765
205.0,0.0,0.0,0.40437711818314237,1.7933286500299377,5.537681727510862,80.87542363662847,1.0,0.0,5.54574176103722,0.03,0.0,False,0.004009826494699594,0.4043771181831424,0.20049284400755651,0.07577747210701764,7.577747210701764e-06,7.577747210701764e-06,0.08087787503211585,0.0,0.28268500717257594,-3.7443530774809246,-3.7524131110072827,0.28268500717257594
206.0,0.0,0.0,0.3763624383972845,1.6887687184409428,5.557902537638743,75.2724876794569,1.0,0.0,5.5545680380677505,0.04,0.0,False,0.0040163439521289455,0.3763624383972845,0.2008187193484063,0.07577747210701764,7.577747210701764e-06,7.577747210701764e-06,0.07527476924570192,0.0,-0.1045599315889949,-3.8691338191978,-3.8657993196268077,0.1045599315889949
207.0,0.0,0.0,0.38633044396258925,1.1575805979536322,5.213492073638626,77.26608879251785,1.0,0.0,5.557095632973668,0.05,0.0,False,0.004290030701966792,0.38633044396258925,0.21450316053674887,0.07577747210701764,7.577747210701764e-06,7.577747210701764e-06,0.07726843078632606,0.0,-0.5311881204873106,-4.055911475684994,-4.399515035020036,0.5311881204873106
208.0,0.0,0.0,0.43783968256714745,0.649009334838444,5.156553674420996,87.56793651342949,1.0,0.0,5.552219533789039,0.17,0.0,False,0.004281721614773775,0.43783968256714745,0.21408770302888996,0.07577747210701764,7.577747210701764e-06,7.577747210701764e-06,0.08757059076406282,0.0,-0.5085712631151882,-4.507544339582552,-4.903210198950594,0.5085712631151882
209.0,0.0,0.0,0.48836870865820553,0.8172656789095827,5.2631054508385935,97.6737417316411,1.0,0.0,5.536143315546768,0.02,0.0,False,0.004212322537800318,0.4883687086582054,0.21061772288578406,0.07577747210701764,7.577747210701764e-06,7.577747210701764e-06,0.09767670229690245,0.0,0.16825634407113865,-4.445839771929011,-4.718877636637186,0.16825634407113865
210.0,0.0,0.0,0.46851379731542087,0.8775083074869285,5.215887803862833,93.70275946308418,1.0,0.0,5.5328814581514845,0.15,0.0,False,0.0041400338728746515,0.46851379731542087,0.2070032622502392,0.07577747210701764,7.577747210701764e-06,7.577747210701764e-06,0.09370559966485838,0.0,0.06024262857734586,-4.338379496375904,-4.6553731506645555,0.06024262857734586
211.0,0.0,0.0,0.45891716134323884,0.8996833273009492,5.055790629431012,91.78343226864777,1.0,0.0,5.502581166019826,0.34,0.0,False,0.004328686927821079,0.45891716134323884,0.21643598647581852,0.07577747210701764,7.577747210701764e-06,7.577747210701764e-06,0.09178621429415765,0.0,0.022175019814020702,-4.156107302130063,-4.602897838718876,0.022175019814020702
212.0,0.0,0.0,0.4519685671567925,1.1018973314430718,5.036334672689998,90.3937134313585,1.0,0.0,5.466853798831278,0.34,0.0,False,0.00416236155040351,0.4519685671567925,0.20811965458635695,0.07577747210701764,7.577747210701764e-06,7.577747210701764e-06,0.09039645333343542,0.0,0.20221400414212254,-3.9344373412469262,-4.364956467388206,0.20221400414212254
213.0,0.0,0.0,0.43116831923216703,1.0910835626867814,5.21635065578106,86.2336638464334,1.0,0.0,5.419540244046325,0.01,0.0,False,0.004114642021887263,0.43116831923216703,0.20573366008021832,0.07577747210701764,7.577747210701764e-06,7.577747210701764e-06,0.08623627765424928,0.0,-0.010813768756290365,-4.125267093094278,-4.328456681359544,0.010813768756290365
214.0,0.0,0.0,0.43146185386093683,0.7675129353476604,5.242074455247119,86.29237077218737,1.0,0.0,5.413743887991157,0.07,0.0,False,0.0037569024581388093,0.43146185386093694,0.1878465463497966,0.07577747210701764,7.577747210701764e-06,7.577747210701764e-06,0.08629498635945472,0.0,-0.323570627339121,-4.474561519899458,-4.646230952643497,0.323570627339121
215.0,0.0,0.0,0.4616774019903254,0.9739580527002331,5.238641222972046,92.33548039806509,1.0,0.0,5.405865576739126,0.1,0.0,False,0.003885398958435061,0.46167740199032553,0.19427142005030906,0.07577747210701764,7.577747210701764e-06,7.577747210701764e-06,0.09233827915657286,0.0,0.20644511735257265,-4.264683170271812,-4.431907524038893,0.20644511735257265
216.0,0.0,0.0,0.441620474944953,0.967321544717741,5.3679689254602465,88.3240949889906,1.0,0.0,5.384461878983169,0.05,0.0,False,0.003941477803088515,0.441620474944953,0.19707538353054707,0.07577747210701764,7.577747210701764e-06,7.577747210701764e-06,0.08832677215936136,0.0,-0.006636507982492046,-4.400647380742505,-4.417140334265428,0.006636507982492046
217.0,0.0,0.0,0.4448771031764857,0.5875992289545173,5.41208048046473,88.97542063529714,1.0,0.0,5.3903301265658685,0.0,0.0,False,0.003979333372643094,0.44487710317648577,0.198968176351273,0.07577747210701764,7.577747210701764e-06,7.577747210701764e-06,0.0889781175478427,0.0,-0.3797223157632237,-4.824481251510212,-4.802730897611351,0.3797223157632237
218.0,0.0,0.0,0.4854207929826362,0.05324397700070971,5.465709189844525,97.08415859652723,1.0,0.0,5.416261134793979,0.08,0.0,False,0.003855776732873846,0.4854207929826362,0.19279029754876142,0.07577747210701764,7.577747210701764e-06,7.577747210701764e-06,0.09708710129107619,0.0,-0.5343552519538076,-5.4124652128438155,-5.363017157793269,0.5343552519538076
219.0,0.0,0.0,0.5406607916115341,-0.842403405525752,5.58185377791901,108.13215832230682,1.0,0.0,5.441991078583876,0.06,0.0,False,0.0038350310156841545,0.5406607916115341,0.1917530038289868,0.07577747210701764,7.577747210701764e-06,7.577747210701764e-06,0.1081354358901146,0.0,-0.8956473825264617,-6.4242571834447615,-6.284394484109628,0.8956473825264617
220.0,0.0,0.0,0.6311268226602553,-0.6290973619725964,5.480763343111705,126.22536453205106,1.0,0.0,5.460056742656324,-0.09,0.0,False,0.004130022266384207,0.6311268226602553,0.2065026781324458,0.07577747210701764,7.577747210701764e-06,7.577747210701764e-06,0.1262291905186746,0.0,0.21330604355315563,-6.1098607050843015,-6.08915410462892,0.21330604355315563
221.0,0.0,0.0,0.6113084839167359,-0.7072830302007105,5.388837392637235,122.26169678334718,1.0,0.0,5.469103947052796,-0.05,0.0,False,0.004024459081815075,0.611308483916736,0.2012244789074329,0.07577747210701764,7.577747210701764e-06,7.577747210701764e-06,0.1222654026281922,0.0,-0.07818566822811412,-6.096120422837946,-6.1763869772535065,0.07818566822811412
222.0,0.0,0.0,0.6218564774227374,-0.6657581872355952,5.398925674670726,124.37129548454747,1.0,0.0,5.484219094252699,-0.01,0.0,False,0.0038705940358708182,0.6218564774227374,0.19353116831269881,0.07577747210701764,7.577747210701764e-06,7.577747210701764e-06,0.12437506527293067,0.0,0.04152484296511527,-6.064683861906321,-6.149977281488295,0.04152484296511527
223.0,0.0,0.0,0.6138434864651858,-0.7463864952970962,5.128377737799777,122.76869729303716,1.0,0.0,5.511517357586021,0.26,0.0,False,0.003886841472827704,0.6138434864651857,0.19434354631649162,0.07577747210701764,7.577747210701764e-06,7.577747210701764e-06,0.12277241850545254,0.0,-0.08062830806150101,-5.874764233096873,-6.257903852883117,0.08062830806150101
224.0,0.0,0.0,0.6214161896521528,0.3744011170083137,5.071437835181646,124.28323793043056,1.0,0.0,5.472909254954626,0.04,0.0,False,0.0037461276149603983,0.6214161896521528,0.18730780010842418,0.07577747210701764,7.577747210701764e-06,7.577747210701764e-06,0.12428700504972243,0.0,1.12078761230541,-4.697036718173332,-5.098508137946312,1.12078761230541
225.0,0.0,0.0,0.5064377358308626,0.020941131617845832,5.1343826913339345,101.28754716617252,1.0,0.0,5.468010847964317,0.2,0.0,False,0.0035880602057890526,0.5064377358308626,0.1794043697601134,0.07577747210701764,7.577747210701764e-06,7.577747210701764e-06,0.10129061726862004,0.0,-0.35345998539046786,-5.1134415597160885,-5.447069716346471,0.35345998539046786
226.0,0.0,0.0,0.5394567327975979,-0.09331819608022088,5.221734983727689,107.89134655951958,1.0,0.0,5.43897035817394,0.1,0.0,False,0.003787226098152293,0.5394567327975979,0.18936273983971474,0.07577747210701764,7.577747210701764e-06,7.577747210701764e-06,0.10789461682814001,0.0,-0.11425932769806671,-5.31505317980791,-5.53228855425416,0.11425932769806671
227.0,0.0,0.0,0.5511151900566815,0.40925788227622883,5.349745903551912,110.2230380113363,1.0,0.0,5.415712852931432,0.1,0.0,False,0.0037059376623519457,0.5511151900566815,0.18529828725053665,0.07577747210701764,7.577747210701764e-06,7.577747210701764e-06,0.11022637895529475,0.0,0.5025760783564497,-4.940488021275683,-5.006454970655203,0.5025760783564497
228.0,0.0,0.0,0.5000286931983771,0.35055545136815053,5.248240763380966,100.00573863967541,1.0,0.0,5.4180425150663,0.0,0.0,False,0.0040920319723669225,0.5000286931983771,0.20460314903753937,0.07577747210701764,7.577747210701764e-06,7.577747210701764e-06,0.10000876988953339,0.0,-0.05870243090807831,-4.897685312012815,-5.067487063698149,0.05870243090807831
229.0,0.0,0.0,0.5066332551620131,0.16666871056882193,5.214500200945541,101.32665103240261,1.0,0.0,5.409734268811752,-0.1,0.0,False,0.004009277338460618,0.5066332551620131,0.20046538598753916,0.07577747210701764,7.577747210701764e-06,7.577747210701764e-06,0.101329722320118,0.0,-0.1838867407993286,-5.047831490376719,-5.24306555824293,0.1838867407993286
230.0,0.0,0.0,0.5253080468496293,0.8196173764232693,5.217722869757641,105.06160936992586,1.0,0.0,5.417079959925084,-0.1,0.0,False,0.004238886529815306,0.5253080468496293,0.21194593255129401,0.07577747210701764,7.577747210701764e-06,7.577747210701764e-06,0.10506479386706385,0.0,0.6529486658544473,-4.398105493334372,-4.597462583501814,0.6529486658544473
231.0,0.0,0.0,0.4599795143761208,0.40473902014329666,5.12844352343079,91.99590287522416,1.0,0.0,5.4199482116444475,0.05,0.0,False,0.004196410279944127,0.4599795143761208,0.20982210396402118,0.07577747210701764,7.577747210701764e-06,7.577747210701764e-06,0.09199869134087942,0.0,-0.4148783562799726,-4.723704503287493,-5.0152091915011505,0.4148783562799726
232.0,0.0,0.0,0.5047294370866791,0.6073401220757326,5.343271889938873,100.94588741733581,1.0,0.0,5.419586800608576,-0.23,0.0,False,0.0042323199622214275,0.5047294370866791,0.2116176016836107,0.07577747210701764,7.577747210701764e-06,7.577747210701764e-06,0.10094894716381697,0.0,0.20260110193243597,-4.735931767863141,-4.812246678532843,0.20260110193243597
233.0,0.0,0.0,0.4824586348125426,0.04619957615717962,5.0223394092541405,96.49172696250852,1.0,0.0,5.452224626614285,0.15,0.0,False,0.004046882763294754,0.4824586348125426,0.20234567147746635,0.07577747210701764,7.577747210701764e-06,7.577747210701764e-06,0.09649465170000489,0.0,-0.561140545918553,-4.976139833096961,-5.406025050457106,0.561140545918553
234.0,0.0,0.0,0.5359318371249268,0.28550616995491546,4.963850753893924,107.18636742498535,1.0,0.0,5.4321092676798655,0.25,0.0,False,0.003842316219835353,0.5359318371249269,0.19211726679681845,0.07577747210701764,7.577747210701764e-06,7.577747210701764e-06,0.10718961632515303,0.0,0.23930659379773583,-4.678344583939008,-5.14660309772495,0.23930659379773583
235.0,0.0,0.0,0.5077470191809341,0.42721282633871227,5.051737087033446,101.54940383618683,1.0,0.0,5.4057210052056375,0.28,0.0,False,0.003805863126213142,0.5077470191809341,0.19029459830409146,0.07577747210701764,7.577747210701764e-06,7.577747210701764e-06,0.1015524818757088,0.0,0.14170665638379681,-4.624524260694734,-4.978508178866925,0.14170665638379681
236.0,0.0,0.0,0.4908317170013766,-0.4412953129514765,4.966315745664168,98.16634340027532,1.0,0.0,5.363168740692169,0.19,0.0,False,0.00390880296430974,0.4908317170013766,0.19544162921152503,0.07577747210701764,7.577747210701764e-06,7.577747210701764e-06,0.0981693188966672,0.0,-0.8685081392901888,-5.407611058615644,-5.804464053643645,0.8685081392901888
237.0,0.0,0.0,0.5768787312402585,-0.3019659058834911,5.058997713412277,115.3757462480517,1.0,0.0,5.335715966286195,-0.01,0.0,False,0.004286391652739685,0.5768787312402585,0.21432120669660384,0.07577747210701764,7.577747210701764e-06,7.577747210701764e-06,0.1153792433745085,0.0,0.1393294070679854,-5.360963619295768,-5.6376818721696855,0.1393294070679854
238.0,0.0,0.0,0.5611844022901882,-0.5048704998273601,5.098991296642228,112.23688045803763,1.0,0.0,5.327710571510931,0.11,0.0,False,0.004315798517751105,0.5611844022901882,0.21579156108906442,0.07577747210701764,7.577747210701764e-06,7.577747210701764e-06,0.11224028244308946,0.0,-0.202904593943869,-5.603861796469588,-5.832581071338291,0.202904593943869
239.0,0.0,0.0,0.5809566949237359,-0.22963873931396592,5.213008822356225,116.19133898474718,1.0,0.0,5.310090742695342,0.1,0.0,False,0.004151548999205689,0.5809566949237359,0.20757902292972683,0.07577747210701764,7.577747210701764e-06,7.577747210701764e-06,0.116194860832439,0.0,0.27523176051339415,-5.442647561670191,-5.539729482009308,0.27523176051339415
240.0,0.0,0.0,0.5552984329231886,0.1839657169564549,5.256440687762064,111.05968658463772,1.0,0.0,5.3049165665587195,0.02,0.0,False,0.003972913032824237,0.5552984329231886,0.1986471569277444,0.07577747210701764,7.577747210701764e-06,7.577747210701764e-06,0.11106305288804956,0.0,0.4136044562704208,-5.072474970805609,-5.120950849602265,0.4136044562704208
241.0,0.0,0.0,0.51368475316306,0.6580125843900602,5.162363786594422,102.73695063261198,1.0,0.0,5.323555985475473,0.03,0.0,False,0.003997860454136342,0.51368475316306,0.19989453744561242,0.07577747210701764,7.577747210701764e-06,7.577747210701764e-06,0.10274006466757887,0.0,0.47404686743360525,-4.5043512022043615,-4.665543401085412,0.47404686743360525
242.0,0.0,0.0,0.4680222924405164,1.313745097397538,5.280594391412335,93.60445848810328,1.0,0.0,5.321007877247322,-0.11,0.0,False,0.004126541102540329,0.4680222924405163,0.20632861862128285,0.07577747210701764,7.577747210701764e-06,7.577747210701764e-06,0.0936072957103003,0.0,0.6557325130074778,-3.9668492940147972,-4.007262779849784,0.6557325130074778
243.0,0.0,0.0,0.40288713425306966,1.255174816431928,5.337899082563281,80.57742685061393,1.0,0.0,5.338412836526273,-0.16,0.0,False,0.004443710728203428,0.40288713425306966,0.22218722007600025,0.07577747210701764,7.577747210701764e-06,7.577747210701764e-06,0.0805798692135925,0.0,-0.0585702809656099,-4.082724266131352,-4.083238020094345,0.0585702809656099
244.0,0.0,0.0,0.4081244867715248,2.3646765445414957,5.222090050229151,81.62489735430496,1.0,0.0,5.342769088771122,0.03,0.0,False,0.004426710106446113,0.40812448677152474,0.22133718254681375,0.07577747210701764,7.577747210701764e-06,7.577747210701764e-06,0.08162737146690968,0.0,1.1095017281095676,-2.8574135056876555,-2.978092544229626,1.1095017281095676
245.0,0.0,0.0,0.2981241915445193,2.257893855793239,5.173323765922619,59.62483830890386,1.0,0.0,5.336574317356734,0.07,0.0,False,0.004247043843074216,0.2981241915445193,0.21235380130494258,0.07577747210701764,7.577747210701764e-06,7.577747210701764e-06,0.059626645583017474,0.0,-0.10678268874825658,-2.9154299101293804,-3.0786804615634953,0.10678268874825658
246.0,0.0,0.0,0.30930030195157543,2.830149708774969,5.194490347243446,61.860060390315084,1.0,0.0,5.346031415474731,0.04,0.0,False,0.004202412508305227,0.30930030195157543,0.21012221765624445,0.07577747210701764,7.577747210701764e-06,7.577747210701764e-06,0.061861935415706865,0.0,0.5722558529817299,-2.3643406384684766,-2.515881706699762,0.5722558529817299
247.0,0.0,0.0,0.2523325163710823,2.6013368024239845,5.075412579076373,50.46650327421646,1.0,0.0,5.3510140652840095,-0.08,0.0,False,0.004032865218858972,0.2523325163710823,0.20164478894460677,0.07577747210701764,7.577747210701764e-06,7.577747210701764e-06,0.05046803295224258,0.0,-0.2288129063509845,-2.474075776652388,-2.749677262860025,0.2288129063509845
248.0,0.0,0.0,0.273924571349372,2.9287409975453618,5.279153373999159,54.7849142698744,1.0,0.0,5.353570478086895,0.05,0.0,False,0.00402004600390019,0.273924571349372,0.20100382333962907,0.07577747210701764,7.577747210701764e-06,7.577747210701764e-06,0.054786574842216135,0.0,0.3274041951213773,-2.350412376453797,-2.424829480541533,0.3274041951213773
249.0,0.0,0.0,0.24052617286474218,3.393753649381457,5.268684589092763,48.10523457294843,1.0,0.0,5.340686302475526,0.17,0.0,False,0.0038603514105541733,0.24052617286474218,0.1930190331660653,0.07577747210701764,7.577747210701764e-06,7.577747210701764e-06,0.04810669267912765,0.0,0.4650126518360951,-1.8749309397113065,-1.9469326530940694,0.4650126518360951
250.0,0.0,0.0,0.19602336456096187,3.120362416182526,5.257544083661122,39.20467291219237,1.0,0.0,5.334093858519557,0.03,0.0,False,0.0038176035644379588,0.1960233645609619,0.19088162466363606,0.07577747210701764,7.577747210701764e-06,7.577747210701764e-06,0.03920586123559075,0.0,-0.273391233198931,-2.137181667478596,-2.213731442337031,0.273391233198931
251.0,0.0,0.0,0.22746672061811274,2.856655526292652,5.3681520175260875,45.49334412362255,1.0,0.0,5.354061565766275,-0.12,0.0,False,0.004084625720648134,0.22746672061811274,0.20423283364546468,0.07577747210701764,7.577747210701764e-06,7.577747210701764e-06,0.04549472306141942,0.0,-0.2637068898898738,-2.5114964912334354,-2.4974060394736233,0.2637068898898738
252.0,0.0,0.0,0.2560007118550049,3.1392531407929702,5.531662515474391,51.20014237100098,1.0,0.0,5.395115806629036,0.01,0.0,False,0.00420208000459932,0.2560007118550049,0.21010559234496756,0.07577747210701764,7.577747210701764e-06,7.577747210701764e-06,0.05120169428618507,0.0,0.2825976145003182,-2.392409374681421,-2.255862665836066,0.2825976145003182
253.0,0.0,0.0,0.23402595488016342,3.315296942003735,5.671845499015042,46.805190976032684,1.0,0.0,5.416759640276708,0.38,0.0,False,0.00394646266176396,0.23402595488016342,0.19732462835301937,0.07577747210701764,7.577747210701764e-06,7.577747210701764e-06,0.04680660967690354,0.0,0.1760438012107648,-2.356548557011307,-2.101462698272973,0.1760438012107648
254.0,0.0,0.0,0.21834156872672816,3.521771933145246,5.566560423743924,43.668313745345635,1.0,0.0,5.479601359070943,-0.06,0.0,False,0.004347982694936272,0.21834156872672822,0.21740078214250053,0.07577747210701764,7.577747210701764e-06,7.577747210701764e-06,0.04366963736508626,0.0,0.20647499114151113,-2.044788490598678,-1.9578294259256972,0.20647499114151113
255.0,0.0,0.0,0.2021869923297535,2.7160043155411615,5.6491823288493075,40.4373984659507,1.0,0.0,5.498795356131685,0.24,0.0,False,0.004325836848941784,0.20218699232975346,0.21629348145199498,0.07577747210701764,7.577747210701764e-06,7.577747210701764e-06,0.04043862415419644,0.0,-0.8057676176040847,-2.933178013308146,-2.782791040590524,0.8057676176040847
256.0,0.0,0.0,0.284365280345248,2.956261987373753,5.602883711454993,56.873056069049596,1.0,0.0,5.543718462538638,-0.06,0.0,False,0.004401056338808975,0.28436528034524794,0.22005448444506853,0.07577747210701764,7.577747210701764e-06,7.577747210701764e-06,0.05687477993455449,0.0,0.2402576718325915,-2.64662172408124,-2.5874564751648848,0.2402576718325915
257.0,0.0,0.0,0.2633187080071556,2.5355324567711723,5.662308535454433,52.66374160143113,1.0,0.0,5.559764861404136,0.21,0.0,False,0.004028102068797622,0.2633187080071556,0.20140662963684178,0.07577747210701764,7.577747210701764e-06,7.577747210701764e-06,0.05266533787941898,0.0,-0.42072953060258067,-3.126776078683261,-3.0242324046329636,0.42072953060258067
258.0,0.0,0.0,0.3083827745807236,3.189441314065304,5.601110494982064,61.676554916144724,1.0,0.0,5.589548835575563,-0.07,0.0,False,0.004052039273427511,0.3083827745807236,0.20260349893784058,0.07577747210701764,7.577747210701764e-06,7.577747210701764e-06,0.061678424379346265,0.0,0.6539088572941316,-2.4116691809167596,-2.400107521510259,0.6539088572941316
259.0,0.0,0.0,0.24588800634259886,3.254961103384355,5.626213299722894,49.17760126851977,1.0,0.0,5.6194770449139,0.0,0.0,False,0.004291485315568777,0.24588800634259889,0.2145758917679828,0.07577747210701764,7.577747210701764e-06,7.577747210701764e-06,0.049179091878947624,0.0,0.06551978931905111,-2.3712521963385393,-2.364515941529545,0.06551978931905111
260.0,0.0,0.0,0.2368847178657756,3.1883259582088286,5.477877452604778,47.376943573155124,1.0,0.0,5.648414541349,0.11,0.0,False,0.004235519364998529,0.23688471786577567,0.21177757303467915,0.07577747210701764,7.577747210701764e-06,7.577747210701764e-06,0.047378379604281255,0.0,-0.06663514517552649,-2.2895514943959494,-2.4600885831401715,0.06663514517552649
261.0,0.0,0.0,0.24269103842857603,3.242715076682519,5.36399712272045,48.53820768571521,1.0,0.0,5.623898034667612,0.12,0.0,False,0.004202698821428587,0.24269103842857606,0.21013653342089295,0.07577747210701764,7.577747210701764e-06,7.577747210701764e-06,0.048539678915638165,0.0,0.054389118473690434,-2.121282046037931,-2.3811829579850934,0.054389118473690434
262.0,0.0,0.0,0.2342684916392929,3.4474577694687705,5.350079879106674,46.85369832785858,1.0,0.0,5.615328295061562,0.17,0.0,False,0.004285262869689685,0.2342684916392929,0.21426476711642212,0.07577747210701764,7.577747210701764e-06,7.577747210701764e-06,0.0468551184990241,0.0,0.20474269278625146,-1.9026221096379032,-2.1678705255927913,0.20474269278625146
263.0,0.0,0.0,0.21322972575221222,4.643784991704694,5.289848006485286,42.645945150442444,1.0,0.0,5.585488754445899,0.0,0.0,False,0.004273068543540274,0.21322972575221222,0.2136550461886756,0.07577747210701764,7.577747210701764e-06,7.577747210701764e-06,0.04264723778141482,0.0,1.1963272222359231,-0.6460630147805926,-0.9417037627412057,1.1963272222359231
264.0,0.0,0.0,0.08866959083242042,4.544860327028894,5.1174556869813355,17.733918166484084,1.0,0.0,5.579835817038869,0.36,0.0,False,0.004385781499637794,0.08866959083242042,0.219290736699066,0.07577747210701764,7.577747210701764e-06,7.577747210701764e-06,0.017734455695006496,0.0,-0.09892466467579997,-0.5725953599524418,-1.034975490009975,0.09892466467579997
265.0,0.0,0.0,0.0945314431382707,4.720257007352568,5.17701199607032,18.90628862765414,1.0,0.0,5.530514495816127,0.35,0.0,False,0.004300355984024288,0.09453144313827071,0.2150194285517425,0.07577747210701764,7.577747210701764e-06,7.577747210701764e-06,0.01890686169161524,0.0,0.17539668032367395,-0.4567549887177522,-0.8102574884635594,0.17539668032367395
266.0,0.0,0.0,0.07515249201270377,5.181544931877676,5.11396580794618,15.030498402540754,1.0,0.0,5.490210575180578,0.01,0.0,False,0.004317696878096437,0.07515249201270377,0.21588647982559556,0.07577747210701764,7.577747210701764e-06,7.577747210701764e-06,0.015030953988357808,0.0,0.4612879245251085,0.06757912393149645,-0.308665643302902,0.4612879245251085
267.0,0.0,0.0,0.026728669658034488,5.951560611133133,5.262004000982907,5.3457339316068975,1.0,0.0,5.471810401808941,0.14,0.0,False,0.0040798545034775495,0.026728669658034488,0.20399427097918166,0.07577747210701764,7.577747210701764e-06,7.577747210701764e-06,0.005345895964860603,0.0,0.7700156792554571,0.689556610150226,0.4797502093241919,0.7700156792554571
268.0,0.0,0.0,-0.04895666175833451,5.42695113451215,5.397404672278078,-9.791332351666902,1.0,0.0,5.448841755613119,-0.08,0.0,False,0.0041643628319943645,0.04895666175833451,0.20821971942415995,0.07577747210701764,7.577747210701764e-06,7.577747210701764e-06,-0.009791629134383617,0.0,-0.5246094766209835,0.029546462234071313,-0.021890621100968843,0.5246094766209835
269.0,0.0,0.0,0.004646464722971832,3.9344167193506294,5.4630783677517805,0.9292929445943664,1.0,0.0,5.461975444489434,-0.04,0.0,False,0.00416765820671971,0.005135154238471629,0.20838448940900306,0.07577747210701764,7.577747210701764e-06,7.577747210701764e-06,0.000929321112168994,0.0,-1.4925344151615203,-1.528661648401151,-1.527558725138805,1.4925344151615203
270.0,0.0,0.0,0.15615236263574736,3.4092931117914174,5.586279666513047,31.230472527149473,1.0,0.0,5.473417542228622,0.14,0.0,False,0.003895058215552157,0.15615236263574736,0.19475438656593425,0.07577747210701764,7.577747210701764e-06,7.577747210701764e-06,0.03123141914648053,0.0,-0.5251236075592121,-2.1769865547216294,-2.064124430437205,0.5251236075592121
271.0,0.0,0.0,0.21388848765209534,3.31290239433237,5.837312438055725,42.77769753041907,1.0,0.0,5.495999509864622,0.39,0.0,False,0.003981262908397118,0.2138884876520953,0.19906465387005087,0.07577747210701764,7.577747210701764e-06,7.577747210701764e-06,0.0427789941549061,0.0,-0.09639071745904726,-2.5244100437233548,-2.183097115532252,0.09639071745904726
272.0,0.0,0.0,0.2270857892045446,3.1761053708001508,5.757019336943976,45.41715784090892,1.0,0.0,5.548259027956905,0.09,0.0,False,0.0041459025391259365,0.22708578920454456,0.20729669778636692,0.07577747210701764,7.577747210701764e-06,7.577747210701764e-06,0.04541853446944172,0.0,-0.13679702353221934,-2.5809139661438256,-2.3721536571567543,0.13679702353221934
273.0,0.0,0.0,0.24547992881874728,2.2804787702401517,5.737711514086728,49.095985763749454,1.0,0.0,5.5838463263131,0.23,0.0,False,0.004186764207372258,0.24547992881874728,0.2093397966806526,0.07577747210701764,7.577747210701764e-06,7.577747210701764e-06,0.049097473900349395,0.0,-0.8956266005599991,-3.457232743846576,-3.3033675560729487,0.8956266005599991
274.0,0.0,0.0,0.3385349511577301,2.283619577582397,5.793251398292086,67.70699023154602,1.0,0.0,5.630997668229916,0.18,0.0,False,0.004154260946883501,0.33853495115773,0.2077146213411403,0.07577747210701764,7.577747210701764e-06,7.577747210701764e-06,0.06770904248182,0.0,0.0031408073422452,-3.5096318207096893,-3.347378090647519,0.0031408073422452
275.0,0.0,0.0,0.34079965005073093,1.8032878185104737,5.723137332230549,68.15993001014618,1.0,0.0,5.6659565484315415,0.03,0.0,False,0.004157439769879292,0.34079965005073093,0.20787356369534557,0.07577747210701764,7.577747210701764e-06,7.577747210701764e-06,0.06816199598936871,0.0,-0.48033175907192316,-3.9198495137200755,-3.862668729921068,0.48033175907192316
276.0,0.0,0.0,0.3919115580521088,1.5326496302916297,5.823853512243724,78.38231161042177,1.0,0.0,5.691745202769581,0.1,0.0,False,0.004191247459959664,0.3919115580521088,0.20956396100867059,0.07577747210701764,7.577747210701764e-06,7.577747210701764e-06,0.07838468743779098,0.0,-0.270638188218844,-4.291203881952094,-4.159095572477951,0.270638188218844
277.0,0.0,0.0,0.4203933057094411,0.8412523535798809,5.806671646280897,84.07866114188822,1.0,0.0,5.7225518893673515,0.17,0.0,False,0.0038814916430231815,0.420393305709441,0.1940760527992826,0.07577747210701764,7.577747210701764e-06,7.577747210701764e-06,0.08408120962993614,0.0,-0.6913972767117488,-4.965419292701016,-4.881299535787471,0.6913972767117488
278.0,0.0,0.0,0.4895980878122954,0.31503554021177627,5.695371601917442,97.91961756245908,1.0,0.0,5.736741969096023,0.07,0.0,False,0.0038549687002352234,0.4895980878122954,0.192749895610677,0.07577747210701764,7.577747210701764e-06,7.577747210701764e-06,0.09792258558040354,0.0,-0.5262168133681047,-5.380336061705665,-5.421706428884247,0.5262168133681047
279.0,0.0,0.0,0.5415099655642449,0.3385941125292222,5.556234180880887,108.30199311284898,1.0,0.0,5.737418734230045,0.0,0.0,False,0.003963378476888749,0.5415099655642449,0.1981704255184473,0.07577747210701764,7.577747210701764e-06,7.577747210701764e-06,0.1083052758284782,0.0,0.023558572317445958,-5.217640068351665,-5.398824621700823,0.023558572317445958
280.0,0.0,0.0,0.5361052849683041,1.3198391688257367,5.492940595884662,107.22105699366082,1.0,0.0,5.730340367135778,0.27,0.0,False,0.004005767278976923,0.5361052849683041,0.20028988168343734,0.07577747210701764,7.577747210701764e-06,7.577747210701764e-06,0.10722430694529565,0.0,0.9812450562965145,-4.173101427058926,-4.410501198310041,0.9812450562965145
281.0,0.0,0.0,0.43634198686128434,1.7900498417163915,5.494766000010872,87.26839737225687,1.0,0.0,5.699850085728648,0.13,0.0,False,0.0040703729033876685,0.4363419868612843,0.2035201873822293,0.07577747210701764,7.577747210701764e-06,7.577747210701764e-06,0.08727104254363142,0.0,0.47021067289065477,-3.70471615829448,-3.9098002440122563,0.47021067289065477
282.0,0.0,0.0,0.38757555203214095,2.735846717735749,5.457420763122338,77.51511040642819,1.0,0.0,5.683424361902269,0.04,0.0,False,0.004252579034448954,0.38757555203214095,0.21263056297089342,0.07577747210701764,7.577747210701764e-06,7.577747210701764e-06,0.07751745994827057,0.0,0.9457968760193576,-2.7215740453865886,-2.9475776441665196,0.9457968760193576
283.0,0.0,0.0,0.2893100734343224,2.154302227143948,5.375760939291565,57.862014686864484,1.0,0.0,5.665952209515715,0.23,0.0,False,0.004375282508545541,0.2893100734343224,0.21876578316651837,0.07577747210701764,7.577747210701764e-06,7.577747210701764e-06,0.05786376852845585,0.0,-0.581544490591801,-3.221458712147617,-3.511649982371767,0.581544490591801
284.0,0.0,0.0,0.3440841069236473,2.1423758566311935,5.338682191319556,68.81682138472947,1.0,0.0,5.62905706800907,0.17,0.0,False,0.004498712897482608,0.3440841069236473,0.22493734937958604,0.07577747210701764,7.577747210701764e-06,7.577747210701764e-06,0.06881890727482824,0.0,-0.01192637051275458,-3.1963063346883627,-3.4866812113778765,0.01192637051275458
285.0,0.0,0.0,0.3423499040522981,2.2838490005543983,5.334450232771708,68.46998081045962,1.0,0.0,5.595273665499492,0.21,0.0,False,0.004324412651305516,0.3423499040522981,0.21622227103057098,0.07577747210701764,7.577747210701764e-06,7.577747210701764e-06,0.06847205618755728,0.0,0.14147314392320487,-3.0506012322173097,-3.3114246649450934,0.14147314392320487
286.0,0.0,0.0,0.3275226275071542,2.9250515906678505,5.377334467854639,65.50452550143085,1.0,0.0,5.566004609205696,0.07,0.0,False,0.004142260054447407,0.32752262750715433,0.20711457217234897,0.07577747210701764,7.577747210701764e-06,7.577747210701764e-06,0.06550651099332687,0.0,0.6412025901134522,-2.4522828771867884,-2.6409530185378456,0.6412025901134522
287.0,0.0,0.0,0.26528837223751944,3.2796554369249296,5.458695079105338,53.057674447503885,1.0,0.0,5.5591993698097895,-0.04,0.0,False,0.004065153750368807,0.26528837223751944,0.203259227753815,0.07577747210701764,7.577747210701764e-06,7.577747210701764e-06,0.053059282665895366,0.0,0.3546038462570791,-2.1790396421804084,-2.27954393288486,0.3546038462570791
288.0,0.0,0.0,0.23146403536449603,3.230061469331039,5.531150390455144,46.29280707289921,1.0,0.0,5.57803582745418,0.01,0.0,False,0.003963525994877527,0.23146403536449603,0.19817780147377898,0.07577747210701764,7.577747210701764e-06,7.577747210701764e-06,0.04629421024302499,0.0,-0.049593967593890564,-2.301088921124105,-2.3479743581231407,0.049593967593890564
289.0,0.0,0.0,0.2368395189781805,3.4093164648861545,5.526956149087969,47.3679037956361,1.0,0.0,5.5943834893673055,-0.02,0.0,False,0.00400668075247769,0.23683951897818048,0.2003355557045793,0.07577747210701764,7.577747210701764e-06,7.577747210701764e-06,0.04736933955275971,0.0,0.17925499555511548,-2.1176396842018144,-2.185067024481151,0.17925499555511548
290.0,0.0,0.0,0.22019200047285825,2.673427266794345,5.695576189603813,44.03840009457165,1.0,0.0,5.598546394613058,0.06,0.0,False,0.0040844921485044755,0.22019200047285828,0.20422615498767305,0.07577747210701764,7.577747210701764e-06,7.577747210701764e-06,0.04403973493191047,0.0,-0.7358891980918094,-3.0221489228094676,-2.9251191278187125,0.7358891980918094
291.0,0.0,0.0,0.29294015200538576,4.208415530474846,5.6076444439559205,58.58803040107715,1.0,0.0,5.611319897580605,0.06,0.0,False,0.004155276574909354,0.29294015200538576,0.2077654031272415,0.07577747210701764,7.577747210701764e-06,7.577747210701764e-06,0.05858980624875598,0.0,1.5349882636805008,-1.3992289134810747,-1.4029043671057595,1.5349882636805008
292.0,0.0,0.0,0.13901270291794418,4.752487996995896,5.565210995102598,27.802540583588836,1.0,0.0,5.602939778169188,0.03,0.0,False,0.004062966574686543,0.13901270291794418,0.20314986814100855,0.07577747210701764,7.577747210701764e-06,7.577747210701764e-06,0.02780338329970035,0.0,0.5440724665210501,-0.8127229981067021,-0.8504517811732919,0.5440724665210501
293.0,0.0,0.0,0.08673497666608218,5.028593033853872,5.668831788560247,17.346995333216437,1.0,0.0,5.598595229810376,0.05,0.0,False,0.004058521820987678,0.08673497666608218,0.20292762877200426,0.07577747210701764,7.577747210701764e-06,7.577747210701764e-06,0.017347521133814037,0.0,0.2761050368579756,-0.6402387547063757,-0.570002195956504,0.2761050368579756
294.0,0.0,0.0,0.060911395259982716,4.781903463867598,5.6782176644170566,12.182279051996543,1.0,0.0,5.619870626443092,-0.03,0.0,False,0.004086366603364779,0.06091139525998272,0.20431987844089552,0.07577747210701764,7.577747210701764e-06,7.577747210701764e-06,0.012182648306122843,0.0,-0.24668956998627323,-0.8963142005494582,-0.8379671625754934,0.24668956998627323
295.0,0.0,0.0,0.08444268839622056,5.319320066399742,5.500027981260493,16.888537679244113,1.0,0.0,5.637730065011475,0.01,0.0,False,0.004097160609387364,0.08444268839622059,0.20485958283173714,0.07577747210701764,7.577747210701764e-06,7.577747210701764e-06,0.016889049583642183,0.0,0.5374166025321436,-0.18070791486075066,-0.3184099986117328,0.5374166025321436
296.0,0.0,0.0,0.02768377978063598,5.745389259793113,5.464282246940524,5.536755956127196,1.0,0.0,5.626362342097126,0.14,0.0,False,0.003992415374477508,0.02768377978063598,0.1996222813995988,0.07577747210701764,7.577747210701764e-06,7.577747210701764e-06,0.005536923779403481,0.0,0.4260691933933707,0.28110701285258877,0.11902691769598661,0.4260691933933707
297.0,0.0,0.0,-0.013162852837350978,5.310804731712353,5.580840396013619,-2.6325705674701956,1.0,0.0,5.596168353240353,-0.03,0.0,False,0.004002460443202255,0.013166743882055758,0.20012453864178567,0.07577747210701764,7.577747210701764e-06,7.577747210701764e-06,-0.002632650362682624,0.0,-0.43458452808075965,-0.2700356643012656,-0.285363621528,0.43458452808075965
298.0,0.0,0.0,0.03136021091476258,5.137411723630783,5.506001621174078,6.272042182952516,1.0,0.0,5.6137557441810335,0.07,0.0,False,0.004139497476740096,0.03136021091476258,0.2069764422402777,0.07577747210701764,7.577747210701764e-06,7.577747210701764e-06,0.0062722322933125305,0.0,-0.17339300808157,-0.36858989754329485,-0.4763440205502505,0.17339300808157
299.0,0.0,0.0,0.048054586650245985,5.2564869594883445,5.434117733936706,9.610917330049197,1.0,0.0,5.624418722847517,0.07,0.0,False,0.004060026333200338,0.04805458665024598,0.203002854952678,0.07577747210701764,7.577747210701764e-06,7.577747210701764e-06,0.009611208644249643,0.0,0.11907523585756152,-0.17763077444836117,-0.36793176335917277,0.11907523585756152
300.0,0.0,0.0,0.033451247581649045,5.058211739734282,5.3459572365000465,6.690249516329809,1.0,0.0,5.617975797408739,0.08,0.0,False,0.004176129806610191,0.033451247581649045,0.2088080726133092,0.07577747210701764,7.577747210701764e-06,7.577747210701764e-06,0.006690452302871582,0.0,-0.1982752197540627,-0.28774549676576466,-0.5597640576744576,0.1982752197540627
301.0,0.0,0.0,0.05253650508571119,5.263934615574119,5.345043671983896,10.507301017142238,1.0,0.0,5.591012109559738,0.05,0.0,False,0.004202268499943334,0.05253650508571119,0.21011501718358688,0.07577747210701764,7.577747210701764e-06,7.577747210701764e-06,0.010507619501412734,0.0,0.20572287583983684,-0.08110905640977695,-0.3270774939856196,0.20572287583983684
302.0,0.0,0.0,0.03085155562336453,5.428141574822229,5.332484129104233,6.170311124672906,1.0,0.0,5.5835966960091366,0.13,0.0,False,0.004193480910669416,0.03085155562336453,0.20967563439038447,0.07577747210701764,7.577747210701764e-06,7.577747210701764e-06,0.006170498151487315,0.0,0.16420695924811035,0.09565744571799595,-0.15545512118690752,0.16420695924811035
303.0,0.0,0.0,0.01575783051276695,5.605907851429112,5.4153694142243864,3.15156610255339,1.0,0.0,5.5724618610722425,-0.01,0.0,False,0.003892512032876457,0.015757830512766954,0.19462707646743285,0.07577747210701764,7.577747210701764e-06,7.577747210701764e-06,0.0031516616289144843,0.0,0.17776627660688327,0.19053843720472585,0.03344599035686979,0.17776627660688327
304.0,0.0,0.0,-0.0037169466409691567,6.092724793764031,5.331965026243719,-0.7433893281938313,1.0,0.0,5.585725850392709,0.18,0.0,False,0.00383066758089665,0.004472532342436256,0.1915348304363613,0.07577747210701764,7.577747210701764e-06,7.577747210701764e-06,-0.0007434118608887162,0.0,0.4868169423349187,0.7607597675203124,0.5069989433713218,0.4868169423349187
305.0,0.0,0.0,-0.05366990466921529,6.118033985319429,5.293507801388503,-10.733980933843059,1.0,0.0,5.568736976715319,0.0,0.0,False,0.003845116551510655,0.053669904669215285,0.19225728444159387,0.07577747210701764,7.577747210701764e-06,7.577747210701764e-06,-0.010734306288953914,0.0,0.025309191555398236,0.8245261839309261,0.5492970086041105,0.025309191555398236
306.0,0.0,0.0,-0.05872419495539888,6.742384356494186,5.253159347342459,-11.744838991079776,1.0,0.0,5.5560054122233575,0.14,0.0,False,0.003981221956970923,0.05872419495539888,0.19906260628322514,0.07577747210701764,7.577747210701764e-06,7.577747210701764e-06,-0.011745194986065743,0.0,0.6243503711747564,1.4892250091517267,1.1863789442708281,0.6243503711747564
307.0,0.0,0.0,-0.12329109082497933,7.052582707012542,5.266759895703165,-24.658218164995866,1.0,0.0,5.5307697859102145,0.05,0.0,False,0.004015710246338078,0.12329109082497933,0.2007870338187598,0.07577747210701764,7.577747210701764e-06,7.577747210701764e-06,-0.024658965574307846,0.0,0.3101983505183563,1.7858228113093766,1.5218129211023275,0.3101983505183563
308.0,0.0,0.0,-0.15451510962076007,7.260192437917552,5.375905813070688,-30.903021924152014,1.0,0.0,5.509426734808414,0.02,0.0,False,0.004168030557972174,0.15451510962076007,0.20840310711270543,0.07577747210701764,7.577747210701764e-06,7.577747210701764e-06,-0.030903958618206707,0.0,0.20760973090501,1.8842866248468644,1.7507657031091384,0.20760973090501
309.0,0.0,0.0,-0.17735258105459273,6.7889357989975405,5.248965052990947,-35.47051621091855,1.0,0.0,5.507373066982896,0.17,0.0,False,0.004003644839135879,0.17735258105459273,0.2001837588872195,0.07577747210701764,7.577747210701764e-06,7.577747210701764e-06,-0.035471591349192505,0.0,-0.47125663892001146,1.5399707460065937,1.2815627320146445,0.47125663892001146
310.0,0.0,0.0,-0.1312856813957898,6.402405572086151,5.279404072750655,-26.25713627915796,1.0,0.0,5.486599430720307,0.08,0.0,False,0.0038932006025040006,0.1312856813957898,0.19466150520970035,0.07577747210701764,7.577747210701764e-06,7.577747210701764e-06,-0.026257932152891808,0.0,-0.3865302269113897,1.123001499335496,0.9158061413658434,0.3865302269113897
311.0,0.0,0.0,-0.08997833359213703,6.8437838047874475,5.473423934565705,-17.995666718427405,1.0,0.0,5.476029242554343,0.1,0.0,False,0.0038112711191012707,0.08997833359213704,0.19056499999751814,0.07577747210701764,7.577747210701764e-06,7.577747210701764e-06,-0.017996212180747134,0.0,0.4413782327012967,1.3703598702217423,1.3677545622331042,0.4413782327012967
312.0,0.0,0.0,-0.13247165514188733,6.968669448416936,5.588757244055436,-26.494331028377466,1.0,0.0,5.502588144511461,0.05,0.0,False,0.0036745085500782763,0.13247165514188733,0.18372681972875962,0.07577747210701764,7.577747210701764e-06,7.577747210701764e-06,-0.026495134091664232,0.0,0.12488564362948829,1.3799122043615002,1.466081303905475,0.12488564362948829
313.0,0.0,0.0,-0.13985744848121584,6.740373614564194,5.8001628875065325,-27.971489696243168,1.0,0.0,5.519017061532813,0.24,0.0,False,0.0037630186717318896,0.13985744848121584,0.18815235934680666,0.07577747210701764,7.577747210701764e-06,7.577747210701764e-06,-0.027972337533330546,0.0,-0.22829583385274166,0.9402107270576616,1.2213565530313808,0.22829583385274166
314.0,0.0,0.0,-0.11065702178153636,6.6823463261581155,5.814061197941921,-22.13140435630727,1.0,0.0,5.5700419733852735,0.41,0.0,False,0.003690339553367882,0.11065702178153636,0.18451837589140693,0.07577747210701764,7.577747210701764e-06,7.577747210701764e-06,-0.02213207517597447,0.0,-0.058027288406078625,0.8682851282161943,1.112304352772842,0.058027288406078625
315.0,0.0,0.0,-0.0988808465117331,6.662243338326137,5.866539835661756,-19.77616930234662,1.0,0.0,5.633761470201924,0.31,0.0,False,0.003925844777377744,0.0988808465117331,0.1962937263218528,0.07577747210701764,7.577747210701764e-06,7.577747210701764e-06,-0.019776768733051342,0.0,-0.020102987831978503,0.7957035026643808,1.0284818681242127,0.020102987831978503
316.0,0.0,0.0,-0.09182646818265022,6.842214728973924,5.998662012784608,-18.365293636530044,1.0,0.0,5.693500396337844,0.36,0.0,False,0.0038067240591566406,0.09182646818265022,0.19033764527746305,0.07577747210701764,7.577747210701764e-06,7.577747210701764e-06,-0.018365850302522267,0.0,0.1799713906477871,0.8435527161893157,1.1487143326360805,0.1799713906477871
317.0,0.0,0.0,-0.10051742954169876,7.6124354796479174,6.077728824884353,-20.103485908339753,1.0,0.0,5.743943864611478,0.55,0.0,False,0.0038762499900478952,0.10051742954169875,0.19381396816452223,0.07577747210701764,7.577747210701764e-06,7.577747210701764e-06,-0.02010409526025929,0.0,0.7702207506739933,1.5347066547635642,1.8684916150364392,0.7702207506739933
318.0,0.0,0.0,-0.17294754636349333,6.878235043553336,6.086198701989006,-34.58950927269866,1.0,0.0,5.83700234877337,0.29,0.0,False,0.003924751415136586,0.17294754636349333,0.19623905779553377,0.07577747210701764,7.577747210701764e-06,7.577747210701764e-06,-0.0345905577069835,0.0,-0.7342004360945813,0.7920363415643301,1.041232694779966,0.7342004360945813
319.0,0.0,0.0,-0.09726406756421044,6.653665988168722,5.953335630034306,-19.452813512842088,1.0,0.0,5.882894488373633,0.14,0.0,False,0.0037915659153879475,0.09726406756421042,0.1895797323457993,0.07577747210701764,7.577747210701764e-06,7.577747210701764e-06,-0.019453403142387353,0.0,-0.22456905538461402,0.7003303581344165,0.7707714997950887,0.22456905538461402
320.0,0.0,0.0,-0.07531055795973339,7.6063672699465545,5.734383604469816,-15.062111591946678,1.0,0.0,5.905557515785398,0.01,0.0,False,0.003961577521799007,0.07531055795973339,0.19808037708160112,0.07577747210701764,7.577747210701764e-06,7.577747210701764e-06,-0.0150625681359835,0.0,0.9527012817778324,1.8719836654767388,1.7008097541611562,0.9527012817778324
321.0,0.0,0.0,-0.17097577602109046,7.5310553826068185,5.855061282790475,-34.19515520421809,1.0,0.0,5.900531874352863,0.05,0.0,False,0.003987246607559958,0.17097577602109046,0.19936384109534078,0.07577747210701764,7.577747210701764e-06,7.577747210701764e-06,-0.034196191685331744,0.0,-0.07531188733973604,1.6759940998163438,1.6305235082539555,0.07531188733973604
322.0,0.0,0.0,-0.16257655042569424,5.96176804935862,5.859272952732847,-32.51531008513885,1.0,0.0,5.896544729175159,-0.03,0.0,False,0.003717889358508376,0.16257655042569424,0.1858958765867046,0.07577747210701764,7.577747210701764e-06,7.577747210701764e-06,-0.03251629564887168,0.0,-1.569287333248199,0.1024950966257725,0.06522332018346066,1.569287333248199
323.0,0.0,0.0,-0.0012783157006862258,5.9429571820993745,5.90673232623158,-0.25566314013724517,1.0,0.0,5.905228280149802,-0.08,0.0,False,0.003711917440169387,0.0031257466296109844,0.18559727840707077,0.07577747210701764,7.577747210701764e-06,7.577747210701764e-06,-0.00025567088948111056,0.0,-0.01881086725924508,0.036224855867794226,0.03772890194957235,0.01881086725924508
324.0,0.0,0.0,-0.000530594918287353,6.107413289307903,5.738028995283265,-0.10611898365747059,1.0,0.0,5.948984408014096,0.11,0.0,False,0.00383424973574353,0.0032142813786366652,0.1917139395359385,0.07577747210701764,7.577747210701764e-06,7.577747210701764e-06,-0.00010612220020442598,0.0,0.16445610720852866,0.36938429402463857,0.1584288812938075,0.16445610720852866
325.0,0.0,0.0,-0.016840622245194854,6.279745117371279,5.726129730129661,-3.368124449038971,1.0,0.0,5.937651031880793,-0.08,0.0,False,0.003771671835462959,0.016840622245194854,0.18858502081193448,0.07577747210701764,7.577747210701764e-06,7.577747210701764e-06,-0.0033682265394479483,0.0,0.17233182806337588,0.5536153872416181,0.34209408549048614,0.17233182806337588
326.0,0.0,0.0,-0.03634828159638952,5.952088773887458,5.7177850934639824,-7.269656319277903,1.0,0.0,5.939000686157043,0.23,0.0,False,0.004001566221654719,0.03634828159638952,0.2000798272255997,0.07577747210701764,7.577747210701764e-06,7.577747210701764e-06,-0.007269876668079734,0.0,-0.3276563434838211,0.2343036804234755,0.0130880877304147,0.3276563434838211
327.0,0.0,0.0,-0.0037768353628573038,5.926493188874862,5.739145971117018,-0.7553670725714607,1.0,0.0,5.91624852950291,0.07,0.0,False,0.0038789471226580315,0.004553233603481704,0.19394882581693854,0.07577747210701764,7.577747210701764e-06,7.577747210701764e-06,-0.0007553899683208707,0.0,-0.025595585012595734,0.18734721775784458,0.010244659371951848,0.025595585012595734
328.0,0.0,0.0,0.003140992775599243,5.079699302494993,5.894006213399758,0.6281985551198486,1.0,0.0,5.914318989263703,-0.08,0.0,False,0.003938072703194174,0.004096665907383535,0.19690512724568077,0.07577747210701764,7.577747210701764e-06,7.577747210701764e-06,0.0006282175962949541,0.0,-0.846793886379869,-0.8143069109047651,-0.8346196867687095,0.846793886379869
329.0,0.0,0.0,0.08985769071901928,5.042986892302157,5.985365984638226,17.971538143803855,1.0,0.0,5.957904306713317,0.08,0.0,False,0.0037964149777810693,0.08985769071901928,0.18982218730270387,0.07577747210701764,7.577747210701764e-06,7.577747210701764e-06,0.01797208287476817,0.0,-0.036712410192836664,-0.9423790923360693,-0.9149174144111605,0.036712410192836664
330.0,0.0,0.0,0.0964078930417279,5.721272143347896,6.018477024071701,19.28157860834558,1.0,0.0,5.978310255628445,0.01,0.0,False,0.0038678310823980202,0.0964078930417279,0.1933930195922108,0.07577747210701764,7.577747210701764e-06,7.577747210701764e-06,0.019282163047630897,0.0,0.6782852510457396,-0.2972048807238048,-0.25703811228054896,0.6782852510457396
331.0,0.0,0.0,0.029711519485950428,6.307305647545143,5.943849164055693,5.942303897190086,1.0,0.0,6.007102350451564,-0.1,0.0,False,0.003900183188516667,0.029711519485950428,0.19501063715594721,0.07577747210701764,7.577747210701764e-06,7.577747210701764e-06,0.005942484012932337,0.0,0.5860335041972471,0.3634564834894505,0.30020329709357885,0.5860335041972471
332.0,0.0,0.0,-0.02795277496408956,6.092264598092203,5.9379662603088565,-5.590554992817912,1.0,0.0,6.018398595526596,-0.03,0.0,False,0.0038652899945574096,0.02795277496408956,0.1932659642373942,0.07577747210701764,7.577747210701764e-06,7.577747210701764e-06,-0.00559072444678384,0.0,-0.21504104945293978,0.1542983377833469,0.07386600256560705,0.21504104945293978
333.0,0.0,0.0,-0.0043426469891965705,5.558386618161425,5.763190645363674,-0.8685293978393142,1.0,0.0,6.027767306951122,-0.12,0.0,False,0.0037033297381920587,0.0048318534427737765,0.18516789005443263,0.07577747210701764,7.577747210701764e-06,7.577747210701764e-06,-0.0008685557236247107,0.0,-0.5338779799307787,-0.20480402720224955,-0.4693806887896974,0.5338779799307787
334.0,0.0,0.0,0.047611996304760665,5.685104231394602,5.7055978707027375,9.522399260952133,1.0,0.0,6.048836482826182,0.16,0.0,False,0.0036196758399999456,0.047611996304760665,0.18098516344942228,0.07577747210701764,7.577747210701764e-06,7.577747210701764e-06,0.009522687892102706,0.0,0.12671761323317732,-0.020493639308135414,-0.36373225143158017,0.12671761323317732
335.0,0.0,0.0,0.03342737077128051,5.027375597260186,5.78038948093803,6.685474154256101,1.0,0.0,6.034524620792641,0.07,0.0,False,0.0039586928773606665,0.03342737077128051,0.1979361437667288,0.07577747210701764,7.577747210701764e-06,7.577747210701764e-06,0.006685676796053026,0.0,-0.6577286341344157,-0.7530138836778439,-1.0071490235324543,0.6577286341344157
336.0,0.0,0.0,0.09543046694641225,4.582903588246576,5.6735534009132085,19.08609338928245,1.0,0.0,6.019390604315688,0.3,0.0,False,0.004188256705651437,0.09543046694641227,0.20941442216010026,0.07577747210701764,7.577747210701764e-06,7.577747210701764e-06,0.019086671903262378,0.0,-0.4444720090136105,-1.0906498126666326,-1.4364870160691119,0.4444720090136105
337.0,0.0,0.0,0.13730014615506056,5.603747117874619,5.7196654117461785,27.46002923101211,1.0,0.0,5.981716424122044,0.09,0.0,False,0.004030797949014414,0.1373001461550606,0.20154142466911643,0.07577747210701764,7.577747210701764e-06,7.577747210701764e-06,0.02746086156534451,0.0,1.020843529628043,-0.11591829387155972,-0.377969306247425,1.020843529628043
338.0,0.0,0.0,0.03197988231089072,5.626286373783411,5.585485989648137,6.395976462178144,1.0,0.0,5.955957071087158,0.21,0.0,False,0.0038801770360232216,0.03197988231089072,0.19401032195119666,0.07577747210701764,7.577747210701764e-06,7.577747210701764e-06,0.006396170329080247,0.0,0.022539255908792022,0.04080038413527376,-0.3296706973037473,0.022539255908792022
339.0,0.0,0.0,0.027608550680136342,5.2784530574576864,5.580144430688082,5.521710136027268,1.0,0.0,5.923558057756725,0.17,0.0,False,0.003841472986481011,0.027608550680136346,0.19207510480961093,0.07577747210701764,7.577747210701764e-06,7.577747210701764e-06,0.005521877503253323,0.0,-0.34783331632572434,-0.30169137323039585,-0.6451050002990382,0.34783331632572434
340.0,0.0,0.0,0.057476565662890194,4.78067194266007,5.581563225281652,11.495313132578039,1.0,0.0,5.902382341115669,0.34,0.0,False,0.003702694115289225,0.057476565662890194,0.18513610866846145,0.07577747210701764,7.577747210701764e-06,7.577747210701764e-06,0.011495661564245807,0.0,-0.49778111479761655,-0.8008912826215822,-1.1217103984555994,0.49778111479761655
341.0,0.0,0.0,0.10604357602537931,4.897018568865627,5.692811389128279,21.208715205075862,1.0,0.0,5.853240491230845,0.05,0.0,False,0.003810633067378148,0.10604357602537931,0.19053309716961223,0.07577747210701764,7.577747210701764e-06,7.577747210701764e-06,0.02120935805733442,0.0,0.1163466262055568,-0.7957928202626521,-0.9562219223652182,0.1163466262055568
342.0,0.0,0.0,0.09647618973079072,4.410782944132441,5.8142142739930005,19.295237946158146,1.0,0.0,5.841147881484484,0.12,0.0,False,0.0034617948363753715,0.09647618973079072,0.17309105344907683,0.07577747210701764,7.577747210701764e-06,7.577747210701764e-06,0.019295822799468364,0.0,-0.4862356247331858,-1.4034313298605596,-1.430364937352043,0.4862356247331858
343.0,0.0,0.0,0.14533078461397408,4.2922295447741865,5.761062236558104,29.066156922794818,1.0,0.0,5.861817019782414,-0.09,0.0,False,0.003743510196181211,0.14533078461397408,0.18717692817775786,0.07577747210701764,7.577747210701764e-06,7.577747210701764e-06,0.029067037940076854,0.0,-0.11855339935825437,-1.4688326917839172,-1.5695874750082277,0.11855339935825437
344.0,0.0,0.0,0.1583333412563201,4.668991441243335,5.794772543799458,31.666668251264017,1.0,0.0,5.864145854269567,-0.09,0.0,False,0.0038458863801744255,0.1583333412563201,0.1922957761664608,0.07577747210701764,7.577747210701764e-06,7.577747210701764e-06,0.03166762809201861,0.0,0.3767618964691488,-1.1257811025561226,-1.1951544130262315,0.3767618964691488
345.0,0.0,0.0,0.12286071538520099,3.9410220346106293,5.835356725067904,24.5721430770402,1.0,0.0,5.875622947839139,-0.08,0.0,False,0.004157456778156583,0.12286071538520099,0.20787441411565433,0.07577747210701764,7.577747210701764e-06,7.577747210701764e-06,0.02457288787735092,0.0,-0.727969406632706,-1.894334690457275,-1.9346009132285094,0.727969406632706
346.0,0.0,0.0,0.19505861632955385,3.720813553887406,5.659628940670313,39.01172326591077,1.0,0.0,5.89764514546751,0.08,0.0,False,0.00411365812934448,0.19505861632955387,0.20568446508029475,0.07577747210701764,7.577747210701764e-06,7.577747210701764e-06,0.03901290574085889,0.0,-0.2202084807232234,-1.938815386782907,-2.176831591580104,0.2202084807232234
347.0,0.0,0.0,0.21544737700964892,4.17826285576516,5.6305058557534755,43.08947540192978,1.0,0.0,5.891682103150456,0.05,0.0,False,0.00412433452451144,0.2154473770096489,0.2062182888837939,0.07577747210701764,7.577747210701764e-06,7.577747210701764e-06,0.043090781476640784,0.0,0.45744930187775434,-1.4522429999883153,-1.7134192473852954,0.45744930187775434
348.0,0.0,0.0,0.16790606407345016,3.493926683118064,5.673950340087439,33.58121281469003,1.0,0.0,5.875368954271902,0.03,0.0,False,0.00394182032350022,0.16790606407345016,0.1970925096809091,0.07577747210701764,7.577747210701764e-06,7.577747210701764e-06,0.033582230686743784,0.0,-0.6843361726470962,-2.1800236569693747,-2.3814422711538383,0.6843361726470962
349.0,0.0,0.0,0.2370448049007326,3.8815797146747943,5.688834152115739,47.40896098014652,1.0,0.0,5.857387113985095,-0.1,0.0,False,0.0038175632956707803,0.2370448049007326,0.19087961121001973,0.07577747210701764,7.577747210701764e-06,7.577747210701764e-06,0.04741039798174456,0.0,0.38765303155673037,-1.8072544374409443,-1.975807399310301,0.38765303155673037
350.0,0.0,0.0,0.19519276276823155,3.404701369314942,5.725424944458162,39.03855255364631,1.0,0.0,5.864464545405845,0.2,0.0,False,0.0037364414301750007,0.19519276276823155,0.18682348719918127,0.07577747210701764,7.577747210701764e-06,7.577747210701764e-06,0.03903973584181051,0.0,-0.4768783453598524,-2.32072357514322,-2.459763176090903,0.4768783453598524
351.0,0.0,0.0,0.2421795758032671,3.1764633001849933,5.635040217593603,48.43591516065342,1.0,0.0,5.833581298427789,0.08,0.0,False,0.0040860782430089445,0.2421795758032671,0.20430546031384766,0.07577747210701764,7.577747210701764e-06,7.577747210701764e-06,0.04843738329001229,0.0,-0.2282380691299486,-2.4585769174086094,-2.6571179982427955,0.2282380691299486
352.0,0.0,0.0,0.2642274249686377,3.608044153344605,5.509208395030686,52.84548499372754,1.0,0.0,5.826588886127862,0.14,0.0,False,0.0038687969019185905,0.2642274249686377,0.19344131093417608,0.07577747210701764,7.577747210701764e-06,7.577747210701764e-06,0.052847086780495586,0.0,0.4315808531596117,-1.9011642416860806,-2.218544732783257,0.4315808531596117
353.0,0.0,0.0,0.21740096168766654,3.3665620225346093,5.510105758460573,43.48019233753331,1.0,0.0,5.818837662302994,0.26,0.0,False,0.0038966196894239494,0.21740096168766654,0.1948324608511466,0.07577747210701764,7.577747210701764e-06,7.577747210701764e-06,0.043481510255171246,0.0,-0.2414821308099957,-2.1435437359259635,-2.4522756397683847,0.2414821308099957
354.0,0.0,0.0,0.23852106513739557,3.282519701281061,5.291488368192234,47.70421302747911,1.0,0.0,5.78213614069782,0.28,0.0,False,0.0040592613709168395,0.23852106513739557,0.2029646065486684,0.07577747210701764,7.577747210701764e-06,7.577747210701764e-06,0.04770565897839085,0.0,-0.08404232125354838,-2.0089686669111733,-2.499616439416759,0.08404232125354838
355.0,0.0,0.0,0.2432733401051838,2.673153465754021,5.388632081783773,48.65466802103676,1.0,0.0,5.751863046525365,0.27,0.0,False,0.004017157591832732,0.2432733401051838,0.20085940164187338,0.07577747210701764,7.577747210701764e-06,7.577747210701764e-06,0.04865614278096089,0.0,-0.6093662355270402,-2.715478616029752,-3.0787095807713443,0.6093662355270402
356.0,0.0,0.0,0.3025219473834866,2.6553269940371242,5.383271163001122,60.50438947669732,1.0,0.0,5.715345275526618,0.11,0.0,False,0.003986547551606953,0.3025219473834866,0.19932888803282708,0.07577747210701764,7.577747210701764e-06,7.577747210701764e-06,0.06050622341067455,0.0,-0.017826471716896553,-2.7279441689639974,-3.0600182814894934,0.017826471716896553
357.0,0.0,0.0,0.30194964991450585,2.3892002572800393,5.3801823021367925,60.389929982901165,1.0,0.0,5.6984875613310315,0.21,0.0,False,0.004037863939360714,0.30194964991450585,0.20189472686364598,0.07577747210701764,7.577747210701764e-06,7.577747210701764e-06,0.06039176044752424,0.0,-0.266126736757085,-2.9909820448567532,-3.3092873040509923,0.266126736757085
358.0,0.0,0.0,0.32688922110027135,3.0941572974909017,5.455219967837085,65.37784422005427,1.0,0.0,5.67493789808805,0.23,0.0,False,0.003887713630952029,0.32688922110027135,0.19438715455315758,0.07577747210701764,7.577747210701764e-06,7.577747210701764e-06,0.06537982587214447,0.0,0.7049570402108625,-2.361062670346183,-2.5807806005971483,0.7049570402108625
359.0,0.0,0.0,0.25426346795312127,2.844198389424985,5.280931209886398,50.852693590624256,1.0,0.0,5.658216322476919,0.13,0.0,False,0.003919330044187634,0.25426346795312127,0.19596798719399716,0.07577747210701764,7.577747210701764e-06,7.577747210701764e-06,0.050854234974372046,0.0,-0.24995890806591659,-2.4367328204614127,-2.814017933051934,0.24995890806591659
360.0,0.0,0.0,0.2767812569207794,2.6738556431258678,5.2687801557396865,55.356251384155875,1.0,0.0,5.636888314236366,0.18,0.0,False,0.003938356544959291,0.2767812569207794,0.19691931944148072,0.07577747210701764,7.577747210701764e-06,7.577747210701764e-06,0.055357929274159286,0.0,-0.1703427462991174,-2.5949245126138187,-2.963032671110498,0.1703427462991174
361.0,0.0,0.0,0.29273205928872587,2.68068251556386,5.539262318624975,58.54641185774517,1.0,0.0,5.612115827552657,0.16,0.0,False,0.003882450998945711,0.29273205928872587,0.19412402095889697,0.07577747210701764,7.577747210701764e-06,7.577747210701764e-06,0.05854818644393436,0.0,0.006826872437992293,-2.858579803061115,-2.9314333119887968,0.006826872437992293
362.0,0.0,0.0,0.29400222498123796,2.4178047956026303,5.619976089845738,58.80044499624759,1.0,0.0,5.601287148490411,-0.04,0.0,False,0.003886684013459485,0.29400222498123796,0.1943356732884212,0.07577747210701764,7.577747210701764e-06,7.577747210701764e-06,0.05880222728237406,0.0,-0.26287771996122977,-3.202171294243108,-3.183482352887781,0.26287771996122977
363.0,0.0,0.0,0.3235873058918133,2.260194190086953,5.670937443200975,64.71746117836265,1.0,0.0,5.620816159103251,0.06,0.0,False,0.003928221174331677,0.3235873058918133,0.19641254706993624,0.07577747210701764,7.577747210701764e-06,7.577747210701764e-06,0.06471942281374153,0.0,-0.15761060551567718,-3.410743253114022,-3.360621969016298,0.15761060551567718
364.0,0.0,0.0,0.3405732600212196,1.6872524289530952,5.6653374591342045,68.11465200424392,1.0,0.0,5.653800457660992,0.03,0.0,False,0.003914810217570237,0.3405732600212197,0.1957419941506222,0.07577747210701764,7.577747210701764e-06,7.577747210701764e-06,0.06811671661105573,0.0,-0.5729417611338579,-3.9780850301811093,-3.966548028707897,0.5729417611338579
365.0,0.0,0.0,0.3963281086735806,1.6451127326216994,5.468389368477586,79.26562173471612,1.0,0.0,5.666055829202704,0.05,0.0,False,0.004051039445411845,0.3963281086735806,0.20255350715823514,0.07577747210701764,7.577747210701764e-06,7.577747210701764e-06,0.07926802433588576,0.0,-0.042139696331395804,-3.823276635855887,-4.0209430965810045,0.042139696331395804
366.0,0.0,0.0,0.3988394178645303,1.0239478709586491,5.401362722509917,79.76788357290606,1.0,0.0,5.650683679399898,0.13,0.0,False,0.004013200980678171,0.3988394178645303,0.20066156958503545,0.07577747210701764,7.577747210701764e-06,7.577747210701764e-06,0.0797703013980133,0.0,-0.6211648616630503,-4.377414851551268,-4.626735808441249,0.6211648616630503
367.0,0.0,0.0,0.461229185012112,1.3677427174906842,5.465296785547382,92.2458370024224,1.0,0.0,5.63365802648131,0.01,0.0,False,0.0038385785727442813,0.461229185012112,0.1919303830261175,0.07577747210701764,7.577747210701764e-06,7.577747210701764e-06,0.0922486330437708,0.0,0.34379484653203507,-4.097554068056698,-4.265915308990626,0.34379484653203507
368.0,0.0,0.0,0.4296295538253607,1.3819512303228412,5.558541705858861,85.92591076507215,1.0,0.0,5.636414474988276,-0.06,0.0,False,0.0036775667679443316,0.42962955382536067,0.18387973178078235,0.07577747210701764,7.577747210701764e-06,7.577747210701764e-06,0.08592851524465848,0.0,0.014208512832156961,-4.17659047553602,-4.254463244665434,0.014208512832156961
369.0,0.0,0.0,0.4282598516165262,1.5128419974118954,5.626524201057779,85.65197032330524,1.0,0.0,5.664201036951944,0.03,0.0,False,0.0036742585025861673,0.4282598516165262,0.18371431725941426,0.07577747210701764,7.577747210701764e-06,7.577747210701764e-06,0.08565456649954882,0.0,0.13089076708905423,-4.113682203645884,-4.151359039540049,0.13089076708905423
370.0,0.0,0.0,0.41998463043102985,1.9346038689861687,5.782429154952786,83.99692608620597,1.0,0.0,5.6647120087329,0.19,0.0,False,0.0035673721397315216,0.4199846304310298,0.1783699586187901,0.07577747210701764,7.577747210701764e-06,7.577747210701764e-06,0.0839994720968023,0.0,0.42176187157427325,-3.8478252859666178,-3.730108139746732,0.42176187157427325
371.0,0.0,0.0,0.38118340841825166,1.3501169969645601,5.727337989389698,76.23668168365033,1.0,0.0,5.712847428590279,-0.04,0.0,False,0.003723438074590613,0.3811834084182516,0.18617331449315486,0.07577747210701764,7.577747210701764e-06,7.577747210701764e-06,0.07623899247534759,0.0,-0.5844868720216085,-4.377220992425137,-4.362730431625719,0.5844868720216085
372.0,0.0,0.0,0.44269521994580735,1.8970218631193012,5.869347039978108,88.53904398916147,1.0,0.0,5.7465823787441765,0.19,0.0,False,0.0037738923083161513,0.44269521994580735,0.18869604529590325,0.07577747210701764,7.577747210701764e-06,7.577747210701764e-06,0.0885417276747996,0.0,0.5469048661547411,-3.9723251768588073,-3.8495605156248756,0.5469048661547411
373.0,0.0,0.0,0.390893095701076,3.274157832679067,5.886957442574904,78.1786191402152,1.0,0.0,5.777236928046036,0.1,0.0,False,0.0036517335315158126,0.390893095701076,0.18258806017146967,0.07577747210701764,7.577747210701764e-06,7.577747210701764e-06,0.078180988793511,0.0,1.3771359695597656,-2.612799609895837,-2.503079095366969,1.3771359695597656
374.0,0.0,0.0,0.2574069336015316,3.7917645406225473,5.965245527501651,51.48138672030632,1.0,0.0,5.806100924583339,0.15,0.0,False,0.00385154734350345,0.2574069336015316,0.19257882647777944,0.07577747210701764,7.577747210701764e-06,7.577747210701764e-06,0.051482947160220144,0.0,0.5176067079434805,-2.1734809868791034,-2.0143363839607913,0.5176067079434805
375.0,0.0,0.0,0.20991973560705332,4.962329746749985,6.111413382384116,41.983947121410665,1.0,0.0,5.848324696928035,0.26,0.0,False,0.0038358999151718,0.20991973560705332,0.19179644913258417,0.07577747210701764,7.577747210701764e-06,7.577747210701764e-06,0.04198521968672022,0.0,1.1705652061274376,-1.1490836356341312,-0.8859949501780502,1.1705652061274376
376.0,0.0,0.0,0.09824101804098909,4.732797056295368,6.252305773468855,19.648203608197818,1.0,0.0,5.8910414326276275,0.28,0.0,False,0.003817810496588421,0.09824101804098909,0.19089197134956315,0.07577747210701764,7.577747210701764e-06,7.577747210701764e-06,0.019648799160165206,0.0,-0.22953269045461688,-1.519508717173487,-1.1582443763322594,0.22953269045461688
377.0,0.0,0.0,0.12542553133209303,4.775771704728269,6.199643221979836,25.085106266418606,1.0,0.0,5.944777149439897,0.21,0.0,False,0.0040415686346137744,0.12542553133209303,0.20207996302996112,0.07577747210701764,7.577747210701764e-06,7.577747210701764e-06,0.025085866615033012,0.0,0.04297464843290122,-1.423871517251567,-1.1690054447116278,0.04297464843290122
378.0,0.0,0.0,0.12648326011175295,4.930696616186186,6.264175824960418,25.296652022350592,1.0,0.0,5.987099891764807,0.41,0.0,False,0.004108710783674958,0.12648326011175295,0.2054370959223319,0.07577747210701764,7.577747210701764e-06,7.577747210701764e-06,0.025297418783077456,0.0,0.15492491145791654,-1.3334792087742322,-1.0564032755786208,0.15492491145791654
379.0,0.0,0.0,0.11775206725804528,5.077202179996895,6.349146205428499,23.550413451609057,1.0,0.0,6.0406522287543725,0.46,0.0,False,0.00409694176171693,0.11775206725804528,0.20484864036529687,0.07577747210701764,7.577747210701764e-06,7.577747210701764e-06,0.02355112728251918,0.0,0.14650556381070956,-1.271944025431604,-0.9634500487574771,0.14650556381070956
380.0,0.0,0.0,0.10825926313885902,4.671857399101036,6.449272102310036,21.651852627771802,1.0,0.0,6.108261903536598,0.38,0.0,False,0.00399597096950866,0.10825926313885902,0.19980006249832638,0.07577747210701764,7.577747210701764e-06,7.577747210701764e-06,0.021652508911862055,0.0,-0.40534478089585946,-1.7774147032089997,-1.4364045044355622,0.40534478089585946
381.0,0.0,0.0,0.15454272727745294,4.100801627373058,6.587368987757889,30.90854545549059,1.0,0.0,6.159835829451948,0.47,0.0,False,0.004088737415528187,0.15454272727745294,0.20443841994733664,0.07577747210701764,7.577747210701764e-06,7.577747210701764e-06,0.03090948231696771,0.0,-0.5710557717279778,-2.4865673603848313,-2.05903420207889,0.5710557717279778
382.0,0.0,0.0,0.21595340001460536,3.8218324433292494,6.481479141263166,43.19068000292107,1.0,0.0,6.217343226161591,0.24,0.0,False,0.004021986524520977,0.21595340001460536,0.20110085010590725,0.07577747210701764,7.577747210701764e-06,7.577747210701764e-06,0.04319198914522036,0.0,-0.27896918404380866,-2.6596466979339164,-2.395510782832342,0.27896918404380866
383.0,0.0,0.0,0.24669881820453263,3.8602868878172942,6.431848519079531,49.339763640906526,1.0,0.0,6.260417449532839,0.17,0.0,False,0.003981240166286006,0.24669881820453263,0.19906351675587858,0.07577747210701764,7.577747210701764e-06,7.577747210701764e-06,0.04934125916659899,0.0,0.0384544444880448,-2.5715616312622367,-2.4001305617155446,0.0384544444880448
384.0,0.0,0.0,0.2462567609514443,3.9546258486262587,6.416558133818323,49.25135219028886,1.0,0.0,6.28891409643865,0.13,0.0,False,0.003962709292536513,0.2462567609514443,0.19813696604729006,0.07577747210701764,7.577747210701764e-06,7.577747210701764e-06,0.049252845036163145,0.0,0.09433896080896442,-2.461932285192064,-2.3342882478123914,0.09433896080896442
385.0,0.0,0.0,0.2403840147403434,4.622761741565075,6.52903251381922,48.07680294806868,1.0,0.0,6.322947800905906,0.22,0.0,False,0.004216232200450602,0.2403840147403434,0.21081320749961996,0.07577747210701764,7.577747210701764e-06,7.577747210701764e-06,0.048078260192463765,0.0,0.6681358929388161,-1.9062707722541452,-1.7001860593408313,0.6681358929388161
386.0,0.0,0.0,0.17811144646585625,4.766694494301822,6.485727435750104,35.62228929317125,1.0,0.0,6.35855707449455,0.18,0.0,False,0.004160019680119236,0.17811144646585625,0.20800256018483812,0.07577747210701764,7.577747210701764e-06,7.577747210701764e-06,0.03562336903180255,0.0,0.1439327527367471,-1.7190329414482823,-1.5918625801927284,0.1439327527367471
387.0,0.0,0.0,0.16385477911781174,4.764688703200598,6.417852571352595,32.770955823562346,1.0,0.0,6.403943690399468,0.1,0.0,False,0.003969238803289455,0.16385477911781174,0.19846344405888622,0.07577747210701764,7.577747210701764e-06,7.577747210701764e-06,0.03277194913611158,0.0,-0.002005791101224119,-1.6531638681519976,-1.6392549871988704,0.002005791101224119
388.0,0.0,0.0,0.16494731694056608,5.539711256574682,6.464577864019014,32.989463388113215,1.0,0.0,6.405304367984709,-0.04,0.0,False,0.004035131077815159,0.16494731694056605,0.20175808275092139,0.07577747210701764,7.577747210701764e-06,7.577747210701764e-06,0.03299046332379261,0.0,0.7750225533740842,-0.9248666074443319,-0.8655931114100266,0.7750225533740842
389.0,0.0,0.0,0.0892838702213022,5.605862232160709,6.441753030895629,17.85677404426044,1.0,0.0,6.4142243690598,0.07,0.0,False,0.0040571799631085965,0.0892838702213022,0.20286053536963725,0.07577747210701764,7.577747210701764e-06,7.577747210701764e-06,0.017857315296637775,0.0,0.06615097558602656,-0.83589079873492,-0.8083621368990919,0.06615097558602656
390.0,0.0,0.0,0.08385749620133552,6.219333669201826,6.420968381602767,16.771499240267104,1.0,0.0,6.432583787317629,-0.02,0.0,False,0.004007645340274898,0.08385749620133552,0.2003837854599098,0.07577747210701764,7.577747210701764e-06,7.577747210701764e-06,0.016772007597141238,0.0,0.6134714370411176,-0.20163471240094122,-0.21325011811580286,0.6134714370411176
391.0,0.0,0.0,0.024039629819595894,6.033083550282592,6.452127404659922,4.807925963919179,1.0,0.0,6.44446896671946,-0.02,0.0,False,0.004054991888972965,0.0240396298195959,0.202751130833822,0.07577747210701764,7.577747210701764e-06,7.577747210701764e-06,0.004808071695805105,0.0,-0.18625011891923382,-0.41904385437733005,-0.4113854164368673,0.18625011891923382
392.0,0.0,0.0,0.04416500023609701,5.884459193756319,6.452542650361564,8.833000047219402,1.0,0.0,6.459739075709675,0.02,0.0,False,0.003919245245006714,0.04416500023609701,0.1959637472028219,0.07577747210701764,7.577747210701764e-06,7.577747210701764e-06,0.008833267782156446,0.0,-0.14862435652627326,-0.5680834566052448,-0.5752798819533558,0.14862435652627326
393.0,0.0,0.0,0.0635821668313608,5.477523328950954,6.615221409860185,12.71643336627216,1.0,0.0,6.47475028620393,0.1,0.0,False,0.0039915515313427834,0.0635821668313608,0.1995790889155633,0.07577747210701764,7.577747210701764e-06,7.577747210701764e-06,0.012716818811021229,0.0,-0.4069358648053649,-1.1376980809092307,-0.9972269572529759,0.4069358648053649
394.0,0.0,0.0,0.1078543167621912,5.1565304389856985,6.657852537646039,21.57086335243824,1.0,0.0,6.520304952549294,0.06,0.0,False,0.00401846217926097,0.1078543167621912,0.20092463150757706,0.07577747210701764,7.577747210701764e-06,7.577747210701764e-06,0.021571517181682074,0.0,-0.32099288996525566,-1.5013220986603404,-1.3637745135635955,0.32099288996525566
395.0,0.0,0.0,0.1494004076783877,5.087023746894027,6.890691469701622,29.88008153567754,1.0,0.0,6.556107361210265,0.57,0.0,False,0.004206960487730776,0.1494004076783877,0.21034961835069388,0.07577747210701764,7.577747210701764e-06,7.577747210701764e-06,0.029880987223632485,0.0,-0.0695066920916716,-1.803667722807595,-1.4690836143162382,0.0695066920916716
396.0,0.0,0.0,0.16201966983953903,4.8964095009431325,7.038231167992562,32.403933967907804,1.0,0.0,6.650591121695702,0.45,0.0,False,0.004066380679283446,0.16201966983953903,0.20332057466441475,0.07577747210701764,7.577747210701764e-06,7.577747210701764e-06,0.032404916155745964,0.0,-0.19061424595089438,-2.1418216670494292,-1.7541816207525693,0.19061424595089438
397.0,0.0,0.0,0.18614278692178624,5.095844599497272,7.1309408799062055,37.228557384357245,1.0,0.0,6.707281832494476,0.41,0.0,False,0.0037845702354032972,0.18614278692178624,0.18922994569599208,0.07577747210701764,7.577747210701764e-06,7.577747210701764e-06,0.03722968581019379,0.0,0.19943509855413932,-2.0350962804089336,-1.6114372329972042,0.19943509855413932
398.0,0.0,0.0,0.1713483255493762,5.109198089743036,7.240919418567528,34.26966510987524,1.0,0.0,6.757907897310211,0.43,0.0,False,0.003734211264118209,0.1713483255493762,0.18671197805135997,0.07577747210701764,7.577747210701764e-06,7.577747210701764e-06,0.0342707038494407,0.0,0.013353490245764377,-2.131721328824492,-1.6487098075671751,0.013353490245764377
399.0,0.0,0.0,0.17568768084134073,4.694967803301893,7.0826992769725186,35.13753616826815,1.0,0.0,6.809392776705832,0.43,0.0,False,0.003734078556849008,0.1756876808413408,0.18670534263761882,0.07577747210701764,7.577747210701764e-06,7.577747210701764e-06,0.03513860121366423,0.0,-0.41423028644114357,-2.387731473670626,-2.1144249734039393,0.41423028644114357
