t,mean_abs_delta_real,mean_abs_delta_planning,mean_action,price,v_true,total_demand,mean_k,xs_k_std,mean_belief,mean_correctness,mean_salience,regime_post,xs_action_std,xs_action_mean_abs,xs_belief_std,xs_sigma_mean,xs_rho_mean,xs_rho_max,mean_myopic_term,mean_hedging_term,ret,mispricing_true,mispricing_belief,vol_proxy
0.0,0.0,0.0,-0.035979477040130665,0.05307722224425304,-0.09547747293640478,-7.195895408026133,3.0,0.0,0.0,-0.79,0.0,False,0.01335760170342504,0.03598662031103062,0.6678923001564854,0.18289189189189195,1.8289189189189194e-05,1.8289189189189194e-05,-0.00719642182676837,0.0,0.0,0.14855469518065784,0.05307722224425304,0.0
1.0,0.0,0.0,-0.02638962525443037,-0.35480403446429,-0.08077229057885368,-5.277925050886074,3.0,0.0,-0.3598276721744322,0.32,0.0,False,0.01050814687732,0.026435240847233893,0.5254127818166565,0.10349970779853253,1.0349970779853254e-05,1.0349970779853254e-05,-0.00527814355410479,0.0,-0.407881256708543,-0.2740317438854363,0.0050236377101421925,0.407881256708543
2.0,0.0,0.0,0.017632290980111737,0.09531204109872965,-0.22848449534143242,3.5264581960223476,3.0,0.0,-0.2108326868925643,0.17,0.0,False,0.00820734496150922,0.017694942061284323,0.4103703362817065,0.07525469588680311,7.525469588680311e-06,7.525469588680309e-06,0.0035265643482391396,0.0,0.45011607556301964,0.32379653644016204,0.30614472799129394,0.45011607556301964
3.0,0.0,0.0,-0.027223905379601353,0.09981765752658413,-0.048152007332516095,-5.444781075920271,3.0,0.0,-0.17847449009969527,0.25,0.0,False,0.007218020793947273,0.027223905379601353,0.3609032664958421,0.061701082387537146,6.170108238753715e-06,6.170108238753715e-06,-0.005444915454645439,0.0,0.004505616427854478,0.14796966485910024,0.2782921476262794,0.004505616427854478
4.0,0.0,0.0,-0.0278804392829193,0.9344094098110545,0.045294783767071925,-5.57608785658386,3.0,0.0,-0.17693541141942762,-0.07,0.0,False,0.007062214875218418,0.0278804392829193,0.35311266029926264,0.05427584335912398,5.427584335912399e-06,5.4275843359123984e-06,-0.005576208914675231,0.0,0.8345917522844704,0.8891146260439825,1.1113448212304822,0.8345917522844704
5.0,0.0,0.0,-0.10369732739938485,0.09864431059779011,0.11596582013997506,-20.73946547987697,3.0,0.0,-0.17899430147438536,0.37,0.0,False,0.0065162312300271995,0.10369732739938485,0.325813187668137,0.049911266793667725,4.991126679366772e-06,4.991126679366772e-06,-0.020739879531008282,0.0,-0.8357650992132644,-0.01732150954218495,0.27763861207217544,0.8357650992132644
6.0,0.0,0.0,-0.028384871972987974,1.4421323469305478,-0.07621989965689999,-5.676974394597595,3.0,0.0,-0.10258974250766233,0.01,0.0,False,0.005889702157193637,0.028384871972987974,0.2944864989769733,0.04723896911451465,4.723896911451467e-06,4.723896911451466e-06,-0.0056770816638580975,0.0,1.3434880363327577,1.5183522465874477,1.54472208943821,1.3434880363327577
7.0,0.0,0.0,-0.1632283325703532,1.1035240002230018,-0.07564645003833409,-32.64566651407064,3.0,0.0,-0.18521111349254166,0.04,0.0,False,0.0057597559100999556,0.1632283325703532,0.2879891076282712,0.04556176663690604,4.5561766636906065e-06,4.556176663690606e-06,-0.032646261469055686,0.0,-0.338608346707546,1.1791704502613358,1.2887351137155434,0.338608346707546
8.0,0.0,0.0,-0.12797152763497807,0.6140942754337043,-0.16471243292549034,-25.594305526995612,3.0,0.0,-0.19018816362896973,0.16,0.0,False,0.0052815797717997446,0.12797152763497807,0.26408016354857006,0.044492694745204016,4.449269474520401e-06,4.449269474520402e-06,-0.025594761028818164,0.0,-0.48942972478929747,0.7788067083591946,0.804282439062674,0.48942972478929747
9.0,0.0,0.0,-0.08466180982768795,0.5579546309001149,-0.31117419935627166,-16.93236196553759,3.0,0.0,-0.1762197451173542,0.14,0.0,False,0.005126163800435003,0.08466180982768795,0.25630931276741437,0.04380451768299382,4.380451768299385e-06,4.380451768299384e-06,-0.01693265864981762,0.0,-0.05613964453358944,0.8691288302563865,0.734174376017469,0.05613964453358944
10.0,0.0,0.0,-0.0821352164647809,0.5324710293188865,-0.3971713034798572,-16.42704329295618,3.0,0.0,-0.23254236569190276,0.02,0.0,False,0.00547108872495027,0.08213521646478089,0.27355562234451425,0.0433587192744284,4.335871927442841e-06,4.3358719274428405e-06,-0.016427328193944345,0.0,-0.02548360158122842,0.9296423327987436,0.7650133950107892,0.02548360158122842
11.0,0.0,0.0,-0.08816159154611299,-0.09793543681469818,-0.6485543192820575,-17.632318309222597,3.0,0.0,-0.2634153401366604,0.33,0.0,False,0.0055962144465654656,0.08816159154611299,0.27981192743805744,0.04306874926707378,4.3068749267073785e-06,4.306874926707378e-06,-0.017632622068672853,0.0,-0.6304064661335846,0.5506188824673593,0.16547990332196222,0.6304064661335846
12.0,0.0,0.0,-0.027919082262630335,-0.26842871264187246,-0.5931692695831877,-5.583816452526067,3.0,0.0,-0.3491638711896502,0.15,0.0,False,0.005544679741412971,0.027919082262630335,0.2772351758398916,0.042879635920764284,4.287963592076431e-06,4.28796359207643e-06,-0.005583912224922005,0.0,-0.17049327582717427,0.32474055694131526,0.08073515854777774,0.17049327582717427
13.0,0.0,0.0,-0.008425128706942316,0.8920966798923599,-0.27081483961667974,-1.685025741388463,3.0,0.0,-0.37713224524141453,0.14,0.0,False,0.005086722727791158,0.008583357793466518,0.2543372238313197,0.04275608559413131,4.2756085594131314e-06,4.275608559413132e-06,-0.0016850545593071794,0.0,1.1605253925342323,1.1629115195090396,1.2692289251337745,1.1605253925342323
14.0,0.0,0.0,-0.12191870191563846,0.49088336087286477,-0.11764849103373304,-24.38374038312769,3.0,0.0,-0.3526818008389163,0.01,0.0,False,0.005259462685627654,0.12191870191563843,0.26297425652651946,0.042675277071923805,4.26752770719238e-06,4.267527707192379e-06,-0.02438415661450217,0.0,-0.4012133190194951,0.6085318519065979,0.8435651617117811,0.4012133190194951
15.0,0.0,0.0,-0.07821742543839093,0.6891164858257306,-0.03021918521541879,-15.643485087678185,3.0,0.0,-0.32711635383594695,0.18,0.0,False,0.00532659035725927,0.07821742543839093,0.26633065302288406,0.04262238484319971,4.2622384843199725e-06,4.262238484319972e-06,-0.015643751791598104,0.0,0.19823312495286582,0.7193356710411494,1.0162328396616775,0.19823312495286582
16.0,0.0,0.0,-0.09675970248590636,0.3806374700433648,-0.22024139662407632,-19.35194049718127,3.0,0.0,-0.29130756257708673,0.09,0.0,False,0.005081772257309866,0.09675970248590636,0.2540896949716775,0.04258774810914817,4.2587748109148164e-06,4.258774810914817e-06,-0.019352270158004233,0.0,-0.3084790157823658,0.6008788666674412,0.6719450326204515,0.3084790157823658
17.0,0.0,0.0,-0.0642447616448134,0.05836499342825979,-0.1646405512211604,-12.848952328962678,3.0,0.0,-0.27850114292251504,0.01,0.0,False,0.005375564961012321,0.0642447616448134,0.26877939210681145,0.042565058879555154,4.256505887955516e-06,4.256505887955516e-06,-0.012849171094596474,0.0,-0.322272476615105,0.22300554464942018,0.33686613635077484,0.322272476615105
18.0,0.0,0.0,-0.03014426692293604,-0.25262868609193434,-0.2599522323585004,-6.028853384587208,3.0,0.0,-0.26182381931507986,0.05,0.0,False,0.005500898128798512,0.03014426692293604,0.2750460767613088,0.042550192925283656,4.255019292528367e-06,4.2550192925283665e-06,-0.0060289559957004465,0.0,-0.31099367952019413,0.007323546266566061,0.009195133223145524,0.31099367952019413
19.0,0.0,0.0,0.00021955835816628267,-0.8298790965643444,-0.28659370137792817,0.04391167163325654,3.0,0.0,-0.24308408902296627,-0.03,0.0,False,0.005663785658343018,0.00433661495323069,0.28319048761714494,0.0425404514451206,4.254045144512061e-06,4.254045144512061e-06,4.391241883901189e-05,0.0,-0.5772504104724101,-0.5432853951864163,-0.5867950075413781,0.5772504104724101
20.0,0.0,0.0,0.058122080810850144,-0.3856660960216985,-0.23029936884932772,11.624416162170029,3.0,0.0,-0.25043305580971315,0.02,0.0,False,0.005333915476828603,0.058122080810850144,0.2666969082070322,0.04253406740151187,4.253406740151185e-06,4.253406740151186e-06,0.011624613934809038,0.0,0.44421300054264595,-0.15536672717237077,-0.13523304021198534,0.44421300054264595
21.0,0.0,0.0,0.012011817935511059,-0.13033514264843388,-0.2180189984337664,2.4023635871022115,3.0,0.0,-0.24864592761332951,-0.03,0.0,False,0.005151915358371268,0.012043049550689487,0.25759686347036076,0.04252988339718566,4.252988339718564e-06,4.252988339718564e-06,0.002402404455825691,0.0,0.2553309533732646,0.08768385578533253,0.11831078496489564,0.2553309533732646
22.0,0.0,0.0,-0.018720174784022842,-0.30714764231755814,-0.38163154155711143,-3.7440349568045685,3.0,0.0,-0.2655453623605071,0.07,0.0,False,0.005076017854690422,0.018720174784022842,0.2538019720771602,0.042527141159834476,4.252714115983449e-06,4.252714115983449e-06,-0.0037440986457749625,0.0,-0.17681249966912427,0.07448389923955329,-0.04160227995705107,0.17681249966912427
23.0,0.0,0.0,-0.004941352159826069,-0.36315625275586805,-0.29546522360748023,-0.9882704319652137,3.0,0.0,-0.31754087106624007,-0.15,0.0,False,0.0051762069176267975,0.005949132008584528,0.2588114464812343,0.04252534382553204,4.252534382553201e-06,4.252534382553203e-06,-0.0009882872425096912,0.0,-0.0560086104383099,-0.06769102914838782,-0.045615381689627976,0.0560086104383099
24.0,0.0,0.0,0.00017715085545622576,-0.2695980656361845,-0.25719878364797133,0.035430171091245154,3.0,0.0,-0.35656221457931664,-0.08,0.0,False,0.005237873968166228,0.0042247613539790774,0.26189481208941634,0.04252416578609152,4.252416578609152e-06,4.252416578609151e-06,3.543077374407012e-05,0.0,0.09355818711968356,-0.012399281988213162,0.08696414894313215,0.09355818711968356
25.0,0.0,0.0,-0.009198393435581221,-0.7397461891665115,-0.4029564399441123,-1.8396786871162443,3.0,0.0,-0.36138470653534405,0.04,0.0,False,0.005191980927801486,0.009434251851166323,0.2596001502933183,0.042523393647102156,4.252339364710216e-06,4.252339364710216e-06,-0.0018397099787355793,0.0,-0.470148123530327,-0.3367897492223992,-0.3783614826311674,0.470148123530327
26.0,0.0,0.0,0.03623524527361227,-0.6084303915871557,-0.38855256517575226,7.247049054722455,3.0,0.0,-0.3615839557265215,-0.06,0.0,False,0.005360166768858969,0.03623524527361227,0.26800947809179226,0.042522887549586885,4.252288754958689e-06,4.252288754958688e-06,0.0072471723203791,0.0,0.13131579757935574,-0.21987782641140347,-0.2468464358606342,0.13131579757935574
27.0,0.0,0.0,0.019799288079280466,-0.7524651368607298,-0.48871295156637334,3.959857615856093,3.0,0.0,-0.3773860322940884,0.03,0.0,False,0.005466740593912086,0.019799288079280466,0.27333819199451476,0.04252255582707921,4.252255582707923e-06,4.252255582707922e-06,0.003959924968876306,0.0,-0.14403474527357407,-0.26375218529435646,-0.3750791045666414,0.14403474527357407
28.0,0.0,0.0,0.02555505147192917,-0.7870249637943459,-0.6038030404831998,5.111010294385834,3.0,0.0,-0.4104333012126876,0.14,0.0,False,0.005647442295825715,0.025555051471929168,0.2823733155035477,0.04252233839831703,4.252233839831701e-06,4.252233839831702e-06,0.0051110972268598965,0.0,-0.034559826933616145,-0.18322192331114617,-0.3765916625816583,0.034559826933616145
29.0,0.0,0.0,0.02808896203093622,-1.3677814932618608,-0.6217599668705458,5.617792406187244,3.0,0.0,-0.4969091888387056,0.05,0.0,False,0.005535771155791176,0.028088962030936217,0.27678973475528607,0.04252219588353538,4.252219588353537e-06,4.252219588353538e-06,0.0056178879581285915,0.0,-0.5807565294675149,-0.746021526391315,-0.8708723044231552,0.5807565294675149
30.0,0.0,0.0,0.07836404661936336,-1.3012361948153466,-0.6486375524550444,15.672809323872672,3.0,0.0,-0.5061293714632553,0.07,0.0,False,0.005830240630441024,0.07836404661936335,0.2915132710924988,0.042522102471379226,4.2522102471379225e-06,4.2522102471379225e-06,0.015673075899060775,0.0,0.06654529844651424,-0.6525986423603022,-0.7951068233520913,0.06654529844651424
31.0,0.0,0.0,0.07078359709261099,-1.6640851829130554,-0.6040627483044627,14.156719418522199,3.0,0.0,-0.5841243660481248,0.03,0.0,False,0.005651349696731129,0.07078359709261099,0.28256868637118093,0.042522041243776856,4.252204124377685e-06,4.252204124377686e-06,0.014156960206541109,0.0,-0.3628489880977088,-1.0600224346085927,-1.0799608168649306,0.3628489880977088
32.0,0.0,0.0,0.1043929243976272,-2.524045386437467,-0.7774050216204939,20.878584879525437,3.0,0.0,-0.5933851745740621,0.11,0.0,False,0.005451379379851682,0.10439292439762721,0.2725701280103844,0.04252200111172609,4.252200111172611e-06,4.25220011117261e-06,0.020878939997699197,0.0,-0.8599602035244116,-1.7466403648169733,-1.9306602118634049,0.8599602035244116
33.0,0.0,0.0,0.19137016790067513,-1.5832909514530584,-0.536393782528412,38.274033580135026,3.0,0.0,-0.6201337439565466,0.08,0.0,False,0.005153463887927746,0.19137016790067513,0.25767429007369536,0.04252197480688926,4.2521974806889265e-06,4.252197480688927e-06,0.03827468457236355,0.0,0.9407544349844086,-1.0468971689246465,-0.9631572074965118,0.9407544349844086
34.0,0.0,0.0,0.09910066908586654,-2.465157017943024,-0.5713718490202678,19.820133817173307,3.0,0.0,-0.6103030202434234,0.01,0.0,False,0.00514525536934707,0.09910066908586654,0.2572638623990059,0.042521957565193544,4.2521957565193565e-06,4.252195756519356e-06,0.019820470932095467,0.0,-0.8818660664899656,-1.893785168922756,-1.8548539976996006,0.8818660664899656
35.0,0.0,0.0,0.18792132477203172,-2.0144821305228904,-0.5476758376089433,37.58426495440634,3.0,0.0,-0.5922631908221655,-0.13,0.0,False,0.005438883029670944,0.18792132477203174,0.27194530784300674,0.04252194626399751,4.252194626399752e-06,4.252194626399751e-06,0.03758490421412599,0.0,0.4506748874201336,-1.466806292913947,-1.4222189397007248,0.4506748874201336
36.0,0.0,0.0,0.14135782095095234,-2.410856834707461,-0.5523531337600543,28.271564190190468,3.0,0.0,-0.5859038163203383,-0.02,0.0,False,0.005148941884528411,0.14135782095095234,0.25744818894138055,0.04252193885654483,4.2521938856544815e-06,4.252193885654482e-06,0.028272045052835284,0.0,-0.39637470418457044,-1.8585037009474066,-1.8249530183871225,0.39637470418457044
37.0,0.0,0.0,0.17623870518572476,-2.1747911597167318,-0.5674290550500114,35.247741037144955,3.0,0.0,-0.6008738669702708,0.09,0.0,False,0.0049711625190275955,0.17623870518572482,0.2485591828686025,0.04252193400127473,4.2521934001274746e-06,4.252193400127474e-06,0.035248340555442896,0.0,0.23606567499072906,-1.6073621046667204,-1.573917292746461,0.23606567499072906
38.0,0.0,0.0,0.1501730848393058,-1.8716501992960421,-0.6660128278224543,30.03461696786116,3.0,0.0,-0.6484323127972622,-0.18,0.0,False,0.0055393048537509156,0.1501730848393058,0.2769664203972347,0.042521930818851625,4.2521930818851625e-06,4.2521930818851625e-06,0.030035127817650862,0.0,0.3031409604206896,-1.2056373714735877,-1.22321788649878,0.3031409604206896
39.0,0.0,0.0,0.123917077930938,-1.1980830240384452,-0.5095630455282794,24.783415586187598,3.0,0.0,-0.6730283830760528,0.02,0.0,False,0.005619679638869119,0.123917077930938,0.28098517674154144,0.04252192873290852,4.252192873290852e-06,4.252192873290853e-06,0.02478383711984768,0.0,0.6735671752575969,-0.6885199785101659,-0.5250546409623924,0.6735671752575969
40.0,0.0,0.0,0.059877230184971604,-0.9718507565546721,-0.3762015252905344,11.97544603699432,3.0,0.0,-0.6324530740208794,0.12,0.0,False,0.005700168254522339,0.059877230184971604,0.2850096246368194,0.04252192736566145,4.2521927365661454e-06,4.252192736566145e-06,0.011975649723746823,0.0,0.22623226748377312,-0.5956492312641377,-0.33939768253379277,0.22623226748377312
41.0,0.0,0.0,0.03653596002441768,-1.39164608194735,-0.4262692275946763,7.307192004883537,3.0,0.0,-0.5992979917125657,0.03,0.0,False,0.0057052194917585385,0.03653596002441768,0.2852621875725455,0.04252192646948904,4.252192646948904e-06,4.252192646948905e-06,0.0073073162907074975,0.0,-0.41979532539267783,-0.9653768543526737,-0.7923480902347843,0.41979532539267783
42.0,0.0,0.0,0.08370681303555338,-1.4594770062385085,-0.3525802608211483,16.741362607110677,3.0,0.0,-0.6064833884134673,0.28,0.0,False,0.005418676285097,0.0837068130355534,0.2709349663176068,0.04252192588208612,4.252192588208611e-06,4.252192588208612e-06,0.01674164735589186,0.0,-0.06783092429115856,-1.1068967454173602,-0.8529936178250412,0.06783092429115856
43.0,0.0,0.0,0.09250486130065363,-1.3106806047350719,-0.32384160231687853,18.500972260130727,3.0,0.0,-0.5545601547173169,-0.02,0.0,False,0.005302056503686292,0.09250486130065363,0.26510395245257273,0.042521925497068444,4.252192549706844e-06,4.252192549706844e-06,0.018501286937578278,0.0,0.14879640150343665,-0.9868390024181933,-0.756120450017755,0.14879640150343665
44.0,0.0,0.0,0.08039990412480964,-2.0434754275792812,-0.29103737517860057,16.07998082496193,3.0,0.0,-0.5344087258078708,0.16,0.0,False,0.005020014347584039,0.08039990412480964,0.25100178468257606,0.042521925244705674,4.2521925244705684e-06,4.252192524470569e-06,0.01608025432449598,0.0,-0.7327948228442094,-1.7524380524006806,-1.5090667017714106,0.7327948228442094
45.0,0.0,0.0,0.15991198073413068,-1.851594675115623,-0.35568066877616417,31.982396146826137,3.0,0.0,-0.5066644696934113,0.17,0.0,False,0.004743081853506425,0.15991198073413068,0.23715510110017735,0.04252192507929264,4.252192507929263e-06,4.2521925079292635e-06,0.03198294012573413,0.0,0.19188075246365832,-1.4959140063394587,-1.3449302054222116,0.19188075246365832
46.0,0.0,0.0,0.14226043616678422,-2.781697874695291,-0.260352961244945,28.452087233356846,3.0,0.0,-0.44432162141165554,0.0,0.0,False,0.005094003016665796,0.14226043616678424,0.2547012338673601,0.042521924970871386,4.252192497087138e-06,4.252192497087139e-06,0.02845257116630648,0.0,-0.9301031995796682,-2.521344913450346,-2.3373762532836357,0.9301031995796682
47.0,0.0,0.0,0.23361246437717445,-2.9341397903710456,-0.3060907616773343,46.72249287543489,3.0,0.0,-0.4289600675098174,-0.05,0.0,False,0.004950717784118194,0.23361246437717445,0.24753694177615873,0.04252192489980588,4.252192489980587e-06,4.252192489980588e-06,0.04672328756418898,0.0,-0.15244191567575438,-2.6280490286937113,-2.5051797228612283,0.15244191567575438
48.0,0.0,0.0,0.2481785395343605,-3.457838824907139,-0.26518416293000346,49.6357079068721,3.0,0.0,-0.4455235626652179,-0.1,0.0,False,0.005029671443966584,0.24817853953436053,0.25148464155488504,0.04252192485322546,4.252192485322546e-06,4.252192485322545e-06,0.04963655214561886,0.0,-0.5236990345360932,-3.1926546619771354,-3.0123152622419207,0.5236990345360932
49.0,0.0,0.0,0.300204968402279,-3.856744506607567,-0.330304132242757,60.040993680455806,3.0,0.0,-0.45230162988140166,-0.02,0.0,False,0.005029743756623808,0.300204968402279,0.25148825720311985,0.04252192482269396,4.252192482269395e-06,4.252192482269396e-06,0.060042014899561194,0.0,-0.39890568170042817,-3.52644037436481,-3.4044428767261654,0.39890568170042817
50.0,0.0,0.0,0.3382392883351312,-3.8708756552058117,-0.39557217154195135,67.64785766702624,3.0,0.0,-0.45572531441886005,-0.06,0.0,False,0.005032519649359729,0.3382392883351313,0.25162705243009686,0.04252192480268187,4.252192480268186e-06,4.252192480268186e-06,0.06764900826898038,0.0,-0.014131148598244714,-3.4753034836638603,-3.4151503407869517,0.014131148598244714
51.0,0.0,0.0,0.3365334767027418,-3.2948314277109105,-0.47158185529038066,67.30669534054836,3.0,0.0,-0.4742797103283355,0.0,0.0,False,0.0051693905043140725,0.3365334767027418,0.2584706242778749,0.04252192478956478,4.252192478956478e-06,4.252192478956478e-06,0.06730784013977527,0.0,0.5760442274949011,-2.8232495724205298,-2.820551717382575,0.5760442274949011
52.0,0.0,0.0,0.27170060265210166,-2.678021494277616,-0.5239019045665091,54.340120530420336,3.0,0.0,-0.5054693379224674,0.02,0.0,False,0.005167576794569509,0.27170060265210166,0.25837993840503426,0.0425219247809671,4.252192478096709e-06,4.25219247809671e-06,0.054341044785097325,0.0,0.6168099334332946,-2.1541195897111067,-2.1725521563551484,0.6168099334332946
53.0,0.0,0.0,0.21090646773761793,-2.3537667377890834,-0.5699252827014769,42.18129354752359,3.0,0.0,-0.5777676350269502,0.03,0.0,False,0.005270669610746748,0.2109064677376179,0.2635346011324209,0.04252192477533167,4.252192477533166e-06,4.252192477533167e-06,0.04218201099638929,0.0,0.3242547564885325,-1.7838414550876065,-1.7759991027621331,0.3242547564885325
54.0,0.0,0.0,0.17218402125714302,-1.4601265977988174,-0.7312974462020281,34.436804251428605,3.0,0.0,-0.5689119761566596,0.09,0.0,False,0.0051273702737399405,0.17218402125714302,0.2563696038152623,0.0425219247716379,4.25219247716379e-06,4.252192477163789e-06,0.03443738997661788,0.0,0.893640139990266,-0.7288291515967893,-0.8912146216421578,0.893640139990266
55.0,0.0,0.0,0.0811748965043444,-0.751255144227006,-0.6983877935772981,16.23497930086888,3.0,0.0,-0.6318899172376597,-0.01,0.0,False,0.005211242343914582,0.0811748965043444,0.2605632251560036,0.04252192476921678,4.252192476921676e-06,4.252192476921677e-06,0.016235255436722083,0.0,0.7088714535718114,-0.052867350649707934,-0.11936522698934626,0.7088714535718114
56.0,0.0,0.0,0.007988909809456811,-1.4428813954604713,-0.5939109154692851,1.5977819618913622,3.0,0.0,-0.6483603741911617,0.0,0.0,False,0.005152692975990096,0.008204569693854169,0.25763574431162023,0.04252192476762984,4.2521924767629835e-06,4.252192476762984e-06,0.0015978091380815546,0.0,-0.6916262512334653,-0.8489704799911862,-0.7945210212693097,0.6916262512334653
57.0,0.0,0.0,0.07782961735042691,-0.8756553199795845,-0.566645054609449,15.565923470085382,3.0,0.0,-0.6713643476133285,0.09,0.0,False,0.005210426399693988,0.0778296173504269,0.26052242777149615,0.042521924766589676,4.252192476658967e-06,4.252192476658967e-06,0.015566188226170272,0.0,0.5672260754808869,-0.30901026537013543,-0.20429097236625593,0.5672260754808869
58.0,0.0,0.0,0.020633100211673736,-1.1071007574768599,-0.4496344801931766,4.126620042334747,3.0,0.0,-0.6645686746305347,0.02,0.0,False,0.005054404643768198,0.020633100211673732,0.2527213068034798,0.04252192476590788,4.252192476590789e-06,4.2521924765907885e-06,0.004126690230767084,0.0,-0.23144543749727542,-0.6574662772836832,-0.44253208284632517,0.23144543749727542
59.0,0.0,0.0,0.04484762958294088,-1.2061785501321527,-0.6215196667948139,8.969525916588177,3.0,0.0,-0.6693199310671727,0.1,0.0,False,0.004711972499468873,0.04484762958294088,0.23559962678414423,0.04252192476546101,4.252192476546101e-06,4.252192476546101e-06,0.008969678476541948,0.0,-0.09907779265529282,-0.5846588833373388,-0.53685861906498,0.09907779265529282
60.0,0.0,0.0,0.053876829722446805,-0.7689723346803863,-0.800586510574403,10.77536594448936,3.0,0.0,-0.6586149266097958,-0.19,0.0,False,0.005071872788404545,0.05387682972244679,0.25359471774919284,0.04252192476516809,4.252192476516809e-06,4.2521924765168095e-06,0.010775549219430048,0.0,0.4372062154517664,0.031614175894016716,-0.11035740807059047,0.4372062154517664
61.0,0.0,0.0,0.005517523253200472,-1.961606844347903,-0.7848717215381671,1.1035046506400943,3.0,0.0,-0.6673987981751843,0.1,0.0,False,0.005131067138770969,0.006279447575504583,0.2565544478528027,0.042521924764976085,4.25219247649761e-06,4.25219247649761e-06,0.0011035234198169778,0.0,-1.1926345096675166,-1.1767351228097358,-1.2942080461727186,1.1926345096675166
62.0,0.0,0.0,0.12199040775316158,-1.826491809244884,-0.7856356383018057,24.398081550632316,3.0,0.0,-0.7137959290698381,0.12,0.0,False,0.00505290648269145,0.1219904077531616,0.25264639843111897,0.04252192476485026,4.252192476485025e-06,4.252192476485025e-06,0.024398496530223,0.0,0.1351150351030188,-1.0408561709430784,-1.112695880175046,0.1351150351030188
63.0,0.0,0.0,0.10083468515421186,-1.9234532445320693,-0.8731839554699382,20.166937030842373,3.0,0.0,-0.7416768304815836,0.16,0.0,False,0.005130213316420969,0.10083468515421189,0.2565117565537718,0.04252192476476777,4.252192476476778e-06,4.252192476476777e-06,0.020167280044175492,0.0,-0.09696143528718526,-1.0502692890621312,-1.1817764140504856,0.09696143528718526
64.0,0.0,0.0,0.10813361718817419,-2.1468632620960992,-0.8225299052178064,21.626723437634837,3.0,0.0,-0.8181235192782859,0.0,0.0,False,0.0048401189466987515,0.10813361718817419,0.24200697639080612,0.04252192476471372,4.252192476471372e-06,4.25219247647137e-06,0.021627091280033484,0.0,-0.2234100175640299,-1.324333356878293,-1.3287397428178134,0.2234100175640299
65.0,0.0,0.0,0.13119566227877097,-1.8256229856047685,-0.7728093570790151,26.239132455754195,3.0,0.0,-0.8420940824026537,0.03,0.0,False,0.004854086651269563,0.13119566227877097,0.2427053645890151,0.04252192476467826,4.252192476467827e-06,4.252192476467827e-06,0.026239578749222957,0.0,0.3212402764913307,-1.0528136285257534,-0.9835289032021148,0.3212402764913307
66.0,0.0,0.0,0.09813653710118844,-1.8715256650436447,-0.8574187077106498,19.62730742023769,3.0,0.0,-0.8348787458479842,-0.06,0.0,False,0.004964752555150127,0.09813653710118844,0.24823868331167945,0.04252192476465504,4.252192476465504e-06,4.252192476465505e-06,0.019627641255173953,0.0,-0.04590267943887616,-1.014106957332995,-1.0366469191956607,0.04590267943887616
67.0,0.0,0.0,0.10593193680543635,-1.4910807945724618,-0.6887396747390307,21.18638736108727,3.0,0.0,-0.8442367498206471,0.01,0.0,False,0.004905184440839093,0.10593193680543633,0.24526026493137343,0.042521924764639826,4.252192476463981e-06,4.252192476463982e-06,0.021186747713942754,0.0,0.3804448704711829,-0.802341119833431,-0.6468440447518147,0.3804448704711829
68.0,0.0,0.0,0.06959842370231425,-0.9651807413555314,-0.6756887739741161,13.919684740462852,3.0,0.0,-0.8121837748400454,0.04,0.0,False,0.005160373504860692,0.06959842370231425,0.2580197723881042,0.042521924764629834,4.252192476462983e-06,4.252192476462984e-06,0.013919921496171044,0.0,0.5259000532169303,-0.28949196738141536,-0.152996966515486,0.5259000532169303
69.0,0.0,0.0,0.014180551050844951,-1.0653112402542055,-0.8383260261682054,2.8361102101689903,3.0,0.0,-0.7950817602546367,-0.01,0.0,False,0.005292106333668584,0.01418972500713224,0.26460644183616605,0.0425219247646233,4.252192476462331e-06,4.25219247646233e-06,0.002836158448709865,0.0,-0.10013049889867409,-0.22698521408600014,-0.2702294799995688,0.10013049889867409
70.0,0.0,0.0,0.020115245817241664,-0.9017189848330338,-0.8440638817501985,4.0230491634483325,3.0,0.0,-0.8233722159254573,0.05,0.0,False,0.005020345915284758,0.020115245817241664,0.25101836313809445,0.04252192476461902,4.2521924764619006e-06,4.252192476461901e-06,0.004023117590274912,0.0,0.16359225542117173,-0.05765510308283528,-0.07834676890757653,0.16359225542117173
71.0,0.0,0.0,-0.00265749415224629,-0.6190434065544197,-0.989398561887696,-0.531498830449258,3.0,0.0,-0.8641545053869425,0.04,0.0,False,0.005160306036241094,0.004565160290993364,0.2580163989427799,0.042521924764616206,4.25219247646162e-06,4.25219247646162e-06,-0.0005315078705521305,0.0,0.2826755782786141,0.37035515533327634,0.2451110988325228,0.2826755782786141
72.0,0.0,0.0,-0.032765888618863245,-0.23503637037663683,-1.0162153626364696,-6.553177723772649,3.0,0.0,-0.9282944913643287,0.08,0.0,False,0.005033202413415659,0.032765888618863245,0.2516611907780546,0.04252192476461437,4.252192476461437e-06,4.252192476461436e-06,-0.0065532891847907455,0.0,0.38400703617778287,0.7811789922598328,0.6932581209876919,0.38400703617778287
73.0,0.0,0.0,-0.07675238527376518,-1.5546212921933178,-1.156751161512851,-15.350477054753037,3.0,0.0,-0.9467092590863052,0.11,0.0,False,0.00518765766330566,0.07675238527376518,0.2593839861112273,0.042521924764613146,4.252192476461316e-06,4.252192476461315e-06,-0.01535073814637498,0.0,-1.319584921816681,-0.39787013068046684,-0.6079120331070126,1.319584921816681
74.0,0.0,0.0,0.05518559631904806,-0.9379585659553744,-1.0537880538135902,11.037119263809613,3.0,0.0,-1.0025765414100483,0.03,0.0,False,0.005095174937312973,0.05518559631904806,0.2547598301488753,0.042521924764612355,4.252192476461236e-06,4.2521924764612365e-06,0.011037306990833334,0.0,0.6166627262379434,0.11582948785821578,0.06461797545467385,0.6166627262379434
75.0,0.0,0.0,-0.010747505782374801,-0.3306089613223726,-1.1049710694213413,-2.1495011564749604,3.0,0.0,-1.002753596013964,0.1,0.0,False,0.004997050255235966,0.010795090444525379,0.24985357518277326,0.04252192476461185,4.252192476461185e-06,4.252192476461184e-06,-0.0021495377166900805,0.0,0.6073496046330018,0.7743621080989687,0.6721446346915914,0.6073496046330018
76.0,0.0,0.0,-0.0696226700788024,-0.35330996734693365,-0.9954666108629352,-13.924534015760482,3.0,0.0,-1.0454359088022838,-0.02,0.0,False,0.005198393346654087,0.0696226700788024,0.2599207725611582,0.04252192476461149,4.252192476461149e-06,4.25219247646115e-06,-0.013924770853948507,0.0,-0.022701006024561043,0.6421566435160015,0.6921259414553501,0.022701006024561043
77.0,0.0,0.0,-0.07009419497677118,-0.48941332695186845,-1.0377136479864948,-14.018838995354235,3.0,0.0,-1.0268504645600909,0.0,0.0,False,0.0051956335299281125,0.07009419497677118,0.2597827811380959,0.04252192476461127,4.252192476461127e-06,4.252192476461128e-06,-0.01401907743754714,0.0,-0.1361033596049348,0.5483003210346263,0.5374371376082224,0.1361033596049348
78.0,0.0,0.0,-0.06060816153771852,-0.41343372556312996,-1.0698578098345455,-12.121632307543704,3.0,0.0,-1.0542668198150709,0.0,0.0,False,0.005257259249548026,0.06060816153771851,0.2628640802213126,0.042521924764611134,4.252192476461113e-06,4.252192476461114e-06,-0.012121838480721807,0.0,0.0759796013887385,0.6564240842714155,0.6408330942519409,0.0759796013887385
79.0,0.0,0.0,-0.06969629673452649,-0.2108388531040162,-1.0790673017942136,-13.939259346905297,3.0,0.0,-1.0955078282074782,0.04,0.0,False,0.005492679195981071,0.06969629673452649,0.2746351275955112,0.042521924764611044,4.252192476461104e-06,4.2521924764611035e-06,-0.013939496435552028,0.0,0.20259487245911376,0.8682284486901974,0.884668975103462,0.20259487245911376
80.0,0.0,0.0,-0.08759013446943985,0.0015296917135720345,-1.0393251758894806,-17.51802689388797,3.0,0.0,-1.1104115110118247,0.04,0.0,False,0.005500534492793681,0.08759013446943985,0.27502789410625333,0.042521924764610974,4.252192476461099e-06,4.2521924764610976e-06,-0.01751832485270962,0.0,0.21236854481758824,1.0408548676030527,1.1119412027253968,0.21236854481758824
81.0,0.0,0.0,-0.11380489711274161,-0.23989005056114512,-1.1004513694161409,-22.76097942254832,3.0,0.0,-1.086758820303954,0.02,0.0,False,0.0055012764506982325,0.11380489711274161,0.27506499215922825,0.042521924764610926,4.252192476461093e-06,4.252192476461093e-06,-0.02276136655716396,0.0,-0.24141974227471716,0.8605613188549958,0.8468687697428089,0.24141974227471716
82.0,0.0,0.0,-0.09709379445043301,-0.7264177026599198,-1.2743791990438622,-19.4187588900866,3.0,0.0,-1.1365434754302073,0.13,0.0,False,0.0054913233231858385,0.09709379445043301,0.27456733366747793,0.04252192476461091,4.252192476461092e-06,4.252192476461091e-06,-0.019419089177883955,0.0,-0.4865276520987747,0.5479614963839424,0.4101257727702875,0.4865276520987747
83.0,0.0,0.0,-0.05175095049435786,-0.7254790111554571,-1.198865562261925,-10.350190098871572,3.0,0.0,-1.2108486381405879,0.07,0.0,False,0.00533422852121793,0.05175095049435786,0.2667125601692157,0.0425219247646109,4.25219247646109e-06,4.252192476461089e-06,-0.010350366142124865,0.0,0.0009386915044626853,0.473386551106468,0.48536962698513075,0.0009386915044626853
84.0,0.0,0.0,-0.05716834516675459,-0.7656767547791977,-1.475819719038961,-11.433669033350919,3.0,0.0,-1.2439382103536147,0.26,0.0,False,0.005162099098191239,0.05716834516675459,0.2581060524215093,0.04252192476461088,4.252192476461087e-06,4.252192476461088e-06,-0.011433863505169745,0.0,-0.04019774362374062,0.7101429642597633,0.478261455574417,0.04019774362374062
85.0,0.0,0.0,-0.06137675450988491,-0.4986694602533742,-1.5624600608231611,-12.275350901976982,3.0,0.0,-1.2971746173633631,0.25,0.0,False,0.005493132547990524,0.06137675450988491,0.2746577952923708,0.04252192476461086,4.252192476461086e-06,4.2521924764610866e-06,-0.012275559689708171,0.0,0.2670072945258235,1.0637906005697868,0.7985051571099889,0.2670072945258235
86.0,0.0,0.0,-0.09437047027128878,-0.17366220877901012,-1.676426236167655,-18.874094054257757,3.0,0.0,-1.379457349166734,0.24,0.0,False,0.005067640625827488,0.09437047027128878,0.2533831087205415,0.04252192476461086,4.252192476461086e-06,4.2521924764610866e-06,-0.018874415078015638,0.0,0.3250072514743641,1.502764027388645,1.2057951403877238,0.3250072514743641
87.0,0.0,0.0,-0.1306097060189309,-0.2548058956292891,-1.616535305889383,-26.12194120378618,3.0,0.0,-1.4423942270364456,0.15,0.0,False,0.004925597327452452,0.1306097060189309,0.24628091360201748,0.04252192476461086,4.252192476461086e-06,4.2521924764610866e-06,-0.02612238550398433,0.0,-0.081143686850279,1.3617294102600939,1.1875883314071565,0.081143686850279
88.0,0.0,0.0,-0.13451705885737028,-0.6321506395400633,-1.8124189729712439,-26.903411771474055,3.0,0.0,-1.4797870378487818,0.41,0.0,False,0.004820804941600058,0.13451705885737028,0.241041272029528,0.04252192476461086,4.252192476461086e-06,4.2521924764610866e-06,-0.026903869363468766,0.0,-0.3773447439107742,1.1802683334311805,0.8476363983087185,0.3773447439107742
89.0,0.0,0.0,-0.10087982025449463,-0.5419260434519975,-1.77202336316231,-20.175964050898926,3.0,0.0,-1.600005083824272,0.16,0.0,False,0.004593480766691684,0.10087982025449463,0.229675014952802,0.04252192476461086,4.252192476461086e-06,4.2521924764610866e-06,-0.020176307217769866,0.0,0.09022459608806588,1.2300973197103124,1.0580790403722746,0.09022459608806588
90.0,0.0,0.0,-0.1117959388774032,-0.906377517287349,-1.7424005225674377,-22.359187775480642,3.0,0.0,-1.6409702901056442,-0.07,0.0,False,0.004826193735585869,0.1117959388774032,0.24131071287452804,0.04252192476461086,4.252192476461086e-06,4.2521924764610866e-06,-0.022359568076143664,0.0,-0.3644514738353516,0.8360230052800887,0.7345927728182952,0.3644514738353516
91.0,0.0,0.0,-0.08075402787478779,-1.2016850649512043,-1.9230961322756541,-16.15080557495756,3.0,0.0,-1.659909201118538,0.06,0.0,False,0.005261212284697712,0.08075402787478779,0.2630617328192502,0.04252192476461086,4.252192476461086e-06,4.2521924764610866e-06,-0.016151080279125266,0.0,-0.29530754766385525,0.7214110673244498,0.4582241361673336,0.29530754766385525
92.0,0.0,0.0,-0.05418749218301535,-1.3042694111968656,-1.9880454509403798,-10.83749843660307,3.0,0.0,-1.7139349651187146,0.08,0.0,False,0.0052515747862685955,0.05418749218301535,0.26257985584876953,0.04252192476461086,4.252192476461086e-06,4.2521924764610866e-06,-0.01083768276833651,0.0,-0.10258434624566126,0.6837760397435142,0.409665553921849,0.10258434624566126
93.0,0.0,0.0,-0.05240216025670017,-1.7135968054560764,-2.105818752466458,-10.480432051340035,3.0,0.0,-1.7435715075636862,0.28,0.0,False,0.0051281294271568805,0.05240216025670017,0.2564075616475124,0.04252192476461086,4.252192476461086e-06,4.2521924764610866e-06,-0.010480610309839312,0.0,-0.40932739425921083,0.3922219470103818,0.029974702107609774,0.40932739425921083
94.0,0.0,0.0,-0.01285933488346232,-1.3381134820270941,-1.9444680450458849,-2.5718669766924642,3.0,0.0,-1.8283021549674465,0.01,0.0,False,0.0049992398361562865,0.012859334883462319,0.24996305469431523,0.04252192476461086,4.252192476461086e-06,4.2521924764610866e-06,-0.0025719107208000886,0.0,0.3754833234289823,0.6063545630187908,0.4901886729403524,0.3754833234289823
95.0,0.0,0.0,-0.05763568127218904,-0.8113361991803658,-2.0532311083519326,-11.527136254437808,3.0,0.0,-1.8421928883090515,0.24,0.0,False,0.0047251117329326206,0.05763568127218903,0.23625659125085902,0.04252192476461086,4.252192476461086e-06,4.2521924764610866e-06,-0.01152733231601233,0.0,0.5267772828467283,1.2418949091715668,1.0308566891286857,0.5267772828467283
96.0,0.0,0.0,-0.12208031351593071,-0.12192898350904158,-2.3198383086485386,-24.416062703186142,3.0,0.0,-1.914482548649498,0.49,0.0,False,0.004671099656069978,0.12208031351593071,0.23355597592423955,0.04252192476461086,4.252192476461086e-06,4.2521924764610866e-06,-0.024416477988612774,0.0,0.6894072156713242,2.1979093251394968,1.7925535651404565,0.6894072156713242
97.0,0.0,0.0,-0.20072226915987865,0.6176366180845352,-2.3303674658293883,-40.14445383197573,3.0,0.0,-2.0321652897892046,0.35,0.0,False,0.004990105044391323,0.20072226915987865,0.24950631316392244,0.04252192476461086,4.252192476461086e-06,4.2521924764610866e-06,-0.0401451366368505,0.0,0.7395656015935768,2.9480040839139234,2.64980190787374,0.7395656015935768
98.0,0.0,0.0,-0.2795474120286946,0.11151854275778789,-2.3321809734260386,-55.90948240573892,3.0,0.0,-2.1291943505939646,0.08,0.0,False,0.005151335739596687,0.2795474120286946,0.257567882203388,0.04252192476461086,4.252192476461086e-06,4.2521924764610866e-06,-0.055910433353217055,0.0,-0.5061180753267474,2.4436995161838264,2.2407128933517524,0.5061180753267474
99.0,0.0,0.0,-0.23860829399938485,0.07681824135537343,-2.514042193459627,-47.72165879987697,3.0,0.0,-2.1778969366725196,0.32,0.0,False,0.005423639046113238,0.23860829399938485,0.2711831054235192,0.04252192476461086,4.252192476461086e-06,4.2521924764610866e-06,-0.047722470483139545,0.0,-0.03470030140241445,2.590860434815,2.254715178027893,0.03470030140241445
100.0,0.0,0.0,-0.24420970546671214,-0.6118643385855976,-2.688027275222269,-48.84194109334243,3.0,0.0,-2.2746151276556867,0.41,0.0,False,0.005356972816667806,0.24420970546671214,0.2678497797773656,0.04252192476461086,4.252192476461086e-06,4.2521924764610866e-06,-0.04884277183114774,0.0,-0.688682579940971,2.0761629366366714,1.6627507890700892,0.688682579940971
101.0,0.0,0.0,-0.18569797093806348,-0.2618783623402986,-2.738448945948722,-37.139594187612694,3.0,0.0,-2.365330734645359,0.37,0.0,False,0.005483227716453531,0.18569797093806348,0.27416255160965863,0.04252192476461086,4.252192476461086e-06,4.2521924764610866e-06,-0.0371402258837385,0.0,0.34998597624529904,2.4765705836084235,2.1034523723050604,0.34998597624529904
102.0,0.0,0.0,-0.22394139026523502,0.3531648846267122,-2.7525824227880133,-44.788278053047,3.0,0.0,-2.468883529141976,0.04,0.0,False,0.005546002887258922,0.22394139026523505,0.2773013234965337,0.04252192476461086,4.252192476461086e-06,4.2521924764610866e-06,-0.044789039843323566,0.0,0.6150432469670108,3.1057473074147257,2.8220484137686883,0.6150432469670108
103.0,0.0,0.0,-0.2930270046965459,-0.1883203621879917,-2.76263746511737,-58.605400939309185,3.0,0.0,-2.501339877087389,0.27,0.0,False,0.005376594456894226,0.2930270046965459,0.26883086596043615,0.04252192476461086,4.252192476461086e-06,4.2521924764610866e-06,-0.05860639774085035,0.0,-0.5414852468147039,2.5743171029293785,2.3130195148993975,0.5414852468147039
104.0,0.0,0.0,-0.24451664881473065,-0.4227891803438825,-2.935849108287967,-48.90332976294613,3.0,0.0,-2.577167462699982,0.2,0.0,False,0.005034046843617635,0.24451664881473065,0.2517034124676874,0.04252192476461086,4.252192476461086e-06,4.2521924764610866e-06,-0.04890416154489276,0.0,-0.23446881815589082,2.513059927944085,2.1543782823560997,0.23446881815589082
105.0,0.0,0.0,-0.230243820588026,-1.793676226535438,-2.956433204360653,-46.0487641176052,3.0,0.0,-2.6335388369280186,0.27,0.0,False,0.005330748304355919,0.230243820588026,0.26653854858618753,0.04252192476461086,4.252192476461086e-06,4.2521924764610866e-06,-0.04604954734710805,0.0,-1.3708870461915554,1.162756977825215,0.8398626103925806,1.3708870461915554
106.0,0.0,0.0,-0.09489063914070398,-1.1988128149934725,-2.779034690196428,-18.978127828140796,3.0,0.0,-2.7252763382762226,0.13,0.0,False,0.005350767111005181,0.09489063914070398,0.26753949317484166,0.04252192476461086,4.252192476461086e-06,4.2521924764610866e-06,-0.018978450621377672,0.0,0.5948634115419655,1.5802218752029553,1.5264635232827501,0.5948634115419655
107.0,0.0,0.0,-0.1553275062474369,-0.3741652373677947,-2.764493736254817,-31.06550124948738,3.0,0.0,-2.742602792605569,-0.09,0.0,False,0.005384440751214302,0.1553275062474369,0.26922318234463766,0.04252192476461086,4.252192476461086e-06,4.2521924764610866e-06,-0.03106602963320333,0.0,0.8246475776256778,2.390328498887022,2.368437555237774,0.8246475776256778
108.0,0.0,0.0,-0.2371197903292934,-0.17526761492160658,-2.702615295836804,-47.42395806585868,3.0,0.0,-2.752120901590512,-0.02,0.0,False,0.005646589875145743,0.23711979032929334,0.2823306942766364,0.04252192476461086,4.252192476461086e-06,4.2521924764610866e-06,-0.04742476468561949,0.0,0.19889762244618814,2.527347680915198,2.5768532866689053,0.19889762244618814
109.0,0.0,0.0,-0.2595903662905167,-1.6043469586462489,-2.762961551522504,-51.918073258103334,3.0,0.0,-2.7454135546101486,-0.02,0.0,False,0.005562079940324841,0.2595903662905167,0.2781051795679659,0.04252192476461086,4.252192476461086e-06,4.2521924764610866e-06,-0.051918956316910354,0.0,-1.4290793437246423,1.158614592876255,1.1410665959638997,1.4290793437246423
110.0,0.0,0.0,-0.11619367440406603,-0.668277767716107,-2.8904409349813087,-23.238734880813205,3.0,0.0,-2.7712264692368955,-0.08,0.0,False,0.005474408213042234,0.11619367440406603,0.2737215745639825,0.04252192476461086,4.252192476461086e-06,4.2521924764610866e-06,-0.02323913014142695,0.0,0.9360691909301418,2.222163167265202,2.1029487015207886,0.9360691909301418
111.0,0.0,0.0,-0.20982620950390987,-0.020065995073128007,-2.8020050339049263,-41.965241900781976,3.0,0.0,-2.7663084065803134,0.04,0.0,False,0.005331174714147199,0.20982620950390987,0.2665598691664104,0.04252192476461086,4.252192476461086e-06,4.2521924764610866e-06,-0.041965955674890365,0.0,0.648211772642979,2.781939038831798,2.7462424115071853,0.648211772642979
112.0,0.0,0.0,-0.2789639396067268,1.0466093066637088,-2.8370276210151415,-55.79278792134536,3.0,0.0,-2.7665844738266743,-0.1,0.0,False,0.005266317105968428,0.2789639396067268,0.2633169749681201,0.04252192476461086,4.252192476461086e-06,4.2521924764610866e-06,-0.0557937368840023,0.0,1.066675301736837,3.8836369276788503,3.813193780490383,1.066675301736837
113.0,0.0,0.0,-0.38912976676896255,0.5827270768601593,-2.884029562982873,-77.82595335379251,3.0,0.0,-2.8097647015586533,0.17,0.0,False,0.005319960114655725,0.38912976676896255,0.2659991368075049,0.04252192476461086,4.252192476461086e-06,4.2521924764610866e-06,-0.07782727707189703,0.0,-0.46388222980354943,3.4667566398430325,3.3924917784188127,0.46388222980354943
114.0,0.0,0.0,-0.3485640921508232,-0.2892920526063669,-3.011619256979586,-69.71281843016463,3.0,0.0,-2.8447710937592436,0.11,0.0,False,0.0054041906157036605,0.34856409215082323,0.2702106797681168,0.04252192476461086,4.252192476461086e-06,4.2521924764610866e-06,-0.06971400415441081,0.0,-0.8720191294665263,2.722327204373219,2.5554790411528767,0.8720191294665263
115.0,0.0,0.0,-0.2701941639233862,-0.12877891013213558,-3.281127687447066,-54.03883278467723,3.0,0.0,-2.9029879527285796,0.5,0.0,False,0.0052089618360861714,0.27019416392338613,0.26044919927972493,0.04252192476461086,4.252192476461086e-06,4.2521924764610866e-06,-0.05403975191484168,0.0,0.16051314247423135,3.1523487773149306,2.774209042596444,0.16051314247423135
116.0,0.0,0.0,-0.29735990262163503,-0.5858318923794753,-3.438287957748834,-59.471980524327,3.0,0.0,-2.991291137719777,0.44,0.0,False,0.005084232177964379,0.29735990262163503,0.2542126898549097,0.04252192476461086,4.252192476461086e-06,4.2521924764610866e-06,-0.059472992065258266,0.0,-0.4570529822473397,2.8524560653693585,2.4054592453403014,0.4570529822473397
117.0,0.0,0.0,-0.26240536186902197,-1.0652772331392948,-3.6691947595599137,-52.481072373804395,3.0,0.0,-3.102441157925519,0.53,0.0,False,0.005009568641738711,0.26240536186902197,0.2504794971694399,0.04252192476461086,4.252192476461086e-06,4.2521924764610866e-06,-0.052481965008493114,0.0,-0.4794453407598195,2.603917526420619,2.037163924786224,0.4794453407598195
118.0,0.0,0.0,-0.2257283385700103,-0.8051223176772346,-3.797392722442125,-45.14566771400206,3.0,0.0,-3.2099413009749687,0.5,0.0,False,0.00518538712916122,0.2257283385700103,0.25927045892126793,0.04252192476461086,4.252192476461086e-06,4.2521924764610866e-06,-0.045146435583011284,0.0,0.26015491546206015,2.9922704047648905,2.404818983297734,0.26015491546206015
119.0,0.0,0.0,-0.2636111370125256,-0.533123693237036,-3.8474384321130555,-52.72222740250511,3.0,0.0,-3.3226086108565447,0.55,0.0,False,0.005248465885797318,0.2636111370125256,0.2624244101642235,0.04252192476461086,4.252192476461086e-06,4.2521924764610866e-06,-0.05272312413892679,0.0,0.2719986244401986,3.3143147388760195,2.7894849176195087,0.2719986244401986
120.0,0.0,0.0,-0.3034540513039218,-1.1521064521252071,-3.9033704074709847,-60.69081026078435,3.0,0.0,-3.4412897340671633,0.59,0.0,False,0.005175476900661525,0.3034540513039218,0.2587749453892731,0.04252192476461086,4.252192476461086e-06,4.2521924764610866e-06,-0.06069184253242201,0.0,-0.6189827588881711,2.7512639553457774,2.2891832819419564,0.6189827588881711
121.0,0.0,0.0,-0.25124373207279194,-2.1006042589933767,-3.878009245264307,-50.24874641455838,3.0,0.0,-3.567728723527946,0.33,0.0,False,0.005301862606647219,0.25124373207279194,0.2650942575593753,0.04252192476461086,4.252192476461086e-06,4.2521924764610866e-06,-0.05024960108028997,0.0,-0.9484978068681695,1.7774049862709305,1.4671244645345691,0.9484978068681695
122.0,0.0,0.0,-0.16065949413916478,-1.3046843130000738,-3.781729371791842,-32.131898827832956,3.0,0.0,-3.6645971896884877,0.04,0.0,False,0.005372166798731011,0.16065949413916478,0.26860948211091273,0.04252192476461086,4.252192476461086e-06,4.2521924764610866e-06,-0.03213244534958281,0.0,0.7959199459933028,2.4770450587917683,2.359912876688414,0.7959199459933028
123.0,0.0,0.0,-0.24822334891504214,-1.3193723108390718,-3.7664679833134094,-49.644669783008425,3.0,0.0,-3.707233358139635,0.17,0.0,False,0.005131604755442403,0.24822334891504214,0.2565813288006768,0.04252192476461086,4.252192476461086e-06,4.2521924764610866e-06,-0.04964551417418326,0.0,-0.01468799783899799,2.4470956724743376,2.387861047300563,0.01468799783899799
124.0,0.0,0.0,-0.2547131275144591,-2.238688841506309,-3.8488105053817923,-50.94262550289182,3.0,0.0,-3.7869705768233293,-0.02,0.0,False,0.005117071092535224,0.2547131275144591,0.25585464256532114,0.04252192476461086,4.252192476461086e-06,4.2521924764610866e-06,-0.050943491970602967,0.0,-0.9193165306672371,1.6101216638754834,1.5482817353170204,0.9193165306672371
125.0,0.0,0.0,-0.16440747190520447,-1.9749391297643286,-3.854557900414432,-32.881494381040895,3.0,0.0,-3.866557740445884,-0.09,0.0,False,0.005339571662519736,0.16440747190520447,0.26697971837030926,0.04252192476461086,4.252192476461086e-06,4.2521924764610866e-06,-0.03288205365243482,0.0,0.26374971174198025,1.8796187706501035,1.8916186106815553,0.26374971174198025
126.0,0.0,0.0,-0.19727057414488722,-2.9005717505305135,-3.973627601743929,-39.454114828977445,3.0,0.0,-3.8827985151691076,0.07,0.0,False,0.005086851671188694,0.19727057414488722,0.25434366507305495,0.04252192476461086,4.252192476461086e-06,4.2521924764610866e-06,-0.039454785892084884,0.0,-0.9256326207661849,1.0730558512134154,0.982226764638594,0.9256326207661849
127.0,0.0,0.0,-0.11182902062854895,-3.1385830725937325,-4.041673786948945,-22.36580412570979,3.0,0.0,-3.947686812835759,0.0,0.0,False,0.005155202907796103,0.11182902062854894,0.25776124143555607,0.04252192476461086,4.252192476461086e-06,4.2521924764610866e-06,-0.022366184538908315,0.0,-0.23801132206321896,0.9030907143552129,0.8091037402420267,0.23801132206321896
128.0,0.0,0.0,-0.09496917703206867,-2.9408722169270805,-4.1042869182038215,-18.993835406413734,3.0,0.0,-4.01888573274201,0.16,0.0,False,0.00503404505252922,0.09496917703206868,0.2517033229128859,0.04252192476461086,4.252192476461086e-06,4.2521924764610866e-06,-0.01899415846681606,0.0,0.19771085566665203,1.163414701276741,1.0780135158149298,0.19771085566665203
129.0,0.0,0.0,-0.12053991258968381,-3.614002803288733,-4.268048293960288,-24.10798251793676,3.0,0.0,-4.088295034275422,0.09,0.0,False,0.0048772409134124695,0.12053991258968381,0.24386308261897932,0.04252192476461086,4.252192476461086e-06,4.2521924764610866e-06,-0.02410839256332069,0.0,-0.6731305863616526,0.6540454906715554,0.47429223098668905,0.6731305863616526
130.0,0.0,0.0,-0.06105542460885361,-3.622887868988236,-4.3455596500368925,-12.211084921770722,3.0,0.0,-4.146296970769388,0.26,0.0,False,0.004966727233262412,0.061055424608853597,0.24833741763712924,0.04252192476461086,4.252192476461086e-06,4.2521924764610866e-06,-0.012211292616421288,0.0,-0.00888506569950298,0.7226717810486565,0.523409101781152,0.00888506569950298
131.0,0.0,0.0,-0.0570812953597882,-3.787011569894649,-4.168792610345302,-11.41625907195764,3.0,0.0,-4.2245700303481275,-0.15,0.0,False,0.005413606130576835,0.0570812953597882,0.2706814575136047,0.04252192476461086,4.252192476461086e-06,4.2521924764610866e-06,-0.011416453247655698,0.0,-0.16412370090641293,0.3817810404506532,0.43755846045347857,0.16412370090641293
132.0,0.0,0.0,-0.04569934679391865,-3.867997359147235,-4.296843301289727,-9.139869358783729,3.0,0.0,-4.1937129586188515,0.13,0.0,False,0.005395674490636865,0.045699346793918634,0.26978487170416693,0.04252192476461086,4.252192476461086e-06,4.2521924764610866e-06,-0.00914002481605758,0.0,-0.08098578925258604,0.4288459421424924,0.32571559947161655,0.08098578925258604
133.0,0.0,0.0,-0.04406730558190014,-4.732739335129442,-4.43962901343312,-8.813461116380028,3.0,0.0,-4.244014753954765,-0.01,0.0,False,0.0054750421351787825,0.044067305581900126,0.2737532708055878,0.04252192476461086,4.252192476461086e-06,4.2521924764610866e-06,-0.008813611021874794,0.0,-0.864741975982207,-0.29311032169632156,-0.48872458117467676,0.864741975982207
134.0,0.0,0.0,0.04090413426122383,-4.591088470795464,-4.471468089237965,8.180826852244765,3.0,0.0,-4.308679784099499,0.12,0.0,False,0.005223276980941246,0.040904134261223815,0.26116495956601626,0.04252192476461086,4.252192476461086e-06,4.2521924764610866e-06,0.008180965997454654,0.0,0.141650864333978,-0.11962038155749877,-0.2824086866959652,0.141650864333978
135.0,0.0,0.0,0.025271891501084328,-4.991562880462614,-4.624402130070771,5.054378300216865,3.0,0.0,-4.323689295904606,0.1,0.0,False,0.005058605824152996,0.02527189150108433,0.2529313667159311,0.04252192476461086,4.252192476461086e-06,4.2521924764610866e-06,0.005054464268608833,0.0,-0.40047440966715,-0.36716075039184304,-0.6678735845580084,0.40047440966715
136.0,0.0,0.0,0.06052030976226321,-4.241107589383236,-4.639839855706152,12.104061952452643,3.0,0.0,-4.338364182737276,0.23,0.0,False,0.00502675943632999,0.06052030976226321,0.25133904055393225,0.04252192476461086,4.252192476461086e-06,4.2521924764610866e-06,0.01210426782678189,0.0,0.750455291079378,0.3987322663229165,0.09725659335404035,0.750455291079378
137.0,0.0,0.0,-0.02310355723875305,-3.9097028030846945,-4.790109130349463,-4.62071144775061,3.0,0.0,-4.386346915639691,0.36,0.0,False,0.004794442595897824,0.02310355723875305,0.2397231491395279,0.04252192476461086,4.252192476461086e-06,4.2521924764610866e-06,-0.0046207900400342325,0.0,0.3314047862985414,0.8804063272647684,0.4766441125549963,0.3314047862985414
138.0,0.0,0.0,-0.05525135270303891,-3.0604364871948415,-4.647948549998241,-11.050270540607782,3.0,0.0,-4.47214807380938,-0.17,0.0,False,0.005095645008224598,0.05525135270303891,0.2547833337943982,0.04252192476461086,4.252192476461086e-06,4.2521924764610866e-06,-0.011050458491317592,0.0,0.849266315889853,1.5875120628033996,1.4117115866145382,0.849266315889853
139.0,0.0,0.0,-0.14248185717708453,-3.6774130744536926,-4.60982670376576,-28.496371435416904,3.0,0.0,-4.462228077084397,0.06,0.0,False,0.005285649707413658,0.14248185717708453,0.2642836091506788,0.04252192476461086,4.252192476461086e-06,4.2521924764610866e-06,-0.0284968561215808,0.0,-0.6169765872588511,0.9324136293120677,0.7848150026307046,0.6169765872588511
140.0,0.0,0.0,-0.08160508387351115,-3.45340904163113,-4.529249231997947,-16.32101677470223,3.0,0.0,-4.4852853519797415,-0.03,0.0,False,0.005313693177555563,0.08160508387351115,0.2656857886200857,0.04252192476461086,4.252192476461086e-06,4.2521924764610866e-06,-0.016321294373940764,0.0,0.22400403282256276,1.0758401903668173,1.0318763103486117,0.22400403282256276
141.0,0.0,0.0,-0.10942405782736687,-3.0805259548451405,-4.561019455243536,-21.884811565473374,3.0,0.0,-4.493481263214988,0.07,0.0,False,0.005076235390013564,0.10942405782736687,0.25381284875717486,0.04252192476461086,4.252192476461086e-06,4.2521924764610866e-06,-0.0218851837976149,0.0,0.37288308678598936,1.4804935003983957,1.4129553083698472,0.37288308678598936
142.0,0.0,0.0,-0.14664083860218452,-3.6563994597840335,-4.5778348206960455,-29.328167720436905,3.0,0.0,-4.5476728845125685,-0.08,0.0,False,0.0049443473372631054,0.14664083860218452,0.2472184180789827,0.04252192476461086,4.252192476461086e-06,4.2521924764610866e-06,-0.02932866655437226,0.0,-0.575873504938893,0.9214353609120121,0.891273424728535,0.575873504938893
143.0,0.0,0.0,-0.09361161736307225,-4.724538006091549,-4.609889583572662,-18.72232347261445,3.0,0.0,-4.546965518120516,-0.06,0.0,False,0.0050841962044520595,0.09361161736307226,0.25421089117164536,0.04252192476461086,4.252192476461086e-06,4.2521924764610866e-06,-0.018722641914952404,0.0,-1.068138546307516,-0.1146484225188873,-0.17757248797103298,1.068138546307516
144.0,0.0,0.0,0.014979240191449819,-4.919945639417286,-4.473735758579353,2.9958480382899637,3.0,0.0,-4.592535536145508,0.02,0.0,False,0.005469347822072506,0.014979240191449816,0.2734685539396082,0.04252192476461086,4.252192476461086e-06,4.2521924764610866e-06,0.0029958989937632447,0.0,-0.19540763332573619,-0.4462098808379329,-0.32741010327177733,0.19540763332573619
145.0,0.0,0.0,0.033900047404378526,-5.630250195768717,-4.463386826146362,6.780009480875705,3.0,0.0,-4.574742419446429,0.01,0.0,False,0.005501440122055665,0.033900047404378526,0.27507317576189805,0.04252192476461086,4.252192476461086e-06,4.2521924764610866e-06,0.0067801248000065595,0.0,-0.7103045563514314,-1.1668633696223552,-1.0555077763222878,0.7103045563514314
146.0,0.0,0.0,0.10251802171717532,-5.194472775608071,-4.480908002273867,20.503604343435065,3.0,0.0,-4.5809379578971745,-0.08,0.0,False,0.0055947704172778015,0.10251802171717532,0.2797397103659238,0.04252192476461086,4.252192476461086e-06,4.2521924764610866e-06,0.02050395308304066,0.0,0.4357774201606457,-0.7135647733342045,-0.6135348177108968,0.4357774201606457
147.0,0.0,0.0,0.05715681319422108,-5.509664991054583,-4.492926106802099,11.431362638844215,3.0,0.0,-4.605048182278932,-0.05,0.0,False,0.0055655518456831565,0.05715681319422108,0.278278775574042,0.04252192476461086,4.252192476461086e-06,4.2521924764610866e-06,0.011431557071434274,0.0,-0.3151922154465119,-1.0167388842524838,-0.9046168087756508,0.3151922154465119
148.0,0.0,0.0,0.0871590087872377,-6.249190518273361,-4.554891151719156,17.43180175744754,3.0,0.0,-4.622892491577309,0.0,0.0,False,0.005632870588985438,0.0871590087872377,0.2816447270517688,0.04252192476461086,4.252192476461086e-06,4.2521924764610866e-06,0.01743209824969192,0.0,-0.7395255272187775,-1.6942993665542048,-1.6262980266960518,0.7395255272187775
149.0,0.0,0.0,0.16036098428927847,-5.992384711114413,-4.631662008916582,32.072196857855694,3.0,0.0,-4.638056372338136,0.06,0.0,False,0.0053146572200349585,0.16036098428927847,0.2657339909490201,0.04252192476461086,4.252192476461086e-06,4.2521924764610866e-06,0.0320727423641528,0.0,0.25680580715894763,-1.3607227021978314,-1.354328338776277,0.25680580715894763
150.0,0.0,0.0,0.13464709749185397,-5.868906331494644,-4.544403732697171,26.929419498370795,3.0,0.0,-4.645546581092032,0.09,0.0,False,0.005414088854631817,0.13464709749185397,0.27070559381898557,0.04252192476461086,4.252192476461086e-06,4.2521924764610866e-06,0.026929877532723065,0.0,0.12347837961976893,-1.3245025987974728,-1.2233597504026124,0.12347837961976893
151.0,0.0,0.0,0.11881911516504184,-6.61960325102957,-4.615399066198529,23.763823033008368,3.0,0.0,-4.6458851089271285,-0.04,0.0,False,0.005368314324654113,0.11881911516504186,0.2684168575879948,0.04252192476461086,4.252192476461086e-06,4.2521924764610866e-06,0.023764227224687698,0.0,-0.750696919534926,-2.004204184831041,-1.9737181421024417,0.750696919534926
152.0,0.0,0.0,0.19026577590185764,-6.530598460020642,-4.778767395592901,38.053155180371526,3.0,0.0,-4.680689917756848,0.01,0.0,False,0.005406638772249833,0.19026577590185767,0.27033308811592716,0.04252192476461086,4.252192476461086e-06,4.2521924764610866e-06,0.03805380241497998,0.0,0.08900479100892777,-1.7518310644277415,-1.849908542263794,0.08900479100892777
153.0,0.0,0.0,0.1749966401230223,-6.988735491109338,-4.800946631698577,34.99932802460446,3.0,0.0,-4.7169050396759555,0.09,0.0,False,0.004988374477083288,0.1749966401230223,0.24941978443058543,0.04252192476461086,4.252192476461086e-06,4.2521924764610866e-06,0.03499992331759036,0.0,-0.45813703108869586,-2.1877888594107615,-2.2718304514333827,0.45813703108869586
154.0,0.0,0.0,0.21734751930419635,-7.449553215863176,-4.726974814184596,43.46950386083927,3.0,0.0,-4.780594852820594,-0.11,0.0,False,0.005020226763404042,0.21734751930419635,0.2510124055187257,0.04252192476461086,4.252192476461086e-06,4.2521924764610866e-06,0.04347024322048442,0.0,-0.46081772475383787,-2.7225784016785797,-2.6689583630425817,0.46081772475383787
155.0,0.0,0.0,0.26254729947268335,-7.017010569010497,-4.886080020757245,52.50945989453667,3.0,0.0,-4.815214087893059,0.03,0.0,False,0.004929209877847697,0.2625472994726833,0.24646154188984273,0.04252192476461086,4.252192476461086e-06,4.2521924764610866e-06,0.05251035301206015,0.0,0.43254264685267874,-2.130930548253253,-2.201796481117438,0.43254264685267874
156.0,0.0,0.0,0.21929574746841682,-6.676924095182105,-4.843139653570514,43.85914949368336,3.0,0.0,-4.8240244010537685,-0.13,0.0,False,0.005126698556830103,0.21929574746841682,0.2563360178269567,0.04252192476461086,4.252192476461086e-06,4.2521924764610866e-06,0.043859895480693245,0.0,0.34008647382839197,-1.8337844416115914,-1.8528996941283369,0.34008647382839197
157.0,0.0,0.0,0.1841343227124395,-6.9035561816020214,-4.833506905860761,36.826864542487904,3.0,0.0,-4.824006469939957,0.08,0.0,False,0.00497299974169117,0.1841343227124395,0.24865104439216276,0.04252192476461086,4.252192476461086e-06,4.2521924764610866e-06,0.03682749091948975,0.0,-0.22663208641991606,-2.07004927574126,-2.0795497116620645,0.22663208641991606
158.0,0.0,0.0,0.2086788590506826,-7.01040733582709,-4.818446725545976,41.73577181013652,3.0,0.0,-4.835541719328628,0.05,0.0,False,0.0047033518537239714,0.20867885905068256,0.23516859266406684,0.04252192476461086,4.252192476461086e-06,4.2521924764610866e-06,0.041736481681257535,0.0,-0.10685115422506897,-2.1919606102811144,-2.1748656164984626,0.10685115422506897
159.0,0.0,0.0,0.2206342855077337,-6.3084231130456905,-4.788298555434993,44.12685710154674,3.0,0.0,-4.816723223961476,-0.12,0.0,False,0.004707285844286512,0.2206342855077337,0.23536529302859813,0.04252192476461086,4.252192476461086e-06,4.2521924764610866e-06,0.04412760764191437,0.0,0.7019842227813999,-1.5201245576106972,-1.4916998890842148,0.7019842227813999
160.0,0.0,0.0,0.14620563691743507,-6.211973281854319,-4.8707283227288665,29.241127383487015,3.0,0.0,-4.804017571777312,0.08,0.0,False,0.004684123005807753,0.14620563691743507,0.2342071461800178,0.04252192476461086,4.252192476461086e-06,4.2521924764610866e-06,0.029241624736979596,0.0,0.09644983119137152,-1.3412449591254525,-1.4079557100770073,0.09644983119137152
161.0,0.0,0.0,0.1397676073069687,-6.48528786621526,-4.809741450112046,27.953521461393738,3.0,0.0,-4.8463356591458755,-0.03,0.0,False,0.004756235323851046,0.1397676073069687,0.23781277741395532,0.04252192476461086,4.252192476461086e-06,4.2521924764610866e-06,0.02795399691438659,0.0,-0.273314584360941,-1.6755464161032139,-1.6389522070693845,0.273314584360941
162.0,0.0,0.0,0.16579387757469763,-6.291279961233131,-4.866082453369276,33.15877551493953,3.0,0.0,-4.814267492846222,-0.01,0.0,False,0.004843422542158746,0.16579387757469768,0.242172156866182,0.04252192476461086,4.252192476461086e-06,4.2521924764610866e-06,0.033159339502524414,0.0,0.19400790498212928,-1.4251975078638548,-1.477012468386909,0.19400790498212928
163.0,0.0,0.0,0.14006837429943633,-6.19053157136512,-4.979492776662745,28.013674859887267,3.0,0.0,-4.827313841094341,0.15,0.0,False,0.00462656462364645,0.14006837429943633,0.23132921483448662,0.04252192476461086,4.252192476461086e-06,4.2521924764610866e-06,0.028014151336011085,0.0,0.10074838986801105,-1.2110387947023744,-1.3632177302707786,0.10074838986801105
164.0,0.0,0.0,0.12194913168029316,-7.049614408125293,-5.1839061725183875,24.389826336058633,3.0,0.0,-4.8905664383544,0.35,0.0,False,0.004496715395049715,0.12194913168029316,0.22483672579745434,0.04252192476461086,4.252192476461086e-06,4.2521924764610866e-06,0.02439024117523883,0.0,-0.859082836760173,-1.8657082356069052,-2.159047969770893,0.859082836760173
165.0,0.0,0.0,0.19225640488509943,-6.154188246570218,-5.3839932565620225,38.451280977019884,3.0,0.0,-4.971014327003178,0.55,0.0,False,0.0046162829661964035,0.19225640488509937,0.23081512977600502,0.04252192476461086,4.252192476461086e-06,4.2521924764610866e-06,0.03845193498322961,0.0,0.8954261615550747,-0.7701949900081955,-1.1831739195670403,0.8954261615550747
166.0,0.0,0.0,0.09012755057042898,-6.478117289002669,-5.448495284928578,18.025510114085797,3.0,0.0,-5.1270094837123805,0.44,0.0,False,0.0046192371368873235,0.09012755057042897,0.23096283893863614,0.04252192476461086,4.252192476461086e-06,4.2521924764610866e-06,0.018025816704536065,0.0,-0.323929042432451,-1.029622004074091,-1.3511078052902885,0.323929042432451
167.0,0.0,0.0,0.11646161182296452,-6.657282472647743,-5.441651787163926,23.292322364592906,3.0,0.0,-5.252893578881307,0.15,0.0,False,0.004509238471227625,0.11646161182296452,0.22546288226887637,0.04252192476461086,4.252192476461086e-06,4.2521924764610866e-06,0.023292718536659957,0.0,-0.1791651836450736,-1.2156306854838164,-1.404388893766436,0.1791651836450736
168.0,0.0,0.0,0.1274899498561572,-5.819550464789918,-5.566497755534373,25.497989971231437,3.0,0.0,-5.313476409913545,0.24,0.0,False,0.005006348000893297,0.1274899498561572,0.25031846444243006,0.04252192476461086,4.252192476461086e-06,4.2521924764610866e-06,0.025498423658831773,0.0,0.8377320078578245,-0.25305270925554524,-0.5060740548763727,0.8377320078578245
169.0,0.0,0.0,0.037092713143303944,-5.9959964091844355,-5.595968448226734,7.418542628660789,3.0,0.0,-5.3823558684958925,0.2,0.0,False,0.004871883170722762,0.03709271314330394,0.2435951943453863,0.04252192476461086,4.252192476461086e-06,4.2521924764610866e-06,0.007418668808408849,0.0,-0.17644594439451744,-0.40002796095770154,-0.613640540688543,0.17644594439451744
170.0,0.0,0.0,0.05118302789377913,-5.231281069852167,-5.709374775407529,10.236605578755826,3.0,0.0,-5.448615447089091,0.05,0.0,False,0.005213596208071376,0.051183027893779126,0.26068091886429734,0.04252192476461086,4.252192476461086e-06,4.2521924764610866e-06,0.010236779690084368,0.0,0.7647153393322688,0.478093705555362,0.2173343772369245,0.7647153393322688
171.0,0.0,0.0,-0.029381994225663313,-5.466877390040204,-5.81761520002848,-5.8763988451326625,3.0,0.0,-5.484155248242338,0.17,0.0,False,0.004706336156162838,0.029381994225663313,0.2353178084205016,0.04252192476461086,4.252192476461086e-06,4.2521924764610866e-06,-0.005876498795023483,0.0,-0.2355963201880371,0.3507378099882761,0.017277858202134233,0.2355963201880371
172.0,0.0,0.0,-0.018701416133859287,-5.321083532016193,-6.100377301728233,-3.740283226771857,3.0,0.0,-5.525107259003539,0.52,0.0,False,0.0049898184453053395,0.018701416133859287,0.24949198314868953,0.04252192476461086,4.252192476461086e-06,4.2521924764610866e-06,-0.0037403468441181277,0.0,0.14579385802401124,0.7792937697120399,0.20402372698734617,0.14579385802401124
173.0,0.0,0.0,-0.04024120270831982,-4.286236391701621,-6.006050067087981,-8.048240541663965,3.0,0.0,-5.653895527479846,0.24,0.0,False,0.005123640339639266,0.04024120270831982,0.2561831063172084,0.04252192476461086,4.252192476461086e-06,4.2521924764610866e-06,-0.008048377431753396,0.0,1.0348471403145716,1.7198136753863595,1.3676591357782248,1.0348471403145716
174.0,0.0,0.0,-0.15258628201974414,-3.962684215450469,-6.111387983230785,-30.517256403948828,3.0,0.0,-5.72350411476636,0.28,0.0,False,0.005482728093903979,0.15258628201974414,0.27413757037595643,0.04252192476461086,4.252192476461086e-06,4.2521924764610866e-06,-0.030517775462733997,0.0,0.3235521762511522,2.1487037677803165,1.7608198993158912,0.3235521762511522
175.0,0.0,0.0,-0.19068949125443943,-4.3284890911973,-6.152512192269738,-38.137898250887886,3.0,0.0,-5.812131653211082,0.37,0.0,False,0.005096894705928664,0.19068949125443943,0.2548458189452992,0.04252192476461086,4.252192476461086e-06,4.2521924764610866e-06,-0.038138546926865594,0.0,-0.36580487574683085,1.824023101072438,1.4836425620137819,0.36580487574683085
176.0,0.0,0.0,-0.1626724730464575,-4.64072178450316,-6.043342553473663,-32.5344946092915,3.0,0.0,-5.869619670415863,0.19,0.0,False,0.00489518373330541,0.1626724730464575,0.2447602274284425,0.04252192476461086,4.252192476461086e-06,4.2521924764610866e-06,-0.03253504797867125,0.0,-0.31223269330586056,1.402620768970503,1.228897885912703,0.31223269330586056
177.0,0.0,0.0,-0.13825137849134164,-5.381164410921086,-6.064298759366239,-27.650275698268327,3.0,0.0,-5.955248407395174,0.12,0.0,False,0.004895367101992555,0.13825137849134164,0.24476939590178576,0.04252192476461086,4.252192476461086e-06,4.2521924764610866e-06,-0.0276507459934457,0.0,-0.7404426264179254,0.6831343484451535,0.574083996474088,0.7404426264179254
178.0,0.0,0.0,-0.06603556436738191,-5.007911180844882,-6.056456244808255,-13.207112873476381,3.0,0.0,-6.023264962990149,-0.17,0.0,False,0.0052618941100685615,0.06603556436738191,0.26309582423275535,0.04252192476461086,4.252192476461086e-06,4.2521924764610866e-06,-0.01320733750926516,0.0,0.3732532300762035,1.048545063963373,1.015353782145267,0.3732532300762035
179.0,0.0,0.0,-0.10193163340683219,-6.125735978869965,-6.003263935745349,-20.386326681366437,3.0,0.0,-6.0415340943914035,0.09,0.0,False,0.005250412231470691,0.10193163340683219,0.2625217278617039,0.04252192476461086,4.252192476461086e-06,4.2521924764610866e-06,-0.020386673426231742,0.0,-1.117824798025083,-0.12247204312461601,-0.0842018844785617,1.117824798025083
180.0,0.0,0.0,0.00871966149547413,-7.113566883447673,-5.960377483004553,1.743932299094826,3.0,0.0,-6.0272491865594375,0.04,0.0,False,0.005104049436580069,0.008976967264663922,0.2552035569990341,0.04252192476461086,4.252192476461086e-06,4.2521924764610866e-06,0.0017439619611119026,0.0,-0.9878309045777076,-1.1531894004431198,-1.0863176968882353,0.9878309045777076
181.0,0.0,0.0,0.10624961523785471,-7.07818655106225,-6.012151215185227,21.24992304757094,3.0,0.0,-6.038537510031274,-0.06,0.0,False,0.005205095360872072,0.10624961523785471,0.26025587469697015,0.04252192476461086,4.252192476461086e-06,4.2521924764610866e-06,0.02125028448108567,0.0,0.03538033238542315,-1.0660353358770225,-1.0396490410309758,0.03538033238542315
182.0,0.0,0.0,0.10229197157714108,-7.300593028434117,-6.052070638601935,20.458394315428215,3.0,0.0,-6.051048141378399,0.0,0.0,False,0.005147402191838582,0.10229197157714108,0.2573712039791727,0.04252192476461086,4.252192476461086e-06,4.2521924764610866e-06,0.020458742286070114,0.0,-0.2224064773718677,-1.248522389832182,-1.249544887055718,0.2224064773718677
183.0,0.0,0.0,0.12387965347085088,-7.336041258710101,-6.029578191576305,24.775930694170174,3.0,0.0,-6.055245087033243,0.05,0.0,False,0.004960219536786374,0.12387965347085088,0.24801203142972844,0.04252192476461086,4.252192476461086e-06,4.2521924764610866e-06,0.02477635210048263,0.0,-0.03544823027598376,-1.3064630671337962,-1.280796171676858,0.03544823027598376
184.0,0.0,0.0,0.1262305026462998,-6.969498892727459,-5.9829306118813435,25.246100529259962,3.0,0.0,-6.061770155719087,0.0,0.0,False,0.005108220253378969,0.1262305026462998,0.25541209872573484,0.04252192476461086,4.252192476461086e-06,4.2521924764610866e-06,0.025246529932548955,0.0,0.36654236598264234,-0.9865682808461154,-0.9077287370083722,0.36654236598264234
185.0,0.0,0.0,0.0956444259974768,-7.832650439835184,-5.946973548335371,19.12888519949536,3.0,0.0,-6.073709394427421,0.01,0.0,False,0.005321297913282059,0.0956444259974768,0.2660660270232505,0.04252192476461086,4.252192476461086e-06,4.2521924764610866e-06,0.019129210556918776,0.0,-0.8631515471077256,-1.8856768914998137,-1.758941045407763,0.8631515471077256
186.0,0.0,0.0,0.17757556145954623,-8.334139990366848,-6.110170202341621,35.51511229190925,3.0,0.0,-6.01303429782726,0.07,0.0,False,0.005202407278642491,0.17757556145954623,0.260121470013979,0.04252192476461086,4.252192476461086e-06,4.2521924764610866e-06,0.03551571635771377,0.0,-0.5014895505316641,-2.2239697880252276,-2.3211056925395885,0.5014895505316641
187.0,0.0,0.0,0.2225280443417471,-8.644844239691382,-6.233968260631153,44.50560886834942,3.0,0.0,-6.056857070966402,0.05,0.0,False,0.005435645726452817,0.2225280443417471,0.2717834419932339,0.04252192476461086,4.252192476461086e-06,4.2521924764610866e-06,0.04450636585079131,0.0,-0.3107042493245338,-2.410875979060229,-2.5879871687249807,0.3107042493245338
188.0,0.0,0.0,0.2495191649313096,-8.955217962486325,-6.171452199613339,49.90383298626192,3.0,0.0,-6.1088122353455825,0.18,0.0,False,0.0050905713180094125,0.2495191649313096,0.25452964820492346,0.04252192476461086,4.252192476461086e-06,4.2521924764610866e-06,0.049904681785465296,0.0,-0.31037372279494235,-2.783765762872986,-2.846405727140742,0.31037372279494235
189.0,0.0,0.0,0.27590549345132015,-8.959305487630974,-6.273727092259233,55.18109869026403,3.0,0.0,-6.149599540202497,0.02,0.0,False,0.005322718429967513,0.27590549345132015,0.2661370531595387,0.04252192476461086,4.252192476461086e-06,4.2521924764610866e-06,0.05518203724888382,0.0,-0.004087525144649717,-2.685578395371741,-2.809705947428477,0.004087525144649717
190.0,0.0,0.0,0.2692834940243122,-8.71974945810355,-6.259477050753942,53.85669880486243,3.0,0.0,-6.196104367809953,0.03,0.0,False,0.005279186664201173,0.2692834940243122,0.2639604556159494,0.04252192476461086,4.252192476461086e-06,4.2521924764610866e-06,0.053857614837165106,0.0,0.23955602952742439,-2.460272407349608,-2.5236450902935967,0.23955602952742439
191.0,0.0,0.0,0.2400244490835739,-8.606439120195864,-6.4342635410176605,48.00488981671478,3.0,0.0,-6.2664132951254885,0.21,0.0,False,0.0053306346664392795,0.2400244490835739,0.2665328666661951,0.04252192476461086,4.252192476461086e-06,4.2521924764610866e-06,0.04800570631736807,0.0,0.11331033790768608,-2.1721755791782034,-2.3400258250703754,0.11331033790768608
192.0,0.0,0.0,0.22495728092885492,-8.165505108685087,-6.321673197269722,44.991456185770986,3.0,0.0,-6.319453935759985,-0.06,0.0,False,0.00571315943631806,0.22495728092885492,0.28565918648858146,0.04252192476461086,4.252192476461086e-06,4.2521924764610866e-06,0.04499222143184296,0.0,0.4409340115107767,-1.8438319114153652,-1.846051172925102,0.4409340115107767
193.0,0.0,0.0,0.1805271303539405,-7.787486485175396,-6.234109839412128,36.1054260707881,3.0,0.0,-6.356818482824443,-0.04,0.0,False,0.005617820573626583,0.1805271303539405,0.28089222308404793,0.04252192476461086,4.252192476461086e-06,4.2521924764610866e-06,0.036106040177061156,0.0,0.37801862350969095,-1.5533766457632678,-1.430668002350953,0.37801862350969095
194.0,0.0,0.0,0.14469030722993564,-7.431103663864355,-6.230414851406537,28.93806144598713,3.0,0.0,-6.360195423340411,0.12,0.0,False,0.005528184788433459,0.14469030722993564,0.27641041476696127,0.04252192476461086,4.252192476461086e-06,4.2521924764610866e-06,0.028938553644722836,0.0,0.3563828213110414,-1.2006888124578179,-1.070908240523944,0.3563828213110414
195.0,0.0,0.0,0.11137263687660816,-7.217586467703663,-6.120778008033066,22.274527375321632,3.0,0.0,-6.34055265032425,-0.03,0.0,False,0.005556570519873389,0.11137263687660816,0.2778297073740374,0.04252192476461086,4.252192476461086e-06,4.2521924764610866e-06,0.022274906236021512,0.0,0.21351719616069165,-1.096808459670597,-0.877033817379413,0.21351719616069165
196.0,0.0,0.0,0.09089016947338777,-7.4461883850367085,-6.131547702360767,18.178033894677554,3.0,0.0,-6.317353616203844,0.07,0.0,False,0.005848898749518684,0.09089016947338777,0.29244618100809705,0.04252192476461086,4.252192476461086e-06,4.2521924764610866e-06,0.018178343079358682,0.0,-0.22860191733304536,-1.3146406826759414,-1.1288347688328644,0.22860191733304536
197.0,0.0,0.0,0.10955492047721593,-7.161453175647787,-6.1456173201636375,21.910984095443187,3.0,0.0,-6.308665448845045,-0.11,0.0,False,0.005801806780517968,0.10955492047721593,0.29009157254585544,0.04252192476461086,4.252192476461086e-06,4.2521924764610866e-06,0.02191135677274536,0.0,0.2847352093889217,-1.0158358554841493,-0.8527877268027417,0.2847352093889217
198.0,0.0,0.0,0.07913825827421495,-7.437388235004417,-6.353250303937805,15.827651654842988,3.0,0.0,-6.3506158878341195,0.04,0.0,False,0.005493845575067967,0.07913825827421495,0.27469344679783936,0.04252192476461086,4.252192476461086e-06,4.2521924764610866e-06,0.0158279208625834,0.0,-0.2759350593566303,-1.0841379310666124,-1.0867723471702977,0.2759350593566303
199.0,0.0,0.0,0.1083335812008562,-6.645041555199748,-6.418086224080647,21.66671624017124,3.0,0.0,-6.370053767350316,0.02,0.0,False,0.005353118198358594,0.1083335812008562,0.26765704804237617,0.04252192476461086,4.252192476461086e-06,4.2521924764610866e-06,0.021667084762795333,0.0,0.7923466798046688,-0.22695533111910127,-0.27498778784943223,0.7923466798046688
200.0,0.0,0.0,0.023844224434725197,-5.982814603576689,-6.433748388238858,4.76884488694504,3.0,0.0,-6.35402939023391,0.09,0.0,False,0.004956287224923896,0.023844224434725197,0.24781541500055718,0.04252192476461086,4.252192476461086e-06,4.2521924764610866e-06,0.004768925998785531,0.0,0.662226951623059,0.45093378466216905,0.3712147866572204,0.662226951623059
201.0,0.0,0.0,-0.04504853630618811,-6.350218663224636,-6.527971540169236,-9.009707261237622,3.0,0.0,-6.406594241340909,-0.03,0.0,False,0.004958825260294187,0.04504853630618811,0.24794231730868252,0.04252192476461086,4.252192476461086e-06,4.2521924764610866e-06,-0.00900986050462372,0.0,-0.36740405964794665,0.1777528769446004,0.05637557811627314,0.36740405964794665
202.0,0.0,0.0,-0.014894025400956119,-6.799056560077032,-6.520676188788524,-2.978805080191224,3.0,0.0,-6.433309544390928,0.12,0.0,False,0.005047432586996251,0.014894025400956119,0.2523727024825561,0.04252192476461086,4.252192476461086e-06,4.2521924764610866e-06,-0.0029788557457859845,0.0,-0.44883789685239606,-0.2783803712885078,-0.3657470156861038,0.44883789685239606
203.0,0.0,0.0,0.022821081554395842,-7.119512286922411,-6.631407191625105,4.564216310879169,3.0,0.0,-6.499162083847335,0.12,0.0,False,0.005275555862331697,0.022821081554395842,0.2637789147505321,0.04252192476461086,4.252192476461086e-06,4.2521924764610866e-06,0.004564293942254094,0.0,-0.3204557268453785,-0.48810509529730517,-0.6203502030750752,0.3204557268453785
204.0,0.0,0.0,0.054035767190583034,-7.078564960831479,-6.569608998202351,10.807153438116607,3.0,0.0,-6.57084089255151,-0.1,0.0,False,0.005163132294468269,0.054035767190583034,0.25815771245502833,0.04252192476461086,4.252192476461086e-06,4.2521924764610866e-06,0.010807337253721143,0.0,0.04094732609093121,-0.5089559626291287,-0.5077240682799697,0.04094732609093121
205.0,0.0,0.0,0.0482190295605931,-6.808231393243215,-6.550949405268473,9.643805912118621,3.0,0.0,-6.579143126492445,0.07,0.0,False,0.0050169661094035065,0.0482190295605931,0.25084937212545255,0.04252192476461086,4.252192476461086e-06,4.2521924764610866e-06,0.009643969940696906,0.0,0.2703335675882643,-0.2572819879747419,-0.22908826675076988,0.2703335675882643
206.0,0.0,0.0,0.01856522959039762,-6.50173452929218,-6.737352587947809,3.7130459180795237,3.0,0.0,-6.596364413395813,0.02,0.0,False,0.0052747640211465675,0.01856522959039762,0.26373932252292265,0.04252192476461086,4.252192476461086e-06,4.2521924764610866e-06,0.0037131090721546473,0.0,0.30649686395103526,0.23561805865562935,0.09462988410363327,0.30649686395103526
207.0,0.0,0.0,-0.01179601361530158,-6.815192812082567,-6.726993892423582,-2.359202723060316,3.0,0.0,-6.62257515019276,0.06,0.0,False,0.005062644545753588,0.011801627450443582,0.25313330365463177,0.04252192476461086,4.252192476461086e-06,4.2521924764610866e-06,-0.0023592428500259642,0.0,-0.31345828279038734,-0.08819891965898474,-0.19261766188980722,0.31345828279038734
208.0,0.0,0.0,0.014545199180893498,-7.333735536125814,-6.61236801914068,2.9090398361786995,3.0,0.0,-6.619697173391213,-0.13,0.0,False,0.005226937225896417,0.014547565886295877,0.2613479725919781,0.04252192476461086,4.252192476461086e-06,4.2521924764610866e-06,0.0029090893151575235,0.0,-0.5185427240432467,-0.7213675169851337,-0.714038362734601,0.5185427240432467
209.0,0.0,0.0,0.06621481195161327,-6.755385550589408,-6.648428385625821,13.242962390322655,3.0,0.0,-6.669737727824306,-0.06,0.0,False,0.0054065012309874975,0.06621481195161329,0.2703262110235678,0.04252192476461086,4.252192476461086e-06,4.2521924764610866e-06,0.013243187635865024,0.0,0.5783499855364056,-0.1069571649635872,-0.08564782276510208,0.5783499855364056
210.0,0.0,0.0,0.00479113727855462,-7.5340349179038855,-6.790566700784139,0.958227455710924,3.0,0.0,-6.671573338703421,-0.01,0.0,False,0.005865635145825822,0.006192871757166821,0.2932830043817729,0.04252192476461086,4.252192476461086e-06,4.2521924764610866e-06,0.0009582437539119318,0.0,-0.7786493673144772,-0.7434682171197462,-0.8624615792004642,0.7786493673144772
211.0,0.0,0.0,0.08057909427854648,-8.188858374525584,-6.740372633978043,16.115818855709296,3.0,0.0,-6.707473159161967,0.1,0.0,False,0.005510194699627116,0.08057909427854648,0.275510906501778,0.04252192476461086,4.252192476461086e-06,4.2521924764610866e-06,0.01611609296479848,0.0,-0.6548234566216982,-1.4484857405475404,-1.4813852153636162,0.6548234566216982
212.0,0.0,0.0,0.1415029777872344,-8.988419707923232,-6.855538865361893,28.30059555744688,3.0,0.0,-6.728226843227499,0.02,0.0,False,0.005623686097908147,0.1415029777872344,0.2811855005451931,0.04252192476461086,4.252192476461086e-06,4.2521924764610866e-06,0.028301076913718068,0.0,-0.7995613333976479,-2.132880842561338,-2.2601928646957328,0.7995613333976479
213.0,0.0,0.0,0.21489660305893218,-8.511716238357067,-7.063463678676269,42.979320611786434,3.0,0.0,-6.773798511758364,0.33,0.0,False,0.005463309287044654,0.21489660305893218,0.27316662590436497,0.04252192476461086,4.252192476461086e-06,4.2521924764610866e-06,0.04298005163405295,0.0,0.4767034695661643,-1.4482525596807987,-1.7379177265987034,0.4767034695661643
214.0,0.0,0.0,0.16159114300194732,-9.97482064277078,-7.045025251815998,32.31822860038947,3.0,0.0,-6.8394079882479755,0.19,0.0,False,0.005215412107496687,0.16159114300194732,0.26077171422164064,0.04252192476461086,4.252192476461086e-06,4.2521924764610866e-06,0.032318778291366076,0.0,-1.4631044044137127,-2.929795390954782,-3.1354126545228045,1.4631044044137127
215.0,0.0,0.0,0.30198294675209625,-9.650019428027424,-7.048402404873377,60.39658935041925,3.0,0.0,-6.895770452505469,0.13,0.0,False,0.005110416228364437,0.30198294675209625,0.25552189794189367,0.04252192476461086,4.252192476461086e-06,4.2521924764610866e-06,0.06039761661774242,0.0,0.3248012147433563,-2.6016170231540467,-2.7542489755219544,0.3248012147433563
216.0,0.0,0.0,0.2645794852683484,-10.033317928637977,-7.045435886865172,52.91589705366968,3.0,0.0,-6.954926970769111,0.01,0.0,False,0.00513208093737976,0.26457948526834835,0.25660513799878554,0.04252192476461086,4.252192476461086e-06,4.2521924764610866e-06,0.05291679708415988,0.0,-0.3832985006105538,-2.9878820417728056,-3.0783909578688666,0.3832985006105538
217.0,0.0,0.0,0.2938585110178328,-9.665916030290196,-7.259875528135994,58.771702203566555,3.0,0.0,-7.004168323199107,0.21,0.0,False,0.005095011124392423,0.2938585110178328,0.25475163946801965,0.04252192476461086,4.252192476461086e-06,4.2521924764610866e-06,0.05877270183367564,0.0,0.36740189834778114,-2.4060405021542026,-2.661747707091089,0.36740189834778114
218.0,0.0,0.0,0.25025861681317946,-10.014018440330245,-7.266360377898199,50.05172336263589,3.0,0.0,-7.094670341312168,0.15,0.0,False,0.005025058815837616,0.25025861681317946,0.2512540091677452,0.04252192476461086,4.252192476461086e-06,4.2521924764610866e-06,0.05005257467726196,0.0,-0.34810241004004894,-2.7476580624320466,-2.9193480990180776,0.34810241004004894
219.0,0.0,0.0,0.281901629478111,-10.463572889966878,-7.261232746261319,56.3803258956222,3.0,0.0,-7.163276654768025,-0.07,0.0,False,0.005036198026833825,0.281901629478111,0.2518109720858591,0.04252192476461086,4.252192476461086e-06,4.2521924764610866e-06,0.05638128485153485,0.0,-0.4495544496366328,-3.202340143705559,-3.3002962351988527,0.4495544496366328
220.0,0.0,0.0,0.32773761455344846,-10.125025456682183,-7.172869830981648,65.5475229106897,3.0,0.0,-7.19494221054974,0.05,0.0,False,0.005264609079294281,0.3277376145534485,0.2632315732712699,0.04252192476461086,4.252192476461086e-06,4.2521924764610866e-06,0.06554863778868404,0.0,0.3385474332846954,-2.9521556257005344,-2.930083246132443,0.3385474332846954
221.0,0.0,0.0,0.2930872194753641,-9.949328441011602,-7.197332168150706,58.61744389507282,3.0,0.0,-7.186127064261455,-0.2,0.0,False,0.005452267116481391,0.29308721947536404,0.2726145150285301,0.04252192476461086,4.252192476461086e-06,4.2521924764610866e-06,0.058618440901448986,0.0,0.17569701567058083,-2.7519962728608958,-2.763201376750147,0.17569701567058083
222.0,0.0,0.0,0.2747050662810007,-10.691582988813435,-7.21247917514643,54.941013256200144,3.0,0.0,-7.194090948765065,0.19,0.0,False,0.005362133713996507,0.2747050662810008,0.268107825741057,0.04252192476461086,4.252192476461086e-06,4.2521924764610866e-06,0.054941947731279396,0.0,-0.7422545478018332,-3.479103813667005,-3.49749204004837,0.7422545478018332
223.0,0.0,0.0,0.3467219981059654,-10.580411804335126,-7.18641180929843,69.34439962119308,3.0,0.0,-7.202219373260793,-0.06,0.0,False,0.005681956271454569,0.3467219981059654,0.2840990216113138,0.04252192476461086,4.252192476461086e-06,4.2521924764610866e-06,0.06934557907911515,0.0,0.11117118447830876,-3.3939999950366966,-3.378192431074333,0.11117118447830876
224.0,0.0,0.0,0.33472502986137426,-11.008155318583837,-7.183621159401671,66.94500597227486,3.0,0.0,-7.224289291320197,0.01,0.0,False,0.005329565722374679,0.33472502986137426,0.26647941923569723,0.04252192476461086,4.252192476461086e-06,4.2521924764610866e-06,0.06694614461963598,0.0,-0.4277435142487107,-3.824534159182166,-3.78386602726364,0.4277435142487107
225.0,0.0,0.0,0.3740927633949862,-11.351344866393564,-7.244840239856954,74.81855267899724,3.0,0.0,-7.233090339958704,-0.01,0.0,False,0.005505538339790392,0.3740927633949862,0.2752780875199549,0.04252192476461086,4.252192476461086e-06,4.2521924764610866e-06,0.07481982524513318,0.0,-0.3431895478097271,-4.10650462653661,-4.1182545264348605,0.3431895478097271
226.0,0.0,0.0,0.4093297075067585,-11.134934245536591,-7.101051399703972,81.8659415013517,3.0,0.0,-7.267148148912279,0.01,0.0,False,0.005680697275838139,0.4093297075067585,0.2840360715628178,0.04252192476461086,4.252192476461086e-06,4.2521924764610866e-06,0.08186733393439286,0.0,0.2164106208569727,-4.033882845832619,-3.8677860966243127,0.2164106208569727
227.0,0.0,0.0,0.3900689619477004,-11.127356393986853,-7.126820194397529,78.01379238954009,3.0,0.0,-7.257960763890851,0.1,0.0,False,0.0058972288599086035,0.39006896194770035,0.29486269680303967,0.04252192476461086,4.252192476461086e-06,4.2521924764610866e-06,0.07801511930254196,0.0,0.007577851549738668,-4.000536199589324,-3.869395630096002,0.007577851549738668
228.0,0.0,0.0,0.3892507250678567,-10.83662437259387,-7.148251232458968,77.85014501357134,3.0,0.0,-7.234161693644327,-0.02,0.0,False,0.005812570852211692,0.3892507250678567,0.290629778419087,0.04252192476461086,4.252192476461086e-06,4.2521924764610866e-06,0.07785146914314449,0.0,0.2907320213929836,-3.6883731401349014,-3.602462678949542,0.2907320213929836
229.0,0.0,0.0,0.3589567323943499,-11.51956190408569,-7.362471349002446,71.79134647886998,3.0,0.0,-7.23476638485806,-0.01,0.0,False,0.0060348219265057255,0.3589567323943499,0.30174237938650567,0.04252192476461086,4.252192476461086e-06,4.2521924764610866e-06,0.07179256755617115,0.0,-0.6829375314918202,-4.1570905550832435,-4.28479551922763,0.6829375314918202
230.0,0.0,0.0,0.4262574176629125,-11.636390245266764,-7.254511688570419,85.2514835325825,3.0,0.0,-7.24698073099453,0.04,0.0,False,0.005919436415295934,0.4262574176629125,0.2959730792939461,0.04252192476461086,4.252192476461086e-06,4.2521924764610866e-06,0.0852529335492842,0.0,-0.11682834118107444,-4.3818785566963445,-4.389409514272233,0.11682834118107444
231.0,0.0,0.0,0.43199853681840905,-10.690813078004311,-7.3975213069686,86.39970736368181,3.0,0.0,-7.256897101027348,0.05,0.0,False,0.005810504666172185,0.43199853681840905,0.2905264686778205,0.04252192476461086,4.252192476461086e-06,4.2521924764610866e-06,0.08640117691017543,0.0,0.9455771672624529,-3.293291771035711,-3.433915976976963,0.9455771672624529
232.0,0.0,0.0,0.33237632294638614,-10.597333488704713,-7.534577371566202,66.47526458927723,3.0,0.0,-7.316313030036272,0.25,0.0,False,0.005703395278631542,0.33237632294638614,0.2851709765283017,0.04252192476461086,4.252192476461086e-06,4.2521924764610866e-06,0.06647639524694923,0.0,0.09347958929959788,-3.0627561171385107,-3.281020458668441,0.09347958929959788
233.0,0.0,0.0,0.3239115107162122,-10.015708484554501,-7.440453236712486,64.78230214324245,3.0,0.0,-7.366979182135464,0.04,0.0,False,0.005435362038021285,0.3239115107162122,0.2717692575113424,0.04252192476461086,4.252192476461086e-06,4.2521924764610866e-06,0.06478340400582819,0.0,0.5816250041502116,-2.5752552478420156,-2.6487293024190377,0.5816250041502116
234.0,0.0,0.0,0.2619131623668742,-9.96499405175663,-7.583562560385884,52.382632473374834,3.0,0.0,-7.358149514838149,0.1,0.0,False,0.0051216607851904085,0.2619131623668741,0.2560841281738933,0.04252192476461086,4.252192476461086e-06,4.2521924764610866e-06,0.052383523433729054,0.0,0.05071443279787147,-2.381431491370746,-2.606844536918481,0.05071443279787147
235.0,0.0,0.0,0.2504302833802778,-9.917454345199735,-7.614146923226947,50.086056676055556,3.0,0.0,-7.396521175626837,0.17,0.0,False,0.005086759560919597,0.25043028338027784,0.25433905954001657,0.04252192476461086,4.252192476461086e-06,4.2521924764610866e-06,0.05008690857464657,0.0,0.04753970655689521,-2.3033074219727876,-2.5209331695728974,0.04753970655689521
236.0,0.0,0.0,0.24529617932521866,-10.38375525876318,-7.618748374601805,49.05923586504373,3.0,0.0,-7.460637974065511,0.0,0.0,False,0.005338254805621138,0.24529617932521866,0.26691387524540294,0.04252192476461086,4.252192476461086e-06,4.2521924764610866e-06,0.0490600702987501,0.0,-0.4663009135634457,-2.7650068841613757,-2.9231172846976694,0.4663009135634457
237.0,0.0,0.0,0.28715388494817295,-11.14493919938411,-7.511160629414226,57.43077698963459,3.0,0.0,-7.464440399619139,0.0,0.0,False,0.0053171497413497335,0.28715388494817295,0.26585861754469287,0.04252192476461086,4.252192476461086e-06,4.2521924764610866e-06,0.057431753812352236,0.0,-0.7611839406209295,-3.633778569969884,-3.6804987997649707,0.7611839406209295
238.0,0.0,0.0,0.3632566201473585,-10.912418529762306,-7.474991768449768,72.6513240294717,3.0,0.0,-7.512155357601996,0.01,0.0,False,0.0050897149423647335,0.3632566201473585,0.2544868292406159,0.04252192476461086,4.252192476461086e-06,4.2521924764610866e-06,0.07265255973387096,0.0,0.2325206696218043,-3.4374267613125378,-3.40026317216031,0.2325206696218043
239.0,0.0,0.0,0.33847441264347355,-11.23177495318216,-7.538643962146513,67.6948825286947,3.0,0.0,-7.512295766057168,0.03,0.0,False,0.005128532029584499,0.33847441264347355,0.2564276918544904,0.04252192476461086,4.252192476461086e-06,4.2521924764610866e-06,0.0676960339304794,0.0,-0.3193564234198547,-3.6931309910356473,-3.7194791871249926,0.3193564234198547
240.0,0.0,0.0,0.36822946389551947,-11.006018638872018,-7.450868587845103,73.64589277910389,3.0,0.0,-7.527602440410028,-0.02,0.0,False,0.0050858592858054365,0.36822946389551947,0.2542940455929013,0.04252192476461086,4.252192476461086e-06,4.2521924764610866e-06,0.07364714539982223,0.0,0.22575631431014287,-3.5551500510269145,-3.4784161984619892,0.22575631431014287
241.0,0.0,0.0,0.3512837706877271,-9.749051370767553,-7.44583145799495,70.25675413754541,3.0,0.0,-7.5494020250991705,0.08,0.0,False,0.005147944014338278,0.3512837706877271,0.25739829521935426,0.04252192476461086,4.252192476461086e-06,4.2521924764610866e-06,0.07025794911342953,0.0,1.2569672681044644,-2.3032199127726036,-2.1996493456683828,1.2569672681044644
242.0,0.0,0.0,0.22448274429045692,-9.616831893237498,-7.495256484324711,44.896548858091386,3.0,0.0,-7.49310624568441,0.02,0.0,False,0.005250155598236871,0.22448274429045692,0.26250889614545025,0.04252192476461086,4.252192476461086e-06,4.2521924764610866e-06,0.04489731248991333,0.0,0.13221947753005558,-2.1215754089127863,-2.123725647553088,0.13221947753005558
243.0,0.0,0.0,0.21251677149323067,-10.633677492584006,-7.4316223497416125,42.50335429864614,3.0,0.0,-7.504176200671168,0.11,0.0,False,0.0050334706772493095,0.21251677149323064,0.25167460402677255,0.04252192476461086,4.252192476461086e-06,4.2521924764610866e-06,0.04250407722534557,0.0,-1.0168455993465084,-3.2020551428423936,-3.129501291912838,1.0168455993465084
244.0,0.0,0.0,0.30813193734337097,-10.453682001732764,-7.561060656174076,61.62638746867419,3.0,0.0,-7.49161899519435,0.0,0.0,False,0.00545889848694487,0.30813193734337097,0.2729460849615972,0.04252192476461086,4.252192476461086e-06,4.2521924764610866e-06,0.061627435653261634,0.0,0.17999549085124222,-2.8926213455586876,-2.962063006538414,0.17999549085124222
245.0,0.0,0.0,0.2838096093366904,-9.588549440855475,-7.622378389453866,56.76192186733808,3.0,0.0,-7.552292607335013,0.13,0.0,False,0.005185392057811661,0.2838096093366904,0.25927070535483776,0.04252192476461086,4.252192476461086e-06,4.2521924764610866e-06,0.05676288731370122,0.0,0.8651325608772886,-1.9661710514016093,-2.0362568335204623,0.8651325608772886
246.0,0.0,0.0,0.18996610683718715,-9.304565552368626,-7.696769545968959,37.99322136743743,3.0,0.0,-7.615525567711585,0.01,0.0,False,0.005109867761824143,0.18996610683718715,0.25549447449826973,0.04252192476461086,4.252192476461086e-06,4.2521924764610866e-06,0.03799386758264978,0.0,0.2839838884868495,-1.607796006399667,-1.6890399846570405,0.2839838884868495
247.0,0.0,0.0,0.1592422060048028,-9.384510311991923,-7.860186396343776,31.848441200960558,3.0,0.0,-7.688847983861092,0.04,0.0,False,0.004954812501214288,0.1592422060048028,0.24774167850153636,0.04252192476461086,4.252192476461086e-06,4.2521924764610866e-06,0.03184898290146536,0.0,-0.07994475962329695,-1.5243239156481465,-1.6956623281308305,0.07994475962329695
248.0,0.0,0.0,0.16138385021701027,-9.55803618742737,-7.8133106473026555,32.27677004340205,3.0,0.0,-7.712109635895084,0.03,0.0,False,0.00525370789551767,0.16138385021701027,0.2626865117647429,0.04252192476461086,4.252192476461086e-06,4.2521924764610866e-06,0.0322773190292226,0.0,-0.1735258754354465,-1.7447255401247137,-1.8459265515322851,0.1735258754354465
249.0,0.0,0.0,0.17538148597888678,-10.374034401599229,-7.8688081525105,35.07629719577736,3.0,0.0,-7.770637498062136,0.08,0.0,False,0.005315496553540651,0.17538148597888678,0.2657759578027552,0.04252192476461086,4.252192476461086e-06,4.2521924764610866e-06,0.03507689379790861,0.0,-0.8159982141718594,-2.5052262490887287,-2.6033969035370923,0.8159982141718594
250.0,0.0,0.0,0.25095745229667926,-10.230048074047595,-7.89046791850589,50.19149045933585,3.0,0.0,-7.804184039846743,-0.01,0.0,False,0.005443422699220239,0.25095745229667926,0.2721722922850643,0.04252192476461086,4.252192476461086e-06,4.2521924764610866e-06,0.0501923441512182,0.0,0.14398632755163376,-2.3395801555417046,-2.4258640342008517,0.14398632755163376
251.0,0.0,0.0,0.2405886716858748,-10.176018686106122,-7.743508401247384,48.11773433717496,3.0,0.0,-7.864406522662911,0.02,0.0,False,0.005346310236678215,0.2405886716858748,0.26731664851091896,0.04252192476461086,4.252192476461086e-06,4.2521924764610866e-06,0.04811855275716657,0.0,0.054029387941472606,-2.432510284858738,-2.311612163443211,0.054029387941472606
252.0,0.0,0.0,0.23148866562443218,-9.915611518750453,-7.719353185478067,46.297733124886435,3.0,0.0,-7.824110205721866,-0.07,0.0,False,0.005315595763275002,0.23148866562443218,0.26578091831056566,0.04252192476461086,4.252192476461086e-06,4.2521924764610866e-06,0.04629852058902783,0.0,0.2604071673556696,-2.196258333272386,-2.091501313028586,0.2604071673556696
253.0,0.0,0.0,0.20255479026015963,-10.002135929707393,-7.729343218916873,40.510958052031924,3.0,0.0,-7.8610828131436845,-0.04,0.0,False,0.005193589291976511,0.20255479026015963,0.2596805688058911,0.04252192476461086,4.252192476461086e-06,4.2521924764610866e-06,0.04051164709066613,0.0,-0.0865244109569403,-2.2727927107905197,-2.1410531165637083,0.0865244109569403
254.0,0.0,0.0,0.21440622886922647,-9.31898519432301,-7.7629966638133485,42.88124577384529,3.0,0.0,-7.890020551051098,0.07,0.0,False,0.005188254472063165,0.21440622886922647,0.2594138266759899,0.04252192476461086,4.252192476461086e-06,4.2521924764610866e-06,0.04288197512798655,0.0,0.6831507353843822,-1.5559885305096621,-1.4289646432719127,0.6831507353843822
255.0,0.0,0.0,0.14538952223804794,-9.72296661645805,-7.853941169920279,29.077904447609587,3.0,0.0,-7.858028056187465,-0.02,0.0,False,0.0051306681907572,0.1453895222380479,0.2565345003672939,0.04252192476461086,4.252192476461086e-06,4.2521924764610866e-06,0.029078399024892617,0.0,-0.40398142213503974,-1.8690254465377718,-1.864938560270585,0.40398142213503974
256.0,0.0,0.0,0.1834058405388172,-9.483989330305894,-7.784178182935326,36.68116810776344,3.0,0.0,-7.865059060730902,0.1,0.0,False,0.004735849084966197,0.1834058405388172,0.23679346113540226,0.04252192476461086,4.252192476461086e-06,4.2521924764610866e-06,0.03668179200665869,0.0,0.2389772861521564,-1.6998111473705677,-1.6189302695749923,0.2389772861521564
257.0,0.0,0.0,0.1581557517874816,-9.579060221943243,-7.963750620240698,31.63115035749632,3.0,0.0,-7.8888692172231165,0.04,0.0,False,0.00470448298643878,0.1581557517874816,0.23522514954029694,0.04252192476461086,4.252192476461086e-06,4.2521924764610866e-06,0.03163168836216688,0.0,-0.09507089163734861,-1.6153096017025446,-1.690191004720126,0.09507089163734861
258.0,0.0,0.0,0.1643025167107649,-10.068395802889377,-7.924071915481308,32.86050334215298,3.0,0.0,-7.902398186996187,-0.02,0.0,False,0.00485058856701265,0.1643025167107649,0.242530459632443,0.04252192476461086,4.252192476461086e-06,4.2521924764610866e-06,0.03286106225651668,0.0,-0.4893355809461344,-2.144323887408069,-2.1659976158931897,0.4893355809461344
259.0,0.0,0.0,0.20903268035439115,-10.237259203279915,-7.935353053120673,41.80653607087823,3.0,0.0,-7.9360001225393235,-0.06,0.0,False,0.005222184844399158,0.20903268035439113,0.2611103525067131,0.04252192476461086,4.252192476461086e-06,4.2521924764610866e-06,0.04180724714560716,0.0,-0.1688634003905385,-2.301906150159242,-2.301259080740592,0.1688634003905385
260.0,0.0,0.0,0.22887214272835812,-10.533439598256606,-7.8794449226477585,45.774428545671626,3.0,0.0,-7.97802455698593,0.08,0.0,False,0.004992501905498892,0.22887214272835812,0.24962615672889663,0.04252192476461086,4.252192476461086e-06,4.2521924764610866e-06,0.045775207109083685,0.0,-0.296180394976691,-2.653994675608848,-2.5554150412706766,0.296180394976691
261.0,0.0,0.0,0.26236559678966886,-10.727380246972219,-7.875391122659104,52.473119357933776,3.0,0.0,-7.9484891155761686,0.21,0.0,False,0.004784761484045832,0.26236559678966886,0.23923909148863076,0.04252192476461086,4.252192476461086e-06,4.2521924764610866e-06,0.05247401185735205,0.0,-0.19394064871561234,-2.851989124313115,-2.7788911313960503,0.19394064871561234
262.0,0.0,0.0,0.27991075659150727,-10.244740764541644,-8.017191093901184,55.982151318301455,3.0,0.0,-7.909727848909083,-0.02,0.0,False,0.00501542119712558,0.27991075659150727,0.2507721261830929,0.04252192476461086,4.252192476461086e-06,4.2521924764610866e-06,0.05598310350178314,0.0,0.4826394824305744,-2.2275496706404603,-2.3350129156325616,0.4826394824305744
263.0,0.0,0.0,0.2255040961569016,-9.225880707505565,-8.068034036818288,45.10081923138032,3.0,0.0,-7.928213169336487,0.11,0.0,False,0.005085134394254199,0.2255040961569016,0.2542578008612205,0.04252192476461086,4.252192476461086e-06,4.2521924764610866e-06,0.04510158633757527,0.0,1.018860057036079,-1.1578466706872774,-1.2976675381690788,1.018860057036079
264.0,0.0,0.0,0.11940660977420482,-9.756794818879825,-8.224843126600518,23.881321954840963,3.0,0.0,-7.989651858631577,0.1,0.0,False,0.005118860865111825,0.11940660977420482,0.25594413157467416,0.04252192476461086,4.252192476461086e-06,4.2521924764610866e-06,0.023881728145023918,0.0,-0.5309141113742601,-1.531951692279307,-1.7671429602482487,0.5309141113742601
265.0,0.0,0.0,0.1673799766328013,-9.926697087936182,-8.243892496706213,33.47599532656026,3.0,0.0,-8.031789222769133,0.22,0.0,False,0.005077629638000767,0.1673799766328013,0.25388256145296556,0.04252192476461086,4.252192476461086e-06,4.2521924764610866e-06,0.03347656470964098,0.0,-0.1699022690563563,-1.682804591229969,-1.894907865167049,0.1699022690563563
266.0,0.0,0.0,0.1799417871217942,-10.1384377640278,-8.284508753033517,35.98835742435884,3.0,0.0,-8.082959465957947,0.05,0.0,False,0.005018914269419251,0.1799417871217942,0.2509467805404373,0.04252192476461086,4.252192476461086e-06,4.2521924764610866e-06,0.03598896953944669,0.0,-0.21174067609161895,-1.8539290109942836,-2.055478298069854,0.21174067609161895
267.0,0.0,0.0,0.19679300067616518,-10.311837818479331,-8.227877580747956,39.35860013523303,3.0,0.0,-8.127240959362572,0.05,0.0,False,0.0048723186679490585,0.19679300067616518,0.243616969299292,0.04252192476461086,4.252192476461086e-06,4.2521924764610866e-06,0.03935926957375994,0.0,-0.1734000544515304,-2.0839602377313753,-2.184596859116759,0.1734000544515304
268.0,0.0,0.0,0.20578434613485655,-10.370649099830429,-8.281419488197413,41.15686922697131,3.0,0.0,-8.170465917180307,0.14,0.0,False,0.0047132984467183605,0.20578434613485655,0.2356659244285277,0.04252192476461086,4.252192476461086e-06,4.2521924764610866e-06,0.04115756925171336,0.0,-0.05881128135109748,-2.089229611633016,-2.2001831826501217,0.05881128135109748
269.0,0.0,0.0,0.20894742160017582,-10.36836000938676,-8.271185475007172,41.789484320035164,3.0,0.0,-8.253950605398348,-0.11,0.0,False,0.0050898243018658446,0.2089474216001758,0.2544922972389223,0.04252192476461086,4.252192476461086e-06,4.2521924764610866e-06,0.041790195104736014,0.0,0.002289090443667874,-2.0971745343795885,-2.1144094039884127,0.002289090443667874
270.0,0.0,0.0,0.20572839171333782,-9.764101157942704,-8.255192395149072,41.145678342667566,3.0,0.0,-8.281130459595968,0.02,0.0,False,0.005078154138975465,0.20572839171333782,0.2539087866132145,0.04252192476461086,4.252192476461086e-06,4.2521924764610866e-06,0.04114637817706725,0.0,0.6042588514440563,-1.5089087627936326,-1.4829706983467368,0.6042588514440563
271.0,0.0,0.0,0.14530040683224008,-9.979956227499402,-8.220493536316726,29.060081366448014,3.0,0.0,-8.311032352417412,0.08,0.0,False,0.004811252601473533,0.14530040683224008,0.24056365299228233,0.04252192476461086,4.252192476461086e-06,4.2521924764610866e-06,0.029060575640583647,0.0,-0.21585506955669764,-1.7594626911826765,-1.6689238750819904,0.21585506955669764
272.0,0.0,0.0,0.16711634106352422,-10.20086755134362,-8.239217894576562,33.42326821270484,3.0,0.0,-8.311066197355467,-0.02,0.0,False,0.004778420870063952,0.16711634106352422,0.2389220594414612,0.04252192476461086,4.252192476461086e-06,4.2521924764610866e-06,0.03342383669896603,0.0,-0.2209113238442182,-1.961649656767058,-1.8898013539881529,0.2209113238442182
273.0,0.0,0.0,0.1871967563975984,-10.504061905476735,-8.348807865141302,37.43935127951968,3.0,0.0,-8.308757286321754,-0.03,0.0,False,0.004782994107439614,0.18719675639759842,0.23915072228255865,0.04252192476461086,4.252192476461086e-06,4.2521924764610866e-06,0.03743998807412321,0.0,-0.30319435413311524,-2.155254040335434,-2.1953046191549817,0.30319435413311524
274.0,0.0,0.0,0.21659513038377134,-11.015982165945957,-8.349513071198828,43.31902607675427,3.0,0.0,-8.32886018753568,0.05,0.0,False,0.0049472473031993295,0.21659513038377134,0.2473634169923545,0.04252192476461086,4.252192476461086e-06,4.2521924764610866e-06,0.0433197628769683,0.0,-0.5119202604692212,-2.6664690947471286,-2.6871219784102767,0.5119202604692212
275.0,0.0,0.0,0.2666221757841135,-9.930096789405756,-8.21300789011563,53.3244351568227,3.0,0.0,-8.33806455142983,-0.1,0.0,False,0.005095389998241486,0.2666221757841135,0.25477058324102514,0.04252192476461086,4.252192476461086e-06,4.2521924764610866e-06,0.05332534213601395,0.0,1.085885376540201,-1.7170888992901254,-1.5920322379759249,1.085885376540201
276.0,0.0,0.0,0.1510985503296332,-10.20475490943138,-8.460098557397982,30.21971006592664,3.0,0.0,-8.349703721664328,0.11,0.0,False,0.0051830787250196405,0.1510985503296332,0.25915503822339997,0.04252192476461086,4.252192476461086e-06,4.2521924764610866e-06,0.030220224063836128,0.0,-0.27465812002562373,-1.744656352033397,-1.8550511877670512,0.27465812002562373
277.0,0.0,0.0,0.1695344142859096,-9.366483033793001,-8.564219706068465,33.90688285718192,3.0,0.0,-8.419079161103479,0.19,0.0,False,0.005212759748414961,0.1695344142859096,0.2606390957036373,0.04252192476461086,4.252192476461086e-06,4.2521924764610866e-06,0.03390745956909834,0.0,0.8382718756383785,-0.8022633277245355,-0.947403872689522,0.8382718756383785
278.0,0.0,0.0,0.07859881449968384,-10.133844277697198,-8.599235187419431,15.719762899936768,3.0,0.0,-8.509374721924239,0.04,0.0,False,0.005095846480406616,0.07859881449968384,0.254793407446334,0.04252192476461086,4.252192476461086e-06,4.2521924764610866e-06,0.015720030272629974,0.0,-0.7673612439041975,-1.5346090902777672,-1.6244695557729596,0.7673612439041975
279.0,0.0,0.0,0.15740068657771833,-10.14041404607181,-8.577452278252489,31.480137315543665,3.0,0.0,-8.580478177931779,0.09,0.0,False,0.004908603106913916,0.15740068657771833,0.24543119896195587,0.04252192476461086,4.252192476461086e-06,4.2521924764610866e-06,0.03148067275167907,0.0,-0.006569768374610874,-1.5629617678193206,-1.5599358681400304,0.006569768374610874
280.0,0.0,0.0,0.1569731873385845,-11.191776294605503,-8.567594442052744,31.3946374677169,3.0,0.0,-8.559803947019255,-0.08,0.0,False,0.005194663808123946,0.1569731873385845,0.25973429484171534,0.04252192476461086,4.252192476461086e-06,4.2521924764610866e-06,0.031395171449611244,0.0,-1.0513622485336942,-2.624181852552759,-2.631972347586249,1.0513622485336942
281.0,0.0,0.0,0.26304157118570687,-10.996506859659371,-8.512433276652372,52.60831423714137,3.0,0.0,-8.570648798675656,-0.1,0.0,False,0.005079437276985153,0.26304157118570687,0.2539729437865063,0.04252192476461086,4.252192476461086e-06,4.2521924764610866e-06,0.05260920903604847,0.0,0.19526943494613214,-2.4840735830069995,-2.4258580609837157,0.19526943494613214
282.0,0.0,0.0,0.24165238491336147,-11.76263161764611,-8.586348103584863,48.330476982672295,3.0,0.0,-8.561304657578939,0.11,0.0,False,0.005036557716740492,0.24165238491336147,0.251828956657666,0.04252192476461086,4.252192476461086e-06,4.2521924764610866e-06,0.048331299021139223,0.0,-0.7661247579867378,-3.1762835140612466,-3.2013269600671705,0.7661247579867378
283.0,0.0,0.0,0.3147212939726833,-11.900766000828275,-8.74527375758432,62.94425879453665,3.0,0.0,-8.579931632903106,0.1,0.0,False,0.005037022488556432,0.3147212939726833,0.25185219534727804,0.04252192476461086,4.252192476461086e-06,4.2521924764610866e-06,0.06294532939439894,0.0,-0.13813438318216598,-3.1554922432439554,-3.320834367925169,0.13813438318216598
284.0,0.0,0.0,0.32278324272412434,-12.222385329996985,-8.941336932555927,64.55664854482487,3.0,0.0,-8.615351765143359,0.17,0.0,False,0.005286976565727434,0.32278324272412434,0.26434995234847053,0.04252192476461086,4.252192476461086e-06,4.2521924764610866e-06,0.06455774656933679,0.0,-0.32161932916871017,-3.281048397441058,-3.6070335648536265,0.32161932916871017
285.0,0.0,0.0,0.3490184206311326,-13.122130514204803,-8.938898533551281,69.80368412622651,3.0,0.0,-8.672864946763223,0.19,0.0,False,0.005238556712446221,0.3490184206311325,0.26192894938988304,0.04252192476461086,4.252192476461086e-06,4.2521924764610866e-06,0.06980487139597984,0.0,-0.8997451842078181,-4.183231980653522,-4.44926556744158,0.8997451842078181
286.0,0.0,0.0,0.4361003024631275,-12.70091391213114,-8.795426863443456,87.22006049262549,3.0,0.0,-8.732126919010545,0.02,0.0,False,0.005310708292305649,0.4361003024631275,0.2655365437229746,0.04252192476461086,4.252192476461086e-06,4.2521924764610866e-06,0.08722154399225739,0.0,0.4212166020736632,-3.905487048687684,-3.9687869931205952,0.4212166020736632
287.0,0.0,0.0,0.38721236211659127,-12.427055005868153,-8.829182625365345,77.44247242331825,3.0,0.0,-8.761034770452278,0.05,0.0,False,0.005213809955499973,0.38721236211659127,0.2606916062811719,0.04252192476461086,4.252192476461086e-06,4.2521924764610866e-06,0.0774437896189116,0.0,0.27385890626298703,-3.5978723805028086,-3.666020235415875,0.27385890626298703
288.0,0.0,0.0,0.35818369236285413,-12.586878446648921,-8.706847328499908,71.63673847257083,3.0,0.0,-8.828707965890583,-0.02,0.0,False,0.005396762376859379,0.3581836923628542,0.26983926624658766,0.04252192476461086,4.252192476461086e-06,4.2521924764610866e-06,0.07163795692019118,0.0,-0.1598234407807677,-3.880031118149013,-3.758170480758338,0.1598234407807677
289.0,0.0,0.0,0.3782450242664323,-11.944553419574305,-8.69552431334585,75.64900485328646,3.0,0.0,-8.845141928939523,-0.1,0.0,False,0.005489248643295638,0.3782450242664322,0.2744635992318711,0.04252192476461086,4.252192476461086e-06,4.2521924764610866e-06,0.07565029154433228,0.0,0.6423250270746159,-3.2490291062284555,-3.0994114906347825,0.6423250270746159
290.0,0.0,0.0,0.31578280272400455,-11.622936170436786,-8.661069608378053,63.15656054480091,3.0,0.0,-8.804347785452281,0.12,0.0,False,0.0053936943617563515,0.31578280272400455,0.2696858648391468,0.04252192476461086,4.252192476461086e-06,4.2521924764610866e-06,0.06315763475563946,0.0,0.3216172491375193,-2.9618665620587326,-2.818588384984505,0.3216172491375193
291.0,0.0,0.0,0.28386548879550483,-11.51047408046068,-8.62628427457381,56.77309775910096,3.0,0.0,-8.786658253871366,0.07,0.0,False,0.0051288408373722305,0.28386548879550483,0.2564431323095326,0.04252192476461086,4.252192476461086e-06,4.2521924764610866e-06,0.05677406339555147,0.0,0.11246208997610552,-2.8841898058868694,-2.7238158265893144,0.11246208997610552
292.0,0.0,0.0,0.2686151410609112,-12.714076203279376,-8.890362142612773,53.72302821218224,3.0,0.0,-8.784220929946951,0.07,0.0,False,0.005167924342751758,0.2686151410609112,0.25839731588803827,0.04252192476461086,4.252192476461086e-06,4.2521924764610866e-06,0.05372394197092222,0.0,-1.2036021228186957,-3.823714060666603,-3.929855273332425,1.2036021228186957
293.0,0.0,0.0,0.38835637978962423,-12.901162052347338,-8.732163833368915,77.67127595792485,3.0,0.0,-8.824265559687477,0.03,0.0,False,0.005024247029252587,0.38835637978962423,0.2512134196659002,0.04252192476461086,4.252192476461086e-06,4.2521924764610866e-06,0.07767259704516832,0.0,-0.18708584906796233,-4.168998218978423,-4.076896492659861,0.18708584906796233
294.0,0.0,0.0,0.4047590018493386,-12.6828284725723,-8.765089539938614,80.95180036986773,3.0,0.0,-8.830429837079322,-0.15,0.0,False,0.005185063387386536,0.4047590018493386,0.2592542717637031,0.04252192476461086,4.252192476461086e-06,4.2521924764610866e-06,0.08095317725455883,0.0,0.2183335797750381,-3.9177389326336858,-3.8523986354929782,0.2183335797750381
295.0,0.0,0.0,0.3837907331053052,-12.998566609542358,-8.76147435433467,76.75814662106104,3.0,0.0,-8.853485978194835,0.04,0.0,False,0.005462537186576478,0.3837907331053053,0.2731280207168003,0.04252192476461086,4.252192476461086e-06,4.2521924764610866e-06,0.07675945217716379,0.0,-0.31573813697005804,-4.237092255207688,-4.145080631347524,0.31573813697005804
296.0,0.0,0.0,0.409500304677892,-12.690968326690438,-9.039942867759244,81.9000609355784,3.0,0.0,-8.84483954391586,0.2,0.0,False,0.005235939877683921,0.409500304677892,0.2617981070954038,0.04252192476461086,4.252192476461086e-06,4.2521924764610866e-06,0.0819014539489467,0.0,0.30759828285192015,-3.651025458931194,-3.846128782774578,0.30759828285192015
297.0,0.0,0.0,0.377239685659038,-12.441265954041363,-8.860735125295426,75.44793713180759,3.0,0.0,-8.90347649905771,-0.05,0.0,False,0.005304595604675106,0.377239685659038,0.2652309080418312,0.04252192476461086,4.252192476461086e-06,4.2521924764610866e-06,0.07544922040295335,0.0,0.24970237264907524,-3.580530828745937,-3.5377894549836526,0.24970237264907524
298.0,0.0,0.0,0.3519270108920745,-12.96512110667621,-8.85160137595247,70.3854021784149,3.0,0.0,-8.918491265312404,-0.04,0.0,False,0.00550989140421071,0.3519270108920745,0.27549574166647417,0.04252192476461086,4.252192476461086e-06,4.2521924764610866e-06,0.07038659934243466,0.0,-0.523855152634848,-4.113519730723741,-4.046629841363806,0.523855152634848
299.0,0.0,0.0,0.40823081401819494,-13.680865583350641,-8.770407499512306,81.64616280363899,3.0,0.0,-8.921921022051222,0.23,0.0,False,0.00548075953541477,0.40823081401819494,0.27403914203296154,0.04252192476461086,4.252192476461086e-06,4.2521924764610866e-06,0.08164755149853073,0.0,-0.7157444766744305,-4.910458083838336,-4.758944561299419,0.7157444766744305
300.0,0.0,0.0,0.48028292642316195,-12.798481143851994,-8.805561732229346,96.05658528463239,3.0,0.0,-8.882726172694465,-0.08,0.0,False,0.005567885423647597,0.4802829264231619,0.2783954549684052,0.04252192476461086,4.252192476461086e-06,4.2521924764610866e-06,0.09605821908204212,0.0,0.8823844394986473,-3.9929194116226476,-3.9157549711575292,0.8823844394986473
301.0,0.0,0.0,0.3948421527346757,-12.798324541585497,-8.70393436802487,78.96843054693514,3.0,0.0,-8.877934206346712,0.09,0.0,False,0.005184030926079471,0.3948421527346757,0.25920264847883856,0.04252192476461086,4.252192476461086e-06,4.2521924764610866e-06,0.07896977369708874,0.0,0.00015660226649671927,-4.094390173560628,-3.9203903352387854,0.00015660226649671927
302.0,0.0,0.0,0.39416876187179334,-12.825265186637477,-8.763385448143547,78.83375237435867,3.0,0.0,-8.849975669263678,0.0,0.0,False,0.005303071981306515,0.3941687618717934,0.2651547265494647,0.04252192476461086,4.252192476461086e-06,4.2521924764610866e-06,0.07883509323381196,0.0,-0.026940645051979573,-4.06187973849393,-3.975289517373799,0.026940645051979573
303.0,0.0,0.0,0.3940697792959479,-12.57340995696642,-8.840690014024446,78.81395585918958,3.0,0.0,-8.856553118795382,-0.1,0.0,False,0.00543684429190712,0.3940697792959479,0.27184337052077573,0.04252192476461086,4.252192476461086e-06,4.2521924764610866e-06,0.07881529638192993,0.0,0.25185522967105634,-3.7327199429419746,-3.7168568381710383,0.25185522967105634
304.0,0.0,0.0,0.36579014193327664,-12.041836664684492,-8.747305878291487,73.15802838665533,3.0,0.0,-8.884483610650467,-0.03,0.0,False,0.005488780480217596,0.36579014193327664,0.27444019097843286,0.04252192476461086,4.252192476461086e-06,4.2521924764610866e-06,0.07315927270943576,0.0,0.5315732922819283,-3.294530786393006,-3.1573530540340258,0.5315732922819283
305.0,0.0,0.0,0.3113235735611479,-12.326175791120544,-8.822411642750117,62.26471471222958,3.0,0.0,-8.915430767129184,0.07,0.0,False,0.005268970089556571,0.31132357356114787,0.2634496247115772,0.04252192476461086,4.252192476461086e-06,4.2521924764610866e-06,0.06226577375393207,0.0,-0.28433912643605197,-3.5037641483704274,-3.4107450239913604,0.28433912643605197
306.0,0.0,0.0,0.3402000071884767,-12.45557322977085,-8.774031975499303,68.04000143769534,3.0,0.0,-8.928534738685155,0.1,0.0,False,0.004937129178686382,0.34020000718847676,0.24685750861549657,0.04252192476461086,4.252192476461086e-06,4.2521924764610866e-06,0.06804115870950318,0.0,-0.12939743865030628,-3.681541254271547,-3.527038491085696,0.12939743865030628
307.0,0.0,0.0,0.35293821231296685,-11.808812646808901,-8.704646261916542,70.58764246259337,3.0,0.0,-8.924103389440228,-0.06,0.0,False,0.004965948294495027,0.35293821231296685,0.24829847053315024,0.04252192476461086,4.252192476461086e-06,4.2521924764610866e-06,0.07058884306645695,0.0,0.6467605829619494,-3.104166384892359,-2.884709257368673,0.6467605829619494
308.0,0.0,0.0,0.29193089601629507,-11.774683050480904,-8.73435849624288,58.38617920325902,3.0,0.0,-8.926116068580633,0.19,0.0,False,0.004697011096463551,0.29193089601629507,0.2348515534529399,0.04252192476461086,4.252192476461086e-06,4.2521924764610866e-06,0.05838717227612398,0.0,0.034129596327996836,-3.0403245542380244,-2.8485669819002712,0.034129596327996836
309.0,0.0,0.0,0.29131400366821497,-12.12829665657784,-8.738958998212432,58.26280073364299,3.0,0.0,-8.889441619327968,0.01,0.0,False,0.004844439633196159,0.29131400366821497,0.2422230116342959,0.04252192476461086,4.252192476461086e-06,4.2521924764610866e-06,0.05826379170800088,0.0,-0.3536136060969355,-3.389337658365408,-3.2388550372498717,0.3536136060969355
310.0,0.0,0.0,0.331201452170251,-11.359723840775601,-8.587164893629526,66.2402904340502,3.0,0.0,-8.861481077638024,0.2,0.0,False,0.004727044088141319,0.331201452170251,0.23635320942213123,0.04252192476461086,4.252192476461086e-06,4.2521924764610866e-06,0.06624141709511784,0.0,0.7685728158022389,-2.7725589471460754,-2.4982427631375774,0.7685728158022389
311.0,0.0,0.0,0.2566832759966583,-11.555668353986695,-8.423423604973484,51.33665519933166,3.0,0.0,-8.816211718259177,0.06,0.0,False,0.004559631825761875,0.2566832759966583,0.22798256070970088,0.04252192476461086,4.252192476461086e-06,4.2521924764610866e-06,0.051337528368974754,0.0,-0.19594451321109396,-3.1322447490132106,-2.7394566357275174,0.19594451321109396
312.0,0.0,0.0,0.28190131598316676,-11.469796827419756,-8.377354701983615,56.38026319663335,3.0,0.0,-8.79283650747427,0.28,0.0,False,0.0048919820712867105,0.28190131598316676,0.24460014364680344,0.04252192476461086,4.252192476461086e-06,4.2521924764610866e-06,0.05638122215147959,0.0,0.08587152656693853,-3.0924421254361416,-2.6769603199454863,0.08587152656693853
313.0,0.0,0.0,0.27781551052155457,-12.46332343205441,-8.406707233518926,55.563102104310914,3.0,0.0,-8.736595259222284,0.19,0.0,False,0.005139150419413639,0.27781551052155457,0.2569586136035194,0.04252192476461086,4.252192476461086e-06,4.2521924764610866e-06,0.05556404716031125,0.0,-0.9935266046346545,-4.056616198535485,-3.726728172832127,0.9935266046346545
314.0,0.0,0.0,0.3831901845732509,-13.366965423108336,-8.352512506361434,76.63803691465017,3.0,0.0,-8.69158265595303,0.16,0.0,False,0.005472795765244716,0.3831901845732509,0.27364095183128456,0.04252192476461086,4.252192476461086e-06,4.2521924764610866e-06,0.07663934042784322,0.0,-0.9036419910539255,-5.014452916746903,-4.675382767155307,0.9036419910539255
315.0,0.0,0.0,0.47649027985752324,-13.585016731103366,-8.440536189899007,95.29805597150465,3.0,0.0,-8.631340116400912,0.07,0.0,False,0.005247388981679035,0.47649027985752324,0.26237056472934905,0.04252192476461086,4.252192476461086e-06,4.2521924764610866e-06,0.0952996768673187,0.0,-0.21805130799502948,-5.144480541204359,-4.953676614702454,0.21805130799502948
316.0,0.0,0.0,0.5000601689373676,-13.264436528875494,-8.497455296684297,100.01203378747353,3.0,0.0,-8.601961318113952,-0.01,0.0,False,0.005293672654283038,0.5000601689373677,0.2646847581999034,0.04252192476461086,4.252192476461086e-06,4.2521924764610866e-06,0.10001373486191065,0.0,0.3205802022278714,-4.766981232191197,-4.662475210761542,0.3205802022278714
317.0,0.0,0.0,0.4717293136093953,-12.631447459537974,-8.483969039663968,94.34586272187906,3.0,0.0,-8.584308724125288,0.06,0.0,False,0.005157563626733875,0.4717293136093953,0.2578792778843562,0.04252192476461086,4.252192476461086e-06,4.2521924764610866e-06,0.09434746742212609,0.0,0.6329890693375209,-4.147478419874005,-4.047138735412686,0.6329890693375209
318.0,0.0,0.0,0.3971339203473285,-12.67778724822077,-8.680515250689075,79.4267840694657,3.0,0.0,-8.547043098589633,0.11,0.0,False,0.005336350140580514,0.3971339203473285,0.26681864158842167,0.04252192476461086,4.252192476461086e-06,4.2521924764610866e-06,0.07942813501561574,0.0,-0.04633978868279698,-3.997271997531696,-4.130744149631138,0.04633978868279698
319.0,0.0,0.0,0.3999656400636652,-11.69132712047451,-8.732854320330963,79.99312801273304,3.0,0.0,-8.660023821571281,0.17,0.0,False,0.005101893516847287,0.39996564006366525,0.2550957605540257,0.04252192476461086,4.252192476461086e-06,4.2521924764610866e-06,0.07999448859165595,0.0,0.9864601277462608,-2.9584728001435465,-3.0313032989032287,0.9864601277462608
320.0,0.0,0.0,0.2996159829714553,-10.700024489458768,-8.814083863987593,59.92319659429106,3.0,0.0,-8.678045811039846,-0.01,0.0,False,0.0052184879857106745,0.2996159829714553,0.26092550878630133,0.04252192476461086,4.252192476461086e-06,4.2521924764610866e-06,0.059924215809820006,0.0,0.991302631015742,-1.885940625471175,-2.0219786784189218,0.991302631015742
321.0,0.0,0.0,0.1964217653279598,-10.885669165884176,-8.871471719630165,39.28435306559196,3.0,0.0,-8.69510358951853,0.14,0.0,False,0.005275234749585613,0.1964217653279598,0.26376285904495633,0.04252192476461086,4.252192476461086e-06,4.2521924764610866e-06,0.0392850212412729,0.0,-0.18564467642540805,-2.014197446254011,-2.190565576365646,0.18564467642540805
322.0,0.0,0.0,0.20301844024741353,-10.883355530768704,-9.105693249736024,40.603688049482706,3.0,0.0,-8.735765075021535,0.4,0.0,False,0.00544234772136813,0.20301844024741353,0.2721185431639083,0.04252192476461086,4.252192476461086e-06,4.2521924764610866e-06,0.0406043786653334,0.0,0.0023136351154722234,-1.7776622810326792,-2.147590455747169,0.0023136351154722234
323.0,0.0,0.0,0.19738344060351676,-11.358835469962454,-8.974680299085545,39.47668812070335,3.0,0.0,-8.855441599735832,0.27,0.0,False,0.005127741011561838,0.19738344060351676,0.25638814078517935,0.04252192476461086,4.252192476461086e-06,4.2521924764610866e-06,0.039477359567753084,0.0,-0.4754799391937503,-2.384155170876909,-2.5033938702266223,0.4754799391937503
324.0,0.0,0.0,0.242659746479268,-10.823723474131693,-9.018106381015512,48.5319492958536,3.0,0.0,-8.909479159114483,-0.11,0.0,False,0.005017583571032462,0.242659746479268,0.2508802453381786,0.04252192476461086,4.252192476461086e-06,4.2521924764610866e-06,0.048532774761102175,0.0,0.5351119958307606,-1.8056170931161812,-1.9142443150172106,0.5351119958307606
325.0,0.0,0.0,0.18474967864033423,-11.153547815767782,-9.0446555939653,36.94993572806685,3.0,0.0,-8.93218641337236,0.02,0.0,False,0.0053160049787817605,0.18474967864033423,0.26580137917290675,0.04252192476461086,4.252192476461086e-06,4.2521924764610866e-06,0.03695056419834927,0.0,-0.32982434163608865,-2.1088922218024813,-2.221361402395422,0.32982434163608865
326.0,0.0,0.0,0.21472058061149008,-10.577360814208268,-9.106572227631691,42.94411612229801,3.0,0.0,-8.976187408168675,0.02,0.0,False,0.005471561999965366,0.21472058061149008,0.2735792633050068,0.04252192476461086,4.252192476461086e-06,4.2521924764610866e-06,0.04294484654578201,0.0,0.5761870015595143,-1.4707885865765764,-1.6011734060395924,0.5761870015595143
327.0,0.0,0.0,0.1511428491899165,-10.78267786567901,-9.379310077633235,30.2285698379833,3.0,0.0,-9.006296357991012,0.26,0.0,False,0.005455674433776145,0.1511428491899165,0.2727848816176963,0.04252192476461086,4.252192476461086e-06,4.2521924764610866e-06,0.030229083986585973,0.0,-0.2053170514707432,-1.4033677880457756,-1.776381507687999,0.2053170514707432
328.0,0.0,0.0,0.16142410918944328,-10.874993633714734,-9.505587924207184,32.28482183788866,3.0,0.0,-9.065900187884793,0.41,0.0,False,0.0052390155748468364,0.16142410918944328,0.26195189260747237,0.04252192476461086,4.252192476461086e-06,4.2521924764610866e-06,0.03228537096065975,0.0,-0.09231576803572317,-1.36940570950755,-1.8090934458299408,0.09231576803572317
329.0,0.0,0.0,0.15911345373924313,-11.132150289062851,-9.579972131000897,31.822690747848625,3.0,0.0,-9.168402453465449,0.4,0.0,False,0.00541669448845729,0.15911345373924313,0.270835876064242,0.04252192476461086,4.252192476461086e-06,4.2521924764610866e-06,0.03182323201037176,0.0,-0.25715665534811727,-1.5521781580619542,-1.9637478355974025,0.25715665534811727
330.0,0.0,0.0,0.1783246556771539,-10.614490355339765,-9.681743142367917,35.66493113543078,3.0,0.0,-9.28382526727076,0.27,0.0,False,0.005280501894610923,0.17832465567715386,0.2640262174160675,0.04252192476461086,4.252192476461086e-06,4.2521924764610866e-06,0.035665537749458694,0.0,0.5176599337230865,-0.9327472129718473,-1.3306650880690043,0.5176599337230865
331.0,0.0,0.0,0.1175053560919638,-9.832079139132583,-9.731361398914773,23.50107121839276,3.0,0.0,-9.348865818753351,0.27,0.0,False,0.005427565274391901,0.1175053560919638,0.2713794176722063,0.04252192476461086,4.252192476461086e-06,4.2521924764610866e-06,0.023501470941005936,0.0,0.7824112162071817,-0.1007177402178101,-0.4832133203792317,0.7824112162071817
332.0,0.0,0.0,0.028894565093213885,-10.499837778289649,-9.762121443985583,5.778913018642777,3.0,0.0,-9.439411811650572,0.42,0.0,False,0.005193700245131023,0.028894565093213885,0.2596861164872064,0.04252192476461086,4.252192476461086e-06,4.2521924764610866e-06,0.005779011310426657,0.0,-0.667758639157066,-0.737716334304066,-1.0604259666390767,0.667758639157066
333.0,0.0,0.0,0.08854570648760349,-11.264663944326433,-9.70673221216088,17.7091412975207,3.0,0.0,-9.54312734493783,0.14,0.0,False,0.004881713572653622,0.08854570648760351,0.24408671653196728,0.04252192476461086,4.252192476461086e-06,4.2521924764610866e-06,0.017709442506949443,0.0,-0.7648261660367837,-1.557931732165553,-1.7215365993886032,0.7648261660367837
334.0,0.0,0.0,0.15950133932200417,-10.701178522144296,-9.803201331865552,31.90026786440083,3.0,0.0,-9.614361887744268,0.09,0.0,False,0.005296829643921922,0.15950133932200414,0.2648426083530542,0.04252192476461086,4.252192476461086e-06,4.2521924764610866e-06,0.03190081044640968,0.0,0.5634854221821364,-0.8979771902787448,-1.0868166344000283,0.5634854221821364
335.0,0.0,0.0,0.09833623079828518,-11.621506761619202,-9.820220018780304,19.667246159657036,3.0,0.0,-9.669616639586641,0.04,0.0,False,0.005581189576529276,0.09833623079828518,0.2790606654410801,0.04252192476461086,4.252192476461086e-06,4.2521924764610866e-06,0.01966758067389921,0.0,-0.9203282394749053,-1.8012867428388972,-1.9518901220325606,0.9203282394749053
336.0,0.0,0.0,0.18570933200202297,-11.56143922162243,-9.842904497477795,37.141866400404595,3.0,0.0,-9.717795306932407,0.07,0.0,False,0.005690981696919155,0.18570933200202297,0.2845502948034354,0.04252192476461086,4.252192476461086e-06,4.2521924764610866e-06,0.03714249813517778,0.0,0.06006753999677095,-1.7185347241446358,-1.8436439146900234,0.06006753999677095
337.0,0.0,0.0,0.1759820507104001,-11.450301686037024,-9.758693312174561,35.19641014208002,3.0,0.0,-9.764373958007758,0.02,0.0,False,0.005673543719705346,0.17598205071040013,0.2836783922352633,0.04252192476461086,4.252192476461086e-06,4.2521924764610866e-06,0.035197008787176055,0.0,0.11113753558540651,-1.6916083738624632,-1.6859277280292666,0.11113753558540651
338.0,0.0,0.0,0.17097307623964006,-11.864625488105547,-9.823016317421255,34.19461524792801,3.0,0.0,-9.80158129904083,0.03,0.0,False,0.005341720689376186,0.17097307623964006,0.2670871701700356,0.04252192476461086,4.252192476461086e-06,4.2521924764610866e-06,0.034195196853797655,0.0,-0.41432380206852315,-2.0416091706842927,-2.0630441890647173,0.41432380206852315
339.0,0.0,0.0,0.20697962915825713,-11.602588126962443,-10.013074920283467,41.395925831651425,3.0,0.0,-9.740534573119202,0.18,0.0,False,0.005217399687426048,0.20697962915825713,0.2608710936406872,0.04252192476461086,4.252192476461086e-06,4.2521924764610866e-06,0.041396629922434966,0.0,0.26203736114310416,-1.5895132066789763,-1.862053553843241,0.26203736114310416
340.0,0.0,0.0,0.1779979068832401,-11.155804619679284,-9.859170684389934,35.59958137664802,3.0,0.0,-9.794785190661884,0.01,0.0,False,0.005231192883616864,0.1779979068832401,0.2615607563827943,0.04252192476461086,4.252192476461086e-06,4.2521924764610866e-06,0.03560018687916165,0.0,0.4467835072831594,-1.29663393528935,-1.3610194290174,0.4467835072831594
341.0,0.0,0.0,0.1280596465515713,-11.040614872063154,-10.020747603901487,25.61192931031426,3.0,0.0,-9.82257121406202,0.21,0.0,False,0.004851912954108803,0.1280596465515713,0.24259667926882808,0.04252192476461086,4.252192476461086e-06,4.2521924764610866e-06,0.025612364935874356,0.0,0.11518974761612988,-1.0198672681616667,-1.2180436580011342,0.11518974761612988
342.0,0.0,0.0,0.11484817679811188,-10.991846688562017,-10.093008865838469,22.969635359622377,3.0,0.0,-9.875180927450293,0.07,0.0,False,0.004885735912613189,0.11484817679811188,0.24428783438513388,0.04252192476461086,4.252192476461086e-06,4.2521924764610866e-06,0.022970026043203747,0.0,0.048768183501136875,-0.8988378227235483,-1.116665761111724,0.048768183501136875
343.0,0.0,0.0,0.09833536054755403,-11.423819493540329,-10.260850106028258,19.667072109510805,3.0,0.0,-9.89210868625437,0.49,0.0,False,0.004993448473863209,0.09833536054755403,0.24967348534836203,0.04252192476461086,4.252192476461086e-06,4.2521924764610866e-06,0.019667406620792614,0.0,-0.4319728049783116,-1.1629693875120708,-1.5317108072859593,0.4319728049783116
344.0,0.0,0.0,0.1361818775320671,-11.218343260668936,-10.233127888221087,27.236375506413417,3.0,0.0,-10.008472176042464,0.2,0.0,False,0.0052017460824825175,0.1361818775320671,0.2600884100654036,0.04252192476461086,4.252192476461086e-06,4.2521924764610866e-06,0.0272368387616876,0.0,0.20547623287139238,-0.9852153724478487,-1.2098710846264726,0.20547623287139238
345.0,0.0,0.0,0.11016720620418707,-11.370694052768513,-10.288034287553465,22.033441240837416,3.0,0.0,-10.061971764641905,0.11,0.0,False,0.005405341841219494,0.1101672062041871,0.2702682412886702,0.04252192476461086,4.252192476461086e-06,4.2521924764610866e-06,0.022033816000976144,0.0,-0.15235079209957725,-1.0826597652150483,-1.3087222881266083,0.15235079209957725
346.0,0.0,0.0,0.12353201922019044,-10.896481874709186,-10.226703594835925,24.70640384403809,3.0,0.0,-10.116647776018798,-0.03,0.0,False,0.005299012809361205,0.12353201922019043,0.2649517670891802,0.04252192476461086,4.252192476461086e-06,4.2521924764610866e-06,0.024706824067789377,0.0,0.4742121780593269,-0.6697782798732614,-0.7798340986903884,0.4742121780593269
347.0,0.0,0.0,0.07008412988131599,-10.130248535121058,-10.240445583765698,14.016825976263197,3.0,0.0,-10.135347596470474,0.12,0.0,False,0.005384943010929002,0.07008412988131599,0.2692482954371579,0.04252192476461086,4.252192476461086e-06,4.2521924764610866e-06,0.014017064384217268,0.0,0.766233339588128,0.11019704864463975,0.005099061349415734,0.766233339588128
348.0,0.0,0.0,-0.007854854272662722,-9.782486376419593,-10.12752628956115,-1.5709708545325445,3.0,0.0,-10.195625675335538,0.07,0.0,False,0.005402390264881625,0.00822846971147266,0.27012066184424316,0.04252192476461086,4.252192476461086e-06,4.2521924764610866e-06,-0.0015709975747007171,0.0,0.34776215870146565,0.3450399131415569,0.4131392989159455,0.34776215870146565
349.0,0.0,0.0,-0.04742813397200652,-10.158105911325762,-10.328212784601579,-9.485626794401304,3.0,0.0,-10.208798747865297,0.08,0.0,False,0.0050197944819561635,0.04742813397200652,0.2509907913544246,0.04252192476461086,4.252192476461086e-06,4.2521924764610866e-06,-0.009485788132558813,0.0,-0.3756195349061695,0.17010687327581664,0.05069283653953427,0.3756195349061695
350.0,0.0,0.0,-0.0124921619195081,-10.484968124647413,-10.194096830950144,-2.49843238390162,3.0,0.0,-10.25677779981738,-0.08,0.0,False,0.005104549325193775,0.012523666942426437,0.2552285515360005,0.04252192476461086,4.252192476461086e-06,4.2521924764610866e-06,-0.0024984748789824637,0.0,-0.32686221332165033,-0.2908712936972684,-0.22819032483003276,0.32686221332165033
351.0,0.0,0.0,0.02386762059014177,-10.299677113085265,-10.014515593104152,4.773524118028354,3.0,0.0,-10.283030186474688,0.06,0.0,False,0.00537626125872793,0.02386762059014177,0.26881420598128025,0.04252192476461086,4.252192476461086e-06,4.2521924764610866e-06,0.004773605309456472,0.0,0.185291011562148,-0.28516151998111283,-0.01664692661057643,0.185291011562148
352.0,0.0,0.0,0.010094932724315575,-10.888070949006472,-9.951542801300818,2.018986544863115,3.0,0.0,-10.24628684426016,0.16,0.0,False,0.005153453498688716,0.010131972706351702,0.25767377060824553,0.04252192476461086,4.252192476461086e-06,4.2521924764610866e-06,0.002019020885194676,0.0,-0.5883938359212078,-0.9365281477056548,-0.6417841047463124,0.5883938359212078
353.0,0.0,0.0,0.07264962456470588,-11.11418908714498,-10.047781744112319,14.529924912941174,3.0,0.0,-10.19872563956226,0.06,0.0,False,0.00506254476853352,0.07264962456470588,0.2531283147724147,0.04252192476461086,4.252192476461086e-06,4.2521924764610866e-06,0.014530172048039889,0.0,-0.22611813813850823,-1.0664073430326617,-0.9154634475827201,0.22611813813850823
354.0,0.0,0.0,0.09466262588283518,-10.944040918177175,-10.154089855363695,18.932525176567037,3.0,0.0,-10.161559257350065,0.13,0.0,False,0.004834540343138991,0.09466262588283518,0.2417280450267532,0.04252192476461086,4.252192476461086e-06,4.2521924764610866e-06,0.018932847194162203,0.0,0.17014816896780616,-0.7899510628134792,-0.7824816608271092,0.17014816896780616
355.0,0.0,0.0,0.07295247961341067,-11.251636596559456,-10.182781218562033,14.590495922682134,3.0,0.0,-10.167542702131351,-0.06,0.0,False,0.0050215892999103786,0.07295247961341067,0.2510805326337309,0.04252192476461086,4.252192476461086e-06,4.2521924764610866e-06,0.014590744088014836,0.0,-0.3075956783822811,-1.0688553779974228,-1.0840938944281042,0.3075956783822811
356.0,0.0,0.0,0.09952983364180286,-10.898707671618197,-10.483643155379848,19.90596672836057,3.0,0.0,-10.214500611643821,0.2,0.0,False,0.004971237194951063,0.09952983364180285,0.24856291668042305,0.04252192476461086,4.252192476461086e-06,4.2521924764610866e-06,0.019906305302928706,0.0,0.35292892494125816,-0.41506451623834906,-0.6842070599743764,0.35292892494125816
357.0,0.0,0.0,0.059373464753195423,-10.488826928970909,-10.528892659096412,11.874692950639085,3.0,0.0,-10.256317099140938,0.11,0.0,False,0.00514310810315651,0.059373464753195423,0.25715649863210455,0.04252192476461086,4.252192476461086e-06,4.2521924764610866e-06,0.011874894923700346,0.0,0.4098807426472888,0.04006573012550341,-0.23250982982997037,0.4098807426472888
358.0,0.0,0.0,0.01114455018619671,-10.166548187096504,-10.548345259482335,2.2289100372393422,3.0,0.0,-10.304960400716238,0.2,0.0,False,0.0053638512645535815,0.011189461634867092,0.26819370363407863,0.04252192476461086,4.252192476461086e-06,4.2521924764610866e-06,0.0022289479480961,0.0,0.3222787418744044,0.38179707238583127,0.1384122136197341,0.3222787418744044
359.0,0.0,0.0,-0.024765424635238422,-10.202076206996084,-10.388921938980948,-4.953084927047684,3.0,0.0,-10.377379057670318,-0.02,0.0,False,0.005433627676493365,0.02476542463523842,0.2716825390662045,0.04252192476461086,4.252192476461086e-06,4.2521924764610866e-06,-0.0049531691725713,0.0,-0.03552801989957999,0.18684573198486376,0.17530285067423357,0.03552801989957999
360.0,0.0,0.0,-0.024688292228389797,-10.009151647130032,-10.50660165270747,-4.937658445677959,3.0,0.0,-10.414207698816504,0.09,0.0,False,0.00536557172149222,0.024688292228389797,0.26827972684679624,0.04252192476461086,4.252192476461086e-06,4.2521924764610866e-06,-0.004937742428817219,0.0,0.19292455986605184,0.4974500055774378,0.4050560516864721,0.19292455986605184
361.0,0.0,0.0,-0.04110239514282534,-10.569940015857497,-10.47401974717325,-8.220479028565068,3.0,0.0,-10.448964378248506,-0.09,0.0,False,0.005516098439544608,0.04110239514282534,0.2758060947528445,0.04252192476461086,4.252192476461086e-06,4.2521924764610866e-06,-0.008220618848206832,0.0,-0.5607883687274651,-0.09592026868424774,-0.120975637608991,0.5607883687274651
362.0,0.0,0.0,0.013772788833312457,-10.645435533095126,-10.525060364403313,2.7545577666624914,3.0,0.0,-10.420184337323056,-0.03,0.0,False,0.0054255803936418935,0.013787128109486933,0.27128017321270115,0.04252192476461086,4.252192476461086e-06,4.2521924764610866e-06,0.002754604618102513,0.0,-0.07549551723762882,-0.12037516869181353,-0.22525119577207064,0.07549551723762882
363.0,0.0,0.0,0.017075894117724033,-10.394133028427937,-10.514124551969283,3.4151788235448066,3.0,0.0,-10.432209199296919,0.04,0.0,False,0.005380870275717504,0.017075894117724033,0.26904465781068027,0.04252192476461086,4.252192476461086e-06,4.2521924764610866e-06,0.0034152369112886,0.0,0.25130250466718884,0.11999152354134601,0.03807617086898141,0.25130250466718884
364.0,0.0,0.0,-0.007899823100350218,-9.515112936075631,-10.463507070382574,-1.5799646200700437,3.0,0.0,-10.474672961418461,0.03,0.0,False,0.005354465791679548,0.008341382190138776,0.2677244279949351,0.04252192476461086,4.252192476461086e-06,4.2521924764610866e-06,-0.0015799914932104545,0.0,0.8790200923523059,0.9483941343069429,0.9595600253428298,0.8790200923523059
365.0,0.0,0.0,-0.0965941368861949,-8.880857810071932,-10.385069227928383,-19.318827377238982,3.0,0.0,-10.473132939009856,-0.05,0.0,False,0.005573052519528914,0.0965941368861949,0.2786538108610454,0.04252192476461086,4.252192476461086e-06,4.2521924764610866e-06,-0.019319155965331455,0.0,0.6342551260036995,1.5042114178564514,1.5922751289379242,0.6342551260036995
366.0,0.0,0.0,-0.164547344122761,-9.105126825791539,-10.490440228713851,-32.9094688245522,3.0,0.0,-10.481074841780687,0.08,0.0,False,0.00513488886500603,0.164547344122761,0.2567455349770914,0.04252192476461086,4.252192476461086e-06,4.2521924764610866e-06,-0.03291002857175498,0.0,-0.22426901571960656,1.3853134029223124,1.3759480159891488,0.22426901571960656
367.0,0.0,0.0,-0.14629106242570405,-9.054191336480537,-10.555117800442739,-29.258212485140813,3.0,0.0,-10.526366235648474,-0.02,0.0,False,0.0050956949057876155,0.14629106242570405,0.25478582868315774,0.04252192476461086,4.252192476461086e-06,4.2521924764610866e-06,-0.029258710129228725,0.0,0.05093548931100145,1.5009264639622018,1.4721748991679373,0.05093548931100145
368.0,0.0,0.0,-0.15625034042646163,-8.489864582555649,-10.68874443104635,-31.250068085292327,3.0,0.0,-10.56806855293633,0.03,0.0,False,0.0051018330753163105,0.15625034042646163,0.2550927384646265,0.04252192476461086,4.252192476461086e-06,4.2521924764610866e-06,-0.03125059960824977,0.0,0.5643267539248882,2.1988798484907015,2.078203970380681,0.5643267539248882
369.0,0.0,0.0,-0.21100799874296705,-8.926708274423369,-10.484069046522116,-42.20159974859341,3.0,0.0,-10.616727961071252,0.02,0.0,False,0.005076575960098275,0.21100799874296705,0.25382987733381884,0.04252192476461086,4.252192476461086e-06,4.2521924764610866e-06,-0.042202317542840956,0.0,-0.4368436918677201,1.5573607720987468,1.690019686647883,0.4368436918677201
370.0,0.0,0.0,-0.16922669879539395,-9.037327088379364,-10.616756756341951,-33.84533975907879,3.0,0.0,-10.599989432316555,0.04,0.0,False,0.004850090331097081,0.16922669879539398,0.2425055477307347,0.04252192476461086,4.252192476461086e-06,4.2521924764610866e-06,-0.03384591542422727,0.0,-0.11061881395599471,1.5794296679625877,1.5626623439371912,0.11061881395599471
371.0,0.0,0.0,-0.1651150547617195,-9.707291189181195,-10.776728419561815,-33.0230109523439,3.0,0.0,-10.61901124160208,0.13,0.0,False,0.004957768627129027,0.1651150547617195,0.2478894854257741,0.04252192476461086,4.252192476461086e-06,4.2521924764610866e-06,-0.0330235726307504,0.0,-0.6699641008018311,1.06943723038062,0.9117200524208844,0.6699641008018311
372.0,0.0,0.0,-0.10001907768092949,-10.772720486766804,-10.723377930271603,-20.003815536185897,3.0,0.0,-10.688512741046239,0.08,0.0,False,0.004832731476816268,0.10001907768092946,0.2416376013260347,0.04252192476461086,4.252192476461086e-06,4.2521924764610866e-06,-0.02000415577503481,0.0,-1.0654292975856094,-0.04934255649520125,-0.08420774572056544,1.0654292975856094
373.0,0.0,0.0,0.00036919559901641823,-10.561329006278319,-10.74984201587001,0.07383911980328364,3.0,0.0,-10.707503231008968,0.04,0.0,False,0.004872477392477471,0.0037690136952250918,0.24362490555945898,0.04252192476461086,4.252192476461086e-06,4.2521924764610866e-06,7.384037571054202e-05,0.0,0.21139148048848533,0.18851300959169137,0.14617422473064856,0.21139148048848533
374.0,0.0,0.0,-0.02180038703920792,-10.841412994126891,-10.830146950709462,-4.360077407841584,3.0,0.0,-10.769028452282102,-0.03,0.0,False,0.004941777326022575,0.02180038703920792,0.247089916970547,0.04252192476461086,4.252192476461086e-06,4.2521924764610866e-06,-0.004360151567079642,0.0,-0.28008398784857214,-0.011266043417428762,-0.07238454184478904,0.28008398784857214
375.0,0.0,0.0,0.0010153835780707327,-10.369650549589196,-10.88543130611957,0.20307671561414656,3.0,0.0,-10.779337511642487,0.08,0.0,False,0.005090505107651866,0.0041719185900547205,0.2545263376729693,0.04252192476461086,4.252192476461086e-06,4.2521924764610866e-06,0.00020308016968458812,0.0,0.47176244453769556,0.5157807565303738,0.409686962053291,0.47176244453769556
376.0,0.0,0.0,-0.0517785805886235,-11.376995895030007,-10.90609019388606,-10.3557161177247,3.0,0.0,-10.831258942465864,-0.04,0.0,False,0.005382370163959176,0.0517785805886235,0.2691196525416546,0.04252192476461086,4.252192476461086e-06,4.2521924764610866e-06,-0.010355892254968378,0.0,-1.007345345440811,-0.4709057011439466,-0.5457369525641429,1.007345345440811
377.0,0.0,0.0,0.05169148924766606,-10.935504318931825,-10.709757863645985,10.338297849533213,3.0,0.0,-10.887447364099971,-0.06,0.0,False,0.005495453084316157,0.05169148924766606,0.2747738226020208,0.04252192476461086,4.252192476461086e-06,4.2521924764610866e-06,0.010338473690514834,0.0,0.4414915760981817,-0.22574645528584014,-0.04805695483185346,0.4414915760981817
378.0,0.0,0.0,0.000965374096912037,-10.773822488658121,-11.048164948525173,0.1930748193824074,3.0,0.0,-10.860070012445263,0.11,0.0,False,0.005224815007004196,0.004278189065539574,0.26124186119616294,0.04252192476461086,4.252192476461086e-06,4.2521924764610866e-06,0.00019307810333362072,0.0,0.16168183027370375,0.27434245986705186,0.08624752378714184,0.16168183027370375
379.0,0.0,0.0,-0.019069011450357568,-11.049556789902855,-11.055154175176176,-3.8138022900715134,3.0,0.0,-10.925850372714882,0.13,0.0,False,0.005124992475994039,0.019069011450357568,0.25625071342242434,0.04252192476461086,4.252192476461086e-06,4.2521924764610866e-06,-0.0038138671578812977,0.0,-0.27573430124473397,0.005597385273320654,-0.12370641718797337,0.27573430124473397
380.0,0.0,0.0,0.005252561810842912,-11.117143090115407,-11.176078981009859,1.0505123621685823,3.0,0.0,-10.964516657417049,0.04,0.0,False,0.005197539308766657,0.006163052160155494,0.25987807048521006,0.04252192476461086,4.252192476461086e-06,4.2521924764610866e-06,0.0010505302300156552,0.0,-0.06758630021255208,0.058935890894451504,-0.15262643269835863,0.06758630021255208
381.0,0.0,0.0,0.0028431006497147983,-10.716594825522764,-11.267503993093513,0.5686201299429596,3.0,0.0,-10.997030055049235,0.3,0.0,False,0.004994591516003584,0.004641190595052903,0.24973063769840254,0.04252192476461086,4.252192476461086e-06,4.2521924764610866e-06,0.0005686298014307881,0.0,0.4005482645926435,0.5509091675707491,0.2804352295264714,0.4005482645926435
382.0,0.0,0.0,-0.04540790082563925,-10.800209439218433,-11.290069377347292,-9.08158016512785,3.0,0.0,-11.088711479147701,0.22,0.0,False,0.0051743554397051415,0.04540790082563925,0.25871887210302064,0.04252192476461086,4.252192476461086e-06,4.2521924764610866e-06,-0.009081734630978432,0.0,-0.08361461369566925,0.4898599381288591,0.28850203992926815,0.08361461369566925
383.0,0.0,0.0,-0.04141276903296172,-10.76448435168024,-11.353660935015652,-8.282553806592343,3.0,0.0,-11.170683487935868,0.03,0.0,False,0.005149829702737471,0.04141276903296172,0.25749258004022935,0.04252192476461086,4.252192476461086e-06,4.2521924764610866e-06,-0.008282694682045235,0.0,0.03572508753819292,0.5891765833354121,0.4061991362556281,0.03572508753819292
384.0,0.0,0.0,-0.04968433606964351,-9.97723407495494,-11.36768226859204,-9.936867213928702,3.0,0.0,-11.214345934301296,0.14,0.0,False,0.0049558940408635024,0.0496843360696435,0.24779575571394283,0.04252192476461086,4.252192476461086e-06,4.2521924764610866e-06,-0.009937036227098043,0.0,0.7872502767253007,1.3904481936371003,1.2371118593463564,0.7872502767253007
385.0,0.0,0.0,-0.13001941389025182,-10.383632818429518,-11.32737158862618,-26.00388277805036,3.0,0.0,-11.261338275744677,-0.11,0.0,False,0.005047426457100977,0.13001941389025182,0.2523723959864892,0.04252192476461086,4.252192476461086e-06,4.2521924764610866e-06,-0.026004325070228457,0.0,-0.40639874347457905,0.9437387701966617,0.8777054573151588,0.40639874347457905
386.0,0.0,0.0,-0.09313016430696401,-10.238310810352147,-11.259861188347493,-18.6260328613928,3.0,0.0,-11.277455857236133,0.02,0.0,False,0.004893716059157907,0.09313016430696401,0.24468684340902577,0.04252192476461086,4.252192476461086e-06,4.2521924764610866e-06,-0.01862634966595287,0.0,0.14532200807737183,1.0215503779953465,1.039145046883986,0.14532200807737183
387.0,0.0,0.0,-0.10739951243029697,-10.205768554166838,-11.32845274047589,-21.479902486059395,3.0,0.0,-11.314954261868357,0.1,0.0,False,0.004878066882102006,0.10739951243029697,0.24390438122906508,0.04252192476461086,4.252192476461086e-06,4.2521924764610866e-06,-0.021480267831224843,0.0,0.032542256185308815,1.122684186309053,1.1091857077015188,0.032542256185308815
388.0,0.0,0.0,-0.11830003814994453,-10.843900372563722,-11.521634639183446,-23.660007629988904,3.0,0.0,-11.312328768825052,0.13,0.0,False,0.004950776840416389,0.11830003814994453,0.24753989460362102,0.04252192476461086,4.252192476461086e-06,4.2521924764610866e-06,-0.02366041005590344,0.0,-0.638131818396884,0.6777342666197246,0.4684283962613307,0.638131818396884
389.0,0.0,0.0,-0.058964879795957784,-11.479250653922994,-11.43456246969022,-11.792975959191557,3.0,0.0,-11.388794087392892,0.09,0.0,False,0.004726520719102228,0.05896487979595779,0.23632704085890344,0.04252192476461086,4.252192476461086e-06,4.2521924764610866e-06,-0.011793176542353224,0.0,-0.6353502813592726,-0.044688184232773764,-0.09045656653010248,0.6353502813592726
390.0,0.0,0.0,0.0033574536921444713,-11.220832551501772,-11.543625619797488,0.6714907384288943,3.0,0.0,-11.433561707024213,0.16,0.0,False,0.004332769064189196,0.004429047646470651,0.21663937439786063,0.04252192476461086,4.252192476461086e-06,4.2521924764610866e-06,0.0006715021596117925,0.0,0.25841810242122243,0.3227930682957165,0.21272915552244065,0.25841810242122243
391.0,0.0,0.0,-0.030859230381230708,-10.847291685242812,-11.650925527870543,-6.171846076246141,3.0,0.0,-11.445675403174583,0.2,0.0,False,0.004595682611646274,0.0308592303812307,0.22978510766866495,0.04252192476461086,4.252192476461086e-06,4.2521924764610866e-06,-0.006171951051309566,0.0,0.3735408662589599,0.8036338426277307,0.598383717931771,0.3735408662589599
392.0,0.0,0.0,-0.07896757237931219,-9.78041250654415,-11.836212360860072,-15.793514475862438,3.0,0.0,-11.529431416283442,0.38,0.0,False,0.004884479274173316,0.07896757237931219,0.2442250021959668,0.04252192476461086,4.252192476461086e-06,4.2521924764610866e-06,-0.015793783102973896,0.0,1.0668791786986613,2.0557998543159215,1.7490189097392914,1.0668791786986613
393.0,0.0,0.0,-0.189938748749082,-9.393357447383647,-11.961116811364148,-37.9877497498164,3.0,0.0,-11.636984198301791,0.11,0.0,False,0.005140307463767452,0.189938748749082,0.2570164660672088,0.04252192476461086,4.252192476461086e-06,4.2521924764610866e-06,-0.03798839587196367,0.0,0.3870550591605042,2.5677593639805014,2.2436267509181445,0.3870550591605042
394.0,0.0,0.0,-0.2431207075102256,-10.068505700324803,-12.156520553314476,-48.62414150204512,3.0,0.0,-11.67984037684089,0.51,0.0,False,0.005271125238834035,0.2431207075102256,0.2635573826336558,0.04252192476461086,4.252192476461086e-06,4.2521924764610866e-06,-0.04862496853536305,0.0,-0.6751482529411561,2.088014852989673,1.611334676516087,0.6751482529411561
395.0,0.0,0.0,-0.1840526284737383,-11.28549728619914,-12.170442147520042,-36.81052569474766,3.0,0.0,-11.824616212288067,0.29,0.0,False,0.004927139701271597,0.1840526284737383,0.24635803262089825,0.04252192476461086,4.252192476461086e-06,4.2521924764610866e-06,-0.03681115179384699,0.0,-1.2169915858743376,0.8849448613209017,0.5391189260889266,1.2169915858743376
396.0,0.0,0.0,-0.06807780173220097,-10.92098228585559,-12.140785821610052,-13.615560346440194,3.0,0.0,-11.909071116422288,0.27,0.0,False,0.005025666528890711,0.06807780173220097,0.25128439494960564,0.04252192476461086,4.252192476461086e-06,4.2521924764610866e-06,-0.01361579192938852,0.0,0.36451500034355,1.2198035357544619,0.9880888305666975,0.36451500034355
397.0,0.0,0.0,-0.1114915223491999,-10.769427553321135,-12.122782629168718,-22.29830446983998,3.0,0.0,-11.966289777516966,0.19,0.0,False,0.0051147499341777265,0.11149152234919989,0.25573858415394574,0.04252192476461086,4.252192476461086e-06,4.2521924764610866e-06,-0.02229868373495727,0.0,0.15155473253445528,1.353355075847583,1.196862224195831,0.15155473253445528
398.0,0.0,0.0,-0.13050413806924682,-9.943699498105524,-12.180021913088057,-26.100827613849365,3.0,0.0,-12.035921213518213,0.02,0.0,False,0.005289117318807912,0.1305041380692468,0.26445699045763904,0.04252192476461086,4.252192476461086e-06,4.2521924764610866e-06,-0.026101271554932855,0.0,0.8257280552156114,2.236322414982533,2.0922217154126894,0.8257280552156114
399.0,0.0,0.0,-0.21672767466622478,-10.322072823195269,-12.079384438316543,-43.345534933244956,3.0,0.0,-12.074496680449304,-0.07,0.0,False,0.005344338111366071,0.21672767466622478,0.26721804182601894,0.04252192476461086,4.252192476461086e-06,4.2521924764610866e-06,-0.043346272184340104,0.0,-0.3783733250897452,1.7573116151212744,1.7524238572540352,0.3783733250897452
